solid OpenSCAD_Model
  facet normal 0.471389 -0.881926 0
    outer loop
      vertex 6.63433 -13.4531 0
      vertex 7.5 -12.9904 6
      vertex 6.63433 -13.4531 6
    endloop
  endfacet
  facet normal 0.471389 -0.881926 0
    outer loop
      vertex 7.5 -12.9904 6
      vertex 6.63433 -13.4531 0
      vertex 7.5 -12.9904 0
    endloop
  endfacet
  facet normal 0.999465 -0.0327026 0
    outer loop
      vertex 14.9679 -0.981047 6
      vertex 15 0 0
      vertex 15 0 6
    endloop
  endfacet
  facet normal 0.999465 -0.0327026 0
    outer loop
      vertex 15 0 0
      vertex 14.9679 -0.981047 6
      vertex 14.9679 -0.981047 0
    endloop
  endfacet
  facet normal 0.995186 0.0980064 0
    outer loop
      vertex 14.9679 0.981047 6
      vertex 14.8717 1.95789 0
      vertex 14.8717 1.95789 6
    endloop
  endfacet
  facet normal 0.995186 0.0980064 0
    outer loop
      vertex 14.8717 1.95789 0
      vertex 14.9679 0.981047 6
      vertex 14.9679 0.981047 0
    endloop
  endfacet
  facet normal 0.999465 0.0327026 0
    outer loop
      vertex 15 0 6
      vertex 14.9679 0.981047 0
      vertex 14.9679 0.981047 6
    endloop
  endfacet
  facet normal 0.999465 0.0327026 0
    outer loop
      vertex 14.9679 0.981047 0
      vertex 15 0 6
      vertex 15 0 0
    endloop
  endfacet
  facet normal 0.412705 -0.910865 0
    outer loop
      vertex 5.74025 -13.8582 0
      vertex 6.63433 -13.4531 6
      vertex 5.74025 -13.8582 6
    endloop
  endfacet
  facet normal 0.412705 -0.910865 0
    outer loop
      vertex 6.63433 -13.4531 6
      vertex 5.74025 -13.8582 0
      vertex 6.63433 -13.4531 0
    endloop
  endfacet
  facet normal -0.935892 -0.352287 0
    outer loop
      vertex -13.8582 -5.74025 0
      vertex -14.204 -4.82159 6
      vertex -14.204 -4.82159 0
    endloop
  endfacet
  facet normal -0.935892 -0.352287 0
    outer loop
      vertex -14.204 -4.82159 6
      vertex -13.8582 -5.74025 0
      vertex -13.8582 -5.74025 6
    endloop
  endfacet
  facet normal 0.290253 -0.95695 0
    outer loop
      vertex 3.88229 -14.4889 0
      vertex 4.82159 -14.204 6
      vertex 3.88229 -14.4889 6
    endloop
  endfacet
  facet normal 0.290253 -0.95695 0
    outer loop
      vertex 4.82159 -14.204 6
      vertex 3.88229 -14.4889 0
      vertex 4.82159 -14.204 0
    endloop
  endfacet
  facet normal 0.935892 -0.352287 0
    outer loop
      vertex 13.8582 -5.74025 6
      vertex 14.204 -4.82159 0
      vertex 14.204 -4.82159 6
    endloop
  endfacet
  facet normal 0.935892 -0.352287 0
    outer loop
      vertex 14.204 -4.82159 0
      vertex 13.8582 -5.74025 6
      vertex 13.8582 -5.74025 0
    endloop
  endfacet
  facet normal 0.0327026 -0.999465 0
    outer loop
      vertex 0 -15 0
      vertex 0.981047 -14.9679 6
      vertex 0 -15 6
    endloop
  endfacet
  facet normal 0.0327026 -0.999465 0
    outer loop
      vertex 0.981047 -14.9679 6
      vertex 0 -15 0
      vertex 0.981047 -14.9679 0
    endloop
  endfacet
  facet normal 0.162902 -0.986642 0
    outer loop
      vertex 1.95789 -14.8717 0
      vertex 2.92635 -14.7118 6
      vertex 1.95789 -14.8717 6
    endloop
  endfacet
  facet normal 0.162902 -0.986642 0
    outer loop
      vertex 2.92635 -14.7118 6
      vertex 1.95789 -14.8717 0
      vertex 2.92635 -14.7118 0
    endloop
  endfacet
  facet normal -0.935892 0.352287 0
    outer loop
      vertex -14.204 4.82159 0
      vertex -13.8582 5.74025 6
      vertex -13.8582 5.74025 0
    endloop
  endfacet
  facet normal -0.935892 0.352287 0
    outer loop
      vertex -13.8582 5.74025 6
      vertex -14.204 4.82159 0
      vertex -14.204 4.82159 6
    endloop
  endfacet
  facet normal -0.634389 -0.773014 0
    outer loop
      vertex -9.89019 -11.2776 0
      vertex -9.13142 -11.9003 6
      vertex -9.89019 -11.2776 6
    endloop
  endfacet
  facet normal -0.634389 -0.773014 -0
    outer loop
      vertex -9.13142 -11.9003 6
      vertex -9.89019 -11.2776 0
      vertex -9.13142 -11.9003 0
    endloop
  endfacet
  facet normal 0.582447 0.812869 -0
    outer loop
      vertex 9.13142 11.9003 0
      vertex 8.33355 12.472 6
      vertex 9.13142 11.9003 6
    endloop
  endfacet
  facet normal 0.582447 0.812869 0
    outer loop
      vertex 8.33355 12.472 6
      vertex 9.13142 11.9003 0
      vertex 8.33355 12.472 0
    endloop
  endfacet
  facet normal -0.582447 -0.812869 0
    outer loop
      vertex -9.13142 -11.9003 0
      vertex -8.33355 -12.472 6
      vertex -9.13142 -11.9003 6
    endloop
  endfacet
  facet normal -0.582447 -0.812869 -0
    outer loop
      vertex -8.33355 -12.472 6
      vertex -9.13142 -11.9003 0
      vertex -8.33355 -12.472 0
    endloop
  endfacet
  facet normal -0.0980064 -0.995186 0
    outer loop
      vertex -1.95789 -14.8717 0
      vertex -0.981047 -14.9679 6
      vertex -1.95789 -14.8717 6
    endloop
  endfacet
  facet normal -0.0980064 -0.995186 -0
    outer loop
      vertex -0.981047 -14.9679 6
      vertex -1.95789 -14.8717 0
      vertex -0.981047 -14.9679 0
    endloop
  endfacet
  facet normal -0.72986 0.683597 0
    outer loop
      vertex -11.2776 9.89019 0
      vertex -10.6066 10.6066 6
      vertex -10.6066 10.6066 0
    endloop
  endfacet
  facet normal -0.72986 0.683597 0
    outer loop
      vertex -10.6066 10.6066 6
      vertex -11.2776 9.89019 0
      vertex -11.2776 9.89019 6
    endloop
  endfacet
  facet normal 0.412705 0.910865 -0
    outer loop
      vertex 6.63433 13.4531 0
      vertex 5.74025 13.8582 6
      vertex 6.63433 13.4531 6
    endloop
  endfacet
  facet normal 0.412705 0.910865 0
    outer loop
      vertex 5.74025 13.8582 6
      vertex 6.63433 13.4531 0
      vertex 5.74025 13.8582 0
    endloop
  endfacet
  facet normal -0.352287 0.935892 0
    outer loop
      vertex -4.82159 14.204 0
      vertex -5.74025 13.8582 6
      vertex -4.82159 14.204 6
    endloop
  endfacet
  facet normal -0.352287 0.935892 0
    outer loop
      vertex -5.74025 13.8582 6
      vertex -4.82159 14.204 0
      vertex -5.74025 13.8582 0
    endloop
  endfacet
  facet normal -0.849172 -0.528116 0
    outer loop
      vertex -12.472 -8.33355 0
      vertex -12.9904 -7.5 6
      vertex -12.9904 -7.5 0
    endloop
  endfacet
  facet normal -0.849172 -0.528116 0
    outer loop
      vertex -12.9904 -7.5 6
      vertex -12.472 -8.33355 0
      vertex -12.472 -8.33355 6
    endloop
  endfacet
  facet normal -0.227082 0.973876 0
    outer loop
      vertex -2.92635 14.7118 0
      vertex -3.88229 14.4889 6
      vertex -2.92635 14.7118 6
    endloop
  endfacet
  facet normal -0.227082 0.973876 0
    outer loop
      vertex -3.88229 14.4889 6
      vertex -2.92635 14.7118 0
      vertex -3.88229 14.4889 0
    endloop
  endfacet
  facet normal -0.95695 0.290253 0
    outer loop
      vertex -14.4889 3.88229 0
      vertex -14.204 4.82159 6
      vertex -14.204 4.82159 0
    endloop
  endfacet
  facet normal -0.95695 0.290253 0
    outer loop
      vertex -14.204 4.82159 6
      vertex -14.4889 3.88229 0
      vertex -14.4889 3.88229 6
    endloop
  endfacet
  facet normal 0.528116 -0.849172 0
    outer loop
      vertex 7.5 -12.9904 0
      vertex 8.33355 -12.472 6
      vertex 7.5 -12.9904 6
    endloop
  endfacet
  facet normal 0.528116 -0.849172 0
    outer loop
      vertex 8.33355 -12.472 6
      vertex 7.5 -12.9904 0
      vertex 8.33355 -12.472 0
    endloop
  endfacet
  facet normal -0.910865 -0.412705 0
    outer loop
      vertex -13.4531 -6.63433 0
      vertex -13.8582 -5.74025 6
      vertex -13.8582 -5.74025 0
    endloop
  endfacet
  facet normal -0.910865 -0.412705 0
    outer loop
      vertex -13.8582 -5.74025 6
      vertex -13.4531 -6.63433 0
      vertex -13.4531 -6.63433 6
    endloop
  endfacet
  facet normal 0.634389 0.773014 -0
    outer loop
      vertex 9.89019 11.2776 0
      vertex 9.13142 11.9003 6
      vertex 9.89019 11.2776 6
    endloop
  endfacet
  facet normal 0.634389 0.773014 0
    outer loop
      vertex 9.13142 11.9003 6
      vertex 9.89019 11.2776 0
      vertex 9.13142 11.9003 0
    endloop
  endfacet
  facet normal 0.849172 0.528116 0
    outer loop
      vertex 12.9904 7.5 6
      vertex 12.472 8.33355 0
      vertex 12.472 8.33355 6
    endloop
  endfacet
  facet normal 0.849172 0.528116 0
    outer loop
      vertex 12.472 8.33355 0
      vertex 12.9904 7.5 6
      vertex 12.9904 7.5 0
    endloop
  endfacet
  facet normal 0.986642 0.162902 0
    outer loop
      vertex 14.8717 1.95789 6
      vertex 14.7118 2.92635 0
      vertex 14.7118 2.92635 6
    endloop
  endfacet
  facet normal 0.986642 0.162902 0
    outer loop
      vertex 14.7118 2.92635 0
      vertex 14.8717 1.95789 6
      vertex 14.8717 1.95789 0
    endloop
  endfacet
  facet normal -0.162902 0.986642 0
    outer loop
      vertex -1.95789 14.8717 0
      vertex -2.92635 14.7118 6
      vertex -1.95789 14.8717 6
    endloop
  endfacet
  facet normal -0.162902 0.986642 0
    outer loop
      vertex -2.92635 14.7118 6
      vertex -1.95789 14.8717 0
      vertex -2.92635 14.7118 0
    endloop
  endfacet
  facet normal 0.683597 -0.72986 0
    outer loop
      vertex 9.89019 -11.2776 0
      vertex 10.6066 -10.6066 6
      vertex 9.89019 -11.2776 6
    endloop
  endfacet
  facet normal 0.683597 -0.72986 0
    outer loop
      vertex 10.6066 -10.6066 6
      vertex 9.89019 -11.2776 0
      vertex 10.6066 -10.6066 0
    endloop
  endfacet
  facet normal 0.227082 -0.973876 0
    outer loop
      vertex 2.92635 -14.7118 0
      vertex 3.88229 -14.4889 6
      vertex 2.92635 -14.7118 6
    endloop
  endfacet
  facet normal 0.227082 -0.973876 0
    outer loop
      vertex 3.88229 -14.4889 6
      vertex 2.92635 -14.7118 0
      vertex 3.88229 -14.4889 0
    endloop
  endfacet
  facet normal 0.986642 -0.162902 0
    outer loop
      vertex 14.7118 -2.92635 6
      vertex 14.8717 -1.95789 0
      vertex 14.8717 -1.95789 6
    endloop
  endfacet
  facet normal 0.986642 -0.162902 0
    outer loop
      vertex 14.8717 -1.95789 0
      vertex 14.7118 -2.92635 6
      vertex 14.7118 -2.92635 0
    endloop
  endfacet
  facet normal 0.471389 0.881926 -0
    outer loop
      vertex 7.5 12.9904 0
      vertex 6.63433 13.4531 6
      vertex 7.5 12.9904 6
    endloop
  endfacet
  facet normal 0.471389 0.881926 0
    outer loop
      vertex 6.63433 13.4531 6
      vertex 7.5 12.9904 0
      vertex 6.63433 13.4531 0
    endloop
  endfacet
  facet normal -0.0327026 -0.999465 0
    outer loop
      vertex -0.981047 -14.9679 0
      vertex 0 -15 6
      vertex -0.981047 -14.9679 6
    endloop
  endfacet
  facet normal -0.0327026 -0.999465 -0
    outer loop
      vertex 0 -15 6
      vertex -0.981047 -14.9679 0
      vertex 0 -15 0
    endloop
  endfacet
  facet normal -0.683597 -0.72986 0
    outer loop
      vertex -10.6066 -10.6066 0
      vertex -9.89019 -11.2776 6
      vertex -10.6066 -10.6066 6
    endloop
  endfacet
  facet normal -0.683597 -0.72986 -0
    outer loop
      vertex -9.89019 -11.2776 6
      vertex -10.6066 -10.6066 0
      vertex -9.89019 -11.2776 0
    endloop
  endfacet
  facet normal 0.995186 -0.0980064 0
    outer loop
      vertex 14.8717 -1.95789 6
      vertex 14.9679 -0.981047 0
      vertex 14.9679 -0.981047 6
    endloop
  endfacet
  facet normal 0.995186 -0.0980064 0
    outer loop
      vertex 14.9679 -0.981047 0
      vertex 14.8717 -1.95789 6
      vertex 14.8717 -1.95789 0
    endloop
  endfacet
  facet normal 0.95695 0.290253 0
    outer loop
      vertex 14.4889 3.88229 6
      vertex 14.204 4.82159 0
      vertex 14.204 4.82159 6
    endloop
  endfacet
  facet normal 0.95695 0.290253 0
    outer loop
      vertex 14.204 4.82159 0
      vertex 14.4889 3.88229 6
      vertex 14.4889 3.88229 0
    endloop
  endfacet
  facet normal 0.812869 -0.582447 0
    outer loop
      vertex 11.9003 -9.13142 6
      vertex 12.472 -8.33355 0
      vertex 12.472 -8.33355 6
    endloop
  endfacet
  facet normal 0.812869 -0.582447 0
    outer loop
      vertex 12.472 -8.33355 0
      vertex 11.9003 -9.13142 6
      vertex 11.9003 -9.13142 0
    endloop
  endfacet
  facet normal -0.995186 0.0980064 0
    outer loop
      vertex -14.9679 0.981047 0
      vertex -14.8717 1.95789 6
      vertex -14.8717 1.95789 0
    endloop
  endfacet
  facet normal -0.995186 0.0980064 0
    outer loop
      vertex -14.8717 1.95789 6
      vertex -14.9679 0.981047 0
      vertex -14.9679 0.981047 6
    endloop
  endfacet
  facet normal 0.935892 0.352287 0
    outer loop
      vertex 14.204 4.82159 6
      vertex 13.8582 5.74025 0
      vertex 13.8582 5.74025 6
    endloop
  endfacet
  facet normal 0.935892 0.352287 0
    outer loop
      vertex 13.8582 5.74025 0
      vertex 14.204 4.82159 6
      vertex 14.204 4.82159 0
    endloop
  endfacet
  facet normal 0.683597 0.72986 -0
    outer loop
      vertex 10.6066 10.6066 0
      vertex 9.89019 11.2776 6
      vertex 10.6066 10.6066 6
    endloop
  endfacet
  facet normal 0.683597 0.72986 0
    outer loop
      vertex 9.89019 11.2776 6
      vertex 10.6066 10.6066 0
      vertex 9.89019 11.2776 0
    endloop
  endfacet
  facet normal -0.412705 0.910865 0
    outer loop
      vertex -5.74025 13.8582 0
      vertex -6.63433 13.4531 6
      vertex -5.74025 13.8582 6
    endloop
  endfacet
  facet normal -0.412705 0.910865 0
    outer loop
      vertex -6.63433 13.4531 6
      vertex -5.74025 13.8582 0
      vertex -6.63433 13.4531 0
    endloop
  endfacet
  facet normal -0.582447 0.812869 0
    outer loop
      vertex -8.33355 12.472 0
      vertex -9.13142 11.9003 6
      vertex -8.33355 12.472 6
    endloop
  endfacet
  facet normal -0.582447 0.812869 0
    outer loop
      vertex -9.13142 11.9003 6
      vertex -8.33355 12.472 0
      vertex -9.13142 11.9003 0
    endloop
  endfacet
  facet normal 0.95695 -0.290253 0
    outer loop
      vertex 14.204 -4.82159 6
      vertex 14.4889 -3.88229 0
      vertex 14.4889 -3.88229 6
    endloop
  endfacet
  facet normal 0.95695 -0.290253 0
    outer loop
      vertex 14.4889 -3.88229 0
      vertex 14.204 -4.82159 6
      vertex 14.204 -4.82159 0
    endloop
  endfacet
  facet normal 0.634389 -0.773014 0
    outer loop
      vertex 9.13142 -11.9003 0
      vertex 9.89019 -11.2776 6
      vertex 9.13142 -11.9003 6
    endloop
  endfacet
  facet normal 0.634389 -0.773014 0
    outer loop
      vertex 9.89019 -11.2776 6
      vertex 9.13142 -11.9003 0
      vertex 9.89019 -11.2776 0
    endloop
  endfacet
  facet normal 0.162902 0.986642 -0
    outer loop
      vertex 2.92635 14.7118 0
      vertex 1.95789 14.8717 6
      vertex 2.92635 14.7118 6
    endloop
  endfacet
  facet normal 0.162902 0.986642 0
    outer loop
      vertex 1.95789 14.8717 6
      vertex 2.92635 14.7118 0
      vertex 1.95789 14.8717 0
    endloop
  endfacet
  facet normal 0.910865 0.412705 0
    outer loop
      vertex 13.8582 5.74025 6
      vertex 13.4531 6.63433 0
      vertex 13.4531 6.63433 6
    endloop
  endfacet
  facet normal 0.910865 0.412705 0
    outer loop
      vertex 13.4531 6.63433 0
      vertex 13.8582 5.74025 6
      vertex 13.8582 5.74025 0
    endloop
  endfacet
  facet normal -0.471389 -0.881926 0
    outer loop
      vertex -7.5 -12.9904 0
      vertex -6.63433 -13.4531 6
      vertex -7.5 -12.9904 6
    endloop
  endfacet
  facet normal -0.471389 -0.881926 -0
    outer loop
      vertex -6.63433 -13.4531 6
      vertex -7.5 -12.9904 0
      vertex -6.63433 -13.4531 0
    endloop
  endfacet
  facet normal -0.986642 -0.162902 0
    outer loop
      vertex -14.7118 -2.92635 0
      vertex -14.8717 -1.95789 6
      vertex -14.8717 -1.95789 0
    endloop
  endfacet
  facet normal -0.986642 -0.162902 0
    outer loop
      vertex -14.8717 -1.95789 6
      vertex -14.7118 -2.92635 0
      vertex -14.7118 -2.92635 6
    endloop
  endfacet
  facet normal 0.881926 0.471389 0
    outer loop
      vertex 13.4531 6.63433 6
      vertex 12.9904 7.5 0
      vertex 12.9904 7.5 6
    endloop
  endfacet
  facet normal 0.881926 0.471389 0
    outer loop
      vertex 12.9904 7.5 0
      vertex 13.4531 6.63433 6
      vertex 13.4531 6.63433 0
    endloop
  endfacet
  facet normal -0.881926 -0.471389 0
    outer loop
      vertex -12.9904 -7.5 0
      vertex -13.4531 -6.63433 6
      vertex -13.4531 -6.63433 0
    endloop
  endfacet
  facet normal -0.881926 -0.471389 0
    outer loop
      vertex -13.4531 -6.63433 6
      vertex -12.9904 -7.5 0
      vertex -12.9904 -7.5 6
    endloop
  endfacet
  facet normal -0.162902 -0.986642 0
    outer loop
      vertex -2.92635 -14.7118 0
      vertex -1.95789 -14.8717 6
      vertex -2.92635 -14.7118 6
    endloop
  endfacet
  facet normal -0.162902 -0.986642 -0
    outer loop
      vertex -1.95789 -14.8717 6
      vertex -2.92635 -14.7118 0
      vertex -1.95789 -14.8717 0
    endloop
  endfacet
  facet normal -0.634389 0.773014 0
    outer loop
      vertex -9.13142 11.9003 0
      vertex -9.89019 11.2776 6
      vertex -9.13142 11.9003 6
    endloop
  endfacet
  facet normal -0.634389 0.773014 0
    outer loop
      vertex -9.89019 11.2776 6
      vertex -9.13142 11.9003 0
      vertex -9.89019 11.2776 0
    endloop
  endfacet
  facet normal 0.72986 -0.683597 0
    outer loop
      vertex 10.6066 -10.6066 6
      vertex 11.2776 -9.89019 0
      vertex 11.2776 -9.89019 6
    endloop
  endfacet
  facet normal 0.72986 -0.683597 0
    outer loop
      vertex 11.2776 -9.89019 0
      vertex 10.6066 -10.6066 6
      vertex 10.6066 -10.6066 0
    endloop
  endfacet
  facet normal 0.352287 0.935892 -0
    outer loop
      vertex 5.74025 13.8582 0
      vertex 4.82159 14.204 6
      vertex 5.74025 13.8582 6
    endloop
  endfacet
  facet normal 0.352287 0.935892 0
    outer loop
      vertex 4.82159 14.204 6
      vertex 5.74025 13.8582 0
      vertex 4.82159 14.204 0
    endloop
  endfacet
  facet normal 0.812869 0.582447 0
    outer loop
      vertex 12.472 8.33355 6
      vertex 11.9003 9.13142 0
      vertex 11.9003 9.13142 6
    endloop
  endfacet
  facet normal 0.812869 0.582447 0
    outer loop
      vertex 11.9003 9.13142 0
      vertex 12.472 8.33355 6
      vertex 12.472 8.33355 0
    endloop
  endfacet
  facet normal 0.773014 -0.634389 0
    outer loop
      vertex 11.2776 -9.89019 6
      vertex 11.9003 -9.13142 0
      vertex 11.9003 -9.13142 6
    endloop
  endfacet
  facet normal 0.773014 -0.634389 0
    outer loop
      vertex 11.9003 -9.13142 0
      vertex 11.2776 -9.89019 6
      vertex 11.2776 -9.89019 0
    endloop
  endfacet
  facet normal 0.881926 -0.471389 0
    outer loop
      vertex 12.9904 -7.5 6
      vertex 13.4531 -6.63433 0
      vertex 13.4531 -6.63433 6
    endloop
  endfacet
  facet normal 0.881926 -0.471389 0
    outer loop
      vertex 13.4531 -6.63433 0
      vertex 12.9904 -7.5 6
      vertex 12.9904 -7.5 0
    endloop
  endfacet
  facet normal -0.812869 -0.582447 0
    outer loop
      vertex -11.9003 -9.13142 0
      vertex -12.472 -8.33355 6
      vertex -12.472 -8.33355 0
    endloop
  endfacet
  facet normal -0.812869 -0.582447 0
    outer loop
      vertex -12.472 -8.33355 6
      vertex -11.9003 -9.13142 0
      vertex -11.9003 -9.13142 6
    endloop
  endfacet
  facet normal 0 0 -1
    outer loop
      vertex 10.1614 0 0
      vertex 15 0 0
      vertex 14.9679 -0.981047 0
    endloop
  endfacet
  facet normal 0 0 -1
    outer loop
      vertex 10.1614 0 0
      vertex 14.9679 -0.981047 0
      vertex 14.8717 -1.95789 0
    endloop
  endfacet
  facet normal 0 0 -1
    outer loop
      vertex 15 0 0
      vertex 10.1614 0 0
      vertex 14.9679 0.981047 0
    endloop
  endfacet
  facet normal 0 0 -1
    outer loop
      vertex 10.1614 0 0
      vertex 14.8717 -1.95789 0
      vertex 14.7118 -2.92635 0
    endloop
  endfacet
  facet normal -0 0 -1
    outer loop
      vertex 14.9679 0.981047 0
      vertex 10.1614 0 0
      vertex 14.8717 1.95789 0
    endloop
  endfacet
  facet normal 0 0 -1
    outer loop
      vertex 10.1614 0 0
      vertex 14.7118 -2.92635 0
      vertex 14.4889 -3.88229 0
    endloop
  endfacet
  facet normal -0 0 -1
    outer loop
      vertex 14.8717 1.95789 0
      vertex 10.1614 0 0
      vertex 14.7118 2.92635 0
    endloop
  endfacet
  facet normal 0 0 -1
    outer loop
      vertex 10.1614 0 0
      vertex 14.4889 -3.88229 0
      vertex 14.204 -4.82159 0
    endloop
  endfacet
  facet normal -0 0 -1
    outer loop
      vertex 14.7118 2.92635 0
      vertex 10.1614 0 0
      vertex 14.4889 3.88229 0
    endloop
  endfacet
  facet normal 0 0 -1
    outer loop
      vertex 10.1614 0 0
      vertex 14.204 -4.82159 0
      vertex 13.8582 -5.74025 0
    endloop
  endfacet
  facet normal -0 0 -1
    outer loop
      vertex 14.4889 3.88229 0
      vertex 10.1614 0 0
      vertex 14.204 4.82159 0
    endloop
  endfacet
  facet normal 0 0 -1
    outer loop
      vertex 10.1614 0 0
      vertex 13.8582 -5.74025 0
      vertex 13.4531 -6.63433 0
    endloop
  endfacet
  facet normal -0 0 -1
    outer loop
      vertex 14.204 4.82159 0
      vertex 10.1614 0 0
      vertex 13.8582 5.74025 0
    endloop
  endfacet
  facet normal 0 0 -1
    outer loop
      vertex 10.1614 0 0
      vertex 13.4531 -6.63433 0
      vertex 12.9904 -7.5 0
    endloop
  endfacet
  facet normal -0 0 -1
    outer loop
      vertex 13.8582 5.74025 0
      vertex 10.1614 0 0
      vertex 13.4531 6.63433 0
    endloop
  endfacet
  facet normal 0 0 -1
    outer loop
      vertex 5.08068 -8.8 0
      vertex 12.9904 -7.5 0
      vertex 12.472 -8.33355 0
    endloop
  endfacet
  facet normal -0 0 -1
    outer loop
      vertex 13.4531 6.63433 0
      vertex 10.1614 0 0
      vertex 12.9904 7.5 0
    endloop
  endfacet
  facet normal 0 0 -1
    outer loop
      vertex 5.08068 -8.8 0
      vertex 12.472 -8.33355 0
      vertex 11.9003 -9.13142 0
    endloop
  endfacet
  facet normal 0 0 -1
    outer loop
      vertex 5.08068 8.8 0
      vertex 12.9904 7.5 0
      vertex 10.1614 0 0
    endloop
  endfacet
  facet normal 0 0 -1
    outer loop
      vertex 5.08068 -8.8 0
      vertex 11.9003 -9.13142 0
      vertex 11.2776 -9.89019 0
    endloop
  endfacet
  facet normal 0 0 -1
    outer loop
      vertex 12.9904 7.5 0
      vertex 5.08068 8.8 0
      vertex 12.472 8.33355 0
    endloop
  endfacet
  facet normal 0 0 -1
    outer loop
      vertex 5.08068 -8.8 0
      vertex 11.2776 -9.89019 0
      vertex 10.6066 -10.6066 0
    endloop
  endfacet
  facet normal 0 0 -1
    outer loop
      vertex 12.472 8.33355 0
      vertex 5.08068 8.8 0
      vertex 11.9003 9.13142 0
    endloop
  endfacet
  facet normal -0 0 -1
    outer loop
      vertex 11.9003 9.13142 0
      vertex 5.08068 8.8 0
      vertex 11.2776 9.89019 0
    endloop
  endfacet
  facet normal 0 0 -1
    outer loop
      vertex 5.08068 -8.8 0
      vertex 10.6066 -10.6066 0
      vertex 9.89019 -11.2776 0
    endloop
  endfacet
  facet normal 0 0 -1
    outer loop
      vertex 5.08068 -8.8 0
      vertex 9.89019 -11.2776 0
      vertex 9.13142 -11.9003 0
    endloop
  endfacet
  facet normal 0 0 -1
    outer loop
      vertex 5.08068 -8.8 0
      vertex 9.13142 -11.9003 0
      vertex 8.33355 -12.472 0
    endloop
  endfacet
  facet normal 0 0 -1
    outer loop
      vertex 5.08068 -8.8 0
      vertex 8.33355 -12.472 0
      vertex 7.5 -12.9904 0
    endloop
  endfacet
  facet normal 0 0 -1
    outer loop
      vertex 5.08068 -8.8 0
      vertex 7.5 -12.9904 0
      vertex 6.63433 -13.4531 0
    endloop
  endfacet
  facet normal 0 0 -1
    outer loop
      vertex 5.08068 -8.8 0
      vertex 6.63433 -13.4531 0
      vertex 5.74025 -13.8582 0
    endloop
  endfacet
  facet normal -0 0 -1
    outer loop
      vertex 12.9904 -7.5 0
      vertex 5.08068 -8.8 0
      vertex 10.1614 0 0
    endloop
  endfacet
  facet normal 0 0 -1
    outer loop
      vertex 4.82159 -14.204 0
      vertex 5.08068 -8.8 0
      vertex 5.74025 -13.8582 0
    endloop
  endfacet
  facet normal 0 0 -1
    outer loop
      vertex 3.88229 -14.4889 0
      vertex 5.08068 -8.8 0
      vertex 4.82159 -14.204 0
    endloop
  endfacet
  facet normal 0 0 -1
    outer loop
      vertex 2.92635 -14.7118 0
      vertex 5.08068 -8.8 0
      vertex 3.88229 -14.4889 0
    endloop
  endfacet
  facet normal 0 0 -1
    outer loop
      vertex 1.95789 -14.8717 0
      vertex 5.08068 -8.8 0
      vertex 2.92635 -14.7118 0
    endloop
  endfacet
  facet normal 0 0 -1
    outer loop
      vertex 0.981047 -14.9679 0
      vertex 5.08068 -8.8 0
      vertex 1.95789 -14.8717 0
    endloop
  endfacet
  facet normal 0 0 -1
    outer loop
      vertex 0 -15 0
      vertex 5.08068 -8.8 0
      vertex 0.981047 -14.9679 0
    endloop
  endfacet
  facet normal 0 0 -1
    outer loop
      vertex -5.08068 -8.8 0
      vertex 0 -15 0
      vertex -0.981047 -14.9679 0
    endloop
  endfacet
  facet normal 0 0 -1
    outer loop
      vertex -5.08068 -8.8 0
      vertex -0.981047 -14.9679 0
      vertex -1.95789 -14.8717 0
    endloop
  endfacet
  facet normal 0 0 -1
    outer loop
      vertex -5.08068 -8.8 0
      vertex -1.95789 -14.8717 0
      vertex -2.92635 -14.7118 0
    endloop
  endfacet
  facet normal 0 0 -1
    outer loop
      vertex -5.08068 -8.8 0
      vertex -2.92635 -14.7118 0
      vertex -3.88229 -14.4889 0
    endloop
  endfacet
  facet normal 0 0 -1
    outer loop
      vertex -5.08068 -8.8 0
      vertex -3.88229 -14.4889 0
      vertex -4.82159 -14.204 0
    endloop
  endfacet
  facet normal 0 0 -1
    outer loop
      vertex 0 -15 0
      vertex -5.08068 -8.8 0
      vertex 5.08068 -8.8 0
    endloop
  endfacet
  facet normal 0 0 -1
    outer loop
      vertex -5.74025 -13.8582 0
      vertex -5.08068 -8.8 0
      vertex -4.82159 -14.204 0
    endloop
  endfacet
  facet normal 0 0 -1
    outer loop
      vertex -6.63433 -13.4531 0
      vertex -5.08068 -8.8 0
      vertex -5.74025 -13.8582 0
    endloop
  endfacet
  facet normal 0 0 -1
    outer loop
      vertex -7.5 -12.9904 0
      vertex -5.08068 -8.8 0
      vertex -6.63433 -13.4531 0
    endloop
  endfacet
  facet normal 0 0 -1
    outer loop
      vertex -8.33355 -12.472 0
      vertex -5.08068 -8.8 0
      vertex -7.5 -12.9904 0
    endloop
  endfacet
  facet normal 0 0 -1
    outer loop
      vertex -9.13142 -11.9003 0
      vertex -5.08068 -8.8 0
      vertex -8.33355 -12.472 0
    endloop
  endfacet
  facet normal 0 0 -1
    outer loop
      vertex -9.89019 -11.2776 0
      vertex -5.08068 -8.8 0
      vertex -9.13142 -11.9003 0
    endloop
  endfacet
  facet normal 0 0 -1
    outer loop
      vertex -10.6066 -10.6066 0
      vertex -5.08068 -8.8 0
      vertex -9.89019 -11.2776 0
    endloop
  endfacet
  facet normal 0 0 -1
    outer loop
      vertex -11.2776 -9.89019 0
      vertex -5.08068 -8.8 0
      vertex -10.6066 -10.6066 0
    endloop
  endfacet
  facet normal -0 0 -1
    outer loop
      vertex 11.2776 9.89019 0
      vertex 5.08068 8.8 0
      vertex 10.6066 10.6066 0
    endloop
  endfacet
  facet normal -0 0 -1
    outer loop
      vertex 10.6066 10.6066 0
      vertex 5.08068 8.8 0
      vertex 9.89019 11.2776 0
    endloop
  endfacet
  facet normal -0 0 -1
    outer loop
      vertex 9.89019 11.2776 0
      vertex 5.08068 8.8 0
      vertex 9.13142 11.9003 0
    endloop
  endfacet
  facet normal -0 0 -1
    outer loop
      vertex 9.13142 11.9003 0
      vertex 5.08068 8.8 0
      vertex 8.33355 12.472 0
    endloop
  endfacet
  facet normal -0 0 -1
    outer loop
      vertex 8.33355 12.472 0
      vertex 5.08068 8.8 0
      vertex 7.5 12.9904 0
    endloop
  endfacet
  facet normal -0 0 -1
    outer loop
      vertex 7.5 12.9904 0
      vertex 5.08068 8.8 0
      vertex 6.63433 13.4531 0
    endloop
  endfacet
  facet normal -0 0 -1
    outer loop
      vertex 6.63433 13.4531 0
      vertex 5.08068 8.8 0
      vertex 5.74025 13.8582 0
    endloop
  endfacet
  facet normal 0 0 -1
    outer loop
      vertex 5.08068 8.8 0
      vertex 4.82159 14.204 0
      vertex 5.74025 13.8582 0
    endloop
  endfacet
  facet normal 0 0 -1
    outer loop
      vertex 5.08068 8.8 0
      vertex 3.88229 14.4889 0
      vertex 4.82159 14.204 0
    endloop
  endfacet
  facet normal 0 0 -1
    outer loop
      vertex 5.08068 8.8 0
      vertex 2.92635 14.7118 0
      vertex 3.88229 14.4889 0
    endloop
  endfacet
  facet normal 0 0 -1
    outer loop
      vertex 5.08068 8.8 0
      vertex 1.95789 14.8717 0
      vertex 2.92635 14.7118 0
    endloop
  endfacet
  facet normal 0 0 -1
    outer loop
      vertex 5.08068 8.8 0
      vertex 0.981047 14.9679 0
      vertex 1.95789 14.8717 0
    endloop
  endfacet
  facet normal 0 0 -1
    outer loop
      vertex 5.08068 8.8 0
      vertex 0 15 0
      vertex 0.981047 14.9679 0
    endloop
  endfacet
  facet normal 0 0 -1
    outer loop
      vertex -5.08068 8.8 0
      vertex 0 15 0
      vertex 5.08068 8.8 0
    endloop
  endfacet
  facet normal 0 0 -1
    outer loop
      vertex 0 15 0
      vertex -5.08068 8.8 0
      vertex -0.981047 14.9679 0
    endloop
  endfacet
  facet normal 0 0 -1
    outer loop
      vertex -0.981047 14.9679 0
      vertex -5.08068 8.8 0
      vertex -1.95789 14.8717 0
    endloop
  endfacet
  facet normal 0 0 -1
    outer loop
      vertex -1.95789 14.8717 0
      vertex -5.08068 8.8 0
      vertex -2.92635 14.7118 0
    endloop
  endfacet
  facet normal 0 0 -1
    outer loop
      vertex -2.92635 14.7118 0
      vertex -5.08068 8.8 0
      vertex -3.88229 14.4889 0
    endloop
  endfacet
  facet normal 0 0 -1
    outer loop
      vertex -3.88229 14.4889 0
      vertex -5.08068 8.8 0
      vertex -4.82159 14.204 0
    endloop
  endfacet
  facet normal 0 0 -1
    outer loop
      vertex -5.08068 8.8 0
      vertex -5.74025 13.8582 0
      vertex -4.82159 14.204 0
    endloop
  endfacet
  facet normal 0 0 -1
    outer loop
      vertex -5.08068 8.8 0
      vertex -6.63433 13.4531 0
      vertex -5.74025 13.8582 0
    endloop
  endfacet
  facet normal 0 0 -1
    outer loop
      vertex -5.08068 8.8 0
      vertex -7.5 12.9904 0
      vertex -6.63433 13.4531 0
    endloop
  endfacet
  facet normal 0 0 -1
    outer loop
      vertex -5.08068 8.8 0
      vertex -8.33355 12.472 0
      vertex -7.5 12.9904 0
    endloop
  endfacet
  facet normal 0 0 -1
    outer loop
      vertex -5.08068 8.8 0
      vertex -9.13142 11.9003 0
      vertex -8.33355 12.472 0
    endloop
  endfacet
  facet normal 0 0 -1
    outer loop
      vertex -5.08068 8.8 0
      vertex -9.89019 11.2776 0
      vertex -9.13142 11.9003 0
    endloop
  endfacet
  facet normal 0 0 -1
    outer loop
      vertex -12.9904 7.5 0
      vertex -5.08068 8.8 0
      vertex -10.1614 0 0
    endloop
  endfacet
  facet normal 0 0 -1
    outer loop
      vertex -11.9003 -9.13142 0
      vertex -5.08068 -8.8 0
      vertex -11.2776 -9.89019 0
    endloop
  endfacet
  facet normal 0 0 -1
    outer loop
      vertex -5.08068 8.8 0
      vertex -10.6066 10.6066 0
      vertex -9.89019 11.2776 0
    endloop
  endfacet
  facet normal 0 0 -1
    outer loop
      vertex -12.472 -8.33355 0
      vertex -5.08068 -8.8 0
      vertex -11.9003 -9.13142 0
    endloop
  endfacet
  facet normal 0 0 -1
    outer loop
      vertex -5.08068 8.8 0
      vertex -11.2776 9.89019 0
      vertex -10.6066 10.6066 0
    endloop
  endfacet
  facet normal 0 0 -1
    outer loop
      vertex -12.9904 -7.5 0
      vertex -5.08068 -8.8 0
      vertex -12.472 -8.33355 0
    endloop
  endfacet
  facet normal 0 0 -1
    outer loop
      vertex -5.08068 8.8 0
      vertex -11.9003 9.13142 0
      vertex -11.2776 9.89019 0
    endloop
  endfacet
  facet normal 0 0 -1
    outer loop
      vertex -5.08068 -8.8 0
      vertex -12.9904 -7.5 0
      vertex -10.1614 0 0
    endloop
  endfacet
  facet normal -0 0 -1
    outer loop
      vertex -5.08068 8.8 0
      vertex -12.472 8.33355 0
      vertex -11.9003 9.13142 0
    endloop
  endfacet
  facet normal 0 0 -1
    outer loop
      vertex -13.4531 -6.63433 0
      vertex -10.1614 0 0
      vertex -12.9904 -7.5 0
    endloop
  endfacet
  facet normal 0 0 -1
    outer loop
      vertex -5.08068 8.8 0
      vertex -12.9904 7.5 0
      vertex -12.472 8.33355 0
    endloop
  endfacet
  facet normal 0 0 -1
    outer loop
      vertex -13.8582 -5.74025 0
      vertex -10.1614 0 0
      vertex -13.4531 -6.63433 0
    endloop
  endfacet
  facet normal 0 0 -1
    outer loop
      vertex -10.1614 0 0
      vertex -13.4531 6.63433 0
      vertex -12.9904 7.5 0
    endloop
  endfacet
  facet normal 0 0 -1
    outer loop
      vertex -14.204 -4.82159 0
      vertex -10.1614 0 0
      vertex -13.8582 -5.74025 0
    endloop
  endfacet
  facet normal 0 0 -1
    outer loop
      vertex -10.1614 0 0
      vertex -13.8582 5.74025 0
      vertex -13.4531 6.63433 0
    endloop
  endfacet
  facet normal 0 0 -1
    outer loop
      vertex -14.4889 -3.88229 0
      vertex -10.1614 0 0
      vertex -14.204 -4.82159 0
    endloop
  endfacet
  facet normal 0 0 -1
    outer loop
      vertex -10.1614 0 0
      vertex -14.204 4.82159 0
      vertex -13.8582 5.74025 0
    endloop
  endfacet
  facet normal 0 0 -1
    outer loop
      vertex -14.7118 -2.92635 0
      vertex -10.1614 0 0
      vertex -14.4889 -3.88229 0
    endloop
  endfacet
  facet normal 0 0 -1
    outer loop
      vertex -10.1614 0 0
      vertex -14.4889 3.88229 0
      vertex -14.204 4.82159 0
    endloop
  endfacet
  facet normal 0 0 -1
    outer loop
      vertex -14.8717 -1.95789 0
      vertex -10.1614 0 0
      vertex -14.7118 -2.92635 0
    endloop
  endfacet
  facet normal 0 0 -1
    outer loop
      vertex -10.1614 0 0
      vertex -14.7118 2.92635 0
      vertex -14.4889 3.88229 0
    endloop
  endfacet
  facet normal 0 0 -1
    outer loop
      vertex -14.9679 -0.981047 0
      vertex -10.1614 0 0
      vertex -14.8717 -1.95789 0
    endloop
  endfacet
  facet normal 0 0 -1
    outer loop
      vertex -10.1614 0 0
      vertex -14.8717 1.95789 0
      vertex -14.7118 2.92635 0
    endloop
  endfacet
  facet normal 0 0 -1
    outer loop
      vertex -15 0 0
      vertex -10.1614 0 0
      vertex -14.9679 -0.981047 0
    endloop
  endfacet
  facet normal 0 0 -1
    outer loop
      vertex -10.1614 0 0
      vertex -14.9679 0.981047 0
      vertex -14.8717 1.95789 0
    endloop
  endfacet
  facet normal 0 0 -1
    outer loop
      vertex -10.1614 0 0
      vertex -15 0 0
      vertex -14.9679 0.981047 0
    endloop
  endfacet
  facet normal -0.95695 -0.290253 0
    outer loop
      vertex -14.204 -4.82159 0
      vertex -14.4889 -3.88229 6
      vertex -14.4889 -3.88229 0
    endloop
  endfacet
  facet normal -0.95695 -0.290253 0
    outer loop
      vertex -14.4889 -3.88229 6
      vertex -14.204 -4.82159 0
      vertex -14.204 -4.82159 6
    endloop
  endfacet
  facet normal 0.528116 0.849172 -0
    outer loop
      vertex 8.33355 12.472 0
      vertex 7.5 12.9904 6
      vertex 8.33355 12.472 6
    endloop
  endfacet
  facet normal 0.528116 0.849172 0
    outer loop
      vertex 7.5 12.9904 6
      vertex 8.33355 12.472 0
      vertex 7.5 12.9904 0
    endloop
  endfacet
  facet normal 0.0980064 -0.995186 0
    outer loop
      vertex 0.981047 -14.9679 0
      vertex 1.95789 -14.8717 6
      vertex 0.981047 -14.9679 6
    endloop
  endfacet
  facet normal 0.0980064 -0.995186 0
    outer loop
      vertex 1.95789 -14.8717 6
      vertex 0.981047 -14.9679 0
      vertex 1.95789 -14.8717 0
    endloop
  endfacet
  facet normal -0.352287 -0.935892 0
    outer loop
      vertex -5.74025 -13.8582 0
      vertex -4.82159 -14.204 6
      vertex -5.74025 -13.8582 6
    endloop
  endfacet
  facet normal -0.352287 -0.935892 -0
    outer loop
      vertex -4.82159 -14.204 6
      vertex -5.74025 -13.8582 0
      vertex -4.82159 -14.204 0
    endloop
  endfacet
  facet normal -0.995186 -0.0980064 0
    outer loop
      vertex -14.8717 -1.95789 0
      vertex -14.9679 -0.981047 6
      vertex -14.9679 -0.981047 0
    endloop
  endfacet
  facet normal -0.995186 -0.0980064 0
    outer loop
      vertex -14.9679 -0.981047 6
      vertex -14.8717 -1.95789 0
      vertex -14.8717 -1.95789 6
    endloop
  endfacet
  facet normal 0.352287 -0.935892 0
    outer loop
      vertex 4.82159 -14.204 0
      vertex 5.74025 -13.8582 6
      vertex 4.82159 -14.204 6
    endloop
  endfacet
  facet normal 0.352287 -0.935892 0
    outer loop
      vertex 5.74025 -13.8582 6
      vertex 4.82159 -14.204 0
      vertex 5.74025 -13.8582 0
    endloop
  endfacet
  facet normal -0.0980064 0.995186 0
    outer loop
      vertex -0.981047 14.9679 0
      vertex -1.95789 14.8717 6
      vertex -0.981047 14.9679 6
    endloop
  endfacet
  facet normal -0.0980064 0.995186 0
    outer loop
      vertex -1.95789 14.8717 6
      vertex -0.981047 14.9679 0
      vertex -1.95789 14.8717 0
    endloop
  endfacet
  facet normal 0.973876 -0.227082 0
    outer loop
      vertex 14.4889 -3.88229 6
      vertex 14.7118 -2.92635 0
      vertex 14.7118 -2.92635 6
    endloop
  endfacet
  facet normal 0.973876 -0.227082 0
    outer loop
      vertex 14.7118 -2.92635 0
      vertex 14.4889 -3.88229 6
      vertex 14.4889 -3.88229 0
    endloop
  endfacet
  facet normal 0.910865 -0.412705 0
    outer loop
      vertex 13.4531 -6.63433 6
      vertex 13.8582 -5.74025 0
      vertex 13.8582 -5.74025 6
    endloop
  endfacet
  facet normal 0.910865 -0.412705 0
    outer loop
      vertex 13.8582 -5.74025 0
      vertex 13.4531 -6.63433 6
      vertex 13.4531 -6.63433 0
    endloop
  endfacet
  facet normal -0.683597 0.72986 0
    outer loop
      vertex -9.89019 11.2776 0
      vertex -10.6066 10.6066 6
      vertex -9.89019 11.2776 6
    endloop
  endfacet
  facet normal -0.683597 0.72986 0
    outer loop
      vertex -10.6066 10.6066 6
      vertex -9.89019 11.2776 0
      vertex -10.6066 10.6066 0
    endloop
  endfacet
  facet normal -0.471389 0.881926 0
    outer loop
      vertex -6.63433 13.4531 0
      vertex -7.5 12.9904 6
      vertex -6.63433 13.4531 6
    endloop
  endfacet
  facet normal -0.471389 0.881926 0
    outer loop
      vertex -7.5 12.9904 6
      vertex -6.63433 13.4531 0
      vertex -7.5 12.9904 0
    endloop
  endfacet
  facet normal 0.973876 0.227082 0
    outer loop
      vertex 14.7118 2.92635 6
      vertex 14.4889 3.88229 0
      vertex 14.4889 3.88229 6
    endloop
  endfacet
  facet normal 0.973876 0.227082 0
    outer loop
      vertex 14.4889 3.88229 0
      vertex 14.7118 2.92635 6
      vertex 14.7118 2.92635 0
    endloop
  endfacet
  facet normal 0.72986 0.683597 0
    outer loop
      vertex 11.2776 9.89019 6
      vertex 10.6066 10.6066 0
      vertex 10.6066 10.6066 6
    endloop
  endfacet
  facet normal 0.72986 0.683597 0
    outer loop
      vertex 10.6066 10.6066 0
      vertex 11.2776 9.89019 6
      vertex 11.2776 9.89019 0
    endloop
  endfacet
  facet normal -0.773014 -0.634389 0
    outer loop
      vertex -11.2776 -9.89019 0
      vertex -11.9003 -9.13142 6
      vertex -11.9003 -9.13142 0
    endloop
  endfacet
  facet normal -0.773014 -0.634389 0
    outer loop
      vertex -11.9003 -9.13142 6
      vertex -11.2776 -9.89019 0
      vertex -11.2776 -9.89019 6
    endloop
  endfacet
  facet normal -0.849172 0.528116 0
    outer loop
      vertex -12.9904 7.5 0
      vertex -12.472 8.33355 6
      vertex -12.472 8.33355 0
    endloop
  endfacet
  facet normal -0.849172 0.528116 0
    outer loop
      vertex -12.472 8.33355 6
      vertex -12.9904 7.5 0
      vertex -12.9904 7.5 6
    endloop
  endfacet
  facet normal -0.986642 0.162902 0
    outer loop
      vertex -14.8717 1.95789 0
      vertex -14.7118 2.92635 6
      vertex -14.7118 2.92635 0
    endloop
  endfacet
  facet normal -0.986642 0.162902 0
    outer loop
      vertex -14.7118 2.92635 6
      vertex -14.8717 1.95789 0
      vertex -14.8717 1.95789 6
    endloop
  endfacet
  facet normal -0.999465 -0.0327026 0
    outer loop
      vertex -14.9679 -0.981047 0
      vertex -15 0 6
      vertex -15 0 0
    endloop
  endfacet
  facet normal -0.999465 -0.0327026 0
    outer loop
      vertex -15 0 6
      vertex -14.9679 -0.981047 0
      vertex -14.9679 -0.981047 6
    endloop
  endfacet
  facet normal -0.973876 0.227082 0
    outer loop
      vertex -14.7118 2.92635 0
      vertex -14.4889 3.88229 6
      vertex -14.4889 3.88229 0
    endloop
  endfacet
  facet normal -0.973876 0.227082 0
    outer loop
      vertex -14.4889 3.88229 6
      vertex -14.7118 2.92635 0
      vertex -14.7118 2.92635 6
    endloop
  endfacet
  facet normal 0.290253 0.95695 -0
    outer loop
      vertex 4.82159 14.204 0
      vertex 3.88229 14.4889 6
      vertex 4.82159 14.204 6
    endloop
  endfacet
  facet normal 0.290253 0.95695 0
    outer loop
      vertex 3.88229 14.4889 6
      vertex 4.82159 14.204 0
      vertex 3.88229 14.4889 0
    endloop
  endfacet
  facet normal -0.290253 0.95695 0
    outer loop
      vertex -3.88229 14.4889 0
      vertex -4.82159 14.204 6
      vertex -3.88229 14.4889 6
    endloop
  endfacet
  facet normal -0.290253 0.95695 0
    outer loop
      vertex -4.82159 14.204 6
      vertex -3.88229 14.4889 0
      vertex -4.82159 14.204 0
    endloop
  endfacet
  facet normal 0.0980064 0.995186 -0
    outer loop
      vertex 1.95789 14.8717 0
      vertex 0.981047 14.9679 6
      vertex 1.95789 14.8717 6
    endloop
  endfacet
  facet normal 0.0980064 0.995186 0
    outer loop
      vertex 0.981047 14.9679 6
      vertex 1.95789 14.8717 0
      vertex 0.981047 14.9679 0
    endloop
  endfacet
  facet normal -0.0327026 0.999465 0
    outer loop
      vertex 0 15 0
      vertex -0.981047 14.9679 6
      vertex 0 15 6
    endloop
  endfacet
  facet normal -0.0327026 0.999465 0
    outer loop
      vertex -0.981047 14.9679 6
      vertex 0 15 0
      vertex -0.981047 14.9679 0
    endloop
  endfacet
  facet normal -0.72986 -0.683597 0
    outer loop
      vertex -10.6066 -10.6066 0
      vertex -11.2776 -9.89019 6
      vertex -11.2776 -9.89019 0
    endloop
  endfacet
  facet normal -0.72986 -0.683597 0
    outer loop
      vertex -11.2776 -9.89019 6
      vertex -10.6066 -10.6066 0
      vertex -10.6066 -10.6066 6
    endloop
  endfacet
  facet normal 0.0327026 0.999465 -0
    outer loop
      vertex 0.981047 14.9679 0
      vertex 0 15 6
      vertex 0.981047 14.9679 6
    endloop
  endfacet
  facet normal 0.0327026 0.999465 0
    outer loop
      vertex 0 15 6
      vertex 0.981047 14.9679 0
      vertex 0 15 0
    endloop
  endfacet
  facet normal -0.812869 0.582447 0
    outer loop
      vertex -12.472 8.33355 0
      vertex -11.9003 9.13142 6
      vertex -11.9003 9.13142 0
    endloop
  endfacet
  facet normal -0.812869 0.582447 0
    outer loop
      vertex -11.9003 9.13142 6
      vertex -12.472 8.33355 0
      vertex -12.472 8.33355 6
    endloop
  endfacet
  facet normal 0.582447 -0.812869 0
    outer loop
      vertex 8.33355 -12.472 0
      vertex 9.13142 -11.9003 6
      vertex 8.33355 -12.472 6
    endloop
  endfacet
  facet normal 0.582447 -0.812869 0
    outer loop
      vertex 9.13142 -11.9003 6
      vertex 8.33355 -12.472 0
      vertex 9.13142 -11.9003 0
    endloop
  endfacet
  facet normal -0 0 1
    outer loop
      vertex -3.0629 -11.3753 6
      vertex -2.49597 -13.235 6
      vertex -2.49597 -11.3753 6
    endloop
  endfacet
  facet normal 0 0 1
    outer loop
      vertex -4.82159 -14.204 6
      vertex -2.49597 -13.235 6
      vertex -3.0629 -11.3753 6
    endloop
  endfacet
  facet normal 0 0 1
    outer loop
      vertex -2.49597 -13.235 6
      vertex -3.88229 -14.4889 6
      vertex -2.92635 -14.7118 6
    endloop
  endfacet
  facet normal -0 0 1
    outer loop
      vertex -1.30441 -10.9889 6
      vertex -0.0559235 -11.1841 6
      vertex 0.0786133 -10.9889 6
    endloop
  endfacet
  facet normal 0 0 1
    outer loop
      vertex -1.30441 -10.9889 6
      vertex -0.178497 -11.369 6
      vertex -0.0559235 -11.1841 6
    endloop
  endfacet
  facet normal 0 0 1
    outer loop
      vertex -1.30441 -10.9889 6
      vertex -0.289902 -11.5456 6
      vertex -0.178497 -11.369 6
    endloop
  endfacet
  facet normal 0 0 1
    outer loop
      vertex -1.30441 -10.9889 6
      vertex -0.390976 -11.7156 6
      vertex -0.289902 -11.5456 6
    endloop
  endfacet
  facet normal 0 0 1
    outer loop
      vertex -1.30441 -10.9889 6
      vertex -0.482529 -11.8806 6
      vertex -0.390976 -11.7156 6
    endloop
  endfacet
  facet normal 0 0 1
    outer loop
      vertex -1.30441 -10.9889 6
      vertex -0.565414 -12.0425 6
      vertex -0.482529 -11.8806 6
    endloop
  endfacet
  facet normal 0 0 1
    outer loop
      vertex -1.30441 -10.9889 6
      vertex -0.640442 -12.2029 6
      vertex -0.565414 -12.0425 6
    endloop
  endfacet
  facet normal 0 0 1
    outer loop
      vertex -1.30441 -10.9889 6
      vertex -0.708466 -12.3638 6
      vertex -0.640442 -12.2029 6
    endloop
  endfacet
  facet normal 0 0 1
    outer loop
      vertex -1.30441 -10.9889 6
      vertex -0.770279 -12.5268 6
      vertex -0.708466 -12.3638 6
    endloop
  endfacet
  facet normal 0 0 1
    outer loop
      vertex -2.17819 -13.235 6
      vertex -0.770279 -12.5268 6
      vertex -1.30441 -10.9889 6
    endloop
  endfacet
  facet normal 0 0 1
    outer loop
      vertex -0.770279 -12.5268 6
      vertex -2.17819 -13.235 6
      vertex -0.826736 -12.6936 6
    endloop
  endfacet
  facet normal 0 0 1
    outer loop
      vertex -0.826736 -12.6936 6
      vertex -2.17819 -13.235 6
      vertex -0.878647 -12.8661 6
    endloop
  endfacet
  facet normal 0 0 1
    outer loop
      vertex -0.878647 -12.8661 6
      vertex -2.17819 -13.235 6
      vertex -0.926849 -13.046 6
    endloop
  endfacet
  facet normal 0 0 1
    outer loop
      vertex -0.926849 -13.046 6
      vertex -2.17819 -13.235 6
      vertex -0.972183 -13.235 6
    endloop
  endfacet
  facet normal 0 -0 1
    outer loop
      vertex -1.95789 -14.8717 6
      vertex -0.972183 -13.235 6
      vertex -2.17819 -13.235 6
    endloop
  endfacet
  facet normal 0 0 1
    outer loop
      vertex 10.1614 0 6
      vertex 15 0 6
      vertex 14.9679 0.981047 6
    endloop
  endfacet
  facet normal 0 0 1
    outer loop
      vertex 10.1614 0 6
      vertex 14.9679 0.981047 6
      vertex 14.8717 1.95789 6
    endloop
  endfacet
  facet normal 0 0 1
    outer loop
      vertex 15 0 6
      vertex 10.1614 0 6
      vertex 14.9679 -0.981047 6
    endloop
  endfacet
  facet normal 0 0 1
    outer loop
      vertex 10.1614 0 6
      vertex 14.8717 1.95789 6
      vertex 14.7118 2.92635 6
    endloop
  endfacet
  facet normal 0 0 1
    outer loop
      vertex 14.9679 -0.981047 6
      vertex 10.1614 0 6
      vertex 14.8717 -1.95789 6
    endloop
  endfacet
  facet normal 0 0 1
    outer loop
      vertex 10.1614 0 6
      vertex 14.7118 2.92635 6
      vertex 14.4889 3.88229 6
    endloop
  endfacet
  facet normal 0 0 1
    outer loop
      vertex 14.8717 -1.95789 6
      vertex 10.1614 0 6
      vertex 14.7118 -2.92635 6
    endloop
  endfacet
  facet normal 0 0 1
    outer loop
      vertex 10.1614 0 6
      vertex 14.4889 3.88229 6
      vertex 14.204 4.82159 6
    endloop
  endfacet
  facet normal 0 0 1
    outer loop
      vertex 14.7118 -2.92635 6
      vertex 10.1614 0 6
      vertex 14.4889 -3.88229 6
    endloop
  endfacet
  facet normal 0 0 1
    outer loop
      vertex 10.1614 0 6
      vertex 14.204 4.82159 6
      vertex 13.8582 5.74025 6
    endloop
  endfacet
  facet normal 0 0 1
    outer loop
      vertex 14.4889 -3.88229 6
      vertex 10.1614 0 6
      vertex 14.204 -4.82159 6
    endloop
  endfacet
  facet normal 0 0 1
    outer loop
      vertex 10.1614 0 6
      vertex 13.8582 5.74025 6
      vertex 13.4531 6.63433 6
    endloop
  endfacet
  facet normal 0 0 1
    outer loop
      vertex 14.204 -4.82159 6
      vertex 10.1614 0 6
      vertex 13.8582 -5.74025 6
    endloop
  endfacet
  facet normal 0 0 1
    outer loop
      vertex 10.1614 0 6
      vertex 13.4531 6.63433 6
      vertex 12.9904 7.5 6
    endloop
  endfacet
  facet normal 0 0 1
    outer loop
      vertex 13.8582 -5.74025 6
      vertex 10.1614 0 6
      vertex 13.4531 -6.63433 6
    endloop
  endfacet
  facet normal 0 0 1
    outer loop
      vertex 5.08068 8.8 6
      vertex 12.9904 7.5 6
      vertex 12.472 8.33355 6
    endloop
  endfacet
  facet normal 0 0 1
    outer loop
      vertex 13.4531 -6.63433 6
      vertex 10.1614 0 6
      vertex 12.9904 -7.5 6
    endloop
  endfacet
  facet normal -0 0 1
    outer loop
      vertex 5.08068 8.8 6
      vertex 12.472 8.33355 6
      vertex 11.9003 9.13142 6
    endloop
  endfacet
  facet normal 0 0 1
    outer loop
      vertex 5.08068 -8.8 6
      vertex 12.9904 -7.5 6
      vertex 10.1614 0 6
    endloop
  endfacet
  facet normal 0 0 1
    outer loop
      vertex 5.08068 8.8 6
      vertex 11.9003 9.13142 6
      vertex 11.2776 9.89019 6
    endloop
  endfacet
  facet normal 0 0 1
    outer loop
      vertex 12.9904 -7.5 6
      vertex 5.08068 -8.8 6
      vertex 12.472 -8.33355 6
    endloop
  endfacet
  facet normal 0 0 1
    outer loop
      vertex 5.08068 8.8 6
      vertex 11.2776 9.89019 6
      vertex 10.6066 10.6066 6
    endloop
  endfacet
  facet normal 0 0 1
    outer loop
      vertex 12.472 -8.33355 6
      vertex 5.08068 -8.8 6
      vertex 11.9003 -9.13142 6
    endloop
  endfacet
  facet normal 0 0 1
    outer loop
      vertex 11.9003 -9.13142 6
      vertex 5.08068 -8.8 6
      vertex 11.2776 -9.89019 6
    endloop
  endfacet
  facet normal 0 0 1
    outer loop
      vertex 5.08068 8.8 6
      vertex 10.6066 10.6066 6
      vertex 9.89019 11.2776 6
    endloop
  endfacet
  facet normal 0 0 1
    outer loop
      vertex 5.08068 8.8 6
      vertex 9.89019 11.2776 6
      vertex 9.13142 11.9003 6
    endloop
  endfacet
  facet normal 0 0 1
    outer loop
      vertex 5.08068 8.8 6
      vertex 9.13142 11.9003 6
      vertex 8.33355 12.472 6
    endloop
  endfacet
  facet normal 0 0 1
    outer loop
      vertex 5.08068 8.8 6
      vertex 8.33355 12.472 6
      vertex 7.5 12.9904 6
    endloop
  endfacet
  facet normal 0 0 1
    outer loop
      vertex 5.08068 8.8 6
      vertex 7.5 12.9904 6
      vertex 6.63433 13.4531 6
    endloop
  endfacet
  facet normal 0 0 1
    outer loop
      vertex 5.08068 8.8 6
      vertex 6.63433 13.4531 6
      vertex 5.74025 13.8582 6
    endloop
  endfacet
  facet normal 0 0 1
    outer loop
      vertex 12.9904 7.5 6
      vertex 5.08068 8.8 6
      vertex 10.1614 0 6
    endloop
  endfacet
  facet normal 0 0 1
    outer loop
      vertex 4.82159 14.204 6
      vertex 5.08068 8.8 6
      vertex 5.74025 13.8582 6
    endloop
  endfacet
  facet normal 0 0 1
    outer loop
      vertex 3.88229 14.4889 6
      vertex 5.08068 8.8 6
      vertex 4.82159 14.204 6
    endloop
  endfacet
  facet normal 0 0 1
    outer loop
      vertex 2.92635 14.7118 6
      vertex 5.08068 8.8 6
      vertex 3.88229 14.4889 6
    endloop
  endfacet
  facet normal 0 0 1
    outer loop
      vertex 1.95789 14.8717 6
      vertex 5.08068 8.8 6
      vertex 2.92635 14.7118 6
    endloop
  endfacet
  facet normal 0 0 1
    outer loop
      vertex 0.981047 14.9679 6
      vertex 5.08068 8.8 6
      vertex 1.95789 14.8717 6
    endloop
  endfacet
  facet normal 0 0 1
    outer loop
      vertex 0 15 6
      vertex 5.08068 8.8 6
      vertex 0.981047 14.9679 6
    endloop
  endfacet
  facet normal 0 0 1
    outer loop
      vertex -5.08068 8.8 6
      vertex 0 15 6
      vertex -0.981047 14.9679 6
    endloop
  endfacet
  facet normal 0 0 1
    outer loop
      vertex -5.08068 8.8 6
      vertex -0.981047 14.9679 6
      vertex -1.95789 14.8717 6
    endloop
  endfacet
  facet normal 0 0 1
    outer loop
      vertex -5.08068 8.8 6
      vertex -1.95789 14.8717 6
      vertex -2.92635 14.7118 6
    endloop
  endfacet
  facet normal 0 0 1
    outer loop
      vertex -5.08068 8.8 6
      vertex -2.92635 14.7118 6
      vertex -3.88229 14.4889 6
    endloop
  endfacet
  facet normal 0 0 1
    outer loop
      vertex -5.08068 8.8 6
      vertex -3.88229 14.4889 6
      vertex -4.82159 14.204 6
    endloop
  endfacet
  facet normal 0 0 1
    outer loop
      vertex 0 15 6
      vertex -5.08068 8.8 6
      vertex 5.08068 8.8 6
    endloop
  endfacet
  facet normal -0 0 1
    outer loop
      vertex -5.74025 13.8582 6
      vertex -5.08068 8.8 6
      vertex -4.82159 14.204 6
    endloop
  endfacet
  facet normal -0 0 1
    outer loop
      vertex -6.63433 13.4531 6
      vertex -5.08068 8.8 6
      vertex -5.74025 13.8582 6
    endloop
  endfacet
  facet normal -0 0 1
    outer loop
      vertex -7.5 12.9904 6
      vertex -5.08068 8.8 6
      vertex -6.63433 13.4531 6
    endloop
  endfacet
  facet normal -0 0 1
    outer loop
      vertex -8.33355 12.472 6
      vertex -5.08068 8.8 6
      vertex -7.5 12.9904 6
    endloop
  endfacet
  facet normal -0 0 1
    outer loop
      vertex -9.13142 11.9003 6
      vertex -5.08068 8.8 6
      vertex -8.33355 12.472 6
    endloop
  endfacet
  facet normal -0 0 1
    outer loop
      vertex -9.89019 11.2776 6
      vertex -5.08068 8.8 6
      vertex -9.13142 11.9003 6
    endloop
  endfacet
  facet normal -0 0 1
    outer loop
      vertex -10.6066 10.6066 6
      vertex -5.08068 8.8 6
      vertex -9.89019 11.2776 6
    endloop
  endfacet
  facet normal -0 0 1
    outer loop
      vertex -11.2776 9.89019 6
      vertex -5.08068 8.8 6
      vertex -10.6066 10.6066 6
    endloop
  endfacet
  facet normal 0 0 1
    outer loop
      vertex 11.2776 -9.89019 6
      vertex 5.08068 -8.8 6
      vertex 10.6066 -10.6066 6
    endloop
  endfacet
  facet normal 0 0 1
    outer loop
      vertex 10.6066 -10.6066 6
      vertex 5.08068 -8.8 6
      vertex 9.89019 -11.2776 6
    endloop
  endfacet
  facet normal 0 0 1
    outer loop
      vertex 9.89019 -11.2776 6
      vertex 5.08068 -8.8 6
      vertex 9.13142 -11.9003 6
    endloop
  endfacet
  facet normal 0 0 1
    outer loop
      vertex 9.13142 -11.9003 6
      vertex 5.08068 -8.8 6
      vertex 8.33355 -12.472 6
    endloop
  endfacet
  facet normal 0 0 1
    outer loop
      vertex 8.33355 -12.472 6
      vertex 5.08068 -8.8 6
      vertex 7.5 -12.9904 6
    endloop
  endfacet
  facet normal 0 0 1
    outer loop
      vertex 7.5 -12.9904 6
      vertex 5.08068 -8.8 6
      vertex 6.63433 -13.4531 6
    endloop
  endfacet
  facet normal -0 0 1
    outer loop
      vertex 3.26888 -11.3031 6
      vertex 6.63433 -13.4531 6
      vertex 5.08068 -8.8 6
    endloop
  endfacet
  facet normal -0 -0 1
    outer loop
      vertex 3.30064 -12.2332 6
      vertex 6.63433 -13.4531 6
      vertex 3.26888 -11.3031 6
    endloop
  endfacet
  facet normal 0 0 1
    outer loop
      vertex 6.63433 -13.4531 6
      vertex 3.30064 -12.2332 6
      vertex 5.74025 -13.8582 6
    endloop
  endfacet
  facet normal 0 0 1
    outer loop
      vertex 5.74025 -13.8582 6
      vertex 3.31691 -12.559 6
      vertex 4.82159 -14.204 6
    endloop
  endfacet
  facet normal -0 0 1
    outer loop
      vertex 3.31691 -12.559 6
      vertex 5.74025 -13.8582 6
      vertex 3.32303 -12.4442 6
    endloop
  endfacet
  facet normal -0 -0 1
    outer loop
      vertex 3.32303 -12.4442 6
      vertex 5.74025 -13.8582 6
      vertex 3.31735 -12.3359 6
    endloop
  endfacet
  facet normal -0 -0 1
    outer loop
      vertex 3.31735 -12.3359 6
      vertex 5.74025 -13.8582 6
      vertex 3.30064 -12.2332 6
    endloop
  endfacet
  facet normal 0 0 1
    outer loop
      vertex 3.30064 -12.2332 6
      vertex 3.26888 -11.3031 6
      vertex 3.27345 -12.1366 6
    endloop
  endfacet
  facet normal 0 0 1
    outer loop
      vertex 5.08068 -8.8 6
      vertex 3.25096 -11.2078 6
      vertex 3.26888 -11.3031 6
    endloop
  endfacet
  facet normal 0 0 1
    outer loop
      vertex 5.08068 -8.8 6
      vertex 3.22577 -11.119 6
      vertex 3.25096 -11.2078 6
    endloop
  endfacet
  facet normal 0 0 1
    outer loop
      vertex 5.08068 -8.8 6
      vertex 3.19353 -11.0367 6
      vertex 3.22577 -11.119 6
    endloop
  endfacet
  facet normal 0 0 1
    outer loop
      vertex 5.08068 -8.8 6
      vertex 3.15453 -10.9613 6
      vertex 3.19353 -11.0367 6
    endloop
  endfacet
  facet normal 0 0 1
    outer loop
      vertex 5.08068 -8.8 6
      vertex 3.10902 -10.8928 6
      vertex 3.15453 -10.9613 6
    endloop
  endfacet
  facet normal 0 0 1
    outer loop
      vertex 5.08068 -8.8 6
      vertex 3.0573 -10.8316 6
      vertex 3.10902 -10.8928 6
    endloop
  endfacet
  facet normal 0 0 1
    outer loop
      vertex 5.08068 -8.8 6
      vertex 2.9996 -10.7779 6
      vertex 3.0573 -10.8316 6
    endloop
  endfacet
  facet normal 0 0 1
    outer loop
      vertex 5.08068 -8.8 6
      vertex 2.9362 -10.7318 6
      vertex 2.9996 -10.7779 6
    endloop
  endfacet
  facet normal 0 0 1
    outer loop
      vertex 5.08068 -8.8 6
      vertex 2.86737 -10.6936 6
      vertex 2.9362 -10.7318 6
    endloop
  endfacet
  facet normal 0 0 1
    outer loop
      vertex 5.08068 -8.8 6
      vertex 2.79337 -10.6636 6
      vertex 2.86737 -10.6936 6
    endloop
  endfacet
  facet normal 0 0 1
    outer loop
      vertex 5.08068 -8.8 6
      vertex 2.71446 -10.6418 6
      vertex 2.79337 -10.6636 6
    endloop
  endfacet
  facet normal 0 0 1
    outer loop
      vertex 5.08068 -8.8 6
      vertex 2.63094 -10.6286 6
      vertex 2.71446 -10.6418 6
    endloop
  endfacet
  facet normal 0 0 1
    outer loop
      vertex 5.08068 -8.8 6
      vertex 2.54303 -10.6242 6
      vertex 2.63094 -10.6286 6
    endloop
  endfacet
  facet normal 0 0 1
    outer loop
      vertex 5.08068 -8.8 6
      vertex 2.47858 -10.6266 6
      vertex 2.54303 -10.6242 6
    endloop
  endfacet
  facet normal 0 0 1
    outer loop
      vertex 5.08068 -8.8 6
      vertex 2.41534 -10.6338 6
      vertex 2.47858 -10.6266 6
    endloop
  endfacet
  facet normal 0 0 1
    outer loop
      vertex 5.08068 -8.8 6
      vertex 2.35353 -10.6456 6
      vertex 2.41534 -10.6338 6
    endloop
  endfacet
  facet normal 0 0 1
    outer loop
      vertex 0.407227 -10.6747 6
      vertex 2.35353 -10.6456 6
      vertex 5.08068 -8.8 6
    endloop
  endfacet
  facet normal 0 0 1
    outer loop
      vertex 2.35353 -10.6456 6
      vertex 0.407227 -10.6747 6
      vertex 2.29333 -10.662 6
    endloop
  endfacet
  facet normal 0 0 1
    outer loop
      vertex 2.29333 -10.662 6
      vertex 0.407227 -10.6747 6
      vertex 2.23495 -10.6828 6
    endloop
  endfacet
  facet normal 0 0 1
    outer loop
      vertex 2.23495 -10.6828 6
      vertex 0.407227 -10.6747 6
      vertex 2.17859 -10.708 6
    endloop
  endfacet
  facet normal 0 0 1
    outer loop
      vertex 2.17859 -10.708 6
      vertex 0.407227 -10.6747 6
      vertex 2.12444 -10.7373 6
    endloop
  endfacet
  facet normal 0 0 1
    outer loop
      vertex 0.804337 -12.8595 6
      vertex 1.62579 -12.0433 6
      vertex 1.62703 -11.9369 6
    endloop
  endfacet
  facet normal 0 0 1
    outer loop
      vertex 0.0472565 -11.4663 6
      vertex 1.62703 -11.9369 6
      vertex 1.63077 -11.8357 6
    endloop
  endfacet
  facet normal 0 0 1
    outer loop
      vertex 0.158493 -11.293 6
      vertex 1.63077 -11.8357 6
      vertex 1.63707 -11.7395 6
    endloop
  endfacet
  facet normal 0 0 1
    outer loop
      vertex 0.278412 -11.1184 6
      vertex 1.63707 -11.7395 6
      vertex 1.64603 -11.648 6
    endloop
  endfacet
  facet normal 0 0 1
    outer loop
      vertex 0.278412 -11.1184 6
      vertex 1.64603 -11.648 6
      vertex 1.65768 -11.5611 6
    endloop
  endfacet
  facet normal 0 0 1
    outer loop
      vertex 0.407227 -10.9419 6
      vertex 1.65768 -11.5611 6
      vertex 1.67213 -11.4783 6
    endloop
  endfacet
  facet normal 0 0 1
    outer loop
      vertex 0.407227 -10.9419 6
      vertex 1.67213 -11.4783 6
      vertex 1.68942 -11.3996 6
    endloop
  endfacet
  facet normal 0 0 1
    outer loop
      vertex 0.407227 -10.9419 6
      vertex 1.68942 -11.3996 6
      vertex 1.70964 -11.3245 6
    endloop
  endfacet
  facet normal 0 0 1
    outer loop
      vertex 0.407227 -10.9419 6
      vertex 1.70964 -11.3245 6
      vertex 1.73285 -11.253 6
    endloop
  endfacet
  facet normal 0 0 1
    outer loop
      vertex 1.62579 -12.0433 6
      vertex 0.804337 -12.8595 6
      vertex 1.1799 -12.8595 6
    endloop
  endfacet
  facet normal 0 0 1
    outer loop
      vertex 0.407227 -10.9419 6
      vertex 1.73285 -11.253 6
      vertex 1.75911 -11.1846 6
    endloop
  endfacet
  facet normal 0 0 1
    outer loop
      vertex 0.407227 -10.9419 6
      vertex 1.75911 -11.1846 6
      vertex 1.78848 -11.1192 6
    endloop
  endfacet
  facet normal 0 0 1
    outer loop
      vertex 0.407227 -10.6747 6
      vertex 1.78848 -11.1192 6
      vertex 1.82108 -11.0564 6
    endloop
  endfacet
  facet normal 0 0 1
    outer loop
      vertex 1.65768 -11.5611 6
      vertex 0.407227 -10.9419 6
      vertex 0.278412 -11.1184 6
    endloop
  endfacet
  facet normal 0 0 1
    outer loop
      vertex 1.78848 -11.1192 6
      vertex 0.407227 -10.6747 6
      vertex 0.407227 -10.9419 6
    endloop
  endfacet
  facet normal 0 0 1
    outer loop
      vertex 1.85692 -10.9961 6
      vertex 0.407227 -10.6747 6
      vertex 1.82108 -11.0564 6
    endloop
  endfacet
  facet normal 0 0 1
    outer loop
      vertex 1.89368 -10.9437 6
      vertex 0.407227 -10.6747 6
      vertex 1.85692 -10.9961 6
    endloop
  endfacet
  facet normal 0 0 1
    outer loop
      vertex 1.93382 -10.8949 6
      vertex 0.407227 -10.6747 6
      vertex 1.89368 -10.9437 6
    endloop
  endfacet
  facet normal 0 0 1
    outer loop
      vertex 1.97717 -10.8497 6
      vertex 0.407227 -10.6747 6
      vertex 1.93382 -10.8949 6
    endloop
  endfacet
  facet normal 0 0 1
    outer loop
      vertex 2.02353 -10.8083 6
      vertex 0.407227 -10.6747 6
      vertex 1.97717 -10.8497 6
    endloop
  endfacet
  facet normal 0 0 1
    outer loop
      vertex 2.07268 -10.7708 6
      vertex 0.407227 -10.6747 6
      vertex 2.02353 -10.8083 6
    endloop
  endfacet
  facet normal 0 0 1
    outer loop
      vertex 2.12444 -10.7373 6
      vertex 0.407227 -10.6747 6
      vertex 2.07268 -10.7708 6
    endloop
  endfacet
  facet normal -0 0 1
    outer loop
      vertex -5.08068 -8.8 6
      vertex 0.407227 -10.6747 6
      vertex 5.08068 -8.8 6
    endloop
  endfacet
  facet normal 0 0 1
    outer loop
      vertex -2.17819 -10.6242 6
      vertex -1.30441 -10.9889 6
      vertex -1.30441 -10.6747 6
    endloop
  endfacet
  facet normal 0 0 1
    outer loop
      vertex -1.30441 -10.9889 6
      vertex -2.17819 -10.6242 6
      vertex -2.17819 -13.235 6
    endloop
  endfacet
  facet normal 0 0 1
    outer loop
      vertex 0.407227 -10.6747 6
      vertex -5.08068 -8.8 6
      vertex -1.30441 -10.6747 6
    endloop
  endfacet
  facet normal 0 0 1
    outer loop
      vertex -1.30441 -10.6747 6
      vertex -5.08068 -8.8 6
      vertex -2.17819 -10.6242 6
    endloop
  endfacet
  facet normal 0 0 1
    outer loop
      vertex -2.8643 -11.1136 6
      vertex -2.41296 -10.7107 6
      vertex -2.38763 -10.6242 6
    endloop
  endfacet
  facet normal 0 0 1
    outer loop
      vertex -2.41296 -10.7107 6
      vertex -2.8643 -11.1136 6
      vertex -2.43816 -10.7859 6
    endloop
  endfacet
  facet normal 0 0 1
    outer loop
      vertex -2.43816 -10.7859 6
      vertex -2.78419 -11.0965 6
      vertex -2.46442 -10.8507 6
    endloop
  endfacet
  facet normal 0 -0 1
    outer loop
      vertex -2.71518 -11.0768 6
      vertex -2.46442 -10.8507 6
      vertex -2.78419 -11.0965 6
    endloop
  endfacet
  facet normal 0 -0 1
    outer loop
      vertex -2.65604 -11.0536 6
      vertex -2.49304 -10.9061 6
      vertex -2.71518 -11.0768 6
    endloop
  endfacet
  facet normal 0 0 1
    outer loop
      vertex -2.49304 -10.9061 6
      vertex -2.65604 -11.0536 6
      vertex -2.52527 -10.9532 6
    endloop
  endfacet
  facet normal 0 0 1
    outer loop
      vertex -2.52527 -10.9532 6
      vertex -2.60551 -11.0259 6
      vertex -2.56233 -10.9928 6
    endloop
  endfacet
  facet normal 0 -0 1
    outer loop
      vertex -2.60551 -11.0259 6
      vertex -2.52527 -10.9532 6
      vertex -2.65604 -11.0536 6
    endloop
  endfacet
  facet normal 0 0 1
    outer loop
      vertex -2.46442 -10.8507 6
      vertex -2.71518 -11.0768 6
      vertex -2.49304 -10.9061 6
    endloop
  endfacet
  facet normal 0 0 1
    outer loop
      vertex -2.43816 -10.7859 6
      vertex -2.8643 -11.1136 6
      vertex -2.78419 -11.0965 6
    endloop
  endfacet
  facet normal 0 0 1
    outer loop
      vertex -2.38763 -10.6242 6
      vertex -2.9568 -11.1292 6
      vertex -2.8643 -11.1136 6
    endloop
  endfacet
  facet normal 0 0 1
    outer loop
      vertex -2.38763 -10.6242 6
      vertex -3.0629 -11.1442 6
      vertex -2.9568 -11.1292 6
    endloop
  endfacet
  facet normal 0 0 1
    outer loop
      vertex -6.63433 -13.4531 6
      vertex -3.0629 -11.3753 6
      vertex -3.0629 -11.1442 6
    endloop
  endfacet
  facet normal 0 0 1
    outer loop
      vertex -2.49597 -13.235 6
      vertex -4.82159 -14.204 6
      vertex -3.88229 -14.4889 6
    endloop
  endfacet
  facet normal 0 0 1
    outer loop
      vertex -2.17819 -10.6242 6
      vertex -5.08068 -8.8 6
      vertex -2.38763 -10.6242 6
    endloop
  endfacet
  facet normal 0 0 1
    outer loop
      vertex -5.08068 -8.8 6
      vertex -3.0629 -11.1442 6
      vertex -2.38763 -10.6242 6
    endloop
  endfacet
  facet normal 0 0 1
    outer loop
      vertex -6.63433 -13.4531 6
      vertex -3.0629 -11.1442 6
      vertex -5.08068 -8.8 6
    endloop
  endfacet
  facet normal 0 0 1
    outer loop
      vertex -3.0629 -11.3753 6
      vertex -5.74025 -13.8582 6
      vertex -4.82159 -14.204 6
    endloop
  endfacet
  facet normal 0 0 1
    outer loop
      vertex -3.0629 -11.3753 6
      vertex -6.63433 -13.4531 6
      vertex -5.74025 -13.8582 6
    endloop
  endfacet
  facet normal 0 0 1
    outer loop
      vertex -5.08068 -8.8 6
      vertex -7.5 -12.9904 6
      vertex -6.63433 -13.4531 6
    endloop
  endfacet
  facet normal 0 0 1
    outer loop
      vertex -5.08068 -8.8 6
      vertex -8.33355 -12.472 6
      vertex -7.5 -12.9904 6
    endloop
  endfacet
  facet normal 0 0 1
    outer loop
      vertex -5.08068 -8.8 6
      vertex -9.13142 -11.9003 6
      vertex -8.33355 -12.472 6
    endloop
  endfacet
  facet normal 0 0 1
    outer loop
      vertex -5.08068 -8.8 6
      vertex -9.89019 -11.2776 6
      vertex -9.13142 -11.9003 6
    endloop
  endfacet
  facet normal -0 0 1
    outer loop
      vertex -12.9904 -7.5 6
      vertex -5.08068 -8.8 6
      vertex -10.1614 0 6
    endloop
  endfacet
  facet normal -0 0 1
    outer loop
      vertex -11.9003 9.13142 6
      vertex -5.08068 8.8 6
      vertex -11.2776 9.89019 6
    endloop
  endfacet
  facet normal 0 0 1
    outer loop
      vertex -5.08068 -8.8 6
      vertex -10.6066 -10.6066 6
      vertex -9.89019 -11.2776 6
    endloop
  endfacet
  facet normal 0 0 1
    outer loop
      vertex -12.472 8.33355 6
      vertex -5.08068 8.8 6
      vertex -11.9003 9.13142 6
    endloop
  endfacet
  facet normal 0 0 1
    outer loop
      vertex -5.08068 -8.8 6
      vertex -11.2776 -9.89019 6
      vertex -10.6066 -10.6066 6
    endloop
  endfacet
  facet normal 0 0 1
    outer loop
      vertex -12.9904 7.5 6
      vertex -5.08068 8.8 6
      vertex -12.472 8.33355 6
    endloop
  endfacet
  facet normal 0 0 1
    outer loop
      vertex -5.08068 -8.8 6
      vertex -11.9003 -9.13142 6
      vertex -11.2776 -9.89019 6
    endloop
  endfacet
  facet normal 0 0 1
    outer loop
      vertex -5.08068 8.8 6
      vertex -12.9904 7.5 6
      vertex -10.1614 0 6
    endloop
  endfacet
  facet normal 0 0 1
    outer loop
      vertex -5.08068 -8.8 6
      vertex -12.472 -8.33355 6
      vertex -11.9003 -9.13142 6
    endloop
  endfacet
  facet normal -0 0 1
    outer loop
      vertex -13.4531 6.63433 6
      vertex -10.1614 0 6
      vertex -12.9904 7.5 6
    endloop
  endfacet
  facet normal 0 0 1
    outer loop
      vertex -5.08068 -8.8 6
      vertex -12.9904 -7.5 6
      vertex -12.472 -8.33355 6
    endloop
  endfacet
  facet normal -0 0 1
    outer loop
      vertex -13.8582 5.74025 6
      vertex -10.1614 0 6
      vertex -13.4531 6.63433 6
    endloop
  endfacet
  facet normal 0 0 1
    outer loop
      vertex -10.1614 0 6
      vertex -13.4531 -6.63433 6
      vertex -12.9904 -7.5 6
    endloop
  endfacet
  facet normal -0 0 1
    outer loop
      vertex -14.204 4.82159 6
      vertex -10.1614 0 6
      vertex -13.8582 5.74025 6
    endloop
  endfacet
  facet normal 0 0 1
    outer loop
      vertex -10.1614 0 6
      vertex -13.8582 -5.74025 6
      vertex -13.4531 -6.63433 6
    endloop
  endfacet
  facet normal -0 0 1
    outer loop
      vertex -14.4889 3.88229 6
      vertex -10.1614 0 6
      vertex -14.204 4.82159 6
    endloop
  endfacet
  facet normal 0 0 1
    outer loop
      vertex -10.1614 0 6
      vertex -14.204 -4.82159 6
      vertex -13.8582 -5.74025 6
    endloop
  endfacet
  facet normal -0 0 1
    outer loop
      vertex -14.7118 2.92635 6
      vertex -10.1614 0 6
      vertex -14.4889 3.88229 6
    endloop
  endfacet
  facet normal 0 0 1
    outer loop
      vertex -10.1614 0 6
      vertex -14.4889 -3.88229 6
      vertex -14.204 -4.82159 6
    endloop
  endfacet
  facet normal -0 0 1
    outer loop
      vertex -14.8717 1.95789 6
      vertex -10.1614 0 6
      vertex -14.7118 2.92635 6
    endloop
  endfacet
  facet normal 0 0 1
    outer loop
      vertex -10.1614 0 6
      vertex -14.7118 -2.92635 6
      vertex -14.4889 -3.88229 6
    endloop
  endfacet
  facet normal -0 0 1
    outer loop
      vertex -14.9679 0.981047 6
      vertex -10.1614 0 6
      vertex -14.8717 1.95789 6
    endloop
  endfacet
  facet normal 0 0 1
    outer loop
      vertex -10.1614 0 6
      vertex -14.8717 -1.95789 6
      vertex -14.7118 -2.92635 6
    endloop
  endfacet
  facet normal 0 0 1
    outer loop
      vertex -15 0 6
      vertex -10.1614 0 6
      vertex -14.9679 0.981047 6
    endloop
  endfacet
  facet normal 0 0 1
    outer loop
      vertex -10.1614 0 6
      vertex -14.9679 -0.981047 6
      vertex -14.8717 -1.95789 6
    endloop
  endfacet
  facet normal 0 0 1
    outer loop
      vertex -10.1614 0 6
      vertex -15 0 6
      vertex -14.9679 -0.981047 6
    endloop
  endfacet
  facet normal -0 0 1
    outer loop
      vertex 3.29893 -12.6681 6
      vertex 4.82159 -14.204 6
      vertex 3.31691 -12.559 6
    endloop
  endfacet
  facet normal -0 0 1
    outer loop
      vertex 3.26968 -12.7709 6
      vertex 4.82159 -14.204 6
      vertex 3.29893 -12.6681 6
    endloop
  endfacet
  facet normal -0 0 1
    outer loop
      vertex 3.22975 -12.8667 6
      vertex 4.82159 -14.204 6
      vertex 3.26968 -12.7709 6
    endloop
  endfacet
  facet normal -0 0 1
    outer loop
      vertex 3.1797 -12.955 6
      vertex 4.82159 -14.204 6
      vertex 3.22975 -12.8667 6
    endloop
  endfacet
  facet normal 0 0 1
    outer loop
      vertex 4.82159 -14.204 6
      vertex 3.1797 -12.955 6
      vertex 3.88229 -14.4889 6
    endloop
  endfacet
  facet normal -0 0 1
    outer loop
      vertex 3.12013 -13.0352 6
      vertex 3.88229 -14.4889 6
      vertex 3.1797 -12.955 6
    endloop
  endfacet
  facet normal -0 0 1
    outer loop
      vertex 3.05162 -13.1066 6
      vertex 3.88229 -14.4889 6
      vertex 3.12013 -13.0352 6
    endloop
  endfacet
  facet normal -0 0 1
    outer loop
      vertex 2.97473 -13.1687 6
      vertex 3.88229 -14.4889 6
      vertex 3.05162 -13.1066 6
    endloop
  endfacet
  facet normal -0 0 1
    outer loop
      vertex 2.89008 -13.2209 6
      vertex 3.88229 -14.4889 6
      vertex 2.97473 -13.1687 6
    endloop
  endfacet
  facet normal 0 0 1
    outer loop
      vertex 3.88229 -14.4889 6
      vertex 2.89008 -13.2209 6
      vertex 2.92635 -14.7118 6
    endloop
  endfacet
  facet normal -0 0 1
    outer loop
      vertex 2.79822 -13.2625 6
      vertex 2.92635 -14.7118 6
      vertex 2.89008 -13.2209 6
    endloop
  endfacet
  facet normal -0 0 1
    outer loop
      vertex 2.69974 -13.2929 6
      vertex 2.92635 -14.7118 6
      vertex 2.79822 -13.2625 6
    endloop
  endfacet
  facet normal -0 0 1
    outer loop
      vertex 2.59523 -13.3117 6
      vertex 2.92635 -14.7118 6
      vertex 2.69974 -13.2929 6
    endloop
  endfacet
  facet normal -0 0 1
    outer loop
      vertex 2.48526 -13.318 6
      vertex 2.92635 -14.7118 6
      vertex 2.59523 -13.3117 6
    endloop
  endfacet
  facet normal 0 0 1
    outer loop
      vertex 2.4213 -13.3161 6
      vertex 2.92635 -14.7118 6
      vertex 2.48526 -13.318 6
    endloop
  endfacet
  facet normal 0 0 1
    outer loop
      vertex 1.95789 -14.8717 6
      vertex 2.4213 -13.3161 6
      vertex 2.35945 -13.3101 6
    endloop
  endfacet
  facet normal 0 0 1
    outer loop
      vertex 1.95789 -14.8717 6
      vertex 2.35945 -13.3101 6
      vertex 2.29984 -13.3003 6
    endloop
  endfacet
  facet normal 0 0 1
    outer loop
      vertex 1.95789 -14.8717 6
      vertex 2.29984 -13.3003 6
      vertex 2.24249 -13.2866 6
    endloop
  endfacet
  facet normal 0 0 1
    outer loop
      vertex 1.95789 -14.8717 6
      vertex 2.24249 -13.2866 6
      vertex 2.18753 -13.269 6
    endloop
  endfacet
  facet normal 0 0 1
    outer loop
      vertex 1.95789 -14.8717 6
      vertex 2.18753 -13.269 6
      vertex 2.13501 -13.2476 6
    endloop
  endfacet
  facet normal 0 0 1
    outer loop
      vertex 1.95789 -14.8717 6
      vertex 2.13501 -13.2476 6
      vertex 2.08501 -13.2224 6
    endloop
  endfacet
  facet normal 0 0 1
    outer loop
      vertex 1.1799 -13.235 6
      vertex 2.08501 -13.2224 6
      vertex 2.03761 -13.1934 6
    endloop
  endfacet
  facet normal 0 0 1
    outer loop
      vertex 1.1799 -13.235 6
      vertex 2.03761 -13.1934 6
      vertex 1.9929 -13.1607 6
    endloop
  endfacet
  facet normal 0 0 1
    outer loop
      vertex 2.4213 -13.3161 6
      vertex 1.95789 -14.8717 6
      vertex 2.92635 -14.7118 6
    endloop
  endfacet
  facet normal 0 0 1
    outer loop
      vertex 1.1799 -13.235 6
      vertex 1.9929 -13.1607 6
      vertex 1.95096 -13.1243 6
    endloop
  endfacet
  facet normal 0 0 1
    outer loop
      vertex 1.1799 -13.235 6
      vertex 1.95096 -13.1243 6
      vertex 1.91187 -13.0842 6
    endloop
  endfacet
  facet normal 0 0 1
    outer loop
      vertex 1.1799 -13.235 6
      vertex 1.91187 -13.0842 6
      vertex 1.87567 -13.0404 6
    endloop
  endfacet
  facet normal 0 0 1
    outer loop
      vertex 1.1799 -13.235 6
      vertex 1.87567 -13.0404 6
      vertex 1.84248 -12.993 6
    endloop
  endfacet
  facet normal 0 0 1
    outer loop
      vertex 1.1799 -13.235 6
      vertex 1.84248 -12.993 6
      vertex 1.8083 -12.9388 6
    endloop
  endfacet
  facet normal 0 0 1
    outer loop
      vertex 1.1799 -13.235 6
      vertex 1.8083 -12.9388 6
      vertex 1.77736 -12.8826 6
    endloop
  endfacet
  facet normal -0 0 1
    outer loop
      vertex 1.1799 -12.8595 6
      vertex 1.77736 -12.8826 6
      vertex 1.74957 -12.8241 6
    endloop
  endfacet
  facet normal 0 0 1
    outer loop
      vertex 1.1799 -12.8595 6
      vertex 1.74957 -12.8241 6
      vertex 1.72485 -12.763 6
    endloop
  endfacet
  facet normal 0 0 1
    outer loop
      vertex 1.1799 -12.8595 6
      vertex 1.72485 -12.763 6
      vertex 1.70312 -12.699 6
    endloop
  endfacet
  facet normal 0 0 1
    outer loop
      vertex 1.1799 -12.8595 6
      vertex 1.70312 -12.699 6
      vertex 1.68428 -12.6317 6
    endloop
  endfacet
  facet normal 0 0 1
    outer loop
      vertex 1.1799 -12.8595 6
      vertex 1.68428 -12.6317 6
      vertex 1.66823 -12.5608 6
    endloop
  endfacet
  facet normal 0 0 1
    outer loop
      vertex 1.1799 -12.8595 6
      vertex 1.66823 -12.5608 6
      vertex 1.65489 -12.4861 6
    endloop
  endfacet
  facet normal 0 0 1
    outer loop
      vertex 1.1799 -12.8595 6
      vertex 1.65489 -12.4861 6
      vertex 1.64418 -12.4072 6
    endloop
  endfacet
  facet normal 0 0 1
    outer loop
      vertex 1.1799 -12.8595 6
      vertex 1.62691 -12.1422 6
      vertex 1.62579 -12.0433 6
    endloop
  endfacet
  facet normal 0 0 1
    outer loop
      vertex 1.1799 -12.8595 6
      vertex 1.63028 -12.2355 6
      vertex 1.62691 -12.1422 6
    endloop
  endfacet
  facet normal 0 0 1
    outer loop
      vertex 1.1799 -12.8595 6
      vertex 1.636 -12.3238 6
      vertex 1.63028 -12.2355 6
    endloop
  endfacet
  facet normal 0 0 1
    outer loop
      vertex 1.1799 -12.8595 6
      vertex 1.64418 -12.4072 6
      vertex 1.636 -12.3238 6
    endloop
  endfacet
  facet normal 0 0 1
    outer loop
      vertex 1.77736 -12.8826 6
      vertex 1.1799 -12.8595 6
      vertex 1.1799 -13.235 6
    endloop
  endfacet
  facet normal 0 0 1
    outer loop
      vertex 2.08501 -13.2224 6
      vertex 1.1799 -13.235 6
      vertex 1.95789 -14.8717 6
    endloop
  endfacet
  facet normal 0 0 1
    outer loop
      vertex 1.1799 -13.235 6
      vertex 0.981047 -14.9679 6
      vertex 1.95789 -14.8717 6
    endloop
  endfacet
  facet normal -0 0 1
    outer loop
      vertex 0.804337 -13.235 6
      vertex 0.981047 -14.9679 6
      vertex 1.1799 -13.235 6
    endloop
  endfacet
  facet normal 0 0 1
    outer loop
      vertex 1.63707 -11.7395 6
      vertex 0.278412 -11.1184 6
      vertex 0.158493 -11.293 6
    endloop
  endfacet
  facet normal 0 0 1
    outer loop
      vertex 1.63077 -11.8357 6
      vertex 0.158493 -11.293 6
      vertex 0.0472565 -11.4663 6
    endloop
  endfacet
  facet normal 0 0 1
    outer loop
      vertex 1.62703 -11.9369 6
      vertex 0.0472565 -11.4663 6
      vertex 0.804337 -12.8595 6
    endloop
  endfacet
  facet normal -0 0 1
    outer loop
      vertex -0.055481 -11.6387 6
      vertex 0.804337 -12.8595 6
      vertex 0.0472565 -11.4663 6
    endloop
  endfacet
  facet normal -0 0 1
    outer loop
      vertex -0.149948 -11.8109 6
      vertex 0.804337 -12.8595 6
      vertex -0.055481 -11.6387 6
    endloop
  endfacet
  facet normal -0 0 1
    outer loop
      vertex -0.236359 -11.9832 6
      vertex 0.804337 -12.8595 6
      vertex -0.149948 -11.8109 6
    endloop
  endfacet
  facet normal -0 0 1
    outer loop
      vertex -0.314911 -12.1561 6
      vertex 0.804337 -12.8595 6
      vertex -0.236359 -11.9832 6
    endloop
  endfacet
  facet normal -0 0 1
    outer loop
      vertex -0.385803 -12.3302 6
      vertex 0.804337 -12.8595 6
      vertex -0.314911 -12.1561 6
    endloop
  endfacet
  facet normal -0 0 1
    outer loop
      vertex -0.449265 -12.5059 6
      vertex 0.804337 -12.8595 6
      vertex -0.385803 -12.3302 6
    endloop
  endfacet
  facet normal -0 0 1
    outer loop
      vertex -0.505478 -12.6837 6
      vertex 0.804337 -12.8595 6
      vertex -0.449265 -12.5059 6
    endloop
  endfacet
  facet normal 0 0 1
    outer loop
      vertex -0.554657 -12.8642 6
      vertex 0.804337 -12.8595 6
      vertex -0.505478 -12.6837 6
    endloop
  endfacet
  facet normal 0 0 1
    outer loop
      vertex 0.804337 -12.8595 6
      vertex -0.554657 -12.8642 6
      vertex 0.804337 -13.235 6
    endloop
  endfacet
  facet normal -0 0 1
    outer loop
      vertex -0.597015 -13.0478 6
      vertex 0.804337 -13.235 6
      vertex -0.554657 -12.8642 6
    endloop
  endfacet
  facet normal 0 0 1
    outer loop
      vertex -0.632751 -13.235 6
      vertex 0.804337 -13.235 6
      vertex -0.597015 -13.0478 6
    endloop
  endfacet
  facet normal 0 -0 1
    outer loop
      vertex 0 -15 6
      vertex 0.804337 -13.235 6
      vertex -0.632751 -13.235 6
    endloop
  endfacet
  facet normal 0 0 1
    outer loop
      vertex 0.804337 -13.235 6
      vertex 0 -15 6
      vertex 0.981047 -14.9679 6
    endloop
  endfacet
  facet normal 0 0 1
    outer loop
      vertex -0.981047 -14.9679 6
      vertex -0.632751 -13.235 6
      vertex -0.972183 -13.235 6
    endloop
  endfacet
  facet normal 0 0 1
    outer loop
      vertex -0.632751 -13.235 6
      vertex -0.981047 -14.9679 6
      vertex 0 -15 6
    endloop
  endfacet
  facet normal 0 0 1
    outer loop
      vertex 3.26888 -11.3031 6
      vertex 3.2363 -12.0466 6
      vertex 3.27345 -12.1366 6
    endloop
  endfacet
  facet normal 0 0 1
    outer loop
      vertex 3.26888 -11.3031 6
      vertex 3.18968 -11.9638 6
      vertex 3.2363 -12.0466 6
    endloop
  endfacet
  facet normal 0 0 1
    outer loop
      vertex 3.26888 -11.3031 6
      vertex 3.13416 -11.8887 6
      vertex 3.18968 -11.9638 6
    endloop
  endfacet
  facet normal 0 0 1
    outer loop
      vertex 3.26888 -11.3031 6
      vertex 3.07022 -11.8219 6
      vertex 3.13416 -11.8887 6
    endloop
  endfacet
  facet normal 0 0 1
    outer loop
      vertex 3.26888 -11.3031 6
      vertex 2.9984 -11.7638 6
      vertex 3.07022 -11.8219 6
    endloop
  endfacet
  facet normal -0 0 1
    outer loop
      vertex 2.95107 -11.3031 6
      vertex 2.9984 -11.7638 6
      vertex 3.26888 -11.3031 6
    endloop
  endfacet
  facet normal 0 0 1
    outer loop
      vertex 2.64279 -11.6304 6
      vertex 2.95107 -11.3031 6
      vertex 2.93756 -11.2467 6
    endloop
  endfacet
  facet normal 0 0 1
    outer loop
      vertex 2.64279 -11.6304 6
      vertex 2.93756 -11.2467 6
      vertex 2.92044 -11.1942 6
    endloop
  endfacet
  facet normal 0 0 1
    outer loop
      vertex 2.95107 -11.3031 6
      vertex 2.91922 -11.7151 6
      vertex 2.9984 -11.7638 6
    endloop
  endfacet
  facet normal 0 0 1
    outer loop
      vertex 2.53941 -11.6245 6
      vertex 2.92044 -11.1942 6
      vertex 2.8998 -11.1458 6
    endloop
  endfacet
  facet normal 0 0 1
    outer loop
      vertex 2.53941 -11.6245 6
      vertex 2.8998 -11.1458 6
      vertex 2.87572 -11.1015 6
    endloop
  endfacet
  facet normal 0 0 1
    outer loop
      vertex 2.53941 -11.6245 6
      vertex 2.87572 -11.1015 6
      vertex 2.84833 -11.0615 6
    endloop
  endfacet
  facet normal 0 0 1
    outer loop
      vertex 2.95107 -11.3031 6
      vertex 2.83322 -11.6763 6
      vertex 2.91922 -11.7151 6
    endloop
  endfacet
  facet normal 0 0 1
    outer loop
      vertex 2.53941 -11.6245 6
      vertex 2.84833 -11.0615 6
      vertex 2.81772 -11.0258 6
    endloop
  endfacet
  facet normal 0 0 1
    outer loop
      vertex 2.53941 -11.6245 6
      vertex 2.81772 -11.0258 6
      vertex 2.78397 -10.9946 6
    endloop
  endfacet
  facet normal 0 0 1
    outer loop
      vertex 2.53941 -11.6245 6
      vertex 2.78397 -10.9946 6
      vertex 2.74719 -10.9679 6
    endloop
  endfacet
  facet normal 0 0 1
    outer loop
      vertex 2.95107 -11.3031 6
      vertex 2.74091 -11.6478 6
      vertex 2.83322 -11.6763 6
    endloop
  endfacet
  facet normal 0 0 1
    outer loop
      vertex 2.53941 -11.6245 6
      vertex 2.74719 -10.9679 6
      vertex 2.70749 -10.9458 6
    endloop
  endfacet
  facet normal 0 0 1
    outer loop
      vertex 2.53941 -11.6245 6
      vertex 2.70749 -10.9458 6
      vertex 2.66496 -10.9285 6
    endloop
  endfacet
  facet normal 0 0 1
    outer loop
      vertex 2.95107 -11.3031 6
      vertex 2.64279 -11.6304 6
      vertex 2.74091 -11.6478 6
    endloop
  endfacet
  facet normal 0 0 1
    outer loop
      vertex 2.53941 -11.6245 6
      vertex 2.66496 -10.9285 6
      vertex 2.61971 -10.916 6
    endloop
  endfacet
  facet normal 0 0 1
    outer loop
      vertex 2.53941 -11.6245 6
      vertex 2.61971 -10.916 6
      vertex 2.57181 -10.9084 6
    endloop
  endfacet
  facet normal 0 0 1
    outer loop
      vertex 2.92044 -11.1942 6
      vertex 2.53941 -11.6245 6
      vertex 2.64279 -11.6304 6
    endloop
  endfacet
  facet normal 0 0 1
    outer loop
      vertex 2.52138 -10.9059 6
      vertex 2.53941 -11.6245 6
      vertex 2.57181 -10.9084 6
    endloop
  endfacet
  facet normal -0 0 1
    outer loop
      vertex 2.44011 -10.9122 6
      vertex 2.53941 -11.6245 6
      vertex 2.52138 -10.9059 6
    endloop
  endfacet
  facet normal 0 0 1
    outer loop
      vertex 2.53941 -11.6245 6
      vertex 2.44011 -10.9122 6
      vertex 2.48204 -11.6261 6
    endloop
  endfacet
  facet normal -0 0 1
    outer loop
      vertex 2.3647 -10.931 6
      vertex 2.48204 -11.6261 6
      vertex 2.44011 -10.9122 6
    endloop
  endfacet
  facet normal -0 0 1
    outer loop
      vertex 2.29527 -10.9621 6
      vertex 2.48204 -11.6261 6
      vertex 2.3647 -10.931 6
    endloop
  endfacet
  facet normal -0 0 1
    outer loop
      vertex 2.2319 -11.0054 6
      vertex 2.48204 -11.6261 6
      vertex 2.29527 -10.9621 6
    endloop
  endfacet
  facet normal -0 0 1
    outer loop
      vertex 2.1747 -11.0606 6
      vertex 2.48204 -11.6261 6
      vertex 2.2319 -11.0054 6
    endloop
  endfacet
  facet normal 0 0 1
    outer loop
      vertex 2.48204 -11.6261 6
      vertex 2.1747 -11.0606 6
      vertex 2.42662 -11.6311 6
    endloop
  endfacet
  facet normal -0 0 1
    outer loop
      vertex 2.12376 -11.1276 6
      vertex 2.42662 -11.6311 6
      vertex 2.1747 -11.0606 6
    endloop
  endfacet
  facet normal -0 0 1
    outer loop
      vertex 2.07918 -11.2061 6
      vertex 2.42662 -11.6311 6
      vertex 2.12376 -11.1276 6
    endloop
  endfacet
  facet normal 0 0 1
    outer loop
      vertex 2.42662 -11.6311 6
      vertex 2.07918 -11.2061 6
      vertex 2.37315 -11.6395 6
    endloop
  endfacet
  facet normal -0 0 1
    outer loop
      vertex 2.04106 -11.296 6
      vertex 2.37315 -11.6395 6
      vertex 2.07918 -11.2061 6
    endloop
  endfacet
  facet normal 0 0 1
    outer loop
      vertex 2.37315 -11.6395 6
      vertex 2.04106 -11.296 6
      vertex 2.32169 -11.6512 6
    endloop
  endfacet
  facet normal -0 0 1
    outer loop
      vertex 2.00949 -11.3971 6
      vertex 2.32169 -11.6512 6
      vertex 2.04106 -11.296 6
    endloop
  endfacet
  facet normal 0 0 1
    outer loop
      vertex 2.32169 -11.6512 6
      vertex 2.00949 -11.3971 6
      vertex 2.2722 -11.6663 6
    endloop
  endfacet
  facet normal -0 0 1
    outer loop
      vertex 1.98459 -11.5092 6
      vertex 2.2722 -11.6663 6
      vertex 2.00949 -11.3971 6
    endloop
  endfacet
  facet normal 0 0 1
    outer loop
      vertex 2.2722 -11.6663 6
      vertex 1.98459 -11.5092 6
      vertex 2.22475 -11.6848 6
    endloop
  endfacet
  facet normal 0 0 1
    outer loop
      vertex 2.22475 -11.6848 6
      vertex 1.98459 -11.5092 6
      vertex 2.17932 -11.7067 6
    endloop
  endfacet
  facet normal -0 0 1
    outer loop
      vertex 1.96645 -11.6322 6
      vertex 2.17932 -11.7067 6
      vertex 1.98459 -11.5092 6
    endloop
  endfacet
  facet normal 0 0 1
    outer loop
      vertex 2.17932 -11.7067 6
      vertex 1.96645 -11.6322 6
      vertex 2.13597 -11.732 6
    endloop
  endfacet
  facet normal 0 0 1
    outer loop
      vertex 2.13597 -11.732 6
      vertex 1.96645 -11.6322 6
      vertex 2.0947 -11.7607 6
    endloop
  endfacet
  facet normal 0 0 1
    outer loop
      vertex 1.95514 -11.7657 6
      vertex 2.0947 -11.7607 6
      vertex 1.96645 -11.6322 6
    endloop
  endfacet
  facet normal 0 0 1
    outer loop
      vertex 2.0947 -11.7607 6
      vertex 1.95514 -11.7657 6
      vertex 2.05553 -11.7928 6
    endloop
  endfacet
  facet normal 0 0 1
    outer loop
      vertex 2.05553 -11.7928 6
      vertex 1.95514 -11.7657 6
      vertex 2.01846 -11.8283 6
    endloop
  endfacet
  facet normal 0 0 1
    outer loop
      vertex 2.01846 -11.8283 6
      vertex 1.95514 -11.7657 6
      vertex 1.98355 -11.8673 6
    endloop
  endfacet
  facet normal 0 0 1
    outer loop
      vertex 1.98355 -11.8673 6
      vertex 1.95514 -11.7657 6
      vertex 1.95081 -11.9097 6
    endloop
  endfacet
  facet normal 0 0 1
    outer loop
      vertex -0.972183 -13.235 6
      vertex -1.95789 -14.8717 6
      vertex -0.981047 -14.9679 6
    endloop
  endfacet
  facet normal 0 0 1
    outer loop
      vertex -2.92635 -14.7118 6
      vertex -2.17819 -13.235 6
      vertex -2.49597 -13.235 6
    endloop
  endfacet
  facet normal 0 0 1
    outer loop
      vertex -2.17819 -13.235 6
      vertex -2.92635 -14.7118 6
      vertex -1.95789 -14.8717 6
    endloop
  endfacet
  facet normal -0 0 1
    outer loop
      vertex 1.96887 -12.455 6
      vertex 2.99803 -12.4695 6
      vertex 2.99466 -12.3918 6
    endloop
  endfacet
  facet normal -0 0 1
    outer loop
      vertex 1.97266 -12.3818 6
      vertex 2.99466 -12.3918 6
      vertex 2.98471 -12.319 6
    endloop
  endfacet
  facet normal 0 -0 1
    outer loop
      vertex 1.97278 -12.5301 6
      vertex 2.99803 -12.4695 6
      vertex 1.96887 -12.455 6
    endloop
  endfacet
  facet normal 0 0 1
    outer loop
      vertex 2.42897 -11.91 6
      vertex 2.98471 -12.319 6
      vertex 2.96838 -12.2513 6
    endloop
  endfacet
  facet normal 0 0 1
    outer loop
      vertex 2.99803 -12.4695 6
      vertex 1.97278 -12.5301 6
      vertex 2.99425 -12.5436 6
    endloop
  endfacet
  facet normal 0 0 1
    outer loop
      vertex 2.49968 -11.9061 6
      vertex 2.96838 -12.2513 6
      vertex 2.94588 -12.1889 6
    endloop
  endfacet
  facet normal 0 -0 1
    outer loop
      vertex 1.98422 -12.6018 6
      vertex 2.99425 -12.5436 6
      vertex 1.97278 -12.5301 6
    endloop
  endfacet
  facet normal 0 0 1
    outer loop
      vertex 2.56844 -11.9099 6
      vertex 2.94588 -12.1889 6
      vertex 2.9174 -12.1321 6
    endloop
  endfacet
  facet normal 0 0 1
    outer loop
      vertex 2.99425 -12.5436 6
      vertex 1.98422 -12.6018 6
      vertex 2.98315 -12.6142 6
    endloop
  endfacet
  facet normal 0 0 1
    outer loop
      vertex 2.63287 -11.9212 6
      vertex 2.9174 -12.1321 6
      vertex 2.88318 -12.081 6
    endloop
  endfacet
  facet normal 0 -0 1
    outer loop
      vertex 2.00278 -12.6697 6
      vertex 2.98315 -12.6142 6
      vertex 1.98422 -12.6018 6
    endloop
  endfacet
  facet normal 0 0 1
    outer loop
      vertex 2.63287 -11.9212 6
      vertex 2.88318 -12.081 6
      vertex 2.8434 -12.036 6
    endloop
  endfacet
  facet normal 0 0 1
    outer loop
      vertex 2.98315 -12.6142 6
      vertex 2.00278 -12.6697 6
      vertex 2.96515 -12.6807 6
    endloop
  endfacet
  facet normal 0 0 1
    outer loop
      vertex 2.63287 -11.9212 6
      vertex 2.8434 -12.036 6
      vertex 2.79826 -11.9973 6
    endloop
  endfacet
  facet normal 0 0 1
    outer loop
      vertex 2.9406 -12.7428 6
      vertex 2.00278 -12.6697 6
      vertex 2.9099 -12.8001 6
    endloop
  endfacet
  facet normal 0 0 1
    outer loop
      vertex 2.63287 -11.9212 6
      vertex 2.79826 -11.9973 6
      vertex 2.748 -11.9651 6
    endloop
  endfacet
  facet normal 0 0 1
    outer loop
      vertex 2.9099 -12.8001 6
      vertex 2.00278 -12.6697 6
      vertex 2.87341 -12.8522 6
    endloop
  endfacet
  facet normal 0 0 1
    outer loop
      vertex 2.63287 -11.9212 6
      vertex 2.748 -11.9651 6
      vertex 2.69279 -11.9397 6
    endloop
  endfacet
  facet normal 0 0 1
    outer loop
      vertex 2.87341 -12.8522 6
      vertex 2.00278 -12.6697 6
      vertex 2.83156 -12.8986 6
    endloop
  endfacet
  facet normal 0 0 1
    outer loop
      vertex 2.9174 -12.1321 6
      vertex 2.63287 -11.9212 6
      vertex 2.56844 -11.9099 6
    endloop
  endfacet
  facet normal 0 0 1
    outer loop
      vertex 2.83156 -12.8986 6
      vertex 2.00278 -12.6697 6
      vertex 2.7847 -12.939 6
    endloop
  endfacet
  facet normal 0 0 1
    outer loop
      vertex 2.94588 -12.1889 6
      vertex 2.56844 -11.9099 6
      vertex 2.49968 -11.9061 6
    endloop
  endfacet
  facet normal 0 0 1
    outer loop
      vertex 2.7847 -12.939 6
      vertex 2.00278 -12.6697 6
      vertex 2.73323 -12.973 6
    endloop
  endfacet
  facet normal 0 0 1
    outer loop
      vertex 2.96838 -12.2513 6
      vertex 2.49968 -11.9061 6
      vertex 2.42897 -11.91 6
    endloop
  endfacet
  facet normal 0 0 1
    outer loop
      vertex 2.73323 -12.973 6
      vertex 2.00278 -12.6697 6
      vertex 2.67752 -13.0001 6
    endloop
  endfacet
  facet normal 0 0 1
    outer loop
      vertex 2.98471 -12.319 6
      vertex 2.42897 -11.91 6
      vertex 1.98383 -12.3126 6
    endloop
  endfacet
  facet normal 0 0 1
    outer loop
      vertex 2.67752 -13.0001 6
      vertex 2.00278 -12.6697 6
      vertex 2.61797 -13.02 6
    endloop
  endfacet
  facet normal 0 0 1
    outer loop
      vertex 1.98383 -12.3126 6
      vertex 2.42897 -11.91 6
      vertex 2.36205 -11.9216 6
    endloop
  endfacet
  facet normal 0 0 1
    outer loop
      vertex 2.61797 -13.02 6
      vertex 2.00278 -12.6697 6
      vertex 2.55496 -13.0322 6
    endloop
  endfacet
  facet normal 0 0 1
    outer loop
      vertex 1.98383 -12.3126 6
      vertex 2.36205 -11.9216 6
      vertex 2.29924 -11.9404 6
    endloop
  endfacet
  facet normal 0 0 1
    outer loop
      vertex 2.55496 -13.0322 6
      vertex 2.00278 -12.6697 6
      vertex 2.48888 -13.0364 6
    endloop
  endfacet
  facet normal 0 0 1
    outer loop
      vertex 1.98383 -12.3126 6
      vertex 2.29924 -11.9404 6
      vertex 2.24086 -11.9661 6
    endloop
  endfacet
  facet normal 0 0 1
    outer loop
      vertex 2.48888 -13.0364 6
      vertex 2.00278 -12.6697 6
      vertex 2.42189 -13.032 6
    endloop
  endfacet
  facet normal 0 0 1
    outer loop
      vertex 2.35788 -13.0193 6
      vertex 2.00278 -12.6697 6
      vertex 2.29727 -12.9986 6
    endloop
  endfacet
  facet normal 0 0 1
    outer loop
      vertex 1.98383 -12.3126 6
      vertex 2.24086 -11.9661 6
      vertex 2.18724 -11.9985 6
    endloop
  endfacet
  facet normal 0 0 1
    outer loop
      vertex 2.29727 -12.9986 6
      vertex 2.00278 -12.6697 6
      vertex 2.24046 -12.9704 6
    endloop
  endfacet
  facet normal 0 0 1
    outer loop
      vertex 1.98383 -12.3126 6
      vertex 2.18724 -11.9985 6
      vertex 2.13872 -12.0371 6
    endloop
  endfacet
  facet normal 0 0 1
    outer loop
      vertex 2.24046 -12.9704 6
      vertex 2.00278 -12.6697 6
      vertex 2.18788 -12.9353 6
    endloop
  endfacet
  facet normal 0 0 1
    outer loop
      vertex 1.98383 -12.3126 6
      vertex 2.13872 -12.0371 6
      vertex 2.09561 -12.0817 6
    endloop
  endfacet
  facet normal 0 0 1
    outer loop
      vertex 2.18788 -12.9353 6
      vertex 2.00278 -12.6697 6
      vertex 2.13994 -12.8935 6
    endloop
  endfacet
  facet normal 0 0 1
    outer loop
      vertex 1.98383 -12.3126 6
      vertex 2.09561 -12.0817 6
      vertex 2.05824 -12.1319 6
    endloop
  endfacet
  facet normal 0 0 1
    outer loop
      vertex 2.09703 -12.8456 6
      vertex 2.02805 -12.7332 6
      vertex 2.0596 -12.792 6
    endloop
  endfacet
  facet normal 0 0 1
    outer loop
      vertex 1.98383 -12.3126 6
      vertex 2.05824 -12.1319 6
      vertex 2.02693 -12.1873 6
    endloop
  endfacet
  facet normal 0 0 1
    outer loop
      vertex 2.09703 -12.8456 6
      vertex 2.00278 -12.6697 6
      vertex 2.02805 -12.7332 6
    endloop
  endfacet
  facet normal 0 0 1
    outer loop
      vertex 1.98383 -12.3126 6
      vertex 2.02693 -12.1873 6
      vertex 2.00201 -12.2477 6
    endloop
  endfacet
  facet normal 0 0 1
    outer loop
      vertex 2.13994 -12.8935 6
      vertex 2.00278 -12.6697 6
      vertex 2.09703 -12.8456 6
    endloop
  endfacet
  facet normal 0 0 1
    outer loop
      vertex 2.98471 -12.319 6
      vertex 1.98383 -12.3126 6
      vertex 1.97266 -12.3818 6
    endloop
  endfacet
  facet normal 0 0 1
    outer loop
      vertex 2.42189 -13.032 6
      vertex 2.00278 -12.6697 6
      vertex 2.35788 -13.0193 6
    endloop
  endfacet
  facet normal 0 0 1
    outer loop
      vertex 2.99466 -12.3918 6
      vertex 1.97266 -12.3818 6
      vertex 1.96887 -12.455 6
    endloop
  endfacet
  facet normal 0 0 1
    outer loop
      vertex 2.96515 -12.6807 6
      vertex 2.00278 -12.6697 6
      vertex 2.9406 -12.7428 6
    endloop
  endfacet
  facet normal -0.881926 0.471389 0
    outer loop
      vertex -13.4531 6.63433 0
      vertex -12.9904 7.5 6
      vertex -12.9904 7.5 0
    endloop
  endfacet
  facet normal -0.881926 0.471389 0
    outer loop
      vertex -12.9904 7.5 6
      vertex -13.4531 6.63433 0
      vertex -13.4531 6.63433 6
    endloop
  endfacet
  facet normal -0.773014 0.634389 0
    outer loop
      vertex -11.9003 9.13142 0
      vertex -11.2776 9.89019 6
      vertex -11.2776 9.89019 0
    endloop
  endfacet
  facet normal -0.773014 0.634389 0
    outer loop
      vertex -11.2776 9.89019 6
      vertex -11.9003 9.13142 0
      vertex -11.9003 9.13142 6
    endloop
  endfacet
  facet normal 0.773014 0.634389 0
    outer loop
      vertex 11.9003 9.13142 6
      vertex 11.2776 9.89019 0
      vertex 11.2776 9.89019 6
    endloop
  endfacet
  facet normal 0.773014 0.634389 0
    outer loop
      vertex 11.2776 9.89019 0
      vertex 11.9003 9.13142 6
      vertex 11.9003 9.13142 0
    endloop
  endfacet
  facet normal -0.227082 -0.973876 0
    outer loop
      vertex -3.88229 -14.4889 0
      vertex -2.92635 -14.7118 6
      vertex -3.88229 -14.4889 6
    endloop
  endfacet
  facet normal -0.227082 -0.973876 -0
    outer loop
      vertex -2.92635 -14.7118 6
      vertex -3.88229 -14.4889 0
      vertex -2.92635 -14.7118 0
    endloop
  endfacet
  facet normal 0.849172 -0.528116 0
    outer loop
      vertex 12.472 -8.33355 6
      vertex 12.9904 -7.5 0
      vertex 12.9904 -7.5 6
    endloop
  endfacet
  facet normal 0.849172 -0.528116 0
    outer loop
      vertex 12.9904 -7.5 0
      vertex 12.472 -8.33355 6
      vertex 12.472 -8.33355 0
    endloop
  endfacet
  facet normal -0.290253 -0.95695 0
    outer loop
      vertex -4.82159 -14.204 0
      vertex -3.88229 -14.4889 6
      vertex -4.82159 -14.204 6
    endloop
  endfacet
  facet normal -0.290253 -0.95695 -0
    outer loop
      vertex -3.88229 -14.4889 6
      vertex -4.82159 -14.204 0
      vertex -3.88229 -14.4889 0
    endloop
  endfacet
  facet normal -0.973876 -0.227082 0
    outer loop
      vertex -14.4889 -3.88229 0
      vertex -14.7118 -2.92635 6
      vertex -14.7118 -2.92635 0
    endloop
  endfacet
  facet normal -0.973876 -0.227082 0
    outer loop
      vertex -14.7118 -2.92635 6
      vertex -14.4889 -3.88229 0
      vertex -14.4889 -3.88229 6
    endloop
  endfacet
  facet normal -0.528116 0.849172 0
    outer loop
      vertex -7.5 12.9904 0
      vertex -8.33355 12.472 6
      vertex -7.5 12.9904 6
    endloop
  endfacet
  facet normal -0.528116 0.849172 0
    outer loop
      vertex -8.33355 12.472 6
      vertex -7.5 12.9904 0
      vertex -8.33355 12.472 0
    endloop
  endfacet
  facet normal -0.528116 -0.849172 0
    outer loop
      vertex -8.33355 -12.472 0
      vertex -7.5 -12.9904 6
      vertex -8.33355 -12.472 6
    endloop
  endfacet
  facet normal -0.528116 -0.849172 -0
    outer loop
      vertex -7.5 -12.9904 6
      vertex -8.33355 -12.472 0
      vertex -7.5 -12.9904 0
    endloop
  endfacet
  facet normal -0.999465 0.0327026 0
    outer loop
      vertex -15 0 0
      vertex -14.9679 0.981047 6
      vertex -14.9679 0.981047 0
    endloop
  endfacet
  facet normal -0.999465 0.0327026 0
    outer loop
      vertex -14.9679 0.981047 6
      vertex -15 0 0
      vertex -15 0 6
    endloop
  endfacet
  facet normal -0.910865 0.412705 0
    outer loop
      vertex -13.8582 5.74025 0
      vertex -13.4531 6.63433 6
      vertex -13.4531 6.63433 0
    endloop
  endfacet
  facet normal -0.910865 0.412705 0
    outer loop
      vertex -13.4531 6.63433 6
      vertex -13.8582 5.74025 0
      vertex -13.8582 5.74025 6
    endloop
  endfacet
  facet normal 0.227082 0.973876 -0
    outer loop
      vertex 3.88229 14.4889 0
      vertex 2.92635 14.7118 6
      vertex 3.88229 14.4889 6
    endloop
  endfacet
  facet normal 0.227082 0.973876 0
    outer loop
      vertex 2.92635 14.7118 6
      vertex 3.88229 14.4889 0
      vertex 2.92635 14.7118 0
    endloop
  endfacet
  facet normal -0.412705 -0.910865 0
    outer loop
      vertex -6.63433 -13.4531 0
      vertex -5.74025 -13.8582 6
      vertex -6.63433 -13.4531 6
    endloop
  endfacet
  facet normal -0.412705 -0.910865 -0
    outer loop
      vertex -5.74025 -13.8582 6
      vertex -6.63433 -13.4531 0
      vertex -5.74025 -13.8582 0
    endloop
  endfacet
  facet normal 0 1 -0
    outer loop
      vertex 5.08068 -8.8 0
      vertex -5.08068 -8.8 6
      vertex 5.08068 -8.8 6
    endloop
  endfacet
  facet normal 0 1 0
    outer loop
      vertex -5.08068 -8.8 6
      vertex 5.08068 -8.8 0
      vertex -5.08068 -8.8 0
    endloop
  endfacet
  facet normal -0.866024 0.500003 0
    outer loop
      vertex 5.08068 -8.8 0
      vertex 10.1614 0 6
      vertex 10.1614 0 0
    endloop
  endfacet
  facet normal -0.866024 0.500003 0
    outer loop
      vertex 10.1614 0 6
      vertex 5.08068 -8.8 0
      vertex 5.08068 -8.8 6
    endloop
  endfacet
  facet normal 0 -1 0
    outer loop
      vertex -5.08068 8.8 0
      vertex 5.08068 8.8 6
      vertex -5.08068 8.8 6
    endloop
  endfacet
  facet normal 0 -1 -0
    outer loop
      vertex 5.08068 8.8 6
      vertex -5.08068 8.8 0
      vertex 5.08068 8.8 0
    endloop
  endfacet
  facet normal -0.866024 -0.500003 0
    outer loop
      vertex 10.1614 0 0
      vertex 5.08068 8.8 6
      vertex 5.08068 8.8 0
    endloop
  endfacet
  facet normal -0.866024 -0.500003 0
    outer loop
      vertex 5.08068 8.8 6
      vertex 10.1614 0 0
      vertex 10.1614 0 6
    endloop
  endfacet
  facet normal 0.866024 -0.500003 0
    outer loop
      vertex -10.1614 0 6
      vertex -5.08068 8.8 0
      vertex -5.08068 8.8 6
    endloop
  endfacet
  facet normal 0.866024 -0.500003 0
    outer loop
      vertex -5.08068 8.8 0
      vertex -10.1614 0 6
      vertex -10.1614 0 0
    endloop
  endfacet
  facet normal 0.866024 0.500003 0
    outer loop
      vertex -5.08068 -8.8 6
      vertex -10.1614 0 0
      vertex -10.1614 0 6
    endloop
  endfacet
  facet normal 0.866024 0.500003 0
    outer loop
      vertex -10.1614 0 0
      vertex -5.08068 -8.8 6
      vertex -5.08068 -8.8 0
    endloop
  endfacet
  facet normal -0 0 1
    outer loop
      vertex -2.52527 -10.9532 5.5
      vertex -2.49597 -11.3753 5.5
      vertex -2.49304 -10.9061 5.5
    endloop
  endfacet
  facet normal -0 0 1
    outer loop
      vertex -2.56233 -10.9928 5.5
      vertex -2.49597 -11.3753 5.5
      vertex -2.52527 -10.9532 5.5
    endloop
  endfacet
  facet normal -0 0 1
    outer loop
      vertex -2.60551 -11.0259 5.5
      vertex -2.49597 -11.3753 5.5
      vertex -2.56233 -10.9928 5.5
    endloop
  endfacet
  facet normal -0 0 1
    outer loop
      vertex -2.65604 -11.0536 5.5
      vertex -2.49597 -11.3753 5.5
      vertex -2.60551 -11.0259 5.5
    endloop
  endfacet
  facet normal -0 0 1
    outer loop
      vertex -2.71518 -11.0768 5.5
      vertex -2.49597 -11.3753 5.5
      vertex -2.65604 -11.0536 5.5
    endloop
  endfacet
  facet normal -0 0 1
    outer loop
      vertex -2.78419 -11.0965 5.5
      vertex -2.49597 -11.3753 5.5
      vertex -2.71518 -11.0768 5.5
    endloop
  endfacet
  facet normal -0 0 1
    outer loop
      vertex -2.8643 -11.1136 5.5
      vertex -2.49597 -11.3753 5.5
      vertex -2.78419 -11.0965 5.5
    endloop
  endfacet
  facet normal 0 0 1
    outer loop
      vertex -3.0629 -11.3753 5.5
      vertex -2.8643 -11.1136 5.5
      vertex -2.9568 -11.1292 5.5
    endloop
  endfacet
  facet normal 0 0 1
    outer loop
      vertex -3.0629 -11.3753 5.5
      vertex -2.9568 -11.1292 5.5
      vertex -3.0629 -11.1442 5.5
    endloop
  endfacet
  facet normal 0 0 1
    outer loop
      vertex -2.8643 -11.1136 5.5
      vertex -3.0629 -11.3753 5.5
      vertex -2.49597 -11.3753 5.5
    endloop
  endfacet
  facet normal 0 0 1
    outer loop
      vertex -2.41296 -10.7107 5.5
      vertex -2.17819 -10.6242 5.5
      vertex -2.38763 -10.6242 5.5
    endloop
  endfacet
  facet normal 0 0 1
    outer loop
      vertex -2.43816 -10.7859 5.5
      vertex -2.17819 -10.6242 5.5
      vertex -2.41296 -10.7107 5.5
    endloop
  endfacet
  facet normal 0 0 1
    outer loop
      vertex -2.46442 -10.8507 5.5
      vertex -2.17819 -10.6242 5.5
      vertex -2.43816 -10.7859 5.5
    endloop
  endfacet
  facet normal 0 0 1
    outer loop
      vertex -2.49304 -10.9061 5.5
      vertex -2.17819 -10.6242 5.5
      vertex -2.46442 -10.8507 5.5
    endloop
  endfacet
  facet normal 0 0 1
    outer loop
      vertex -2.17819 -10.6242 5.5
      vertex -2.49304 -10.9061 5.5
      vertex -2.49597 -11.3753 5.5
    endloop
  endfacet
  facet normal 0 0 1
    outer loop
      vertex -2.17819 -10.6242 5.5
      vertex -2.49597 -11.3753 5.5
      vertex -2.17819 -13.235 5.5
    endloop
  endfacet
  facet normal 0 0 1
    outer loop
      vertex -2.17819 -13.235 5.5
      vertex -2.49597 -11.3753 5.5
      vertex -2.49597 -13.235 5.5
    endloop
  endfacet
  facet normal 0 0 1
    outer loop
      vertex 2.93756 -11.2467 5.5
      vertex 3.25096 -11.2078 5.5
      vertex 3.22577 -11.119 5.5
    endloop
  endfacet
  facet normal 0 0 1
    outer loop
      vertex 2.92044 -11.1942 5.5
      vertex 3.22577 -11.119 5.5
      vertex 3.19353 -11.0367 5.5
    endloop
  endfacet
  facet normal 0 0 1
    outer loop
      vertex 2.8998 -11.1458 5.5
      vertex 3.19353 -11.0367 5.5
      vertex 3.15453 -10.9613 5.5
    endloop
  endfacet
  facet normal 0 0 1
    outer loop
      vertex 2.87572 -11.1015 5.5
      vertex 3.15453 -10.9613 5.5
      vertex 3.10902 -10.8928 5.5
    endloop
  endfacet
  facet normal 0 0 1
    outer loop
      vertex 2.84833 -11.0615 5.5
      vertex 3.10902 -10.8928 5.5
      vertex 3.0573 -10.8316 5.5
    endloop
  endfacet
  facet normal 0 0 1
    outer loop
      vertex 2.81772 -11.0258 5.5
      vertex 3.0573 -10.8316 5.5
      vertex 2.9996 -10.7779 5.5
    endloop
  endfacet
  facet normal 0 0 1
    outer loop
      vertex 3.19353 -11.0367 5.5
      vertex 2.8998 -11.1458 5.5
      vertex 2.92044 -11.1942 5.5
    endloop
  endfacet
  facet normal 0 0 1
    outer loop
      vertex 3.25096 -11.2078 5.5
      vertex 2.95107 -11.3031 5.5
      vertex 3.26888 -11.3031 5.5
    endloop
  endfacet
  facet normal 0 0 1
    outer loop
      vertex 2.78397 -10.9946 5.5
      vertex 2.9996 -10.7779 5.5
      vertex 2.9362 -10.7318 5.5
    endloop
  endfacet
  facet normal 0 0 1
    outer loop
      vertex 3.25096 -11.2078 5.5
      vertex 2.93756 -11.2467 5.5
      vertex 2.95107 -11.3031 5.5
    endloop
  endfacet
  facet normal 0 0 1
    outer loop
      vertex 3.22577 -11.119 5.5
      vertex 2.92044 -11.1942 5.5
      vertex 2.93756 -11.2467 5.5
    endloop
  endfacet
  facet normal 0 0 1
    outer loop
      vertex 3.15453 -10.9613 5.5
      vertex 2.87572 -11.1015 5.5
      vertex 2.8998 -11.1458 5.5
    endloop
  endfacet
  facet normal 0 0 1
    outer loop
      vertex 2.74719 -10.9679 5.5
      vertex 2.9362 -10.7318 5.5
      vertex 2.86737 -10.6936 5.5
    endloop
  endfacet
  facet normal 0 0 1
    outer loop
      vertex 3.10902 -10.8928 5.5
      vertex 2.84833 -11.0615 5.5
      vertex 2.87572 -11.1015 5.5
    endloop
  endfacet
  facet normal 0 0 1
    outer loop
      vertex 3.0573 -10.8316 5.5
      vertex 2.81772 -11.0258 5.5
      vertex 2.84833 -11.0615 5.5
    endloop
  endfacet
  facet normal 0 0 1
    outer loop
      vertex 2.70749 -10.9458 5.5
      vertex 2.86737 -10.6936 5.5
      vertex 2.79337 -10.6636 5.5
    endloop
  endfacet
  facet normal 0 0 1
    outer loop
      vertex 2.9996 -10.7779 5.5
      vertex 2.78397 -10.9946 5.5
      vertex 2.81772 -11.0258 5.5
    endloop
  endfacet
  facet normal 0 0 1
    outer loop
      vertex 2.9362 -10.7318 5.5
      vertex 2.74719 -10.9679 5.5
      vertex 2.78397 -10.9946 5.5
    endloop
  endfacet
  facet normal 0 0 1
    outer loop
      vertex 2.66496 -10.9285 5.5
      vertex 2.79337 -10.6636 5.5
      vertex 2.71446 -10.6418 5.5
    endloop
  endfacet
  facet normal 0 0 1
    outer loop
      vertex 2.86737 -10.6936 5.5
      vertex 2.70749 -10.9458 5.5
      vertex 2.74719 -10.9679 5.5
    endloop
  endfacet
  facet normal 0 0 1
    outer loop
      vertex 2.79337 -10.6636 5.5
      vertex 2.66496 -10.9285 5.5
      vertex 2.70749 -10.9458 5.5
    endloop
  endfacet
  facet normal 0 0 1
    outer loop
      vertex 2.61971 -10.916 5.5
      vertex 2.71446 -10.6418 5.5
      vertex 2.63094 -10.6286 5.5
    endloop
  endfacet
  facet normal 0 0 1
    outer loop
      vertex 2.71446 -10.6418 5.5
      vertex 2.61971 -10.916 5.5
      vertex 2.66496 -10.9285 5.5
    endloop
  endfacet
  facet normal 0 0 1
    outer loop
      vertex 2.63094 -10.6286 5.5
      vertex 2.57181 -10.9084 5.5
      vertex 2.61971 -10.916 5.5
    endloop
  endfacet
  facet normal 0 0 1
    outer loop
      vertex 2.54303 -10.6242 5.5
      vertex 2.57181 -10.9084 5.5
      vertex 2.63094 -10.6286 5.5
    endloop
  endfacet
  facet normal 0 0 1
    outer loop
      vertex 2.54303 -10.6242 5.5
      vertex 2.52138 -10.9059 5.5
      vertex 2.57181 -10.9084 5.5
    endloop
  endfacet
  facet normal -0 0 1
    outer loop
      vertex 2.47858 -10.6266 5.5
      vertex 2.52138 -10.9059 5.5
      vertex 2.54303 -10.6242 5.5
    endloop
  endfacet
  facet normal 0 0 1
    outer loop
      vertex 2.47858 -10.6266 5.5
      vertex 2.44011 -10.9122 5.5
      vertex 2.52138 -10.9059 5.5
    endloop
  endfacet
  facet normal -0 0 1
    outer loop
      vertex 2.41534 -10.6338 5.5
      vertex 2.44011 -10.9122 5.5
      vertex 2.47858 -10.6266 5.5
    endloop
  endfacet
  facet normal -0 0 1
    outer loop
      vertex 2.35353 -10.6456 5.5
      vertex 2.44011 -10.9122 5.5
      vertex 2.41534 -10.6338 5.5
    endloop
  endfacet
  facet normal 0 0 1
    outer loop
      vertex 2.44011 -10.9122 5.5
      vertex 2.35353 -10.6456 5.5
      vertex 2.3647 -10.931 5.5
    endloop
  endfacet
  facet normal -0 0 1
    outer loop
      vertex 2.29333 -10.662 5.5
      vertex 2.3647 -10.931 5.5
      vertex 2.35353 -10.6456 5.5
    endloop
  endfacet
  facet normal -0 0 1
    outer loop
      vertex 2.23495 -10.6828 5.5
      vertex 2.3647 -10.931 5.5
      vertex 2.29333 -10.662 5.5
    endloop
  endfacet
  facet normal 0 0 1
    outer loop
      vertex 2.3647 -10.931 5.5
      vertex 2.23495 -10.6828 5.5
      vertex 2.29527 -10.9621 5.5
    endloop
  endfacet
  facet normal -0 0 1
    outer loop
      vertex 2.17859 -10.708 5.5
      vertex 2.29527 -10.9621 5.5
      vertex 2.23495 -10.6828 5.5
    endloop
  endfacet
  facet normal -0 0 1
    outer loop
      vertex 2.12444 -10.7373 5.5
      vertex 2.29527 -10.9621 5.5
      vertex 2.17859 -10.708 5.5
    endloop
  endfacet
  facet normal 0 0 1
    outer loop
      vertex 2.29527 -10.9621 5.5
      vertex 2.12444 -10.7373 5.5
      vertex 2.2319 -11.0054 5.5
    endloop
  endfacet
  facet normal -0 0 1
    outer loop
      vertex 2.07268 -10.7708 5.5
      vertex 2.2319 -11.0054 5.5
      vertex 2.12444 -10.7373 5.5
    endloop
  endfacet
  facet normal -0 0 1
    outer loop
      vertex 2.02353 -10.8083 5.5
      vertex 2.2319 -11.0054 5.5
      vertex 2.07268 -10.7708 5.5
    endloop
  endfacet
  facet normal 0 0 1
    outer loop
      vertex 2.2319 -11.0054 5.5
      vertex 2.02353 -10.8083 5.5
      vertex 2.1747 -11.0606 5.5
    endloop
  endfacet
  facet normal -0 0 1
    outer loop
      vertex 1.97717 -10.8497 5.5
      vertex 2.1747 -11.0606 5.5
      vertex 2.02353 -10.8083 5.5
    endloop
  endfacet
  facet normal -0 0 1
    outer loop
      vertex 1.93382 -10.8949 5.5
      vertex 2.1747 -11.0606 5.5
      vertex 1.97717 -10.8497 5.5
    endloop
  endfacet
  facet normal 0 0 1
    outer loop
      vertex 2.1747 -11.0606 5.5
      vertex 1.93382 -10.8949 5.5
      vertex 2.12376 -11.1276 5.5
    endloop
  endfacet
  facet normal -0 0 1
    outer loop
      vertex 1.89368 -10.9437 5.5
      vertex 2.12376 -11.1276 5.5
      vertex 1.93382 -10.8949 5.5
    endloop
  endfacet
  facet normal -0 0 1
    outer loop
      vertex 1.85692 -10.9961 5.5
      vertex 2.12376 -11.1276 5.5
      vertex 1.89368 -10.9437 5.5
    endloop
  endfacet
  facet normal 0 0 1
    outer loop
      vertex 2.12376 -11.1276 5.5
      vertex 1.85692 -10.9961 5.5
      vertex 2.07918 -11.2061 5.5
    endloop
  endfacet
  facet normal -0 0 1
    outer loop
      vertex 1.82108 -11.0564 5.5
      vertex 2.07918 -11.2061 5.5
      vertex 1.85692 -10.9961 5.5
    endloop
  endfacet
  facet normal -0 0 1
    outer loop
      vertex 1.78848 -11.1192 5.5
      vertex 2.07918 -11.2061 5.5
      vertex 1.82108 -11.0564 5.5
    endloop
  endfacet
  facet normal 0 0 1
    outer loop
      vertex 2.07918 -11.2061 5.5
      vertex 1.78848 -11.1192 5.5
      vertex 2.04106 -11.296 5.5
    endloop
  endfacet
  facet normal -0 0 1
    outer loop
      vertex 1.75911 -11.1846 5.5
      vertex 2.04106 -11.296 5.5
      vertex 1.78848 -11.1192 5.5
    endloop
  endfacet
  facet normal 0 0 1
    outer loop
      vertex 3.32303 -12.4442 5.5
      vertex 2.99466 -12.3918 5.5
      vertex 2.99803 -12.4695 5.5
    endloop
  endfacet
  facet normal 0 0 1
    outer loop
      vertex 3.07022 -11.8219 5.5
      vertex 2.98471 -12.319 5.5
      vertex 2.99466 -12.3918 5.5
    endloop
  endfacet
  facet normal 0 0 1
    outer loop
      vertex 3.07022 -11.8219 5.5
      vertex 2.96838 -12.2513 5.5
      vertex 2.98471 -12.319 5.5
    endloop
  endfacet
  facet normal 0 0 1
    outer loop
      vertex 3.07022 -11.8219 5.5
      vertex 2.94588 -12.1889 5.5
      vertex 2.96838 -12.2513 5.5
    endloop
  endfacet
  facet normal 0 0 1
    outer loop
      vertex 2.79826 -11.9973 5.5
      vertex 2.9984 -11.7638 5.5
      vertex 2.91922 -11.7151 5.5
    endloop
  endfacet
  facet normal 0 0 1
    outer loop
      vertex 3.07022 -11.8219 5.5
      vertex 2.9174 -12.1321 5.5
      vertex 2.94588 -12.1889 5.5
    endloop
  endfacet
  facet normal 0 0 1
    outer loop
      vertex 3.07022 -11.8219 5.5
      vertex 2.88318 -12.081 5.5
      vertex 2.9174 -12.1321 5.5
    endloop
  endfacet
  facet normal 0 0 1
    outer loop
      vertex 3.07022 -11.8219 5.5
      vertex 2.8434 -12.036 5.5
      vertex 2.88318 -12.081 5.5
    endloop
  endfacet
  facet normal 0 0 1
    outer loop
      vertex 2.748 -11.9651 5.5
      vertex 2.91922 -11.7151 5.5
      vertex 2.83322 -11.6763 5.5
    endloop
  endfacet
  facet normal 0 0 1
    outer loop
      vertex 2.9984 -11.7638 5.5
      vertex 2.79826 -11.9973 5.5
      vertex 2.8434 -12.036 5.5
    endloop
  endfacet
  facet normal 0 0 1
    outer loop
      vertex 2.91922 -11.7151 5.5
      vertex 2.748 -11.9651 5.5
      vertex 2.79826 -11.9973 5.5
    endloop
  endfacet
  facet normal 0 0 1
    outer loop
      vertex 2.69279 -11.9397 5.5
      vertex 2.83322 -11.6763 5.5
      vertex 2.74091 -11.6478 5.5
    endloop
  endfacet
  facet normal 0 0 1
    outer loop
      vertex 2.83322 -11.6763 5.5
      vertex 2.69279 -11.9397 5.5
      vertex 2.748 -11.9651 5.5
    endloop
  endfacet
  facet normal 0 0 1
    outer loop
      vertex 2.63287 -11.9212 5.5
      vertex 2.74091 -11.6478 5.5
      vertex 2.64279 -11.6304 5.5
    endloop
  endfacet
  facet normal 0 0 1
    outer loop
      vertex 2.74091 -11.6478 5.5
      vertex 2.63287 -11.9212 5.5
      vertex 2.69279 -11.9397 5.5
    endloop
  endfacet
  facet normal 0 0 1
    outer loop
      vertex 2.64279 -11.6304 5.5
      vertex 2.56844 -11.9099 5.5
      vertex 2.63287 -11.9212 5.5
    endloop
  endfacet
  facet normal 0 0 1
    outer loop
      vertex 2.53941 -11.6245 5.5
      vertex 2.56844 -11.9099 5.5
      vertex 2.64279 -11.6304 5.5
    endloop
  endfacet
  facet normal 0 0 1
    outer loop
      vertex 2.53941 -11.6245 5.5
      vertex 2.49968 -11.9061 5.5
      vertex 2.56844 -11.9099 5.5
    endloop
  endfacet
  facet normal -0 0 1
    outer loop
      vertex 2.48204 -11.6261 5.5
      vertex 2.49968 -11.9061 5.5
      vertex 2.53941 -11.6245 5.5
    endloop
  endfacet
  facet normal -0 0 1
    outer loop
      vertex 2.42662 -11.6311 5.5
      vertex 2.49968 -11.9061 5.5
      vertex 2.48204 -11.6261 5.5
    endloop
  endfacet
  facet normal 0 0 1
    outer loop
      vertex 2.49968 -11.9061 5.5
      vertex 2.42662 -11.6311 5.5
      vertex 2.42897 -11.91 5.5
    endloop
  endfacet
  facet normal -0 0 1
    outer loop
      vertex 2.37315 -11.6395 5.5
      vertex 2.42897 -11.91 5.5
      vertex 2.42662 -11.6311 5.5
    endloop
  endfacet
  facet normal -0 0 1
    outer loop
      vertex 2.32169 -11.6512 5.5
      vertex 2.42897 -11.91 5.5
      vertex 2.37315 -11.6395 5.5
    endloop
  endfacet
  facet normal 0 0 1
    outer loop
      vertex 2.42897 -11.91 5.5
      vertex 2.32169 -11.6512 5.5
      vertex 2.36205 -11.9216 5.5
    endloop
  endfacet
  facet normal -0 0 1
    outer loop
      vertex 2.2722 -11.6663 5.5
      vertex 2.36205 -11.9216 5.5
      vertex 2.32169 -11.6512 5.5
    endloop
  endfacet
  facet normal -0 0 1
    outer loop
      vertex 2.22475 -11.6848 5.5
      vertex 2.36205 -11.9216 5.5
      vertex 2.2722 -11.6663 5.5
    endloop
  endfacet
  facet normal 0 0 1
    outer loop
      vertex 2.36205 -11.9216 5.5
      vertex 2.22475 -11.6848 5.5
      vertex 2.29924 -11.9404 5.5
    endloop
  endfacet
  facet normal -0 0 1
    outer loop
      vertex 2.17932 -11.7067 5.5
      vertex 2.29924 -11.9404 5.5
      vertex 2.22475 -11.6848 5.5
    endloop
  endfacet
  facet normal -0 0 1
    outer loop
      vertex 2.13597 -11.732 5.5
      vertex 2.29924 -11.9404 5.5
      vertex 2.17932 -11.7067 5.5
    endloop
  endfacet
  facet normal 0 0 1
    outer loop
      vertex 2.29924 -11.9404 5.5
      vertex 2.13597 -11.732 5.5
      vertex 2.24086 -11.9661 5.5
    endloop
  endfacet
  facet normal -0 0 1
    outer loop
      vertex 2.0947 -11.7607 5.5
      vertex 2.24086 -11.9661 5.5
      vertex 2.13597 -11.732 5.5
    endloop
  endfacet
  facet normal -0 0 1
    outer loop
      vertex 2.05553 -11.7928 5.5
      vertex 2.24086 -11.9661 5.5
      vertex 2.0947 -11.7607 5.5
    endloop
  endfacet
  facet normal 0 0 1
    outer loop
      vertex 2.24086 -11.9661 5.5
      vertex 2.05553 -11.7928 5.5
      vertex 2.18724 -11.9985 5.5
    endloop
  endfacet
  facet normal -0 0 1
    outer loop
      vertex 2.01846 -11.8283 5.5
      vertex 2.18724 -11.9985 5.5
      vertex 2.05553 -11.7928 5.5
    endloop
  endfacet
  facet normal 0 0 1
    outer loop
      vertex 2.18724 -11.9985 5.5
      vertex 2.01846 -11.8283 5.5
      vertex 2.13872 -12.0371 5.5
    endloop
  endfacet
  facet normal -0 0 1
    outer loop
      vertex 1.98355 -11.8673 5.5
      vertex 2.13872 -12.0371 5.5
      vertex 2.01846 -11.8283 5.5
    endloop
  endfacet
  facet normal -0 0 1
    outer loop
      vertex 1.95081 -11.9097 5.5
      vertex 2.13872 -12.0371 5.5
      vertex 1.98355 -11.8673 5.5
    endloop
  endfacet
  facet normal 0 0 1
    outer loop
      vertex 2.13872 -12.0371 5.5
      vertex 1.95081 -11.9097 5.5
      vertex 2.09561 -12.0817 5.5
    endloop
  endfacet
  facet normal 0 0 1
    outer loop
      vertex 2.09561 -12.0817 5.5
      vertex 1.95081 -11.9097 5.5
      vertex 2.05824 -12.1319 5.5
    endloop
  endfacet
  facet normal 0 0 1
    outer loop
      vertex 2.05824 -12.1319 5.5
      vertex 1.95081 -11.9097 5.5
      vertex 2.02693 -12.1873 5.5
    endloop
  endfacet
  facet normal -0 0 1
    outer loop
      vertex 1.62691 -12.1422 5.5
      vertex 2.02693 -12.1873 5.5
      vertex 1.95081 -11.9097 5.5
    endloop
  endfacet
  facet normal 0 0 1
    outer loop
      vertex 2.02693 -12.1873 5.5
      vertex 1.62691 -12.1422 5.5
      vertex 2.00201 -12.2477 5.5
    endloop
  endfacet
  facet normal -0 -0 1
    outer loop
      vertex 1.63028 -12.2355 5.5
      vertex 2.00201 -12.2477 5.5
      vertex 1.62691 -12.1422 5.5
    endloop
  endfacet
  facet normal 0 0 1
    outer loop
      vertex 2.00201 -12.2477 5.5
      vertex 1.63028 -12.2355 5.5
      vertex 1.98383 -12.3126 5.5
    endloop
  endfacet
  facet normal 0 0 1
    outer loop
      vertex 1.98383 -12.3126 5.5
      vertex 1.636 -12.3238 5.5
      vertex 1.97266 -12.3818 5.5
    endloop
  endfacet
  facet normal -0 0 1
    outer loop
      vertex 1.73285 -11.253 5.5
      vertex 2.04106 -11.296 5.5
      vertex 1.75911 -11.1846 5.5
    endloop
  endfacet
  facet normal 0 0 1
    outer loop
      vertex 1.62579 -12.0433 5.5
      vertex 1.95081 -11.9097 5.5
      vertex 1.62703 -11.9369 5.5
    endloop
  endfacet
  facet normal 0 0 1
    outer loop
      vertex 2.04106 -11.296 5.5
      vertex 1.73285 -11.253 5.5
      vertex 2.00949 -11.3971 5.5
    endloop
  endfacet
  facet normal 0 -0 1
    outer loop
      vertex 1.62691 -12.1422 5.5
      vertex 1.95081 -11.9097 5.5
      vertex 1.62579 -12.0433 5.5
    endloop
  endfacet
  facet normal -0 0 1
    outer loop
      vertex 1.70964 -11.3245 5.5
      vertex 2.00949 -11.3971 5.5
      vertex 1.73285 -11.253 5.5
    endloop
  endfacet
  facet normal 0 -0 1
    outer loop
      vertex 1.636 -12.3238 5.5
      vertex 1.98383 -12.3126 5.5
      vertex 1.63028 -12.2355 5.5
    endloop
  endfacet
  facet normal 0 0 1
    outer loop
      vertex 1.68942 -11.3996 5.5
      vertex 2.00949 -11.3971 5.5
      vertex 1.70964 -11.3245 5.5
    endloop
  endfacet
  facet normal 0 -0 1
    outer loop
      vertex 1.64418 -12.4072 5.5
      vertex 1.97266 -12.3818 5.5
      vertex 1.636 -12.3238 5.5
    endloop
  endfacet
  facet normal 0 0 1
    outer loop
      vertex 2.00949 -11.3971 5.5
      vertex 1.68942 -11.3996 5.5
      vertex 1.98459 -11.5092 5.5
    endloop
  endfacet
  facet normal 0 0 1
    outer loop
      vertex 1.97266 -12.3818 5.5
      vertex 1.64418 -12.4072 5.5
      vertex 1.96887 -12.455 5.5
    endloop
  endfacet
  facet normal -0 0 1
    outer loop
      vertex 1.67213 -11.4783 5.5
      vertex 1.98459 -11.5092 5.5
      vertex 1.68942 -11.3996 5.5
    endloop
  endfacet
  facet normal 0 0 1
    outer loop
      vertex 1.96887 -12.455 5.5
      vertex 1.64418 -12.4072 5.5
      vertex 1.65489 -12.4861 5.5
    endloop
  endfacet
  facet normal 0 0 1
    outer loop
      vertex 1.98459 -11.5092 5.5
      vertex 1.67213 -11.4783 5.5
      vertex 1.96645 -11.6322 5.5
    endloop
  endfacet
  facet normal 0 0 1
    outer loop
      vertex 1.96887 -12.455 5.5
      vertex 1.65489 -12.4861 5.5
      vertex 1.66823 -12.5608 5.5
    endloop
  endfacet
  facet normal -0 0 1
    outer loop
      vertex 1.65768 -11.5611 5.5
      vertex 1.96645 -11.6322 5.5
      vertex 1.67213 -11.4783 5.5
    endloop
  endfacet
  facet normal 0 0 1
    outer loop
      vertex 1.96887 -12.455 5.5
      vertex 1.66823 -12.5608 5.5
      vertex 1.68428 -12.6317 5.5
    endloop
  endfacet
  facet normal 0 0 1
    outer loop
      vertex 1.64603 -11.648 5.5
      vertex 1.96645 -11.6322 5.5
      vertex 1.65768 -11.5611 5.5
    endloop
  endfacet
  facet normal 0 0 1
    outer loop
      vertex 1.96887 -12.455 5.5
      vertex 1.91187 -13.0842 5.5
      vertex 1.95096 -13.1243 5.5
    endloop
  endfacet
  facet normal 0 0 1
    outer loop
      vertex 1.96645 -11.6322 5.5
      vertex 1.64603 -11.648 5.5
      vertex 1.95514 -11.7657 5.5
    endloop
  endfacet
  facet normal 0 0 1
    outer loop
      vertex 1.95081 -11.9097 5.5
      vertex 1.63077 -11.8357 5.5
      vertex 1.62703 -11.9369 5.5
    endloop
  endfacet
  facet normal -0 0 1
    outer loop
      vertex 1.63707 -11.7395 5.5
      vertex 1.95514 -11.7657 5.5
      vertex 1.64603 -11.648 5.5
    endloop
  endfacet
  facet normal 0 0 1
    outer loop
      vertex 1.63077 -11.8357 5.5
      vertex 1.95514 -11.7657 5.5
      vertex 1.63707 -11.7395 5.5
    endloop
  endfacet
  facet normal 0 0 1
    outer loop
      vertex 1.95514 -11.7657 5.5
      vertex 1.63077 -11.8357 5.5
      vertex 1.95081 -11.9097 5.5
    endloop
  endfacet
  facet normal 0 0 1
    outer loop
      vertex 1.96887 -12.455 5.5
      vertex 1.87567 -13.0404 5.5
      vertex 1.91187 -13.0842 5.5
    endloop
  endfacet
  facet normal 0 -0 1
    outer loop
      vertex 1.87567 -13.0404 5.5
      vertex 1.96887 -12.455 5.5
      vertex 1.84248 -12.993 5.5
    endloop
  endfacet
  facet normal 0 0 1
    outer loop
      vertex 1.96887 -12.455 5.5
      vertex 1.77736 -12.8826 5.5
      vertex 1.8083 -12.9388 5.5
    endloop
  endfacet
  facet normal 0 0 1
    outer loop
      vertex 1.96887 -12.455 5.5
      vertex 1.74957 -12.8241 5.5
      vertex 1.77736 -12.8826 5.5
    endloop
  endfacet
  facet normal 0 0 1
    outer loop
      vertex 1.96887 -12.455 5.5
      vertex 1.72485 -12.763 5.5
      vertex 1.74957 -12.8241 5.5
    endloop
  endfacet
  facet normal 0 0 1
    outer loop
      vertex 1.96887 -12.455 5.5
      vertex 1.70312 -12.699 5.5
      vertex 1.72485 -12.763 5.5
    endloop
  endfacet
  facet normal 0 0 1
    outer loop
      vertex 1.96887 -12.455 5.5
      vertex 1.68428 -12.6317 5.5
      vertex 1.70312 -12.699 5.5
    endloop
  endfacet
  facet normal 0 -0 1
    outer loop
      vertex 1.84248 -12.993 5.5
      vertex 1.96887 -12.455 5.5
      vertex 1.8083 -12.9388 5.5
    endloop
  endfacet
  facet normal -0 0 1
    outer loop
      vertex 2.99466 -12.3918 5.5
      vertex 3.32303 -12.4442 5.5
      vertex 3.31735 -12.3359 5.5
    endloop
  endfacet
  facet normal 0 0 1
    outer loop
      vertex 2.99466 -12.3918 5.5
      vertex 3.31735 -12.3359 5.5
      vertex 3.30064 -12.2332 5.5
    endloop
  endfacet
  facet normal 0 0 1
    outer loop
      vertex 3.32303 -12.4442 5.5
      vertex 2.99803 -12.4695 5.5
      vertex 3.31691 -12.559 5.5
    endloop
  endfacet
  facet normal 0 0 1
    outer loop
      vertex 2.99466 -12.3918 5.5
      vertex 3.30064 -12.2332 5.5
      vertex 3.27345 -12.1366 5.5
    endloop
  endfacet
  facet normal -0 0 1
    outer loop
      vertex 2.99425 -12.5436 5.5
      vertex 3.31691 -12.559 5.5
      vertex 2.99803 -12.4695 5.5
    endloop
  endfacet
  facet normal 0 0 1
    outer loop
      vertex 2.99466 -12.3918 5.5
      vertex 3.27345 -12.1366 5.5
      vertex 3.2363 -12.0466 5.5
    endloop
  endfacet
  facet normal 0 0 1
    outer loop
      vertex 3.31691 -12.559 5.5
      vertex 2.99425 -12.5436 5.5
      vertex 3.29893 -12.6681 5.5
    endloop
  endfacet
  facet normal 0 0 1
    outer loop
      vertex 2.99466 -12.3918 5.5
      vertex 3.2363 -12.0466 5.5
      vertex 3.18968 -11.9638 5.5
    endloop
  endfacet
  facet normal -0 0 1
    outer loop
      vertex 2.98315 -12.6142 5.5
      vertex 3.29893 -12.6681 5.5
      vertex 2.99425 -12.5436 5.5
    endloop
  endfacet
  facet normal 0 0 1
    outer loop
      vertex 2.99466 -12.3918 5.5
      vertex 3.18968 -11.9638 5.5
      vertex 3.13416 -11.8887 5.5
    endloop
  endfacet
  facet normal 0 0 1
    outer loop
      vertex 3.29893 -12.6681 5.5
      vertex 2.98315 -12.6142 5.5
      vertex 3.26968 -12.7709 5.5
    endloop
  endfacet
  facet normal 0 0 1
    outer loop
      vertex 2.99466 -12.3918 5.5
      vertex 3.13416 -11.8887 5.5
      vertex 3.07022 -11.8219 5.5
    endloop
  endfacet
  facet normal -0 0 1
    outer loop
      vertex 2.96515 -12.6807 5.5
      vertex 3.26968 -12.7709 5.5
      vertex 2.98315 -12.6142 5.5
    endloop
  endfacet
  facet normal 0 0 1
    outer loop
      vertex 2.8434 -12.036 5.5
      vertex 3.07022 -11.8219 5.5
      vertex 2.9984 -11.7638 5.5
    endloop
  endfacet
  facet normal 0 0 1
    outer loop
      vertex 3.26968 -12.7709 5.5
      vertex 2.96515 -12.6807 5.5
      vertex 3.22975 -12.8667 5.5
    endloop
  endfacet
  facet normal -0 0 1
    outer loop
      vertex 2.9406 -12.7428 5.5
      vertex 3.22975 -12.8667 5.5
      vertex 2.96515 -12.6807 5.5
    endloop
  endfacet
  facet normal 0 0 1
    outer loop
      vertex 3.22975 -12.8667 5.5
      vertex 2.9406 -12.7428 5.5
      vertex 3.1797 -12.955 5.5
    endloop
  endfacet
  facet normal -0 0 1
    outer loop
      vertex 2.9099 -12.8001 5.5
      vertex 3.1797 -12.955 5.5
      vertex 2.9406 -12.7428 5.5
    endloop
  endfacet
  facet normal 0 0 1
    outer loop
      vertex 3.1797 -12.955 5.5
      vertex 2.9099 -12.8001 5.5
      vertex 3.12013 -13.0352 5.5
    endloop
  endfacet
  facet normal -0 0 1
    outer loop
      vertex 2.87341 -12.8522 5.5
      vertex 3.12013 -13.0352 5.5
      vertex 2.9099 -12.8001 5.5
    endloop
  endfacet
  facet normal 0 0 1
    outer loop
      vertex 3.12013 -13.0352 5.5
      vertex 2.87341 -12.8522 5.5
      vertex 3.05162 -13.1066 5.5
    endloop
  endfacet
  facet normal -0 0 1
    outer loop
      vertex 2.83156 -12.8986 5.5
      vertex 3.05162 -13.1066 5.5
      vertex 2.87341 -12.8522 5.5
    endloop
  endfacet
  facet normal 0 0 1
    outer loop
      vertex 3.05162 -13.1066 5.5
      vertex 2.83156 -12.8986 5.5
      vertex 2.97473 -13.1687 5.5
    endloop
  endfacet
  facet normal -0 0 1
    outer loop
      vertex 2.7847 -12.939 5.5
      vertex 2.97473 -13.1687 5.5
      vertex 2.83156 -12.8986 5.5
    endloop
  endfacet
  facet normal 0 0 1
    outer loop
      vertex 2.97473 -13.1687 5.5
      vertex 2.7847 -12.939 5.5
      vertex 2.89008 -13.2209 5.5
    endloop
  endfacet
  facet normal -0 0 1
    outer loop
      vertex 2.73323 -12.973 5.5
      vertex 2.89008 -13.2209 5.5
      vertex 2.7847 -12.939 5.5
    endloop
  endfacet
  facet normal 0 0 1
    outer loop
      vertex 2.89008 -13.2209 5.5
      vertex 2.73323 -12.973 5.5
      vertex 2.79822 -13.2625 5.5
    endloop
  endfacet
  facet normal -0 0 1
    outer loop
      vertex 2.67752 -13.0001 5.5
      vertex 2.79822 -13.2625 5.5
      vertex 2.73323 -12.973 5.5
    endloop
  endfacet
  facet normal 0 0 1
    outer loop
      vertex 2.79822 -13.2625 5.5
      vertex 2.67752 -13.0001 5.5
      vertex 2.69974 -13.2929 5.5
    endloop
  endfacet
  facet normal -0 0 1
    outer loop
      vertex 2.61797 -13.02 5.5
      vertex 2.69974 -13.2929 5.5
      vertex 2.67752 -13.0001 5.5
    endloop
  endfacet
  facet normal 0 0 1
    outer loop
      vertex 2.61797 -13.02 5.5
      vertex 2.59523 -13.3117 5.5
      vertex 2.69974 -13.2929 5.5
    endloop
  endfacet
  facet normal -0 0 1
    outer loop
      vertex 2.55496 -13.0322 5.5
      vertex 2.59523 -13.3117 5.5
      vertex 2.61797 -13.02 5.5
    endloop
  endfacet
  facet normal -0 0 1
    outer loop
      vertex 2.48888 -13.0364 5.5
      vertex 2.59523 -13.3117 5.5
      vertex 2.55496 -13.0322 5.5
    endloop
  endfacet
  facet normal 0 0 1
    outer loop
      vertex 2.48888 -13.0364 5.5
      vertex 2.48526 -13.318 5.5
      vertex 2.59523 -13.3117 5.5
    endloop
  endfacet
  facet normal 0 0 1
    outer loop
      vertex 2.4213 -13.3161 5.5
      vertex 2.48888 -13.0364 5.5
      vertex 2.42189 -13.032 5.5
    endloop
  endfacet
  facet normal 0 0 1
    outer loop
      vertex 2.48888 -13.0364 5.5
      vertex 2.4213 -13.3161 5.5
      vertex 2.48526 -13.318 5.5
    endloop
  endfacet
  facet normal 0 0 1
    outer loop
      vertex 2.42189 -13.032 5.5
      vertex 2.35945 -13.3101 5.5
      vertex 2.4213 -13.3161 5.5
    endloop
  endfacet
  facet normal 0 0 1
    outer loop
      vertex 2.35788 -13.0193 5.5
      vertex 2.35945 -13.3101 5.5
      vertex 2.42189 -13.032 5.5
    endloop
  endfacet
  facet normal 0 0 1
    outer loop
      vertex 2.35788 -13.0193 5.5
      vertex 2.29984 -13.3003 5.5
      vertex 2.35945 -13.3101 5.5
    endloop
  endfacet
  facet normal 0 0 1
    outer loop
      vertex 2.24249 -13.2866 5.5
      vertex 2.35788 -13.0193 5.5
      vertex 2.29727 -12.9986 5.5
    endloop
  endfacet
  facet normal 0 0 1
    outer loop
      vertex 2.35788 -13.0193 5.5
      vertex 2.24249 -13.2866 5.5
      vertex 2.29984 -13.3003 5.5
    endloop
  endfacet
  facet normal 0 0 1
    outer loop
      vertex 2.13501 -13.2476 5.5
      vertex 2.29727 -12.9986 5.5
      vertex 2.24046 -12.9704 5.5
    endloop
  endfacet
  facet normal 0 0 1
    outer loop
      vertex 2.03761 -13.1934 5.5
      vertex 2.24046 -12.9704 5.5
      vertex 2.18788 -12.9353 5.5
    endloop
  endfacet
  facet normal 0 0 1
    outer loop
      vertex 2.29727 -12.9986 5.5
      vertex 2.18753 -13.269 5.5
      vertex 2.24249 -13.2866 5.5
    endloop
  endfacet
  facet normal 0 0 1
    outer loop
      vertex 1.95096 -13.1243 5.5
      vertex 2.18788 -12.9353 5.5
      vertex 2.13994 -12.8935 5.5
    endloop
  endfacet
  facet normal 0 0 1
    outer loop
      vertex 2.29727 -12.9986 5.5
      vertex 2.13501 -13.2476 5.5
      vertex 2.18753 -13.269 5.5
    endloop
  endfacet
  facet normal 0 0 1
    outer loop
      vertex 1.95096 -13.1243 5.5
      vertex 2.13994 -12.8935 5.5
      vertex 2.09703 -12.8456 5.5
    endloop
  endfacet
  facet normal 0 0 1
    outer loop
      vertex 2.24046 -12.9704 5.5
      vertex 2.08501 -13.2224 5.5
      vertex 2.13501 -13.2476 5.5
    endloop
  endfacet
  facet normal 0 0 1
    outer loop
      vertex 1.95096 -13.1243 5.5
      vertex 2.09703 -12.8456 5.5
      vertex 2.0596 -12.792 5.5
    endloop
  endfacet
  facet normal 0 0 1
    outer loop
      vertex 2.24046 -12.9704 5.5
      vertex 2.03761 -13.1934 5.5
      vertex 2.08501 -13.2224 5.5
    endloop
  endfacet
  facet normal 0 0 1
    outer loop
      vertex 1.95096 -13.1243 5.5
      vertex 2.0596 -12.792 5.5
      vertex 2.02805 -12.7332 5.5
    endloop
  endfacet
  facet normal 0 0 1
    outer loop
      vertex 1.95096 -13.1243 5.5
      vertex 2.02805 -12.7332 5.5
      vertex 2.00278 -12.6697 5.5
    endloop
  endfacet
  facet normal 0 0 1
    outer loop
      vertex 2.18788 -12.9353 5.5
      vertex 1.9929 -13.1607 5.5
      vertex 2.03761 -13.1934 5.5
    endloop
  endfacet
  facet normal 0 0 1
    outer loop
      vertex 1.95096 -13.1243 5.5
      vertex 2.00278 -12.6697 5.5
      vertex 1.98422 -12.6018 5.5
    endloop
  endfacet
  facet normal 0 0 1
    outer loop
      vertex 1.95096 -13.1243 5.5
      vertex 1.98422 -12.6018 5.5
      vertex 1.97278 -12.5301 5.5
    endloop
  endfacet
  facet normal 0 0 1
    outer loop
      vertex 1.95096 -13.1243 5.5
      vertex 1.97278 -12.5301 5.5
      vertex 1.96887 -12.455 5.5
    endloop
  endfacet
  facet normal 0 0 1
    outer loop
      vertex 2.18788 -12.9353 5.5
      vertex 1.95096 -13.1243 5.5
      vertex 1.9929 -13.1607 5.5
    endloop
  endfacet
  facet normal 0 0 1
    outer loop
      vertex 0.0786133 -10.9889 5.5
      vertex 0.407227 -10.9419 5.5
      vertex 0.407227 -10.6747 5.5
    endloop
  endfacet
  facet normal 0 0 1
    outer loop
      vertex 0.407227 -10.9419 5.5
      vertex 0.0786133 -10.9889 5.5
      vertex 0.278412 -11.1184 5.5
    endloop
  endfacet
  facet normal 0 0 1
    outer loop
      vertex 0.278412 -11.1184 5.5
      vertex 0.0786133 -10.9889 5.5
      vertex 0.158493 -11.293 5.5
    endloop
  endfacet
  facet normal -0 0 1
    outer loop
      vertex -1.30441 -10.6747 5.5
      vertex 0.0786133 -10.9889 5.5
      vertex 0.407227 -10.6747 5.5
    endloop
  endfacet
  facet normal 0 0 1
    outer loop
      vertex 0.0786133 -10.9889 5.5
      vertex -1.30441 -10.6747 5.5
      vertex -1.30441 -10.9889 5.5
    endloop
  endfacet
  facet normal -0 0 1
    outer loop
      vertex -0.0559235 -11.1841 5.5
      vertex 0.158493 -11.293 5.5
      vertex 0.0786133 -10.9889 5.5
    endloop
  endfacet
  facet normal 0 0 1
    outer loop
      vertex 0.158493 -11.293 5.5
      vertex -0.0559235 -11.1841 5.5
      vertex 0.0472565 -11.4663 5.5
    endloop
  endfacet
  facet normal -0 0 1
    outer loop
      vertex -0.178497 -11.369 5.5
      vertex 0.0472565 -11.4663 5.5
      vertex -0.0559235 -11.1841 5.5
    endloop
  endfacet
  facet normal 0 0 1
    outer loop
      vertex 0.0472565 -11.4663 5.5
      vertex -0.178497 -11.369 5.5
      vertex -0.055481 -11.6387 5.5
    endloop
  endfacet
  facet normal -0 0 1
    outer loop
      vertex -0.289902 -11.5456 5.5
      vertex -0.055481 -11.6387 5.5
      vertex -0.178497 -11.369 5.5
    endloop
  endfacet
  facet normal 0 0 1
    outer loop
      vertex -0.055481 -11.6387 5.5
      vertex -0.289902 -11.5456 5.5
      vertex -0.149948 -11.8109 5.5
    endloop
  endfacet
  facet normal -0 0 1
    outer loop
      vertex -0.390976 -11.7156 5.5
      vertex -0.149948 -11.8109 5.5
      vertex -0.289902 -11.5456 5.5
    endloop
  endfacet
  facet normal 0 0 1
    outer loop
      vertex -0.149948 -11.8109 5.5
      vertex -0.390976 -11.7156 5.5
      vertex -0.236359 -11.9832 5.5
    endloop
  endfacet
  facet normal -0 0 1
    outer loop
      vertex -0.482529 -11.8806 5.5
      vertex -0.236359 -11.9832 5.5
      vertex -0.390976 -11.7156 5.5
    endloop
  endfacet
  facet normal 0 0 1
    outer loop
      vertex -0.236359 -11.9832 5.5
      vertex -0.482529 -11.8806 5.5
      vertex -0.314911 -12.1561 5.5
    endloop
  endfacet
  facet normal -0 0 1
    outer loop
      vertex -0.565414 -12.0425 5.5
      vertex -0.314911 -12.1561 5.5
      vertex -0.482529 -11.8806 5.5
    endloop
  endfacet
  facet normal 0 0 1
    outer loop
      vertex -0.640442 -12.2029 5.5
      vertex -0.314911 -12.1561 5.5
      vertex -0.565414 -12.0425 5.5
    endloop
  endfacet
  facet normal 0 0 1
    outer loop
      vertex -0.314911 -12.1561 5.5
      vertex -0.640442 -12.2029 5.5
      vertex -0.385803 -12.3302 5.5
    endloop
  endfacet
  facet normal 0 0 1
    outer loop
      vertex -0.708466 -12.3638 5.5
      vertex -0.385803 -12.3302 5.5
      vertex -0.640442 -12.2029 5.5
    endloop
  endfacet
  facet normal 0 0 1
    outer loop
      vertex -0.385803 -12.3302 5.5
      vertex -0.708466 -12.3638 5.5
      vertex -0.449265 -12.5059 5.5
    endloop
  endfacet
  facet normal 0 0 1
    outer loop
      vertex -0.770279 -12.5268 5.5
      vertex -0.449265 -12.5059 5.5
      vertex -0.708466 -12.3638 5.5
    endloop
  endfacet
  facet normal 0 0 1
    outer loop
      vertex -0.449265 -12.5059 5.5
      vertex -0.770279 -12.5268 5.5
      vertex -0.505478 -12.6837 5.5
    endloop
  endfacet
  facet normal 0 0 1
    outer loop
      vertex -0.826736 -12.6936 5.5
      vertex -0.505478 -12.6837 5.5
      vertex -0.770279 -12.5268 5.5
    endloop
  endfacet
  facet normal 0 0 1
    outer loop
      vertex -0.505478 -12.6837 5.5
      vertex -0.826736 -12.6936 5.5
      vertex -0.554657 -12.8642 5.5
    endloop
  endfacet
  facet normal 0 0 1
    outer loop
      vertex -0.878647 -12.8661 5.5
      vertex -0.554657 -12.8642 5.5
      vertex -0.826736 -12.6936 5.5
    endloop
  endfacet
  facet normal 0 0 1
    outer loop
      vertex -0.554657 -12.8642 5.5
      vertex -0.878647 -12.8661 5.5
      vertex -0.597015 -13.0478 5.5
    endloop
  endfacet
  facet normal -0 0 1
    outer loop
      vertex -0.926849 -13.046 5.5
      vertex -0.597015 -13.0478 5.5
      vertex -0.878647 -12.8661 5.5
    endloop
  endfacet
  facet normal 0 0 1
    outer loop
      vertex -0.597015 -13.0478 5.5
      vertex -0.926849 -13.046 5.5
      vertex -0.632751 -13.235 5.5
    endloop
  endfacet
  facet normal 0 0 1
    outer loop
      vertex -0.632751 -13.235 5.5
      vertex -0.926849 -13.046 5.5
      vertex -0.972183 -13.235 5.5
    endloop
  endfacet
  facet normal -0 0 1
    outer loop
      vertex 0.804337 -12.8595 5.5
      vertex 1.1799 -13.235 5.5
      vertex 1.1799 -12.8595 5.5
    endloop
  endfacet
  facet normal 0 0 1
    outer loop
      vertex 1.1799 -13.235 5.5
      vertex 0.804337 -12.8595 5.5
      vertex 0.804337 -13.235 5.5
    endloop
  endfacet
  facet normal 0 -1 0
    outer loop
      vertex -2.38763 -10.6242 5.5
      vertex -2.17819 -10.6242 6
      vertex -2.38763 -10.6242 6
    endloop
  endfacet
  facet normal 0 -1 -0
    outer loop
      vertex -2.17819 -10.6242 6
      vertex -2.38763 -10.6242 5.5
      vertex -2.17819 -10.6242 5.5
    endloop
  endfacet
  facet normal 0.959699 -0.281031 0
    outer loop
      vertex -2.41296 -10.7107 6
      vertex -2.38763 -10.6242 5.5
      vertex -2.38763 -10.6242 6
    endloop
  endfacet
  facet normal 0.959699 -0.281031 0
    outer loop
      vertex -2.38763 -10.6242 5.5
      vertex -2.41296 -10.7107 6
      vertex -2.41296 -10.7107 5.5
    endloop
  endfacet
  facet normal 0.948178 -0.31774 0
    outer loop
      vertex -2.43816 -10.7859 6
      vertex -2.41296 -10.7107 5.5
      vertex -2.41296 -10.7107 6
    endloop
  endfacet
  facet normal 0.948178 -0.31774 0
    outer loop
      vertex -2.41296 -10.7107 5.5
      vertex -2.43816 -10.7859 6
      vertex -2.43816 -10.7859 5.5
    endloop
  endfacet
  facet normal 0.92679 -0.375579 0
    outer loop
      vertex -2.46442 -10.8507 6
      vertex -2.43816 -10.7859 5.5
      vertex -2.43816 -10.7859 6
    endloop
  endfacet
  facet normal 0.92679 -0.375579 0
    outer loop
      vertex -2.43816 -10.7859 5.5
      vertex -2.46442 -10.8507 6
      vertex -2.46442 -10.8507 5.5
    endloop
  endfacet
  facet normal 0.888448 -0.458978 0
    outer loop
      vertex -2.49304 -10.9061 6
      vertex -2.46442 -10.8507 5.5
      vertex -2.46442 -10.8507 6
    endloop
  endfacet
  facet normal 0.888448 -0.458978 0
    outer loop
      vertex -2.46442 -10.8507 5.5
      vertex -2.49304 -10.9061 6
      vertex -2.49304 -10.9061 5.5
    endloop
  endfacet
  facet normal 0.825277 -0.564728 0
    outer loop
      vertex -2.52527 -10.9532 6
      vertex -2.49304 -10.9061 5.5
      vertex -2.49304 -10.9061 6
    endloop
  endfacet
  facet normal 0.825277 -0.564728 0
    outer loop
      vertex -2.49304 -10.9061 5.5
      vertex -2.52527 -10.9532 6
      vertex -2.52527 -10.9532 5.5
    endloop
  endfacet
  facet normal 0.730135 -0.683303 0
    outer loop
      vertex -2.56233 -10.9928 6
      vertex -2.52527 -10.9532 5.5
      vertex -2.52527 -10.9532 6
    endloop
  endfacet
  facet normal 0.730135 -0.683303 0
    outer loop
      vertex -2.52527 -10.9532 5.5
      vertex -2.56233 -10.9928 6
      vertex -2.56233 -10.9928 5.5
    endloop
  endfacet
  facet normal 0.608378 -0.793648 0
    outer loop
      vertex -2.60551 -11.0259 5.5
      vertex -2.56233 -10.9928 6
      vertex -2.60551 -11.0259 6
    endloop
  endfacet
  facet normal 0.608378 -0.793648 0
    outer loop
      vertex -2.56233 -10.9928 6
      vertex -2.60551 -11.0259 5.5
      vertex -2.56233 -10.9928 5.5
    endloop
  endfacet
  facet normal 0.480699 -0.876886 0
    outer loop
      vertex -2.65604 -11.0536 5.5
      vertex -2.60551 -11.0259 6
      vertex -2.65604 -11.0536 6
    endloop
  endfacet
  facet normal 0.480699 -0.876886 0
    outer loop
      vertex -2.60551 -11.0259 6
      vertex -2.65604 -11.0536 5.5
      vertex -2.60551 -11.0259 5.5
    endloop
  endfacet
  facet normal 0.365195 -0.930931 0
    outer loop
      vertex -2.71518 -11.0768 5.5
      vertex -2.65604 -11.0536 6
      vertex -2.71518 -11.0768 6
    endloop
  endfacet
  facet normal 0.365195 -0.930931 0
    outer loop
      vertex -2.65604 -11.0536 6
      vertex -2.71518 -11.0768 5.5
      vertex -2.65604 -11.0536 5.5
    endloop
  endfacet
  facet normal 0.2745 -0.961587 0
    outer loop
      vertex -2.78419 -11.0965 5.5
      vertex -2.71518 -11.0768 6
      vertex -2.78419 -11.0965 6
    endloop
  endfacet
  facet normal 0.2745 -0.961587 0
    outer loop
      vertex -2.71518 -11.0768 6
      vertex -2.78419 -11.0965 5.5
      vertex -2.71518 -11.0768 5.5
    endloop
  endfacet
  facet normal 0.208754 -0.977968 0
    outer loop
      vertex -2.8643 -11.1136 5.5
      vertex -2.78419 -11.0965 6
      vertex -2.8643 -11.1136 6
    endloop
  endfacet
  facet normal 0.208754 -0.977968 0
    outer loop
      vertex -2.78419 -11.0965 6
      vertex -2.8643 -11.1136 5.5
      vertex -2.78419 -11.0965 5.5
    endloop
  endfacet
  facet normal 0.1663 -0.986075 0
    outer loop
      vertex -2.9568 -11.1292 5.5
      vertex -2.8643 -11.1136 6
      vertex -2.9568 -11.1292 6
    endloop
  endfacet
  facet normal 0.1663 -0.986075 0
    outer loop
      vertex -2.8643 -11.1136 6
      vertex -2.9568 -11.1292 5.5
      vertex -2.8643 -11.1136 5.5
    endloop
  endfacet
  facet normal 0.139984 -0.990154 0
    outer loop
      vertex -3.0629 -11.1442 5.5
      vertex -2.9568 -11.1292 6
      vertex -3.0629 -11.1442 6
    endloop
  endfacet
  facet normal 0.139984 -0.990154 0
    outer loop
      vertex -2.9568 -11.1292 6
      vertex -3.0629 -11.1442 5.5
      vertex -2.9568 -11.1292 5.5
    endloop
  endfacet
  facet normal 1 -0 0
    outer loop
      vertex -3.0629 -11.3753 6
      vertex -3.0629 -11.1442 5.5
      vertex -3.0629 -11.1442 6
    endloop
  endfacet
  facet normal 1 0 0
    outer loop
      vertex -3.0629 -11.1442 5.5
      vertex -3.0629 -11.3753 6
      vertex -3.0629 -11.3753 5.5
    endloop
  endfacet
  facet normal 0 1 -0
    outer loop
      vertex -2.49597 -11.3753 5.5
      vertex -3.0629 -11.3753 6
      vertex -2.49597 -11.3753 6
    endloop
  endfacet
  facet normal 0 1 0
    outer loop
      vertex -3.0629 -11.3753 6
      vertex -2.49597 -11.3753 5.5
      vertex -3.0629 -11.3753 5.5
    endloop
  endfacet
  facet normal 1 -0 0
    outer loop
      vertex -2.49597 -13.235 6
      vertex -2.49597 -11.3753 5.5
      vertex -2.49597 -11.3753 6
    endloop
  endfacet
  facet normal 1 0 0
    outer loop
      vertex -2.49597 -11.3753 5.5
      vertex -2.49597 -13.235 6
      vertex -2.49597 -13.235 5.5
    endloop
  endfacet
  facet normal 0 1 -0
    outer loop
      vertex -2.17819 -13.235 5.5
      vertex -2.49597 -13.235 6
      vertex -2.17819 -13.235 6
    endloop
  endfacet
  facet normal 0 1 0
    outer loop
      vertex -2.49597 -13.235 6
      vertex -2.17819 -13.235 5.5
      vertex -2.49597 -13.235 5.5
    endloop
  endfacet
  facet normal -1 0 0
    outer loop
      vertex -2.17819 -13.235 5.5
      vertex -2.17819 -10.6242 6
      vertex -2.17819 -10.6242 5.5
    endloop
  endfacet
  facet normal -1 -0 0
    outer loop
      vertex -2.17819 -10.6242 6
      vertex -2.17819 -13.235 5.5
      vertex -2.17819 -13.235 6
    endloop
  endfacet
  facet normal -0.177045 0.984203 0
    outer loop
      vertex 2.69974 -13.2929 5.5
      vertex 2.59523 -13.3117 6
      vertex 2.69974 -13.2929 6
    endloop
  endfacet
  facet normal -0.177045 0.984203 0
    outer loop
      vertex 2.59523 -13.3117 6
      vertex 2.69974 -13.2929 5.5
      vertex 2.59523 -13.3117 5.5
    endloop
  endfacet
  facet normal -0.294958 0.95551 0
    outer loop
      vertex 2.79822 -13.2625 5.5
      vertex 2.69974 -13.2929 6
      vertex 2.79822 -13.2625 6
    endloop
  endfacet
  facet normal -0.294958 0.95551 0
    outer loop
      vertex 2.69974 -13.2929 6
      vertex 2.79822 -13.2625 5.5
      vertex 2.69974 -13.2929 5.5
    endloop
  endfacet
  facet normal -0.412532 0.910943 0
    outer loop
      vertex 2.89008 -13.2209 5.5
      vertex 2.79822 -13.2625 6
      vertex 2.89008 -13.2209 6
    endloop
  endfacet
  facet normal -0.412532 0.910943 0
    outer loop
      vertex 2.79822 -13.2625 6
      vertex 2.89008 -13.2209 5.5
      vertex 2.79822 -13.2625 5.5
    endloop
  endfacet
  facet normal -0.524883 0.851175 0
    outer loop
      vertex 2.97473 -13.1687 5.5
      vertex 2.89008 -13.2209 6
      vertex 2.97473 -13.1687 6
    endloop
  endfacet
  facet normal -0.524883 0.851175 0
    outer loop
      vertex 2.89008 -13.2209 6
      vertex 2.97473 -13.1687 5.5
      vertex 2.89008 -13.2209 5.5
    endloop
  endfacet
  facet normal -0.628316 0.777958 0
    outer loop
      vertex 3.05162 -13.1066 5.5
      vertex 2.97473 -13.1687 6
      vertex 3.05162 -13.1066 6
    endloop
  endfacet
  facet normal -0.628316 0.777958 0
    outer loop
      vertex 2.97473 -13.1687 6
      vertex 3.05162 -13.1066 5.5
      vertex 2.97473 -13.1687 5.5
    endloop
  endfacet
  facet normal -0.721559 0.692353 0
    outer loop
      vertex 3.05162 -13.1066 5.5
      vertex 3.12013 -13.0352 6
      vertex 3.12013 -13.0352 5.5
    endloop
  endfacet
  facet normal -0.721559 0.692353 0
    outer loop
      vertex 3.12013 -13.0352 6
      vertex 3.05162 -13.1066 5.5
      vertex 3.05162 -13.1066 6
    endloop
  endfacet
  facet normal -0.802778 0.596278 0
    outer loop
      vertex 3.12013 -13.0352 5.5
      vertex 3.1797 -12.955 6
      vertex 3.1797 -12.955 5.5
    endloop
  endfacet
  facet normal -0.802778 0.596278 0
    outer loop
      vertex 3.1797 -12.955 6
      vertex 3.12013 -13.0352 5.5
      vertex 3.12013 -13.0352 6
    endloop
  endfacet
  facet normal -0.869966 0.493112 0
    outer loop
      vertex 3.1797 -12.955 5.5
      vertex 3.22975 -12.8667 6
      vertex 3.22975 -12.8667 5.5
    endloop
  endfacet
  facet normal -0.869966 0.493112 0
    outer loop
      vertex 3.22975 -12.8667 6
      vertex 3.1797 -12.955 5.5
      vertex 3.1797 -12.955 6
    endloop
  endfacet
  facet normal -0.923031 0.384725 0
    outer loop
      vertex 3.22975 -12.8667 5.5
      vertex 3.26968 -12.7709 6
      vertex 3.26968 -12.7709 5.5
    endloop
  endfacet
  facet normal -0.923031 0.384725 0
    outer loop
      vertex 3.26968 -12.7709 6
      vertex 3.22975 -12.8667 5.5
      vertex 3.22975 -12.8667 6
    endloop
  endfacet
  facet normal -0.961823 0.273671 0
    outer loop
      vertex 3.26968 -12.7709 5.5
      vertex 3.29893 -12.6681 6
      vertex 3.29893 -12.6681 5.5
    endloop
  endfacet
  facet normal -0.961823 0.273671 0
    outer loop
      vertex 3.29893 -12.6681 6
      vertex 3.26968 -12.7709 5.5
      vertex 3.26968 -12.7709 6
    endloop
  endfacet
  facet normal -0.986691 0.162609 0
    outer loop
      vertex 3.29893 -12.6681 5.5
      vertex 3.31691 -12.559 6
      vertex 3.31691 -12.559 5.5
    endloop
  endfacet
  facet normal -0.986691 0.162609 0
    outer loop
      vertex 3.31691 -12.559 6
      vertex 3.29893 -12.6681 5.5
      vertex 3.29893 -12.6681 6
    endloop
  endfacet
  facet normal -0.998582 0.0532345 0
    outer loop
      vertex 3.31691 -12.559 5.5
      vertex 3.32303 -12.4442 6
      vertex 3.32303 -12.4442 5.5
    endloop
  endfacet
  facet normal -0.998582 0.0532345 0
    outer loop
      vertex 3.32303 -12.4442 6
      vertex 3.31691 -12.559 5.5
      vertex 3.31691 -12.559 6
    endloop
  endfacet
  facet normal -0.998627 -0.0523749 0
    outer loop
      vertex 3.32303 -12.4442 5.5
      vertex 3.31735 -12.3359 6
      vertex 3.31735 -12.3359 5.5
    endloop
  endfacet
  facet normal -0.998627 -0.0523749 0
    outer loop
      vertex 3.31735 -12.3359 6
      vertex 3.32303 -12.4442 5.5
      vertex 3.32303 -12.4442 6
    endloop
  endfacet
  facet normal -0.98702 -0.160595 0
    outer loop
      vertex 3.31735 -12.3359 5.5
      vertex 3.30064 -12.2332 6
      vertex 3.30064 -12.2332 5.5
    endloop
  endfacet
  facet normal -0.98702 -0.160595 0
    outer loop
      vertex 3.30064 -12.2332 6
      vertex 3.31735 -12.3359 5.5
      vertex 3.31735 -12.3359 6
    endloop
  endfacet
  facet normal -0.962596 -0.270942 0
    outer loop
      vertex 3.30064 -12.2332 5.5
      vertex 3.27345 -12.1366 6
      vertex 3.27345 -12.1366 5.5
    endloop
  endfacet
  facet normal -0.962596 -0.270942 0
    outer loop
      vertex 3.27345 -12.1366 6
      vertex 3.30064 -12.2332 5.5
      vertex 3.30064 -12.2332 6
    endloop
  endfacet
  facet normal -0.924348 -0.38155 0
    outer loop
      vertex 3.27345 -12.1366 5.5
      vertex 3.2363 -12.0466 6
      vertex 3.2363 -12.0466 5.5
    endloop
  endfacet
  facet normal -0.924348 -0.38155 0
    outer loop
      vertex 3.2363 -12.0466 6
      vertex 3.27345 -12.1366 5.5
      vertex 3.27345 -12.1366 6
    endloop
  endfacet
  facet normal -0.871373 -0.490621 0
    outer loop
      vertex 3.2363 -12.0466 5.5
      vertex 3.18968 -11.9638 6
      vertex 3.18968 -11.9638 5.5
    endloop
  endfacet
  facet normal -0.871373 -0.490621 0
    outer loop
      vertex 3.18968 -11.9638 6
      vertex 3.2363 -12.0466 5.5
      vertex 3.2363 -12.0466 6
    endloop
  endfacet
  facet normal -0.804118 -0.594469 0
    outer loop
      vertex 3.18968 -11.9638 5.5
      vertex 3.13416 -11.8887 6
      vertex 3.13416 -11.8887 5.5
    endloop
  endfacet
  facet normal -0.804118 -0.594469 0
    outer loop
      vertex 3.13416 -11.8887 6
      vertex 3.18968 -11.9638 5.5
      vertex 3.18968 -11.9638 6
    endloop
  endfacet
  facet normal -0.722402 -0.691473 0
    outer loop
      vertex 3.13416 -11.8887 5.5
      vertex 3.07022 -11.8219 6
      vertex 3.07022 -11.8219 5.5
    endloop
  endfacet
  facet normal -0.722402 -0.691473 0
    outer loop
      vertex 3.07022 -11.8219 6
      vertex 3.13416 -11.8887 5.5
      vertex 3.13416 -11.8887 6
    endloop
  endfacet
  facet normal -0.628937 -0.777457 0
    outer loop
      vertex 2.9984 -11.7638 5.5
      vertex 3.07022 -11.8219 6
      vertex 2.9984 -11.7638 6
    endloop
  endfacet
  facet normal -0.628937 -0.777457 -0
    outer loop
      vertex 3.07022 -11.8219 6
      vertex 2.9984 -11.7638 5.5
      vertex 3.07022 -11.8219 5.5
    endloop
  endfacet
  facet normal -0.523893 -0.851784 0
    outer loop
      vertex 2.91922 -11.7151 5.5
      vertex 2.9984 -11.7638 6
      vertex 2.91922 -11.7151 6
    endloop
  endfacet
  facet normal -0.523893 -0.851784 -0
    outer loop
      vertex 2.9984 -11.7638 6
      vertex 2.91922 -11.7151 5.5
      vertex 2.9984 -11.7638 5.5
    endloop
  endfacet
  facet normal -0.411246 -0.911524 0
    outer loop
      vertex 2.83322 -11.6763 5.5
      vertex 2.91922 -11.7151 6
      vertex 2.83322 -11.6763 6
    endloop
  endfacet
  facet normal -0.411246 -0.911524 -0
    outer loop
      vertex 2.91922 -11.7151 6
      vertex 2.83322 -11.6763 5.5
      vertex 2.91922 -11.7151 5.5
    endloop
  endfacet
  facet normal -0.295002 -0.955497 0
    outer loop
      vertex 2.74091 -11.6478 5.5
      vertex 2.83322 -11.6763 6
      vertex 2.74091 -11.6478 6
    endloop
  endfacet
  facet normal -0.295002 -0.955497 -0
    outer loop
      vertex 2.83322 -11.6763 6
      vertex 2.74091 -11.6478 5.5
      vertex 2.83322 -11.6763 5.5
    endloop
  endfacet
  facet normal -0.17461 -0.984638 0
    outer loop
      vertex 2.64279 -11.6304 5.5
      vertex 2.74091 -11.6478 6
      vertex 2.64279 -11.6304 6
    endloop
  endfacet
  facet normal -0.17461 -0.984638 -0
    outer loop
      vertex 2.74091 -11.6478 6
      vertex 2.64279 -11.6304 5.5
      vertex 2.74091 -11.6478 5.5
    endloop
  endfacet
  facet normal -0.0569783 -0.998375 0
    outer loop
      vertex 2.53941 -11.6245 5.5
      vertex 2.64279 -11.6304 6
      vertex 2.53941 -11.6245 6
    endloop
  endfacet
  facet normal -0.0569783 -0.998375 -0
    outer loop
      vertex 2.64279 -11.6304 6
      vertex 2.53941 -11.6245 5.5
      vertex 2.64279 -11.6304 5.5
    endloop
  endfacet
  facet normal 0.0278783 -0.999611 0
    outer loop
      vertex 2.48204 -11.6261 5.5
      vertex 2.53941 -11.6245 6
      vertex 2.48204 -11.6261 6
    endloop
  endfacet
  facet normal 0.0278783 -0.999611 0
    outer loop
      vertex 2.53941 -11.6245 6
      vertex 2.48204 -11.6261 5.5
      vertex 2.53941 -11.6245 5.5
    endloop
  endfacet
  facet normal 0.0898552 -0.995955 0
    outer loop
      vertex 2.42662 -11.6311 5.5
      vertex 2.48204 -11.6261 6
      vertex 2.42662 -11.6311 6
    endloop
  endfacet
  facet normal 0.0898552 -0.995955 0
    outer loop
      vertex 2.48204 -11.6261 6
      vertex 2.42662 -11.6311 5.5
      vertex 2.48204 -11.6261 5.5
    endloop
  endfacet
  facet normal 0.155194 -0.987884 0
    outer loop
      vertex 2.37315 -11.6395 5.5
      vertex 2.42662 -11.6311 6
      vertex 2.37315 -11.6395 6
    endloop
  endfacet
  facet normal 0.155194 -0.987884 0
    outer loop
      vertex 2.42662 -11.6311 6
      vertex 2.37315 -11.6395 5.5
      vertex 2.42662 -11.6311 5.5
    endloop
  endfacet
  facet normal 0.221703 -0.975114 0
    outer loop
      vertex 2.32169 -11.6512 5.5
      vertex 2.37315 -11.6395 6
      vertex 2.32169 -11.6512 6
    endloop
  endfacet
  facet normal 0.221703 -0.975114 0
    outer loop
      vertex 2.37315 -11.6395 6
      vertex 2.32169 -11.6512 5.5
      vertex 2.37315 -11.6395 5.5
    endloop
  endfacet
  facet normal 0.291831 -0.95647 0
    outer loop
      vertex 2.2722 -11.6663 5.5
      vertex 2.32169 -11.6512 6
      vertex 2.2722 -11.6663 6
    endloop
  endfacet
  facet normal 0.291831 -0.95647 0
    outer loop
      vertex 2.32169 -11.6512 6
      vertex 2.2722 -11.6663 5.5
      vertex 2.32169 -11.6512 5.5
    endloop
  endfacet
  facet normal 0.363252 -0.931691 0
    outer loop
      vertex 2.22475 -11.6848 5.5
      vertex 2.2722 -11.6663 6
      vertex 2.22475 -11.6848 6
    endloop
  endfacet
  facet normal 0.363252 -0.931691 0
    outer loop
      vertex 2.2722 -11.6663 6
      vertex 2.22475 -11.6848 5.5
      vertex 2.2722 -11.6663 5.5
    endloop
  endfacet
  facet normal 0.434239 -0.900798 0
    outer loop
      vertex 2.17932 -11.7067 5.5
      vertex 2.22475 -11.6848 6
      vertex 2.17932 -11.7067 6
    endloop
  endfacet
  facet normal 0.434239 -0.900798 0
    outer loop
      vertex 2.22475 -11.6848 6
      vertex 2.17932 -11.7067 5.5
      vertex 2.22475 -11.6848 5.5
    endloop
  endfacet
  facet normal 0.504057 -0.86367 0
    outer loop
      vertex 2.13597 -11.732 5.5
      vertex 2.17932 -11.7067 6
      vertex 2.13597 -11.732 6
    endloop
  endfacet
  facet normal 0.504057 -0.86367 0
    outer loop
      vertex 2.17932 -11.7067 6
      vertex 2.13597 -11.732 5.5
      vertex 2.17932 -11.7067 5.5
    endloop
  endfacet
  facet normal 0.570936 -0.820994 0
    outer loop
      vertex 2.0947 -11.7607 5.5
      vertex 2.13597 -11.732 6
      vertex 2.0947 -11.7607 6
    endloop
  endfacet
  facet normal 0.570936 -0.820994 0
    outer loop
      vertex 2.13597 -11.732 6
      vertex 2.0947 -11.7607 5.5
      vertex 2.13597 -11.732 5.5
    endloop
  endfacet
  facet normal 0.633851 -0.773456 0
    outer loop
      vertex 2.05553 -11.7928 5.5
      vertex 2.0947 -11.7607 6
      vertex 2.05553 -11.7928 6
    endloop
  endfacet
  facet normal 0.633851 -0.773456 0
    outer loop
      vertex 2.0947 -11.7607 6
      vertex 2.05553 -11.7928 5.5
      vertex 2.0947 -11.7607 5.5
    endloop
  endfacet
  facet normal 0.691647 -0.722236 0
    outer loop
      vertex 2.01846 -11.8283 5.5
      vertex 2.05553 -11.7928 6
      vertex 2.01846 -11.8283 6
    endloop
  endfacet
  facet normal 0.691647 -0.722236 0
    outer loop
      vertex 2.05553 -11.7928 6
      vertex 2.01846 -11.8283 5.5
      vertex 2.05553 -11.7928 5.5
    endloop
  endfacet
  facet normal 0.745096 -0.666957 0
    outer loop
      vertex 1.98355 -11.8673 6
      vertex 2.01846 -11.8283 5.5
      vertex 2.01846 -11.8283 6
    endloop
  endfacet
  facet normal 0.745096 -0.666957 0
    outer loop
      vertex 2.01846 -11.8283 5.5
      vertex 1.98355 -11.8673 6
      vertex 1.98355 -11.8673 5.5
    endloop
  endfacet
  facet normal 0.791498 -0.611171 0
    outer loop
      vertex 1.95081 -11.9097 6
      vertex 1.98355 -11.8673 5.5
      vertex 1.98355 -11.8673 6
    endloop
  endfacet
  facet normal 0.791498 -0.611171 0
    outer loop
      vertex 1.98355 -11.8673 5.5
      vertex 1.95081 -11.9097 6
      vertex 1.95081 -11.9097 5.5
    endloop
  endfacet
  facet normal -0.999548 0.0300559 0
    outer loop
      vertex 1.95081 -11.9097 5.5
      vertex 1.95514 -11.7657 6
      vertex 1.95514 -11.7657 5.5
    endloop
  endfacet
  facet normal -0.999548 0.0300559 0
    outer loop
      vertex 1.95514 -11.7657 6
      vertex 1.95081 -11.9097 5.5
      vertex 1.95081 -11.9097 6
    endloop
  endfacet
  facet normal -0.996431 0.0844167 0
    outer loop
      vertex 1.95514 -11.7657 5.5
      vertex 1.96645 -11.6322 6
      vertex 1.96645 -11.6322 5.5
    endloop
  endfacet
  facet normal -0.996431 0.0844167 0
    outer loop
      vertex 1.96645 -11.6322 6
      vertex 1.95514 -11.7657 5.5
      vertex 1.95514 -11.7657 6
    endloop
  endfacet
  facet normal -0.989299 0.145902 0
    outer loop
      vertex 1.96645 -11.6322 5.5
      vertex 1.98459 -11.5092 6
      vertex 1.98459 -11.5092 5.5
    endloop
  endfacet
  facet normal -0.989299 0.145902 0
    outer loop
      vertex 1.98459 -11.5092 6
      vertex 1.96645 -11.6322 5.5
      vertex 1.96645 -11.6322 6
    endloop
  endfacet
  facet normal -0.976208 0.216838 0
    outer loop
      vertex 1.98459 -11.5092 5.5
      vertex 2.00949 -11.3971 6
      vertex 2.00949 -11.3971 5.5
    endloop
  endfacet
  facet normal -0.976208 0.216838 0
    outer loop
      vertex 2.00949 -11.3971 6
      vertex 1.98459 -11.5092 5.5
      vertex 1.98459 -11.5092 6
    endloop
  endfacet
  facet normal -0.954544 0.298071 0
    outer loop
      vertex 2.00949 -11.3971 5.5
      vertex 2.04106 -11.296 6
      vertex 2.04106 -11.296 5.5
    endloop
  endfacet
  facet normal -0.954544 0.298071 0
    outer loop
      vertex 2.04106 -11.296 6
      vertex 2.00949 -11.3971 5.5
      vertex 2.00949 -11.3971 6
    endloop
  endfacet
  facet normal -0.920653 0.390382 0
    outer loop
      vertex 2.04106 -11.296 5.5
      vertex 2.07918 -11.2061 6
      vertex 2.07918 -11.2061 5.5
    endloop
  endfacet
  facet normal -0.920653 0.390382 0
    outer loop
      vertex 2.07918 -11.2061 6
      vertex 2.04106 -11.296 5.5
      vertex 2.04106 -11.296 6
    endloop
  endfacet
  facet normal -0.869563 0.493823 0
    outer loop
      vertex 2.07918 -11.2061 5.5
      vertex 2.12376 -11.1276 6
      vertex 2.12376 -11.1276 5.5
    endloop
  endfacet
  facet normal -0.869563 0.493823 0
    outer loop
      vertex 2.12376 -11.1276 6
      vertex 2.07918 -11.2061 5.5
      vertex 2.07918 -11.2061 6
    endloop
  endfacet
  facet normal -0.796048 0.605234 0
    outer loop
      vertex 2.12376 -11.1276 5.5
      vertex 2.1747 -11.0606 6
      vertex 2.1747 -11.0606 5.5
    endloop
  endfacet
  facet normal -0.796048 0.605234 0
    outer loop
      vertex 2.1747 -11.0606 6
      vertex 2.12376 -11.1276 5.5
      vertex 2.12376 -11.1276 6
    endloop
  endfacet
  facet normal -0.694415 0.719575 0
    outer loop
      vertex 2.2319 -11.0054 5.5
      vertex 2.1747 -11.0606 6
      vertex 2.2319 -11.0054 6
    endloop
  endfacet
  facet normal -0.694415 0.719575 0
    outer loop
      vertex 2.1747 -11.0606 6
      vertex 2.2319 -11.0054 5.5
      vertex 2.1747 -11.0606 5.5
    endloop
  endfacet
  facet normal -0.564165 0.825662 0
    outer loop
      vertex 2.29527 -10.9621 5.5
      vertex 2.2319 -11.0054 6
      vertex 2.29527 -10.9621 6
    endloop
  endfacet
  facet normal -0.564165 0.825662 0
    outer loop
      vertex 2.2319 -11.0054 6
      vertex 2.29527 -10.9621 5.5
      vertex 2.2319 -11.0054 5.5
    endloop
  endfacet
  facet normal -0.408795 0.912626 0
    outer loop
      vertex 2.3647 -10.931 5.5
      vertex 2.29527 -10.9621 6
      vertex 2.3647 -10.931 6
    endloop
  endfacet
  facet normal -0.408795 0.912626 0
    outer loop
      vertex 2.29527 -10.9621 6
      vertex 2.3647 -10.931 5.5
      vertex 2.29527 -10.9621 5.5
    endloop
  endfacet
  facet normal -0.2419 0.970301 0
    outer loop
      vertex 2.44011 -10.9122 5.5
      vertex 2.3647 -10.931 6
      vertex 2.44011 -10.9122 6
    endloop
  endfacet
  facet normal -0.2419 0.970301 0
    outer loop
      vertex 2.3647 -10.931 6
      vertex 2.44011 -10.9122 5.5
      vertex 2.3647 -10.931 5.5
    endloop
  endfacet
  facet normal -0.0772875 0.997009 0
    outer loop
      vertex 2.52138 -10.9059 5.5
      vertex 2.44011 -10.9122 6
      vertex 2.52138 -10.9059 6
    endloop
  endfacet
  facet normal -0.0772875 0.997009 0
    outer loop
      vertex 2.44011 -10.9122 6
      vertex 2.52138 -10.9059 5.5
      vertex 2.44011 -10.9122 5.5
    endloop
  endfacet
  facet normal 0.0495129 0.998773 -0
    outer loop
      vertex 2.57181 -10.9084 5.5
      vertex 2.52138 -10.9059 6
      vertex 2.57181 -10.9084 6
    endloop
  endfacet
  facet normal 0.0495129 0.998773 0
    outer loop
      vertex 2.52138 -10.9059 6
      vertex 2.57181 -10.9084 5.5
      vertex 2.52138 -10.9059 5.5
    endloop
  endfacet
  facet normal 0.156704 0.987646 -0
    outer loop
      vertex 2.61971 -10.916 5.5
      vertex 2.57181 -10.9084 6
      vertex 2.61971 -10.916 6
    endloop
  endfacet
  facet normal 0.156704 0.987646 0
    outer loop
      vertex 2.57181 -10.9084 6
      vertex 2.61971 -10.916 5.5
      vertex 2.57181 -10.9084 5.5
    endloop
  endfacet
  facet normal 0.26627 0.963898 -0
    outer loop
      vertex 2.66496 -10.9285 5.5
      vertex 2.61971 -10.916 6
      vertex 2.66496 -10.9285 6
    endloop
  endfacet
  facet normal 0.26627 0.963898 0
    outer loop
      vertex 2.61971 -10.916 6
      vertex 2.66496 -10.9285 5.5
      vertex 2.61971 -10.916 5.5
    endloop
  endfacet
  facet normal 0.376792 0.926298 -0
    outer loop
      vertex 2.70749 -10.9458 5.5
      vertex 2.66496 -10.9285 6
      vertex 2.70749 -10.9458 6
    endloop
  endfacet
  facet normal 0.376792 0.926298 0
    outer loop
      vertex 2.66496 -10.9285 6
      vertex 2.70749 -10.9458 5.5
      vertex 2.66496 -10.9285 5.5
    endloop
  endfacet
  facet normal 0.48639 0.873742 -0
    outer loop
      vertex 2.74719 -10.9679 5.5
      vertex 2.70749 -10.9458 6
      vertex 2.74719 -10.9679 6
    endloop
  endfacet
  facet normal 0.48639 0.873742 0
    outer loop
      vertex 2.70749 -10.9458 6
      vertex 2.74719 -10.9679 5.5
      vertex 2.70749 -10.9458 5.5
    endloop
  endfacet
  facet normal 0.587465 0.80925 -0
    outer loop
      vertex 2.78397 -10.9946 5.5
      vertex 2.74719 -10.9679 6
      vertex 2.78397 -10.9946 6
    endloop
  endfacet
  facet normal 0.587465 0.80925 0
    outer loop
      vertex 2.74719 -10.9679 6
      vertex 2.78397 -10.9946 5.5
      vertex 2.74719 -10.9679 5.5
    endloop
  endfacet
  facet normal 0.678822 0.734303 -0
    outer loop
      vertex 2.81772 -11.0258 5.5
      vertex 2.78397 -10.9946 6
      vertex 2.81772 -11.0258 6
    endloop
  endfacet
  facet normal 0.678822 0.734303 0
    outer loop
      vertex 2.78397 -10.9946 6
      vertex 2.81772 -11.0258 5.5
      vertex 2.78397 -10.9946 5.5
    endloop
  endfacet
  facet normal 0.759152 0.650914 0
    outer loop
      vertex 2.84833 -11.0615 6
      vertex 2.81772 -11.0258 5.5
      vertex 2.81772 -11.0258 6
    endloop
  endfacet
  facet normal 0.759152 0.650914 0
    outer loop
      vertex 2.81772 -11.0258 5.5
      vertex 2.84833 -11.0615 6
      vertex 2.84833 -11.0615 5.5
    endloop
  endfacet
  facet normal 0.8251 0.564987 0
    outer loop
      vertex 2.87572 -11.1015 6
      vertex 2.84833 -11.0615 5.5
      vertex 2.84833 -11.0615 6
    endloop
  endfacet
  facet normal 0.8251 0.564987 0
    outer loop
      vertex 2.84833 -11.0615 5.5
      vertex 2.87572 -11.1015 6
      vertex 2.87572 -11.1015 5.5
    endloop
  endfacet
  facet normal 0.878592 0.477573 0
    outer loop
      vertex 2.8998 -11.1458 6
      vertex 2.87572 -11.1015 5.5
      vertex 2.87572 -11.1015 6
    endloop
  endfacet
  facet normal 0.878592 0.477573 0
    outer loop
      vertex 2.87572 -11.1015 5.5
      vertex 2.8998 -11.1458 6
      vertex 2.8998 -11.1458 5.5
    endloop
  endfacet
  facet normal 0.919851 0.392267 0
    outer loop
      vertex 2.92044 -11.1942 6
      vertex 2.8998 -11.1458 5.5
      vertex 2.8998 -11.1458 6
    endloop
  endfacet
  facet normal 0.919851 0.392267 0
    outer loop
      vertex 2.8998 -11.1458 5.5
      vertex 2.92044 -11.1942 6
      vertex 2.92044 -11.1942 5.5
    endloop
  endfacet
  facet normal 0.950728 0.310028 0
    outer loop
      vertex 2.93756 -11.2467 6
      vertex 2.92044 -11.1942 5.5
      vertex 2.92044 -11.1942 6
    endloop
  endfacet
  facet normal 0.950728 0.310028 0
    outer loop
      vertex 2.92044 -11.1942 5.5
      vertex 2.93756 -11.2467 6
      vertex 2.93756 -11.2467 5.5
    endloop
  endfacet
  facet normal 0.972489 0.232949 0
    outer loop
      vertex 2.95107 -11.3031 6
      vertex 2.93756 -11.2467 5.5
      vertex 2.93756 -11.2467 6
    endloop
  endfacet
  facet normal 0.972489 0.232949 0
    outer loop
      vertex 2.93756 -11.2467 5.5
      vertex 2.95107 -11.3031 6
      vertex 2.95107 -11.3031 5.5
    endloop
  endfacet
  facet normal 0 1 -0
    outer loop
      vertex 3.26888 -11.3031 5.5
      vertex 2.95107 -11.3031 6
      vertex 3.26888 -11.3031 6
    endloop
  endfacet
  facet normal 0 1 0
    outer loop
      vertex 2.95107 -11.3031 6
      vertex 3.26888 -11.3031 5.5
      vertex 2.95107 -11.3031 5.5
    endloop
  endfacet
  facet normal -0.982776 -0.184799 0
    outer loop
      vertex 3.26888 -11.3031 5.5
      vertex 3.25096 -11.2078 6
      vertex 3.25096 -11.2078 5.5
    endloop
  endfacet
  facet normal -0.982776 -0.184799 0
    outer loop
      vertex 3.25096 -11.2078 6
      vertex 3.26888 -11.3031 5.5
      vertex 3.26888 -11.3031 6
    endloop
  endfacet
  facet normal -0.962041 -0.272903 0
    outer loop
      vertex 3.25096 -11.2078 5.5
      vertex 3.22577 -11.119 6
      vertex 3.22577 -11.119 5.5
    endloop
  endfacet
  facet normal -0.962041 -0.272903 0
    outer loop
      vertex 3.22577 -11.119 6
      vertex 3.25096 -11.2078 5.5
      vertex 3.25096 -11.2078 6
    endloop
  endfacet
  facet normal -0.931106 -0.364749 0
    outer loop
      vertex 3.22577 -11.119 5.5
      vertex 3.19353 -11.0367 6
      vertex 3.19353 -11.0367 5.5
    endloop
  endfacet
  facet normal -0.931106 -0.364749 0
    outer loop
      vertex 3.19353 -11.0367 6
      vertex 3.22577 -11.119 5.5
      vertex 3.22577 -11.119 6
    endloop
  endfacet
  facet normal -0.888218 -0.459423 0
    outer loop
      vertex 3.19353 -11.0367 5.5
      vertex 3.15453 -10.9613 6
      vertex 3.15453 -10.9613 5.5
    endloop
  endfacet
  facet normal -0.888218 -0.459423 0
    outer loop
      vertex 3.15453 -10.9613 6
      vertex 3.19353 -11.0367 5.5
      vertex 3.19353 -11.0367 6
    endloop
  endfacet
  facet normal -0.832928 -0.553381 0
    outer loop
      vertex 3.15453 -10.9613 5.5
      vertex 3.10902 -10.8928 6
      vertex 3.10902 -10.8928 5.5
    endloop
  endfacet
  facet normal -0.832928 -0.553381 0
    outer loop
      vertex 3.10902 -10.8928 6
      vertex 3.15453 -10.9613 5.5
      vertex 3.15453 -10.9613 6
    endloop
  endfacet
  facet normal -0.763784 -0.645472 0
    outer loop
      vertex 3.10902 -10.8928 5.5
      vertex 3.0573 -10.8316 6
      vertex 3.0573 -10.8316 5.5
    endloop
  endfacet
  facet normal -0.763784 -0.645472 0
    outer loop
      vertex 3.0573 -10.8316 6
      vertex 3.10902 -10.8928 5.5
      vertex 3.10902 -10.8928 6
    endloop
  endfacet
  facet normal -0.681278 -0.732025 0
    outer loop
      vertex 2.9996 -10.7779 5.5
      vertex 3.0573 -10.8316 6
      vertex 2.9996 -10.7779 6
    endloop
  endfacet
  facet normal -0.681278 -0.732025 -0
    outer loop
      vertex 3.0573 -10.8316 6
      vertex 2.9996 -10.7779 5.5
      vertex 3.0573 -10.8316 5.5
    endloop
  endfacet
  facet normal -0.588096 -0.808791 0
    outer loop
      vertex 2.9362 -10.7318 5.5
      vertex 2.9996 -10.7779 6
      vertex 2.9362 -10.7318 6
    endloop
  endfacet
  facet normal -0.588096 -0.808791 -0
    outer loop
      vertex 2.9996 -10.7779 6
      vertex 2.9362 -10.7318 5.5
      vertex 2.9996 -10.7779 5.5
    endloop
  endfacet
  facet normal -0.485265 -0.874367 0
    outer loop
      vertex 2.86737 -10.6936 5.5
      vertex 2.9362 -10.7318 6
      vertex 2.86737 -10.6936 6
    endloop
  endfacet
  facet normal -0.485265 -0.874367 -0
    outer loop
      vertex 2.9362 -10.7318 6
      vertex 2.86737 -10.6936 5.5
      vertex 2.9362 -10.7318 5.5
    endloop
  endfacet
  facet normal -0.375705 -0.926739 0
    outer loop
      vertex 2.79337 -10.6636 5.5
      vertex 2.86737 -10.6936 6
      vertex 2.79337 -10.6636 6
    endloop
  endfacet
  facet normal -0.375705 -0.926739 -0
    outer loop
      vertex 2.86737 -10.6936 6
      vertex 2.79337 -10.6636 5.5
      vertex 2.86737 -10.6936 5.5
    endloop
  endfacet
  facet normal -0.266289 -0.963893 0
    outer loop
      vertex 2.71446 -10.6418 5.5
      vertex 2.79337 -10.6636 6
      vertex 2.71446 -10.6418 6
    endloop
  endfacet
  facet normal -0.266289 -0.963893 -0
    outer loop
      vertex 2.79337 -10.6636 6
      vertex 2.71446 -10.6418 5.5
      vertex 2.79337 -10.6636 5.5
    endloop
  endfacet
  facet normal -0.156108 -0.98774 0
    outer loop
      vertex 2.63094 -10.6286 5.5
      vertex 2.71446 -10.6418 6
      vertex 2.63094 -10.6286 6
    endloop
  endfacet
  facet normal -0.156108 -0.98774 -0
    outer loop
      vertex 2.71446 -10.6418 6
      vertex 2.63094 -10.6286 5.5
      vertex 2.71446 -10.6418 5.5
    endloop
  endfacet
  facet normal -0.0499886 -0.99875 0
    outer loop
      vertex 2.54303 -10.6242 5.5
      vertex 2.63094 -10.6286 6
      vertex 2.54303 -10.6242 6
    endloop
  endfacet
  facet normal -0.0499886 -0.99875 -0
    outer loop
      vertex 2.63094 -10.6286 6
      vertex 2.54303 -10.6242 5.5
      vertex 2.63094 -10.6286 5.5
    endloop
  endfacet
  facet normal 0.0372124 -0.999307 0
    outer loop
      vertex 2.47858 -10.6266 5.5
      vertex 2.54303 -10.6242 6
      vertex 2.47858 -10.6266 6
    endloop
  endfacet
  facet normal 0.0372124 -0.999307 0
    outer loop
      vertex 2.54303 -10.6242 6
      vertex 2.47858 -10.6266 5.5
      vertex 2.54303 -10.6242 5.5
    endloop
  endfacet
  facet normal 0.113121 -0.993581 0
    outer loop
      vertex 2.41534 -10.6338 5.5
      vertex 2.47858 -10.6266 6
      vertex 2.41534 -10.6338 6
    endloop
  endfacet
  facet normal 0.113121 -0.993581 0
    outer loop
      vertex 2.47858 -10.6266 6
      vertex 2.41534 -10.6338 5.5
      vertex 2.47858 -10.6266 5.5
    endloop
  endfacet
  facet normal 0.187521 -0.982261 0
    outer loop
      vertex 2.35353 -10.6456 5.5
      vertex 2.41534 -10.6338 6
      vertex 2.35353 -10.6456 6
    endloop
  endfacet
  facet normal 0.187521 -0.982261 0
    outer loop
      vertex 2.41534 -10.6338 6
      vertex 2.35353 -10.6456 5.5
      vertex 2.41534 -10.6338 5.5
    endloop
  endfacet
  facet normal 0.262846 -0.964838 0
    outer loop
      vertex 2.29333 -10.662 5.5
      vertex 2.35353 -10.6456 6
      vertex 2.29333 -10.662 6
    endloop
  endfacet
  facet normal 0.262846 -0.964838 0
    outer loop
      vertex 2.35353 -10.6456 6
      vertex 2.29333 -10.662 5.5
      vertex 2.35353 -10.6456 5.5
    endloop
  endfacet
  facet normal 0.335621 -0.941997 0
    outer loop
      vertex 2.23495 -10.6828 5.5
      vertex 2.29333 -10.662 6
      vertex 2.23495 -10.6828 6
    endloop
  endfacet
  facet normal 0.335621 -0.941997 0
    outer loop
      vertex 2.29333 -10.662 6
      vertex 2.23495 -10.6828 5.5
      vertex 2.29333 -10.662 5.5
    endloop
  endfacet
  facet normal 0.408181 -0.912901 0
    outer loop
      vertex 2.17859 -10.708 5.5
      vertex 2.23495 -10.6828 6
      vertex 2.17859 -10.708 6
    endloop
  endfacet
  facet normal 0.408181 -0.912901 0
    outer loop
      vertex 2.23495 -10.6828 6
      vertex 2.17859 -10.708 5.5
      vertex 2.23495 -10.6828 5.5
    endloop
  endfacet
  facet normal 0.475891 -0.879504 0
    outer loop
      vertex 2.12444 -10.7373 5.5
      vertex 2.17859 -10.708 6
      vertex 2.12444 -10.7373 6
    endloop
  endfacet
  facet normal 0.475891 -0.879504 0
    outer loop
      vertex 2.17859 -10.708 6
      vertex 2.12444 -10.7373 5.5
      vertex 2.17859 -10.708 5.5
    endloop
  endfacet
  facet normal 0.543345 -0.839509 0
    outer loop
      vertex 2.07268 -10.7708 5.5
      vertex 2.12444 -10.7373 6
      vertex 2.07268 -10.7708 6
    endloop
  endfacet
  facet normal 0.543345 -0.839509 0
    outer loop
      vertex 2.12444 -10.7373 6
      vertex 2.07268 -10.7708 5.5
      vertex 2.12444 -10.7373 5.5
    endloop
  endfacet
  facet normal 0.606579 -0.795023 0
    outer loop
      vertex 2.02353 -10.8083 5.5
      vertex 2.07268 -10.7708 6
      vertex 2.02353 -10.8083 6
    endloop
  endfacet
  facet normal 0.606579 -0.795023 0
    outer loop
      vertex 2.07268 -10.7708 6
      vertex 2.02353 -10.8083 5.5
      vertex 2.07268 -10.7708 5.5
    endloop
  endfacet
  facet normal 0.66608 -0.745881 0
    outer loop
      vertex 1.97717 -10.8497 5.5
      vertex 2.02353 -10.8083 6
      vertex 1.97717 -10.8497 6
    endloop
  endfacet
  facet normal 0.66608 -0.745881 0
    outer loop
      vertex 2.02353 -10.8083 6
      vertex 1.97717 -10.8497 5.5
      vertex 2.02353 -10.8083 5.5
    endloop
  endfacet
  facet normal 0.721722 -0.692183 0
    outer loop
      vertex 1.93382 -10.8949 6
      vertex 1.97717 -10.8497 5.5
      vertex 1.97717 -10.8497 6
    endloop
  endfacet
  facet normal 0.721722 -0.692183 0
    outer loop
      vertex 1.97717 -10.8497 5.5
      vertex 1.93382 -10.8949 6
      vertex 1.93382 -10.8949 5.5
    endloop
  endfacet
  facet normal 0.772305 -0.635252 0
    outer loop
      vertex 1.89368 -10.9437 6
      vertex 1.93382 -10.8949 5.5
      vertex 1.93382 -10.8949 6
    endloop
  endfacet
  facet normal 0.772305 -0.635252 0
    outer loop
      vertex 1.93382 -10.8949 5.5
      vertex 1.89368 -10.9437 6
      vertex 1.89368 -10.9437 5.5
    endloop
  endfacet
  facet normal 0.818644 -0.574301 0
    outer loop
      vertex 1.85692 -10.9961 6
      vertex 1.89368 -10.9437 5.5
      vertex 1.89368 -10.9437 6
    endloop
  endfacet
  facet normal 0.818644 -0.574301 0
    outer loop
      vertex 1.89368 -10.9437 5.5
      vertex 1.85692 -10.9961 6
      vertex 1.85692 -10.9961 5.5
    endloop
  endfacet
  facet normal 0.859624 -0.510927 0
    outer loop
      vertex 1.82108 -11.0564 6
      vertex 1.85692 -10.9961 5.5
      vertex 1.85692 -10.9961 6
    endloop
  endfacet
  facet normal 0.859624 -0.510927 0
    outer loop
      vertex 1.85692 -10.9961 5.5
      vertex 1.82108 -11.0564 6
      vertex 1.82108 -11.0564 5.5
    endloop
  endfacet
  facet normal 0.887541 -0.46073 0
    outer loop
      vertex 1.78848 -11.1192 6
      vertex 1.82108 -11.0564 5.5
      vertex 1.82108 -11.0564 6
    endloop
  endfacet
  facet normal 0.887541 -0.46073 0
    outer loop
      vertex 1.82108 -11.0564 5.5
      vertex 1.78848 -11.1192 6
      vertex 1.78848 -11.1192 5.5
    endloop
  endfacet
  facet normal 0.912234 -0.409669 0
    outer loop
      vertex 1.75911 -11.1846 6
      vertex 1.78848 -11.1192 5.5
      vertex 1.78848 -11.1192 6
    endloop
  endfacet
  facet normal 0.912234 -0.409669 0
    outer loop
      vertex 1.78848 -11.1192 5.5
      vertex 1.75911 -11.1846 6
      vertex 1.75911 -11.1846 5.5
    endloop
  endfacet
  facet normal 0.933564 -0.358412 0
    outer loop
      vertex 1.73285 -11.253 6
      vertex 1.75911 -11.1846 5.5
      vertex 1.75911 -11.1846 6
    endloop
  endfacet
  facet normal 0.933564 -0.358412 0
    outer loop
      vertex 1.75911 -11.1846 5.5
      vertex 1.73285 -11.253 6
      vertex 1.73285 -11.253 5.5
    endloop
  endfacet
  facet normal 0.951142 -0.308755 0
    outer loop
      vertex 1.70964 -11.3245 6
      vertex 1.73285 -11.253 5.5
      vertex 1.73285 -11.253 6
    endloop
  endfacet
  facet normal 0.951142 -0.308755 0
    outer loop
      vertex 1.73285 -11.253 5.5
      vertex 1.70964 -11.3245 6
      vertex 1.70964 -11.3245 5.5
    endloop
  endfacet
  facet normal 0.965613 -0.259983 0
    outer loop
      vertex 1.68942 -11.3996 6
      vertex 1.70964 -11.3245 5.5
      vertex 1.70964 -11.3245 6
    endloop
  endfacet
  facet normal 0.965613 -0.259983 0
    outer loop
      vertex 1.70964 -11.3245 5.5
      vertex 1.68942 -11.3996 6
      vertex 1.68942 -11.3996 5.5
    endloop
  endfacet
  facet normal 0.976707 -0.214578 0
    outer loop
      vertex 1.67213 -11.4783 6
      vertex 1.68942 -11.3996 5.5
      vertex 1.68942 -11.3996 6
    endloop
  endfacet
  facet normal 0.976707 -0.214578 0
    outer loop
      vertex 1.68942 -11.3996 5.5
      vertex 1.67213 -11.4783 6
      vertex 1.67213 -11.4783 5.5
    endloop
  endfacet
  facet normal 0.985111 -0.171919 0
    outer loop
      vertex 1.65768 -11.5611 6
      vertex 1.67213 -11.4783 5.5
      vertex 1.67213 -11.4783 6
    endloop
  endfacet
  facet normal 0.985111 -0.171919 0
    outer loop
      vertex 1.67213 -11.4783 5.5
      vertex 1.65768 -11.5611 6
      vertex 1.65768 -11.5611 5.5
    endloop
  endfacet
  facet normal 0.991133 -0.132873 0
    outer loop
      vertex 1.64603 -11.648 6
      vertex 1.65768 -11.5611 5.5
      vertex 1.65768 -11.5611 6
    endloop
  endfacet
  facet normal 0.991133 -0.132873 0
    outer loop
      vertex 1.65768 -11.5611 5.5
      vertex 1.64603 -11.648 6
      vertex 1.64603 -11.648 5.5
    endloop
  endfacet
  facet normal 0.99524 -0.0974574 0
    outer loop
      vertex 1.63707 -11.7395 6
      vertex 1.64603 -11.648 5.5
      vertex 1.64603 -11.648 6
    endloop
  endfacet
  facet normal 0.99524 -0.0974574 0
    outer loop
      vertex 1.64603 -11.648 5.5
      vertex 1.63707 -11.7395 6
      vertex 1.63707 -11.7395 5.5
    endloop
  endfacet
  facet normal 0.997862 -0.0653486 0
    outer loop
      vertex 1.63077 -11.8357 6
      vertex 1.63707 -11.7395 5.5
      vertex 1.63707 -11.7395 6
    endloop
  endfacet
  facet normal 0.997862 -0.0653486 0
    outer loop
      vertex 1.63707 -11.7395 5.5
      vertex 1.63077 -11.8357 6
      vertex 1.63077 -11.8357 5.5
    endloop
  endfacet
  facet normal 0.999318 -0.0369313 0
    outer loop
      vertex 1.62703 -11.9369 6
      vertex 1.63077 -11.8357 5.5
      vertex 1.63077 -11.8357 6
    endloop
  endfacet
  facet normal 0.999318 -0.0369313 0
    outer loop
      vertex 1.63077 -11.8357 5.5
      vertex 1.62703 -11.9369 6
      vertex 1.62703 -11.9369 5.5
    endloop
  endfacet
  facet normal 0.999932 -0.0116533 0
    outer loop
      vertex 1.62579 -12.0433 6
      vertex 1.62703 -11.9369 5.5
      vertex 1.62703 -11.9369 6
    endloop
  endfacet
  facet normal 0.999932 -0.0116533 0
    outer loop
      vertex 1.62703 -11.9369 5.5
      vertex 1.62579 -12.0433 6
      vertex 1.62579 -12.0433 5.5
    endloop
  endfacet
  facet normal 0.999936 0.0113238 0
    outer loop
      vertex 1.62691 -12.1422 6
      vertex 1.62579 -12.0433 5.5
      vertex 1.62579 -12.0433 6
    endloop
  endfacet
  facet normal 0.999936 0.0113238 0
    outer loop
      vertex 1.62579 -12.0433 5.5
      vertex 1.62691 -12.1422 6
      vertex 1.62691 -12.1422 5.5
    endloop
  endfacet
  facet normal 0.999348 0.0360965 0
    outer loop
      vertex 1.63028 -12.2355 6
      vertex 1.62691 -12.1422 5.5
      vertex 1.62691 -12.1422 6
    endloop
  endfacet
  facet normal 0.999348 0.0360965 0
    outer loop
      vertex 1.62691 -12.1422 5.5
      vertex 1.63028 -12.2355 6
      vertex 1.63028 -12.2355 5.5
    endloop
  endfacet
  facet normal 0.997908 0.0646437 0
    outer loop
      vertex 1.636 -12.3238 6
      vertex 1.63028 -12.2355 5.5
      vertex 1.63028 -12.2355 6
    endloop
  endfacet
  facet normal 0.997908 0.0646437 0
    outer loop
      vertex 1.63028 -12.2355 5.5
      vertex 1.636 -12.3238 6
      vertex 1.636 -12.3238 5.5
    endloop
  endfacet
  facet normal 0.995224 0.0976131 0
    outer loop
      vertex 1.64418 -12.4072 6
      vertex 1.636 -12.3238 5.5
      vertex 1.636 -12.3238 6
    endloop
  endfacet
  facet normal 0.995224 0.0976131 0
    outer loop
      vertex 1.636 -12.3238 5.5
      vertex 1.64418 -12.4072 6
      vertex 1.64418 -12.4072 5.5
    endloop
  endfacet
  facet normal 0.990913 0.134508 0
    outer loop
      vertex 1.65489 -12.4861 6
      vertex 1.64418 -12.4072 5.5
      vertex 1.64418 -12.4072 6
    endloop
  endfacet
  facet normal 0.990913 0.134508 0
    outer loop
      vertex 1.64418 -12.4072 5.5
      vertex 1.65489 -12.4861 6
      vertex 1.65489 -12.4861 5.5
    endloop
  endfacet
  facet normal 0.984426 0.1758 0
    outer loop
      vertex 1.66823 -12.5608 6
      vertex 1.65489 -12.4861 5.5
      vertex 1.65489 -12.4861 6
    endloop
  endfacet
  facet normal 0.984426 0.1758 0
    outer loop
      vertex 1.65489 -12.4861 5.5
      vertex 1.66823 -12.5608 6
      vertex 1.66823 -12.5608 5.5
    endloop
  endfacet
  facet normal 0.975322 0.220789 0
    outer loop
      vertex 1.68428 -12.6317 6
      vertex 1.66823 -12.5608 5.5
      vertex 1.66823 -12.5608 6
    endloop
  endfacet
  facet normal 0.975322 0.220789 0
    outer loop
      vertex 1.66823 -12.5608 5.5
      vertex 1.68428 -12.6317 6
      vertex 1.68428 -12.6317 5.5
    endloop
  endfacet
  facet normal 0.962979 0.269577 0
    outer loop
      vertex 1.70312 -12.699 6
      vertex 1.68428 -12.6317 5.5
      vertex 1.68428 -12.6317 6
    endloop
  endfacet
  facet normal 0.962979 0.269577 0
    outer loop
      vertex 1.68428 -12.6317 5.5
      vertex 1.70312 -12.699 6
      vertex 1.70312 -12.699 5.5
    endloop
  endfacet
  facet normal 0.946908 0.321505 0
    outer loop
      vertex 1.72485 -12.763 6
      vertex 1.70312 -12.699 5.5
      vertex 1.70312 -12.699 6
    endloop
  endfacet
  facet normal 0.946908 0.321505 0
    outer loop
      vertex 1.70312 -12.699 5.5
      vertex 1.72485 -12.763 6
      vertex 1.72485 -12.763 5.5
    endloop
  endfacet
  facet normal 0.927005 0.37505 0
    outer loop
      vertex 1.74957 -12.8241 6
      vertex 1.72485 -12.763 5.5
      vertex 1.72485 -12.763 6
    endloop
  endfacet
  facet normal 0.927005 0.37505 0
    outer loop
      vertex 1.72485 -12.763 5.5
      vertex 1.74957 -12.8241 6
      vertex 1.74957 -12.8241 5.5
    endloop
  endfacet
  facet normal 0.903263 0.429088 0
    outer loop
      vertex 1.77736 -12.8826 6
      vertex 1.74957 -12.8241 5.5
      vertex 1.74957 -12.8241 6
    endloop
  endfacet
  facet normal 0.903263 0.429088 0
    outer loop
      vertex 1.74957 -12.8241 5.5
      vertex 1.77736 -12.8826 6
      vertex 1.77736 -12.8826 5.5
    endloop
  endfacet
  facet normal 0.876018 0.482278 0
    outer loop
      vertex 1.8083 -12.9388 6
      vertex 1.77736 -12.8826 5.5
      vertex 1.77736 -12.8826 6
    endloop
  endfacet
  facet normal 0.876018 0.482278 0
    outer loop
      vertex 1.77736 -12.8826 5.5
      vertex 1.8083 -12.9388 6
      vertex 1.8083 -12.9388 5.5
    endloop
  endfacet
  facet normal 0.845852 0.533417 0
    outer loop
      vertex 1.84248 -12.993 6
      vertex 1.8083 -12.9388 5.5
      vertex 1.8083 -12.9388 6
    endloop
  endfacet
  facet normal 0.845852 0.533417 0
    outer loop
      vertex 1.8083 -12.9388 5.5
      vertex 1.84248 -12.993 6
      vertex 1.84248 -12.993 5.5
    endloop
  endfacet
  facet normal 0.819151 0.573578 0
    outer loop
      vertex 1.87567 -13.0404 6
      vertex 1.84248 -12.993 5.5
      vertex 1.84248 -12.993 6
    endloop
  endfacet
  facet normal 0.819151 0.573578 0
    outer loop
      vertex 1.84248 -12.993 5.5
      vertex 1.87567 -13.0404 6
      vertex 1.87567 -13.0404 5.5
    endloop
  endfacet
  facet normal 0.770811 0.637063 0
    outer loop
      vertex 1.91187 -13.0842 6
      vertex 1.87567 -13.0404 5.5
      vertex 1.87567 -13.0404 6
    endloop
  endfacet
  facet normal 0.770811 0.637063 0
    outer loop
      vertex 1.87567 -13.0404 5.5
      vertex 1.91187 -13.0842 6
      vertex 1.91187 -13.0842 5.5
    endloop
  endfacet
  facet normal 0.716067 0.698031 0
    outer loop
      vertex 1.95096 -13.1243 6
      vertex 1.91187 -13.0842 5.5
      vertex 1.91187 -13.0842 6
    endloop
  endfacet
  facet normal 0.716067 0.698031 0
    outer loop
      vertex 1.91187 -13.0842 5.5
      vertex 1.95096 -13.1243 6
      vertex 1.95096 -13.1243 5.5
    endloop
  endfacet
  facet normal 0.655465 0.755225 -0
    outer loop
      vertex 1.9929 -13.1607 5.5
      vertex 1.95096 -13.1243 6
      vertex 1.9929 -13.1607 6
    endloop
  endfacet
  facet normal 0.655465 0.755225 0
    outer loop
      vertex 1.95096 -13.1243 6
      vertex 1.9929 -13.1607 5.5
      vertex 1.95096 -13.1243 5.5
    endloop
  endfacet
  facet normal 0.590338 0.807156 -0
    outer loop
      vertex 2.03761 -13.1934 5.5
      vertex 1.9929 -13.1607 6
      vertex 2.03761 -13.1934 6
    endloop
  endfacet
  facet normal 0.590338 0.807156 0
    outer loop
      vertex 1.9929 -13.1607 6
      vertex 2.03761 -13.1934 5.5
      vertex 1.9929 -13.1607 5.5
    endloop
  endfacet
  facet normal 0.521887 0.853015 -0
    outer loop
      vertex 2.08501 -13.2224 5.5
      vertex 2.03761 -13.1934 6
      vertex 2.08501 -13.2224 6
    endloop
  endfacet
  facet normal 0.521887 0.853015 0
    outer loop
      vertex 2.03761 -13.1934 6
      vertex 2.08501 -13.2224 5.5
      vertex 2.03761 -13.1934 5.5
    endloop
  endfacet
  facet normal 0.450069 0.892994 -0
    outer loop
      vertex 2.13501 -13.2476 5.5
      vertex 2.08501 -13.2224 6
      vertex 2.13501 -13.2476 6
    endloop
  endfacet
  facet normal 0.450069 0.892994 0
    outer loop
      vertex 2.08501 -13.2224 6
      vertex 2.13501 -13.2476 5.5
      vertex 2.08501 -13.2224 5.5
    endloop
  endfacet
  facet normal 0.377342 0.926074 -0
    outer loop
      vertex 2.18753 -13.269 5.5
      vertex 2.13501 -13.2476 6
      vertex 2.18753 -13.269 6
    endloop
  endfacet
  facet normal 0.377342 0.926074 0
    outer loop
      vertex 2.13501 -13.2476 6
      vertex 2.18753 -13.269 5.5
      vertex 2.13501 -13.2476 5.5
    endloop
  endfacet
  facet normal 0.304977 0.95236 -0
    outer loop
      vertex 2.24249 -13.2866 5.5
      vertex 2.18753 -13.269 6
      vertex 2.24249 -13.2866 6
    endloop
  endfacet
  facet normal 0.304977 0.95236 0
    outer loop
      vertex 2.18753 -13.269 6
      vertex 2.24249 -13.2866 5.5
      vertex 2.18753 -13.269 5.5
    endloop
  endfacet
  facet normal 0.232347 0.972633 -0
    outer loop
      vertex 2.29984 -13.3003 5.5
      vertex 2.24249 -13.2866 6
      vertex 2.29984 -13.3003 6
    endloop
  endfacet
  facet normal 0.232347 0.972633 0
    outer loop
      vertex 2.24249 -13.2866 6
      vertex 2.29984 -13.3003 5.5
      vertex 2.24249 -13.2866 5.5
    endloop
  endfacet
  facet normal 0.162224 0.986754 -0
    outer loop
      vertex 2.35945 -13.3101 5.5
      vertex 2.29984 -13.3003 6
      vertex 2.35945 -13.3101 6
    endloop
  endfacet
  facet normal 0.162224 0.986754 0
    outer loop
      vertex 2.29984 -13.3003 6
      vertex 2.35945 -13.3101 5.5
      vertex 2.29984 -13.3003 5.5
    endloop
  endfacet
  facet normal 0.0965556 0.995328 -0
    outer loop
      vertex 2.4213 -13.3161 5.5
      vertex 2.35945 -13.3101 6
      vertex 2.4213 -13.3161 6
    endloop
  endfacet
  facet normal 0.0965556 0.995328 0
    outer loop
      vertex 2.35945 -13.3101 6
      vertex 2.4213 -13.3161 5.5
      vertex 2.35945 -13.3101 5.5
    endloop
  endfacet
  facet normal 0.029693 0.999559 -0
    outer loop
      vertex 2.48526 -13.318 5.5
      vertex 2.4213 -13.3161 6
      vertex 2.48526 -13.318 6
    endloop
  endfacet
  facet normal 0.029693 0.999559 0
    outer loop
      vertex 2.4213 -13.3161 6
      vertex 2.48526 -13.318 5.5
      vertex 2.4213 -13.3161 5.5
    endloop
  endfacet
  facet normal -0.0571946 0.998363 0
    outer loop
      vertex 2.59523 -13.3117 5.5
      vertex 2.48526 -13.318 6
      vertex 2.59523 -13.3117 6
    endloop
  endfacet
  facet normal -0.0571946 0.998363 0
    outer loop
      vertex 2.48526 -13.318 6
      vertex 2.59523 -13.3117 5.5
      vertex 2.48526 -13.318 5.5
    endloop
  endfacet
  facet normal -0.194613 -0.98088 0
    outer loop
      vertex 2.35788 -13.0193 5.5
      vertex 2.42189 -13.032 6
      vertex 2.35788 -13.0193 6
    endloop
  endfacet
  facet normal -0.194613 -0.98088 -0
    outer loop
      vertex 2.42189 -13.032 6
      vertex 2.35788 -13.0193 5.5
      vertex 2.42189 -13.032 5.5
    endloop
  endfacet
  facet normal -0.323198 -0.946331 0
    outer loop
      vertex 2.29727 -12.9986 5.5
      vertex 2.35788 -13.0193 6
      vertex 2.29727 -12.9986 6
    endloop
  endfacet
  facet normal -0.323198 -0.946331 -0
    outer loop
      vertex 2.35788 -13.0193 6
      vertex 2.29727 -12.9986 5.5
      vertex 2.35788 -13.0193 5.5
    endloop
  endfacet
  facet normal -0.444626 -0.895716 0
    outer loop
      vertex 2.24046 -12.9704 5.5
      vertex 2.29727 -12.9986 6
      vertex 2.24046 -12.9704 6
    endloop
  endfacet
  facet normal -0.444626 -0.895716 -0
    outer loop
      vertex 2.29727 -12.9986 6
      vertex 2.24046 -12.9704 5.5
      vertex 2.29727 -12.9986 5.5
    endloop
  endfacet
  facet normal -0.555211 -0.831709 0
    outer loop
      vertex 2.18788 -12.9353 5.5
      vertex 2.24046 -12.9704 6
      vertex 2.18788 -12.9353 6
    endloop
  endfacet
  facet normal -0.555211 -0.831709 -0
    outer loop
      vertex 2.24046 -12.9704 6
      vertex 2.18788 -12.9353 5.5
      vertex 2.24046 -12.9704 5.5
    endloop
  endfacet
  facet normal -0.65719 -0.753725 0
    outer loop
      vertex 2.13994 -12.8935 5.5
      vertex 2.18788 -12.9353 6
      vertex 2.13994 -12.8935 6
    endloop
  endfacet
  facet normal -0.65719 -0.753725 -0
    outer loop
      vertex 2.18788 -12.9353 6
      vertex 2.13994 -12.8935 5.5
      vertex 2.18788 -12.9353 5.5
    endloop
  endfacet
  facet normal -0.744839 -0.667245 0
    outer loop
      vertex 2.13994 -12.8935 5.5
      vertex 2.09703 -12.8456 6
      vertex 2.09703 -12.8456 5.5
    endloop
  endfacet
  facet normal -0.744839 -0.667245 0
    outer loop
      vertex 2.09703 -12.8456 6
      vertex 2.13994 -12.8935 5.5
      vertex 2.13994 -12.8935 6
    endloop
  endfacet
  facet normal -0.819878 -0.572538 0
    outer loop
      vertex 2.09703 -12.8456 5.5
      vertex 2.0596 -12.792 6
      vertex 2.0596 -12.792 5.5
    endloop
  endfacet
  facet normal -0.819878 -0.572538 0
    outer loop
      vertex 2.0596 -12.792 6
      vertex 2.09703 -12.8456 5.5
      vertex 2.09703 -12.8456 6
    endloop
  endfacet
  facet normal -0.881168 -0.472804 0
    outer loop
      vertex 2.0596 -12.792 5.5
      vertex 2.02805 -12.7332 6
      vertex 2.02805 -12.7332 5.5
    endloop
  endfacet
  facet normal -0.881168 -0.472804 0
    outer loop
      vertex 2.02805 -12.7332 6
      vertex 2.0596 -12.792 5.5
      vertex 2.0596 -12.792 6
    endloop
  endfacet
  facet normal -0.929131 -0.36975 0
    outer loop
      vertex 2.02805 -12.7332 5.5
      vertex 2.00278 -12.6697 6
      vertex 2.00278 -12.6697 5.5
    endloop
  endfacet
  facet normal -0.929131 -0.36975 0
    outer loop
      vertex 2.00278 -12.6697 6
      vertex 2.02805 -12.7332 5.5
      vertex 2.02805 -12.7332 6
    endloop
  endfacet
  facet normal -0.964613 -0.26367 0
    outer loop
      vertex 2.00278 -12.6697 5.5
      vertex 1.98422 -12.6018 6
      vertex 1.98422 -12.6018 5.5
    endloop
  endfacet
  facet normal -0.964613 -0.26367 0
    outer loop
      vertex 1.98422 -12.6018 6
      vertex 2.00278 -12.6697 5.5
      vertex 2.00278 -12.6697 6
    endloop
  endfacet
  facet normal -0.987509 -0.157561 0
    outer loop
      vertex 1.98422 -12.6018 5.5
      vertex 1.97278 -12.5301 6
      vertex 1.97278 -12.5301 5.5
    endloop
  endfacet
  facet normal -0.987509 -0.157561 0
    outer loop
      vertex 1.97278 -12.5301 6
      vertex 1.98422 -12.6018 5.5
      vertex 1.98422 -12.6018 6
    endloop
  endfacet
  facet normal -0.998647 -0.0519935 0
    outer loop
      vertex 1.97278 -12.5301 5.5
      vertex 1.96887 -12.455 6
      vertex 1.96887 -12.455 5.5
    endloop
  endfacet
  facet normal -0.998647 -0.0519935 0
    outer loop
      vertex 1.96887 -12.455 6
      vertex 1.97278 -12.5301 5.5
      vertex 1.97278 -12.5301 6
    endloop
  endfacet
  facet normal -0.998662 0.0517067 0
    outer loop
      vertex 1.96887 -12.455 5.5
      vertex 1.97266 -12.3818 6
      vertex 1.97266 -12.3818 5.5
    endloop
  endfacet
  facet normal -0.998662 0.0517067 0
    outer loop
      vertex 1.97266 -12.3818 6
      vertex 1.96887 -12.455 5.5
      vertex 1.96887 -12.455 6
    endloop
  endfacet
  facet normal -0.987222 0.159354 0
    outer loop
      vertex 1.97266 -12.3818 5.5
      vertex 1.98383 -12.3126 6
      vertex 1.98383 -12.3126 5.5
    endloop
  endfacet
  facet normal -0.987222 0.159354 0
    outer loop
      vertex 1.98383 -12.3126 6
      vertex 1.97266 -12.3818 5.5
      vertex 1.97266 -12.3818 6
    endloop
  endfacet
  facet normal -0.962933 0.26974 0
    outer loop
      vertex 1.98383 -12.3126 5.5
      vertex 2.00201 -12.2477 6
      vertex 2.00201 -12.2477 5.5
    endloop
  endfacet
  facet normal -0.962933 0.26974 0
    outer loop
      vertex 2.00201 -12.2477 6
      vertex 1.98383 -12.3126 5.5
      vertex 1.98383 -12.3126 6
    endloop
  endfacet
  facet normal -0.924412 0.381396 0
    outer loop
      vertex 2.00201 -12.2477 5.5
      vertex 2.02693 -12.1873 6
      vertex 2.02693 -12.1873 5.5
    endloop
  endfacet
  facet normal -0.924412 0.381396 0
    outer loop
      vertex 2.02693 -12.1873 6
      vertex 2.00201 -12.2477 5.5
      vertex 2.00201 -12.2477 6
    endloop
  endfacet
  facet normal -0.870583 0.492021 0
    outer loop
      vertex 2.02693 -12.1873 5.5
      vertex 2.05824 -12.1319 6
      vertex 2.05824 -12.1319 5.5
    endloop
  endfacet
  facet normal -0.870583 0.492021 0
    outer loop
      vertex 2.05824 -12.1319 6
      vertex 2.02693 -12.1873 5.5
      vertex 2.02693 -12.1873 6
    endloop
  endfacet
  facet normal -0.802142 0.597133 0
    outer loop
      vertex 2.05824 -12.1319 5.5
      vertex 2.09561 -12.0817 6
      vertex 2.09561 -12.0817 5.5
    endloop
  endfacet
  facet normal -0.802142 0.597133 0
    outer loop
      vertex 2.09561 -12.0817 6
      vertex 2.05824 -12.1319 5.5
      vertex 2.05824 -12.1319 6
    endloop
  endfacet
  facet normal -0.719015 0.694994 0
    outer loop
      vertex 2.09561 -12.0817 5.5
      vertex 2.13872 -12.0371 6
      vertex 2.13872 -12.0371 5.5
    endloop
  endfacet
  facet normal -0.719015 0.694994 0
    outer loop
      vertex 2.13872 -12.0371 6
      vertex 2.09561 -12.0817 5.5
      vertex 2.09561 -12.0817 6
    endloop
  endfacet
  facet normal -0.622568 0.782565 0
    outer loop
      vertex 2.18724 -11.9985 5.5
      vertex 2.13872 -12.0371 6
      vertex 2.18724 -11.9985 6
    endloop
  endfacet
  facet normal -0.622568 0.782565 0
    outer loop
      vertex 2.13872 -12.0371 6
      vertex 2.18724 -11.9985 5.5
      vertex 2.13872 -12.0371 5.5
    endloop
  endfacet
  facet normal -0.517169 0.855883 0
    outer loop
      vertex 2.24086 -11.9661 5.5
      vertex 2.18724 -11.9985 6
      vertex 2.24086 -11.9661 6
    endloop
  endfacet
  facet normal -0.517169 0.855883 0
    outer loop
      vertex 2.18724 -11.9985 6
      vertex 2.24086 -11.9661 5.5
      vertex 2.18724 -11.9985 5.5
    endloop
  endfacet
  facet normal -0.402907 0.915241 0
    outer loop
      vertex 2.29924 -11.9404 5.5
      vertex 2.24086 -11.9661 6
      vertex 2.29924 -11.9404 6
    endloop
  endfacet
  facet normal -0.402907 0.915241 0
    outer loop
      vertex 2.24086 -11.9661 6
      vertex 2.29924 -11.9404 5.5
      vertex 2.24086 -11.9661 5.5
    endloop
  endfacet
  facet normal -0.286746 0.958007 0
    outer loop
      vertex 2.36205 -11.9216 5.5
      vertex 2.29924 -11.9404 6
      vertex 2.36205 -11.9216 6
    endloop
  endfacet
  facet normal -0.286746 0.958007 0
    outer loop
      vertex 2.29924 -11.9404 6
      vertex 2.36205 -11.9216 5.5
      vertex 2.29924 -11.9404 5.5
    endloop
  endfacet
  facet normal -0.170794 0.985307 0
    outer loop
      vertex 2.42897 -11.91 5.5
      vertex 2.36205 -11.9216 6
      vertex 2.42897 -11.91 6
    endloop
  endfacet
  facet normal -0.170794 0.985307 0
    outer loop
      vertex 2.36205 -11.9216 6
      vertex 2.42897 -11.91 5.5
      vertex 2.36205 -11.9216 5.5
    endloop
  endfacet
  facet normal -0.0550712 0.998482 0
    outer loop
      vertex 2.49968 -11.9061 5.5
      vertex 2.42897 -11.91 6
      vertex 2.49968 -11.9061 6
    endloop
  endfacet
  facet normal -0.0550712 0.998482 0
    outer loop
      vertex 2.42897 -11.91 6
      vertex 2.49968 -11.9061 5.5
      vertex 2.42897 -11.91 5.5
    endloop
  endfacet
  facet normal 0.0551805 0.998476 -0
    outer loop
      vertex 2.56844 -11.9099 5.5
      vertex 2.49968 -11.9061 6
      vertex 2.56844 -11.9099 6
    endloop
  endfacet
  facet normal 0.0551805 0.998476 0
    outer loop
      vertex 2.49968 -11.9061 6
      vertex 2.56844 -11.9099 5.5
      vertex 2.49968 -11.9061 5.5
    endloop
  endfacet
  facet normal 0.172747 0.984966 -0
    outer loop
      vertex 2.63287 -11.9212 5.5
      vertex 2.56844 -11.9099 6
      vertex 2.63287 -11.9212 6
    endloop
  endfacet
  facet normal 0.172747 0.984966 0
    outer loop
      vertex 2.56844 -11.9099 6
      vertex 2.63287 -11.9212 5.5
      vertex 2.56844 -11.9099 5.5
    endloop
  endfacet
  facet normal 0.295005 0.955496 -0
    outer loop
      vertex 2.69279 -11.9397 5.5
      vertex 2.63287 -11.9212 6
      vertex 2.69279 -11.9397 6
    endloop
  endfacet
  facet normal 0.295005 0.955496 0
    outer loop
      vertex 2.63287 -11.9212 6
      vertex 2.69279 -11.9397 5.5
      vertex 2.63287 -11.9212 5.5
    endloop
  endfacet
  facet normal 0.417952 0.908469 -0
    outer loop
      vertex 2.748 -11.9651 5.5
      vertex 2.69279 -11.9397 6
      vertex 2.748 -11.9651 6
    endloop
  endfacet
  facet normal 0.417952 0.908469 0
    outer loop
      vertex 2.69279 -11.9397 6
      vertex 2.748 -11.9651 5.5
      vertex 2.69279 -11.9397 5.5
    endloop
  endfacet
  facet normal 0.539453 0.842016 -0
    outer loop
      vertex 2.79826 -11.9973 5.5
      vertex 2.748 -11.9651 6
      vertex 2.79826 -11.9973 6
    endloop
  endfacet
  facet normal 0.539453 0.842016 0
    outer loop
      vertex 2.748 -11.9651 6
      vertex 2.79826 -11.9973 5.5
      vertex 2.748 -11.9651 5.5
    endloop
  endfacet
  facet normal 0.650874 0.759185 -0
    outer loop
      vertex 2.8434 -12.036 5.5
      vertex 2.79826 -11.9973 6
      vertex 2.8434 -12.036 6
    endloop
  endfacet
  facet normal 0.650874 0.759185 0
    outer loop
      vertex 2.79826 -11.9973 6
      vertex 2.8434 -12.036 5.5
      vertex 2.79826 -11.9973 5.5
    endloop
  endfacet
  facet normal 0.749225 0.662315 0
    outer loop
      vertex 2.88318 -12.081 6
      vertex 2.8434 -12.036 5.5
      vertex 2.8434 -12.036 6
    endloop
  endfacet
  facet normal 0.749225 0.662315 0
    outer loop
      vertex 2.8434 -12.036 5.5
      vertex 2.88318 -12.081 6
      vertex 2.88318 -12.081 5.5
    endloop
  endfacet
  facet normal 0.830898 0.556425 0
    outer loop
      vertex 2.9174 -12.1321 6
      vertex 2.88318 -12.081 5.5
      vertex 2.88318 -12.081 6
    endloop
  endfacet
  facet normal 0.830898 0.556425 0
    outer loop
      vertex 2.88318 -12.081 5.5
      vertex 2.9174 -12.1321 6
      vertex 2.9174 -12.1321 5.5
    endloop
  endfacet
  facet normal 0.893923 0.448221 0
    outer loop
      vertex 2.94588 -12.1889 6
      vertex 2.9174 -12.1321 5.5
      vertex 2.9174 -12.1321 6
    endloop
  endfacet
  facet normal 0.893923 0.448221 0
    outer loop
      vertex 2.9174 -12.1321 5.5
      vertex 2.94588 -12.1889 6
      vertex 2.94588 -12.1889 5.5
    endloop
  endfacet
  facet normal 0.940714 0.3392 0
    outer loop
      vertex 2.96838 -12.2513 6
      vertex 2.94588 -12.1889 5.5
      vertex 2.94588 -12.1889 6
    endloop
  endfacet
  facet normal 0.940714 0.3392 0
    outer loop
      vertex 2.94588 -12.1889 5.5
      vertex 2.96838 -12.2513 6
      vertex 2.96838 -12.2513 5.5
    endloop
  endfacet
  facet normal 0.972119 0.234486 0
    outer loop
      vertex 2.98471 -12.319 6
      vertex 2.96838 -12.2513 5.5
      vertex 2.96838 -12.2513 6
    endloop
  endfacet
  facet normal 0.972119 0.234486 0
    outer loop
      vertex 2.96838 -12.2513 5.5
      vertex 2.98471 -12.319 6
      vertex 2.98471 -12.319 5.5
    endloop
  endfacet
  facet normal 0.990789 0.135417 0
    outer loop
      vertex 2.99466 -12.3918 6
      vertex 2.98471 -12.319 5.5
      vertex 2.98471 -12.319 6
    endloop
  endfacet
  facet normal 0.990789 0.135417 0
    outer loop
      vertex 2.98471 -12.319 5.5
      vertex 2.99466 -12.3918 6
      vertex 2.99466 -12.3918 5.5
    endloop
  endfacet
  facet normal 0.999061 0.0433312 0
    outer loop
      vertex 2.99803 -12.4695 6
      vertex 2.99466 -12.3918 5.5
      vertex 2.99466 -12.3918 6
    endloop
  endfacet
  facet normal 0.999061 0.0433312 0
    outer loop
      vertex 2.99466 -12.3918 5.5
      vertex 2.99803 -12.4695 6
      vertex 2.99803 -12.4695 5.5
    endloop
  endfacet
  facet normal 0.998701 -0.0509459 0
    outer loop
      vertex 2.99425 -12.5436 6
      vertex 2.99803 -12.4695 5.5
      vertex 2.99803 -12.4695 6
    endloop
  endfacet
  facet normal 0.998701 -0.0509459 0
    outer loop
      vertex 2.99803 -12.4695 5.5
      vertex 2.99425 -12.5436 6
      vertex 2.99425 -12.5436 5.5
    endloop
  endfacet
  facet normal 0.987865 -0.155316 0
    outer loop
      vertex 2.98315 -12.6142 6
      vertex 2.99425 -12.5436 5.5
      vertex 2.99425 -12.5436 6
    endloop
  endfacet
  facet normal 0.987865 -0.155316 0
    outer loop
      vertex 2.99425 -12.5436 5.5
      vertex 2.98315 -12.6142 6
      vertex 2.98315 -12.6142 5.5
    endloop
  endfacet
  facet normal 0.965265 -0.261275 0
    outer loop
      vertex 2.96515 -12.6807 6
      vertex 2.98315 -12.6142 5.5
      vertex 2.98315 -12.6142 6
    endloop
  endfacet
  facet normal 0.965265 -0.261275 0
    outer loop
      vertex 2.98315 -12.6142 5.5
      vertex 2.96515 -12.6807 6
      vertex 2.96515 -12.6807 5.5
    endloop
  endfacet
  facet normal 0.929967 -0.367644 0
    outer loop
      vertex 2.9406 -12.7428 6
      vertex 2.96515 -12.6807 5.5
      vertex 2.96515 -12.6807 6
    endloop
  endfacet
  facet normal 0.929967 -0.367644 0
    outer loop
      vertex 2.96515 -12.6807 5.5
      vertex 2.9406 -12.7428 6
      vertex 2.9406 -12.7428 5.5
    endloop
  endfacet
  facet normal 0.881457 -0.472264 0
    outer loop
      vertex 2.9099 -12.8001 6
      vertex 2.9406 -12.7428 5.5
      vertex 2.9406 -12.7428 6
    endloop
  endfacet
  facet normal 0.881457 -0.472264 0
    outer loop
      vertex 2.9406 -12.7428 5.5
      vertex 2.9099 -12.8001 6
      vertex 2.9099 -12.8001 5.5
    endloop
  endfacet
  facet normal 0.819084 -0.573673 0
    outer loop
      vertex 2.87341 -12.8522 6
      vertex 2.9099 -12.8001 5.5
      vertex 2.9099 -12.8001 6
    endloop
  endfacet
  facet normal 0.819084 -0.573673 0
    outer loop
      vertex 2.9099 -12.8001 5.5
      vertex 2.87341 -12.8522 6
      vertex 2.87341 -12.8522 5.5
    endloop
  endfacet
  facet normal 0.742578 -0.66976 0
    outer loop
      vertex 2.83156 -12.8986 6
      vertex 2.87341 -12.8522 5.5
      vertex 2.87341 -12.8522 6
    endloop
  endfacet
  facet normal 0.742578 -0.66976 0
    outer loop
      vertex 2.87341 -12.8522 5.5
      vertex 2.83156 -12.8986 6
      vertex 2.83156 -12.8986 5.5
    endloop
  endfacet
  facet normal 0.652972 -0.757382 0
    outer loop
      vertex 2.7847 -12.939 5.5
      vertex 2.83156 -12.8986 6
      vertex 2.7847 -12.939 6
    endloop
  endfacet
  facet normal 0.652972 -0.757382 0
    outer loop
      vertex 2.83156 -12.8986 6
      vertex 2.7847 -12.939 5.5
      vertex 2.83156 -12.8986 5.5
    endloop
  endfacet
  facet normal 0.551179 -0.834387 0
    outer loop
      vertex 2.73323 -12.973 5.5
      vertex 2.7847 -12.939 6
      vertex 2.73323 -12.973 6
    endloop
  endfacet
  facet normal 0.551179 -0.834387 0
    outer loop
      vertex 2.7847 -12.939 6
      vertex 2.73323 -12.973 5.5
      vertex 2.7847 -12.939 5.5
    endloop
  endfacet
  facet normal 0.437437 -0.899249 0
    outer loop
      vertex 2.67752 -13.0001 5.5
      vertex 2.73323 -12.973 6
      vertex 2.67752 -13.0001 6
    endloop
  endfacet
  facet normal 0.437437 -0.899249 0
    outer loop
      vertex 2.73323 -12.973 6
      vertex 2.67752 -13.0001 5.5
      vertex 2.73323 -12.973 5.5
    endloop
  endfacet
  facet normal 0.316944 -0.948444 0
    outer loop
      vertex 2.61797 -13.02 5.5
      vertex 2.67752 -13.0001 6
      vertex 2.61797 -13.02 6
    endloop
  endfacet
  facet normal 0.316944 -0.948444 0
    outer loop
      vertex 2.67752 -13.0001 6
      vertex 2.61797 -13.02 5.5
      vertex 2.67752 -13.0001 5.5
    endloop
  endfacet
  facet normal 0.19009 -0.981767 0
    outer loop
      vertex 2.55496 -13.0322 5.5
      vertex 2.61797 -13.02 6
      vertex 2.55496 -13.0322 6
    endloop
  endfacet
  facet normal 0.19009 -0.981767 0
    outer loop
      vertex 2.61797 -13.02 6
      vertex 2.55496 -13.0322 5.5
      vertex 2.61797 -13.02 5.5
    endloop
  endfacet
  facet normal 0.0634313 -0.997986 0
    outer loop
      vertex 2.48888 -13.0364 5.5
      vertex 2.55496 -13.0322 6
      vertex 2.48888 -13.0364 6
    endloop
  endfacet
  facet normal 0.0634313 -0.997986 0
    outer loop
      vertex 2.55496 -13.0322 6
      vertex 2.48888 -13.0364 5.5
      vertex 2.55496 -13.0322 5.5
    endloop
  endfacet
  facet normal -0.0655402 -0.99785 0
    outer loop
      vertex 2.42189 -13.032 5.5
      vertex 2.48888 -13.0364 6
      vertex 2.42189 -13.032 6
    endloop
  endfacet
  facet normal -0.0655402 -0.99785 -0
    outer loop
      vertex 2.48888 -13.0364 6
      vertex 2.42189 -13.032 5.5
      vertex 2.48888 -13.0364 5.5
    endloop
  endfacet
  facet normal -0.974404 0.224803 0
    outer loop
      vertex -0.597015 -13.0478 5.5
      vertex -0.554657 -12.8642 6
      vertex -0.554657 -12.8642 5.5
    endloop
  endfacet
  facet normal -0.974404 0.224803 0
    outer loop
      vertex -0.554657 -12.8642 6
      vertex -0.597015 -13.0478 5.5
      vertex -0.597015 -13.0478 6
    endloop
  endfacet
  facet normal -0.964829 0.262877 0
    outer loop
      vertex -0.554657 -12.8642 5.5
      vertex -0.505478 -12.6837 6
      vertex -0.505478 -12.6837 5.5
    endloop
  endfacet
  facet normal -0.964829 0.262877 0
    outer loop
      vertex -0.505478 -12.6837 6
      vertex -0.554657 -12.8642 5.5
      vertex -0.554657 -12.8642 6
    endloop
  endfacet
  facet normal -0.953482 0.301451 0
    outer loop
      vertex -0.505478 -12.6837 5.5
      vertex -0.449265 -12.5059 6
      vertex -0.449265 -12.5059 5.5
    endloop
  endfacet
  facet normal -0.953482 0.301451 0
    outer loop
      vertex -0.449265 -12.5059 6
      vertex -0.505478 -12.6837 5.5
      vertex -0.505478 -12.6837 6
    endloop
  endfacet
  facet normal -0.940529 0.339714 0
    outer loop
      vertex -0.449265 -12.5059 5.5
      vertex -0.385803 -12.3302 6
      vertex -0.385803 -12.3302 5.5
    endloop
  endfacet
  facet normal -0.940529 0.339714 0
    outer loop
      vertex -0.385803 -12.3302 6
      vertex -0.449265 -12.5059 5.5
      vertex -0.449265 -12.5059 6
    endloop
  endfacet
  facet normal -0.926162 0.377125 0
    outer loop
      vertex -0.385803 -12.3302 5.5
      vertex -0.314911 -12.1561 6
      vertex -0.314911 -12.1561 5.5
    endloop
  endfacet
  facet normal -0.926162 0.377125 0
    outer loop
      vertex -0.314911 -12.1561 6
      vertex -0.385803 -12.3302 5.5
      vertex -0.385803 -12.3302 6
    endloop
  endfacet
  facet normal -0.910444 0.413633 0
    outer loop
      vertex -0.314911 -12.1561 5.5
      vertex -0.236359 -11.9832 6
      vertex -0.236359 -11.9832 5.5
    endloop
  endfacet
  facet normal -0.910444 0.413633 0
    outer loop
      vertex -0.236359 -11.9832 6
      vertex -0.314911 -12.1561 5.5
      vertex -0.314911 -12.1561 6
    endloop
  endfacet
  facet normal -0.893885 0.448297 0
    outer loop
      vertex -0.236359 -11.9832 5.5
      vertex -0.149948 -11.8109 6
      vertex -0.149948 -11.8109 5.5
    endloop
  endfacet
  facet normal -0.893885 0.448297 0
    outer loop
      vertex -0.149948 -11.8109 6
      vertex -0.236359 -11.9832 5.5
      vertex -0.236359 -11.9832 6
    endloop
  endfacet
  facet normal -0.876738 0.480969 0
    outer loop
      vertex -0.149948 -11.8109 5.5
      vertex -0.055481 -11.6387 6
      vertex -0.055481 -11.6387 5.5
    endloop
  endfacet
  facet normal -0.876738 0.480969 0
    outer loop
      vertex -0.055481 -11.6387 6
      vertex -0.149948 -11.8109 5.5
      vertex -0.149948 -11.8109 6
    endloop
  endfacet
  facet normal -0.859033 0.51192 0
    outer loop
      vertex -0.055481 -11.6387 5.5
      vertex 0.0472565 -11.4663 6
      vertex 0.0472565 -11.4663 5.5
    endloop
  endfacet
  facet normal -0.859033 0.51192 0
    outer loop
      vertex 0.0472565 -11.4663 6
      vertex -0.055481 -11.6387 5.5
      vertex -0.055481 -11.6387 6
    endloop
  endfacet
  facet normal -0.841555 0.540171 0
    outer loop
      vertex 0.0472565 -11.4663 5.5
      vertex 0.158493 -11.293 6
      vertex 0.158493 -11.293 5.5
    endloop
  endfacet
  facet normal -0.841555 0.540171 0
    outer loop
      vertex 0.158493 -11.293 6
      vertex 0.0472565 -11.4663 5.5
      vertex 0.0472565 -11.4663 6
    endloop
  endfacet
  facet normal -0.824303 0.566149 0
    outer loop
      vertex 0.158493 -11.293 5.5
      vertex 0.278412 -11.1184 6
      vertex 0.278412 -11.1184 5.5
    endloop
  endfacet
  facet normal -0.824303 0.566149 0
    outer loop
      vertex 0.278412 -11.1184 6
      vertex 0.158493 -11.293 5.5
      vertex 0.158493 -11.293 6
    endloop
  endfacet
  facet normal -0.807752 0.589522 0
    outer loop
      vertex 0.278412 -11.1184 5.5
      vertex 0.407227 -10.9419 6
      vertex 0.407227 -10.9419 5.5
    endloop
  endfacet
  facet normal -0.807752 0.589522 0
    outer loop
      vertex 0.407227 -10.9419 6
      vertex 0.278412 -11.1184 5.5
      vertex 0.278412 -11.1184 6
    endloop
  endfacet
  facet normal -1 0 0
    outer loop
      vertex 0.407227 -10.9419 5.5
      vertex 0.407227 -10.6747 6
      vertex 0.407227 -10.6747 5.5
    endloop
  endfacet
  facet normal -1 -0 0
    outer loop
      vertex 0.407227 -10.6747 6
      vertex 0.407227 -10.9419 5.5
      vertex 0.407227 -10.9419 6
    endloop
  endfacet
  facet normal 0 -1 0
    outer loop
      vertex -1.30441 -10.6747 5.5
      vertex 0.407227 -10.6747 6
      vertex -1.30441 -10.6747 6
    endloop
  endfacet
  facet normal 0 -1 -0
    outer loop
      vertex 0.407227 -10.6747 6
      vertex -1.30441 -10.6747 5.5
      vertex 0.407227 -10.6747 5.5
    endloop
  endfacet
  facet normal 1 -0 0
    outer loop
      vertex -1.30441 -10.9889 6
      vertex -1.30441 -10.6747 5.5
      vertex -1.30441 -10.6747 6
    endloop
  endfacet
  facet normal 1 0 0
    outer loop
      vertex -1.30441 -10.6747 5.5
      vertex -1.30441 -10.9889 6
      vertex -1.30441 -10.9889 5.5
    endloop
  endfacet
  facet normal 0 1 -0
    outer loop
      vertex 0.0786133 -10.9889 5.5
      vertex -1.30441 -10.9889 6
      vertex 0.0786133 -10.9889 6
    endloop
  endfacet
  facet normal 0 1 0
    outer loop
      vertex -1.30441 -10.9889 6
      vertex 0.0786133 -10.9889 5.5
      vertex -1.30441 -10.9889 5.5
    endloop
  endfacet
  facet normal 0.823378 -0.567493 0
    outer loop
      vertex -0.0559235 -11.1841 6
      vertex 0.0786133 -10.9889 5.5
      vertex 0.0786133 -10.9889 6
    endloop
  endfacet
  facet normal 0.823378 -0.567493 0
    outer loop
      vertex 0.0786133 -10.9889 5.5
      vertex -0.0559235 -11.1841 6
      vertex -0.0559235 -11.1841 5.5
    endloop
  endfacet
  facet normal 0.83349 -0.552535 0
    outer loop
      vertex -0.178497 -11.369 6
      vertex -0.0559235 -11.1841 5.5
      vertex -0.0559235 -11.1841 6
    endloop
  endfacet
  facet normal 0.83349 -0.552535 0
    outer loop
      vertex -0.0559235 -11.1841 5.5
      vertex -0.178497 -11.369 6
      vertex -0.178497 -11.369 5.5
    endloop
  endfacet
  facet normal 0.845774 -0.533542 0
    outer loop
      vertex -0.289902 -11.5456 6
      vertex -0.178497 -11.369 5.5
      vertex -0.178497 -11.369 6
    endloop
  endfacet
  facet normal 0.845774 -0.533542 0
    outer loop
      vertex -0.178497 -11.369 5.5
      vertex -0.289902 -11.5456 6
      vertex -0.289902 -11.5456 5.5
    endloop
  endfacet
  facet normal 0.859552 -0.511049 0
    outer loop
      vertex -0.390976 -11.7156 6
      vertex -0.289902 -11.5456 5.5
      vertex -0.289902 -11.5456 6
    endloop
  endfacet
  facet normal 0.859552 -0.511049 0
    outer loop
      vertex -0.289902 -11.5456 5.5
      vertex -0.390976 -11.7156 6
      vertex -0.390976 -11.7156 5.5
    endloop
  endfacet
  facet normal 0.874413 -0.485183 0
    outer loop
      vertex -0.482529 -11.8806 6
      vertex -0.390976 -11.7156 5.5
      vertex -0.390976 -11.7156 6
    endloop
  endfacet
  facet normal 0.874413 -0.485183 0
    outer loop
      vertex -0.390976 -11.7156 5.5
      vertex -0.482529 -11.8806 6
      vertex -0.482529 -11.8806 5.5
    endloop
  endfacet
  facet normal 0.890131 -0.455704 0
    outer loop
      vertex -0.565414 -12.0425 6
      vertex -0.482529 -11.8806 5.5
      vertex -0.482529 -11.8806 6
    endloop
  endfacet
  facet normal 0.890131 -0.455704 0
    outer loop
      vertex -0.482529 -11.8806 5.5
      vertex -0.565414 -12.0425 6
      vertex -0.565414 -12.0425 5.5
    endloop
  endfacet
  facet normal 0.905805 -0.423695 0
    outer loop
      vertex -0.640442 -12.2029 6
      vertex -0.565414 -12.0425 5.5
      vertex -0.565414 -12.0425 6
    endloop
  endfacet
  facet normal 0.905805 -0.423695 0
    outer loop
      vertex -0.565414 -12.0425 5.5
      vertex -0.640442 -12.2029 6
      vertex -0.640442 -12.2029 5.5
    endloop
  endfacet
  facet normal 0.921068 -0.389402 0
    outer loop
      vertex -0.708466 -12.3638 6
      vertex -0.640442 -12.2029 5.5
      vertex -0.640442 -12.2029 6
    endloop
  endfacet
  facet normal 0.921068 -0.389402 0
    outer loop
      vertex -0.640442 -12.2029 5.5
      vertex -0.708466 -12.3638 6
      vertex -0.708466 -12.3638 5.5
    endloop
  endfacet
  facet normal 0.935025 -0.354581 0
    outer loop
      vertex -0.770279 -12.5268 6
      vertex -0.708466 -12.3638 5.5
      vertex -0.708466 -12.3638 6
    endloop
  endfacet
  facet normal 0.935025 -0.354581 0
    outer loop
      vertex -0.708466 -12.3638 5.5
      vertex -0.770279 -12.5268 6
      vertex -0.770279 -12.5268 5.5
    endloop
  endfacet
  facet normal 0.947213 -0.320604 0
    outer loop
      vertex -0.826736 -12.6936 6
      vertex -0.770279 -12.5268 5.5
      vertex -0.770279 -12.5268 6
    endloop
  endfacet
  facet normal 0.947213 -0.320604 0
    outer loop
      vertex -0.770279 -12.5268 5.5
      vertex -0.826736 -12.6936 6
      vertex -0.826736 -12.6936 5.5
    endloop
  endfacet
  facet normal 0.95758 -0.288168 0
    outer loop
      vertex -0.878647 -12.8661 6
      vertex -0.826736 -12.6936 5.5
      vertex -0.826736 -12.6936 6
    endloop
  endfacet
  facet normal 0.95758 -0.288168 0
    outer loop
      vertex -0.826736 -12.6936 5.5
      vertex -0.878647 -12.8661 6
      vertex -0.878647 -12.8661 5.5
    endloop
  endfacet
  facet normal 0.965929 -0.258809 0
    outer loop
      vertex -0.926849 -13.046 6
      vertex -0.878647 -12.8661 5.5
      vertex -0.878647 -12.8661 6
    endloop
  endfacet
  facet normal 0.965929 -0.258809 0
    outer loop
      vertex -0.878647 -12.8661 5.5
      vertex -0.926849 -13.046 6
      vertex -0.926849 -13.046 5.5
    endloop
  endfacet
  facet normal 0.972418 -0.233246 0
    outer loop
      vertex -0.972183 -13.235 6
      vertex -0.926849 -13.046 5.5
      vertex -0.926849 -13.046 6
    endloop
  endfacet
  facet normal 0.972418 -0.233246 0
    outer loop
      vertex -0.926849 -13.046 5.5
      vertex -0.972183 -13.235 6
      vertex -0.972183 -13.235 5.5
    endloop
  endfacet
  facet normal 0 1 -0
    outer loop
      vertex -0.632751 -13.235 5.5
      vertex -0.972183 -13.235 6
      vertex -0.632751 -13.235 6
    endloop
  endfacet
  facet normal 0 1 0
    outer loop
      vertex -0.972183 -13.235 6
      vertex -0.632751 -13.235 5.5
      vertex -0.972183 -13.235 5.5
    endloop
  endfacet
  facet normal -0.982262 0.187511 0
    outer loop
      vertex -0.632751 -13.235 5.5
      vertex -0.597015 -13.0478 6
      vertex -0.597015 -13.0478 5.5
    endloop
  endfacet
  facet normal -0.982262 0.187511 0
    outer loop
      vertex -0.597015 -13.0478 6
      vertex -0.632751 -13.235 5.5
      vertex -0.632751 -13.235 6
    endloop
  endfacet
  facet normal 0 -1 0
    outer loop
      vertex 0.804337 -12.8595 5.5
      vertex 1.1799 -12.8595 6
      vertex 0.804337 -12.8595 6
    endloop
  endfacet
  facet normal 0 -1 -0
    outer loop
      vertex 1.1799 -12.8595 6
      vertex 0.804337 -12.8595 5.5
      vertex 1.1799 -12.8595 5.5
    endloop
  endfacet
  facet normal 1 -0 0
    outer loop
      vertex 0.804337 -13.235 6
      vertex 0.804337 -12.8595 5.5
      vertex 0.804337 -12.8595 6
    endloop
  endfacet
  facet normal 1 0 0
    outer loop
      vertex 0.804337 -12.8595 5.5
      vertex 0.804337 -13.235 6
      vertex 0.804337 -13.235 5.5
    endloop
  endfacet
  facet normal 0 1 -0
    outer loop
      vertex 1.1799 -13.235 5.5
      vertex 0.804337 -13.235 6
      vertex 1.1799 -13.235 6
    endloop
  endfacet
  facet normal 0 1 0
    outer loop
      vertex 0.804337 -13.235 6
      vertex 1.1799 -13.235 5.5
      vertex 0.804337 -13.235 5.5
    endloop
  endfacet
  facet normal -1 0 0
    outer loop
      vertex 1.1799 -13.235 5.5
      vertex 1.1799 -12.8595 6
      vertex 1.1799 -12.8595 5.5
    endloop
  endfacet
  facet normal -1 -0 0
    outer loop
      vertex 1.1799 -12.8595 6
      vertex 1.1799 -13.235 5.5
      vertex 1.1799 -13.235 6
    endloop
  endfacet
endsolid OpenSCAD_Model
