solid OpenSCAD_Model
  facet normal 0.471389 -0.881926 0
    outer loop
      vertex 6.63433 -13.4531 0
      vertex 7.5 -12.9904 6
      vertex 6.63433 -13.4531 6
    endloop
  endfacet
  facet normal 0.471389 -0.881926 0
    outer loop
      vertex 7.5 -12.9904 6
      vertex 6.63433 -13.4531 0
      vertex 7.5 -12.9904 0
    endloop
  endfacet
  facet normal 0.999465 -0.0327026 0
    outer loop
      vertex 14.9679 -0.981047 6
      vertex 15 0 0
      vertex 15 0 6
    endloop
  endfacet
  facet normal 0.999465 -0.0327026 0
    outer loop
      vertex 15 0 0
      vertex 14.9679 -0.981047 6
      vertex 14.9679 -0.981047 0
    endloop
  endfacet
  facet normal 0.995186 0.0980064 0
    outer loop
      vertex 14.9679 0.981047 6
      vertex 14.8717 1.95789 0
      vertex 14.8717 1.95789 6
    endloop
  endfacet
  facet normal 0.995186 0.0980064 0
    outer loop
      vertex 14.8717 1.95789 0
      vertex 14.9679 0.981047 6
      vertex 14.9679 0.981047 0
    endloop
  endfacet
  facet normal 0.999465 0.0327026 0
    outer loop
      vertex 15 0 6
      vertex 14.9679 0.981047 0
      vertex 14.9679 0.981047 6
    endloop
  endfacet
  facet normal 0.999465 0.0327026 0
    outer loop
      vertex 14.9679 0.981047 0
      vertex 15 0 6
      vertex 15 0 0
    endloop
  endfacet
  facet normal 0.412705 -0.910865 0
    outer loop
      vertex 5.74025 -13.8582 0
      vertex 6.63433 -13.4531 6
      vertex 5.74025 -13.8582 6
    endloop
  endfacet
  facet normal 0.412705 -0.910865 0
    outer loop
      vertex 6.63433 -13.4531 6
      vertex 5.74025 -13.8582 0
      vertex 6.63433 -13.4531 0
    endloop
  endfacet
  facet normal -0.935892 -0.352287 0
    outer loop
      vertex -13.8582 -5.74025 0
      vertex -14.204 -4.82159 6
      vertex -14.204 -4.82159 0
    endloop
  endfacet
  facet normal -0.935892 -0.352287 0
    outer loop
      vertex -14.204 -4.82159 6
      vertex -13.8582 -5.74025 0
      vertex -13.8582 -5.74025 6
    endloop
  endfacet
  facet normal 0.290253 -0.95695 0
    outer loop
      vertex 3.88229 -14.4889 0
      vertex 4.82159 -14.204 6
      vertex 3.88229 -14.4889 6
    endloop
  endfacet
  facet normal 0.290253 -0.95695 0
    outer loop
      vertex 4.82159 -14.204 6
      vertex 3.88229 -14.4889 0
      vertex 4.82159 -14.204 0
    endloop
  endfacet
  facet normal 0.935892 -0.352287 0
    outer loop
      vertex 13.8582 -5.74025 6
      vertex 14.204 -4.82159 0
      vertex 14.204 -4.82159 6
    endloop
  endfacet
  facet normal 0.935892 -0.352287 0
    outer loop
      vertex 14.204 -4.82159 0
      vertex 13.8582 -5.74025 6
      vertex 13.8582 -5.74025 0
    endloop
  endfacet
  facet normal 0.0327026 -0.999465 0
    outer loop
      vertex 0 -15 0
      vertex 0.981047 -14.9679 6
      vertex 0 -15 6
    endloop
  endfacet
  facet normal 0.0327026 -0.999465 0
    outer loop
      vertex 0.981047 -14.9679 6
      vertex 0 -15 0
      vertex 0.981047 -14.9679 0
    endloop
  endfacet
  facet normal 0.162902 -0.986642 0
    outer loop
      vertex 1.95789 -14.8717 0
      vertex 2.92635 -14.7118 6
      vertex 1.95789 -14.8717 6
    endloop
  endfacet
  facet normal 0.162902 -0.986642 0
    outer loop
      vertex 2.92635 -14.7118 6
      vertex 1.95789 -14.8717 0
      vertex 2.92635 -14.7118 0
    endloop
  endfacet
  facet normal -0.935892 0.352287 0
    outer loop
      vertex -14.204 4.82159 0
      vertex -13.8582 5.74025 6
      vertex -13.8582 5.74025 0
    endloop
  endfacet
  facet normal -0.935892 0.352287 0
    outer loop
      vertex -13.8582 5.74025 6
      vertex -14.204 4.82159 0
      vertex -14.204 4.82159 6
    endloop
  endfacet
  facet normal -0.634389 -0.773014 0
    outer loop
      vertex -9.89019 -11.2776 0
      vertex -9.13142 -11.9003 6
      vertex -9.89019 -11.2776 6
    endloop
  endfacet
  facet normal -0.634389 -0.773014 -0
    outer loop
      vertex -9.13142 -11.9003 6
      vertex -9.89019 -11.2776 0
      vertex -9.13142 -11.9003 0
    endloop
  endfacet
  facet normal 0.582447 0.812869 -0
    outer loop
      vertex 9.13142 11.9003 0
      vertex 8.33355 12.472 6
      vertex 9.13142 11.9003 6
    endloop
  endfacet
  facet normal 0.582447 0.812869 0
    outer loop
      vertex 8.33355 12.472 6
      vertex 9.13142 11.9003 0
      vertex 8.33355 12.472 0
    endloop
  endfacet
  facet normal -0.582447 -0.812869 0
    outer loop
      vertex -9.13142 -11.9003 0
      vertex -8.33355 -12.472 6
      vertex -9.13142 -11.9003 6
    endloop
  endfacet
  facet normal -0.582447 -0.812869 -0
    outer loop
      vertex -8.33355 -12.472 6
      vertex -9.13142 -11.9003 0
      vertex -8.33355 -12.472 0
    endloop
  endfacet
  facet normal -0.0980064 -0.995186 0
    outer loop
      vertex -1.95789 -14.8717 0
      vertex -0.981047 -14.9679 6
      vertex -1.95789 -14.8717 6
    endloop
  endfacet
  facet normal -0.0980064 -0.995186 -0
    outer loop
      vertex -0.981047 -14.9679 6
      vertex -1.95789 -14.8717 0
      vertex -0.981047 -14.9679 0
    endloop
  endfacet
  facet normal -0.72986 0.683597 0
    outer loop
      vertex -11.2776 9.89019 0
      vertex -10.6066 10.6066 6
      vertex -10.6066 10.6066 0
    endloop
  endfacet
  facet normal -0.72986 0.683597 0
    outer loop
      vertex -10.6066 10.6066 6
      vertex -11.2776 9.89019 0
      vertex -11.2776 9.89019 6
    endloop
  endfacet
  facet normal 0.412705 0.910865 -0
    outer loop
      vertex 6.63433 13.4531 0
      vertex 5.74025 13.8582 6
      vertex 6.63433 13.4531 6
    endloop
  endfacet
  facet normal 0.412705 0.910865 0
    outer loop
      vertex 5.74025 13.8582 6
      vertex 6.63433 13.4531 0
      vertex 5.74025 13.8582 0
    endloop
  endfacet
  facet normal -0.352287 0.935892 0
    outer loop
      vertex -4.82159 14.204 0
      vertex -5.74025 13.8582 6
      vertex -4.82159 14.204 6
    endloop
  endfacet
  facet normal -0.352287 0.935892 0
    outer loop
      vertex -5.74025 13.8582 6
      vertex -4.82159 14.204 0
      vertex -5.74025 13.8582 0
    endloop
  endfacet
  facet normal -0.849172 -0.528116 0
    outer loop
      vertex -12.472 -8.33355 0
      vertex -12.9904 -7.5 6
      vertex -12.9904 -7.5 0
    endloop
  endfacet
  facet normal -0.849172 -0.528116 0
    outer loop
      vertex -12.9904 -7.5 6
      vertex -12.472 -8.33355 0
      vertex -12.472 -8.33355 6
    endloop
  endfacet
  facet normal -0.227082 0.973876 0
    outer loop
      vertex -2.92635 14.7118 0
      vertex -3.88229 14.4889 6
      vertex -2.92635 14.7118 6
    endloop
  endfacet
  facet normal -0.227082 0.973876 0
    outer loop
      vertex -3.88229 14.4889 6
      vertex -2.92635 14.7118 0
      vertex -3.88229 14.4889 0
    endloop
  endfacet
  facet normal -0.95695 0.290253 0
    outer loop
      vertex -14.4889 3.88229 0
      vertex -14.204 4.82159 6
      vertex -14.204 4.82159 0
    endloop
  endfacet
  facet normal -0.95695 0.290253 0
    outer loop
      vertex -14.204 4.82159 6
      vertex -14.4889 3.88229 0
      vertex -14.4889 3.88229 6
    endloop
  endfacet
  facet normal 0.528116 -0.849172 0
    outer loop
      vertex 7.5 -12.9904 0
      vertex 8.33355 -12.472 6
      vertex 7.5 -12.9904 6
    endloop
  endfacet
  facet normal 0.528116 -0.849172 0
    outer loop
      vertex 8.33355 -12.472 6
      vertex 7.5 -12.9904 0
      vertex 8.33355 -12.472 0
    endloop
  endfacet
  facet normal -0.910865 -0.412705 0
    outer loop
      vertex -13.4531 -6.63433 0
      vertex -13.8582 -5.74025 6
      vertex -13.8582 -5.74025 0
    endloop
  endfacet
  facet normal -0.910865 -0.412705 0
    outer loop
      vertex -13.8582 -5.74025 6
      vertex -13.4531 -6.63433 0
      vertex -13.4531 -6.63433 6
    endloop
  endfacet
  facet normal 0.634389 0.773014 -0
    outer loop
      vertex 9.89019 11.2776 0
      vertex 9.13142 11.9003 6
      vertex 9.89019 11.2776 6
    endloop
  endfacet
  facet normal 0.634389 0.773014 0
    outer loop
      vertex 9.13142 11.9003 6
      vertex 9.89019 11.2776 0
      vertex 9.13142 11.9003 0
    endloop
  endfacet
  facet normal 0.849172 0.528116 0
    outer loop
      vertex 12.9904 7.5 6
      vertex 12.472 8.33355 0
      vertex 12.472 8.33355 6
    endloop
  endfacet
  facet normal 0.849172 0.528116 0
    outer loop
      vertex 12.472 8.33355 0
      vertex 12.9904 7.5 6
      vertex 12.9904 7.5 0
    endloop
  endfacet
  facet normal 0.986642 0.162902 0
    outer loop
      vertex 14.8717 1.95789 6
      vertex 14.7118 2.92635 0
      vertex 14.7118 2.92635 6
    endloop
  endfacet
  facet normal 0.986642 0.162902 0
    outer loop
      vertex 14.7118 2.92635 0
      vertex 14.8717 1.95789 6
      vertex 14.8717 1.95789 0
    endloop
  endfacet
  facet normal -0.162902 0.986642 0
    outer loop
      vertex -1.95789 14.8717 0
      vertex -2.92635 14.7118 6
      vertex -1.95789 14.8717 6
    endloop
  endfacet
  facet normal -0.162902 0.986642 0
    outer loop
      vertex -2.92635 14.7118 6
      vertex -1.95789 14.8717 0
      vertex -2.92635 14.7118 0
    endloop
  endfacet
  facet normal 0.683597 -0.72986 0
    outer loop
      vertex 9.89019 -11.2776 0
      vertex 10.6066 -10.6066 6
      vertex 9.89019 -11.2776 6
    endloop
  endfacet
  facet normal 0.683597 -0.72986 0
    outer loop
      vertex 10.6066 -10.6066 6
      vertex 9.89019 -11.2776 0
      vertex 10.6066 -10.6066 0
    endloop
  endfacet
  facet normal 0.227082 -0.973876 0
    outer loop
      vertex 2.92635 -14.7118 0
      vertex 3.88229 -14.4889 6
      vertex 2.92635 -14.7118 6
    endloop
  endfacet
  facet normal 0.227082 -0.973876 0
    outer loop
      vertex 3.88229 -14.4889 6
      vertex 2.92635 -14.7118 0
      vertex 3.88229 -14.4889 0
    endloop
  endfacet
  facet normal 0.986642 -0.162902 0
    outer loop
      vertex 14.7118 -2.92635 6
      vertex 14.8717 -1.95789 0
      vertex 14.8717 -1.95789 6
    endloop
  endfacet
  facet normal 0.986642 -0.162902 0
    outer loop
      vertex 14.8717 -1.95789 0
      vertex 14.7118 -2.92635 6
      vertex 14.7118 -2.92635 0
    endloop
  endfacet
  facet normal 0.471389 0.881926 -0
    outer loop
      vertex 7.5 12.9904 0
      vertex 6.63433 13.4531 6
      vertex 7.5 12.9904 6
    endloop
  endfacet
  facet normal 0.471389 0.881926 0
    outer loop
      vertex 6.63433 13.4531 6
      vertex 7.5 12.9904 0
      vertex 6.63433 13.4531 0
    endloop
  endfacet
  facet normal -0.0327026 -0.999465 0
    outer loop
      vertex -0.981047 -14.9679 0
      vertex 0 -15 6
      vertex -0.981047 -14.9679 6
    endloop
  endfacet
  facet normal -0.0327026 -0.999465 -0
    outer loop
      vertex 0 -15 6
      vertex -0.981047 -14.9679 0
      vertex 0 -15 0
    endloop
  endfacet
  facet normal -0.683597 -0.72986 0
    outer loop
      vertex -10.6066 -10.6066 0
      vertex -9.89019 -11.2776 6
      vertex -10.6066 -10.6066 6
    endloop
  endfacet
  facet normal -0.683597 -0.72986 -0
    outer loop
      vertex -9.89019 -11.2776 6
      vertex -10.6066 -10.6066 0
      vertex -9.89019 -11.2776 0
    endloop
  endfacet
  facet normal 0.995186 -0.0980064 0
    outer loop
      vertex 14.8717 -1.95789 6
      vertex 14.9679 -0.981047 0
      vertex 14.9679 -0.981047 6
    endloop
  endfacet
  facet normal 0.995186 -0.0980064 0
    outer loop
      vertex 14.9679 -0.981047 0
      vertex 14.8717 -1.95789 6
      vertex 14.8717 -1.95789 0
    endloop
  endfacet
  facet normal 0.95695 0.290253 0
    outer loop
      vertex 14.4889 3.88229 6
      vertex 14.204 4.82159 0
      vertex 14.204 4.82159 6
    endloop
  endfacet
  facet normal 0.95695 0.290253 0
    outer loop
      vertex 14.204 4.82159 0
      vertex 14.4889 3.88229 6
      vertex 14.4889 3.88229 0
    endloop
  endfacet
  facet normal 0.812869 -0.582447 0
    outer loop
      vertex 11.9003 -9.13142 6
      vertex 12.472 -8.33355 0
      vertex 12.472 -8.33355 6
    endloop
  endfacet
  facet normal 0.812869 -0.582447 0
    outer loop
      vertex 12.472 -8.33355 0
      vertex 11.9003 -9.13142 6
      vertex 11.9003 -9.13142 0
    endloop
  endfacet
  facet normal -0.995186 0.0980064 0
    outer loop
      vertex -14.9679 0.981047 0
      vertex -14.8717 1.95789 6
      vertex -14.8717 1.95789 0
    endloop
  endfacet
  facet normal -0.995186 0.0980064 0
    outer loop
      vertex -14.8717 1.95789 6
      vertex -14.9679 0.981047 0
      vertex -14.9679 0.981047 6
    endloop
  endfacet
  facet normal 0.935892 0.352287 0
    outer loop
      vertex 14.204 4.82159 6
      vertex 13.8582 5.74025 0
      vertex 13.8582 5.74025 6
    endloop
  endfacet
  facet normal 0.935892 0.352287 0
    outer loop
      vertex 13.8582 5.74025 0
      vertex 14.204 4.82159 6
      vertex 14.204 4.82159 0
    endloop
  endfacet
  facet normal 0.683597 0.72986 -0
    outer loop
      vertex 10.6066 10.6066 0
      vertex 9.89019 11.2776 6
      vertex 10.6066 10.6066 6
    endloop
  endfacet
  facet normal 0.683597 0.72986 0
    outer loop
      vertex 9.89019 11.2776 6
      vertex 10.6066 10.6066 0
      vertex 9.89019 11.2776 0
    endloop
  endfacet
  facet normal -0.412705 0.910865 0
    outer loop
      vertex -5.74025 13.8582 0
      vertex -6.63433 13.4531 6
      vertex -5.74025 13.8582 6
    endloop
  endfacet
  facet normal -0.412705 0.910865 0
    outer loop
      vertex -6.63433 13.4531 6
      vertex -5.74025 13.8582 0
      vertex -6.63433 13.4531 0
    endloop
  endfacet
  facet normal -0.582447 0.812869 0
    outer loop
      vertex -8.33355 12.472 0
      vertex -9.13142 11.9003 6
      vertex -8.33355 12.472 6
    endloop
  endfacet
  facet normal -0.582447 0.812869 0
    outer loop
      vertex -9.13142 11.9003 6
      vertex -8.33355 12.472 0
      vertex -9.13142 11.9003 0
    endloop
  endfacet
  facet normal 0.95695 -0.290253 0
    outer loop
      vertex 14.204 -4.82159 6
      vertex 14.4889 -3.88229 0
      vertex 14.4889 -3.88229 6
    endloop
  endfacet
  facet normal 0.95695 -0.290253 0
    outer loop
      vertex 14.4889 -3.88229 0
      vertex 14.204 -4.82159 6
      vertex 14.204 -4.82159 0
    endloop
  endfacet
  facet normal 0.634389 -0.773014 0
    outer loop
      vertex 9.13142 -11.9003 0
      vertex 9.89019 -11.2776 6
      vertex 9.13142 -11.9003 6
    endloop
  endfacet
  facet normal 0.634389 -0.773014 0
    outer loop
      vertex 9.89019 -11.2776 6
      vertex 9.13142 -11.9003 0
      vertex 9.89019 -11.2776 0
    endloop
  endfacet
  facet normal 0.162902 0.986642 -0
    outer loop
      vertex 2.92635 14.7118 0
      vertex 1.95789 14.8717 6
      vertex 2.92635 14.7118 6
    endloop
  endfacet
  facet normal 0.162902 0.986642 0
    outer loop
      vertex 1.95789 14.8717 6
      vertex 2.92635 14.7118 0
      vertex 1.95789 14.8717 0
    endloop
  endfacet
  facet normal 0.910865 0.412705 0
    outer loop
      vertex 13.8582 5.74025 6
      vertex 13.4531 6.63433 0
      vertex 13.4531 6.63433 6
    endloop
  endfacet
  facet normal 0.910865 0.412705 0
    outer loop
      vertex 13.4531 6.63433 0
      vertex 13.8582 5.74025 6
      vertex 13.8582 5.74025 0
    endloop
  endfacet
  facet normal -0.471389 -0.881926 0
    outer loop
      vertex -7.5 -12.9904 0
      vertex -6.63433 -13.4531 6
      vertex -7.5 -12.9904 6
    endloop
  endfacet
  facet normal -0.471389 -0.881926 -0
    outer loop
      vertex -6.63433 -13.4531 6
      vertex -7.5 -12.9904 0
      vertex -6.63433 -13.4531 0
    endloop
  endfacet
  facet normal -0.986642 -0.162902 0
    outer loop
      vertex -14.7118 -2.92635 0
      vertex -14.8717 -1.95789 6
      vertex -14.8717 -1.95789 0
    endloop
  endfacet
  facet normal -0.986642 -0.162902 0
    outer loop
      vertex -14.8717 -1.95789 6
      vertex -14.7118 -2.92635 0
      vertex -14.7118 -2.92635 6
    endloop
  endfacet
  facet normal 0.881926 0.471389 0
    outer loop
      vertex 13.4531 6.63433 6
      vertex 12.9904 7.5 0
      vertex 12.9904 7.5 6
    endloop
  endfacet
  facet normal 0.881926 0.471389 0
    outer loop
      vertex 12.9904 7.5 0
      vertex 13.4531 6.63433 6
      vertex 13.4531 6.63433 0
    endloop
  endfacet
  facet normal -0.881926 -0.471389 0
    outer loop
      vertex -12.9904 -7.5 0
      vertex -13.4531 -6.63433 6
      vertex -13.4531 -6.63433 0
    endloop
  endfacet
  facet normal -0.881926 -0.471389 0
    outer loop
      vertex -13.4531 -6.63433 6
      vertex -12.9904 -7.5 0
      vertex -12.9904 -7.5 6
    endloop
  endfacet
  facet normal -0.162902 -0.986642 0
    outer loop
      vertex -2.92635 -14.7118 0
      vertex -1.95789 -14.8717 6
      vertex -2.92635 -14.7118 6
    endloop
  endfacet
  facet normal -0.162902 -0.986642 -0
    outer loop
      vertex -1.95789 -14.8717 6
      vertex -2.92635 -14.7118 0
      vertex -1.95789 -14.8717 0
    endloop
  endfacet
  facet normal -0.634389 0.773014 0
    outer loop
      vertex -9.13142 11.9003 0
      vertex -9.89019 11.2776 6
      vertex -9.13142 11.9003 6
    endloop
  endfacet
  facet normal -0.634389 0.773014 0
    outer loop
      vertex -9.89019 11.2776 6
      vertex -9.13142 11.9003 0
      vertex -9.89019 11.2776 0
    endloop
  endfacet
  facet normal 0.72986 -0.683597 0
    outer loop
      vertex 10.6066 -10.6066 6
      vertex 11.2776 -9.89019 0
      vertex 11.2776 -9.89019 6
    endloop
  endfacet
  facet normal 0.72986 -0.683597 0
    outer loop
      vertex 11.2776 -9.89019 0
      vertex 10.6066 -10.6066 6
      vertex 10.6066 -10.6066 0
    endloop
  endfacet
  facet normal 0.352287 0.935892 -0
    outer loop
      vertex 5.74025 13.8582 0
      vertex 4.82159 14.204 6
      vertex 5.74025 13.8582 6
    endloop
  endfacet
  facet normal 0.352287 0.935892 0
    outer loop
      vertex 4.82159 14.204 6
      vertex 5.74025 13.8582 0
      vertex 4.82159 14.204 0
    endloop
  endfacet
  facet normal 0.812869 0.582447 0
    outer loop
      vertex 12.472 8.33355 6
      vertex 11.9003 9.13142 0
      vertex 11.9003 9.13142 6
    endloop
  endfacet
  facet normal 0.812869 0.582447 0
    outer loop
      vertex 11.9003 9.13142 0
      vertex 12.472 8.33355 6
      vertex 12.472 8.33355 0
    endloop
  endfacet
  facet normal 0.773014 -0.634389 0
    outer loop
      vertex 11.2776 -9.89019 6
      vertex 11.9003 -9.13142 0
      vertex 11.9003 -9.13142 6
    endloop
  endfacet
  facet normal 0.773014 -0.634389 0
    outer loop
      vertex 11.9003 -9.13142 0
      vertex 11.2776 -9.89019 6
      vertex 11.2776 -9.89019 0
    endloop
  endfacet
  facet normal 0.881926 -0.471389 0
    outer loop
      vertex 12.9904 -7.5 6
      vertex 13.4531 -6.63433 0
      vertex 13.4531 -6.63433 6
    endloop
  endfacet
  facet normal 0.881926 -0.471389 0
    outer loop
      vertex 13.4531 -6.63433 0
      vertex 12.9904 -7.5 6
      vertex 12.9904 -7.5 0
    endloop
  endfacet
  facet normal -0.812869 -0.582447 0
    outer loop
      vertex -11.9003 -9.13142 0
      vertex -12.472 -8.33355 6
      vertex -12.472 -8.33355 0
    endloop
  endfacet
  facet normal -0.812869 -0.582447 0
    outer loop
      vertex -12.472 -8.33355 6
      vertex -11.9003 -9.13142 0
      vertex -11.9003 -9.13142 6
    endloop
  endfacet
  facet normal 0 0 -1
    outer loop
      vertex 9.93042 0 0
      vertex 15 0 0
      vertex 14.9679 -0.981047 0
    endloop
  endfacet
  facet normal 0 0 -1
    outer loop
      vertex 9.93042 0 0
      vertex 14.9679 -0.981047 0
      vertex 14.8717 -1.95789 0
    endloop
  endfacet
  facet normal 0 0 -1
    outer loop
      vertex 15 0 0
      vertex 9.93042 0 0
      vertex 14.9679 0.981047 0
    endloop
  endfacet
  facet normal 0 0 -1
    outer loop
      vertex 9.93042 0 0
      vertex 14.8717 -1.95789 0
      vertex 14.7118 -2.92635 0
    endloop
  endfacet
  facet normal -0 0 -1
    outer loop
      vertex 14.9679 0.981047 0
      vertex 9.93042 0 0
      vertex 14.8717 1.95789 0
    endloop
  endfacet
  facet normal 0 0 -1
    outer loop
      vertex 9.93042 0 0
      vertex 14.7118 -2.92635 0
      vertex 14.4889 -3.88229 0
    endloop
  endfacet
  facet normal -0 0 -1
    outer loop
      vertex 14.8717 1.95789 0
      vertex 9.93042 0 0
      vertex 14.7118 2.92635 0
    endloop
  endfacet
  facet normal 0 0 -1
    outer loop
      vertex 9.93042 0 0
      vertex 14.4889 -3.88229 0
      vertex 14.204 -4.82159 0
    endloop
  endfacet
  facet normal -0 0 -1
    outer loop
      vertex 14.7118 2.92635 0
      vertex 9.93042 0 0
      vertex 14.4889 3.88229 0
    endloop
  endfacet
  facet normal 0 0 -1
    outer loop
      vertex 9.93042 0 0
      vertex 14.204 -4.82159 0
      vertex 13.8582 -5.74025 0
    endloop
  endfacet
  facet normal -0 0 -1
    outer loop
      vertex 14.4889 3.88229 0
      vertex 9.93042 0 0
      vertex 14.204 4.82159 0
    endloop
  endfacet
  facet normal 0 0 -1
    outer loop
      vertex 9.93042 0 0
      vertex 13.8582 -5.74025 0
      vertex 13.4531 -6.63433 0
    endloop
  endfacet
  facet normal -0 0 -1
    outer loop
      vertex 14.204 4.82159 0
      vertex 9.93042 0 0
      vertex 13.8582 5.74025 0
    endloop
  endfacet
  facet normal 0 0 -1
    outer loop
      vertex 9.93042 0 0
      vertex 13.4531 -6.63433 0
      vertex 12.9904 -7.5 0
    endloop
  endfacet
  facet normal -0 0 -1
    outer loop
      vertex 13.8582 5.74025 0
      vertex 9.93042 0 0
      vertex 13.4531 6.63433 0
    endloop
  endfacet
  facet normal 0 0 -1
    outer loop
      vertex 4.96521 -8.6 0
      vertex 12.9904 -7.5 0
      vertex 12.472 -8.33355 0
    endloop
  endfacet
  facet normal -0 0 -1
    outer loop
      vertex 13.4531 6.63433 0
      vertex 9.93042 0 0
      vertex 12.9904 7.5 0
    endloop
  endfacet
  facet normal 0 0 -1
    outer loop
      vertex 4.96521 -8.6 0
      vertex 12.472 -8.33355 0
      vertex 11.9003 -9.13142 0
    endloop
  endfacet
  facet normal 0 0 -1
    outer loop
      vertex 4.96521 8.6 0
      vertex 12.9904 7.5 0
      vertex 9.93042 0 0
    endloop
  endfacet
  facet normal 0 0 -1
    outer loop
      vertex 4.96521 -8.6 0
      vertex 11.9003 -9.13142 0
      vertex 11.2776 -9.89019 0
    endloop
  endfacet
  facet normal 0 0 -1
    outer loop
      vertex 12.9904 7.5 0
      vertex 4.96521 8.6 0
      vertex 12.472 8.33355 0
    endloop
  endfacet
  facet normal 0 0 -1
    outer loop
      vertex 4.96521 -8.6 0
      vertex 11.2776 -9.89019 0
      vertex 10.6066 -10.6066 0
    endloop
  endfacet
  facet normal 0 0 -1
    outer loop
      vertex 12.472 8.33355 0
      vertex 4.96521 8.6 0
      vertex 11.9003 9.13142 0
    endloop
  endfacet
  facet normal -0 0 -1
    outer loop
      vertex 11.9003 9.13142 0
      vertex 4.96521 8.6 0
      vertex 11.2776 9.89019 0
    endloop
  endfacet
  facet normal 0 0 -1
    outer loop
      vertex 4.96521 -8.6 0
      vertex 10.6066 -10.6066 0
      vertex 9.89019 -11.2776 0
    endloop
  endfacet
  facet normal 0 0 -1
    outer loop
      vertex 4.96521 -8.6 0
      vertex 9.89019 -11.2776 0
      vertex 9.13142 -11.9003 0
    endloop
  endfacet
  facet normal 0 0 -1
    outer loop
      vertex 4.96521 -8.6 0
      vertex 9.13142 -11.9003 0
      vertex 8.33355 -12.472 0
    endloop
  endfacet
  facet normal 0 0 -1
    outer loop
      vertex 4.96521 -8.6 0
      vertex 8.33355 -12.472 0
      vertex 7.5 -12.9904 0
    endloop
  endfacet
  facet normal 0 0 -1
    outer loop
      vertex 4.96521 -8.6 0
      vertex 7.5 -12.9904 0
      vertex 6.63433 -13.4531 0
    endloop
  endfacet
  facet normal 0 0 -1
    outer loop
      vertex 4.96521 -8.6 0
      vertex 6.63433 -13.4531 0
      vertex 5.74025 -13.8582 0
    endloop
  endfacet
  facet normal -0 0 -1
    outer loop
      vertex 12.9904 -7.5 0
      vertex 4.96521 -8.6 0
      vertex 9.93042 0 0
    endloop
  endfacet
  facet normal 0 0 -1
    outer loop
      vertex 4.82159 -14.204 0
      vertex 4.96521 -8.6 0
      vertex 5.74025 -13.8582 0
    endloop
  endfacet
  facet normal 0 0 -1
    outer loop
      vertex 3.88229 -14.4889 0
      vertex 4.96521 -8.6 0
      vertex 4.82159 -14.204 0
    endloop
  endfacet
  facet normal 0 0 -1
    outer loop
      vertex 2.92635 -14.7118 0
      vertex 4.96521 -8.6 0
      vertex 3.88229 -14.4889 0
    endloop
  endfacet
  facet normal 0 0 -1
    outer loop
      vertex 1.95789 -14.8717 0
      vertex 4.96521 -8.6 0
      vertex 2.92635 -14.7118 0
    endloop
  endfacet
  facet normal 0 0 -1
    outer loop
      vertex 0.981047 -14.9679 0
      vertex 4.96521 -8.6 0
      vertex 1.95789 -14.8717 0
    endloop
  endfacet
  facet normal 0 0 -1
    outer loop
      vertex 0 -15 0
      vertex 4.96521 -8.6 0
      vertex 0.981047 -14.9679 0
    endloop
  endfacet
  facet normal 0 0 -1
    outer loop
      vertex -4.96521 -8.6 0
      vertex 0 -15 0
      vertex -0.981047 -14.9679 0
    endloop
  endfacet
  facet normal 0 0 -1
    outer loop
      vertex -4.96521 -8.6 0
      vertex -0.981047 -14.9679 0
      vertex -1.95789 -14.8717 0
    endloop
  endfacet
  facet normal 0 0 -1
    outer loop
      vertex -4.96521 -8.6 0
      vertex -1.95789 -14.8717 0
      vertex -2.92635 -14.7118 0
    endloop
  endfacet
  facet normal 0 0 -1
    outer loop
      vertex -4.96521 -8.6 0
      vertex -2.92635 -14.7118 0
      vertex -3.88229 -14.4889 0
    endloop
  endfacet
  facet normal 0 0 -1
    outer loop
      vertex -4.96521 -8.6 0
      vertex -3.88229 -14.4889 0
      vertex -4.82159 -14.204 0
    endloop
  endfacet
  facet normal 0 0 -1
    outer loop
      vertex 0 -15 0
      vertex -4.96521 -8.6 0
      vertex 4.96521 -8.6 0
    endloop
  endfacet
  facet normal 0 0 -1
    outer loop
      vertex -5.74025 -13.8582 0
      vertex -4.96521 -8.6 0
      vertex -4.82159 -14.204 0
    endloop
  endfacet
  facet normal 0 0 -1
    outer loop
      vertex -6.63433 -13.4531 0
      vertex -4.96521 -8.6 0
      vertex -5.74025 -13.8582 0
    endloop
  endfacet
  facet normal 0 0 -1
    outer loop
      vertex -7.5 -12.9904 0
      vertex -4.96521 -8.6 0
      vertex -6.63433 -13.4531 0
    endloop
  endfacet
  facet normal 0 0 -1
    outer loop
      vertex -8.33355 -12.472 0
      vertex -4.96521 -8.6 0
      vertex -7.5 -12.9904 0
    endloop
  endfacet
  facet normal 0 0 -1
    outer loop
      vertex -9.13142 -11.9003 0
      vertex -4.96521 -8.6 0
      vertex -8.33355 -12.472 0
    endloop
  endfacet
  facet normal 0 0 -1
    outer loop
      vertex -9.89019 -11.2776 0
      vertex -4.96521 -8.6 0
      vertex -9.13142 -11.9003 0
    endloop
  endfacet
  facet normal 0 0 -1
    outer loop
      vertex -10.6066 -10.6066 0
      vertex -4.96521 -8.6 0
      vertex -9.89019 -11.2776 0
    endloop
  endfacet
  facet normal 0 0 -1
    outer loop
      vertex -11.2776 -9.89019 0
      vertex -4.96521 -8.6 0
      vertex -10.6066 -10.6066 0
    endloop
  endfacet
  facet normal -0 0 -1
    outer loop
      vertex 11.2776 9.89019 0
      vertex 4.96521 8.6 0
      vertex 10.6066 10.6066 0
    endloop
  endfacet
  facet normal -0 0 -1
    outer loop
      vertex 10.6066 10.6066 0
      vertex 4.96521 8.6 0
      vertex 9.89019 11.2776 0
    endloop
  endfacet
  facet normal -0 0 -1
    outer loop
      vertex 9.89019 11.2776 0
      vertex 4.96521 8.6 0
      vertex 9.13142 11.9003 0
    endloop
  endfacet
  facet normal -0 0 -1
    outer loop
      vertex 9.13142 11.9003 0
      vertex 4.96521 8.6 0
      vertex 8.33355 12.472 0
    endloop
  endfacet
  facet normal -0 0 -1
    outer loop
      vertex 8.33355 12.472 0
      vertex 4.96521 8.6 0
      vertex 7.5 12.9904 0
    endloop
  endfacet
  facet normal -0 0 -1
    outer loop
      vertex 7.5 12.9904 0
      vertex 4.96521 8.6 0
      vertex 6.63433 13.4531 0
    endloop
  endfacet
  facet normal -0 0 -1
    outer loop
      vertex 6.63433 13.4531 0
      vertex 4.96521 8.6 0
      vertex 5.74025 13.8582 0
    endloop
  endfacet
  facet normal 0 0 -1
    outer loop
      vertex 4.96521 8.6 0
      vertex 4.82159 14.204 0
      vertex 5.74025 13.8582 0
    endloop
  endfacet
  facet normal 0 0 -1
    outer loop
      vertex 4.96521 8.6 0
      vertex 3.88229 14.4889 0
      vertex 4.82159 14.204 0
    endloop
  endfacet
  facet normal 0 0 -1
    outer loop
      vertex 4.96521 8.6 0
      vertex 2.92635 14.7118 0
      vertex 3.88229 14.4889 0
    endloop
  endfacet
  facet normal 0 0 -1
    outer loop
      vertex 4.96521 8.6 0
      vertex 1.95789 14.8717 0
      vertex 2.92635 14.7118 0
    endloop
  endfacet
  facet normal 0 0 -1
    outer loop
      vertex 4.96521 8.6 0
      vertex 0.981047 14.9679 0
      vertex 1.95789 14.8717 0
    endloop
  endfacet
  facet normal 0 0 -1
    outer loop
      vertex 4.96521 8.6 0
      vertex 0 15 0
      vertex 0.981047 14.9679 0
    endloop
  endfacet
  facet normal 0 0 -1
    outer loop
      vertex -4.96521 8.6 0
      vertex 0 15 0
      vertex 4.96521 8.6 0
    endloop
  endfacet
  facet normal 0 0 -1
    outer loop
      vertex 0 15 0
      vertex -4.96521 8.6 0
      vertex -0.981047 14.9679 0
    endloop
  endfacet
  facet normal 0 0 -1
    outer loop
      vertex -0.981047 14.9679 0
      vertex -4.96521 8.6 0
      vertex -1.95789 14.8717 0
    endloop
  endfacet
  facet normal 0 0 -1
    outer loop
      vertex -1.95789 14.8717 0
      vertex -4.96521 8.6 0
      vertex -2.92635 14.7118 0
    endloop
  endfacet
  facet normal 0 0 -1
    outer loop
      vertex -2.92635 14.7118 0
      vertex -4.96521 8.6 0
      vertex -3.88229 14.4889 0
    endloop
  endfacet
  facet normal 0 0 -1
    outer loop
      vertex -3.88229 14.4889 0
      vertex -4.96521 8.6 0
      vertex -4.82159 14.204 0
    endloop
  endfacet
  facet normal 0 0 -1
    outer loop
      vertex -4.96521 8.6 0
      vertex -5.74025 13.8582 0
      vertex -4.82159 14.204 0
    endloop
  endfacet
  facet normal 0 0 -1
    outer loop
      vertex -4.96521 8.6 0
      vertex -6.63433 13.4531 0
      vertex -5.74025 13.8582 0
    endloop
  endfacet
  facet normal 0 0 -1
    outer loop
      vertex -4.96521 8.6 0
      vertex -7.5 12.9904 0
      vertex -6.63433 13.4531 0
    endloop
  endfacet
  facet normal 0 0 -1
    outer loop
      vertex -4.96521 8.6 0
      vertex -8.33355 12.472 0
      vertex -7.5 12.9904 0
    endloop
  endfacet
  facet normal 0 0 -1
    outer loop
      vertex -4.96521 8.6 0
      vertex -9.13142 11.9003 0
      vertex -8.33355 12.472 0
    endloop
  endfacet
  facet normal 0 0 -1
    outer loop
      vertex -4.96521 8.6 0
      vertex -9.89019 11.2776 0
      vertex -9.13142 11.9003 0
    endloop
  endfacet
  facet normal 0 0 -1
    outer loop
      vertex -12.9904 7.5 0
      vertex -4.96521 8.6 0
      vertex -9.93042 0 0
    endloop
  endfacet
  facet normal 0 0 -1
    outer loop
      vertex -11.9003 -9.13142 0
      vertex -4.96521 -8.6 0
      vertex -11.2776 -9.89019 0
    endloop
  endfacet
  facet normal 0 0 -1
    outer loop
      vertex -4.96521 8.6 0
      vertex -10.6066 10.6066 0
      vertex -9.89019 11.2776 0
    endloop
  endfacet
  facet normal 0 0 -1
    outer loop
      vertex -12.472 -8.33355 0
      vertex -4.96521 -8.6 0
      vertex -11.9003 -9.13142 0
    endloop
  endfacet
  facet normal 0 0 -1
    outer loop
      vertex -4.96521 8.6 0
      vertex -11.2776 9.89019 0
      vertex -10.6066 10.6066 0
    endloop
  endfacet
  facet normal 0 0 -1
    outer loop
      vertex -12.9904 -7.5 0
      vertex -4.96521 -8.6 0
      vertex -12.472 -8.33355 0
    endloop
  endfacet
  facet normal 0 0 -1
    outer loop
      vertex -4.96521 8.6 0
      vertex -11.9003 9.13142 0
      vertex -11.2776 9.89019 0
    endloop
  endfacet
  facet normal 0 0 -1
    outer loop
      vertex -4.96521 -8.6 0
      vertex -12.9904 -7.5 0
      vertex -9.93042 0 0
    endloop
  endfacet
  facet normal -0 0 -1
    outer loop
      vertex -4.96521 8.6 0
      vertex -12.472 8.33355 0
      vertex -11.9003 9.13142 0
    endloop
  endfacet
  facet normal 0 0 -1
    outer loop
      vertex -13.4531 -6.63433 0
      vertex -9.93042 0 0
      vertex -12.9904 -7.5 0
    endloop
  endfacet
  facet normal 0 0 -1
    outer loop
      vertex -4.96521 8.6 0
      vertex -12.9904 7.5 0
      vertex -12.472 8.33355 0
    endloop
  endfacet
  facet normal 0 0 -1
    outer loop
      vertex -13.8582 -5.74025 0
      vertex -9.93042 0 0
      vertex -13.4531 -6.63433 0
    endloop
  endfacet
  facet normal 0 0 -1
    outer loop
      vertex -9.93042 0 0
      vertex -13.4531 6.63433 0
      vertex -12.9904 7.5 0
    endloop
  endfacet
  facet normal 0 0 -1
    outer loop
      vertex -14.204 -4.82159 0
      vertex -9.93042 0 0
      vertex -13.8582 -5.74025 0
    endloop
  endfacet
  facet normal 0 0 -1
    outer loop
      vertex -9.93042 0 0
      vertex -13.8582 5.74025 0
      vertex -13.4531 6.63433 0
    endloop
  endfacet
  facet normal 0 0 -1
    outer loop
      vertex -14.4889 -3.88229 0
      vertex -9.93042 0 0
      vertex -14.204 -4.82159 0
    endloop
  endfacet
  facet normal 0 0 -1
    outer loop
      vertex -9.93042 0 0
      vertex -14.204 4.82159 0
      vertex -13.8582 5.74025 0
    endloop
  endfacet
  facet normal 0 0 -1
    outer loop
      vertex -14.7118 -2.92635 0
      vertex -9.93042 0 0
      vertex -14.4889 -3.88229 0
    endloop
  endfacet
  facet normal 0 0 -1
    outer loop
      vertex -9.93042 0 0
      vertex -14.4889 3.88229 0
      vertex -14.204 4.82159 0
    endloop
  endfacet
  facet normal 0 0 -1
    outer loop
      vertex -14.8717 -1.95789 0
      vertex -9.93042 0 0
      vertex -14.7118 -2.92635 0
    endloop
  endfacet
  facet normal 0 0 -1
    outer loop
      vertex -9.93042 0 0
      vertex -14.7118 2.92635 0
      vertex -14.4889 3.88229 0
    endloop
  endfacet
  facet normal 0 0 -1
    outer loop
      vertex -14.9679 -0.981047 0
      vertex -9.93042 0 0
      vertex -14.8717 -1.95789 0
    endloop
  endfacet
  facet normal 0 0 -1
    outer loop
      vertex -9.93042 0 0
      vertex -14.8717 1.95789 0
      vertex -14.7118 2.92635 0
    endloop
  endfacet
  facet normal 0 0 -1
    outer loop
      vertex -15 0 0
      vertex -9.93042 0 0
      vertex -14.9679 -0.981047 0
    endloop
  endfacet
  facet normal 0 0 -1
    outer loop
      vertex -9.93042 0 0
      vertex -14.9679 0.981047 0
      vertex -14.8717 1.95789 0
    endloop
  endfacet
  facet normal 0 0 -1
    outer loop
      vertex -9.93042 0 0
      vertex -15 0 0
      vertex -14.9679 0.981047 0
    endloop
  endfacet
  facet normal -0.95695 -0.290253 0
    outer loop
      vertex -14.204 -4.82159 0
      vertex -14.4889 -3.88229 6
      vertex -14.4889 -3.88229 0
    endloop
  endfacet
  facet normal -0.95695 -0.290253 0
    outer loop
      vertex -14.4889 -3.88229 6
      vertex -14.204 -4.82159 0
      vertex -14.204 -4.82159 6
    endloop
  endfacet
  facet normal 0.528116 0.849172 -0
    outer loop
      vertex 8.33355 12.472 0
      vertex 7.5 12.9904 6
      vertex 8.33355 12.472 6
    endloop
  endfacet
  facet normal 0.528116 0.849172 0
    outer loop
      vertex 7.5 12.9904 6
      vertex 8.33355 12.472 0
      vertex 7.5 12.9904 0
    endloop
  endfacet
  facet normal 0.0980064 -0.995186 0
    outer loop
      vertex 0.981047 -14.9679 0
      vertex 1.95789 -14.8717 6
      vertex 0.981047 -14.9679 6
    endloop
  endfacet
  facet normal 0.0980064 -0.995186 0
    outer loop
      vertex 1.95789 -14.8717 6
      vertex 0.981047 -14.9679 0
      vertex 1.95789 -14.8717 0
    endloop
  endfacet
  facet normal -0.352287 -0.935892 0
    outer loop
      vertex -5.74025 -13.8582 0
      vertex -4.82159 -14.204 6
      vertex -5.74025 -13.8582 6
    endloop
  endfacet
  facet normal -0.352287 -0.935892 -0
    outer loop
      vertex -4.82159 -14.204 6
      vertex -5.74025 -13.8582 0
      vertex -4.82159 -14.204 0
    endloop
  endfacet
  facet normal -0.995186 -0.0980064 0
    outer loop
      vertex -14.8717 -1.95789 0
      vertex -14.9679 -0.981047 6
      vertex -14.9679 -0.981047 0
    endloop
  endfacet
  facet normal -0.995186 -0.0980064 0
    outer loop
      vertex -14.9679 -0.981047 6
      vertex -14.8717 -1.95789 0
      vertex -14.8717 -1.95789 6
    endloop
  endfacet
  facet normal 0.352287 -0.935892 0
    outer loop
      vertex 4.82159 -14.204 0
      vertex 5.74025 -13.8582 6
      vertex 4.82159 -14.204 6
    endloop
  endfacet
  facet normal 0.352287 -0.935892 0
    outer loop
      vertex 5.74025 -13.8582 6
      vertex 4.82159 -14.204 0
      vertex 5.74025 -13.8582 0
    endloop
  endfacet
  facet normal -0.0980064 0.995186 0
    outer loop
      vertex -0.981047 14.9679 0
      vertex -1.95789 14.8717 6
      vertex -0.981047 14.9679 6
    endloop
  endfacet
  facet normal -0.0980064 0.995186 0
    outer loop
      vertex -1.95789 14.8717 6
      vertex -0.981047 14.9679 0
      vertex -1.95789 14.8717 0
    endloop
  endfacet
  facet normal 0.973876 -0.227082 0
    outer loop
      vertex 14.4889 -3.88229 6
      vertex 14.7118 -2.92635 0
      vertex 14.7118 -2.92635 6
    endloop
  endfacet
  facet normal 0.973876 -0.227082 0
    outer loop
      vertex 14.7118 -2.92635 0
      vertex 14.4889 -3.88229 6
      vertex 14.4889 -3.88229 0
    endloop
  endfacet
  facet normal 0.910865 -0.412705 0
    outer loop
      vertex 13.4531 -6.63433 6
      vertex 13.8582 -5.74025 0
      vertex 13.8582 -5.74025 6
    endloop
  endfacet
  facet normal 0.910865 -0.412705 0
    outer loop
      vertex 13.8582 -5.74025 0
      vertex 13.4531 -6.63433 6
      vertex 13.4531 -6.63433 0
    endloop
  endfacet
  facet normal -0.683597 0.72986 0
    outer loop
      vertex -9.89019 11.2776 0
      vertex -10.6066 10.6066 6
      vertex -9.89019 11.2776 6
    endloop
  endfacet
  facet normal -0.683597 0.72986 0
    outer loop
      vertex -10.6066 10.6066 6
      vertex -9.89019 11.2776 0
      vertex -10.6066 10.6066 0
    endloop
  endfacet
  facet normal -0.471389 0.881926 0
    outer loop
      vertex -6.63433 13.4531 0
      vertex -7.5 12.9904 6
      vertex -6.63433 13.4531 6
    endloop
  endfacet
  facet normal -0.471389 0.881926 0
    outer loop
      vertex -7.5 12.9904 6
      vertex -6.63433 13.4531 0
      vertex -7.5 12.9904 0
    endloop
  endfacet
  facet normal 0.973876 0.227082 0
    outer loop
      vertex 14.7118 2.92635 6
      vertex 14.4889 3.88229 0
      vertex 14.4889 3.88229 6
    endloop
  endfacet
  facet normal 0.973876 0.227082 0
    outer loop
      vertex 14.4889 3.88229 0
      vertex 14.7118 2.92635 6
      vertex 14.7118 2.92635 0
    endloop
  endfacet
  facet normal 0.72986 0.683597 0
    outer loop
      vertex 11.2776 9.89019 6
      vertex 10.6066 10.6066 0
      vertex 10.6066 10.6066 6
    endloop
  endfacet
  facet normal 0.72986 0.683597 0
    outer loop
      vertex 10.6066 10.6066 0
      vertex 11.2776 9.89019 6
      vertex 11.2776 9.89019 0
    endloop
  endfacet
  facet normal -0.773014 -0.634389 0
    outer loop
      vertex -11.2776 -9.89019 0
      vertex -11.9003 -9.13142 6
      vertex -11.9003 -9.13142 0
    endloop
  endfacet
  facet normal -0.773014 -0.634389 0
    outer loop
      vertex -11.9003 -9.13142 6
      vertex -11.2776 -9.89019 0
      vertex -11.2776 -9.89019 6
    endloop
  endfacet
  facet normal -0.849172 0.528116 0
    outer loop
      vertex -12.9904 7.5 0
      vertex -12.472 8.33355 6
      vertex -12.472 8.33355 0
    endloop
  endfacet
  facet normal -0.849172 0.528116 0
    outer loop
      vertex -12.472 8.33355 6
      vertex -12.9904 7.5 0
      vertex -12.9904 7.5 6
    endloop
  endfacet
  facet normal -0.986642 0.162902 0
    outer loop
      vertex -14.8717 1.95789 0
      vertex -14.7118 2.92635 6
      vertex -14.7118 2.92635 0
    endloop
  endfacet
  facet normal -0.986642 0.162902 0
    outer loop
      vertex -14.7118 2.92635 6
      vertex -14.8717 1.95789 0
      vertex -14.8717 1.95789 6
    endloop
  endfacet
  facet normal -0.999465 -0.0327026 0
    outer loop
      vertex -14.9679 -0.981047 0
      vertex -15 0 6
      vertex -15 0 0
    endloop
  endfacet
  facet normal -0.999465 -0.0327026 0
    outer loop
      vertex -15 0 6
      vertex -14.9679 -0.981047 0
      vertex -14.9679 -0.981047 6
    endloop
  endfacet
  facet normal -0.973876 0.227082 0
    outer loop
      vertex -14.7118 2.92635 0
      vertex -14.4889 3.88229 6
      vertex -14.4889 3.88229 0
    endloop
  endfacet
  facet normal -0.973876 0.227082 0
    outer loop
      vertex -14.4889 3.88229 6
      vertex -14.7118 2.92635 0
      vertex -14.7118 2.92635 6
    endloop
  endfacet
  facet normal 0.290253 0.95695 -0
    outer loop
      vertex 4.82159 14.204 0
      vertex 3.88229 14.4889 6
      vertex 4.82159 14.204 6
    endloop
  endfacet
  facet normal 0.290253 0.95695 0
    outer loop
      vertex 3.88229 14.4889 6
      vertex 4.82159 14.204 0
      vertex 3.88229 14.4889 0
    endloop
  endfacet
  facet normal -0.290253 0.95695 0
    outer loop
      vertex -3.88229 14.4889 0
      vertex -4.82159 14.204 6
      vertex -3.88229 14.4889 6
    endloop
  endfacet
  facet normal -0.290253 0.95695 0
    outer loop
      vertex -4.82159 14.204 6
      vertex -3.88229 14.4889 0
      vertex -4.82159 14.204 0
    endloop
  endfacet
  facet normal 0.0980064 0.995186 -0
    outer loop
      vertex 1.95789 14.8717 0
      vertex 0.981047 14.9679 6
      vertex 1.95789 14.8717 6
    endloop
  endfacet
  facet normal 0.0980064 0.995186 0
    outer loop
      vertex 0.981047 14.9679 6
      vertex 1.95789 14.8717 0
      vertex 0.981047 14.9679 0
    endloop
  endfacet
  facet normal -0.0327026 0.999465 0
    outer loop
      vertex 0 15 0
      vertex -0.981047 14.9679 6
      vertex 0 15 6
    endloop
  endfacet
  facet normal -0.0327026 0.999465 0
    outer loop
      vertex -0.981047 14.9679 6
      vertex 0 15 0
      vertex -0.981047 14.9679 0
    endloop
  endfacet
  facet normal -0.72986 -0.683597 0
    outer loop
      vertex -10.6066 -10.6066 0
      vertex -11.2776 -9.89019 6
      vertex -11.2776 -9.89019 0
    endloop
  endfacet
  facet normal -0.72986 -0.683597 0
    outer loop
      vertex -11.2776 -9.89019 6
      vertex -10.6066 -10.6066 0
      vertex -10.6066 -10.6066 6
    endloop
  endfacet
  facet normal 0.0327026 0.999465 -0
    outer loop
      vertex 0.981047 14.9679 0
      vertex 0 15 6
      vertex 0.981047 14.9679 6
    endloop
  endfacet
  facet normal 0.0327026 0.999465 0
    outer loop
      vertex 0 15 6
      vertex 0.981047 14.9679 0
      vertex 0 15 0
    endloop
  endfacet
  facet normal -0.812869 0.582447 0
    outer loop
      vertex -12.472 8.33355 0
      vertex -11.9003 9.13142 6
      vertex -11.9003 9.13142 0
    endloop
  endfacet
  facet normal -0.812869 0.582447 0
    outer loop
      vertex -11.9003 9.13142 6
      vertex -12.472 8.33355 0
      vertex -12.472 8.33355 6
    endloop
  endfacet
  facet normal 0.582447 -0.812869 0
    outer loop
      vertex 8.33355 -12.472 0
      vertex 9.13142 -11.9003 6
      vertex 8.33355 -12.472 6
    endloop
  endfacet
  facet normal 0.582447 -0.812869 0
    outer loop
      vertex 9.13142 -11.9003 6
      vertex 8.33355 -12.472 0
      vertex 9.13142 -11.9003 0
    endloop
  endfacet
  facet normal -0 0 1
    outer loop
      vertex -3.0629 -11.4159 6
      vertex -2.49597 -13.2756 6
      vertex -2.49597 -11.4159 6
    endloop
  endfacet
  facet normal 0 0 1
    outer loop
      vertex -4.82159 -14.204 6
      vertex -2.49597 -13.2756 6
      vertex -3.0629 -11.4159 6
    endloop
  endfacet
  facet normal 0 0 1
    outer loop
      vertex -2.49597 -13.2756 6
      vertex -3.88229 -14.4889 6
      vertex -2.92635 -14.7118 6
    endloop
  endfacet
  facet normal -0 0 1
    outer loop
      vertex -1.30441 -11.0295 6
      vertex -0.0559235 -11.2247 6
      vertex 0.0786133 -11.0295 6
    endloop
  endfacet
  facet normal 0 0 1
    outer loop
      vertex -1.30441 -11.0295 6
      vertex -0.178497 -11.4097 6
      vertex -0.0559235 -11.2247 6
    endloop
  endfacet
  facet normal 0 0 1
    outer loop
      vertex -1.30441 -11.0295 6
      vertex -0.289902 -11.5863 6
      vertex -0.178497 -11.4097 6
    endloop
  endfacet
  facet normal 0 0 1
    outer loop
      vertex -1.30441 -11.0295 6
      vertex -0.390976 -11.7562 6
      vertex -0.289902 -11.5863 6
    endloop
  endfacet
  facet normal 0 0 1
    outer loop
      vertex -1.30441 -11.0295 6
      vertex -0.482529 -11.9212 6
      vertex -0.390976 -11.7562 6
    endloop
  endfacet
  facet normal 0 0 1
    outer loop
      vertex -1.30441 -11.0295 6
      vertex -0.565414 -12.0831 6
      vertex -0.482529 -11.9212 6
    endloop
  endfacet
  facet normal 0 0 1
    outer loop
      vertex -1.30441 -11.0295 6
      vertex -0.640442 -12.2436 6
      vertex -0.565414 -12.0831 6
    endloop
  endfacet
  facet normal 0 0 1
    outer loop
      vertex -1.30441 -11.0295 6
      vertex -0.708466 -12.4044 6
      vertex -0.640442 -12.2436 6
    endloop
  endfacet
  facet normal 0 0 1
    outer loop
      vertex -1.30441 -11.0295 6
      vertex -0.770279 -12.5674 6
      vertex -0.708466 -12.4044 6
    endloop
  endfacet
  facet normal 0 0 1
    outer loop
      vertex -2.17819 -13.2756 6
      vertex -0.770279 -12.5674 6
      vertex -1.30441 -11.0295 6
    endloop
  endfacet
  facet normal 0 0 1
    outer loop
      vertex -0.770279 -12.5674 6
      vertex -2.17819 -13.2756 6
      vertex -0.826736 -12.7343 6
    endloop
  endfacet
  facet normal 0 0 1
    outer loop
      vertex -0.826736 -12.7343 6
      vertex -2.17819 -13.2756 6
      vertex -0.878647 -12.9067 6
    endloop
  endfacet
  facet normal 0 0 1
    outer loop
      vertex -0.878647 -12.9067 6
      vertex -2.17819 -13.2756 6
      vertex -0.926849 -13.0866 6
    endloop
  endfacet
  facet normal 0 0 1
    outer loop
      vertex -0.926849 -13.0866 6
      vertex -2.17819 -13.2756 6
      vertex -0.972183 -13.2756 6
    endloop
  endfacet
  facet normal 0 -0 1
    outer loop
      vertex -1.95789 -14.8717 6
      vertex -0.972183 -13.2756 6
      vertex -2.17819 -13.2756 6
    endloop
  endfacet
  facet normal -0 0 1
    outer loop
      vertex 3.26381 -11.7076 6
      vertex 5.74025 -13.8582 6
      vertex 3.28651 -11.6404 6
    endloop
  endfacet
  facet normal 0 0 1
    outer loop
      vertex 5.74025 -13.8582 6
      vertex 3.26381 -11.7076 6
      vertex 3.29776 -12.9615 6
    endloop
  endfacet
  facet normal -0 0 1
    outer loop
      vertex 3.2347 -11.7727 6
      vertex 3.29776 -12.9615 6
      vertex 3.26381 -11.7076 6
    endloop
  endfacet
  facet normal -0 0 1
    outer loop
      vertex 3.19917 -11.8357 6
      vertex 3.29776 -12.9615 6
      vertex 3.2347 -11.7727 6
    endloop
  endfacet
  facet normal -0 0 1
    outer loop
      vertex 3.1573 -11.8965 6
      vertex 3.29776 -12.9615 6
      vertex 3.19917 -11.8357 6
    endloop
  endfacet
  facet normal -0 0 1
    outer loop
      vertex 3.1091 -11.9552 6
      vertex 3.29776 -12.9615 6
      vertex 3.1573 -11.8965 6
    endloop
  endfacet
  facet normal -0 0 1
    outer loop
      vertex 3.0546 -12.0116 6
      vertex 3.29776 -12.9615 6
      vertex 3.1091 -11.9552 6
    endloop
  endfacet
  facet normal -0 0 1
    outer loop
      vertex 2.99382 -12.0657 6
      vertex 3.29776 -12.9615 6
      vertex 3.0546 -12.0116 6
    endloop
  endfacet
  facet normal -0 0 1
    outer loop
      vertex 2.92679 -12.1175 6
      vertex 3.29776 -12.9615 6
      vertex 2.99382 -12.0657 6
    endloop
  endfacet
  facet normal -0 0 1
    outer loop
      vertex 2.85356 -12.1669 6
      vertex 3.29776 -12.9615 6
      vertex 2.92679 -12.1175 6
    endloop
  endfacet
  facet normal -0 0 1
    outer loop
      vertex 2.77414 -12.214 6
      vertex 3.29776 -12.9615 6
      vertex 2.85356 -12.1669 6
    endloop
  endfacet
  facet normal -0 0 1
    outer loop
      vertex 2.41302 -12.4162 6
      vertex 3.29776 -12.9615 6
      vertex 2.77414 -12.214 6
    endloop
  endfacet
  facet normal -0 0 1
    outer loop
      vertex 2.34401 -12.4594 6
      vertex 3.29776 -12.9615 6
      vertex 2.41302 -12.4162 6
    endloop
  endfacet
  facet normal -0 0 1
    outer loop
      vertex 2.28171 -12.5011 6
      vertex 3.29776 -12.9615 6
      vertex 2.34401 -12.4594 6
    endloop
  endfacet
  facet normal -0 0 1
    outer loop
      vertex 2.22585 -12.5417 6
      vertex 3.29776 -12.9615 6
      vertex 2.28171 -12.5011 6
    endloop
  endfacet
  facet normal -0 0 1
    outer loop
      vertex 2.17607 -12.5813 6
      vertex 3.29776 -12.9615 6
      vertex 2.22585 -12.5417 6
    endloop
  endfacet
  facet normal 0 0 1
    outer loop
      vertex 1.95081 -12.9615 6
      vertex 2.17607 -12.5813 6
      vertex 2.1321 -12.6206 6
    endloop
  endfacet
  facet normal 0 0 1
    outer loop
      vertex 1.95081 -12.9615 6
      vertex 2.1321 -12.6206 6
      vertex 2.0936 -12.6597 6
    endloop
  endfacet
  facet normal 0 0 1
    outer loop
      vertex 1.95081 -12.9615 6
      vertex 2.0936 -12.6597 6
      vertex 2.06024 -12.6991 6
    endloop
  endfacet
  facet normal 0 0 1
    outer loop
      vertex 1.95982 -12.9128 6
      vertex 2.06024 -12.6991 6
      vertex 2.03174 -12.7391 6
    endloop
  endfacet
  facet normal 0 0 1
    outer loop
      vertex 1.95982 -12.9128 6
      vertex 2.03174 -12.7391 6
      vertex 2.00777 -12.7801 6
    endloop
  endfacet
  facet normal 0 0 1
    outer loop
      vertex 1.95982 -12.9128 6
      vertex 2.00777 -12.7801 6
      vertex 1.98799 -12.8225 6
    endloop
  endfacet
  facet normal 0 0 1
    outer loop
      vertex 1.95982 -12.9128 6
      vertex 1.98799 -12.8225 6
      vertex 1.97212 -12.8666 6
    endloop
  endfacet
  facet normal 0 0 1
    outer loop
      vertex 2.06024 -12.6991 6
      vertex 1.95982 -12.9128 6
      vertex 1.95081 -12.9615 6
    endloop
  endfacet
  facet normal 0 0 1
    outer loop
      vertex 2.17607 -12.5813 6
      vertex 1.95081 -12.9615 6
      vertex 3.29776 -12.9615 6
    endloop
  endfacet
  facet normal 0 0 1
    outer loop
      vertex 9.93042 0 6
      vertex 15 0 6
      vertex 14.9679 0.981047 6
    endloop
  endfacet
  facet normal 0 0 1
    outer loop
      vertex 9.93042 0 6
      vertex 14.9679 0.981047 6
      vertex 14.8717 1.95789 6
    endloop
  endfacet
  facet normal 0 0 1
    outer loop
      vertex 15 0 6
      vertex 9.93042 0 6
      vertex 14.9679 -0.981047 6
    endloop
  endfacet
  facet normal 0 0 1
    outer loop
      vertex 9.93042 0 6
      vertex 14.8717 1.95789 6
      vertex 14.7118 2.92635 6
    endloop
  endfacet
  facet normal 0 0 1
    outer loop
      vertex 14.9679 -0.981047 6
      vertex 9.93042 0 6
      vertex 14.8717 -1.95789 6
    endloop
  endfacet
  facet normal 0 0 1
    outer loop
      vertex 9.93042 0 6
      vertex 14.7118 2.92635 6
      vertex 14.4889 3.88229 6
    endloop
  endfacet
  facet normal 0 0 1
    outer loop
      vertex 14.8717 -1.95789 6
      vertex 9.93042 0 6
      vertex 14.7118 -2.92635 6
    endloop
  endfacet
  facet normal 0 0 1
    outer loop
      vertex 9.93042 0 6
      vertex 14.4889 3.88229 6
      vertex 14.204 4.82159 6
    endloop
  endfacet
  facet normal 0 0 1
    outer loop
      vertex 14.7118 -2.92635 6
      vertex 9.93042 0 6
      vertex 14.4889 -3.88229 6
    endloop
  endfacet
  facet normal 0 0 1
    outer loop
      vertex 9.93042 0 6
      vertex 14.204 4.82159 6
      vertex 13.8582 5.74025 6
    endloop
  endfacet
  facet normal 0 0 1
    outer loop
      vertex 14.4889 -3.88229 6
      vertex 9.93042 0 6
      vertex 14.204 -4.82159 6
    endloop
  endfacet
  facet normal 0 0 1
    outer loop
      vertex 9.93042 0 6
      vertex 13.8582 5.74025 6
      vertex 13.4531 6.63433 6
    endloop
  endfacet
  facet normal 0 0 1
    outer loop
      vertex 14.204 -4.82159 6
      vertex 9.93042 0 6
      vertex 13.8582 -5.74025 6
    endloop
  endfacet
  facet normal 0 0 1
    outer loop
      vertex 9.93042 0 6
      vertex 13.4531 6.63433 6
      vertex 12.9904 7.5 6
    endloop
  endfacet
  facet normal 0 0 1
    outer loop
      vertex 13.8582 -5.74025 6
      vertex 9.93042 0 6
      vertex 13.4531 -6.63433 6
    endloop
  endfacet
  facet normal 0 0 1
    outer loop
      vertex 4.96521 8.6 6
      vertex 12.9904 7.5 6
      vertex 12.472 8.33355 6
    endloop
  endfacet
  facet normal 0 0 1
    outer loop
      vertex 13.4531 -6.63433 6
      vertex 9.93042 0 6
      vertex 12.9904 -7.5 6
    endloop
  endfacet
  facet normal -0 0 1
    outer loop
      vertex 4.96521 8.6 6
      vertex 12.472 8.33355 6
      vertex 11.9003 9.13142 6
    endloop
  endfacet
  facet normal 0 0 1
    outer loop
      vertex 4.96521 -8.6 6
      vertex 12.9904 -7.5 6
      vertex 9.93042 0 6
    endloop
  endfacet
  facet normal 0 0 1
    outer loop
      vertex 4.96521 8.6 6
      vertex 11.9003 9.13142 6
      vertex 11.2776 9.89019 6
    endloop
  endfacet
  facet normal 0 0 1
    outer loop
      vertex 12.9904 -7.5 6
      vertex 4.96521 -8.6 6
      vertex 12.472 -8.33355 6
    endloop
  endfacet
  facet normal 0 0 1
    outer loop
      vertex 4.96521 8.6 6
      vertex 11.2776 9.89019 6
      vertex 10.6066 10.6066 6
    endloop
  endfacet
  facet normal 0 0 1
    outer loop
      vertex 12.472 -8.33355 6
      vertex 4.96521 -8.6 6
      vertex 11.9003 -9.13142 6
    endloop
  endfacet
  facet normal 0 0 1
    outer loop
      vertex 11.9003 -9.13142 6
      vertex 4.96521 -8.6 6
      vertex 11.2776 -9.89019 6
    endloop
  endfacet
  facet normal 0 0 1
    outer loop
      vertex 4.96521 8.6 6
      vertex 10.6066 10.6066 6
      vertex 9.89019 11.2776 6
    endloop
  endfacet
  facet normal 0 0 1
    outer loop
      vertex 4.96521 8.6 6
      vertex 9.89019 11.2776 6
      vertex 9.13142 11.9003 6
    endloop
  endfacet
  facet normal 0 0 1
    outer loop
      vertex 4.96521 8.6 6
      vertex 9.13142 11.9003 6
      vertex 8.33355 12.472 6
    endloop
  endfacet
  facet normal 0 0 1
    outer loop
      vertex 4.96521 8.6 6
      vertex 8.33355 12.472 6
      vertex 7.5 12.9904 6
    endloop
  endfacet
  facet normal 0 0 1
    outer loop
      vertex 4.96521 8.6 6
      vertex 7.5 12.9904 6
      vertex 6.63433 13.4531 6
    endloop
  endfacet
  facet normal 0 0 1
    outer loop
      vertex 4.96521 8.6 6
      vertex 6.63433 13.4531 6
      vertex 5.74025 13.8582 6
    endloop
  endfacet
  facet normal 0 0 1
    outer loop
      vertex 12.9904 7.5 6
      vertex 4.96521 8.6 6
      vertex 9.93042 0 6
    endloop
  endfacet
  facet normal 0 0 1
    outer loop
      vertex 4.82159 14.204 6
      vertex 4.96521 8.6 6
      vertex 5.74025 13.8582 6
    endloop
  endfacet
  facet normal 0 0 1
    outer loop
      vertex 3.88229 14.4889 6
      vertex 4.96521 8.6 6
      vertex 4.82159 14.204 6
    endloop
  endfacet
  facet normal 0 0 1
    outer loop
      vertex 2.92635 14.7118 6
      vertex 4.96521 8.6 6
      vertex 3.88229 14.4889 6
    endloop
  endfacet
  facet normal 0 0 1
    outer loop
      vertex 1.95789 14.8717 6
      vertex 4.96521 8.6 6
      vertex 2.92635 14.7118 6
    endloop
  endfacet
  facet normal 0 0 1
    outer loop
      vertex 0.981047 14.9679 6
      vertex 4.96521 8.6 6
      vertex 1.95789 14.8717 6
    endloop
  endfacet
  facet normal 0 0 1
    outer loop
      vertex 0 15 6
      vertex 4.96521 8.6 6
      vertex 0.981047 14.9679 6
    endloop
  endfacet
  facet normal 0 0 1
    outer loop
      vertex -4.96521 8.6 6
      vertex 0 15 6
      vertex -0.981047 14.9679 6
    endloop
  endfacet
  facet normal 0 0 1
    outer loop
      vertex -4.96521 8.6 6
      vertex -0.981047 14.9679 6
      vertex -1.95789 14.8717 6
    endloop
  endfacet
  facet normal 0 0 1
    outer loop
      vertex -4.96521 8.6 6
      vertex -1.95789 14.8717 6
      vertex -2.92635 14.7118 6
    endloop
  endfacet
  facet normal 0 0 1
    outer loop
      vertex -4.96521 8.6 6
      vertex -2.92635 14.7118 6
      vertex -3.88229 14.4889 6
    endloop
  endfacet
  facet normal 0 0 1
    outer loop
      vertex -4.96521 8.6 6
      vertex -3.88229 14.4889 6
      vertex -4.82159 14.204 6
    endloop
  endfacet
  facet normal 0 0 1
    outer loop
      vertex 0 15 6
      vertex -4.96521 8.6 6
      vertex 4.96521 8.6 6
    endloop
  endfacet
  facet normal -0 0 1
    outer loop
      vertex -5.74025 13.8582 6
      vertex -4.96521 8.6 6
      vertex -4.82159 14.204 6
    endloop
  endfacet
  facet normal -0 0 1
    outer loop
      vertex -6.63433 13.4531 6
      vertex -4.96521 8.6 6
      vertex -5.74025 13.8582 6
    endloop
  endfacet
  facet normal -0 0 1
    outer loop
      vertex -7.5 12.9904 6
      vertex -4.96521 8.6 6
      vertex -6.63433 13.4531 6
    endloop
  endfacet
  facet normal -0 0 1
    outer loop
      vertex -8.33355 12.472 6
      vertex -4.96521 8.6 6
      vertex -7.5 12.9904 6
    endloop
  endfacet
  facet normal -0 0 1
    outer loop
      vertex -9.13142 11.9003 6
      vertex -4.96521 8.6 6
      vertex -8.33355 12.472 6
    endloop
  endfacet
  facet normal -0 0 1
    outer loop
      vertex -9.89019 11.2776 6
      vertex -4.96521 8.6 6
      vertex -9.13142 11.9003 6
    endloop
  endfacet
  facet normal -0 0 1
    outer loop
      vertex -10.6066 10.6066 6
      vertex -4.96521 8.6 6
      vertex -9.89019 11.2776 6
    endloop
  endfacet
  facet normal -0 0 1
    outer loop
      vertex -11.2776 9.89019 6
      vertex -4.96521 8.6 6
      vertex -10.6066 10.6066 6
    endloop
  endfacet
  facet normal 0 0 1
    outer loop
      vertex 11.2776 -9.89019 6
      vertex 4.96521 -8.6 6
      vertex 10.6066 -10.6066 6
    endloop
  endfacet
  facet normal 0 0 1
    outer loop
      vertex 10.6066 -10.6066 6
      vertex 4.96521 -8.6 6
      vertex 9.89019 -11.2776 6
    endloop
  endfacet
  facet normal 0 0 1
    outer loop
      vertex 9.89019 -11.2776 6
      vertex 4.96521 -8.6 6
      vertex 9.13142 -11.9003 6
    endloop
  endfacet
  facet normal 0 0 1
    outer loop
      vertex 9.13142 -11.9003 6
      vertex 4.96521 -8.6 6
      vertex 8.33355 -12.472 6
    endloop
  endfacet
  facet normal 0 0 1
    outer loop
      vertex 8.33355 -12.472 6
      vertex 4.96521 -8.6 6
      vertex 7.5 -12.9904 6
    endloop
  endfacet
  facet normal 0 0 1
    outer loop
      vertex 7.5 -12.9904 6
      vertex 4.96521 -8.6 6
      vertex 6.63433 -13.4531 6
    endloop
  endfacet
  facet normal -0 0 1
    outer loop
      vertex 3.30972 -11.3279 6
      vertex 6.63433 -13.4531 6
      vertex 4.96521 -8.6 6
    endloop
  endfacet
  facet normal -0 -0 1
    outer loop
      vertex 3.3158 -11.4267 6
      vertex 6.63433 -13.4531 6
      vertex 3.31427 -11.377 6
    endloop
  endfacet
  facet normal 0 0 1
    outer loop
      vertex 6.63433 -13.4531 6
      vertex 3.31253 -11.4999 6
      vertex 5.74025 -13.8582 6
    endloop
  endfacet
  facet normal -0 0 1
    outer loop
      vertex 3.30276 -11.5712 6
      vertex 5.74025 -13.8582 6
      vertex 3.31253 -11.4999 6
    endloop
  endfacet
  facet normal -0 0 1
    outer loop
      vertex 3.31253 -11.4999 6
      vertex 6.63433 -13.4531 6
      vertex 3.3158 -11.4267 6
    endloop
  endfacet
  facet normal 0 0 1
    outer loop
      vertex 6.63433 -13.4531 6
      vertex 3.30972 -11.3279 6
      vertex 3.31427 -11.377 6
    endloop
  endfacet
  facet normal 0 0 1
    outer loop
      vertex 4.96521 -8.6 6
      vertex 3.30222 -11.2796 6
      vertex 3.30972 -11.3279 6
    endloop
  endfacet
  facet normal 0 0 1
    outer loop
      vertex 4.96521 -8.6 6
      vertex 3.29182 -11.2322 6
      vertex 3.30222 -11.2796 6
    endloop
  endfacet
  facet normal 0 0 1
    outer loop
      vertex 4.96521 -8.6 6
      vertex 3.27858 -11.1858 6
      vertex 3.29182 -11.2322 6
    endloop
  endfacet
  facet normal 0 0 1
    outer loop
      vertex 4.96521 -8.6 6
      vertex 3.26256 -11.1406 6
      vertex 3.27858 -11.1858 6
    endloop
  endfacet
  facet normal 0 0 1
    outer loop
      vertex 4.96521 -8.6 6
      vertex 3.2438 -11.0966 6
      vertex 3.26256 -11.1406 6
    endloop
  endfacet
  facet normal 0 0 1
    outer loop
      vertex 4.96521 -8.6 6
      vertex 3.2224 -11.0541 6
      vertex 3.2438 -11.0966 6
    endloop
  endfacet
  facet normal 0 0 1
    outer loop
      vertex 4.96521 -8.6 6
      vertex 3.19838 -11.0131 6
      vertex 3.2224 -11.0541 6
    endloop
  endfacet
  facet normal 0 0 1
    outer loop
      vertex 4.96521 -8.6 6
      vertex 3.17183 -10.9738 6
      vertex 3.19838 -11.0131 6
    endloop
  endfacet
  facet normal 0 0 1
    outer loop
      vertex 4.96521 -8.6 6
      vertex 3.14279 -10.9362 6
      vertex 3.17183 -10.9738 6
    endloop
  endfacet
  facet normal 0 0 1
    outer loop
      vertex 4.96521 -8.6 6
      vertex 3.11131 -10.9006 6
      vertex 3.14279 -10.9362 6
    endloop
  endfacet
  facet normal 0 0 1
    outer loop
      vertex 4.96521 -8.6 6
      vertex 3.07748 -10.867 6
      vertex 3.11131 -10.9006 6
    endloop
  endfacet
  facet normal 0 0 1
    outer loop
      vertex 4.96521 -8.6 6
      vertex 3.04182 -10.8366 6
      vertex 3.07748 -10.867 6
    endloop
  endfacet
  facet normal 0 0 1
    outer loop
      vertex 4.96521 -8.6 6
      vertex 3.00485 -10.8088 6
      vertex 3.04182 -10.8366 6
    endloop
  endfacet
  facet normal 0 0 1
    outer loop
      vertex 4.96521 -8.6 6
      vertex 2.96649 -10.7835 6
      vertex 3.00485 -10.8088 6
    endloop
  endfacet
  facet normal 0 0 1
    outer loop
      vertex 4.96521 -8.6 6
      vertex 2.9267 -10.7607 6
      vertex 2.96649 -10.7835 6
    endloop
  endfacet
  facet normal 0 0 1
    outer loop
      vertex 4.96521 -8.6 6
      vertex 2.88542 -10.7403 6
      vertex 2.9267 -10.7607 6
    endloop
  endfacet
  facet normal 0 0 1
    outer loop
      vertex 4.96521 -8.6 6
      vertex 2.84262 -10.7225 6
      vertex 2.88542 -10.7403 6
    endloop
  endfacet
  facet normal 0 0 1
    outer loop
      vertex 4.96521 -8.6 6
      vertex 2.79825 -10.707 6
      vertex 2.84262 -10.7225 6
    endloop
  endfacet
  facet normal 0 0 1
    outer loop
      vertex 4.96521 -8.6 6
      vertex 2.75224 -10.694 6
      vertex 2.79825 -10.707 6
    endloop
  endfacet
  facet normal 0 0 1
    outer loop
      vertex 4.96521 -8.6 6
      vertex 2.70456 -10.6835 6
      vertex 2.75224 -10.694 6
    endloop
  endfacet
  facet normal 0 0 1
    outer loop
      vertex 4.96521 -8.6 6
      vertex 2.65515 -10.6753 6
      vertex 2.70456 -10.6835 6
    endloop
  endfacet
  facet normal 0 0 1
    outer loop
      vertex 4.96521 -8.6 6
      vertex 2.60396 -10.6694 6
      vertex 2.65515 -10.6753 6
    endloop
  endfacet
  facet normal 0 0 1
    outer loop
      vertex 4.96521 -8.6 6
      vertex 2.55095 -10.666 6
      vertex 2.60396 -10.6694 6
    endloop
  endfacet
  facet normal 0 0 1
    outer loop
      vertex 4.96521 -8.6 6
      vertex 2.49608 -10.6648 6
      vertex 2.55095 -10.666 6
    endloop
  endfacet
  facet normal 0 0 1
    outer loop
      vertex 4.96521 -8.6 6
      vertex 2.42256 -10.6668 6
      vertex 2.49608 -10.6648 6
    endloop
  endfacet
  facet normal 0 0 1
    outer loop
      vertex 4.96521 -8.6 6
      vertex 2.35204 -10.673 6
      vertex 2.42256 -10.6668 6
    endloop
  endfacet
  facet normal 0 0 1
    outer loop
      vertex 4.96521 -8.6 6
      vertex 2.28456 -10.6832 6
      vertex 2.35204 -10.673 6
    endloop
  endfacet
  facet normal 0 0 1
    outer loop
      vertex 4.96521 -8.6 6
      vertex 2.22018 -10.6974 6
      vertex 2.28456 -10.6832 6
    endloop
  endfacet
  facet normal 0 0 1
    outer loop
      vertex 0.407227 -10.7154 6
      vertex 2.22018 -10.6974 6
      vertex 4.96521 -8.6 6
    endloop
  endfacet
  facet normal 0 0 1
    outer loop
      vertex 2.22018 -10.6974 6
      vertex 0.407227 -10.7154 6
      vertex 2.15897 -10.7157 6
    endloop
  endfacet
  facet normal 0 0 1
    outer loop
      vertex 2.15897 -10.7157 6
      vertex 0.407227 -10.7154 6
      vertex 2.10094 -10.7379 6
    endloop
  endfacet
  facet normal 0 0 1
    outer loop
      vertex 2.10094 -10.7379 6
      vertex 0.407227 -10.7154 6
      vertex 2.04614 -10.7642 6
    endloop
  endfacet
  facet normal 0 0 1
    outer loop
      vertex 2.04614 -10.7642 6
      vertex 0.407227 -10.7154 6
      vertex 1.99464 -10.7944 6
    endloop
  endfacet
  facet normal 0 0 1
    outer loop
      vertex 1.66322 -12.8264 6
      vertex 1.1799 -12.9001 6
      vertex 1.6366 -12.9242 6
    endloop
  endfacet
  facet normal 0 0 1
    outer loop
      vertex 1.6366 -12.9242 6
      vertex 1.1799 -12.9001 6
      vertex 1.61653 -13.0303 6
    endloop
  endfacet
  facet normal 0 0 1
    outer loop
      vertex 1.61653 -13.0303 6
      vertex 1.1799 -12.9001 6
      vertex 1.60233 -13.1459 6
    endloop
  endfacet
  facet normal 0 0 1
    outer loop
      vertex 1.1799 -13.2756 6
      vertex 1.60233 -13.1459 6
      vertex 1.1799 -12.9001 6
    endloop
  endfacet
  facet normal 0 0 1
    outer loop
      vertex 0.278412 -11.159 6
      vertex 1.65108 -11.5676 6
      vertex 1.65332 -11.5085 6
    endloop
  endfacet
  facet normal 0 0 1
    outer loop
      vertex 0.407227 -10.9826 6
      vertex 1.65332 -11.5085 6
      vertex 1.65678 -11.4528 6
    endloop
  endfacet
  facet normal 0 0 1
    outer loop
      vertex 0.407227 -10.9826 6
      vertex 1.65678 -11.4528 6
      vertex 1.66148 -11.4003 6
    endloop
  endfacet
  facet normal 0 0 1
    outer loop
      vertex 0.407227 -10.9826 6
      vertex 1.66148 -11.4003 6
      vertex 1.6675 -11.3508 6
    endloop
  endfacet
  facet normal 0 0 1
    outer loop
      vertex 0.407227 -10.9826 6
      vertex 1.6675 -11.3508 6
      vertex 1.67487 -11.304 6
    endloop
  endfacet
  facet normal 0 0 1
    outer loop
      vertex 0.407227 -10.9826 6
      vertex 1.67487 -11.304 6
      vertex 1.68362 -11.2597 6
    endloop
  endfacet
  facet normal 0 0 1
    outer loop
      vertex 0.407227 -10.9826 6
      vertex 1.68362 -11.2597 6
      vertex 1.69383 -11.2179 6
    endloop
  endfacet
  facet normal 0 0 1
    outer loop
      vertex 0.407227 -10.9826 6
      vertex 1.69383 -11.2179 6
      vertex 1.70555 -11.1781 6
    endloop
  endfacet
  facet normal 0 0 1
    outer loop
      vertex 1.65108 -11.5676 6
      vertex 0.804337 -12.9001 6
      vertex 1.1799 -12.9001 6
    endloop
  endfacet
  facet normal 0 0 1
    outer loop
      vertex 0.407227 -10.9826 6
      vertex 1.70555 -11.1781 6
      vertex 1.7188 -11.1403 6
    endloop
  endfacet
  facet normal 0 0 1
    outer loop
      vertex 0.407227 -10.9826 6
      vertex 1.7188 -11.1403 6
      vertex 1.73366 -11.1042 6
    endloop
  endfacet
  facet normal 0 0 1
    outer loop
      vertex 0.407227 -10.7154 6
      vertex 1.73366 -11.1042 6
      vertex 1.75015 -11.0697 6
    endloop
  endfacet
  facet normal 0 0 1
    outer loop
      vertex 1.65332 -11.5085 6
      vertex 0.407227 -10.9826 6
      vertex 0.278412 -11.159 6
    endloop
  endfacet
  facet normal 0 0 1
    outer loop
      vertex 1.73366 -11.1042 6
      vertex 0.407227 -10.7154 6
      vertex 0.407227 -10.9826 6
    endloop
  endfacet
  facet normal 0 0 1
    outer loop
      vertex 1.76836 -11.0364 6
      vertex 0.407227 -10.7154 6
      vertex 1.75015 -11.0697 6
    endloop
  endfacet
  facet normal 0 0 1
    outer loop
      vertex 1.7883 -11.0042 6
      vertex 0.407227 -10.7154 6
      vertex 1.76836 -11.0364 6
    endloop
  endfacet
  facet normal 0 0 1
    outer loop
      vertex 1.82259 -10.9545 6
      vertex 0.407227 -10.7154 6
      vertex 1.7883 -11.0042 6
    endloop
  endfacet
  facet normal 0 0 1
    outer loop
      vertex 1.86041 -10.9086 6
      vertex 0.407227 -10.7154 6
      vertex 1.82259 -10.9545 6
    endloop
  endfacet
  facet normal 0 0 1
    outer loop
      vertex 1.90173 -10.8666 6
      vertex 0.407227 -10.7154 6
      vertex 1.86041 -10.9086 6
    endloop
  endfacet
  facet normal 0 0 1
    outer loop
      vertex 1.94649 -10.8286 6
      vertex 0.407227 -10.7154 6
      vertex 1.90173 -10.8666 6
    endloop
  endfacet
  facet normal 0 0 1
    outer loop
      vertex 1.99464 -10.7944 6
      vertex 0.407227 -10.7154 6
      vertex 1.94649 -10.8286 6
    endloop
  endfacet
  facet normal -0 0 1
    outer loop
      vertex -4.96521 -8.6 6
      vertex 0.407227 -10.7154 6
      vertex 4.96521 -8.6 6
    endloop
  endfacet
  facet normal 0 0 1
    outer loop
      vertex -2.17819 -10.6648 6
      vertex -1.30441 -11.0295 6
      vertex -1.30441 -10.7154 6
    endloop
  endfacet
  facet normal 0 0 1
    outer loop
      vertex -1.30441 -11.0295 6
      vertex -2.17819 -10.6648 6
      vertex -2.17819 -13.2756 6
    endloop
  endfacet
  facet normal 0 0 1
    outer loop
      vertex 0.407227 -10.7154 6
      vertex -4.96521 -8.6 6
      vertex -1.30441 -10.7154 6
    endloop
  endfacet
  facet normal 0 0 1
    outer loop
      vertex -1.30441 -10.7154 6
      vertex -4.96521 -8.6 6
      vertex -2.17819 -10.6648 6
    endloop
  endfacet
  facet normal 0 0 1
    outer loop
      vertex -2.8643 -11.1543 6
      vertex -2.41296 -10.7513 6
      vertex -2.38763 -10.6648 6
    endloop
  endfacet
  facet normal 0 0 1
    outer loop
      vertex -2.41296 -10.7513 6
      vertex -2.8643 -11.1543 6
      vertex -2.43816 -10.8265 6
    endloop
  endfacet
  facet normal 0 0 1
    outer loop
      vertex -2.43816 -10.8265 6
      vertex -2.78419 -11.1371 6
      vertex -2.46442 -10.8913 6
    endloop
  endfacet
  facet normal 0 -0 1
    outer loop
      vertex -2.71518 -11.1175 6
      vertex -2.46442 -10.8913 6
      vertex -2.78419 -11.1371 6
    endloop
  endfacet
  facet normal 0 -0 1
    outer loop
      vertex -2.65604 -11.0943 6
      vertex -2.49304 -10.9467 6
      vertex -2.71518 -11.1175 6
    endloop
  endfacet
  facet normal 0 0 1
    outer loop
      vertex -2.49304 -10.9467 6
      vertex -2.65604 -11.0943 6
      vertex -2.52527 -10.9938 6
    endloop
  endfacet
  facet normal 0 0 1
    outer loop
      vertex -2.56233 -11.0334 6
      vertex -2.65604 -11.0943 6
      vertex -2.60551 -11.0666 6
    endloop
  endfacet
  facet normal 0 0 1
    outer loop
      vertex -2.52527 -10.9938 6
      vertex -2.65604 -11.0943 6
      vertex -2.56233 -11.0334 6
    endloop
  endfacet
  facet normal 0 0 1
    outer loop
      vertex -2.46442 -10.8913 6
      vertex -2.71518 -11.1175 6
      vertex -2.49304 -10.9467 6
    endloop
  endfacet
  facet normal 0 0 1
    outer loop
      vertex -2.43816 -10.8265 6
      vertex -2.8643 -11.1543 6
      vertex -2.78419 -11.1371 6
    endloop
  endfacet
  facet normal 0 0 1
    outer loop
      vertex -2.38763 -10.6648 6
      vertex -2.9568 -11.1698 6
      vertex -2.8643 -11.1543 6
    endloop
  endfacet
  facet normal 0 0 1
    outer loop
      vertex -2.38763 -10.6648 6
      vertex -3.0629 -11.1848 6
      vertex -2.9568 -11.1698 6
    endloop
  endfacet
  facet normal 0 0 1
    outer loop
      vertex -6.63433 -13.4531 6
      vertex -3.0629 -11.4159 6
      vertex -3.0629 -11.1848 6
    endloop
  endfacet
  facet normal 0 0 1
    outer loop
      vertex -2.49597 -13.2756 6
      vertex -4.82159 -14.204 6
      vertex -3.88229 -14.4889 6
    endloop
  endfacet
  facet normal 0 0 1
    outer loop
      vertex -2.17819 -10.6648 6
      vertex -4.96521 -8.6 6
      vertex -2.38763 -10.6648 6
    endloop
  endfacet
  facet normal 0 0 1
    outer loop
      vertex -4.96521 -8.6 6
      vertex -3.0629 -11.1848 6
      vertex -2.38763 -10.6648 6
    endloop
  endfacet
  facet normal 0 0 1
    outer loop
      vertex -6.63433 -13.4531 6
      vertex -3.0629 -11.1848 6
      vertex -4.96521 -8.6 6
    endloop
  endfacet
  facet normal 0 0 1
    outer loop
      vertex -3.0629 -11.4159 6
      vertex -5.74025 -13.8582 6
      vertex -4.82159 -14.204 6
    endloop
  endfacet
  facet normal 0 0 1
    outer loop
      vertex -3.0629 -11.4159 6
      vertex -6.63433 -13.4531 6
      vertex -5.74025 -13.8582 6
    endloop
  endfacet
  facet normal 0 0 1
    outer loop
      vertex -4.96521 -8.6 6
      vertex -7.5 -12.9904 6
      vertex -6.63433 -13.4531 6
    endloop
  endfacet
  facet normal 0 0 1
    outer loop
      vertex -4.96521 -8.6 6
      vertex -8.33355 -12.472 6
      vertex -7.5 -12.9904 6
    endloop
  endfacet
  facet normal 0 0 1
    outer loop
      vertex -4.96521 -8.6 6
      vertex -9.13142 -11.9003 6
      vertex -8.33355 -12.472 6
    endloop
  endfacet
  facet normal 0 0 1
    outer loop
      vertex -4.96521 -8.6 6
      vertex -9.89019 -11.2776 6
      vertex -9.13142 -11.9003 6
    endloop
  endfacet
  facet normal -0 0 1
    outer loop
      vertex -12.9904 -7.5 6
      vertex -4.96521 -8.6 6
      vertex -9.93042 0 6
    endloop
  endfacet
  facet normal -0 0 1
    outer loop
      vertex -11.9003 9.13142 6
      vertex -4.96521 8.6 6
      vertex -11.2776 9.89019 6
    endloop
  endfacet
  facet normal 0 0 1
    outer loop
      vertex -4.96521 -8.6 6
      vertex -10.6066 -10.6066 6
      vertex -9.89019 -11.2776 6
    endloop
  endfacet
  facet normal 0 0 1
    outer loop
      vertex -12.472 8.33355 6
      vertex -4.96521 8.6 6
      vertex -11.9003 9.13142 6
    endloop
  endfacet
  facet normal 0 0 1
    outer loop
      vertex -4.96521 -8.6 6
      vertex -11.2776 -9.89019 6
      vertex -10.6066 -10.6066 6
    endloop
  endfacet
  facet normal 0 0 1
    outer loop
      vertex -12.9904 7.5 6
      vertex -4.96521 8.6 6
      vertex -12.472 8.33355 6
    endloop
  endfacet
  facet normal 0 0 1
    outer loop
      vertex -4.96521 -8.6 6
      vertex -11.9003 -9.13142 6
      vertex -11.2776 -9.89019 6
    endloop
  endfacet
  facet normal 0 0 1
    outer loop
      vertex -4.96521 8.6 6
      vertex -12.9904 7.5 6
      vertex -9.93042 0 6
    endloop
  endfacet
  facet normal 0 0 1
    outer loop
      vertex -4.96521 -8.6 6
      vertex -12.472 -8.33355 6
      vertex -11.9003 -9.13142 6
    endloop
  endfacet
  facet normal -0 0 1
    outer loop
      vertex -13.4531 6.63433 6
      vertex -9.93042 0 6
      vertex -12.9904 7.5 6
    endloop
  endfacet
  facet normal 0 0 1
    outer loop
      vertex -4.96521 -8.6 6
      vertex -12.9904 -7.5 6
      vertex -12.472 -8.33355 6
    endloop
  endfacet
  facet normal -0 0 1
    outer loop
      vertex -13.8582 5.74025 6
      vertex -9.93042 0 6
      vertex -13.4531 6.63433 6
    endloop
  endfacet
  facet normal 0 0 1
    outer loop
      vertex -9.93042 0 6
      vertex -13.4531 -6.63433 6
      vertex -12.9904 -7.5 6
    endloop
  endfacet
  facet normal -0 0 1
    outer loop
      vertex -14.204 4.82159 6
      vertex -9.93042 0 6
      vertex -13.8582 5.74025 6
    endloop
  endfacet
  facet normal 0 0 1
    outer loop
      vertex -9.93042 0 6
      vertex -13.8582 -5.74025 6
      vertex -13.4531 -6.63433 6
    endloop
  endfacet
  facet normal -0 0 1
    outer loop
      vertex -14.4889 3.88229 6
      vertex -9.93042 0 6
      vertex -14.204 4.82159 6
    endloop
  endfacet
  facet normal 0 0 1
    outer loop
      vertex -9.93042 0 6
      vertex -14.204 -4.82159 6
      vertex -13.8582 -5.74025 6
    endloop
  endfacet
  facet normal -0 0 1
    outer loop
      vertex -14.7118 2.92635 6
      vertex -9.93042 0 6
      vertex -14.4889 3.88229 6
    endloop
  endfacet
  facet normal 0 0 1
    outer loop
      vertex -9.93042 0 6
      vertex -14.4889 -3.88229 6
      vertex -14.204 -4.82159 6
    endloop
  endfacet
  facet normal -0 0 1
    outer loop
      vertex -14.8717 1.95789 6
      vertex -9.93042 0 6
      vertex -14.7118 2.92635 6
    endloop
  endfacet
  facet normal 0 0 1
    outer loop
      vertex -9.93042 0 6
      vertex -14.7118 -2.92635 6
      vertex -14.4889 -3.88229 6
    endloop
  endfacet
  facet normal -0 0 1
    outer loop
      vertex -14.9679 0.981047 6
      vertex -9.93042 0 6
      vertex -14.8717 1.95789 6
    endloop
  endfacet
  facet normal 0 0 1
    outer loop
      vertex -9.93042 0 6
      vertex -14.8717 -1.95789 6
      vertex -14.7118 -2.92635 6
    endloop
  endfacet
  facet normal 0 0 1
    outer loop
      vertex -15 0 6
      vertex -9.93042 0 6
      vertex -14.9679 0.981047 6
    endloop
  endfacet
  facet normal 0 0 1
    outer loop
      vertex -9.93042 0 6
      vertex -14.9679 -0.981047 6
      vertex -14.8717 -1.95789 6
    endloop
  endfacet
  facet normal 0 0 1
    outer loop
      vertex -9.93042 0 6
      vertex -15 0 6
      vertex -14.9679 -0.981047 6
    endloop
  endfacet
  facet normal -0 0 1
    outer loop
      vertex 3.28651 -11.6404 6
      vertex 5.74025 -13.8582 6
      vertex 3.30276 -11.5712 6
    endloop
  endfacet
  facet normal 0 0 1
    outer loop
      vertex 5.74025 -13.8582 6
      vertex 3.29776 -12.9615 6
      vertex 4.82159 -14.204 6
    endloop
  endfacet
  facet normal -0 0 1
    outer loop
      vertex 3.29776 -13.272 6
      vertex 4.82159 -14.204 6
      vertex 3.29776 -12.9615 6
    endloop
  endfacet
  facet normal 0 0 1
    outer loop
      vertex 4.82159 -14.204 6
      vertex 3.29776 -13.272 6
      vertex 3.88229 -14.4889 6
    endloop
  endfacet
  facet normal 0 0 1
    outer loop
      vertex 3.29776 -13.272 6
      vertex 2.92635 -14.7118 6
      vertex 3.88229 -14.4889 6
    endloop
  endfacet
  facet normal -0 0 1
    outer loop
      vertex 1.59331 -13.272 6
      vertex 2.92635 -14.7118 6
      vertex 3.29776 -13.272 6
    endloop
  endfacet
  facet normal 0 0 1
    outer loop
      vertex 2.92635 -14.7118 6
      vertex 1.59331 -13.272 6
      vertex 1.95789 -14.8717 6
    endloop
  endfacet
  facet normal 0 0 1
    outer loop
      vertex 1.60233 -13.1459 6
      vertex 1.1799 -13.2756 6
      vertex 1.59331 -13.272 6
    endloop
  endfacet
  facet normal 0 0 1
    outer loop
      vertex 1.59331 -13.272 6
      vertex 1.1799 -13.2756 6
      vertex 1.95789 -14.8717 6
    endloop
  endfacet
  facet normal 0 0 1
    outer loop
      vertex 1.1799 -13.2756 6
      vertex 0.981047 -14.9679 6
      vertex 1.95789 -14.8717 6
    endloop
  endfacet
  facet normal -0 0 1
    outer loop
      vertex 0.804337 -13.2756 6
      vertex 0.981047 -14.9679 6
      vertex 1.1799 -13.2756 6
    endloop
  endfacet
  facet normal 0 0 1
    outer loop
      vertex 1.65108 -11.5676 6
      vertex 0.278412 -11.159 6
      vertex 0.158493 -11.3336 6
    endloop
  endfacet
  facet normal 0 0 1
    outer loop
      vertex 1.65108 -11.5676 6
      vertex 0.158493 -11.3336 6
      vertex 0.0472565 -11.5069 6
    endloop
  endfacet
  facet normal 0 0 1
    outer loop
      vertex 1.65108 -11.5676 6
      vertex 0.0472565 -11.5069 6
      vertex 0.804337 -12.9001 6
    endloop
  endfacet
  facet normal -0 0 1
    outer loop
      vertex -0.055481 -11.6794 6
      vertex 0.804337 -12.9001 6
      vertex 0.0472565 -11.5069 6
    endloop
  endfacet
  facet normal -0 0 1
    outer loop
      vertex -0.149948 -11.8515 6
      vertex 0.804337 -12.9001 6
      vertex -0.055481 -11.6794 6
    endloop
  endfacet
  facet normal -0 0 1
    outer loop
      vertex -0.236359 -12.0238 6
      vertex 0.804337 -12.9001 6
      vertex -0.149948 -11.8515 6
    endloop
  endfacet
  facet normal -0 0 1
    outer loop
      vertex -0.314911 -12.1967 6
      vertex 0.804337 -12.9001 6
      vertex -0.236359 -12.0238 6
    endloop
  endfacet
  facet normal -0 0 1
    outer loop
      vertex -0.385803 -12.3708 6
      vertex 0.804337 -12.9001 6
      vertex -0.314911 -12.1967 6
    endloop
  endfacet
  facet normal -0 0 1
    outer loop
      vertex -0.449265 -12.5465 6
      vertex 0.804337 -12.9001 6
      vertex -0.385803 -12.3708 6
    endloop
  endfacet
  facet normal -0 0 1
    outer loop
      vertex -0.505478 -12.7244 6
      vertex 0.804337 -12.9001 6
      vertex -0.449265 -12.5465 6
    endloop
  endfacet
  facet normal 0 0 1
    outer loop
      vertex -0.554657 -12.9048 6
      vertex 0.804337 -12.9001 6
      vertex -0.505478 -12.7244 6
    endloop
  endfacet
  facet normal 0 0 1
    outer loop
      vertex 0.804337 -12.9001 6
      vertex -0.554657 -12.9048 6
      vertex 0.804337 -13.2756 6
    endloop
  endfacet
  facet normal -0 0 1
    outer loop
      vertex -0.597015 -13.0884 6
      vertex 0.804337 -13.2756 6
      vertex -0.554657 -12.9048 6
    endloop
  endfacet
  facet normal 0 0 1
    outer loop
      vertex -0.632751 -13.2756 6
      vertex 0.804337 -13.2756 6
      vertex -0.597015 -13.0884 6
    endloop
  endfacet
  facet normal 0 -0 1
    outer loop
      vertex 0 -15 6
      vertex 0.804337 -13.2756 6
      vertex -0.632751 -13.2756 6
    endloop
  endfacet
  facet normal 0 0 1
    outer loop
      vertex 0.804337 -13.2756 6
      vertex 0 -15 6
      vertex 0.981047 -14.9679 6
    endloop
  endfacet
  facet normal 0 0 1
    outer loop
      vertex -0.981047 -14.9679 6
      vertex -0.632751 -13.2756 6
      vertex -0.972183 -13.2756 6
    endloop
  endfacet
  facet normal 0 0 1
    outer loop
      vertex -0.632751 -13.2756 6
      vertex -0.981047 -14.9679 6
      vertex 0 -15 6
    endloop
  endfacet
  facet normal 0 0 1
    outer loop
      vertex 2.98701 -11.3703 6
      vertex 2.98869 -11.4818 6
      vertex 2.9908 -11.434 6
    endloop
  endfacet
  facet normal 0 0 1
    outer loop
      vertex 2.98701 -11.3703 6
      vertex 2.98238 -11.5285 6
      vertex 2.98869 -11.4818 6
    endloop
  endfacet
  facet normal 0 0 1
    outer loop
      vertex 2.97594 -11.3096 6
      vertex 2.98238 -11.5285 6
      vertex 2.98701 -11.3703 6
    endloop
  endfacet
  facet normal 0 0 1
    outer loop
      vertex 2.97594 -11.3096 6
      vertex 2.97189 -11.5741 6
      vertex 2.98238 -11.5285 6
    endloop
  endfacet
  facet normal 0 0 1
    outer loop
      vertex 2.95796 -11.2522 6
      vertex 2.97189 -11.5741 6
      vertex 2.97594 -11.3096 6
    endloop
  endfacet
  facet normal 0 0 1
    outer loop
      vertex 2.95796 -11.2522 6
      vertex 2.95728 -11.6185 6
      vertex 2.97189 -11.5741 6
    endloop
  endfacet
  facet normal 0 0 1
    outer loop
      vertex 2.95796 -11.2522 6
      vertex 2.93854 -11.6616 6
      vertex 2.95728 -11.6185 6
    endloop
  endfacet
  facet normal 0 0 1
    outer loop
      vertex 2.93347 -11.1985 6
      vertex 2.93854 -11.6616 6
      vertex 2.95796 -11.2522 6
    endloop
  endfacet
  facet normal 0 0 1
    outer loop
      vertex 2.90286 -11.1488 6
      vertex 2.93854 -11.6616 6
      vertex 2.93347 -11.1985 6
    endloop
  endfacet
  facet normal 0 0 1
    outer loop
      vertex 2.86655 -11.1036 6
      vertex 2.93854 -11.6616 6
      vertex 2.90286 -11.1488 6
    endloop
  endfacet
  facet normal 0 0 1
    outer loop
      vertex 2.82489 -11.0632 6
      vertex 2.93854 -11.6616 6
      vertex 2.86655 -11.1036 6
    endloop
  endfacet
  facet normal 0 0 1
    outer loop
      vertex 2.77832 -11.028 6
      vertex 2.93854 -11.6616 6
      vertex 2.82489 -11.0632 6
    endloop
  endfacet
  facet normal 0 0 1
    outer loop
      vertex 2.7272 -10.9984 6
      vertex 2.93854 -11.6616 6
      vertex 2.77832 -11.028 6
    endloop
  endfacet
  facet normal 0 0 1
    outer loop
      vertex 2.67194 -10.9746 6
      vertex 2.93854 -11.6616 6
      vertex 2.7272 -10.9984 6
    endloop
  endfacet
  facet normal 0 0 1
    outer loop
      vertex 2.61293 -10.9572 6
      vertex 2.93854 -11.6616 6
      vertex 2.67194 -10.9746 6
    endloop
  endfacet
  facet normal 0 0 1
    outer loop
      vertex 2.55057 -10.9465 6
      vertex 2.93854 -11.6616 6
      vertex 2.61293 -10.9572 6
    endloop
  endfacet
  facet normal 0 0 1
    outer loop
      vertex 2.93854 -11.6616 6
      vertex 2.55057 -10.9465 6
      vertex 2.91571 -11.7034 6
    endloop
  endfacet
  facet normal 0 0 1
    outer loop
      vertex 2.91571 -11.7034 6
      vertex 2.55057 -10.9465 6
      vertex 2.88884 -11.7438 6
    endloop
  endfacet
  facet normal -0 0 1
    outer loop
      vertex 1.99185 -11.3634 6
      vertex 2.88884 -11.7438 6
      vertex 2.55057 -10.9465 6
    endloop
  endfacet
  facet normal 0 0 1
    outer loop
      vertex 2.88884 -11.7438 6
      vertex 1.99185 -11.3634 6
      vertex 2.85794 -11.7828 6
    endloop
  endfacet
  facet normal 0 0 1
    outer loop
      vertex 2.85794 -11.7828 6
      vertex 1.99185 -11.3634 6
      vertex 2.82306 -11.8203 6
    endloop
  endfacet
  facet normal -0 0 1
    outer loop
      vertex 1.98679 -11.3924 6
      vertex 2.82306 -11.8203 6
      vertex 1.99185 -11.3634 6
    endloop
  endfacet
  facet normal 0 0 1
    outer loop
      vertex 2.82306 -11.8203 6
      vertex 1.98679 -11.3924 6
      vertex 2.78419 -11.8562 6
    endloop
  endfacet
  facet normal -0 0 1
    outer loop
      vertex 1.98225 -11.4232 6
      vertex 2.78419 -11.8562 6
      vertex 1.98679 -11.3924 6
    endloop
  endfacet
  facet normal 0 0 1
    outer loop
      vertex 1.99185 -11.3634 6
      vertex 2.55057 -10.9465 6
      vertex 2.48526 -10.9429 6
    endloop
  endfacet
  facet normal 0 0 1
    outer loop
      vertex 1.99748 -11.3361 6
      vertex 2.48526 -10.9429 6
      vertex 2.44156 -10.9446 6
    endloop
  endfacet
  facet normal 0 0 1
    outer loop
      vertex 1.99748 -11.3361 6
      vertex 2.44156 -10.9446 6
      vertex 2.39893 -10.9496 6
    endloop
  endfacet
  facet normal 0 0 1
    outer loop
      vertex 2.00369 -11.3103 6
      vertex 2.39893 -10.9496 6
      vertex 2.35751 -10.958 6
    endloop
  endfacet
  facet normal 0 0 1
    outer loop
      vertex 2.00369 -11.3103 6
      vertex 2.35751 -10.958 6
      vertex 2.31746 -10.9695 6
    endloop
  endfacet
  facet normal 0 0 1
    outer loop
      vertex 2.78419 -11.8562 6
      vertex 1.98225 -11.4232 6
      vertex 2.74141 -11.8905 6
    endloop
  endfacet
  facet normal 0 0 1
    outer loop
      vertex 2.01053 -11.2859 6
      vertex 2.31746 -10.9695 6
      vertex 2.27893 -10.9841 6
    endloop
  endfacet
  facet normal 0 0 1
    outer loop
      vertex 2.01053 -11.2859 6
      vertex 2.27893 -10.9841 6
      vertex 2.2421 -11.0016 6
    endloop
  endfacet
  facet normal 0 0 1
    outer loop
      vertex 2.01053 -11.2859 6
      vertex 2.2421 -11.0016 6
      vertex 2.20709 -11.022 6
    endloop
  endfacet
  facet normal -0 0 1
    outer loop
      vertex 1.97156 -11.528 6
      vertex 2.64415 -11.954 6
      vertex 1.97467 -11.4908 6
    endloop
  endfacet
  facet normal 0 0 1
    outer loop
      vertex 2.01053 -11.2859 6
      vertex 2.20709 -11.022 6
      vertex 2.1741 -11.0452 6
    endloop
  endfacet
  facet normal 0 0 1
    outer loop
      vertex 2.01802 -11.2628 6
      vertex 2.1741 -11.0452 6
      vertex 2.14326 -11.0711 6
    endloop
  endfacet
  facet normal 0 0 1
    outer loop
      vertex 2.01802 -11.2628 6
      vertex 2.14326 -11.0711 6
      vertex 2.11476 -11.0995 6
    endloop
  endfacet
  facet normal 0 0 1
    outer loop
      vertex 2.31192 -12.149 6
      vertex 1.96887 -11.5676 6
      vertex 2.19521 -12.2189 6
    endloop
  endfacet
  facet normal 0 0 1
    outer loop
      vertex 2.01802 -11.2628 6
      vertex 2.11476 -11.0995 6
      vertex 2.08871 -11.1304 6
    endloop
  endfacet
  facet normal 0 0 1
    outer loop
      vertex 2.01802 -11.2628 6
      vertex 2.08871 -11.1304 6
      vertex 2.06531 -11.1637 6
    endloop
  endfacet
  facet normal 0 0 1
    outer loop
      vertex 2.03506 -11.2196 6
      vertex 2.06531 -11.1637 6
      vertex 2.04469 -11.1992 6
    endloop
  endfacet
  facet normal 0 0 1
    outer loop
      vertex 2.02618 -11.2407 6
      vertex 2.06531 -11.1637 6
      vertex 2.03506 -11.2196 6
    endloop
  endfacet
  facet normal 0 0 1
    outer loop
      vertex 2.01802 -11.2628 6
      vertex 2.06531 -11.1637 6
      vertex 2.02618 -11.2407 6
    endloop
  endfacet
  facet normal 0 0 1
    outer loop
      vertex 2.1741 -11.0452 6
      vertex 2.01802 -11.2628 6
      vertex 2.01053 -11.2859 6
    endloop
  endfacet
  facet normal 0 0 1
    outer loop
      vertex 2.31746 -10.9695 6
      vertex 2.01053 -11.2859 6
      vertex 2.00369 -11.3103 6
    endloop
  endfacet
  facet normal 0 0 1
    outer loop
      vertex 2.39893 -10.9496 6
      vertex 2.00369 -11.3103 6
      vertex 1.99748 -11.3361 6
    endloop
  endfacet
  facet normal 0 0 1
    outer loop
      vertex 2.19521 -12.2189 6
      vertex 1.96887 -11.5676 6
      vertex 2.09125 -12.2877 6
    endloop
  endfacet
  facet normal 0 0 1
    outer loop
      vertex 2.48526 -10.9429 6
      vertex 1.99748 -11.3361 6
      vertex 1.99185 -11.3634 6
    endloop
  endfacet
  facet normal -0 0 1
    outer loop
      vertex 1.97823 -11.4559 6
      vertex 2.74141 -11.8905 6
      vertex 1.98225 -11.4232 6
    endloop
  endfacet
  facet normal 0 0 1
    outer loop
      vertex 2.74141 -11.8905 6
      vertex 1.97823 -11.4559 6
      vertex 2.69472 -11.9231 6
    endloop
  endfacet
  facet normal -0 0 1
    outer loop
      vertex 1.97467 -11.4908 6
      vertex 2.69472 -11.9231 6
      vertex 1.97823 -11.4559 6
    endloop
  endfacet
  facet normal 0 0 1
    outer loop
      vertex 2.69472 -11.9231 6
      vertex 1.97467 -11.4908 6
      vertex 2.64415 -11.954 6
    endloop
  endfacet
  facet normal -0 0 1
    outer loop
      vertex 1.96887 -11.5676 6
      vertex 2.64415 -11.954 6
      vertex 1.97156 -11.528 6
    endloop
  endfacet
  facet normal 0 0 1
    outer loop
      vertex 2.64415 -11.954 6
      vertex 1.96887 -11.5676 6
      vertex 2.31192 -12.149 6
    endloop
  endfacet
  facet normal -0 0 1
    outer loop
      vertex 1.65108 -11.5676 6
      vertex 2.09125 -12.2877 6
      vertex 1.96887 -11.5676 6
    endloop
  endfacet
  facet normal 0 0 1
    outer loop
      vertex 2.09125 -12.2877 6
      vertex 1.65108 -11.5676 6
      vertex 1.99939 -12.3564 6
    endloop
  endfacet
  facet normal 0 0 1
    outer loop
      vertex 1.99939 -12.3564 6
      vertex 1.65108 -11.5676 6
      vertex 1.91891 -12.4261 6
    endloop
  endfacet
  facet normal 0 0 1
    outer loop
      vertex 1.91891 -12.4261 6
      vertex 1.65108 -11.5676 6
      vertex 1.84914 -12.4979 6
    endloop
  endfacet
  facet normal 0 0 1
    outer loop
      vertex 1.84914 -12.4979 6
      vertex 1.65108 -11.5676 6
      vertex 1.78937 -12.5727 6
    endloop
  endfacet
  facet normal 0 0 1
    outer loop
      vertex 1.1799 -12.9001 6
      vertex 1.78937 -12.5727 6
      vertex 1.65108 -11.5676 6
    endloop
  endfacet
  facet normal 0 0 1
    outer loop
      vertex 1.78937 -12.5727 6
      vertex 1.1799 -12.9001 6
      vertex 1.73892 -12.6517 6
    endloop
  endfacet
  facet normal 0 0 1
    outer loop
      vertex 1.73892 -12.6517 6
      vertex 1.1799 -12.9001 6
      vertex 1.69711 -12.7359 6
    endloop
  endfacet
  facet normal 0 0 1
    outer loop
      vertex 1.69711 -12.7359 6
      vertex 1.1799 -12.9001 6
      vertex 1.66322 -12.8264 6
    endloop
  endfacet
  facet normal 0 0 1
    outer loop
      vertex -0.972183 -13.2756 6
      vertex -1.95789 -14.8717 6
      vertex -0.981047 -14.9679 6
    endloop
  endfacet
  facet normal -0 0 1
    outer loop
      vertex -2.49597 -13.2756 6
      vertex -1.95789 -14.8717 6
      vertex -2.17819 -13.2756 6
    endloop
  endfacet
  facet normal 0 0 1
    outer loop
      vertex -1.95789 -14.8717 6
      vertex -2.49597 -13.2756 6
      vertex -2.92635 -14.7118 6
    endloop
  endfacet
  facet normal -0.881926 0.471389 0
    outer loop
      vertex -13.4531 6.63433 0
      vertex -12.9904 7.5 6
      vertex -12.9904 7.5 0
    endloop
  endfacet
  facet normal -0.881926 0.471389 0
    outer loop
      vertex -12.9904 7.5 6
      vertex -13.4531 6.63433 0
      vertex -13.4531 6.63433 6
    endloop
  endfacet
  facet normal -0.773014 0.634389 0
    outer loop
      vertex -11.9003 9.13142 0
      vertex -11.2776 9.89019 6
      vertex -11.2776 9.89019 0
    endloop
  endfacet
  facet normal -0.773014 0.634389 0
    outer loop
      vertex -11.2776 9.89019 6
      vertex -11.9003 9.13142 0
      vertex -11.9003 9.13142 6
    endloop
  endfacet
  facet normal 0.773014 0.634389 0
    outer loop
      vertex 11.9003 9.13142 6
      vertex 11.2776 9.89019 0
      vertex 11.2776 9.89019 6
    endloop
  endfacet
  facet normal 0.773014 0.634389 0
    outer loop
      vertex 11.2776 9.89019 0
      vertex 11.9003 9.13142 6
      vertex 11.9003 9.13142 0
    endloop
  endfacet
  facet normal -0.227082 -0.973876 0
    outer loop
      vertex -3.88229 -14.4889 0
      vertex -2.92635 -14.7118 6
      vertex -3.88229 -14.4889 6
    endloop
  endfacet
  facet normal -0.227082 -0.973876 -0
    outer loop
      vertex -2.92635 -14.7118 6
      vertex -3.88229 -14.4889 0
      vertex -2.92635 -14.7118 0
    endloop
  endfacet
  facet normal 0.849172 -0.528116 0
    outer loop
      vertex 12.472 -8.33355 6
      vertex 12.9904 -7.5 0
      vertex 12.9904 -7.5 6
    endloop
  endfacet
  facet normal 0.849172 -0.528116 0
    outer loop
      vertex 12.9904 -7.5 0
      vertex 12.472 -8.33355 6
      vertex 12.472 -8.33355 0
    endloop
  endfacet
  facet normal -0.290253 -0.95695 0
    outer loop
      vertex -4.82159 -14.204 0
      vertex -3.88229 -14.4889 6
      vertex -4.82159 -14.204 6
    endloop
  endfacet
  facet normal -0.290253 -0.95695 -0
    outer loop
      vertex -3.88229 -14.4889 6
      vertex -4.82159 -14.204 0
      vertex -3.88229 -14.4889 0
    endloop
  endfacet
  facet normal -0.973876 -0.227082 0
    outer loop
      vertex -14.4889 -3.88229 0
      vertex -14.7118 -2.92635 6
      vertex -14.7118 -2.92635 0
    endloop
  endfacet
  facet normal -0.973876 -0.227082 0
    outer loop
      vertex -14.7118 -2.92635 6
      vertex -14.4889 -3.88229 0
      vertex -14.4889 -3.88229 6
    endloop
  endfacet
  facet normal -0.528116 0.849172 0
    outer loop
      vertex -7.5 12.9904 0
      vertex -8.33355 12.472 6
      vertex -7.5 12.9904 6
    endloop
  endfacet
  facet normal -0.528116 0.849172 0
    outer loop
      vertex -8.33355 12.472 6
      vertex -7.5 12.9904 0
      vertex -8.33355 12.472 0
    endloop
  endfacet
  facet normal -0.528116 -0.849172 0
    outer loop
      vertex -8.33355 -12.472 0
      vertex -7.5 -12.9904 6
      vertex -8.33355 -12.472 6
    endloop
  endfacet
  facet normal -0.528116 -0.849172 -0
    outer loop
      vertex -7.5 -12.9904 6
      vertex -8.33355 -12.472 0
      vertex -7.5 -12.9904 0
    endloop
  endfacet
  facet normal -0.999465 0.0327026 0
    outer loop
      vertex -15 0 0
      vertex -14.9679 0.981047 6
      vertex -14.9679 0.981047 0
    endloop
  endfacet
  facet normal -0.999465 0.0327026 0
    outer loop
      vertex -14.9679 0.981047 6
      vertex -15 0 0
      vertex -15 0 6
    endloop
  endfacet
  facet normal -0.910865 0.412705 0
    outer loop
      vertex -13.8582 5.74025 0
      vertex -13.4531 6.63433 6
      vertex -13.4531 6.63433 0
    endloop
  endfacet
  facet normal -0.910865 0.412705 0
    outer loop
      vertex -13.4531 6.63433 6
      vertex -13.8582 5.74025 0
      vertex -13.8582 5.74025 6
    endloop
  endfacet
  facet normal 0.227082 0.973876 -0
    outer loop
      vertex 3.88229 14.4889 0
      vertex 2.92635 14.7118 6
      vertex 3.88229 14.4889 6
    endloop
  endfacet
  facet normal 0.227082 0.973876 0
    outer loop
      vertex 2.92635 14.7118 6
      vertex 3.88229 14.4889 0
      vertex 2.92635 14.7118 0
    endloop
  endfacet
  facet normal -0.412705 -0.910865 0
    outer loop
      vertex -6.63433 -13.4531 0
      vertex -5.74025 -13.8582 6
      vertex -6.63433 -13.4531 6
    endloop
  endfacet
  facet normal -0.412705 -0.910865 -0
    outer loop
      vertex -5.74025 -13.8582 6
      vertex -6.63433 -13.4531 0
      vertex -5.74025 -13.8582 0
    endloop
  endfacet
  facet normal 0 1 -0
    outer loop
      vertex 4.96521 -8.6 0
      vertex -4.96521 -8.6 6
      vertex 4.96521 -8.6 6
    endloop
  endfacet
  facet normal 0 1 0
    outer loop
      vertex -4.96521 -8.6 6
      vertex 4.96521 -8.6 0
      vertex -4.96521 -8.6 0
    endloop
  endfacet
  facet normal -0.866026 0.5 0
    outer loop
      vertex 4.96521 -8.6 0
      vertex 9.93042 0 6
      vertex 9.93042 0 0
    endloop
  endfacet
  facet normal -0.866026 0.5 0
    outer loop
      vertex 9.93042 0 6
      vertex 4.96521 -8.6 0
      vertex 4.96521 -8.6 6
    endloop
  endfacet
  facet normal 0 -1 0
    outer loop
      vertex -4.96521 8.6 0
      vertex 4.96521 8.6 6
      vertex -4.96521 8.6 6
    endloop
  endfacet
  facet normal 0 -1 -0
    outer loop
      vertex 4.96521 8.6 6
      vertex -4.96521 8.6 0
      vertex 4.96521 8.6 0
    endloop
  endfacet
  facet normal -0.866026 -0.5 0
    outer loop
      vertex 9.93042 0 0
      vertex 4.96521 8.6 6
      vertex 4.96521 8.6 0
    endloop
  endfacet
  facet normal -0.866026 -0.5 0
    outer loop
      vertex 4.96521 8.6 6
      vertex 9.93042 0 0
      vertex 9.93042 0 6
    endloop
  endfacet
  facet normal 0.866026 -0.5 0
    outer loop
      vertex -9.93042 0 6
      vertex -4.96521 8.6 0
      vertex -4.96521 8.6 6
    endloop
  endfacet
  facet normal 0.866026 -0.5 0
    outer loop
      vertex -4.96521 8.6 0
      vertex -9.93042 0 6
      vertex -9.93042 0 0
    endloop
  endfacet
  facet normal 0.866026 0.5 0
    outer loop
      vertex -4.96521 -8.6 6
      vertex -9.93042 0 0
      vertex -9.93042 0 6
    endloop
  endfacet
  facet normal 0.866026 0.5 0
    outer loop
      vertex -9.93042 0 0
      vertex -4.96521 -8.6 6
      vertex -4.96521 -8.6 0
    endloop
  endfacet
  facet normal -0 0 1
    outer loop
      vertex -2.52527 -10.9938 5.5
      vertex -2.49597 -11.4159 5.5
      vertex -2.49304 -10.9467 5.5
    endloop
  endfacet
  facet normal -0 0 1
    outer loop
      vertex -2.56233 -11.0334 5.5
      vertex -2.49597 -11.4159 5.5
      vertex -2.52527 -10.9938 5.5
    endloop
  endfacet
  facet normal -0 0 1
    outer loop
      vertex -2.60551 -11.0666 5.5
      vertex -2.49597 -11.4159 5.5
      vertex -2.56233 -11.0334 5.5
    endloop
  endfacet
  facet normal -0 0 1
    outer loop
      vertex -2.65604 -11.0943 5.5
      vertex -2.49597 -11.4159 5.5
      vertex -2.60551 -11.0666 5.5
    endloop
  endfacet
  facet normal -0 0 1
    outer loop
      vertex -2.71518 -11.1175 5.5
      vertex -2.49597 -11.4159 5.5
      vertex -2.65604 -11.0943 5.5
    endloop
  endfacet
  facet normal -0 0 1
    outer loop
      vertex -2.78419 -11.1371 5.5
      vertex -2.49597 -11.4159 5.5
      vertex -2.71518 -11.1175 5.5
    endloop
  endfacet
  facet normal -0 0 1
    outer loop
      vertex -2.8643 -11.1543 5.5
      vertex -2.49597 -11.4159 5.5
      vertex -2.78419 -11.1371 5.5
    endloop
  endfacet
  facet normal 0 0 1
    outer loop
      vertex -3.0629 -11.4159 5.5
      vertex -2.8643 -11.1543 5.5
      vertex -2.9568 -11.1698 5.5
    endloop
  endfacet
  facet normal 0 0 1
    outer loop
      vertex -3.0629 -11.4159 5.5
      vertex -2.9568 -11.1698 5.5
      vertex -3.0629 -11.1848 5.5
    endloop
  endfacet
  facet normal 0 0 1
    outer loop
      vertex -2.8643 -11.1543 5.5
      vertex -3.0629 -11.4159 5.5
      vertex -2.49597 -11.4159 5.5
    endloop
  endfacet
  facet normal 0 0 1
    outer loop
      vertex -2.41296 -10.7513 5.5
      vertex -2.17819 -10.6648 5.5
      vertex -2.38763 -10.6648 5.5
    endloop
  endfacet
  facet normal 0 0 1
    outer loop
      vertex -2.43816 -10.8265 5.5
      vertex -2.17819 -10.6648 5.5
      vertex -2.41296 -10.7513 5.5
    endloop
  endfacet
  facet normal 0 0 1
    outer loop
      vertex -2.46442 -10.8913 5.5
      vertex -2.17819 -10.6648 5.5
      vertex -2.43816 -10.8265 5.5
    endloop
  endfacet
  facet normal 0 0 1
    outer loop
      vertex -2.49304 -10.9467 5.5
      vertex -2.17819 -10.6648 5.5
      vertex -2.46442 -10.8913 5.5
    endloop
  endfacet
  facet normal 0 0 1
    outer loop
      vertex -2.17819 -10.6648 5.5
      vertex -2.49304 -10.9467 5.5
      vertex -2.49597 -11.4159 5.5
    endloop
  endfacet
  facet normal 0 0 1
    outer loop
      vertex -2.17819 -10.6648 5.5
      vertex -2.49597 -11.4159 5.5
      vertex -2.17819 -13.2756 5.5
    endloop
  endfacet
  facet normal 0 0 1
    outer loop
      vertex -2.17819 -13.2756 5.5
      vertex -2.49597 -11.4159 5.5
      vertex -2.49597 -13.2756 5.5
    endloop
  endfacet
  facet normal 0 0 1
    outer loop
      vertex 2.9908 -11.434 5.5
      vertex 3.3158 -11.4267 5.5
      vertex 3.31427 -11.377 5.5
    endloop
  endfacet
  facet normal -0 0 1
    outer loop
      vertex 2.98701 -11.3703 5.5
      vertex 3.31427 -11.377 5.5
      vertex 3.30972 -11.3279 5.5
    endloop
  endfacet
  facet normal 0 0 1
    outer loop
      vertex 3.3158 -11.4267 5.5
      vertex 2.9908 -11.434 5.5
      vertex 3.31253 -11.4999 5.5
    endloop
  endfacet
  facet normal 0 0 1
    outer loop
      vertex 2.98701 -11.3703 5.5
      vertex 3.30972 -11.3279 5.5
      vertex 3.30222 -11.2796 5.5
    endloop
  endfacet
  facet normal 0 0 1
    outer loop
      vertex 2.97594 -11.3096 5.5
      vertex 3.30222 -11.2796 5.5
      vertex 3.29182 -11.2322 5.5
    endloop
  endfacet
  facet normal -0 0 1
    outer loop
      vertex 2.98869 -11.4818 5.5
      vertex 3.31253 -11.4999 5.5
      vertex 2.9908 -11.434 5.5
    endloop
  endfacet
  facet normal 0 0 1
    outer loop
      vertex 2.97594 -11.3096 5.5
      vertex 3.29182 -11.2322 5.5
      vertex 3.27858 -11.1858 5.5
    endloop
  endfacet
  facet normal 0 0 1
    outer loop
      vertex 3.31253 -11.4999 5.5
      vertex 2.98869 -11.4818 5.5
      vertex 3.30276 -11.5712 5.5
    endloop
  endfacet
  facet normal 0 0 1
    outer loop
      vertex 2.95796 -11.2522 5.5
      vertex 3.27858 -11.1858 5.5
      vertex 3.26256 -11.1406 5.5
    endloop
  endfacet
  facet normal 0 0 1
    outer loop
      vertex 2.95796 -11.2522 5.5
      vertex 3.26256 -11.1406 5.5
      vertex 3.2438 -11.0966 5.5
    endloop
  endfacet
  facet normal -0 0 1
    outer loop
      vertex 2.98238 -11.5285 5.5
      vertex 3.30276 -11.5712 5.5
      vertex 2.98869 -11.4818 5.5
    endloop
  endfacet
  facet normal 0 0 1
    outer loop
      vertex 2.93347 -11.1985 5.5
      vertex 3.2438 -11.0966 5.5
      vertex 3.2224 -11.0541 5.5
    endloop
  endfacet
  facet normal 0 0 1
    outer loop
      vertex 3.30276 -11.5712 5.5
      vertex 2.98238 -11.5285 5.5
      vertex 3.28651 -11.6404 5.5
    endloop
  endfacet
  facet normal 0 0 1
    outer loop
      vertex 2.93347 -11.1985 5.5
      vertex 3.2224 -11.0541 5.5
      vertex 3.19838 -11.0131 5.5
    endloop
  endfacet
  facet normal 0 0 1
    outer loop
      vertex 2.90286 -11.1488 5.5
      vertex 3.19838 -11.0131 5.5
      vertex 3.17183 -10.9738 5.5
    endloop
  endfacet
  facet normal -0 0 1
    outer loop
      vertex 2.97189 -11.5741 5.5
      vertex 3.28651 -11.6404 5.5
      vertex 2.98238 -11.5285 5.5
    endloop
  endfacet
  facet normal 0 0 1
    outer loop
      vertex 2.90286 -11.1488 5.5
      vertex 3.17183 -10.9738 5.5
      vertex 3.14279 -10.9362 5.5
    endloop
  endfacet
  facet normal 0 0 1
    outer loop
      vertex 2.86655 -11.1036 5.5
      vertex 3.14279 -10.9362 5.5
      vertex 3.11131 -10.9006 5.5
    endloop
  endfacet
  facet normal 0 0 1
    outer loop
      vertex 3.28651 -11.6404 5.5
      vertex 2.97189 -11.5741 5.5
      vertex 3.26381 -11.7076 5.5
    endloop
  endfacet
  facet normal 0 0 1
    outer loop
      vertex 2.86655 -11.1036 5.5
      vertex 3.11131 -10.9006 5.5
      vertex 3.07748 -10.867 5.5
    endloop
  endfacet
  facet normal -0 0 1
    outer loop
      vertex 2.95728 -11.6185 5.5
      vertex 3.26381 -11.7076 5.5
      vertex 2.97189 -11.5741 5.5
    endloop
  endfacet
  facet normal 0 0 1
    outer loop
      vertex 2.86655 -11.1036 5.5
      vertex 3.07748 -10.867 5.5
      vertex 3.04182 -10.8366 5.5
    endloop
  endfacet
  facet normal 0 0 1
    outer loop
      vertex 2.82489 -11.0632 5.5
      vertex 3.04182 -10.8366 5.5
      vertex 3.00485 -10.8088 5.5
    endloop
  endfacet
  facet normal 0 0 1
    outer loop
      vertex 3.26381 -11.7076 5.5
      vertex 2.95728 -11.6185 5.5
      vertex 3.2347 -11.7727 5.5
    endloop
  endfacet
  facet normal -0 0 1
    outer loop
      vertex 2.93854 -11.6616 5.5
      vertex 3.2347 -11.7727 5.5
      vertex 2.95728 -11.6185 5.5
    endloop
  endfacet
  facet normal 0 0 1
    outer loop
      vertex 3.31427 -11.377 5.5
      vertex 2.98701 -11.3703 5.5
      vertex 2.9908 -11.434 5.5
    endloop
  endfacet
  facet normal 0 0 1
    outer loop
      vertex 3.30222 -11.2796 5.5
      vertex 2.97594 -11.3096 5.5
      vertex 2.98701 -11.3703 5.5
    endloop
  endfacet
  facet normal 0 0 1
    outer loop
      vertex 2.82489 -11.0632 5.5
      vertex 3.00485 -10.8088 5.5
      vertex 2.96649 -10.7835 5.5
    endloop
  endfacet
  facet normal 0 0 1
    outer loop
      vertex 3.27858 -11.1858 5.5
      vertex 2.95796 -11.2522 5.5
      vertex 2.97594 -11.3096 5.5
    endloop
  endfacet
  facet normal 0 0 1
    outer loop
      vertex 3.2438 -11.0966 5.5
      vertex 2.93347 -11.1985 5.5
      vertex 2.95796 -11.2522 5.5
    endloop
  endfacet
  facet normal 0 0 1
    outer loop
      vertex 2.77832 -11.028 5.5
      vertex 2.96649 -10.7835 5.5
      vertex 2.9267 -10.7607 5.5
    endloop
  endfacet
  facet normal 0 0 1
    outer loop
      vertex 3.19838 -11.0131 5.5
      vertex 2.90286 -11.1488 5.5
      vertex 2.93347 -11.1985 5.5
    endloop
  endfacet
  facet normal 0 0 1
    outer loop
      vertex 2.77832 -11.028 5.5
      vertex 2.9267 -10.7607 5.5
      vertex 2.88542 -10.7403 5.5
    endloop
  endfacet
  facet normal 0 0 1
    outer loop
      vertex 3.14279 -10.9362 5.5
      vertex 2.86655 -11.1036 5.5
      vertex 2.90286 -11.1488 5.5
    endloop
  endfacet
  facet normal 0 0 1
    outer loop
      vertex 2.7272 -10.9984 5.5
      vertex 2.88542 -10.7403 5.5
      vertex 2.84262 -10.7225 5.5
    endloop
  endfacet
  facet normal 0 0 1
    outer loop
      vertex 3.04182 -10.8366 5.5
      vertex 2.82489 -11.0632 5.5
      vertex 2.86655 -11.1036 5.5
    endloop
  endfacet
  facet normal 0 0 1
    outer loop
      vertex 2.7272 -10.9984 5.5
      vertex 2.84262 -10.7225 5.5
      vertex 2.79825 -10.707 5.5
    endloop
  endfacet
  facet normal 0 0 1
    outer loop
      vertex 2.96649 -10.7835 5.5
      vertex 2.77832 -11.028 5.5
      vertex 2.82489 -11.0632 5.5
    endloop
  endfacet
  facet normal 0 0 1
    outer loop
      vertex 2.67194 -10.9746 5.5
      vertex 2.79825 -10.707 5.5
      vertex 2.75224 -10.694 5.5
    endloop
  endfacet
  facet normal 0 0 1
    outer loop
      vertex 2.88542 -10.7403 5.5
      vertex 2.7272 -10.9984 5.5
      vertex 2.77832 -11.028 5.5
    endloop
  endfacet
  facet normal 0 0 1
    outer loop
      vertex 2.67194 -10.9746 5.5
      vertex 2.75224 -10.694 5.5
      vertex 2.70456 -10.6835 5.5
    endloop
  endfacet
  facet normal 0 0 1
    outer loop
      vertex 2.79825 -10.707 5.5
      vertex 2.67194 -10.9746 5.5
      vertex 2.7272 -10.9984 5.5
    endloop
  endfacet
  facet normal 0 0 1
    outer loop
      vertex 2.61293 -10.9572 5.5
      vertex 2.70456 -10.6835 5.5
      vertex 2.65515 -10.6753 5.5
    endloop
  endfacet
  facet normal 0 0 1
    outer loop
      vertex 2.70456 -10.6835 5.5
      vertex 2.61293 -10.9572 5.5
      vertex 2.67194 -10.9746 5.5
    endloop
  endfacet
  facet normal 0 0 1
    outer loop
      vertex 2.60396 -10.6694 5.5
      vertex 2.61293 -10.9572 5.5
      vertex 2.65515 -10.6753 5.5
    endloop
  endfacet
  facet normal 0 0 1
    outer loop
      vertex 2.55057 -10.9465 5.5
      vertex 2.60396 -10.6694 5.5
      vertex 2.55095 -10.666 5.5
    endloop
  endfacet
  facet normal 0 0 1
    outer loop
      vertex 2.60396 -10.6694 5.5
      vertex 2.55057 -10.9465 5.5
      vertex 2.61293 -10.9572 5.5
    endloop
  endfacet
  facet normal 0 0 1
    outer loop
      vertex 2.48526 -10.9429 5.5
      vertex 2.55095 -10.666 5.5
      vertex 2.49608 -10.6648 5.5
    endloop
  endfacet
  facet normal 0 0 1
    outer loop
      vertex 2.55095 -10.666 5.5
      vertex 2.48526 -10.9429 5.5
      vertex 2.55057 -10.9465 5.5
    endloop
  endfacet
  facet normal -0 0 1
    outer loop
      vertex 2.42256 -10.6668 5.5
      vertex 2.48526 -10.9429 5.5
      vertex 2.49608 -10.6648 5.5
    endloop
  endfacet
  facet normal 0 0 1
    outer loop
      vertex 2.48526 -10.9429 5.5
      vertex 2.42256 -10.6668 5.5
      vertex 2.44156 -10.9446 5.5
    endloop
  endfacet
  facet normal 0 0 1
    outer loop
      vertex 2.42256 -10.6668 5.5
      vertex 2.39893 -10.9496 5.5
      vertex 2.44156 -10.9446 5.5
    endloop
  endfacet
  facet normal -0 0 1
    outer loop
      vertex 2.35204 -10.673 5.5
      vertex 2.39893 -10.9496 5.5
      vertex 2.42256 -10.6668 5.5
    endloop
  endfacet
  facet normal 0 0 1
    outer loop
      vertex 2.39893 -10.9496 5.5
      vertex 2.35204 -10.673 5.5
      vertex 2.35751 -10.958 5.5
    endloop
  endfacet
  facet normal -0 0 1
    outer loop
      vertex 2.28456 -10.6832 5.5
      vertex 2.35751 -10.958 5.5
      vertex 2.35204 -10.673 5.5
    endloop
  endfacet
  facet normal 0 0 1
    outer loop
      vertex 2.35751 -10.958 5.5
      vertex 2.28456 -10.6832 5.5
      vertex 2.31746 -10.9695 5.5
    endloop
  endfacet
  facet normal -0 0 1
    outer loop
      vertex 2.22018 -10.6974 5.5
      vertex 2.31746 -10.9695 5.5
      vertex 2.28456 -10.6832 5.5
    endloop
  endfacet
  facet normal 0 0 1
    outer loop
      vertex 2.31746 -10.9695 5.5
      vertex 2.22018 -10.6974 5.5
      vertex 2.27893 -10.9841 5.5
    endloop
  endfacet
  facet normal -0 0 1
    outer loop
      vertex 2.15897 -10.7157 5.5
      vertex 2.27893 -10.9841 5.5
      vertex 2.22018 -10.6974 5.5
    endloop
  endfacet
  facet normal 0 0 1
    outer loop
      vertex 2.27893 -10.9841 5.5
      vertex 2.15897 -10.7157 5.5
      vertex 2.2421 -11.0016 5.5
    endloop
  endfacet
  facet normal -0 0 1
    outer loop
      vertex 2.10094 -10.7379 5.5
      vertex 2.2421 -11.0016 5.5
      vertex 2.15897 -10.7157 5.5
    endloop
  endfacet
  facet normal 0 0 1
    outer loop
      vertex 2.2421 -11.0016 5.5
      vertex 2.10094 -10.7379 5.5
      vertex 2.20709 -11.022 5.5
    endloop
  endfacet
  facet normal -0 0 1
    outer loop
      vertex 2.04614 -10.7642 5.5
      vertex 2.20709 -11.022 5.5
      vertex 2.10094 -10.7379 5.5
    endloop
  endfacet
  facet normal 0 0 1
    outer loop
      vertex 2.20709 -11.022 5.5
      vertex 2.04614 -10.7642 5.5
      vertex 2.1741 -11.0452 5.5
    endloop
  endfacet
  facet normal -0 0 1
    outer loop
      vertex 1.99464 -10.7944 5.5
      vertex 2.1741 -11.0452 5.5
      vertex 2.04614 -10.7642 5.5
    endloop
  endfacet
  facet normal -0 0 1
    outer loop
      vertex 1.94649 -10.8286 5.5
      vertex 2.1741 -11.0452 5.5
      vertex 1.99464 -10.7944 5.5
    endloop
  endfacet
  facet normal 0 0 1
    outer loop
      vertex 2.1741 -11.0452 5.5
      vertex 1.94649 -10.8286 5.5
      vertex 2.14326 -11.0711 5.5
    endloop
  endfacet
  facet normal -0 0 1
    outer loop
      vertex 1.90173 -10.8666 5.5
      vertex 2.14326 -11.0711 5.5
      vertex 1.94649 -10.8286 5.5
    endloop
  endfacet
  facet normal 0 0 1
    outer loop
      vertex 2.14326 -11.0711 5.5
      vertex 1.90173 -10.8666 5.5
      vertex 2.11476 -11.0995 5.5
    endloop
  endfacet
  facet normal -0 0 1
    outer loop
      vertex 1.86041 -10.9086 5.5
      vertex 2.11476 -11.0995 5.5
      vertex 1.90173 -10.8666 5.5
    endloop
  endfacet
  facet normal 0 0 1
    outer loop
      vertex 2.11476 -11.0995 5.5
      vertex 1.86041 -10.9086 5.5
      vertex 2.08871 -11.1304 5.5
    endloop
  endfacet
  facet normal -0 0 1
    outer loop
      vertex 1.82259 -10.9545 5.5
      vertex 2.08871 -11.1304 5.5
      vertex 1.86041 -10.9086 5.5
    endloop
  endfacet
  facet normal 0 0 1
    outer loop
      vertex 2.08871 -11.1304 5.5
      vertex 1.82259 -10.9545 5.5
      vertex 2.06531 -11.1637 5.5
    endloop
  endfacet
  facet normal -0 0 1
    outer loop
      vertex 1.7883 -11.0042 5.5
      vertex 2.06531 -11.1637 5.5
      vertex 1.82259 -10.9545 5.5
    endloop
  endfacet
  facet normal 0 0 1
    outer loop
      vertex 2.06531 -11.1637 5.5
      vertex 1.7883 -11.0042 5.5
      vertex 2.04469 -11.1992 5.5
    endloop
  endfacet
  facet normal -0 0 1
    outer loop
      vertex 1.76836 -11.0364 5.5
      vertex 2.04469 -11.1992 5.5
      vertex 1.7883 -11.0042 5.5
    endloop
  endfacet
  facet normal -0 0 1
    outer loop
      vertex 1.75015 -11.0697 5.5
      vertex 2.04469 -11.1992 5.5
      vertex 1.76836 -11.0364 5.5
    endloop
  endfacet
  facet normal 0 0 1
    outer loop
      vertex 2.04469 -11.1992 5.5
      vertex 1.75015 -11.0697 5.5
      vertex 2.03506 -11.2196 5.5
    endloop
  endfacet
  facet normal -0 0 1
    outer loop
      vertex 1.73366 -11.1042 5.5
      vertex 2.03506 -11.2196 5.5
      vertex 1.75015 -11.0697 5.5
    endloop
  endfacet
  facet normal 0 0 1
    outer loop
      vertex 2.03506 -11.2196 5.5
      vertex 1.73366 -11.1042 5.5
      vertex 2.02618 -11.2407 5.5
    endloop
  endfacet
  facet normal -0 0 1
    outer loop
      vertex 1.7188 -11.1403 5.5
      vertex 2.02618 -11.2407 5.5
      vertex 1.73366 -11.1042 5.5
    endloop
  endfacet
  facet normal 0 0 1
    outer loop
      vertex 2.02618 -11.2407 5.5
      vertex 1.7188 -11.1403 5.5
      vertex 2.01802 -11.2628 5.5
    endloop
  endfacet
  facet normal -0 0 1
    outer loop
      vertex 1.70555 -11.1781 5.5
      vertex 2.01802 -11.2628 5.5
      vertex 1.7188 -11.1403 5.5
    endloop
  endfacet
  facet normal 0 0 1
    outer loop
      vertex 2.01802 -11.2628 5.5
      vertex 1.70555 -11.1781 5.5
      vertex 2.01053 -11.2859 5.5
    endloop
  endfacet
  facet normal -0 0 1
    outer loop
      vertex 1.69383 -11.2179 5.5
      vertex 2.01053 -11.2859 5.5
      vertex 1.70555 -11.1781 5.5
    endloop
  endfacet
  facet normal 0 0 1
    outer loop
      vertex 2.01053 -11.2859 5.5
      vertex 1.69383 -11.2179 5.5
      vertex 2.00369 -11.3103 5.5
    endloop
  endfacet
  facet normal -0 0 1
    outer loop
      vertex 1.68362 -11.2597 5.5
      vertex 2.00369 -11.3103 5.5
      vertex 1.69383 -11.2179 5.5
    endloop
  endfacet
  facet normal 0 0 1
    outer loop
      vertex 2.00369 -11.3103 5.5
      vertex 1.68362 -11.2597 5.5
      vertex 1.99748 -11.3361 5.5
    endloop
  endfacet
  facet normal -0 0 1
    outer loop
      vertex 1.67487 -11.304 5.5
      vertex 1.99748 -11.3361 5.5
      vertex 1.68362 -11.2597 5.5
    endloop
  endfacet
  facet normal 0 0 1
    outer loop
      vertex 1.99748 -11.3361 5.5
      vertex 1.67487 -11.304 5.5
      vertex 1.99185 -11.3634 5.5
    endloop
  endfacet
  facet normal 0 0 1
    outer loop
      vertex 1.99185 -11.3634 5.5
      vertex 1.67487 -11.304 5.5
      vertex 1.98679 -11.3924 5.5
    endloop
  endfacet
  facet normal -0 0 1
    outer loop
      vertex 1.6675 -11.3508 5.5
      vertex 1.98679 -11.3924 5.5
      vertex 1.67487 -11.304 5.5
    endloop
  endfacet
  facet normal 0 0 1
    outer loop
      vertex 1.98679 -11.3924 5.5
      vertex 1.6675 -11.3508 5.5
      vertex 1.98225 -11.4232 5.5
    endloop
  endfacet
  facet normal -0 0 1
    outer loop
      vertex 1.66148 -11.4003 5.5
      vertex 1.98225 -11.4232 5.5
      vertex 1.6675 -11.3508 5.5
    endloop
  endfacet
  facet normal 0 0 1
    outer loop
      vertex 1.98225 -11.4232 5.5
      vertex 1.66148 -11.4003 5.5
      vertex 1.97823 -11.4559 5.5
    endloop
  endfacet
  facet normal -0 0 1
    outer loop
      vertex 1.65678 -11.4528 5.5
      vertex 1.97823 -11.4559 5.5
      vertex 1.66148 -11.4003 5.5
    endloop
  endfacet
  facet normal 0 0 1
    outer loop
      vertex 1.97823 -11.4559 5.5
      vertex 1.65678 -11.4528 5.5
      vertex 1.97467 -11.4908 5.5
    endloop
  endfacet
  facet normal 0 0 1
    outer loop
      vertex 1.65332 -11.5085 5.5
      vertex 1.97467 -11.4908 5.5
      vertex 1.65678 -11.4528 5.5
    endloop
  endfacet
  facet normal 0 0 1
    outer loop
      vertex 1.97467 -11.4908 5.5
      vertex 1.65332 -11.5085 5.5
      vertex 1.97156 -11.528 5.5
    endloop
  endfacet
  facet normal 0 0 1
    outer loop
      vertex 1.97156 -11.528 5.5
      vertex 1.65332 -11.5085 5.5
      vertex 1.96887 -11.5676 5.5
    endloop
  endfacet
  facet normal 0 0 1
    outer loop
      vertex 1.96887 -11.5676 5.5
      vertex 1.65332 -11.5085 5.5
      vertex 1.65108 -11.5676 5.5
    endloop
  endfacet
  facet normal 0 0 1
    outer loop
      vertex 3.2347 -11.7727 5.5
      vertex 2.93854 -11.6616 5.5
      vertex 3.19917 -11.8357 5.5
    endloop
  endfacet
  facet normal -0 0 1
    outer loop
      vertex 2.91571 -11.7034 5.5
      vertex 3.19917 -11.8357 5.5
      vertex 2.93854 -11.6616 5.5
    endloop
  endfacet
  facet normal 0 0 1
    outer loop
      vertex 3.19917 -11.8357 5.5
      vertex 2.91571 -11.7034 5.5
      vertex 3.1573 -11.8965 5.5
    endloop
  endfacet
  facet normal -0 0 1
    outer loop
      vertex 2.88884 -11.7438 5.5
      vertex 3.1573 -11.8965 5.5
      vertex 2.91571 -11.7034 5.5
    endloop
  endfacet
  facet normal 0 0 1
    outer loop
      vertex 3.1573 -11.8965 5.5
      vertex 2.88884 -11.7438 5.5
      vertex 3.1091 -11.9552 5.5
    endloop
  endfacet
  facet normal -0 0 1
    outer loop
      vertex 2.85794 -11.7828 5.5
      vertex 3.1091 -11.9552 5.5
      vertex 2.88884 -11.7438 5.5
    endloop
  endfacet
  facet normal 0 0 1
    outer loop
      vertex 3.1091 -11.9552 5.5
      vertex 2.85794 -11.7828 5.5
      vertex 3.0546 -12.0116 5.5
    endloop
  endfacet
  facet normal -0 0 1
    outer loop
      vertex 2.82306 -11.8203 5.5
      vertex 3.0546 -12.0116 5.5
      vertex 2.85794 -11.7828 5.5
    endloop
  endfacet
  facet normal 0 0 1
    outer loop
      vertex 3.0546 -12.0116 5.5
      vertex 2.82306 -11.8203 5.5
      vertex 2.99382 -12.0657 5.5
    endloop
  endfacet
  facet normal -0 0 1
    outer loop
      vertex 2.78419 -11.8562 5.5
      vertex 2.99382 -12.0657 5.5
      vertex 2.82306 -11.8203 5.5
    endloop
  endfacet
  facet normal 0 0 1
    outer loop
      vertex 2.99382 -12.0657 5.5
      vertex 2.78419 -11.8562 5.5
      vertex 2.92679 -12.1175 5.5
    endloop
  endfacet
  facet normal -0 0 1
    outer loop
      vertex 2.74141 -11.8905 5.5
      vertex 2.92679 -12.1175 5.5
      vertex 2.78419 -11.8562 5.5
    endloop
  endfacet
  facet normal 0 0 1
    outer loop
      vertex 2.92679 -12.1175 5.5
      vertex 2.74141 -11.8905 5.5
      vertex 2.85356 -12.1669 5.5
    endloop
  endfacet
  facet normal -0 0 1
    outer loop
      vertex 2.69472 -11.9231 5.5
      vertex 2.85356 -12.1669 5.5
      vertex 2.74141 -11.8905 5.5
    endloop
  endfacet
  facet normal -0 0 1
    outer loop
      vertex 2.64415 -11.954 5.5
      vertex 2.85356 -12.1669 5.5
      vertex 2.69472 -11.9231 5.5
    endloop
  endfacet
  facet normal 0 0 1
    outer loop
      vertex 2.85356 -12.1669 5.5
      vertex 2.64415 -11.954 5.5
      vertex 2.77414 -12.214 5.5
    endloop
  endfacet
  facet normal -0 0 1
    outer loop
      vertex 2.31192 -12.149 5.5
      vertex 2.77414 -12.214 5.5
      vertex 2.64415 -11.954 5.5
    endloop
  endfacet
  facet normal 0 0 1
    outer loop
      vertex 2.77414 -12.214 5.5
      vertex 2.31192 -12.149 5.5
      vertex 2.41302 -12.4162 5.5
    endloop
  endfacet
  facet normal -0 0 1
    outer loop
      vertex 2.19521 -12.2189 5.5
      vertex 2.41302 -12.4162 5.5
      vertex 2.31192 -12.149 5.5
    endloop
  endfacet
  facet normal 0 0 1
    outer loop
      vertex 2.41302 -12.4162 5.5
      vertex 2.19521 -12.2189 5.5
      vertex 2.34401 -12.4594 5.5
    endloop
  endfacet
  facet normal 0 0 1
    outer loop
      vertex 2.34401 -12.4594 5.5
      vertex 2.19521 -12.2189 5.5
      vertex 2.28171 -12.5011 5.5
    endloop
  endfacet
  facet normal -0 0 1
    outer loop
      vertex 2.09125 -12.2877 5.5
      vertex 2.28171 -12.5011 5.5
      vertex 2.19521 -12.2189 5.5
    endloop
  endfacet
  facet normal 0 0 1
    outer loop
      vertex 2.28171 -12.5011 5.5
      vertex 2.09125 -12.2877 5.5
      vertex 2.22585 -12.5417 5.5
    endloop
  endfacet
  facet normal -0 0 1
    outer loop
      vertex 1.99939 -12.3564 5.5
      vertex 2.22585 -12.5417 5.5
      vertex 2.09125 -12.2877 5.5
    endloop
  endfacet
  facet normal 0 0 1
    outer loop
      vertex 2.22585 -12.5417 5.5
      vertex 1.99939 -12.3564 5.5
      vertex 2.17607 -12.5813 5.5
    endloop
  endfacet
  facet normal 0 0 1
    outer loop
      vertex 2.17607 -12.5813 5.5
      vertex 1.99939 -12.3564 5.5
      vertex 2.1321 -12.6206 5.5
    endloop
  endfacet
  facet normal -0 0 1
    outer loop
      vertex 1.91891 -12.4261 5.5
      vertex 2.1321 -12.6206 5.5
      vertex 1.99939 -12.3564 5.5
    endloop
  endfacet
  facet normal 0 0 1
    outer loop
      vertex 2.1321 -12.6206 5.5
      vertex 1.91891 -12.4261 5.5
      vertex 2.0936 -12.6597 5.5
    endloop
  endfacet
  facet normal -0 0 1
    outer loop
      vertex 1.84914 -12.4979 5.5
      vertex 2.0936 -12.6597 5.5
      vertex 1.91891 -12.4261 5.5
    endloop
  endfacet
  facet normal 0 0 1
    outer loop
      vertex 2.0936 -12.6597 5.5
      vertex 1.84914 -12.4979 5.5
      vertex 2.06024 -12.6991 5.5
    endloop
  endfacet
  facet normal -0 0 1
    outer loop
      vertex 1.78937 -12.5727 5.5
      vertex 2.06024 -12.6991 5.5
      vertex 1.84914 -12.4979 5.5
    endloop
  endfacet
  facet normal 0 0 1
    outer loop
      vertex 2.06024 -12.6991 5.5
      vertex 1.78937 -12.5727 5.5
      vertex 2.03174 -12.7391 5.5
    endloop
  endfacet
  facet normal 0 0 1
    outer loop
      vertex 2.03174 -12.7391 5.5
      vertex 1.78937 -12.5727 5.5
      vertex 2.00777 -12.7801 5.5
    endloop
  endfacet
  facet normal -0 0 1
    outer loop
      vertex 1.73892 -12.6517 5.5
      vertex 2.00777 -12.7801 5.5
      vertex 1.78937 -12.5727 5.5
    endloop
  endfacet
  facet normal 0 0 1
    outer loop
      vertex 2.00777 -12.7801 5.5
      vertex 1.73892 -12.6517 5.5
      vertex 1.98799 -12.8225 5.5
    endloop
  endfacet
  facet normal -0 0 1
    outer loop
      vertex 1.95081 -12.9615 5.5
      vertex 3.29776 -13.272 5.5
      vertex 3.29776 -12.9615 5.5
    endloop
  endfacet
  facet normal -0 0 1
    outer loop
      vertex 1.69711 -12.7359 5.5
      vertex 1.98799 -12.8225 5.5
      vertex 1.73892 -12.6517 5.5
    endloop
  endfacet
  facet normal 0 0 1
    outer loop
      vertex 1.98799 -12.8225 5.5
      vertex 1.69711 -12.7359 5.5
      vertex 1.97212 -12.8666 5.5
    endloop
  endfacet
  facet normal -0 0 1
    outer loop
      vertex 1.66322 -12.8264 5.5
      vertex 1.97212 -12.8666 5.5
      vertex 1.69711 -12.7359 5.5
    endloop
  endfacet
  facet normal 0 0 1
    outer loop
      vertex 1.97212 -12.8666 5.5
      vertex 1.66322 -12.8264 5.5
      vertex 1.95982 -12.9128 5.5
    endloop
  endfacet
  facet normal 0 0 1
    outer loop
      vertex 1.95982 -12.9128 5.5
      vertex 1.66322 -12.8264 5.5
      vertex 1.95081 -12.9615 5.5
    endloop
  endfacet
  facet normal -0 0 1
    outer loop
      vertex 1.6366 -12.9242 5.5
      vertex 1.95081 -12.9615 5.5
      vertex 1.66322 -12.8264 5.5
    endloop
  endfacet
  facet normal 0 0 1
    outer loop
      vertex 1.61653 -13.0303 5.5
      vertex 1.95081 -12.9615 5.5
      vertex 1.6366 -12.9242 5.5
    endloop
  endfacet
  facet normal 0 0 1
    outer loop
      vertex 1.60233 -13.1459 5.5
      vertex 1.95081 -12.9615 5.5
      vertex 1.61653 -13.0303 5.5
    endloop
  endfacet
  facet normal 0 0 1
    outer loop
      vertex 1.59331 -13.272 5.5
      vertex 1.95081 -12.9615 5.5
      vertex 1.60233 -13.1459 5.5
    endloop
  endfacet
  facet normal 0 0 1
    outer loop
      vertex 1.95081 -12.9615 5.5
      vertex 1.59331 -13.272 5.5
      vertex 3.29776 -13.272 5.5
    endloop
  endfacet
  facet normal 0 0 1
    outer loop
      vertex 0.0786133 -11.0295 5.5
      vertex 0.407227 -10.9826 5.5
      vertex 0.407227 -10.7154 5.5
    endloop
  endfacet
  facet normal 0 0 1
    outer loop
      vertex 0.407227 -10.9826 5.5
      vertex 0.0786133 -11.0295 5.5
      vertex 0.278412 -11.159 5.5
    endloop
  endfacet
  facet normal 0 0 1
    outer loop
      vertex 0.278412 -11.159 5.5
      vertex 0.0786133 -11.0295 5.5
      vertex 0.158493 -11.3336 5.5
    endloop
  endfacet
  facet normal -0 0 1
    outer loop
      vertex -1.30441 -10.7154 5.5
      vertex 0.0786133 -11.0295 5.5
      vertex 0.407227 -10.7154 5.5
    endloop
  endfacet
  facet normal 0 0 1
    outer loop
      vertex 0.0786133 -11.0295 5.5
      vertex -1.30441 -10.7154 5.5
      vertex -1.30441 -11.0295 5.5
    endloop
  endfacet
  facet normal -0 0 1
    outer loop
      vertex -0.0559235 -11.2247 5.5
      vertex 0.158493 -11.3336 5.5
      vertex 0.0786133 -11.0295 5.5
    endloop
  endfacet
  facet normal 0 0 1
    outer loop
      vertex 0.158493 -11.3336 5.5
      vertex -0.0559235 -11.2247 5.5
      vertex 0.0472565 -11.5069 5.5
    endloop
  endfacet
  facet normal -0 0 1
    outer loop
      vertex -0.178497 -11.4097 5.5
      vertex 0.0472565 -11.5069 5.5
      vertex -0.0559235 -11.2247 5.5
    endloop
  endfacet
  facet normal 0 0 1
    outer loop
      vertex 0.0472565 -11.5069 5.5
      vertex -0.178497 -11.4097 5.5
      vertex -0.055481 -11.6794 5.5
    endloop
  endfacet
  facet normal -0 0 1
    outer loop
      vertex -0.289902 -11.5863 5.5
      vertex -0.055481 -11.6794 5.5
      vertex -0.178497 -11.4097 5.5
    endloop
  endfacet
  facet normal 0 0 1
    outer loop
      vertex -0.055481 -11.6794 5.5
      vertex -0.289902 -11.5863 5.5
      vertex -0.149948 -11.8515 5.5
    endloop
  endfacet
  facet normal -0 0 1
    outer loop
      vertex -0.390976 -11.7562 5.5
      vertex -0.149948 -11.8515 5.5
      vertex -0.289902 -11.5863 5.5
    endloop
  endfacet
  facet normal 0 0 1
    outer loop
      vertex -0.149948 -11.8515 5.5
      vertex -0.390976 -11.7562 5.5
      vertex -0.236359 -12.0238 5.5
    endloop
  endfacet
  facet normal -0 0 1
    outer loop
      vertex -0.482529 -11.9212 5.5
      vertex -0.236359 -12.0238 5.5
      vertex -0.390976 -11.7562 5.5
    endloop
  endfacet
  facet normal 0 0 1
    outer loop
      vertex -0.236359 -12.0238 5.5
      vertex -0.482529 -11.9212 5.5
      vertex -0.314911 -12.1967 5.5
    endloop
  endfacet
  facet normal -0 0 1
    outer loop
      vertex -0.565414 -12.0831 5.5
      vertex -0.314911 -12.1967 5.5
      vertex -0.482529 -11.9212 5.5
    endloop
  endfacet
  facet normal 0 0 1
    outer loop
      vertex -0.640442 -12.2436 5.5
      vertex -0.314911 -12.1967 5.5
      vertex -0.565414 -12.0831 5.5
    endloop
  endfacet
  facet normal 0 0 1
    outer loop
      vertex -0.314911 -12.1967 5.5
      vertex -0.640442 -12.2436 5.5
      vertex -0.385803 -12.3708 5.5
    endloop
  endfacet
  facet normal 0 0 1
    outer loop
      vertex -0.708466 -12.4044 5.5
      vertex -0.385803 -12.3708 5.5
      vertex -0.640442 -12.2436 5.5
    endloop
  endfacet
  facet normal 0 0 1
    outer loop
      vertex -0.385803 -12.3708 5.5
      vertex -0.708466 -12.4044 5.5
      vertex -0.449265 -12.5465 5.5
    endloop
  endfacet
  facet normal 0 0 1
    outer loop
      vertex -0.770279 -12.5674 5.5
      vertex -0.449265 -12.5465 5.5
      vertex -0.708466 -12.4044 5.5
    endloop
  endfacet
  facet normal 0 0 1
    outer loop
      vertex -0.449265 -12.5465 5.5
      vertex -0.770279 -12.5674 5.5
      vertex -0.505478 -12.7244 5.5
    endloop
  endfacet
  facet normal 0 0 1
    outer loop
      vertex -0.826736 -12.7343 5.5
      vertex -0.505478 -12.7244 5.5
      vertex -0.770279 -12.5674 5.5
    endloop
  endfacet
  facet normal 0 0 1
    outer loop
      vertex -0.505478 -12.7244 5.5
      vertex -0.826736 -12.7343 5.5
      vertex -0.554657 -12.9048 5.5
    endloop
  endfacet
  facet normal 0 0 1
    outer loop
      vertex -0.878647 -12.9067 5.5
      vertex -0.554657 -12.9048 5.5
      vertex -0.826736 -12.7343 5.5
    endloop
  endfacet
  facet normal 0 0 1
    outer loop
      vertex -0.554657 -12.9048 5.5
      vertex -0.878647 -12.9067 5.5
      vertex -0.597015 -13.0884 5.5
    endloop
  endfacet
  facet normal -0 0 1
    outer loop
      vertex -0.926849 -13.0866 5.5
      vertex -0.597015 -13.0884 5.5
      vertex -0.878647 -12.9067 5.5
    endloop
  endfacet
  facet normal 0 0 1
    outer loop
      vertex -0.597015 -13.0884 5.5
      vertex -0.926849 -13.0866 5.5
      vertex -0.632751 -13.2756 5.5
    endloop
  endfacet
  facet normal 0 0 1
    outer loop
      vertex -0.632751 -13.2756 5.5
      vertex -0.926849 -13.0866 5.5
      vertex -0.972183 -13.2756 5.5
    endloop
  endfacet
  facet normal -0 0 1
    outer loop
      vertex 0.804337 -12.9001 5.5
      vertex 1.1799 -13.2756 5.5
      vertex 1.1799 -12.9001 5.5
    endloop
  endfacet
  facet normal 0 0 1
    outer loop
      vertex 1.1799 -13.2756 5.5
      vertex 0.804337 -12.9001 5.5
      vertex 0.804337 -13.2756 5.5
    endloop
  endfacet
  facet normal 0 -1 0
    outer loop
      vertex -2.38763 -10.6648 5.5
      vertex -2.17819 -10.6648 6
      vertex -2.38763 -10.6648 6
    endloop
  endfacet
  facet normal 0 -1 -0
    outer loop
      vertex -2.17819 -10.6648 6
      vertex -2.38763 -10.6648 5.5
      vertex -2.17819 -10.6648 5.5
    endloop
  endfacet
  facet normal 0.959699 -0.281031 0
    outer loop
      vertex -2.41296 -10.7513 6
      vertex -2.38763 -10.6648 5.5
      vertex -2.38763 -10.6648 6
    endloop
  endfacet
  facet normal 0.959699 -0.281031 0
    outer loop
      vertex -2.38763 -10.6648 5.5
      vertex -2.41296 -10.7513 6
      vertex -2.41296 -10.7513 5.5
    endloop
  endfacet
  facet normal 0.948178 -0.31774 0
    outer loop
      vertex -2.43816 -10.8265 6
      vertex -2.41296 -10.7513 5.5
      vertex -2.41296 -10.7513 6
    endloop
  endfacet
  facet normal 0.948178 -0.31774 0
    outer loop
      vertex -2.41296 -10.7513 5.5
      vertex -2.43816 -10.8265 6
      vertex -2.43816 -10.8265 5.5
    endloop
  endfacet
  facet normal 0.92679 -0.375579 0
    outer loop
      vertex -2.46442 -10.8913 6
      vertex -2.43816 -10.8265 5.5
      vertex -2.43816 -10.8265 6
    endloop
  endfacet
  facet normal 0.92679 -0.375579 0
    outer loop
      vertex -2.43816 -10.8265 5.5
      vertex -2.46442 -10.8913 6
      vertex -2.46442 -10.8913 5.5
    endloop
  endfacet
  facet normal 0.888448 -0.458978 0
    outer loop
      vertex -2.49304 -10.9467 6
      vertex -2.46442 -10.8913 5.5
      vertex -2.46442 -10.8913 6
    endloop
  endfacet
  facet normal 0.888448 -0.458978 0
    outer loop
      vertex -2.46442 -10.8913 5.5
      vertex -2.49304 -10.9467 6
      vertex -2.49304 -10.9467 5.5
    endloop
  endfacet
  facet normal 0.825277 -0.564728 0
    outer loop
      vertex -2.52527 -10.9938 6
      vertex -2.49304 -10.9467 5.5
      vertex -2.49304 -10.9467 6
    endloop
  endfacet
  facet normal 0.825277 -0.564728 0
    outer loop
      vertex -2.49304 -10.9467 5.5
      vertex -2.52527 -10.9938 6
      vertex -2.52527 -10.9938 5.5
    endloop
  endfacet
  facet normal 0.730135 -0.683303 0
    outer loop
      vertex -2.56233 -11.0334 6
      vertex -2.52527 -10.9938 5.5
      vertex -2.52527 -10.9938 6
    endloop
  endfacet
  facet normal 0.730135 -0.683303 0
    outer loop
      vertex -2.52527 -10.9938 5.5
      vertex -2.56233 -11.0334 6
      vertex -2.56233 -11.0334 5.5
    endloop
  endfacet
  facet normal 0.609533 -0.79276 0
    outer loop
      vertex -2.60551 -11.0666 5.5
      vertex -2.56233 -11.0334 6
      vertex -2.60551 -11.0666 6
    endloop
  endfacet
  facet normal 0.609533 -0.79276 0
    outer loop
      vertex -2.56233 -11.0334 6
      vertex -2.60551 -11.0666 5.5
      vertex -2.56233 -11.0334 5.5
    endloop
  endfacet
  facet normal 0.480699 -0.876886 0
    outer loop
      vertex -2.65604 -11.0943 5.5
      vertex -2.60551 -11.0666 6
      vertex -2.65604 -11.0943 6
    endloop
  endfacet
  facet normal 0.480699 -0.876886 0
    outer loop
      vertex -2.60551 -11.0666 6
      vertex -2.65604 -11.0943 5.5
      vertex -2.60551 -11.0666 5.5
    endloop
  endfacet
  facet normal 0.365195 -0.930931 0
    outer loop
      vertex -2.71518 -11.1175 5.5
      vertex -2.65604 -11.0943 6
      vertex -2.71518 -11.1175 6
    endloop
  endfacet
  facet normal 0.365195 -0.930931 0
    outer loop
      vertex -2.65604 -11.0943 6
      vertex -2.71518 -11.1175 5.5
      vertex -2.65604 -11.0943 5.5
    endloop
  endfacet
  facet normal 0.273211 -0.961954 0
    outer loop
      vertex -2.78419 -11.1371 5.5
      vertex -2.71518 -11.1175 6
      vertex -2.78419 -11.1371 6
    endloop
  endfacet
  facet normal 0.273211 -0.961954 0
    outer loop
      vertex -2.71518 -11.1175 6
      vertex -2.78419 -11.1371 5.5
      vertex -2.71518 -11.1175 5.5
    endloop
  endfacet
  facet normal 0.209921 -0.977718 0
    outer loop
      vertex -2.8643 -11.1543 5.5
      vertex -2.78419 -11.1371 6
      vertex -2.8643 -11.1543 6
    endloop
  endfacet
  facet normal 0.209921 -0.977718 0
    outer loop
      vertex -2.78419 -11.1371 6
      vertex -2.8643 -11.1543 5.5
      vertex -2.78419 -11.1371 5.5
    endloop
  endfacet
  facet normal 0.165263 -0.986249 0
    outer loop
      vertex -2.9568 -11.1698 5.5
      vertex -2.8643 -11.1543 6
      vertex -2.9568 -11.1698 6
    endloop
  endfacet
  facet normal 0.165263 -0.986249 0
    outer loop
      vertex -2.8643 -11.1543 6
      vertex -2.9568 -11.1698 5.5
      vertex -2.8643 -11.1543 5.5
    endloop
  endfacet
  facet normal 0.139984 -0.990154 0
    outer loop
      vertex -3.0629 -11.1848 5.5
      vertex -2.9568 -11.1698 6
      vertex -3.0629 -11.1848 6
    endloop
  endfacet
  facet normal 0.139984 -0.990154 0
    outer loop
      vertex -2.9568 -11.1698 6
      vertex -3.0629 -11.1848 5.5
      vertex -2.9568 -11.1698 5.5
    endloop
  endfacet
  facet normal 1 -0 0
    outer loop
      vertex -3.0629 -11.4159 6
      vertex -3.0629 -11.1848 5.5
      vertex -3.0629 -11.1848 6
    endloop
  endfacet
  facet normal 1 0 0
    outer loop
      vertex -3.0629 -11.1848 5.5
      vertex -3.0629 -11.4159 6
      vertex -3.0629 -11.4159 5.5
    endloop
  endfacet
  facet normal 0 1 -0
    outer loop
      vertex -2.49597 -11.4159 5.5
      vertex -3.0629 -11.4159 6
      vertex -2.49597 -11.4159 6
    endloop
  endfacet
  facet normal 0 1 0
    outer loop
      vertex -3.0629 -11.4159 6
      vertex -2.49597 -11.4159 5.5
      vertex -3.0629 -11.4159 5.5
    endloop
  endfacet
  facet normal 1 -0 0
    outer loop
      vertex -2.49597 -13.2756 6
      vertex -2.49597 -11.4159 5.5
      vertex -2.49597 -11.4159 6
    endloop
  endfacet
  facet normal 1 0 0
    outer loop
      vertex -2.49597 -11.4159 5.5
      vertex -2.49597 -13.2756 6
      vertex -2.49597 -13.2756 5.5
    endloop
  endfacet
  facet normal 0 1 -0
    outer loop
      vertex -2.17819 -13.2756 5.5
      vertex -2.49597 -13.2756 6
      vertex -2.17819 -13.2756 6
    endloop
  endfacet
  facet normal 0 1 0
    outer loop
      vertex -2.49597 -13.2756 6
      vertex -2.17819 -13.2756 5.5
      vertex -2.49597 -13.2756 5.5
    endloop
  endfacet
  facet normal -1 0 0
    outer loop
      vertex -2.17819 -13.2756 5.5
      vertex -2.17819 -10.6648 6
      vertex -2.17819 -10.6648 5.5
    endloop
  endfacet
  facet normal -1 -0 0
    outer loop
      vertex -2.17819 -10.6648 6
      vertex -2.17819 -13.2756 5.5
      vertex -2.17819 -13.2756 6
    endloop
  endfacet
  facet normal 0 -1 0
    outer loop
      vertex 1.95081 -12.9615 5.5
      vertex 3.29776 -12.9615 6
      vertex 1.95081 -12.9615 6
    endloop
  endfacet
  facet normal 0 -1 -0
    outer loop
      vertex 3.29776 -12.9615 6
      vertex 1.95081 -12.9615 5.5
      vertex 3.29776 -12.9615 5.5
    endloop
  endfacet
  facet normal -0.983313 0.181923 0
    outer loop
      vertex 1.95081 -12.9615 5.5
      vertex 1.95982 -12.9128 6
      vertex 1.95982 -12.9128 5.5
    endloop
  endfacet
  facet normal -0.983313 0.181923 0
    outer loop
      vertex 1.95982 -12.9128 6
      vertex 1.95081 -12.9615 5.5
      vertex 1.95081 -12.9615 6
    endloop
  endfacet
  facet normal -0.966339 0.257272 0
    outer loop
      vertex 1.95982 -12.9128 5.5
      vertex 1.97212 -12.8666 6
      vertex 1.97212 -12.8666 5.5
    endloop
  endfacet
  facet normal -0.966339 0.257272 0
    outer loop
      vertex 1.97212 -12.8666 6
      vertex 1.95982 -12.9128 5.5
      vertex 1.95982 -12.9128 6
    endloop
  endfacet
  facet normal -0.940928 0.338606 0
    outer loop
      vertex 1.97212 -12.8666 5.5
      vertex 1.98799 -12.8225 6
      vertex 1.98799 -12.8225 5.5
    endloop
  endfacet
  facet normal -0.940928 0.338606 0
    outer loop
      vertex 1.98799 -12.8225 6
      vertex 1.97212 -12.8666 5.5
      vertex 1.97212 -12.8666 6
    endloop
  endfacet
  facet normal -0.906238 0.422768 0
    outer loop
      vertex 1.98799 -12.8225 5.5
      vertex 2.00777 -12.7801 6
      vertex 2.00777 -12.7801 5.5
    endloop
  endfacet
  facet normal -0.906238 0.422768 0
    outer loop
      vertex 2.00777 -12.7801 6
      vertex 1.98799 -12.8225 5.5
      vertex 1.98799 -12.8225 6
    endloop
  endfacet
  facet normal -0.86329 0.504709 0
    outer loop
      vertex 2.00777 -12.7801 5.5
      vertex 2.03174 -12.7391 6
      vertex 2.03174 -12.7391 5.5
    endloop
  endfacet
  facet normal -0.86329 0.504709 0
    outer loop
      vertex 2.03174 -12.7391 6
      vertex 2.00777 -12.7801 5.5
      vertex 2.00777 -12.7801 6
    endloop
  endfacet
  facet normal -0.814421 0.580275 0
    outer loop
      vertex 2.03174 -12.7391 5.5
      vertex 2.06024 -12.6991 6
      vertex 2.06024 -12.6991 5.5
    endloop
  endfacet
  facet normal -0.814421 0.580275 0
    outer loop
      vertex 2.06024 -12.6991 6
      vertex 2.03174 -12.7391 5.5
      vertex 2.03174 -12.7391 6
    endloop
  endfacet
  facet normal -0.763181 0.646185 0
    outer loop
      vertex 2.06024 -12.6991 5.5
      vertex 2.0936 -12.6597 6
      vertex 2.0936 -12.6597 5.5
    endloop
  endfacet
  facet normal -0.763181 0.646185 0
    outer loop
      vertex 2.0936 -12.6597 6
      vertex 2.06024 -12.6991 5.5
      vertex 2.06024 -12.6991 6
    endloop
  endfacet
  facet normal -0.712553 0.701618 0
    outer loop
      vertex 2.0936 -12.6597 5.5
      vertex 2.1321 -12.6206 6
      vertex 2.1321 -12.6206 5.5
    endloop
  endfacet
  facet normal -0.712553 0.701618 0
    outer loop
      vertex 2.1321 -12.6206 6
      vertex 2.0936 -12.6597 5.5
      vertex 2.0936 -12.6597 6
    endloop
  endfacet
  facet normal -0.666403 0.745592 0
    outer loop
      vertex 2.17607 -12.5813 5.5
      vertex 2.1321 -12.6206 6
      vertex 2.17607 -12.5813 6
    endloop
  endfacet
  facet normal -0.666403 0.745592 0
    outer loop
      vertex 2.1321 -12.6206 6
      vertex 2.17607 -12.5813 5.5
      vertex 2.1321 -12.6206 5.5
    endloop
  endfacet
  facet normal -0.622545 0.782584 0
    outer loop
      vertex 2.22585 -12.5417 5.5
      vertex 2.17607 -12.5813 6
      vertex 2.22585 -12.5417 6
    endloop
  endfacet
  facet normal -0.622545 0.782584 0
    outer loop
      vertex 2.17607 -12.5813 6
      vertex 2.22585 -12.5417 5.5
      vertex 2.17607 -12.5813 5.5
    endloop
  endfacet
  facet normal -0.587931 0.808911 0
    outer loop
      vertex 2.28171 -12.5011 5.5
      vertex 2.22585 -12.5417 6
      vertex 2.28171 -12.5011 6
    endloop
  endfacet
  facet normal -0.587931 0.808911 0
    outer loop
      vertex 2.22585 -12.5417 6
      vertex 2.28171 -12.5011 5.5
      vertex 2.22585 -12.5417 5.5
    endloop
  endfacet
  facet normal -0.556238 0.831023 0
    outer loop
      vertex 2.34401 -12.4594 5.5
      vertex 2.28171 -12.5011 6
      vertex 2.34401 -12.4594 6
    endloop
  endfacet
  facet normal -0.556238 0.831023 0
    outer loop
      vertex 2.28171 -12.5011 6
      vertex 2.34401 -12.4594 5.5
      vertex 2.28171 -12.5011 5.5
    endloop
  endfacet
  facet normal -0.530606 0.847619 0
    outer loop
      vertex 2.41302 -12.4162 5.5
      vertex 2.34401 -12.4594 6
      vertex 2.41302 -12.4162 6
    endloop
  endfacet
  facet normal -0.530606 0.847619 0
    outer loop
      vertex 2.34401 -12.4594 6
      vertex 2.41302 -12.4162 5.5
      vertex 2.34401 -12.4594 5.5
    endloop
  endfacet
  facet normal -0.488553 0.872534 0
    outer loop
      vertex 2.77414 -12.214 5.5
      vertex 2.41302 -12.4162 6
      vertex 2.77414 -12.214 6
    endloop
  endfacet
  facet normal -0.488553 0.872534 0
    outer loop
      vertex 2.41302 -12.4162 6
      vertex 2.77414 -12.214 5.5
      vertex 2.41302 -12.4162 5.5
    endloop
  endfacet
  facet normal -0.510093 0.860119 0
    outer loop
      vertex 2.85356 -12.1669 5.5
      vertex 2.77414 -12.214 6
      vertex 2.85356 -12.1669 6
    endloop
  endfacet
  facet normal -0.510093 0.860119 0
    outer loop
      vertex 2.77414 -12.214 6
      vertex 2.85356 -12.1669 5.5
      vertex 2.77414 -12.214 5.5
    endloop
  endfacet
  facet normal -0.559238 0.829007 0
    outer loop
      vertex 2.92679 -12.1175 5.5
      vertex 2.85356 -12.1669 6
      vertex 2.92679 -12.1175 6
    endloop
  endfacet
  facet normal -0.559238 0.829007 0
    outer loop
      vertex 2.85356 -12.1669 6
      vertex 2.92679 -12.1175 5.5
      vertex 2.85356 -12.1669 5.5
    endloop
  endfacet
  facet normal -0.611478 0.791262 0
    outer loop
      vertex 2.99382 -12.0657 5.5
      vertex 2.92679 -12.1175 6
      vertex 2.99382 -12.0657 6
    endloop
  endfacet
  facet normal -0.611478 0.791262 0
    outer loop
      vertex 2.92679 -12.1175 6
      vertex 2.99382 -12.0657 5.5
      vertex 2.92679 -12.1175 5.5
    endloop
  endfacet
  facet normal -0.664867 0.746962 0
    outer loop
      vertex 3.0546 -12.0116 5.5
      vertex 2.99382 -12.0657 6
      vertex 3.0546 -12.0116 6
    endloop
  endfacet
  facet normal -0.664867 0.746962 0
    outer loop
      vertex 2.99382 -12.0657 6
      vertex 3.0546 -12.0116 5.5
      vertex 2.99382 -12.0657 5.5
    endloop
  endfacet
  facet normal -0.719116 0.69489 0
    outer loop
      vertex 3.0546 -12.0116 5.5
      vertex 3.1091 -11.9552 6
      vertex 3.1091 -11.9552 5.5
    endloop
  endfacet
  facet normal -0.719116 0.69489 0
    outer loop
      vertex 3.1091 -11.9552 6
      vertex 3.0546 -12.0116 5.5
      vertex 3.0546 -12.0116 6
    endloop
  endfacet
  facet normal -0.772842 0.634599 0
    outer loop
      vertex 3.1091 -11.9552 5.5
      vertex 3.1573 -11.8965 6
      vertex 3.1573 -11.8965 5.5
    endloop
  endfacet
  facet normal -0.772842 0.634599 0
    outer loop
      vertex 3.1573 -11.8965 6
      vertex 3.1091 -11.9552 5.5
      vertex 3.1091 -11.9552 6
    endloop
  endfacet
  facet normal -0.823599 0.567173 0
    outer loop
      vertex 3.1573 -11.8965 5.5
      vertex 3.19917 -11.8357 6
      vertex 3.19917 -11.8357 5.5
    endloop
  endfacet
  facet normal -0.823599 0.567173 0
    outer loop
      vertex 3.19917 -11.8357 6
      vertex 3.1573 -11.8965 5.5
      vertex 3.1573 -11.8965 6
    endloop
  endfacet
  facet normal -0.871029 0.491232 0
    outer loop
      vertex 3.19917 -11.8357 5.5
      vertex 3.2347 -11.7727 6
      vertex 3.2347 -11.7727 5.5
    endloop
  endfacet
  facet normal -0.871029 0.491232 0
    outer loop
      vertex 3.2347 -11.7727 6
      vertex 3.19917 -11.8357 5.5
      vertex 3.19917 -11.8357 6
    endloop
  endfacet
  facet normal -0.91289 0.408206 0
    outer loop
      vertex 3.2347 -11.7727 5.5
      vertex 3.26381 -11.7076 6
      vertex 3.26381 -11.7076 5.5
    endloop
  endfacet
  facet normal -0.91289 0.408206 0
    outer loop
      vertex 3.26381 -11.7076 6
      vertex 3.2347 -11.7727 5.5
      vertex 3.2347 -11.7727 6
    endloop
  endfacet
  facet normal -0.947407 0.320032 0
    outer loop
      vertex 3.26381 -11.7076 5.5
      vertex 3.28651 -11.6404 6
      vertex 3.28651 -11.6404 5.5
    endloop
  endfacet
  facet normal -0.947407 0.320032 0
    outer loop
      vertex 3.28651 -11.6404 6
      vertex 3.26381 -11.7076 5.5
      vertex 3.26381 -11.7076 6
    endloop
  endfacet
  facet normal -0.973519 0.228608 0
    outer loop
      vertex 3.28651 -11.6404 5.5
      vertex 3.30276 -11.5712 6
      vertex 3.30276 -11.5712 5.5
    endloop
  endfacet
  facet normal -0.973519 0.228608 0
    outer loop
      vertex 3.30276 -11.5712 6
      vertex 3.28651 -11.6404 5.5
      vertex 3.28651 -11.6404 6
    endloop
  endfacet
  facet normal -0.990742 0.135758 0
    outer loop
      vertex 3.30276 -11.5712 5.5
      vertex 3.31253 -11.4999 6
      vertex 3.31253 -11.4999 5.5
    endloop
  endfacet
  facet normal -0.990742 0.135758 0
    outer loop
      vertex 3.31253 -11.4999 6
      vertex 3.30276 -11.5712 5.5
      vertex 3.30276 -11.5712 6
    endloop
  endfacet
  facet normal -0.999004 0.0446276 0
    outer loop
      vertex 3.31253 -11.4999 5.5
      vertex 3.3158 -11.4267 6
      vertex 3.3158 -11.4267 5.5
    endloop
  endfacet
  facet normal -0.999004 0.0446276 0
    outer loop
      vertex 3.3158 -11.4267 6
      vertex 3.31253 -11.4999 5.5
      vertex 3.31253 -11.4999 6
    endloop
  endfacet
  facet normal -0.999526 -0.0307701 0
    outer loop
      vertex 3.3158 -11.4267 5.5
      vertex 3.31427 -11.377 6
      vertex 3.31427 -11.377 5.5
    endloop
  endfacet
  facet normal -0.999526 -0.0307701 0
    outer loop
      vertex 3.31427 -11.377 6
      vertex 3.3158 -11.4267 5.5
      vertex 3.3158 -11.4267 6
    endloop
  endfacet
  facet normal -0.995734 -0.0922727 0
    outer loop
      vertex 3.31427 -11.377 5.5
      vertex 3.30972 -11.3279 6
      vertex 3.30972 -11.3279 5.5
    endloop
  endfacet
  facet normal -0.995734 -0.0922727 0
    outer loop
      vertex 3.30972 -11.3279 6
      vertex 3.31427 -11.377 5.5
      vertex 3.31427 -11.377 6
    endloop
  endfacet
  facet normal -0.988158 -0.153441 0
    outer loop
      vertex 3.30972 -11.3279 5.5
      vertex 3.30222 -11.2796 6
      vertex 3.30222 -11.2796 5.5
    endloop
  endfacet
  facet normal -0.988158 -0.153441 0
    outer loop
      vertex 3.30222 -11.2796 6
      vertex 3.30972 -11.3279 5.5
      vertex 3.30972 -11.3279 6
    endloop
  endfacet
  facet normal -0.976765 -0.214311 0
    outer loop
      vertex 3.30222 -11.2796 5.5
      vertex 3.29182 -11.2322 6
      vertex 3.29182 -11.2322 5.5
    endloop
  endfacet
  facet normal -0.976765 -0.214311 0
    outer loop
      vertex 3.29182 -11.2322 6
      vertex 3.30222 -11.2796 5.5
      vertex 3.30222 -11.2796 6
    endloop
  endfacet
  facet normal -0.961618 -0.274393 0
    outer loop
      vertex 3.29182 -11.2322 5.5
      vertex 3.27858 -11.1858 6
      vertex 3.27858 -11.1858 5.5
    endloop
  endfacet
  facet normal -0.961618 -0.274393 0
    outer loop
      vertex 3.27858 -11.1858 6
      vertex 3.29182 -11.2322 5.5
      vertex 3.29182 -11.2322 6
    endloop
  endfacet
  facet normal -0.942551 -0.334063 0
    outer loop
      vertex 3.27858 -11.1858 5.5
      vertex 3.26256 -11.1406 6
      vertex 3.26256 -11.1406 5.5
    endloop
  endfacet
  facet normal -0.942551 -0.334063 0
    outer loop
      vertex 3.26256 -11.1406 6
      vertex 3.27858 -11.1858 5.5
      vertex 3.27858 -11.1858 6
    endloop
  endfacet
  facet normal -0.919879 -0.392203 0
    outer loop
      vertex 3.26256 -11.1406 5.5
      vertex 3.2438 -11.0966 6
      vertex 3.2438 -11.0966 5.5
    endloop
  endfacet
  facet normal -0.919879 -0.392203 0
    outer loop
      vertex 3.2438 -11.0966 6
      vertex 3.26256 -11.1406 5.5
      vertex 3.26256 -11.1406 6
    endloop
  endfacet
  facet normal -0.893163 -0.449734 0
    outer loop
      vertex 3.2438 -11.0966 5.5
      vertex 3.2224 -11.0541 6
      vertex 3.2224 -11.0541 5.5
    endloop
  endfacet
  facet normal -0.893163 -0.449734 0
    outer loop
      vertex 3.2224 -11.0541 6
      vertex 3.2438 -11.0966 5.5
      vertex 3.2438 -11.0966 6
    endloop
  endfacet
  facet normal -0.862831 -0.505493 0
    outer loop
      vertex 3.2224 -11.0541 5.5
      vertex 3.19838 -11.0131 6
      vertex 3.19838 -11.0131 5.5
    endloop
  endfacet
  facet normal -0.862831 -0.505493 0
    outer loop
      vertex 3.19838 -11.0131 6
      vertex 3.2224 -11.0541 5.5
      vertex 3.2224 -11.0541 6
    endloop
  endfacet
  facet normal -0.828629 -0.559799 0
    outer loop
      vertex 3.19838 -11.0131 5.5
      vertex 3.17183 -10.9738 6
      vertex 3.17183 -10.9738 5.5
    endloop
  endfacet
  facet normal -0.828629 -0.559799 0
    outer loop
      vertex 3.17183 -10.9738 6
      vertex 3.19838 -11.0131 5.5
      vertex 3.19838 -11.0131 6
    endloop
  endfacet
  facet normal -0.791433 -0.611256 0
    outer loop
      vertex 3.17183 -10.9738 5.5
      vertex 3.14279 -10.9362 6
      vertex 3.14279 -10.9362 5.5
    endloop
  endfacet
  facet normal -0.791433 -0.611256 0
    outer loop
      vertex 3.14279 -10.9362 6
      vertex 3.17183 -10.9738 5.5
      vertex 3.17183 -10.9738 6
    endloop
  endfacet
  facet normal -0.749125 -0.662429 0
    outer loop
      vertex 3.14279 -10.9362 5.5
      vertex 3.11131 -10.9006 6
      vertex 3.11131 -10.9006 5.5
    endloop
  endfacet
  facet normal -0.749125 -0.662429 0
    outer loop
      vertex 3.11131 -10.9006 6
      vertex 3.14279 -10.9362 5.5
      vertex 3.14279 -10.9362 6
    endloop
  endfacet
  facet normal -0.704691 -0.709515 0
    outer loop
      vertex 3.07748 -10.867 5.5
      vertex 3.11131 -10.9006 6
      vertex 3.07748 -10.867 6
    endloop
  endfacet
  facet normal -0.704691 -0.709515 -0
    outer loop
      vertex 3.11131 -10.9006 6
      vertex 3.07748 -10.867 5.5
      vertex 3.11131 -10.9006 5.5
    endloop
  endfacet
  facet normal -0.64875 -0.761001 0
    outer loop
      vertex 3.04182 -10.8366 5.5
      vertex 3.07748 -10.867 6
      vertex 3.04182 -10.8366 6
    endloop
  endfacet
  facet normal -0.64875 -0.761001 -0
    outer loop
      vertex 3.07748 -10.867 6
      vertex 3.04182 -10.8366 5.5
      vertex 3.07748 -10.867 5.5
    endloop
  endfacet
  facet normal -0.601003 -0.799247 0
    outer loop
      vertex 3.00485 -10.8088 5.5
      vertex 3.04182 -10.8366 6
      vertex 3.00485 -10.8088 6
    endloop
  endfacet
  facet normal -0.601003 -0.799247 -0
    outer loop
      vertex 3.04182 -10.8366 6
      vertex 3.00485 -10.8088 5.5
      vertex 3.04182 -10.8366 5.5
    endloop
  endfacet
  facet normal -0.550575 -0.834785 0
    outer loop
      vertex 2.96649 -10.7835 5.5
      vertex 3.00485 -10.8088 6
      vertex 2.96649 -10.7835 6
    endloop
  endfacet
  facet normal -0.550575 -0.834785 -0
    outer loop
      vertex 3.00485 -10.8088 6
      vertex 2.96649 -10.7835 5.5
      vertex 3.00485 -10.8088 5.5
    endloop
  endfacet
  facet normal -0.497172 -0.867652 0
    outer loop
      vertex 2.9267 -10.7607 5.5
      vertex 2.96649 -10.7835 6
      vertex 2.9267 -10.7607 6
    endloop
  endfacet
  facet normal -0.497172 -0.867652 -0
    outer loop
      vertex 2.96649 -10.7835 6
      vertex 2.9267 -10.7607 5.5
      vertex 2.96649 -10.7835 5.5
    endloop
  endfacet
  facet normal -0.443039 -0.896502 0
    outer loop
      vertex 2.88542 -10.7403 5.5
      vertex 2.9267 -10.7607 6
      vertex 2.88542 -10.7403 6
    endloop
  endfacet
  facet normal -0.443039 -0.896502 -0
    outer loop
      vertex 2.9267 -10.7607 6
      vertex 2.88542 -10.7403 5.5
      vertex 2.9267 -10.7607 5.5
    endloop
  endfacet
  facet normal -0.384003 -0.923332 0
    outer loop
      vertex 2.84262 -10.7225 5.5
      vertex 2.88542 -10.7403 6
      vertex 2.84262 -10.7225 6
    endloop
  endfacet
  facet normal -0.384003 -0.923332 -0
    outer loop
      vertex 2.88542 -10.7403 6
      vertex 2.84262 -10.7225 5.5
      vertex 2.88542 -10.7403 5.5
    endloop
  endfacet
  facet normal -0.329791 -0.944054 0
    outer loop
      vertex 2.79825 -10.707 5.5
      vertex 2.84262 -10.7225 6
      vertex 2.79825 -10.707 6
    endloop
  endfacet
  facet normal -0.329791 -0.944054 -0
    outer loop
      vertex 2.84262 -10.7225 6
      vertex 2.79825 -10.707 5.5
      vertex 2.84262 -10.7225 5.5
    endloop
  endfacet
  facet normal -0.271902 -0.962325 0
    outer loop
      vertex 2.75224 -10.694 5.5
      vertex 2.79825 -10.707 6
      vertex 2.75224 -10.694 6
    endloop
  endfacet
  facet normal -0.271902 -0.962325 -0
    outer loop
      vertex 2.79825 -10.707 6
      vertex 2.75224 -10.694 5.5
      vertex 2.79825 -10.707 5.5
    endloop
  endfacet
  facet normal -0.215065 -0.9766 0
    outer loop
      vertex 2.70456 -10.6835 5.5
      vertex 2.75224 -10.694 6
      vertex 2.70456 -10.6835 6
    endloop
  endfacet
  facet normal -0.215065 -0.9766 -0
    outer loop
      vertex 2.75224 -10.694 6
      vertex 2.70456 -10.6835 5.5
      vertex 2.75224 -10.694 5.5
    endloop
  endfacet
  facet normal -0.163719 -0.986507 0
    outer loop
      vertex 2.65515 -10.6753 5.5
      vertex 2.70456 -10.6835 6
      vertex 2.65515 -10.6753 6
    endloop
  endfacet
  facet normal -0.163719 -0.986507 -0
    outer loop
      vertex 2.70456 -10.6835 6
      vertex 2.65515 -10.6753 5.5
      vertex 2.70456 -10.6835 5.5
    endloop
  endfacet
  facet normal -0.114499 -0.993423 0
    outer loop
      vertex 2.60396 -10.6694 5.5
      vertex 2.65515 -10.6753 6
      vertex 2.60396 -10.6694 6
    endloop
  endfacet
  facet normal -0.114499 -0.993423 -0
    outer loop
      vertex 2.65515 -10.6753 6
      vertex 2.60396 -10.6694 5.5
      vertex 2.65515 -10.6753 5.5
    endloop
  endfacet
  facet normal -0.0640073 -0.997949 0
    outer loop
      vertex 2.55095 -10.666 5.5
      vertex 2.60396 -10.6694 6
      vertex 2.55095 -10.666 6
    endloop
  endfacet
  facet normal -0.0640073 -0.997949 -0
    outer loop
      vertex 2.60396 -10.6694 6
      vertex 2.55095 -10.666 5.5
      vertex 2.60396 -10.6694 5.5
    endloop
  endfacet
  facet normal -0.0218646 -0.999761 0
    outer loop
      vertex 2.49608 -10.6648 5.5
      vertex 2.55095 -10.666 6
      vertex 2.49608 -10.6648 6
    endloop
  endfacet
  facet normal -0.0218646 -0.999761 -0
    outer loop
      vertex 2.55095 -10.666 6
      vertex 2.49608 -10.6648 5.5
      vertex 2.55095 -10.666 5.5
    endloop
  endfacet
  facet normal 0.0271934 -0.99963 0
    outer loop
      vertex 2.42256 -10.6668 5.5
      vertex 2.49608 -10.6648 6
      vertex 2.42256 -10.6668 6
    endloop
  endfacet
  facet normal 0.0271934 -0.99963 0
    outer loop
      vertex 2.49608 -10.6648 6
      vertex 2.42256 -10.6668 5.5
      vertex 2.49608 -10.6648 5.5
    endloop
  endfacet
  facet normal 0.0875805 -0.996157 0
    outer loop
      vertex 2.35204 -10.673 5.5
      vertex 2.42256 -10.6668 6
      vertex 2.35204 -10.673 6
    endloop
  endfacet
  facet normal 0.0875805 -0.996157 0
    outer loop
      vertex 2.42256 -10.6668 6
      vertex 2.35204 -10.673 5.5
      vertex 2.42256 -10.6668 5.5
    endloop
  endfacet
  facet normal 0.149458 -0.988768 0
    outer loop
      vertex 2.28456 -10.6832 5.5
      vertex 2.35204 -10.673 6
      vertex 2.28456 -10.6832 6
    endloop
  endfacet
  facet normal 0.149458 -0.988768 0
    outer loop
      vertex 2.35204 -10.673 6
      vertex 2.28456 -10.6832 5.5
      vertex 2.35204 -10.673 5.5
    endloop
  endfacet
  facet normal 0.215388 -0.976528 0
    outer loop
      vertex 2.22018 -10.6974 5.5
      vertex 2.28456 -10.6832 6
      vertex 2.22018 -10.6974 6
    endloop
  endfacet
  facet normal 0.215388 -0.976528 0
    outer loop
      vertex 2.28456 -10.6832 6
      vertex 2.22018 -10.6974 5.5
      vertex 2.28456 -10.6832 5.5
    endloop
  endfacet
  facet normal 0.286443 -0.958097 0
    outer loop
      vertex 2.15897 -10.7157 5.5
      vertex 2.22018 -10.6974 6
      vertex 2.15897 -10.7157 6
    endloop
  endfacet
  facet normal 0.286443 -0.958097 0
    outer loop
      vertex 2.22018 -10.6974 6
      vertex 2.15897 -10.7157 5.5
      vertex 2.22018 -10.6974 5.5
    endloop
  endfacet
  facet normal 0.357307 -0.933987 0
    outer loop
      vertex 2.10094 -10.7379 5.5
      vertex 2.15897 -10.7157 6
      vertex 2.10094 -10.7379 6
    endloop
  endfacet
  facet normal 0.357307 -0.933987 0
    outer loop
      vertex 2.15897 -10.7157 6
      vertex 2.10094 -10.7379 5.5
      vertex 2.15897 -10.7157 5.5
    endloop
  endfacet
  facet normal 0.432678 -0.901549 0
    outer loop
      vertex 2.04614 -10.7642 5.5
      vertex 2.10094 -10.7379 6
      vertex 2.04614 -10.7642 6
    endloop
  endfacet
  facet normal 0.432678 -0.901549 0
    outer loop
      vertex 2.10094 -10.7379 6
      vertex 2.04614 -10.7642 5.5
      vertex 2.10094 -10.7379 5.5
    endloop
  endfacet
  facet normal 0.505848 -0.862622 0
    outer loop
      vertex 1.99464 -10.7944 5.5
      vertex 2.04614 -10.7642 6
      vertex 1.99464 -10.7944 6
    endloop
  endfacet
  facet normal 0.505848 -0.862622 0
    outer loop
      vertex 2.04614 -10.7642 6
      vertex 1.99464 -10.7944 5.5
      vertex 2.04614 -10.7642 5.5
    endloop
  endfacet
  facet normal 0.579074 -0.815275 0
    outer loop
      vertex 1.94649 -10.8286 5.5
      vertex 1.99464 -10.7944 6
      vertex 1.94649 -10.8286 6
    endloop
  endfacet
  facet normal 0.579074 -0.815275 0
    outer loop
      vertex 1.99464 -10.7944 6
      vertex 1.94649 -10.8286 5.5
      vertex 1.99464 -10.7944 5.5
    endloop
  endfacet
  facet normal 0.647193 -0.762326 0
    outer loop
      vertex 1.90173 -10.8666 5.5
      vertex 1.94649 -10.8286 6
      vertex 1.90173 -10.8666 6
    endloop
  endfacet
  facet normal 0.647193 -0.762326 0
    outer loop
      vertex 1.94649 -10.8286 6
      vertex 1.90173 -10.8666 5.5
      vertex 1.94649 -10.8286 5.5
    endloop
  endfacet
  facet normal 0.712854 -0.701313 0
    outer loop
      vertex 1.86041 -10.9086 6
      vertex 1.90173 -10.8666 5.5
      vertex 1.90173 -10.8666 6
    endloop
  endfacet
  facet normal 0.712854 -0.701313 0
    outer loop
      vertex 1.90173 -10.8666 5.5
      vertex 1.86041 -10.9086 6
      vertex 1.86041 -10.9086 5.5
    endloop
  endfacet
  facet normal 0.771765 -0.635908 0
    outer loop
      vertex 1.82259 -10.9545 6
      vertex 1.86041 -10.9086 5.5
      vertex 1.86041 -10.9086 6
    endloop
  endfacet
  facet normal 0.771765 -0.635908 0
    outer loop
      vertex 1.86041 -10.9086 5.5
      vertex 1.82259 -10.9545 6
      vertex 1.82259 -10.9545 5.5
    endloop
  endfacet
  facet normal 0.823103 -0.567892 0
    outer loop
      vertex 1.7883 -11.0042 6
      vertex 1.82259 -10.9545 5.5
      vertex 1.82259 -10.9545 6
    endloop
  endfacet
  facet normal 0.823103 -0.567892 0
    outer loop
      vertex 1.82259 -10.9545 5.5
      vertex 1.7883 -11.0042 6
      vertex 1.7883 -11.0042 5.5
    endloop
  endfacet
  facet normal 0.850186 -0.526482 0
    outer loop
      vertex 1.76836 -11.0364 6
      vertex 1.7883 -11.0042 5.5
      vertex 1.7883 -11.0042 6
    endloop
  endfacet
  facet normal 0.850186 -0.526482 0
    outer loop
      vertex 1.7883 -11.0042 5.5
      vertex 1.76836 -11.0364 6
      vertex 1.76836 -11.0364 5.5
    endloop
  endfacet
  facet normal 0.877382 -0.479793 0
    outer loop
      vertex 1.75015 -11.0697 6
      vertex 1.76836 -11.0364 5.5
      vertex 1.76836 -11.0364 6
    endloop
  endfacet
  facet normal 0.877382 -0.479793 0
    outer loop
      vertex 1.76836 -11.0364 5.5
      vertex 1.75015 -11.0697 6
      vertex 1.75015 -11.0697 5.5
    endloop
  endfacet
  facet normal 0.902236 -0.431243 0
    outer loop
      vertex 1.73366 -11.1042 6
      vertex 1.75015 -11.0697 5.5
      vertex 1.75015 -11.0697 6
    endloop
  endfacet
  facet normal 0.902236 -0.431243 0
    outer loop
      vertex 1.75015 -11.0697 5.5
      vertex 1.73366 -11.1042 6
      vertex 1.73366 -11.1042 5.5
    endloop
  endfacet
  facet normal 0.924721 -0.380647 0
    outer loop
      vertex 1.7188 -11.1403 6
      vertex 1.73366 -11.1042 5.5
      vertex 1.73366 -11.1042 6
    endloop
  endfacet
  facet normal 0.924721 -0.380647 0
    outer loop
      vertex 1.73366 -11.1042 5.5
      vertex 1.7188 -11.1403 6
      vertex 1.7188 -11.1403 5.5
    endloop
  endfacet
  facet normal 0.943703 -0.330795 0
    outer loop
      vertex 1.70555 -11.1781 6
      vertex 1.7188 -11.1403 5.5
      vertex 1.7188 -11.1403 6
    endloop
  endfacet
  facet normal 0.943703 -0.330795 0
    outer loop
      vertex 1.7188 -11.1403 5.5
      vertex 1.70555 -11.1781 6
      vertex 1.70555 -11.1781 5.5
    endloop
  endfacet
  facet normal 0.959273 -0.282479 0
    outer loop
      vertex 1.69383 -11.2179 6
      vertex 1.70555 -11.1781 5.5
      vertex 1.70555 -11.1781 6
    endloop
  endfacet
  facet normal 0.959273 -0.282479 0
    outer loop
      vertex 1.70555 -11.1781 5.5
      vertex 1.69383 -11.2179 6
      vertex 1.69383 -11.2179 5.5
    endloop
  endfacet
  facet normal 0.971441 -0.237283 0
    outer loop
      vertex 1.68362 -11.2597 6
      vertex 1.69383 -11.2179 5.5
      vertex 1.69383 -11.2179 6
    endloop
  endfacet
  facet normal 0.971441 -0.237283 0
    outer loop
      vertex 1.69383 -11.2179 5.5
      vertex 1.68362 -11.2597 6
      vertex 1.68362 -11.2597 5.5
    endloop
  endfacet
  facet normal 0.981046 -0.193773 0
    outer loop
      vertex 1.67487 -11.304 6
      vertex 1.68362 -11.2597 5.5
      vertex 1.68362 -11.2597 6
    endloop
  endfacet
  facet normal 0.981046 -0.193773 0
    outer loop
      vertex 1.68362 -11.2597 5.5
      vertex 1.67487 -11.304 6
      vertex 1.67487 -11.304 5.5
    endloop
  endfacet
  facet normal 0.987826 -0.155562 0
    outer loop
      vertex 1.6675 -11.3508 6
      vertex 1.67487 -11.304 5.5
      vertex 1.67487 -11.304 6
    endloop
  endfacet
  facet normal 0.987826 -0.155562 0
    outer loop
      vertex 1.67487 -11.304 5.5
      vertex 1.6675 -11.3508 6
      vertex 1.6675 -11.3508 5.5
    endloop
  endfacet
  facet normal 0.992686 -0.120727 0
    outer loop
      vertex 1.66148 -11.4003 6
      vertex 1.6675 -11.3508 5.5
      vertex 1.6675 -11.3508 6
    endloop
  endfacet
  facet normal 0.992686 -0.120727 0
    outer loop
      vertex 1.6675 -11.3508 5.5
      vertex 1.66148 -11.4003 6
      vertex 1.66148 -11.4003 5.5
    endloop
  endfacet
  facet normal 0.996017 -0.0891672 0
    outer loop
      vertex 1.65678 -11.4528 6
      vertex 1.66148 -11.4003 5.5
      vertex 1.66148 -11.4003 6
    endloop
  endfacet
  facet normal 0.996017 -0.0891672 0
    outer loop
      vertex 1.66148 -11.4003 5.5
      vertex 1.65678 -11.4528 6
      vertex 1.65678 -11.4528 5.5
    endloop
  endfacet
  facet normal 0.998076 -0.061999 0
    outer loop
      vertex 1.65332 -11.5085 6
      vertex 1.65678 -11.4528 5.5
      vertex 1.65678 -11.4528 6
    endloop
  endfacet
  facet normal 0.998076 -0.061999 0
    outer loop
      vertex 1.65678 -11.4528 5.5
      vertex 1.65332 -11.5085 6
      vertex 1.65332 -11.5085 5.5
    endloop
  endfacet
  facet normal 0.999282 -0.0378747 0
    outer loop
      vertex 1.65108 -11.5676 6
      vertex 1.65332 -11.5085 5.5
      vertex 1.65332 -11.5085 6
    endloop
  endfacet
  facet normal 0.999282 -0.0378747 0
    outer loop
      vertex 1.65332 -11.5085 5.5
      vertex 1.65108 -11.5676 6
      vertex 1.65108 -11.5676 5.5
    endloop
  endfacet
  facet normal 0 1 -0
    outer loop
      vertex 1.96887 -11.5676 5.5
      vertex 1.65108 -11.5676 6
      vertex 1.96887 -11.5676 6
    endloop
  endfacet
  facet normal 0 1 0
    outer loop
      vertex 1.65108 -11.5676 6
      vertex 1.96887 -11.5676 5.5
      vertex 1.65108 -11.5676 5.5
    endloop
  endfacet
  facet normal -0.997701 0.0677731 0
    outer loop
      vertex 1.96887 -11.5676 5.5
      vertex 1.97156 -11.528 6
      vertex 1.97156 -11.528 5.5
    endloop
  endfacet
  facet normal -0.997701 0.0677731 0
    outer loop
      vertex 1.97156 -11.528 6
      vertex 1.96887 -11.5676 5.5
      vertex 1.96887 -11.5676 6
    endloop
  endfacet
  facet normal -0.996524 0.0833115 0
    outer loop
      vertex 1.97156 -11.528 5.5
      vertex 1.97467 -11.4908 6
      vertex 1.97467 -11.4908 5.5
    endloop
  endfacet
  facet normal -0.996524 0.0833115 0
    outer loop
      vertex 1.97467 -11.4908 6
      vertex 1.97156 -11.528 5.5
      vertex 1.97156 -11.528 6
    endloop
  endfacet
  facet normal -0.994838 0.101479 0
    outer loop
      vertex 1.97467 -11.4908 5.5
      vertex 1.97823 -11.4559 6
      vertex 1.97823 -11.4559 5.5
    endloop
  endfacet
  facet normal -0.994838 0.101479 0
    outer loop
      vertex 1.97823 -11.4559 6
      vertex 1.97467 -11.4908 5.5
      vertex 1.97467 -11.4908 6
    endloop
  endfacet
  facet normal -0.992528 0.122017 0
    outer loop
      vertex 1.97823 -11.4559 5.5
      vertex 1.98225 -11.4232 6
      vertex 1.98225 -11.4232 5.5
    endloop
  endfacet
  facet normal -0.992528 0.122017 0
    outer loop
      vertex 1.98225 -11.4232 6
      vertex 1.97823 -11.4559 5.5
      vertex 1.97823 -11.4559 6
    endloop
  endfacet
  facet normal -0.98931 0.145827 0
    outer loop
      vertex 1.98225 -11.4232 5.5
      vertex 1.98679 -11.3924 6
      vertex 1.98679 -11.3924 5.5
    endloop
  endfacet
  facet normal -0.98931 0.145827 0
    outer loop
      vertex 1.98679 -11.3924 6
      vertex 1.98225 -11.4232 5.5
      vertex 1.98225 -11.4232 6
    endloop
  endfacet
  facet normal -0.985117 0.171886 0
    outer loop
      vertex 1.98679 -11.3924 5.5
      vertex 1.99185 -11.3634 6
      vertex 1.99185 -11.3634 5.5
    endloop
  endfacet
  facet normal -0.985117 0.171886 0
    outer loop
      vertex 1.99185 -11.3634 6
      vertex 1.98679 -11.3924 5.5
      vertex 1.98679 -11.3924 6
    endloop
  endfacet
  facet normal -0.97939 0.201977 0
    outer loop
      vertex 1.99185 -11.3634 5.5
      vertex 1.99748 -11.3361 6
      vertex 1.99748 -11.3361 5.5
    endloop
  endfacet
  facet normal -0.97939 0.201977 0
    outer loop
      vertex 1.99748 -11.3361 6
      vertex 1.99185 -11.3634 5.5
      vertex 1.99185 -11.3634 6
    endloop
  endfacet
  facet normal -0.972233 0.234014 0
    outer loop
      vertex 1.99748 -11.3361 5.5
      vertex 2.00369 -11.3103 6
      vertex 2.00369 -11.3103 5.5
    endloop
  endfacet
  facet normal -0.972233 0.234014 0
    outer loop
      vertex 2.00369 -11.3103 6
      vertex 1.99748 -11.3361 5.5
      vertex 1.99748 -11.3361 6
    endloop
  endfacet
  facet normal -0.962882 0.269923 0
    outer loop
      vertex 2.00369 -11.3103 5.5
      vertex 2.01053 -11.2859 6
      vertex 2.01053 -11.2859 5.5
    endloop
  endfacet
  facet normal -0.962882 0.269923 0
    outer loop
      vertex 2.01053 -11.2859 6
      vertex 2.00369 -11.3103 5.5
      vertex 2.00369 -11.3103 6
    endloop
  endfacet
  facet normal -0.951246 0.308434 0
    outer loop
      vertex 2.01053 -11.2859 5.5
      vertex 2.01802 -11.2628 6
      vertex 2.01802 -11.2628 5.5
    endloop
  endfacet
  facet normal -0.951246 0.308434 0
    outer loop
      vertex 2.01802 -11.2628 6
      vertex 2.01053 -11.2859 5.5
      vertex 2.01053 -11.2859 6
    endloop
  endfacet
  facet normal -0.938096 0.346374 0
    outer loop
      vertex 2.01802 -11.2628 5.5
      vertex 2.02618 -11.2407 6
      vertex 2.02618 -11.2407 5.5
    endloop
  endfacet
  facet normal -0.938096 0.346374 0
    outer loop
      vertex 2.02618 -11.2407 6
      vertex 2.01802 -11.2628 5.5
      vertex 2.01802 -11.2628 6
    endloop
  endfacet
  facet normal -0.921701 0.387901 0
    outer loop
      vertex 2.02618 -11.2407 5.5
      vertex 2.03506 -11.2196 6
      vertex 2.03506 -11.2196 5.5
    endloop
  endfacet
  facet normal -0.921701 0.387901 0
    outer loop
      vertex 2.03506 -11.2196 6
      vertex 2.02618 -11.2407 5.5
      vertex 2.02618 -11.2407 6
    endloop
  endfacet
  facet normal -0.904306 0.426885 0
    outer loop
      vertex 2.03506 -11.2196 5.5
      vertex 2.04469 -11.1992 6
      vertex 2.04469 -11.1992 5.5
    endloop
  endfacet
  facet normal -0.904306 0.426885 0
    outer loop
      vertex 2.04469 -11.1992 6
      vertex 2.03506 -11.2196 5.5
      vertex 2.03506 -11.2196 6
    endloop
  endfacet
  facet normal -0.864714 0.502265 0
    outer loop
      vertex 2.04469 -11.1992 5.5
      vertex 2.06531 -11.1637 6
      vertex 2.06531 -11.1637 5.5
    endloop
  endfacet
  facet normal -0.864714 0.502265 0
    outer loop
      vertex 2.06531 -11.1637 6
      vertex 2.04469 -11.1992 5.5
      vertex 2.04469 -11.1992 6
    endloop
  endfacet
  facet normal -0.818192 0.574946 0
    outer loop
      vertex 2.06531 -11.1637 5.5
      vertex 2.08871 -11.1304 6
      vertex 2.08871 -11.1304 5.5
    endloop
  endfacet
  facet normal -0.818192 0.574946 0
    outer loop
      vertex 2.08871 -11.1304 6
      vertex 2.06531 -11.1637 5.5
      vertex 2.06531 -11.1637 6
    endloop
  endfacet
  facet normal -0.764558 0.644555 0
    outer loop
      vertex 2.08871 -11.1304 5.5
      vertex 2.11476 -11.0995 6
      vertex 2.11476 -11.0995 5.5
    endloop
  endfacet
  facet normal -0.764558 0.644555 0
    outer loop
      vertex 2.11476 -11.0995 6
      vertex 2.08871 -11.1304 5.5
      vertex 2.08871 -11.1304 6
    endloop
  endfacet
  facet normal -0.705863 0.708348 0
    outer loop
      vertex 2.14326 -11.0711 5.5
      vertex 2.11476 -11.0995 6
      vertex 2.14326 -11.0711 6
    endloop
  endfacet
  facet normal -0.705863 0.708348 0
    outer loop
      vertex 2.11476 -11.0995 6
      vertex 2.14326 -11.0711 5.5
      vertex 2.11476 -11.0995 5.5
    endloop
  endfacet
  facet normal -0.643111 0.765773 0
    outer loop
      vertex 2.1741 -11.0452 5.5
      vertex 2.14326 -11.0711 6
      vertex 2.1741 -11.0452 6
    endloop
  endfacet
  facet normal -0.643111 0.765773 0
    outer loop
      vertex 2.14326 -11.0711 6
      vertex 2.1741 -11.0452 5.5
      vertex 2.14326 -11.0711 5.5
    endloop
  endfacet
  facet normal -0.575242 0.817984 0
    outer loop
      vertex 2.20709 -11.022 5.5
      vertex 2.1741 -11.0452 6
      vertex 2.20709 -11.022 6
    endloop
  endfacet
  facet normal -0.575242 0.817984 0
    outer loop
      vertex 2.1741 -11.0452 6
      vertex 2.20709 -11.022 5.5
      vertex 2.1741 -11.0452 5.5
    endloop
  endfacet
  facet normal -0.503457 0.86402 0
    outer loop
      vertex 2.2421 -11.0016 5.5
      vertex 2.20709 -11.022 6
      vertex 2.2421 -11.0016 6
    endloop
  endfacet
  facet normal -0.503457 0.86402 0
    outer loop
      vertex 2.20709 -11.022 6
      vertex 2.2421 -11.0016 5.5
      vertex 2.20709 -11.022 5.5
    endloop
  endfacet
  facet normal -0.429172 0.903223 0
    outer loop
      vertex 2.27893 -10.9841 5.5
      vertex 2.2421 -11.0016 6
      vertex 2.27893 -10.9841 6
    endloop
  endfacet
  facet normal -0.429172 0.903223 0
    outer loop
      vertex 2.2421 -11.0016 6
      vertex 2.27893 -10.9841 5.5
      vertex 2.2421 -11.0016 5.5
    endloop
  endfacet
  facet normal -0.35434 0.935117 0
    outer loop
      vertex 2.31746 -10.9695 5.5
      vertex 2.27893 -10.9841 6
      vertex 2.31746 -10.9695 6
    endloop
  endfacet
  facet normal -0.35434 0.935117 0
    outer loop
      vertex 2.27893 -10.9841 6
      vertex 2.31746 -10.9695 5.5
      vertex 2.27893 -10.9841 5.5
    endloop
  endfacet
  facet normal -0.275989 0.961161 0
    outer loop
      vertex 2.35751 -10.958 5.5
      vertex 2.31746 -10.9695 6
      vertex 2.35751 -10.958 6
    endloop
  endfacet
  facet normal -0.275989 0.961161 0
    outer loop
      vertex 2.31746 -10.9695 6
      vertex 2.35751 -10.958 5.5
      vertex 2.31746 -10.9695 5.5
    endloop
  endfacet
  facet normal -0.198755 0.980049 0
    outer loop
      vertex 2.39893 -10.9496 5.5
      vertex 2.35751 -10.958 6
      vertex 2.39893 -10.9496 6
    endloop
  endfacet
  facet normal -0.198755 0.980049 0
    outer loop
      vertex 2.35751 -10.958 6
      vertex 2.39893 -10.9496 5.5
      vertex 2.35751 -10.958 5.5
    endloop
  endfacet
  facet normal -0.11649 0.993192 0
    outer loop
      vertex 2.44156 -10.9446 5.5
      vertex 2.39893 -10.9496 6
      vertex 2.44156 -10.9446 6
    endloop
  endfacet
  facet normal -0.11649 0.993192 0
    outer loop
      vertex 2.39893 -10.9496 6
      vertex 2.44156 -10.9446 5.5
      vertex 2.39893 -10.9496 5.5
    endloop
  endfacet
  facet normal -0.0388722 0.999244 0
    outer loop
      vertex 2.48526 -10.9429 5.5
      vertex 2.44156 -10.9446 6
      vertex 2.48526 -10.9429 6
    endloop
  endfacet
  facet normal -0.0388722 0.999244 0
    outer loop
      vertex 2.44156 -10.9446 6
      vertex 2.48526 -10.9429 5.5
      vertex 2.44156 -10.9446 5.5
    endloop
  endfacet
  facet normal 0.0550382 0.998484 -0
    outer loop
      vertex 2.55057 -10.9465 5.5
      vertex 2.48526 -10.9429 6
      vertex 2.55057 -10.9465 6
    endloop
  endfacet
  facet normal 0.0550382 0.998484 0
    outer loop
      vertex 2.48526 -10.9429 6
      vertex 2.55057 -10.9465 5.5
      vertex 2.48526 -10.9429 5.5
    endloop
  endfacet
  facet normal 0.169113 0.985597 -0
    outer loop
      vertex 2.61293 -10.9572 5.5
      vertex 2.55057 -10.9465 6
      vertex 2.61293 -10.9572 6
    endloop
  endfacet
  facet normal 0.169113 0.985597 0
    outer loop
      vertex 2.55057 -10.9465 6
      vertex 2.61293 -10.9572 5.5
      vertex 2.55057 -10.9465 5.5
    endloop
  endfacet
  facet normal 0.282826 0.959171 -0
    outer loop
      vertex 2.67194 -10.9746 5.5
      vertex 2.61293 -10.9572 6
      vertex 2.67194 -10.9746 6
    endloop
  endfacet
  facet normal 0.282826 0.959171 0
    outer loop
      vertex 2.61293 -10.9572 6
      vertex 2.67194 -10.9746 5.5
      vertex 2.61293 -10.9572 5.5
    endloop
  endfacet
  facet normal 0.395564 0.918439 -0
    outer loop
      vertex 2.7272 -10.9984 5.5
      vertex 2.67194 -10.9746 6
      vertex 2.7272 -10.9984 6
    endloop
  endfacet
  facet normal 0.395564 0.918439 0
    outer loop
      vertex 2.67194 -10.9746 6
      vertex 2.7272 -10.9984 5.5
      vertex 2.67194 -10.9746 5.5
    endloop
  endfacet
  facet normal 0.50109 0.865395 -0
    outer loop
      vertex 2.77832 -11.028 5.5
      vertex 2.7272 -10.9984 6
      vertex 2.77832 -11.028 6
    endloop
  endfacet
  facet normal 0.50109 0.865395 0
    outer loop
      vertex 2.7272 -10.9984 6
      vertex 2.77832 -11.028 5.5
      vertex 2.7272 -10.9984 5.5
    endloop
  endfacet
  facet normal 0.602983 0.797754 -0
    outer loop
      vertex 2.82489 -11.0632 5.5
      vertex 2.77832 -11.028 6
      vertex 2.82489 -11.0632 6
    endloop
  endfacet
  facet normal 0.602983 0.797754 0
    outer loop
      vertex 2.77832 -11.028 6
      vertex 2.82489 -11.0632 5.5
      vertex 2.77832 -11.028 5.5
    endloop
  endfacet
  facet normal 0.696167 0.71788 -0
    outer loop
      vertex 2.86655 -11.1036 5.5
      vertex 2.82489 -11.0632 6
      vertex 2.86655 -11.1036 6
    endloop
  endfacet
  facet normal 0.696167 0.71788 0
    outer loop
      vertex 2.82489 -11.0632 6
      vertex 2.86655 -11.1036 5.5
      vertex 2.82489 -11.0632 5.5
    endloop
  endfacet
  facet normal 0.779605 0.626271 0
    outer loop
      vertex 2.90286 -11.1488 6
      vertex 2.86655 -11.1036 5.5
      vertex 2.86655 -11.1036 6
    endloop
  endfacet
  facet normal 0.779605 0.626271 0
    outer loop
      vertex 2.86655 -11.1036 5.5
      vertex 2.90286 -11.1488 6
      vertex 2.90286 -11.1488 5.5
    endloop
  endfacet
  facet normal 0.851464 0.524413 0
    outer loop
      vertex 2.93347 -11.1985 6
      vertex 2.90286 -11.1488 5.5
      vertex 2.90286 -11.1488 6
    endloop
  endfacet
  facet normal 0.851464 0.524413 0
    outer loop
      vertex 2.90286 -11.1488 5.5
      vertex 2.93347 -11.1985 6
      vertex 2.93347 -11.1985 5.5
    endloop
  endfacet
  facet normal 0.909849 0.414939 0
    outer loop
      vertex 2.95796 -11.2522 6
      vertex 2.93347 -11.1985 5.5
      vertex 2.93347 -11.1985 6
    endloop
  endfacet
  facet normal 0.909849 0.414939 0
    outer loop
      vertex 2.93347 -11.1985 5.5
      vertex 2.95796 -11.2522 6
      vertex 2.95796 -11.2522 5.5
    endloop
  endfacet
  facet normal 0.954279 0.298919 0
    outer loop
      vertex 2.97594 -11.3096 6
      vertex 2.95796 -11.2522 5.5
      vertex 2.95796 -11.2522 6
    endloop
  endfacet
  facet normal 0.954279 0.298919 0
    outer loop
      vertex 2.95796 -11.2522 5.5
      vertex 2.97594 -11.3096 6
      vertex 2.97594 -11.3096 5.5
    endloop
  endfacet
  facet normal 0.983774 0.179413 0
    outer loop
      vertex 2.98701 -11.3703 6
      vertex 2.97594 -11.3096 5.5
      vertex 2.97594 -11.3096 6
    endloop
  endfacet
  facet normal 0.983774 0.179413 0
    outer loop
      vertex 2.97594 -11.3096 5.5
      vertex 2.98701 -11.3703 6
      vertex 2.98701 -11.3703 5.5
    endloop
  endfacet
  facet normal 0.998235 0.0593926 0
    outer loop
      vertex 2.9908 -11.434 6
      vertex 2.98701 -11.3703 5.5
      vertex 2.98701 -11.3703 6
    endloop
  endfacet
  facet normal 0.998235 0.0593926 0
    outer loop
      vertex 2.98701 -11.3703 5.5
      vertex 2.9908 -11.434 6
      vertex 2.9908 -11.434 5.5
    endloop
  endfacet
  facet normal 0.999027 -0.0440993 0
    outer loop
      vertex 2.98869 -11.4818 6
      vertex 2.9908 -11.434 5.5
      vertex 2.9908 -11.434 6
    endloop
  endfacet
  facet normal 0.999027 -0.0440993 0
    outer loop
      vertex 2.9908 -11.434 5.5
      vertex 2.98869 -11.4818 6
      vertex 2.98869 -11.4818 5.5
    endloop
  endfacet
  facet normal 0.990995 -0.133901 0
    outer loop
      vertex 2.98238 -11.5285 6
      vertex 2.98869 -11.4818 5.5
      vertex 2.98869 -11.4818 6
    endloop
  endfacet
  facet normal 0.990995 -0.133901 0
    outer loop
      vertex 2.98869 -11.4818 5.5
      vertex 2.98238 -11.5285 6
      vertex 2.98238 -11.5285 5.5
    endloop
  endfacet
  facet normal 0.974546 -0.224188 0
    outer loop
      vertex 2.97189 -11.5741 6
      vertex 2.98238 -11.5285 5.5
      vertex 2.98238 -11.5285 6
    endloop
  endfacet
  facet normal 0.974546 -0.224188 0
    outer loop
      vertex 2.98238 -11.5285 5.5
      vertex 2.97189 -11.5741 6
      vertex 2.97189 -11.5741 5.5
    endloop
  endfacet
  facet normal 0.949896 -0.312567 0
    outer loop
      vertex 2.95728 -11.6185 6
      vertex 2.97189 -11.5741 5.5
      vertex 2.97189 -11.5741 6
    endloop
  endfacet
  facet normal 0.949896 -0.312567 0
    outer loop
      vertex 2.97189 -11.5741 5.5
      vertex 2.95728 -11.6185 6
      vertex 2.95728 -11.6185 5.5
    endloop
  endfacet
  facet normal 0.917063 -0.398742 0
    outer loop
      vertex 2.93854 -11.6616 6
      vertex 2.95728 -11.6185 5.5
      vertex 2.95728 -11.6185 6
    endloop
  endfacet
  facet normal 0.917063 -0.398742 0
    outer loop
      vertex 2.95728 -11.6185 5.5
      vertex 2.93854 -11.6616 6
      vertex 2.93854 -11.6616 5.5
    endloop
  endfacet
  facet normal 0.877631 -0.479338 0
    outer loop
      vertex 2.91571 -11.7034 6
      vertex 2.93854 -11.6616 5.5
      vertex 2.93854 -11.6616 6
    endloop
  endfacet
  facet normal 0.877631 -0.479338 0
    outer loop
      vertex 2.93854 -11.6616 5.5
      vertex 2.91571 -11.7034 6
      vertex 2.91571 -11.7034 5.5
    endloop
  endfacet
  facet normal 0.832652 -0.553796 0
    outer loop
      vertex 2.88884 -11.7438 6
      vertex 2.91571 -11.7034 5.5
      vertex 2.91571 -11.7034 6
    endloop
  endfacet
  facet normal 0.832652 -0.553796 0
    outer loop
      vertex 2.91571 -11.7034 5.5
      vertex 2.88884 -11.7438 6
      vertex 2.88884 -11.7438 5.5
    endloop
  endfacet
  facet normal 0.783801 -0.621012 0
    outer loop
      vertex 2.85794 -11.7828 6
      vertex 2.88884 -11.7438 5.5
      vertex 2.88884 -11.7438 6
    endloop
  endfacet
  facet normal 0.783801 -0.621012 0
    outer loop
      vertex 2.88884 -11.7438 5.5
      vertex 2.85794 -11.7828 6
      vertex 2.85794 -11.7828 5.5
    endloop
  endfacet
  facet normal 0.732223 -0.681065 0
    outer loop
      vertex 2.82306 -11.8203 6
      vertex 2.85794 -11.7828 5.5
      vertex 2.85794 -11.7828 6
    endloop
  endfacet
  facet normal 0.732223 -0.681065 0
    outer loop
      vertex 2.85794 -11.7828 5.5
      vertex 2.82306 -11.8203 6
      vertex 2.82306 -11.8203 5.5
    endloop
  endfacet
  facet normal 0.678484 -0.734615 0
    outer loop
      vertex 2.78419 -11.8562 5.5
      vertex 2.82306 -11.8203 6
      vertex 2.78419 -11.8562 6
    endloop
  endfacet
  facet normal 0.678484 -0.734615 0
    outer loop
      vertex 2.82306 -11.8203 6
      vertex 2.78419 -11.8562 5.5
      vertex 2.82306 -11.8203 5.5
    endloop
  endfacet
  facet normal 0.62554 -0.780192 0
    outer loop
      vertex 2.74141 -11.8905 5.5
      vertex 2.78419 -11.8562 6
      vertex 2.74141 -11.8905 6
    endloop
  endfacet
  facet normal 0.62554 -0.780192 0
    outer loop
      vertex 2.78419 -11.8562 6
      vertex 2.74141 -11.8905 5.5
      vertex 2.78419 -11.8562 5.5
    endloop
  endfacet
  facet normal 0.572484 -0.819916 0
    outer loop
      vertex 2.69472 -11.9231 5.5
      vertex 2.74141 -11.8905 6
      vertex 2.69472 -11.9231 6
    endloop
  endfacet
  facet normal 0.572484 -0.819916 0
    outer loop
      vertex 2.74141 -11.8905 6
      vertex 2.69472 -11.9231 5.5
      vertex 2.74141 -11.8905 5.5
    endloop
  endfacet
  facet normal 0.521402 -0.853311 0
    outer loop
      vertex 2.64415 -11.954 5.5
      vertex 2.69472 -11.9231 6
      vertex 2.64415 -11.954 6
    endloop
  endfacet
  facet normal 0.521402 -0.853311 0
    outer loop
      vertex 2.69472 -11.9231 6
      vertex 2.64415 -11.954 5.5
      vertex 2.69472 -11.9231 5.5
    endloop
  endfacet
  facet normal 0.506192 -0.862421 0
    outer loop
      vertex 2.31192 -12.149 5.5
      vertex 2.64415 -11.954 6
      vertex 2.31192 -12.149 6
    endloop
  endfacet
  facet normal 0.506192 -0.862421 0
    outer loop
      vertex 2.64415 -11.954 6
      vertex 2.31192 -12.149 5.5
      vertex 2.64415 -11.954 5.5
    endloop
  endfacet
  facet normal 0.513815 -0.857901 0
    outer loop
      vertex 2.19521 -12.2189 5.5
      vertex 2.31192 -12.149 6
      vertex 2.19521 -12.2189 6
    endloop
  endfacet
  facet normal 0.513815 -0.857901 0
    outer loop
      vertex 2.31192 -12.149 6
      vertex 2.19521 -12.2189 5.5
      vertex 2.31192 -12.149 5.5
    endloop
  endfacet
  facet normal 0.551883 -0.833921 0
    outer loop
      vertex 2.09125 -12.2877 5.5
      vertex 2.19521 -12.2189 6
      vertex 2.09125 -12.2877 6
    endloop
  endfacet
  facet normal 0.551883 -0.833921 0
    outer loop
      vertex 2.19521 -12.2189 6
      vertex 2.09125 -12.2877 5.5
      vertex 2.19521 -12.2189 5.5
    endloop
  endfacet
  facet normal 0.598911 -0.800815 0
    outer loop
      vertex 1.99939 -12.3564 5.5
      vertex 2.09125 -12.2877 6
      vertex 1.99939 -12.3564 6
    endloop
  endfacet
  facet normal 0.598911 -0.800815 0
    outer loop
      vertex 2.09125 -12.2877 6
      vertex 1.99939 -12.3564 5.5
      vertex 2.09125 -12.2877 5.5
    endloop
  endfacet
  facet normal 0.654666 -0.755918 0
    outer loop
      vertex 1.91891 -12.4261 5.5
      vertex 1.99939 -12.3564 6
      vertex 1.91891 -12.4261 6
    endloop
  endfacet
  facet normal 0.654666 -0.755918 0
    outer loop
      vertex 1.99939 -12.3564 6
      vertex 1.91891 -12.4261 5.5
      vertex 1.99939 -12.3564 5.5
    endloop
  endfacet
  facet normal 0.717172 -0.696896 0
    outer loop
      vertex 1.84914 -12.4979 6
      vertex 1.91891 -12.4261 5.5
      vertex 1.91891 -12.4261 6
    endloop
  endfacet
  facet normal 0.717172 -0.696896 0
    outer loop
      vertex 1.91891 -12.4261 5.5
      vertex 1.84914 -12.4979 6
      vertex 1.84914 -12.4979 5.5
    endloop
  endfacet
  facet normal 0.781225 -0.624249 0
    outer loop
      vertex 1.78937 -12.5727 6
      vertex 1.84914 -12.4979 5.5
      vertex 1.84914 -12.4979 6
    endloop
  endfacet
  facet normal 0.781225 -0.624249 0
    outer loop
      vertex 1.84914 -12.4979 5.5
      vertex 1.78937 -12.5727 6
      vertex 1.78937 -12.5727 5.5
    endloop
  endfacet
  facet normal 0.842804 -0.538221 0
    outer loop
      vertex 1.73892 -12.6517 6
      vertex 1.78937 -12.5727 5.5
      vertex 1.78937 -12.5727 6
    endloop
  endfacet
  facet normal 0.842804 -0.538221 0
    outer loop
      vertex 1.78937 -12.5727 5.5
      vertex 1.73892 -12.6517 6
      vertex 1.73892 -12.6517 5.5
    endloop
  endfacet
  facet normal 0.895658 -0.444744 0
    outer loop
      vertex 1.69711 -12.7359 6
      vertex 1.73892 -12.6517 5.5
      vertex 1.73892 -12.6517 6
    endloop
  endfacet
  facet normal 0.895658 -0.444744 0
    outer loop
      vertex 1.73892 -12.6517 5.5
      vertex 1.69711 -12.7359 6
      vertex 1.69711 -12.7359 5.5
    endloop
  endfacet
  facet normal 0.936491 -0.350692 0
    outer loop
      vertex 1.66322 -12.8264 6
      vertex 1.69711 -12.7359 5.5
      vertex 1.69711 -12.7359 6
    endloop
  endfacet
  facet normal 0.936491 -0.350692 0
    outer loop
      vertex 1.69711 -12.7359 5.5
      vertex 1.66322 -12.8264 6
      vertex 1.66322 -12.8264 5.5
    endloop
  endfacet
  facet normal 0.964896 -0.262633 0
    outer loop
      vertex 1.6366 -12.9242 6
      vertex 1.66322 -12.8264 5.5
      vertex 1.66322 -12.8264 6
    endloop
  endfacet
  facet normal 0.964896 -0.262633 0
    outer loop
      vertex 1.66322 -12.8264 5.5
      vertex 1.6366 -12.9242 6
      vertex 1.6366 -12.9242 5.5
    endloop
  endfacet
  facet normal 0.982575 -0.185865 0
    outer loop
      vertex 1.61653 -13.0303 6
      vertex 1.6366 -12.9242 5.5
      vertex 1.6366 -12.9242 6
    endloop
  endfacet
  facet normal 0.982575 -0.185865 0
    outer loop
      vertex 1.6366 -12.9242 5.5
      vertex 1.61653 -13.0303 6
      vertex 1.61653 -13.0303 5.5
    endloop
  endfacet
  facet normal 0.99254 -0.121921 0
    outer loop
      vertex 1.60233 -13.1459 6
      vertex 1.61653 -13.0303 5.5
      vertex 1.61653 -13.0303 6
    endloop
  endfacet
  facet normal 0.99254 -0.121921 0
    outer loop
      vertex 1.61653 -13.0303 5.5
      vertex 1.60233 -13.1459 6
      vertex 1.60233 -13.1459 5.5
    endloop
  endfacet
  facet normal 0.997451 -0.0713482 0
    outer loop
      vertex 1.59331 -13.272 6
      vertex 1.60233 -13.1459 5.5
      vertex 1.60233 -13.1459 6
    endloop
  endfacet
  facet normal 0.997451 -0.0713482 0
    outer loop
      vertex 1.60233 -13.1459 5.5
      vertex 1.59331 -13.272 6
      vertex 1.59331 -13.272 5.5
    endloop
  endfacet
  facet normal 0 1 -0
    outer loop
      vertex 3.29776 -13.272 5.5
      vertex 1.59331 -13.272 6
      vertex 3.29776 -13.272 6
    endloop
  endfacet
  facet normal 0 1 0
    outer loop
      vertex 1.59331 -13.272 6
      vertex 3.29776 -13.272 5.5
      vertex 1.59331 -13.272 5.5
    endloop
  endfacet
  facet normal -1 0 0
    outer loop
      vertex 3.29776 -13.272 5.5
      vertex 3.29776 -12.9615 6
      vertex 3.29776 -12.9615 5.5
    endloop
  endfacet
  facet normal -1 -0 0
    outer loop
      vertex 3.29776 -12.9615 6
      vertex 3.29776 -13.272 5.5
      vertex 3.29776 -13.272 6
    endloop
  endfacet
  facet normal -0.974404 0.224803 0
    outer loop
      vertex -0.597015 -13.0884 5.5
      vertex -0.554657 -12.9048 6
      vertex -0.554657 -12.9048 5.5
    endloop
  endfacet
  facet normal -0.974404 0.224803 0
    outer loop
      vertex -0.554657 -12.9048 6
      vertex -0.597015 -13.0884 5.5
      vertex -0.597015 -13.0884 6
    endloop
  endfacet
  facet normal -0.964792 0.263013 0
    outer loop
      vertex -0.554657 -12.9048 5.5
      vertex -0.505478 -12.7244 6
      vertex -0.505478 -12.7244 5.5
    endloop
  endfacet
  facet normal -0.964792 0.263013 0
    outer loop
      vertex -0.505478 -12.7244 6
      vertex -0.554657 -12.9048 5.5
      vertex -0.554657 -12.9048 6
    endloop
  endfacet
  facet normal -0.95353 0.301297 0
    outer loop
      vertex -0.505478 -12.7244 5.5
      vertex -0.449265 -12.5465 6
      vertex -0.449265 -12.5465 5.5
    endloop
  endfacet
  facet normal -0.95353 0.301297 0
    outer loop
      vertex -0.449265 -12.5465 6
      vertex -0.505478 -12.7244 5.5
      vertex -0.505478 -12.7244 6
    endloop
  endfacet
  facet normal -0.940529 0.339714 0
    outer loop
      vertex -0.449265 -12.5465 5.5
      vertex -0.385803 -12.3708 6
      vertex -0.385803 -12.3708 5.5
    endloop
  endfacet
  facet normal -0.940529 0.339714 0
    outer loop
      vertex -0.385803 -12.3708 6
      vertex -0.449265 -12.5465 5.5
      vertex -0.449265 -12.5465 6
    endloop
  endfacet
  facet normal -0.926162 0.377125 0
    outer loop
      vertex -0.385803 -12.3708 5.5
      vertex -0.314911 -12.1967 6
      vertex -0.314911 -12.1967 5.5
    endloop
  endfacet
  facet normal -0.926162 0.377125 0
    outer loop
      vertex -0.314911 -12.1967 6
      vertex -0.385803 -12.3708 5.5
      vertex -0.385803 -12.3708 6
    endloop
  endfacet
  facet normal -0.910444 0.413633 0
    outer loop
      vertex -0.314911 -12.1967 5.5
      vertex -0.236359 -12.0238 6
      vertex -0.236359 -12.0238 5.5
    endloop
  endfacet
  facet normal -0.910444 0.413633 0
    outer loop
      vertex -0.236359 -12.0238 6
      vertex -0.314911 -12.1967 5.5
      vertex -0.314911 -12.1967 6
    endloop
  endfacet
  facet normal -0.893885 0.448297 0
    outer loop
      vertex -0.236359 -12.0238 5.5
      vertex -0.149948 -11.8515 6
      vertex -0.149948 -11.8515 5.5
    endloop
  endfacet
  facet normal -0.893885 0.448297 0
    outer loop
      vertex -0.149948 -11.8515 6
      vertex -0.236359 -12.0238 5.5
      vertex -0.236359 -12.0238 6
    endloop
  endfacet
  facet normal -0.87662 0.481183 0
    outer loop
      vertex -0.149948 -11.8515 5.5
      vertex -0.055481 -11.6794 6
      vertex -0.055481 -11.6794 5.5
    endloop
  endfacet
  facet normal -0.87662 0.481183 0
    outer loop
      vertex -0.055481 -11.6794 6
      vertex -0.149948 -11.8515 5.5
      vertex -0.149948 -11.8515 6
    endloop
  endfacet
  facet normal -0.859164 0.511701 0
    outer loop
      vertex -0.055481 -11.6794 5.5
      vertex 0.0472565 -11.5069 6
      vertex 0.0472565 -11.5069 5.5
    endloop
  endfacet
  facet normal -0.859164 0.511701 0
    outer loop
      vertex 0.0472565 -11.5069 6
      vertex -0.055481 -11.6794 5.5
      vertex -0.055481 -11.6794 6
    endloop
  endfacet
  facet normal -0.841555 0.540171 0
    outer loop
      vertex 0.0472565 -11.5069 5.5
      vertex 0.158493 -11.3336 6
      vertex 0.158493 -11.3336 5.5
    endloop
  endfacet
  facet normal -0.841555 0.540171 0
    outer loop
      vertex 0.158493 -11.3336 6
      vertex 0.0472565 -11.5069 5.5
      vertex 0.0472565 -11.5069 6
    endloop
  endfacet
  facet normal -0.824303 0.566149 0
    outer loop
      vertex 0.158493 -11.3336 5.5
      vertex 0.278412 -11.159 6
      vertex 0.278412 -11.159 5.5
    endloop
  endfacet
  facet normal -0.824303 0.566149 0
    outer loop
      vertex 0.278412 -11.159 6
      vertex 0.158493 -11.3336 5.5
      vertex 0.158493 -11.3336 6
    endloop
  endfacet
  facet normal -0.807593 0.58974 0
    outer loop
      vertex 0.278412 -11.159 5.5
      vertex 0.407227 -10.9826 6
      vertex 0.407227 -10.9826 5.5
    endloop
  endfacet
  facet normal -0.807593 0.58974 0
    outer loop
      vertex 0.407227 -10.9826 6
      vertex 0.278412 -11.159 5.5
      vertex 0.278412 -11.159 6
    endloop
  endfacet
  facet normal -1 0 0
    outer loop
      vertex 0.407227 -10.9826 5.5
      vertex 0.407227 -10.7154 6
      vertex 0.407227 -10.7154 5.5
    endloop
  endfacet
  facet normal -1 -0 0
    outer loop
      vertex 0.407227 -10.7154 6
      vertex 0.407227 -10.9826 5.5
      vertex 0.407227 -10.9826 6
    endloop
  endfacet
  facet normal 0 -1 0
    outer loop
      vertex -1.30441 -10.7154 5.5
      vertex 0.407227 -10.7154 6
      vertex -1.30441 -10.7154 6
    endloop
  endfacet
  facet normal 0 -1 -0
    outer loop
      vertex 0.407227 -10.7154 6
      vertex -1.30441 -10.7154 5.5
      vertex 0.407227 -10.7154 5.5
    endloop
  endfacet
  facet normal 1 -0 0
    outer loop
      vertex -1.30441 -11.0295 6
      vertex -1.30441 -10.7154 5.5
      vertex -1.30441 -10.7154 6
    endloop
  endfacet
  facet normal 1 0 0
    outer loop
      vertex -1.30441 -10.7154 5.5
      vertex -1.30441 -11.0295 6
      vertex -1.30441 -11.0295 5.5
    endloop
  endfacet
  facet normal 0 1 -0
    outer loop
      vertex 0.0786133 -11.0295 5.5
      vertex -1.30441 -11.0295 6
      vertex 0.0786133 -11.0295 6
    endloop
  endfacet
  facet normal 0 1 0
    outer loop
      vertex -1.30441 -11.0295 6
      vertex 0.0786133 -11.0295 5.5
      vertex -1.30441 -11.0295 5.5
    endloop
  endfacet
  facet normal 0.823378 -0.567493 0
    outer loop
      vertex -0.0559235 -11.2247 6
      vertex 0.0786133 -11.0295 5.5
      vertex 0.0786133 -11.0295 6
    endloop
  endfacet
  facet normal 0.823378 -0.567493 0
    outer loop
      vertex 0.0786133 -11.0295 5.5
      vertex -0.0559235 -11.2247 6
      vertex -0.0559235 -11.2247 5.5
    endloop
  endfacet
  facet normal 0.833627 -0.552328 0
    outer loop
      vertex -0.178497 -11.4097 6
      vertex -0.0559235 -11.2247 5.5
      vertex -0.0559235 -11.2247 6
    endloop
  endfacet
  facet normal 0.833627 -0.552328 0
    outer loop
      vertex -0.0559235 -11.2247 5.5
      vertex -0.178497 -11.4097 6
      vertex -0.178497 -11.4097 5.5
    endloop
  endfacet
  facet normal 0.845774 -0.533542 0
    outer loop
      vertex -0.289902 -11.5863 6
      vertex -0.178497 -11.4097 5.5
      vertex -0.178497 -11.4097 6
    endloop
  endfacet
  facet normal 0.845774 -0.533542 0
    outer loop
      vertex -0.178497 -11.4097 5.5
      vertex -0.289902 -11.5863 6
      vertex -0.289902 -11.5863 5.5
    endloop
  endfacet
  facet normal 0.859419 -0.511271 0
    outer loop
      vertex -0.390976 -11.7562 6
      vertex -0.289902 -11.5863 5.5
      vertex -0.289902 -11.5863 6
    endloop
  endfacet
  facet normal 0.859419 -0.511271 0
    outer loop
      vertex -0.289902 -11.5863 5.5
      vertex -0.390976 -11.7562 6
      vertex -0.390976 -11.7562 5.5
    endloop
  endfacet
  facet normal 0.874413 -0.485183 0
    outer loop
      vertex -0.482529 -11.9212 6
      vertex -0.390976 -11.7562 5.5
      vertex -0.390976 -11.7562 6
    endloop
  endfacet
  facet normal 0.874413 -0.485183 0
    outer loop
      vertex -0.390976 -11.7562 5.5
      vertex -0.482529 -11.9212 6
      vertex -0.482529 -11.9212 5.5
    endloop
  endfacet
  facet normal 0.890131 -0.455704 0
    outer loop
      vertex -0.565414 -12.0831 6
      vertex -0.482529 -11.9212 5.5
      vertex -0.482529 -11.9212 6
    endloop
  endfacet
  facet normal 0.890131 -0.455704 0
    outer loop
      vertex -0.482529 -11.9212 5.5
      vertex -0.565414 -12.0831 6
      vertex -0.565414 -12.0831 5.5
    endloop
  endfacet
  facet normal 0.905906 -0.423479 0
    outer loop
      vertex -0.640442 -12.2436 6
      vertex -0.565414 -12.0831 5.5
      vertex -0.565414 -12.0831 6
    endloop
  endfacet
  facet normal 0.905906 -0.423479 0
    outer loop
      vertex -0.565414 -12.0831 5.5
      vertex -0.640442 -12.2436 6
      vertex -0.640442 -12.2436 5.5
    endloop
  endfacet
  facet normal 0.920981 -0.389607 0
    outer loop
      vertex -0.708466 -12.4044 6
      vertex -0.640442 -12.2436 5.5
      vertex -0.640442 -12.2436 6
    endloop
  endfacet
  facet normal 0.920981 -0.389607 0
    outer loop
      vertex -0.640442 -12.2436 5.5
      vertex -0.708466 -12.4044 6
      vertex -0.708466 -12.4044 5.5
    endloop
  endfacet
  facet normal 0.935025 -0.354581 0
    outer loop
      vertex -0.770279 -12.5674 6
      vertex -0.708466 -12.4044 5.5
      vertex -0.708466 -12.4044 6
    endloop
  endfacet
  facet normal 0.935025 -0.354581 0
    outer loop
      vertex -0.708466 -12.4044 5.5
      vertex -0.770279 -12.5674 6
      vertex -0.770279 -12.5674 5.5
    endloop
  endfacet
  facet normal 0.947272 -0.320432 0
    outer loop
      vertex -0.826736 -12.7343 6
      vertex -0.770279 -12.5674 5.5
      vertex -0.770279 -12.5674 6
    endloop
  endfacet
  facet normal 0.947272 -0.320432 0
    outer loop
      vertex -0.770279 -12.5674 5.5
      vertex -0.826736 -12.7343 6
      vertex -0.826736 -12.7343 5.5
    endloop
  endfacet
  facet normal 0.957534 -0.288321 0
    outer loop
      vertex -0.878647 -12.9067 6
      vertex -0.826736 -12.7343 5.5
      vertex -0.826736 -12.7343 6
    endloop
  endfacet
  facet normal 0.957534 -0.288321 0
    outer loop
      vertex -0.826736 -12.7343 5.5
      vertex -0.878647 -12.9067 6
      vertex -0.878647 -12.9067 5.5
    endloop
  endfacet
  facet normal 0.965929 -0.258809 0
    outer loop
      vertex -0.926849 -13.0866 6
      vertex -0.878647 -12.9067 5.5
      vertex -0.878647 -12.9067 6
    endloop
  endfacet
  facet normal 0.965929 -0.258809 0
    outer loop
      vertex -0.878647 -12.9067 5.5
      vertex -0.926849 -13.0866 6
      vertex -0.926849 -13.0866 5.5
    endloop
  endfacet
  facet normal 0.972418 -0.233246 0
    outer loop
      vertex -0.972183 -13.2756 6
      vertex -0.926849 -13.0866 5.5
      vertex -0.926849 -13.0866 6
    endloop
  endfacet
  facet normal 0.972418 -0.233246 0
    outer loop
      vertex -0.926849 -13.0866 5.5
      vertex -0.972183 -13.2756 6
      vertex -0.972183 -13.2756 5.5
    endloop
  endfacet
  facet normal 0 1 -0
    outer loop
      vertex -0.632751 -13.2756 5.5
      vertex -0.972183 -13.2756 6
      vertex -0.632751 -13.2756 6
    endloop
  endfacet
  facet normal 0 1 0
    outer loop
      vertex -0.972183 -13.2756 6
      vertex -0.632751 -13.2756 5.5
      vertex -0.972183 -13.2756 5.5
    endloop
  endfacet
  facet normal -0.982262 0.187511 0
    outer loop
      vertex -0.632751 -13.2756 5.5
      vertex -0.597015 -13.0884 6
      vertex -0.597015 -13.0884 5.5
    endloop
  endfacet
  facet normal -0.982262 0.187511 0
    outer loop
      vertex -0.597015 -13.0884 6
      vertex -0.632751 -13.2756 5.5
      vertex -0.632751 -13.2756 6
    endloop
  endfacet
  facet normal 0 -1 0
    outer loop
      vertex 0.804337 -12.9001 5.5
      vertex 1.1799 -12.9001 6
      vertex 0.804337 -12.9001 6
    endloop
  endfacet
  facet normal 0 -1 -0
    outer loop
      vertex 1.1799 -12.9001 6
      vertex 0.804337 -12.9001 5.5
      vertex 1.1799 -12.9001 5.5
    endloop
  endfacet
  facet normal 1 -0 0
    outer loop
      vertex 0.804337 -13.2756 6
      vertex 0.804337 -12.9001 5.5
      vertex 0.804337 -12.9001 6
    endloop
  endfacet
  facet normal 1 0 0
    outer loop
      vertex 0.804337 -12.9001 5.5
      vertex 0.804337 -13.2756 6
      vertex 0.804337 -13.2756 5.5
    endloop
  endfacet
  facet normal 0 1 -0
    outer loop
      vertex 1.1799 -13.2756 5.5
      vertex 0.804337 -13.2756 6
      vertex 1.1799 -13.2756 6
    endloop
  endfacet
  facet normal 0 1 0
    outer loop
      vertex 0.804337 -13.2756 6
      vertex 1.1799 -13.2756 5.5
      vertex 0.804337 -13.2756 5.5
    endloop
  endfacet
  facet normal -1 0 0
    outer loop
      vertex 1.1799 -13.2756 5.5
      vertex 1.1799 -12.9001 6
      vertex 1.1799 -12.9001 5.5
    endloop
  endfacet
  facet normal -1 -0 0
    outer loop
      vertex 1.1799 -12.9001 6
      vertex 1.1799 -13.2756 5.5
      vertex 1.1799 -13.2756 6
    endloop
  endfacet
endsolid OpenSCAD_Model
