solid OpenSCAD_Model
  facet normal -0.271416 0.962462 0
    outer loop
      vertex -82.1502 -16.6154 0
      vertex -82.358 -16.674 54
      vertex -82.1502 -16.6154 54
    endloop
  endfacet
  facet normal -0.271416 0.962462 0
    outer loop
      vertex -82.358 -16.674 54
      vertex -82.1502 -16.6154 0
      vertex -82.358 -16.674 0
    endloop
  endfacet
  facet normal -0.488589 -0.872514 0
    outer loop
      vertex -81.7515 -11.5497 0
      vertex -81.5631 -11.6552 54
      vertex -81.7515 -11.5497 54
    endloop
  endfacet
  facet normal -0.488589 -0.872514 -0
    outer loop
      vertex -81.5631 -11.6552 54
      vertex -81.7515 -11.5497 0
      vertex -81.5631 -11.6552 0
    endloop
  endfacet
  facet normal 0.962462 -0.271416 0
    outer loop
      vertex -85.674 -13.358 54
      vertex -85.6154 -13.1502 0
      vertex -85.6154 -13.1502 54
    endloop
  endfacet
  facet normal 0.962462 -0.271416 0
    outer loop
      vertex -85.6154 -13.1502 0
      vertex -85.674 -13.358 54
      vertex -85.674 -13.358 0
    endloop
  endfacet
  facet normal -0.619089 0.785321 0
    outer loop
      vertex -81.214 -16.0911 0
      vertex -81.3836 -16.2248 54
      vertex -81.214 -16.0911 54
    endloop
  endfacet
  facet normal -0.619089 0.785321 0
    outer loop
      vertex -81.3836 -16.2248 54
      vertex -81.214 -16.0911 0
      vertex -81.3836 -16.2248 0
    endloop
  endfacet
  facet normal 0.345941 -0.938256 0
    outer loop
      vertex -84.0524 -11.4593 0
      vertex -83.8498 -11.3846 54
      vertex -84.0524 -11.4593 54
    endloop
  endfacet
  facet normal 0.345941 -0.938256 0
    outer loop
      vertex -83.8498 -11.3846 54
      vertex -84.0524 -11.4593 0
      vertex -83.8498 -11.3846 0
    endloop
  endfacet
  facet normal -0.194958 -0.980812 0
    outer loop
      vertex -82.5698 -11.2839 0
      vertex -82.358 -11.326 54
      vertex -82.5698 -11.2839 54
    endloop
  endfacet
  facet normal -0.194958 -0.980812 -0
    outer loop
      vertex -82.358 -11.326 54
      vertex -82.5698 -11.2839 0
      vertex -82.358 -11.326 0
    endloop
  endfacet
  facet normal -0.418647 0.908149 0
    outer loop
      vertex -81.7515 -16.4503 0
      vertex -81.9476 -16.5407 54
      vertex -81.7515 -16.4503 54
    endloop
  endfacet
  facet normal -0.418647 0.908149 0
    outer loop
      vertex -81.9476 -16.5407 54
      vertex -81.7515 -16.4503 0
      vertex -81.9476 -16.5407 0
    endloop
  endfacet
  facet normal 0.418647 -0.908149 0
    outer loop
      vertex -84.2485 -11.5497 0
      vertex -84.0524 -11.4593 54
      vertex -84.2485 -11.5497 54
    endloop
  endfacet
  facet normal 0.418647 -0.908149 0
    outer loop
      vertex -84.0524 -11.4593 54
      vertex -84.2485 -11.5497 0
      vertex -84.0524 -11.4593 0
    endloop
  endfacet
  facet normal 0.938256 0.345941 0
    outer loop
      vertex -85.5407 -15.0524 54
      vertex -85.6154 -14.8498 0
      vertex -85.6154 -14.8498 54
    endloop
  endfacet
  facet normal 0.938256 0.345941 0
    outer loop
      vertex -85.6154 -14.8498 0
      vertex -85.5407 -15.0524 54
      vertex -85.5407 -15.0524 0
    endloop
  endfacet
  facet normal 0.785321 0.619089 0
    outer loop
      vertex -85.0911 -15.786 54
      vertex -85.2248 -15.6164 0
      vertex -85.2248 -15.6164 54
    endloop
  endfacet
  facet normal 0.785321 0.619089 0
    outer loop
      vertex -85.2248 -15.6164 0
      vertex -85.0911 -15.786 54
      vertex -85.0911 -15.786 0
    endloop
  endfacet
  facet normal -0.418647 -0.908149 0
    outer loop
      vertex -81.9476 -11.4593 0
      vertex -81.7515 -11.5497 54
      vertex -81.9476 -11.4593 54
    endloop
  endfacet
  facet normal -0.418647 -0.908149 -0
    outer loop
      vertex -81.7515 -11.5497 54
      vertex -81.9476 -11.4593 0
      vertex -81.7515 -11.5497 0
    endloop
  endfacet
  facet normal -0.117647 0.993055 0
    outer loop
      vertex -82.5698 -16.7161 0
      vertex -82.7842 -16.7415 54
      vertex -82.5698 -16.7161 54
    endloop
  endfacet
  facet normal -0.117647 0.993055 0
    outer loop
      vertex -82.7842 -16.7415 54
      vertex -82.5698 -16.7161 0
      vertex -82.7842 -16.7415 0
    endloop
  endfacet
  facet normal -0.872514 -0.488589 0
    outer loop
      vertex -80.5497 -12.7515 0
      vertex -80.6552 -12.5631 54
      vertex -80.6552 -12.5631 0
    endloop
  endfacet
  facet normal -0.872514 -0.488589 0
    outer loop
      vertex -80.6552 -12.5631 54
      vertex -80.5497 -12.7515 0
      vertex -80.5497 -12.7515 54
    endloop
  endfacet
  facet normal -0.345941 -0.938256 0
    outer loop
      vertex -82.1502 -11.3846 0
      vertex -81.9476 -11.4593 54
      vertex -82.1502 -11.3846 54
    endloop
  endfacet
  facet normal -0.345941 -0.938256 -0
    outer loop
      vertex -81.9476 -11.4593 54
      vertex -82.1502 -11.3846 0
      vertex -81.9476 -11.4593 0
    endloop
  endfacet
  facet normal 0.418647 0.908149 -0
    outer loop
      vertex -84.0524 -16.5407 0
      vertex -84.2485 -16.4503 54
      vertex -84.0524 -16.5407 54
    endloop
  endfacet
  facet normal 0.418647 0.908149 0
    outer loop
      vertex -84.2485 -16.4503 54
      vertex -84.0524 -16.5407 0
      vertex -84.2485 -16.4503 0
    endloop
  endfacet
  facet normal 0.908149 -0.418647 0
    outer loop
      vertex -85.5407 -12.9476 54
      vertex -85.4503 -12.7515 0
      vertex -85.4503 -12.7515 54
    endloop
  endfacet
  facet normal 0.908149 -0.418647 0
    outer loop
      vertex -85.4503 -12.7515 0
      vertex -85.5407 -12.9476 54
      vertex -85.5407 -12.9476 0
    endloop
  endfacet
  facet normal -0.908149 0.418647 0
    outer loop
      vertex -80.5497 -15.2485 0
      vertex -80.4593 -15.0524 54
      vertex -80.4593 -15.0524 0
    endloop
  endfacet
  facet normal -0.908149 0.418647 0
    outer loop
      vertex -80.4593 -15.0524 54
      vertex -80.5497 -15.2485 0
      vertex -80.5497 -15.2485 54
    endloop
  endfacet
  facet normal -0.993055 -0.117647 0
    outer loop
      vertex -80.2585 -13.7842 0
      vertex -80.2839 -13.5698 54
      vertex -80.2839 -13.5698 0
    endloop
  endfacet
  facet normal -0.993055 -0.117647 0
    outer loop
      vertex -80.2839 -13.5698 54
      vertex -80.2585 -13.7842 0
      vertex -80.2585 -13.7842 54
    endloop
  endfacet
  facet normal -0.999225 -0.0393578 0
    outer loop
      vertex -80.25 -14 0
      vertex -80.2585 -13.7842 54
      vertex -80.2585 -13.7842 0
    endloop
  endfacet
  facet normal -0.999225 -0.0393578 0
    outer loop
      vertex -80.2585 -13.7842 54
      vertex -80.25 -14 0
      vertex -80.25 -14 54
    endloop
  endfacet
  facet normal 0.872514 0.488589 0
    outer loop
      vertex -85.3448 -15.4369 54
      vertex -85.4503 -15.2485 0
      vertex -85.4503 -15.2485 54
    endloop
  endfacet
  facet normal 0.872514 0.488589 0
    outer loop
      vertex -85.4503 -15.2485 0
      vertex -85.3448 -15.4369 54
      vertex -85.3448 -15.4369 0
    endloop
  endfacet
  facet normal 0.345941 0.938256 -0
    outer loop
      vertex -83.8498 -16.6154 0
      vertex -84.0524 -16.5407 54
      vertex -83.8498 -16.6154 54
    endloop
  endfacet
  facet normal 0.345941 0.938256 0
    outer loop
      vertex -84.0524 -16.5407 54
      vertex -83.8498 -16.6154 0
      vertex -84.0524 -16.5407 0
    endloop
  endfacet
  facet normal -0.785321 -0.619089 0
    outer loop
      vertex -80.7752 -12.3836 0
      vertex -80.9089 -12.214 54
      vertex -80.9089 -12.214 0
    endloop
  endfacet
  facet normal -0.785321 -0.619089 0
    outer loop
      vertex -80.9089 -12.214 54
      vertex -80.7752 -12.3836 0
      vertex -80.7752 -12.3836 54
    endloop
  endfacet
  facet normal -0.980812 0.194958 0
    outer loop
      vertex -80.326 -14.642 0
      vertex -80.2839 -14.4302 54
      vertex -80.2839 -14.4302 0
    endloop
  endfacet
  facet normal -0.980812 0.194958 0
    outer loop
      vertex -80.2839 -14.4302 54
      vertex -80.326 -14.642 0
      vertex -80.326 -14.642 54
    endloop
  endfacet
  facet normal -0.734128 -0.679011 0
    outer loop
      vertex -80.9089 -12.214 0
      vertex -81.0555 -12.0555 54
      vertex -81.0555 -12.0555 0
    endloop
  endfacet
  facet normal -0.734128 -0.679011 0
    outer loop
      vertex -81.0555 -12.0555 54
      vertex -80.9089 -12.214 0
      vertex -80.9089 -12.214 54
    endloop
  endfacet
  facet normal 0.734128 -0.679011 0
    outer loop
      vertex -85.0911 -12.214 54
      vertex -84.9445 -12.0555 0
      vertex -84.9445 -12.0555 54
    endloop
  endfacet
  facet normal 0.734128 -0.679011 0
    outer loop
      vertex -84.9445 -12.0555 0
      vertex -85.0911 -12.214 54
      vertex -85.0911 -12.214 0
    endloop
  endfacet
  facet normal -0.831337 0.555769 0
    outer loop
      vertex -80.7752 -15.6164 0
      vertex -80.6552 -15.4369 54
      vertex -80.6552 -15.4369 0
    endloop
  endfacet
  facet normal -0.831337 0.555769 0
    outer loop
      vertex -80.6552 -15.4369 54
      vertex -80.7752 -15.6164 0
      vertex -80.7752 -15.6164 54
    endloop
  endfacet
  facet normal 0.271416 0.962462 -0
    outer loop
      vertex -83.642 -16.674 0
      vertex -83.8498 -16.6154 54
      vertex -83.642 -16.674 54
    endloop
  endfacet
  facet normal 0.271416 0.962462 0
    outer loop
      vertex -83.8498 -16.6154 54
      vertex -83.642 -16.674 0
      vertex -83.8498 -16.6154 0
    endloop
  endfacet
  facet normal 0.872514 -0.488589 0
    outer loop
      vertex -85.4503 -12.7515 54
      vertex -85.3448 -12.5631 0
      vertex -85.3448 -12.5631 54
    endloop
  endfacet
  facet normal 0.872514 -0.488589 0
    outer loop
      vertex -85.3448 -12.5631 0
      vertex -85.4503 -12.7515 54
      vertex -85.4503 -12.7515 0
    endloop
  endfacet
  facet normal -0.872514 0.488589 0
    outer loop
      vertex -80.6552 -15.4369 0
      vertex -80.5497 -15.2485 54
      vertex -80.5497 -15.2485 0
    endloop
  endfacet
  facet normal -0.872514 0.488589 0
    outer loop
      vertex -80.5497 -15.2485 54
      vertex -80.6552 -15.4369 0
      vertex -80.6552 -15.4369 54
    endloop
  endfacet
  facet normal -0.980812 -0.194958 0
    outer loop
      vertex -80.2839 -13.5698 0
      vertex -80.326 -13.358 54
      vertex -80.326 -13.358 0
    endloop
  endfacet
  facet normal -0.980812 -0.194958 0
    outer loop
      vertex -80.326 -13.358 54
      vertex -80.2839 -13.5698 0
      vertex -80.2839 -13.5698 54
    endloop
  endfacet
  facet normal -0.734128 0.679011 0
    outer loop
      vertex -81.0555 -15.9445 0
      vertex -80.9089 -15.786 54
      vertex -80.9089 -15.786 0
    endloop
  endfacet
  facet normal -0.734128 0.679011 0
    outer loop
      vertex -80.9089 -15.786 54
      vertex -81.0555 -15.9445 0
      vertex -81.0555 -15.9445 54
    endloop
  endfacet
  facet normal 0.831337 -0.555769 0
    outer loop
      vertex -85.3448 -12.5631 54
      vertex -85.2248 -12.3836 0
      vertex -85.2248 -12.3836 54
    endloop
  endfacet
  facet normal 0.831337 -0.555769 0
    outer loop
      vertex -85.2248 -12.3836 0
      vertex -85.3448 -12.5631 54
      vertex -85.3448 -12.5631 0
    endloop
  endfacet
  facet normal 0.194958 0.980812 -0
    outer loop
      vertex -83.4302 -16.7161 0
      vertex -83.642 -16.674 54
      vertex -83.4302 -16.7161 54
    endloop
  endfacet
  facet normal 0.194958 0.980812 0
    outer loop
      vertex -83.642 -16.674 54
      vertex -83.4302 -16.7161 0
      vertex -83.642 -16.674 0
    endloop
  endfacet
  facet normal 0.980812 -0.194958 0
    outer loop
      vertex -85.7161 -13.5698 54
      vertex -85.674 -13.358 0
      vertex -85.674 -13.358 54
    endloop
  endfacet
  facet normal 0.980812 -0.194958 0
    outer loop
      vertex -85.674 -13.358 0
      vertex -85.7161 -13.5698 54
      vertex -85.7161 -13.5698 0
    endloop
  endfacet
  facet normal 0.0393578 0.999225 -0
    outer loop
      vertex -83 -16.75 0
      vertex -83.2158 -16.7415 54
      vertex -83 -16.75 54
    endloop
  endfacet
  facet normal 0.0393578 0.999225 0
    outer loop
      vertex -83.2158 -16.7415 54
      vertex -83 -16.75 0
      vertex -83.2158 -16.7415 0
    endloop
  endfacet
  facet normal 0.555769 0.831337 -0
    outer loop
      vertex -84.4369 -16.3448 0
      vertex -84.6164 -16.2248 54
      vertex -84.4369 -16.3448 54
    endloop
  endfacet
  facet normal 0.555769 0.831337 0
    outer loop
      vertex -84.6164 -16.2248 54
      vertex -84.4369 -16.3448 0
      vertex -84.6164 -16.2248 0
    endloop
  endfacet
  facet normal 0.999225 -0.0393578 0
    outer loop
      vertex -85.75 -14 54
      vertex -85.7415 -13.7842 0
      vertex -85.7415 -13.7842 54
    endloop
  endfacet
  facet normal 0.999225 -0.0393578 0
    outer loop
      vertex -85.7415 -13.7842 0
      vertex -85.75 -14 54
      vertex -85.75 -14 0
    endloop
  endfacet
  facet normal -0.194958 0.980812 0
    outer loop
      vertex -82.358 -16.674 0
      vertex -82.5698 -16.7161 54
      vertex -82.358 -16.674 54
    endloop
  endfacet
  facet normal -0.194958 0.980812 0
    outer loop
      vertex -82.5698 -16.7161 54
      vertex -82.358 -16.674 0
      vertex -82.5698 -16.7161 0
    endloop
  endfacet
  facet normal 0.993055 -0.117647 0
    outer loop
      vertex -85.7415 -13.7842 54
      vertex -85.7161 -13.5698 0
      vertex -85.7161 -13.5698 54
    endloop
  endfacet
  facet normal 0.993055 -0.117647 0
    outer loop
      vertex -85.7161 -13.5698 0
      vertex -85.7415 -13.7842 54
      vertex -85.7415 -13.7842 0
    endloop
  endfacet
  facet normal 0.734128 0.679011 0
    outer loop
      vertex -84.9445 -15.9445 54
      vertex -85.0911 -15.786 0
      vertex -85.0911 -15.786 54
    endloop
  endfacet
  facet normal 0.734128 0.679011 0
    outer loop
      vertex -85.0911 -15.786 0
      vertex -84.9445 -15.9445 54
      vertex -84.9445 -15.9445 0
    endloop
  endfacet
  facet normal 0.980812 0.194958 0
    outer loop
      vertex -85.674 -14.642 54
      vertex -85.7161 -14.4302 0
      vertex -85.7161 -14.4302 54
    endloop
  endfacet
  facet normal 0.980812 0.194958 0
    outer loop
      vertex -85.7161 -14.4302 0
      vertex -85.674 -14.642 54
      vertex -85.674 -14.642 0
    endloop
  endfacet
  facet normal -0.785321 0.619089 0
    outer loop
      vertex -80.9089 -15.786 0
      vertex -80.7752 -15.6164 54
      vertex -80.7752 -15.6164 0
    endloop
  endfacet
  facet normal -0.785321 0.619089 0
    outer loop
      vertex -80.7752 -15.6164 54
      vertex -80.9089 -15.786 0
      vertex -80.9089 -15.786 54
    endloop
  endfacet
  facet normal 0.117647 0.993055 -0
    outer loop
      vertex -83.2158 -16.7415 0
      vertex -83.4302 -16.7161 54
      vertex -83.2158 -16.7415 54
    endloop
  endfacet
  facet normal 0.117647 0.993055 0
    outer loop
      vertex -83.4302 -16.7161 54
      vertex -83.2158 -16.7415 0
      vertex -83.4302 -16.7161 0
    endloop
  endfacet
  facet normal -0.962462 -0.271416 0
    outer loop
      vertex -80.326 -13.358 0
      vertex -80.3846 -13.1502 54
      vertex -80.3846 -13.1502 0
    endloop
  endfacet
  facet normal -0.962462 -0.271416 0
    outer loop
      vertex -80.3846 -13.1502 54
      vertex -80.326 -13.358 0
      vertex -80.326 -13.358 54
    endloop
  endfacet
  facet normal -0.555769 -0.831337 0
    outer loop
      vertex -81.5631 -11.6552 0
      vertex -81.3836 -11.7752 54
      vertex -81.5631 -11.6552 54
    endloop
  endfacet
  facet normal -0.555769 -0.831337 -0
    outer loop
      vertex -81.3836 -11.7752 54
      vertex -81.5631 -11.6552 0
      vertex -81.3836 -11.7752 0
    endloop
  endfacet
  facet normal 0.908149 0.418647 0
    outer loop
      vertex -85.4503 -15.2485 54
      vertex -85.5407 -15.0524 0
      vertex -85.5407 -15.0524 54
    endloop
  endfacet
  facet normal 0.908149 0.418647 0
    outer loop
      vertex -85.5407 -15.0524 0
      vertex -85.4503 -15.2485 54
      vertex -85.4503 -15.2485 0
    endloop
  endfacet
  facet normal -0.962462 0.271416 0
    outer loop
      vertex -80.3846 -14.8498 0
      vertex -80.326 -14.642 54
      vertex -80.326 -14.642 0
    endloop
  endfacet
  facet normal -0.962462 0.271416 0
    outer loop
      vertex -80.326 -14.642 54
      vertex -80.3846 -14.8498 0
      vertex -80.3846 -14.8498 54
    endloop
  endfacet
  facet normal -0.938256 -0.345941 0
    outer loop
      vertex -80.3846 -13.1502 0
      vertex -80.4593 -12.9476 54
      vertex -80.4593 -12.9476 0
    endloop
  endfacet
  facet normal -0.938256 -0.345941 0
    outer loop
      vertex -80.4593 -12.9476 54
      vertex -80.3846 -13.1502 0
      vertex -80.3846 -13.1502 54
    endloop
  endfacet
  facet normal -0.938256 0.345941 0
    outer loop
      vertex -80.4593 -15.0524 0
      vertex -80.3846 -14.8498 54
      vertex -80.3846 -14.8498 0
    endloop
  endfacet
  facet normal -0.938256 0.345941 0
    outer loop
      vertex -80.3846 -14.8498 54
      vertex -80.4593 -15.0524 0
      vertex -80.4593 -15.0524 54
    endloop
  endfacet
  facet normal -0.619089 -0.785321 0
    outer loop
      vertex -81.3836 -11.7752 0
      vertex -81.214 -11.9089 54
      vertex -81.3836 -11.7752 54
    endloop
  endfacet
  facet normal -0.619089 -0.785321 -0
    outer loop
      vertex -81.214 -11.9089 54
      vertex -81.3836 -11.7752 0
      vertex -81.214 -11.9089 0
    endloop
  endfacet
  facet normal 0.194958 -0.980812 0
    outer loop
      vertex -83.642 -11.326 0
      vertex -83.4302 -11.2839 54
      vertex -83.642 -11.326 54
    endloop
  endfacet
  facet normal 0.194958 -0.980812 0
    outer loop
      vertex -83.4302 -11.2839 54
      vertex -83.642 -11.326 0
      vertex -83.4302 -11.2839 0
    endloop
  endfacet
  facet normal 0.679011 -0.734128 0
    outer loop
      vertex -84.9445 -12.0555 0
      vertex -84.786 -11.9089 54
      vertex -84.9445 -12.0555 54
    endloop
  endfacet
  facet normal 0.679011 -0.734128 0
    outer loop
      vertex -84.786 -11.9089 54
      vertex -84.9445 -12.0555 0
      vertex -84.786 -11.9089 0
    endloop
  endfacet
  facet normal -0.0393578 -0.999225 0
    outer loop
      vertex -83 -11.25 0
      vertex -82.7842 -11.2585 54
      vertex -83 -11.25 54
    endloop
  endfacet
  facet normal -0.0393578 -0.999225 -0
    outer loop
      vertex -82.7842 -11.2585 54
      vertex -83 -11.25 0
      vertex -82.7842 -11.2585 0
    endloop
  endfacet
  facet normal 0.117647 -0.993055 0
    outer loop
      vertex -83.4302 -11.2839 0
      vertex -83.2158 -11.2585 54
      vertex -83.4302 -11.2839 54
    endloop
  endfacet
  facet normal 0.117647 -0.993055 0
    outer loop
      vertex -83.2158 -11.2585 54
      vertex -83.4302 -11.2839 0
      vertex -83.2158 -11.2585 0
    endloop
  endfacet
  facet normal 0.555769 -0.831337 0
    outer loop
      vertex -84.6164 -11.7752 0
      vertex -84.4369 -11.6552 54
      vertex -84.6164 -11.7752 54
    endloop
  endfacet
  facet normal 0.555769 -0.831337 0
    outer loop
      vertex -84.4369 -11.6552 54
      vertex -84.6164 -11.7752 0
      vertex -84.4369 -11.6552 0
    endloop
  endfacet
  facet normal -0.993055 0.117647 0
    outer loop
      vertex -80.2839 -14.4302 0
      vertex -80.2585 -14.2158 54
      vertex -80.2585 -14.2158 0
    endloop
  endfacet
  facet normal -0.993055 0.117647 0
    outer loop
      vertex -80.2585 -14.2158 54
      vertex -80.2839 -14.4302 0
      vertex -80.2839 -14.4302 54
    endloop
  endfacet
  facet normal -0.999225 0.0393578 0
    outer loop
      vertex -80.2585 -14.2158 0
      vertex -80.25 -14 54
      vertex -80.25 -14 0
    endloop
  endfacet
  facet normal -0.999225 0.0393578 0
    outer loop
      vertex -80.25 -14 54
      vertex -80.2585 -14.2158 0
      vertex -80.2585 -14.2158 54
    endloop
  endfacet
  facet normal -0.0393578 0.999225 0
    outer loop
      vertex -82.7842 -16.7415 0
      vertex -83 -16.75 54
      vertex -82.7842 -16.7415 54
    endloop
  endfacet
  facet normal -0.0393578 0.999225 0
    outer loop
      vertex -83 -16.75 54
      vertex -82.7842 -16.7415 0
      vertex -83 -16.75 0
    endloop
  endfacet
  facet normal 0.271416 -0.962462 0
    outer loop
      vertex -83.8498 -11.3846 0
      vertex -83.642 -11.326 54
      vertex -83.8498 -11.3846 54
    endloop
  endfacet
  facet normal 0.271416 -0.962462 0
    outer loop
      vertex -83.642 -11.326 54
      vertex -83.8498 -11.3846 0
      vertex -83.642 -11.326 0
    endloop
  endfacet
  facet normal 0.993055 0.117647 0
    outer loop
      vertex -85.7161 -14.4302 54
      vertex -85.7415 -14.2158 0
      vertex -85.7415 -14.2158 54
    endloop
  endfacet
  facet normal 0.993055 0.117647 0
    outer loop
      vertex -85.7415 -14.2158 0
      vertex -85.7161 -14.4302 54
      vertex -85.7161 -14.4302 0
    endloop
  endfacet
  facet normal 0.831337 0.555769 0
    outer loop
      vertex -85.2248 -15.6164 54
      vertex -85.3448 -15.4369 0
      vertex -85.3448 -15.4369 54
    endloop
  endfacet
  facet normal 0.831337 0.555769 0
    outer loop
      vertex -85.3448 -15.4369 0
      vertex -85.2248 -15.6164 54
      vertex -85.2248 -15.6164 0
    endloop
  endfacet
  facet normal 0.619089 0.785321 -0
    outer loop
      vertex -84.6164 -16.2248 0
      vertex -84.786 -16.0911 54
      vertex -84.6164 -16.2248 54
    endloop
  endfacet
  facet normal 0.619089 0.785321 0
    outer loop
      vertex -84.786 -16.0911 54
      vertex -84.6164 -16.2248 0
      vertex -84.786 -16.0911 0
    endloop
  endfacet
  facet normal -0.679011 -0.734128 0
    outer loop
      vertex -81.214 -11.9089 0
      vertex -81.0555 -12.0555 54
      vertex -81.214 -11.9089 54
    endloop
  endfacet
  facet normal -0.679011 -0.734128 -0
    outer loop
      vertex -81.0555 -12.0555 54
      vertex -81.214 -11.9089 0
      vertex -81.0555 -12.0555 0
    endloop
  endfacet
  facet normal 0.619089 -0.785321 0
    outer loop
      vertex -84.786 -11.9089 0
      vertex -84.6164 -11.7752 54
      vertex -84.786 -11.9089 54
    endloop
  endfacet
  facet normal 0.619089 -0.785321 0
    outer loop
      vertex -84.6164 -11.7752 54
      vertex -84.786 -11.9089 0
      vertex -84.6164 -11.7752 0
    endloop
  endfacet
  facet normal 0.962462 0.271416 0
    outer loop
      vertex -85.6154 -14.8498 54
      vertex -85.674 -14.642 0
      vertex -85.674 -14.642 54
    endloop
  endfacet
  facet normal 0.962462 0.271416 0
    outer loop
      vertex -85.674 -14.642 0
      vertex -85.6154 -14.8498 54
      vertex -85.6154 -14.8498 0
    endloop
  endfacet
  facet normal 0.679011 0.734128 -0
    outer loop
      vertex -84.786 -16.0911 0
      vertex -84.9445 -15.9445 54
      vertex -84.786 -16.0911 54
    endloop
  endfacet
  facet normal 0.679011 0.734128 0
    outer loop
      vertex -84.9445 -15.9445 54
      vertex -84.786 -16.0911 0
      vertex -84.9445 -15.9445 0
    endloop
  endfacet
  facet normal 0.999225 0.0393578 0
    outer loop
      vertex -85.7415 -14.2158 54
      vertex -85.75 -14 0
      vertex -85.75 -14 54
    endloop
  endfacet
  facet normal 0.999225 0.0393578 0
    outer loop
      vertex -85.75 -14 0
      vertex -85.7415 -14.2158 54
      vertex -85.7415 -14.2158 0
    endloop
  endfacet
  facet normal 0.488589 -0.872514 0
    outer loop
      vertex -84.4369 -11.6552 0
      vertex -84.2485 -11.5497 54
      vertex -84.4369 -11.6552 54
    endloop
  endfacet
  facet normal 0.488589 -0.872514 0
    outer loop
      vertex -84.2485 -11.5497 54
      vertex -84.4369 -11.6552 0
      vertex -84.2485 -11.5497 0
    endloop
  endfacet
  facet normal -0.488589 0.872514 0
    outer loop
      vertex -81.5631 -16.3448 0
      vertex -81.7515 -16.4503 54
      vertex -81.5631 -16.3448 54
    endloop
  endfacet
  facet normal -0.488589 0.872514 0
    outer loop
      vertex -81.7515 -16.4503 54
      vertex -81.5631 -16.3448 0
      vertex -81.7515 -16.4503 0
    endloop
  endfacet
  facet normal -0.908149 -0.418647 0
    outer loop
      vertex -80.4593 -12.9476 0
      vertex -80.5497 -12.7515 54
      vertex -80.5497 -12.7515 0
    endloop
  endfacet
  facet normal -0.908149 -0.418647 0
    outer loop
      vertex -80.5497 -12.7515 54
      vertex -80.4593 -12.9476 0
      vertex -80.4593 -12.9476 54
    endloop
  endfacet
  facet normal 0.0393578 -0.999225 0
    outer loop
      vertex -83.2158 -11.2585 0
      vertex -83 -11.25 54
      vertex -83.2158 -11.2585 54
    endloop
  endfacet
  facet normal 0.0393578 -0.999225 0
    outer loop
      vertex -83 -11.25 54
      vertex -83.2158 -11.2585 0
      vertex -83 -11.25 0
    endloop
  endfacet
  facet normal -0.831337 -0.555769 0
    outer loop
      vertex -80.6552 -12.5631 0
      vertex -80.7752 -12.3836 54
      vertex -80.7752 -12.3836 0
    endloop
  endfacet
  facet normal -0.831337 -0.555769 0
    outer loop
      vertex -80.7752 -12.3836 54
      vertex -80.6552 -12.5631 0
      vertex -80.6552 -12.5631 54
    endloop
  endfacet
  facet normal 0.785321 -0.619089 0
    outer loop
      vertex -85.2248 -12.3836 54
      vertex -85.0911 -12.214 0
      vertex -85.0911 -12.214 54
    endloop
  endfacet
  facet normal 0.785321 -0.619089 0
    outer loop
      vertex -85.0911 -12.214 0
      vertex -85.2248 -12.3836 54
      vertex -85.2248 -12.3836 0
    endloop
  endfacet
  facet normal 0.488589 0.872514 -0
    outer loop
      vertex -84.2485 -16.4503 0
      vertex -84.4369 -16.3448 54
      vertex -84.2485 -16.4503 54
    endloop
  endfacet
  facet normal 0.488589 0.872514 0
    outer loop
      vertex -84.4369 -16.3448 54
      vertex -84.2485 -16.4503 0
      vertex -84.4369 -16.3448 0
    endloop
  endfacet
  facet normal -0.117647 -0.993055 0
    outer loop
      vertex -82.7842 -11.2585 0
      vertex -82.5698 -11.2839 54
      vertex -82.7842 -11.2585 54
    endloop
  endfacet
  facet normal -0.117647 -0.993055 -0
    outer loop
      vertex -82.5698 -11.2839 54
      vertex -82.7842 -11.2585 0
      vertex -82.5698 -11.2839 0
    endloop
  endfacet
  facet normal -0.679011 0.734128 0
    outer loop
      vertex -81.0555 -15.9445 0
      vertex -81.214 -16.0911 54
      vertex -81.0555 -15.9445 54
    endloop
  endfacet
  facet normal -0.679011 0.734128 0
    outer loop
      vertex -81.214 -16.0911 54
      vertex -81.0555 -15.9445 0
      vertex -81.214 -16.0911 0
    endloop
  endfacet
  facet normal -0.555769 0.831337 0
    outer loop
      vertex -81.3836 -16.2248 0
      vertex -81.5631 -16.3448 54
      vertex -81.3836 -16.2248 54
    endloop
  endfacet
  facet normal -0.555769 0.831337 0
    outer loop
      vertex -81.5631 -16.3448 54
      vertex -81.3836 -16.2248 0
      vertex -81.5631 -16.3448 0
    endloop
  endfacet
  facet normal -0.271416 -0.962462 0
    outer loop
      vertex -82.358 -11.326 0
      vertex -82.1502 -11.3846 54
      vertex -82.358 -11.326 54
    endloop
  endfacet
  facet normal -0.271416 -0.962462 -0
    outer loop
      vertex -82.1502 -11.3846 54
      vertex -82.358 -11.326 0
      vertex -82.1502 -11.3846 0
    endloop
  endfacet
  facet normal -0.345941 0.938256 0
    outer loop
      vertex -81.9476 -16.5407 0
      vertex -82.1502 -16.6154 54
      vertex -81.9476 -16.5407 54
    endloop
  endfacet
  facet normal -0.345941 0.938256 0
    outer loop
      vertex -82.1502 -16.6154 54
      vertex -81.9476 -16.5407 0
      vertex -82.1502 -16.6154 0
    endloop
  endfacet
  facet normal 0.938256 -0.345941 0
    outer loop
      vertex -85.6154 -13.1502 54
      vertex -85.5407 -12.9476 0
      vertex -85.5407 -12.9476 54
    endloop
  endfacet
  facet normal 0.938256 -0.345941 0
    outer loop
      vertex -85.5407 -12.9476 0
      vertex -85.6154 -13.1502 54
      vertex -85.6154 -13.1502 0
    endloop
  endfacet
  facet normal 0.619089 0.785321 -0
    outer loop
      vertex -84.6164 11.7752 0
      vertex -84.786 11.9089 54
      vertex -84.6164 11.7752 54
    endloop
  endfacet
  facet normal 0.619089 0.785321 0
    outer loop
      vertex -84.786 11.9089 54
      vertex -84.6164 11.7752 0
      vertex -84.786 11.9089 0
    endloop
  endfacet
  facet normal -0.999225 -0.0393578 0
    outer loop
      vertex -80.25 14 0
      vertex -80.2585 14.2158 54
      vertex -80.2585 14.2158 0
    endloop
  endfacet
  facet normal -0.999225 -0.0393578 0
    outer loop
      vertex -80.2585 14.2158 54
      vertex -80.25 14 0
      vertex -80.25 14 54
    endloop
  endfacet
  facet normal -0.831337 0.555769 0
    outer loop
      vertex -80.7752 12.3836 0
      vertex -80.6552 12.5631 54
      vertex -80.6552 12.5631 0
    endloop
  endfacet
  facet normal -0.831337 0.555769 0
    outer loop
      vertex -80.6552 12.5631 54
      vertex -80.7752 12.3836 0
      vertex -80.7752 12.3836 54
    endloop
  endfacet
  facet normal -0.993055 -0.117647 0
    outer loop
      vertex -80.2585 14.2158 0
      vertex -80.2839 14.4302 54
      vertex -80.2839 14.4302 0
    endloop
  endfacet
  facet normal -0.993055 -0.117647 0
    outer loop
      vertex -80.2839 14.4302 54
      vertex -80.2585 14.2158 0
      vertex -80.2585 14.2158 54
    endloop
  endfacet
  facet normal 0.271416 -0.962462 0
    outer loop
      vertex -83.8498 16.6154 0
      vertex -83.642 16.674 54
      vertex -83.8498 16.6154 54
    endloop
  endfacet
  facet normal 0.271416 -0.962462 0
    outer loop
      vertex -83.642 16.674 54
      vertex -83.8498 16.6154 0
      vertex -83.642 16.674 0
    endloop
  endfacet
  facet normal 0.962462 0.271416 0
    outer loop
      vertex -85.6154 13.1502 54
      vertex -85.674 13.358 0
      vertex -85.674 13.358 54
    endloop
  endfacet
  facet normal 0.962462 0.271416 0
    outer loop
      vertex -85.674 13.358 0
      vertex -85.6154 13.1502 54
      vertex -85.6154 13.1502 0
    endloop
  endfacet
  facet normal 0.194958 0.980812 -0
    outer loop
      vertex -83.4302 11.2839 0
      vertex -83.642 11.326 54
      vertex -83.4302 11.2839 54
    endloop
  endfacet
  facet normal 0.194958 0.980812 0
    outer loop
      vertex -83.642 11.326 54
      vertex -83.4302 11.2839 0
      vertex -83.642 11.326 0
    endloop
  endfacet
  facet normal 0.418647 0.908149 -0
    outer loop
      vertex -84.0524 11.4593 0
      vertex -84.2485 11.5497 54
      vertex -84.0524 11.4593 54
    endloop
  endfacet
  facet normal 0.418647 0.908149 0
    outer loop
      vertex -84.2485 11.5497 54
      vertex -84.0524 11.4593 0
      vertex -84.2485 11.5497 0
    endloop
  endfacet
  facet normal 0.999225 0.0393578 0
    outer loop
      vertex -85.7415 13.7842 54
      vertex -85.75 14 0
      vertex -85.75 14 54
    endloop
  endfacet
  facet normal 0.999225 0.0393578 0
    outer loop
      vertex -85.75 14 0
      vertex -85.7415 13.7842 54
      vertex -85.7415 13.7842 0
    endloop
  endfacet
  facet normal -0.962462 0.271416 0
    outer loop
      vertex -80.3846 13.1502 0
      vertex -80.326 13.358 54
      vertex -80.326 13.358 0
    endloop
  endfacet
  facet normal -0.962462 0.271416 0
    outer loop
      vertex -80.326 13.358 54
      vertex -80.3846 13.1502 0
      vertex -80.3846 13.1502 54
    endloop
  endfacet
  facet normal -0.993055 0.117647 0
    outer loop
      vertex -80.2839 13.5698 0
      vertex -80.2585 13.7842 54
      vertex -80.2585 13.7842 0
    endloop
  endfacet
  facet normal -0.993055 0.117647 0
    outer loop
      vertex -80.2585 13.7842 54
      vertex -80.2839 13.5698 0
      vertex -80.2839 13.5698 54
    endloop
  endfacet
  facet normal 0.488589 -0.872514 0
    outer loop
      vertex -84.4369 16.3448 0
      vertex -84.2485 16.4503 54
      vertex -84.4369 16.3448 54
    endloop
  endfacet
  facet normal 0.488589 -0.872514 0
    outer loop
      vertex -84.2485 16.4503 54
      vertex -84.4369 16.3448 0
      vertex -84.2485 16.4503 0
    endloop
  endfacet
  facet normal 0.734128 -0.679011 0
    outer loop
      vertex -85.0911 15.786 54
      vertex -84.9445 15.9445 0
      vertex -84.9445 15.9445 54
    endloop
  endfacet
  facet normal 0.734128 -0.679011 0
    outer loop
      vertex -84.9445 15.9445 0
      vertex -85.0911 15.786 54
      vertex -85.0911 15.786 0
    endloop
  endfacet
  facet normal -0.0393578 -0.999225 0
    outer loop
      vertex -83 16.75 0
      vertex -82.7842 16.7415 54
      vertex -83 16.75 54
    endloop
  endfacet
  facet normal -0.0393578 -0.999225 -0
    outer loop
      vertex -82.7842 16.7415 54
      vertex -83 16.75 0
      vertex -82.7842 16.7415 0
    endloop
  endfacet
  facet normal -0.785321 0.619089 0
    outer loop
      vertex -80.9089 12.214 0
      vertex -80.7752 12.3836 54
      vertex -80.7752 12.3836 0
    endloop
  endfacet
  facet normal -0.785321 0.619089 0
    outer loop
      vertex -80.7752 12.3836 54
      vertex -80.9089 12.214 0
      vertex -80.9089 12.214 54
    endloop
  endfacet
  facet normal 0.345941 -0.938256 0
    outer loop
      vertex -84.0524 16.5407 0
      vertex -83.8498 16.6154 54
      vertex -84.0524 16.5407 54
    endloop
  endfacet
  facet normal 0.345941 -0.938256 0
    outer loop
      vertex -83.8498 16.6154 54
      vertex -84.0524 16.5407 0
      vertex -83.8498 16.6154 0
    endloop
  endfacet
  facet normal -0.962462 -0.271416 0
    outer loop
      vertex -80.326 14.642 0
      vertex -80.3846 14.8498 54
      vertex -80.3846 14.8498 0
    endloop
  endfacet
  facet normal -0.962462 -0.271416 0
    outer loop
      vertex -80.3846 14.8498 54
      vertex -80.326 14.642 0
      vertex -80.326 14.642 54
    endloop
  endfacet
  facet normal -0.938256 0.345941 0
    outer loop
      vertex -80.4593 12.9476 0
      vertex -80.3846 13.1502 54
      vertex -80.3846 13.1502 0
    endloop
  endfacet
  facet normal -0.938256 0.345941 0
    outer loop
      vertex -80.3846 13.1502 54
      vertex -80.4593 12.9476 0
      vertex -80.4593 12.9476 54
    endloop
  endfacet
  facet normal -0.418647 0.908149 0
    outer loop
      vertex -81.7515 11.5497 0
      vertex -81.9476 11.4593 54
      vertex -81.7515 11.5497 54
    endloop
  endfacet
  facet normal -0.418647 0.908149 0
    outer loop
      vertex -81.9476 11.4593 54
      vertex -81.7515 11.5497 0
      vertex -81.9476 11.4593 0
    endloop
  endfacet
  facet normal -0.872514 0.488589 0
    outer loop
      vertex -80.6552 12.5631 0
      vertex -80.5497 12.7515 54
      vertex -80.5497 12.7515 0
    endloop
  endfacet
  facet normal -0.872514 0.488589 0
    outer loop
      vertex -80.5497 12.7515 54
      vertex -80.6552 12.5631 0
      vertex -80.6552 12.5631 54
    endloop
  endfacet
  facet normal -0.619089 -0.785321 0
    outer loop
      vertex -81.3836 16.2248 0
      vertex -81.214 16.0911 54
      vertex -81.3836 16.2248 54
    endloop
  endfacet
  facet normal -0.619089 -0.785321 -0
    outer loop
      vertex -81.214 16.0911 54
      vertex -81.3836 16.2248 0
      vertex -81.214 16.0911 0
    endloop
  endfacet
  facet normal -0.117647 0.993055 0
    outer loop
      vertex -82.5698 11.2839 0
      vertex -82.7842 11.2585 54
      vertex -82.5698 11.2839 54
    endloop
  endfacet
  facet normal -0.117647 0.993055 0
    outer loop
      vertex -82.7842 11.2585 54
      vertex -82.5698 11.2839 0
      vertex -82.7842 11.2585 0
    endloop
  endfacet
  facet normal -0.271416 -0.962462 0
    outer loop
      vertex -82.358 16.674 0
      vertex -82.1502 16.6154 54
      vertex -82.358 16.674 54
    endloop
  endfacet
  facet normal -0.271416 -0.962462 -0
    outer loop
      vertex -82.1502 16.6154 54
      vertex -82.358 16.674 0
      vertex -82.1502 16.6154 0
    endloop
  endfacet
  facet normal -0.980812 -0.194958 0
    outer loop
      vertex -80.2839 14.4302 0
      vertex -80.326 14.642 54
      vertex -80.326 14.642 0
    endloop
  endfacet
  facet normal -0.980812 -0.194958 0
    outer loop
      vertex -80.326 14.642 54
      vertex -80.2839 14.4302 0
      vertex -80.2839 14.4302 54
    endloop
  endfacet
  facet normal -0.418647 -0.908149 0
    outer loop
      vertex -81.9476 16.5407 0
      vertex -81.7515 16.4503 54
      vertex -81.9476 16.5407 54
    endloop
  endfacet
  facet normal -0.418647 -0.908149 -0
    outer loop
      vertex -81.7515 16.4503 54
      vertex -81.9476 16.5407 0
      vertex -81.7515 16.4503 0
    endloop
  endfacet
  facet normal -0.0393578 0.999225 0
    outer loop
      vertex -82.7842 11.2585 0
      vertex -83 11.25 54
      vertex -82.7842 11.2585 54
    endloop
  endfacet
  facet normal -0.0393578 0.999225 0
    outer loop
      vertex -83 11.25 54
      vertex -82.7842 11.2585 0
      vertex -83 11.25 0
    endloop
  endfacet
  facet normal -0.117647 -0.993055 0
    outer loop
      vertex -82.7842 16.7415 0
      vertex -82.5698 16.7161 54
      vertex -82.7842 16.7415 54
    endloop
  endfacet
  facet normal -0.117647 -0.993055 -0
    outer loop
      vertex -82.5698 16.7161 54
      vertex -82.7842 16.7415 0
      vertex -82.5698 16.7161 0
    endloop
  endfacet
  facet normal 0.831337 -0.555769 0
    outer loop
      vertex -85.3448 15.4369 54
      vertex -85.2248 15.6164 0
      vertex -85.2248 15.6164 54
    endloop
  endfacet
  facet normal 0.831337 -0.555769 0
    outer loop
      vertex -85.2248 15.6164 0
      vertex -85.3448 15.4369 54
      vertex -85.3448 15.4369 0
    endloop
  endfacet
  facet normal -0.679011 0.734128 0
    outer loop
      vertex -81.0555 12.0555 0
      vertex -81.214 11.9089 54
      vertex -81.0555 12.0555 54
    endloop
  endfacet
  facet normal -0.679011 0.734128 0
    outer loop
      vertex -81.214 11.9089 54
      vertex -81.0555 12.0555 0
      vertex -81.214 11.9089 0
    endloop
  endfacet
  facet normal 0.0393578 -0.999225 0
    outer loop
      vertex -83.2158 16.7415 0
      vertex -83 16.75 54
      vertex -83.2158 16.7415 54
    endloop
  endfacet
  facet normal 0.0393578 -0.999225 0
    outer loop
      vertex -83 16.75 54
      vertex -83.2158 16.7415 0
      vertex -83 16.75 0
    endloop
  endfacet
  facet normal 0.993055 -0.117647 0
    outer loop
      vertex -85.7415 14.2158 54
      vertex -85.7161 14.4302 0
      vertex -85.7161 14.4302 54
    endloop
  endfacet
  facet normal 0.993055 -0.117647 0
    outer loop
      vertex -85.7161 14.4302 0
      vertex -85.7415 14.2158 54
      vertex -85.7415 14.2158 0
    endloop
  endfacet
  facet normal -0.555769 0.831337 0
    outer loop
      vertex -81.3836 11.7752 0
      vertex -81.5631 11.6552 54
      vertex -81.3836 11.7752 54
    endloop
  endfacet
  facet normal -0.555769 0.831337 0
    outer loop
      vertex -81.5631 11.6552 54
      vertex -81.3836 11.7752 0
      vertex -81.5631 11.6552 0
    endloop
  endfacet
  facet normal 0.418647 -0.908149 0
    outer loop
      vertex -84.2485 16.4503 0
      vertex -84.0524 16.5407 54
      vertex -84.2485 16.4503 54
    endloop
  endfacet
  facet normal 0.418647 -0.908149 0
    outer loop
      vertex -84.0524 16.5407 54
      vertex -84.2485 16.4503 0
      vertex -84.0524 16.5407 0
    endloop
  endfacet
  facet normal -0.831337 -0.555769 0
    outer loop
      vertex -80.6552 15.4369 0
      vertex -80.7752 15.6164 54
      vertex -80.7752 15.6164 0
    endloop
  endfacet
  facet normal -0.831337 -0.555769 0
    outer loop
      vertex -80.7752 15.6164 54
      vertex -80.6552 15.4369 0
      vertex -80.6552 15.4369 54
    endloop
  endfacet
  facet normal -0.555769 -0.831337 0
    outer loop
      vertex -81.5631 16.3448 0
      vertex -81.3836 16.2248 54
      vertex -81.5631 16.3448 54
    endloop
  endfacet
  facet normal -0.555769 -0.831337 -0
    outer loop
      vertex -81.3836 16.2248 54
      vertex -81.5631 16.3448 0
      vertex -81.3836 16.2248 0
    endloop
  endfacet
  facet normal -0.619089 0.785321 0
    outer loop
      vertex -81.214 11.9089 0
      vertex -81.3836 11.7752 54
      vertex -81.214 11.9089 54
    endloop
  endfacet
  facet normal -0.619089 0.785321 0
    outer loop
      vertex -81.3836 11.7752 54
      vertex -81.214 11.9089 0
      vertex -81.3836 11.7752 0
    endloop
  endfacet
  facet normal -0.938256 -0.345941 0
    outer loop
      vertex -80.3846 14.8498 0
      vertex -80.4593 15.0524 54
      vertex -80.4593 15.0524 0
    endloop
  endfacet
  facet normal -0.938256 -0.345941 0
    outer loop
      vertex -80.4593 15.0524 54
      vertex -80.3846 14.8498 0
      vertex -80.3846 14.8498 54
    endloop
  endfacet
  facet normal 0.117647 -0.993055 0
    outer loop
      vertex -83.4302 16.7161 0
      vertex -83.2158 16.7415 54
      vertex -83.4302 16.7161 54
    endloop
  endfacet
  facet normal 0.117647 -0.993055 0
    outer loop
      vertex -83.2158 16.7415 54
      vertex -83.4302 16.7161 0
      vertex -83.2158 16.7415 0
    endloop
  endfacet
  facet normal 0.117647 0.993055 -0
    outer loop
      vertex -83.2158 11.2585 0
      vertex -83.4302 11.2839 54
      vertex -83.2158 11.2585 54
    endloop
  endfacet
  facet normal 0.117647 0.993055 0
    outer loop
      vertex -83.4302 11.2839 54
      vertex -83.2158 11.2585 0
      vertex -83.4302 11.2839 0
    endloop
  endfacet
  facet normal -0.980812 0.194958 0
    outer loop
      vertex -80.326 13.358 0
      vertex -80.2839 13.5698 54
      vertex -80.2839 13.5698 0
    endloop
  endfacet
  facet normal -0.980812 0.194958 0
    outer loop
      vertex -80.2839 13.5698 54
      vertex -80.326 13.358 0
      vertex -80.326 13.358 54
    endloop
  endfacet
  facet normal -0.785321 -0.619089 0
    outer loop
      vertex -80.7752 15.6164 0
      vertex -80.9089 15.786 54
      vertex -80.9089 15.786 0
    endloop
  endfacet
  facet normal -0.785321 -0.619089 0
    outer loop
      vertex -80.9089 15.786 54
      vertex -80.7752 15.6164 0
      vertex -80.7752 15.6164 54
    endloop
  endfacet
  facet normal 0.980812 -0.194958 0
    outer loop
      vertex -85.7161 14.4302 54
      vertex -85.674 14.642 0
      vertex -85.674 14.642 54
    endloop
  endfacet
  facet normal 0.980812 -0.194958 0
    outer loop
      vertex -85.674 14.642 0
      vertex -85.7161 14.4302 54
      vertex -85.7161 14.4302 0
    endloop
  endfacet
  facet normal -0.734128 -0.679011 0
    outer loop
      vertex -80.9089 15.786 0
      vertex -81.0555 15.9445 54
      vertex -81.0555 15.9445 0
    endloop
  endfacet
  facet normal -0.734128 -0.679011 0
    outer loop
      vertex -81.0555 15.9445 54
      vertex -80.9089 15.786 0
      vertex -80.9089 15.786 54
    endloop
  endfacet
  facet normal -0.999225 0.0393578 0
    outer loop
      vertex -80.2585 13.7842 0
      vertex -80.25 14 54
      vertex -80.25 14 0
    endloop
  endfacet
  facet normal -0.999225 0.0393578 0
    outer loop
      vertex -80.25 14 54
      vertex -80.2585 13.7842 0
      vertex -80.2585 13.7842 54
    endloop
  endfacet
  facet normal -0.679011 -0.734128 0
    outer loop
      vertex -81.214 16.0911 0
      vertex -81.0555 15.9445 54
      vertex -81.214 16.0911 54
    endloop
  endfacet
  facet normal -0.679011 -0.734128 -0
    outer loop
      vertex -81.0555 15.9445 54
      vertex -81.214 16.0911 0
      vertex -81.0555 15.9445 0
    endloop
  endfacet
  facet normal -0.345941 -0.938256 0
    outer loop
      vertex -82.1502 16.6154 0
      vertex -81.9476 16.5407 54
      vertex -82.1502 16.6154 54
    endloop
  endfacet
  facet normal -0.345941 -0.938256 -0
    outer loop
      vertex -81.9476 16.5407 54
      vertex -82.1502 16.6154 0
      vertex -81.9476 16.5407 0
    endloop
  endfacet
  facet normal 0.999225 -0.0393578 0
    outer loop
      vertex -85.75 14 54
      vertex -85.7415 14.2158 0
      vertex -85.7415 14.2158 54
    endloop
  endfacet
  facet normal 0.999225 -0.0393578 0
    outer loop
      vertex -85.7415 14.2158 0
      vertex -85.75 14 54
      vertex -85.75 14 0
    endloop
  endfacet
  facet normal 0.271416 0.962462 -0
    outer loop
      vertex -83.642 11.326 0
      vertex -83.8498 11.3846 54
      vertex -83.642 11.326 54
    endloop
  endfacet
  facet normal 0.271416 0.962462 0
    outer loop
      vertex -83.8498 11.3846 54
      vertex -83.642 11.326 0
      vertex -83.8498 11.3846 0
    endloop
  endfacet
  facet normal 0.734128 0.679011 0
    outer loop
      vertex -84.9445 12.0555 54
      vertex -85.0911 12.214 0
      vertex -85.0911 12.214 54
    endloop
  endfacet
  facet normal 0.734128 0.679011 0
    outer loop
      vertex -85.0911 12.214 0
      vertex -84.9445 12.0555 54
      vertex -84.9445 12.0555 0
    endloop
  endfacet
  facet normal -0.345941 0.938256 0
    outer loop
      vertex -81.9476 11.4593 0
      vertex -82.1502 11.3846 54
      vertex -81.9476 11.4593 54
    endloop
  endfacet
  facet normal -0.345941 0.938256 0
    outer loop
      vertex -82.1502 11.3846 54
      vertex -81.9476 11.4593 0
      vertex -82.1502 11.3846 0
    endloop
  endfacet
  facet normal 0.938256 0.345941 0
    outer loop
      vertex -85.5407 12.9476 54
      vertex -85.6154 13.1502 0
      vertex -85.6154 13.1502 54
    endloop
  endfacet
  facet normal 0.938256 0.345941 0
    outer loop
      vertex -85.6154 13.1502 0
      vertex -85.5407 12.9476 54
      vertex -85.5407 12.9476 0
    endloop
  endfacet
  facet normal -0.872514 -0.488589 0
    outer loop
      vertex -80.5497 15.2485 0
      vertex -80.6552 15.4369 54
      vertex -80.6552 15.4369 0
    endloop
  endfacet
  facet normal -0.872514 -0.488589 0
    outer loop
      vertex -80.6552 15.4369 54
      vertex -80.5497 15.2485 0
      vertex -80.5497 15.2485 54
    endloop
  endfacet
  facet normal -0.194958 0.980812 0
    outer loop
      vertex -82.358 11.326 0
      vertex -82.5698 11.2839 54
      vertex -82.358 11.326 54
    endloop
  endfacet
  facet normal -0.194958 0.980812 0
    outer loop
      vertex -82.5698 11.2839 54
      vertex -82.358 11.326 0
      vertex -82.5698 11.2839 0
    endloop
  endfacet
  facet normal 0.345941 0.938256 -0
    outer loop
      vertex -83.8498 11.3846 0
      vertex -84.0524 11.4593 54
      vertex -83.8498 11.3846 54
    endloop
  endfacet
  facet normal 0.345941 0.938256 0
    outer loop
      vertex -84.0524 11.4593 54
      vertex -83.8498 11.3846 0
      vertex -84.0524 11.4593 0
    endloop
  endfacet
  facet normal 0.785321 -0.619089 0
    outer loop
      vertex -85.2248 15.6164 54
      vertex -85.0911 15.786 0
      vertex -85.0911 15.786 54
    endloop
  endfacet
  facet normal 0.785321 -0.619089 0
    outer loop
      vertex -85.0911 15.786 0
      vertex -85.2248 15.6164 54
      vertex -85.2248 15.6164 0
    endloop
  endfacet
  facet normal -0.488589 0.872514 0
    outer loop
      vertex -81.5631 11.6552 0
      vertex -81.7515 11.5497 54
      vertex -81.5631 11.6552 54
    endloop
  endfacet
  facet normal -0.488589 0.872514 0
    outer loop
      vertex -81.7515 11.5497 54
      vertex -81.5631 11.6552 0
      vertex -81.7515 11.5497 0
    endloop
  endfacet
  facet normal 0.619089 -0.785321 0
    outer loop
      vertex -84.786 16.0911 0
      vertex -84.6164 16.2248 54
      vertex -84.786 16.0911 54
    endloop
  endfacet
  facet normal 0.619089 -0.785321 0
    outer loop
      vertex -84.6164 16.2248 54
      vertex -84.786 16.0911 0
      vertex -84.6164 16.2248 0
    endloop
  endfacet
  facet normal 0.962462 -0.271416 0
    outer loop
      vertex -85.674 14.642 54
      vertex -85.6154 14.8498 0
      vertex -85.6154 14.8498 54
    endloop
  endfacet
  facet normal 0.962462 -0.271416 0
    outer loop
      vertex -85.6154 14.8498 0
      vertex -85.674 14.642 54
      vertex -85.674 14.642 0
    endloop
  endfacet
  facet normal 0.194958 -0.980812 0
    outer loop
      vertex -83.642 16.674 0
      vertex -83.4302 16.7161 54
      vertex -83.642 16.674 54
    endloop
  endfacet
  facet normal 0.194958 -0.980812 0
    outer loop
      vertex -83.4302 16.7161 54
      vertex -83.642 16.674 0
      vertex -83.4302 16.7161 0
    endloop
  endfacet
  facet normal 0.679011 -0.734128 0
    outer loop
      vertex -84.9445 15.9445 0
      vertex -84.786 16.0911 54
      vertex -84.9445 15.9445 54
    endloop
  endfacet
  facet normal 0.679011 -0.734128 0
    outer loop
      vertex -84.786 16.0911 54
      vertex -84.9445 15.9445 0
      vertex -84.786 16.0911 0
    endloop
  endfacet
  facet normal 0.831337 0.555769 0
    outer loop
      vertex -85.2248 12.3836 54
      vertex -85.3448 12.5631 0
      vertex -85.3448 12.5631 54
    endloop
  endfacet
  facet normal 0.831337 0.555769 0
    outer loop
      vertex -85.3448 12.5631 0
      vertex -85.2248 12.3836 54
      vertex -85.2248 12.3836 0
    endloop
  endfacet
  facet normal -0.734128 0.679011 0
    outer loop
      vertex -81.0555 12.0555 0
      vertex -80.9089 12.214 54
      vertex -80.9089 12.214 0
    endloop
  endfacet
  facet normal -0.734128 0.679011 0
    outer loop
      vertex -80.9089 12.214 54
      vertex -81.0555 12.0555 0
      vertex -81.0555 12.0555 54
    endloop
  endfacet
  facet normal 0.785321 0.619089 0
    outer loop
      vertex -85.0911 12.214 54
      vertex -85.2248 12.3836 0
      vertex -85.2248 12.3836 54
    endloop
  endfacet
  facet normal 0.785321 0.619089 0
    outer loop
      vertex -85.2248 12.3836 0
      vertex -85.0911 12.214 54
      vertex -85.0911 12.214 0
    endloop
  endfacet
  facet normal -0.908149 0.418647 0
    outer loop
      vertex -80.5497 12.7515 0
      vertex -80.4593 12.9476 54
      vertex -80.4593 12.9476 0
    endloop
  endfacet
  facet normal -0.908149 0.418647 0
    outer loop
      vertex -80.4593 12.9476 54
      vertex -80.5497 12.7515 0
      vertex -80.5497 12.7515 54
    endloop
  endfacet
  facet normal 0.679011 0.734128 -0
    outer loop
      vertex -84.786 11.9089 0
      vertex -84.9445 12.0555 54
      vertex -84.786 11.9089 54
    endloop
  endfacet
  facet normal 0.679011 0.734128 0
    outer loop
      vertex -84.9445 12.0555 54
      vertex -84.786 11.9089 0
      vertex -84.9445 12.0555 0
    endloop
  endfacet
  facet normal -0.194958 -0.980812 0
    outer loop
      vertex -82.5698 16.7161 0
      vertex -82.358 16.674 54
      vertex -82.5698 16.7161 54
    endloop
  endfacet
  facet normal -0.194958 -0.980812 -0
    outer loop
      vertex -82.358 16.674 54
      vertex -82.5698 16.7161 0
      vertex -82.358 16.674 0
    endloop
  endfacet
  facet normal -0.488589 -0.872514 0
    outer loop
      vertex -81.7515 16.4503 0
      vertex -81.5631 16.3448 54
      vertex -81.7515 16.4503 54
    endloop
  endfacet
  facet normal -0.488589 -0.872514 -0
    outer loop
      vertex -81.5631 16.3448 54
      vertex -81.7515 16.4503 0
      vertex -81.5631 16.3448 0
    endloop
  endfacet
  facet normal 0.555769 0.831337 -0
    outer loop
      vertex -84.4369 11.6552 0
      vertex -84.6164 11.7752 54
      vertex -84.4369 11.6552 54
    endloop
  endfacet
  facet normal 0.555769 0.831337 0
    outer loop
      vertex -84.6164 11.7752 54
      vertex -84.4369 11.6552 0
      vertex -84.6164 11.7752 0
    endloop
  endfacet
  facet normal -0.908149 -0.418647 0
    outer loop
      vertex -80.4593 15.0524 0
      vertex -80.5497 15.2485 54
      vertex -80.5497 15.2485 0
    endloop
  endfacet
  facet normal -0.908149 -0.418647 0
    outer loop
      vertex -80.5497 15.2485 54
      vertex -80.4593 15.0524 0
      vertex -80.4593 15.0524 54
    endloop
  endfacet
  facet normal 0.980812 0.194958 0
    outer loop
      vertex -85.674 13.358 54
      vertex -85.7161 13.5698 0
      vertex -85.7161 13.5698 54
    endloop
  endfacet
  facet normal 0.980812 0.194958 0
    outer loop
      vertex -85.7161 13.5698 0
      vertex -85.674 13.358 54
      vertex -85.674 13.358 0
    endloop
  endfacet
  facet normal -0.271416 0.962462 0
    outer loop
      vertex -82.1502 11.3846 0
      vertex -82.358 11.326 54
      vertex -82.1502 11.3846 54
    endloop
  endfacet
  facet normal -0.271416 0.962462 0
    outer loop
      vertex -82.358 11.326 54
      vertex -82.1502 11.3846 0
      vertex -82.358 11.326 0
    endloop
  endfacet
  facet normal 0.938256 -0.345941 0
    outer loop
      vertex -85.6154 14.8498 54
      vertex -85.5407 15.0524 0
      vertex -85.5407 15.0524 54
    endloop
  endfacet
  facet normal 0.938256 -0.345941 0
    outer loop
      vertex -85.5407 15.0524 0
      vertex -85.6154 14.8498 54
      vertex -85.6154 14.8498 0
    endloop
  endfacet
  facet normal 0.908149 0.418647 0
    outer loop
      vertex -85.4503 12.7515 54
      vertex -85.5407 12.9476 0
      vertex -85.5407 12.9476 54
    endloop
  endfacet
  facet normal 0.908149 0.418647 0
    outer loop
      vertex -85.5407 12.9476 0
      vertex -85.4503 12.7515 54
      vertex -85.4503 12.7515 0
    endloop
  endfacet
  facet normal 0.872514 -0.488589 0
    outer loop
      vertex -85.4503 15.2485 54
      vertex -85.3448 15.4369 0
      vertex -85.3448 15.4369 54
    endloop
  endfacet
  facet normal 0.872514 -0.488589 0
    outer loop
      vertex -85.3448 15.4369 0
      vertex -85.4503 15.2485 54
      vertex -85.4503 15.2485 0
    endloop
  endfacet
  facet normal 0.0393578 0.999225 -0
    outer loop
      vertex -83 11.25 0
      vertex -83.2158 11.2585 54
      vertex -83 11.25 54
    endloop
  endfacet
  facet normal 0.0393578 0.999225 0
    outer loop
      vertex -83.2158 11.2585 54
      vertex -83 11.25 0
      vertex -83.2158 11.2585 0
    endloop
  endfacet
  facet normal 0.488589 0.872514 -0
    outer loop
      vertex -84.2485 11.5497 0
      vertex -84.4369 11.6552 54
      vertex -84.2485 11.5497 54
    endloop
  endfacet
  facet normal 0.488589 0.872514 0
    outer loop
      vertex -84.4369 11.6552 54
      vertex -84.2485 11.5497 0
      vertex -84.4369 11.6552 0
    endloop
  endfacet
  facet normal 0.555769 -0.831337 0
    outer loop
      vertex -84.6164 16.2248 0
      vertex -84.4369 16.3448 54
      vertex -84.6164 16.2248 54
    endloop
  endfacet
  facet normal 0.555769 -0.831337 0
    outer loop
      vertex -84.4369 16.3448 54
      vertex -84.6164 16.2248 0
      vertex -84.4369 16.3448 0
    endloop
  endfacet
  facet normal 0.993055 0.117647 0
    outer loop
      vertex -85.7161 13.5698 54
      vertex -85.7415 13.7842 0
      vertex -85.7415 13.7842 54
    endloop
  endfacet
  facet normal 0.993055 0.117647 0
    outer loop
      vertex -85.7415 13.7842 0
      vertex -85.7161 13.5698 54
      vertex -85.7161 13.5698 0
    endloop
  endfacet
  facet normal 0.908149 -0.418647 0
    outer loop
      vertex -85.5407 15.0524 54
      vertex -85.4503 15.2485 0
      vertex -85.4503 15.2485 54
    endloop
  endfacet
  facet normal 0.908149 -0.418647 0
    outer loop
      vertex -85.4503 15.2485 0
      vertex -85.5407 15.0524 54
      vertex -85.5407 15.0524 0
    endloop
  endfacet
  facet normal 0.872514 0.488589 0
    outer loop
      vertex -85.3448 12.5631 54
      vertex -85.4503 12.7515 0
      vertex -85.4503 12.7515 54
    endloop
  endfacet
  facet normal 0.872514 0.488589 0
    outer loop
      vertex -85.4503 12.7515 0
      vertex -85.3448 12.5631 54
      vertex -85.3448 12.5631 0
    endloop
  endfacet
  facet normal 0.0393578 0.999225 -0
    outer loop
      vertex 83 -16.75 0
      vertex 82.7842 -16.7415 54
      vertex 83 -16.75 54
    endloop
  endfacet
  facet normal 0.0393578 0.999225 0
    outer loop
      vertex 82.7842 -16.7415 54
      vertex 83 -16.75 0
      vertex 82.7842 -16.7415 0
    endloop
  endfacet
  facet normal -0.345941 0.938256 0
    outer loop
      vertex 84.0524 -16.5407 0
      vertex 83.8498 -16.6154 54
      vertex 84.0524 -16.5407 54
    endloop
  endfacet
  facet normal -0.345941 0.938256 0
    outer loop
      vertex 83.8498 -16.6154 54
      vertex 84.0524 -16.5407 0
      vertex 83.8498 -16.6154 0
    endloop
  endfacet
  facet normal -0.785321 0.619089 0
    outer loop
      vertex 85.0911 -15.786 0
      vertex 85.2248 -15.6164 54
      vertex 85.2248 -15.6164 0
    endloop
  endfacet
  facet normal -0.785321 0.619089 0
    outer loop
      vertex 85.2248 -15.6164 54
      vertex 85.0911 -15.786 0
      vertex 85.0911 -15.786 54
    endloop
  endfacet
  facet normal -0.734128 0.679011 0
    outer loop
      vertex 84.9445 -15.9445 0
      vertex 85.0911 -15.786 54
      vertex 85.0911 -15.786 0
    endloop
  endfacet
  facet normal -0.734128 0.679011 0
    outer loop
      vertex 85.0911 -15.786 54
      vertex 84.9445 -15.9445 0
      vertex 84.9445 -15.9445 54
    endloop
  endfacet
  facet normal -0.831337 0.555769 0
    outer loop
      vertex 85.2248 -15.6164 0
      vertex 85.3448 -15.4369 54
      vertex 85.3448 -15.4369 0
    endloop
  endfacet
  facet normal -0.831337 0.555769 0
    outer loop
      vertex 85.3448 -15.4369 54
      vertex 85.2248 -15.6164 0
      vertex 85.2248 -15.6164 54
    endloop
  endfacet
  facet normal -0.271416 0.962462 0
    outer loop
      vertex 83.8498 -16.6154 0
      vertex 83.642 -16.674 54
      vertex 83.8498 -16.6154 54
    endloop
  endfacet
  facet normal -0.271416 0.962462 0
    outer loop
      vertex 83.642 -16.674 54
      vertex 83.8498 -16.6154 0
      vertex 83.642 -16.674 0
    endloop
  endfacet
  facet normal -0.993055 -0.117647 0
    outer loop
      vertex 85.7415 -13.7842 0
      vertex 85.7161 -13.5698 54
      vertex 85.7161 -13.5698 0
    endloop
  endfacet
  facet normal -0.993055 -0.117647 0
    outer loop
      vertex 85.7161 -13.5698 54
      vertex 85.7415 -13.7842 0
      vertex 85.7415 -13.7842 54
    endloop
  endfacet
  facet normal -0.117647 -0.993055 0
    outer loop
      vertex 83.2158 -11.2585 0
      vertex 83.4302 -11.2839 54
      vertex 83.2158 -11.2585 54
    endloop
  endfacet
  facet normal -0.117647 -0.993055 -0
    outer loop
      vertex 83.4302 -11.2839 54
      vertex 83.2158 -11.2585 0
      vertex 83.4302 -11.2839 0
    endloop
  endfacet
  facet normal 0.993055 0.117647 0
    outer loop
      vertex 80.2839 -14.4302 54
      vertex 80.2585 -14.2158 0
      vertex 80.2585 -14.2158 54
    endloop
  endfacet
  facet normal 0.993055 0.117647 0
    outer loop
      vertex 80.2585 -14.2158 0
      vertex 80.2839 -14.4302 54
      vertex 80.2839 -14.4302 0
    endloop
  endfacet
  facet normal -0.271416 -0.962462 0
    outer loop
      vertex 83.642 -11.326 0
      vertex 83.8498 -11.3846 54
      vertex 83.642 -11.326 54
    endloop
  endfacet
  facet normal -0.271416 -0.962462 -0
    outer loop
      vertex 83.8498 -11.3846 54
      vertex 83.642 -11.326 0
      vertex 83.8498 -11.3846 0
    endloop
  endfacet
  facet normal 0.345941 0.938256 -0
    outer loop
      vertex 82.1502 -16.6154 0
      vertex 81.9476 -16.5407 54
      vertex 82.1502 -16.6154 54
    endloop
  endfacet
  facet normal 0.345941 0.938256 0
    outer loop
      vertex 81.9476 -16.5407 54
      vertex 82.1502 -16.6154 0
      vertex 81.9476 -16.5407 0
    endloop
  endfacet
  facet normal 0.980812 0.194958 0
    outer loop
      vertex 80.326 -14.642 54
      vertex 80.2839 -14.4302 0
      vertex 80.2839 -14.4302 54
    endloop
  endfacet
  facet normal 0.980812 0.194958 0
    outer loop
      vertex 80.2839 -14.4302 0
      vertex 80.326 -14.642 54
      vertex 80.326 -14.642 0
    endloop
  endfacet
  facet normal -0.999225 -0.0393578 0
    outer loop
      vertex 85.75 -14 0
      vertex 85.7415 -13.7842 54
      vertex 85.7415 -13.7842 0
    endloop
  endfacet
  facet normal -0.999225 -0.0393578 0
    outer loop
      vertex 85.7415 -13.7842 54
      vertex 85.75 -14 0
      vertex 85.75 -14 54
    endloop
  endfacet
  facet normal -0.962462 -0.271416 0
    outer loop
      vertex 85.674 -13.358 0
      vertex 85.6154 -13.1502 54
      vertex 85.6154 -13.1502 0
    endloop
  endfacet
  facet normal -0.962462 -0.271416 0
    outer loop
      vertex 85.6154 -13.1502 54
      vertex 85.674 -13.358 0
      vertex 85.674 -13.358 54
    endloop
  endfacet
  facet normal 0.194958 -0.980812 0
    outer loop
      vertex 82.358 -11.326 0
      vertex 82.5698 -11.2839 54
      vertex 82.358 -11.326 54
    endloop
  endfacet
  facet normal 0.194958 -0.980812 0
    outer loop
      vertex 82.5698 -11.2839 54
      vertex 82.358 -11.326 0
      vertex 82.5698 -11.2839 0
    endloop
  endfacet
  facet normal 0.271416 0.962462 -0
    outer loop
      vertex 82.358 -16.674 0
      vertex 82.1502 -16.6154 54
      vertex 82.358 -16.674 54
    endloop
  endfacet
  facet normal 0.271416 0.962462 0
    outer loop
      vertex 82.1502 -16.6154 54
      vertex 82.358 -16.674 0
      vertex 82.1502 -16.6154 0
    endloop
  endfacet
  facet normal 0.980812 -0.194958 0
    outer loop
      vertex 80.2839 -13.5698 54
      vertex 80.326 -13.358 0
      vertex 80.326 -13.358 54
    endloop
  endfacet
  facet normal 0.980812 -0.194958 0
    outer loop
      vertex 80.326 -13.358 0
      vertex 80.2839 -13.5698 54
      vertex 80.2839 -13.5698 0
    endloop
  endfacet
  facet normal -0.418647 0.908149 0
    outer loop
      vertex 84.2485 -16.4503 0
      vertex 84.0524 -16.5407 54
      vertex 84.2485 -16.4503 54
    endloop
  endfacet
  facet normal -0.418647 0.908149 0
    outer loop
      vertex 84.0524 -16.5407 54
      vertex 84.2485 -16.4503 0
      vertex 84.0524 -16.5407 0
    endloop
  endfacet
  facet normal 0.619089 0.785321 -0
    outer loop
      vertex 81.3836 -16.2248 0
      vertex 81.214 -16.0911 54
      vertex 81.3836 -16.2248 54
    endloop
  endfacet
  facet normal 0.619089 0.785321 0
    outer loop
      vertex 81.214 -16.0911 54
      vertex 81.3836 -16.2248 0
      vertex 81.214 -16.0911 0
    endloop
  endfacet
  facet normal -0.980812 -0.194958 0
    outer loop
      vertex 85.7161 -13.5698 0
      vertex 85.674 -13.358 54
      vertex 85.674 -13.358 0
    endloop
  endfacet
  facet normal -0.980812 -0.194958 0
    outer loop
      vertex 85.674 -13.358 54
      vertex 85.7161 -13.5698 0
      vertex 85.7161 -13.5698 54
    endloop
  endfacet
  facet normal 0.117647 -0.993055 0
    outer loop
      vertex 82.5698 -11.2839 0
      vertex 82.7842 -11.2585 54
      vertex 82.5698 -11.2839 54
    endloop
  endfacet
  facet normal 0.117647 -0.993055 0
    outer loop
      vertex 82.7842 -11.2585 54
      vertex 82.5698 -11.2839 0
      vertex 82.7842 -11.2585 0
    endloop
  endfacet
  facet normal -0.785321 -0.619089 0
    outer loop
      vertex 85.2248 -12.3836 0
      vertex 85.0911 -12.214 54
      vertex 85.0911 -12.214 0
    endloop
  endfacet
  facet normal -0.785321 -0.619089 0
    outer loop
      vertex 85.0911 -12.214 54
      vertex 85.2248 -12.3836 0
      vertex 85.2248 -12.3836 54
    endloop
  endfacet
  facet normal -0.345941 -0.938256 0
    outer loop
      vertex 83.8498 -11.3846 0
      vertex 84.0524 -11.4593 54
      vertex 83.8498 -11.3846 54
    endloop
  endfacet
  facet normal -0.345941 -0.938256 -0
    outer loop
      vertex 84.0524 -11.4593 54
      vertex 83.8498 -11.3846 0
      vertex 84.0524 -11.4593 0
    endloop
  endfacet
  facet normal 0.271416 -0.962462 0
    outer loop
      vertex 82.1502 -11.3846 0
      vertex 82.358 -11.326 54
      vertex 82.1502 -11.3846 54
    endloop
  endfacet
  facet normal 0.271416 -0.962462 0
    outer loop
      vertex 82.358 -11.326 54
      vertex 82.1502 -11.3846 0
      vertex 82.358 -11.326 0
    endloop
  endfacet
  facet normal 0.345941 -0.938256 0
    outer loop
      vertex 81.9476 -11.4593 0
      vertex 82.1502 -11.3846 54
      vertex 81.9476 -11.4593 54
    endloop
  endfacet
  facet normal 0.345941 -0.938256 0
    outer loop
      vertex 82.1502 -11.3846 54
      vertex 81.9476 -11.4593 0
      vertex 82.1502 -11.3846 0
    endloop
  endfacet
  facet normal -0.908149 -0.418647 0
    outer loop
      vertex 85.5407 -12.9476 0
      vertex 85.4503 -12.7515 54
      vertex 85.4503 -12.7515 0
    endloop
  endfacet
  facet normal -0.908149 -0.418647 0
    outer loop
      vertex 85.4503 -12.7515 54
      vertex 85.5407 -12.9476 0
      vertex 85.5407 -12.9476 54
    endloop
  endfacet
  facet normal 0.418647 0.908149 -0
    outer loop
      vertex 81.9476 -16.5407 0
      vertex 81.7515 -16.4503 54
      vertex 81.9476 -16.5407 54
    endloop
  endfacet
  facet normal 0.418647 0.908149 0
    outer loop
      vertex 81.7515 -16.4503 54
      vertex 81.9476 -16.5407 0
      vertex 81.7515 -16.4503 0
    endloop
  endfacet
  facet normal -0.831337 -0.555769 0
    outer loop
      vertex 85.3448 -12.5631 0
      vertex 85.2248 -12.3836 54
      vertex 85.2248 -12.3836 0
    endloop
  endfacet
  facet normal -0.831337 -0.555769 0
    outer loop
      vertex 85.2248 -12.3836 54
      vertex 85.3448 -12.5631 0
      vertex 85.3448 -12.5631 54
    endloop
  endfacet
  facet normal 0.418647 -0.908149 0
    outer loop
      vertex 81.7515 -11.5497 0
      vertex 81.9476 -11.4593 54
      vertex 81.7515 -11.5497 54
    endloop
  endfacet
  facet normal 0.418647 -0.908149 0
    outer loop
      vertex 81.9476 -11.4593 54
      vertex 81.7515 -11.5497 0
      vertex 81.9476 -11.4593 0
    endloop
  endfacet
  facet normal -0.679011 0.734128 0
    outer loop
      vertex 84.9445 -15.9445 0
      vertex 84.786 -16.0911 54
      vertex 84.9445 -15.9445 54
    endloop
  endfacet
  facet normal -0.679011 0.734128 0
    outer loop
      vertex 84.786 -16.0911 54
      vertex 84.9445 -15.9445 0
      vertex 84.786 -16.0911 0
    endloop
  endfacet
  facet normal -0.872514 -0.488589 0
    outer loop
      vertex 85.4503 -12.7515 0
      vertex 85.3448 -12.5631 54
      vertex 85.3448 -12.5631 0
    endloop
  endfacet
  facet normal -0.872514 -0.488589 0
    outer loop
      vertex 85.3448 -12.5631 54
      vertex 85.4503 -12.7515 0
      vertex 85.4503 -12.7515 54
    endloop
  endfacet
  facet normal -0.194958 0.980812 0
    outer loop
      vertex 83.642 -16.674 0
      vertex 83.4302 -16.7161 54
      vertex 83.642 -16.674 54
    endloop
  endfacet
  facet normal -0.194958 0.980812 0
    outer loop
      vertex 83.4302 -16.7161 54
      vertex 83.642 -16.674 0
      vertex 83.4302 -16.7161 0
    endloop
  endfacet
  facet normal 0.938256 -0.345941 0
    outer loop
      vertex 80.3846 -13.1502 54
      vertex 80.4593 -12.9476 0
      vertex 80.4593 -12.9476 54
    endloop
  endfacet
  facet normal 0.938256 -0.345941 0
    outer loop
      vertex 80.4593 -12.9476 0
      vertex 80.3846 -13.1502 54
      vertex 80.3846 -13.1502 0
    endloop
  endfacet
  facet normal -0.872514 0.488589 0
    outer loop
      vertex 85.3448 -15.4369 0
      vertex 85.4503 -15.2485 54
      vertex 85.4503 -15.2485 0
    endloop
  endfacet
  facet normal -0.872514 0.488589 0
    outer loop
      vertex 85.4503 -15.2485 54
      vertex 85.3448 -15.4369 0
      vertex 85.3448 -15.4369 54
    endloop
  endfacet
  facet normal -0.993055 0.117647 0
    outer loop
      vertex 85.7161 -14.4302 0
      vertex 85.7415 -14.2158 54
      vertex 85.7415 -14.2158 0
    endloop
  endfacet
  facet normal -0.993055 0.117647 0
    outer loop
      vertex 85.7415 -14.2158 54
      vertex 85.7161 -14.4302 0
      vertex 85.7161 -14.4302 54
    endloop
  endfacet
  facet normal -0.619089 0.785321 0
    outer loop
      vertex 84.786 -16.0911 0
      vertex 84.6164 -16.2248 54
      vertex 84.786 -16.0911 54
    endloop
  endfacet
  facet normal -0.619089 0.785321 0
    outer loop
      vertex 84.6164 -16.2248 54
      vertex 84.786 -16.0911 0
      vertex 84.6164 -16.2248 0
    endloop
  endfacet
  facet normal -0.555769 -0.831337 0
    outer loop
      vertex 84.4369 -11.6552 0
      vertex 84.6164 -11.7752 54
      vertex 84.4369 -11.6552 54
    endloop
  endfacet
  facet normal -0.555769 -0.831337 -0
    outer loop
      vertex 84.6164 -11.7752 54
      vertex 84.4369 -11.6552 0
      vertex 84.6164 -11.7752 0
    endloop
  endfacet
  facet normal -0.938256 0.345941 0
    outer loop
      vertex 85.5407 -15.0524 0
      vertex 85.6154 -14.8498 54
      vertex 85.6154 -14.8498 0
    endloop
  endfacet
  facet normal -0.938256 0.345941 0
    outer loop
      vertex 85.6154 -14.8498 54
      vertex 85.5407 -15.0524 0
      vertex 85.5407 -15.0524 54
    endloop
  endfacet
  facet normal 0.734128 -0.679011 0
    outer loop
      vertex 80.9089 -12.214 54
      vertex 81.0555 -12.0555 0
      vertex 81.0555 -12.0555 54
    endloop
  endfacet
  facet normal 0.734128 -0.679011 0
    outer loop
      vertex 81.0555 -12.0555 0
      vertex 80.9089 -12.214 54
      vertex 80.9089 -12.214 0
    endloop
  endfacet
  facet normal -0.194958 -0.980812 0
    outer loop
      vertex 83.4302 -11.2839 0
      vertex 83.642 -11.326 54
      vertex 83.4302 -11.2839 54
    endloop
  endfacet
  facet normal -0.194958 -0.980812 -0
    outer loop
      vertex 83.642 -11.326 54
      vertex 83.4302 -11.2839 0
      vertex 83.642 -11.326 0
    endloop
  endfacet
  facet normal -0.619089 -0.785321 0
    outer loop
      vertex 84.6164 -11.7752 0
      vertex 84.786 -11.9089 54
      vertex 84.6164 -11.7752 54
    endloop
  endfacet
  facet normal -0.619089 -0.785321 -0
    outer loop
      vertex 84.786 -11.9089 54
      vertex 84.6164 -11.7752 0
      vertex 84.786 -11.9089 0
    endloop
  endfacet
  facet normal -0.488589 -0.872514 0
    outer loop
      vertex 84.2485 -11.5497 0
      vertex 84.4369 -11.6552 54
      vertex 84.2485 -11.5497 54
    endloop
  endfacet
  facet normal -0.488589 -0.872514 -0
    outer loop
      vertex 84.4369 -11.6552 54
      vertex 84.2485 -11.5497 0
      vertex 84.4369 -11.6552 0
    endloop
  endfacet
  facet normal -0.0393578 0.999225 0
    outer loop
      vertex 83.2158 -16.7415 0
      vertex 83 -16.75 54
      vertex 83.2158 -16.7415 54
    endloop
  endfacet
  facet normal -0.0393578 0.999225 0
    outer loop
      vertex 83 -16.75 54
      vertex 83.2158 -16.7415 0
      vertex 83 -16.75 0
    endloop
  endfacet
  facet normal -0.418647 -0.908149 0
    outer loop
      vertex 84.0524 -11.4593 0
      vertex 84.2485 -11.5497 54
      vertex 84.0524 -11.4593 54
    endloop
  endfacet
  facet normal -0.418647 -0.908149 -0
    outer loop
      vertex 84.2485 -11.5497 54
      vertex 84.0524 -11.4593 0
      vertex 84.2485 -11.5497 0
    endloop
  endfacet
  facet normal 0.872514 -0.488589 0
    outer loop
      vertex 80.5497 -12.7515 54
      vertex 80.6552 -12.5631 0
      vertex 80.6552 -12.5631 54
    endloop
  endfacet
  facet normal 0.872514 -0.488589 0
    outer loop
      vertex 80.6552 -12.5631 0
      vertex 80.5497 -12.7515 54
      vertex 80.5497 -12.7515 0
    endloop
  endfacet
  facet normal 0.679011 -0.734128 0
    outer loop
      vertex 81.0555 -12.0555 0
      vertex 81.214 -11.9089 54
      vertex 81.0555 -12.0555 54
    endloop
  endfacet
  facet normal 0.679011 -0.734128 0
    outer loop
      vertex 81.214 -11.9089 54
      vertex 81.0555 -12.0555 0
      vertex 81.214 -11.9089 0
    endloop
  endfacet
  facet normal -0.938256 -0.345941 0
    outer loop
      vertex 85.6154 -13.1502 0
      vertex 85.5407 -12.9476 54
      vertex 85.5407 -12.9476 0
    endloop
  endfacet
  facet normal -0.938256 -0.345941 0
    outer loop
      vertex 85.5407 -12.9476 54
      vertex 85.6154 -13.1502 0
      vertex 85.6154 -13.1502 54
    endloop
  endfacet
  facet normal -0.980812 0.194958 0
    outer loop
      vertex 85.674 -14.642 0
      vertex 85.7161 -14.4302 54
      vertex 85.7161 -14.4302 0
    endloop
  endfacet
  facet normal -0.980812 0.194958 0
    outer loop
      vertex 85.7161 -14.4302 54
      vertex 85.674 -14.642 0
      vertex 85.674 -14.642 54
    endloop
  endfacet
  facet normal 0.962462 0.271416 0
    outer loop
      vertex 80.3846 -14.8498 54
      vertex 80.326 -14.642 0
      vertex 80.326 -14.642 54
    endloop
  endfacet
  facet normal 0.962462 0.271416 0
    outer loop
      vertex 80.326 -14.642 0
      vertex 80.3846 -14.8498 54
      vertex 80.3846 -14.8498 0
    endloop
  endfacet
  facet normal 0.679011 0.734128 -0
    outer loop
      vertex 81.214 -16.0911 0
      vertex 81.0555 -15.9445 54
      vertex 81.214 -16.0911 54
    endloop
  endfacet
  facet normal 0.679011 0.734128 0
    outer loop
      vertex 81.0555 -15.9445 54
      vertex 81.214 -16.0911 0
      vertex 81.0555 -15.9445 0
    endloop
  endfacet
  facet normal 0.734128 0.679011 0
    outer loop
      vertex 81.0555 -15.9445 54
      vertex 80.9089 -15.786 0
      vertex 80.9089 -15.786 54
    endloop
  endfacet
  facet normal 0.734128 0.679011 0
    outer loop
      vertex 80.9089 -15.786 0
      vertex 81.0555 -15.9445 54
      vertex 81.0555 -15.9445 0
    endloop
  endfacet
  facet normal 0.831337 -0.555769 0
    outer loop
      vertex 80.6552 -12.5631 54
      vertex 80.7752 -12.3836 0
      vertex 80.7752 -12.3836 54
    endloop
  endfacet
  facet normal 0.831337 -0.555769 0
    outer loop
      vertex 80.7752 -12.3836 0
      vertex 80.6552 -12.5631 54
      vertex 80.6552 -12.5631 0
    endloop
  endfacet
  facet normal 0.555769 0.831337 -0
    outer loop
      vertex 81.5631 -16.3448 0
      vertex 81.3836 -16.2248 54
      vertex 81.5631 -16.3448 54
    endloop
  endfacet
  facet normal 0.555769 0.831337 0
    outer loop
      vertex 81.3836 -16.2248 54
      vertex 81.5631 -16.3448 0
      vertex 81.3836 -16.2248 0
    endloop
  endfacet
  facet normal 0.785321 0.619089 0
    outer loop
      vertex 80.9089 -15.786 54
      vertex 80.7752 -15.6164 0
      vertex 80.7752 -15.6164 54
    endloop
  endfacet
  facet normal 0.785321 0.619089 0
    outer loop
      vertex 80.7752 -15.6164 0
      vertex 80.9089 -15.786 54
      vertex 80.9089 -15.786 0
    endloop
  endfacet
  facet normal 0.999225 -0.0393578 0
    outer loop
      vertex 80.25 -14 54
      vertex 80.2585 -13.7842 0
      vertex 80.2585 -13.7842 54
    endloop
  endfacet
  facet normal 0.999225 -0.0393578 0
    outer loop
      vertex 80.2585 -13.7842 0
      vertex 80.25 -14 54
      vertex 80.25 -14 0
    endloop
  endfacet
  facet normal -0.908149 0.418647 0
    outer loop
      vertex 85.4503 -15.2485 0
      vertex 85.5407 -15.0524 54
      vertex 85.5407 -15.0524 0
    endloop
  endfacet
  facet normal -0.908149 0.418647 0
    outer loop
      vertex 85.5407 -15.0524 54
      vertex 85.4503 -15.2485 0
      vertex 85.4503 -15.2485 54
    endloop
  endfacet
  facet normal -0.734128 -0.679011 0
    outer loop
      vertex 85.0911 -12.214 0
      vertex 84.9445 -12.0555 54
      vertex 84.9445 -12.0555 0
    endloop
  endfacet
  facet normal -0.734128 -0.679011 0
    outer loop
      vertex 84.9445 -12.0555 54
      vertex 85.0911 -12.214 0
      vertex 85.0911 -12.214 54
    endloop
  endfacet
  facet normal 0.619089 -0.785321 0
    outer loop
      vertex 81.214 -11.9089 0
      vertex 81.3836 -11.7752 54
      vertex 81.214 -11.9089 54
    endloop
  endfacet
  facet normal 0.619089 -0.785321 0
    outer loop
      vertex 81.3836 -11.7752 54
      vertex 81.214 -11.9089 0
      vertex 81.3836 -11.7752 0
    endloop
  endfacet
  facet normal -0.999225 0.0393578 0
    outer loop
      vertex 85.7415 -14.2158 0
      vertex 85.75 -14 54
      vertex 85.75 -14 0
    endloop
  endfacet
  facet normal -0.999225 0.0393578 0
    outer loop
      vertex 85.75 -14 54
      vertex 85.7415 -14.2158 0
      vertex 85.7415 -14.2158 54
    endloop
  endfacet
  facet normal -0.488589 0.872514 0
    outer loop
      vertex 84.4369 -16.3448 0
      vertex 84.2485 -16.4503 54
      vertex 84.4369 -16.3448 54
    endloop
  endfacet
  facet normal -0.488589 0.872514 0
    outer loop
      vertex 84.2485 -16.4503 54
      vertex 84.4369 -16.3448 0
      vertex 84.2485 -16.4503 0
    endloop
  endfacet
  facet normal -0.962462 0.271416 0
    outer loop
      vertex 85.6154 -14.8498 0
      vertex 85.674 -14.642 54
      vertex 85.674 -14.642 0
    endloop
  endfacet
  facet normal -0.962462 0.271416 0
    outer loop
      vertex 85.674 -14.642 54
      vertex 85.6154 -14.8498 0
      vertex 85.6154 -14.8498 54
    endloop
  endfacet
  facet normal 0.962462 -0.271416 0
    outer loop
      vertex 80.326 -13.358 54
      vertex 80.3846 -13.1502 0
      vertex 80.3846 -13.1502 54
    endloop
  endfacet
  facet normal 0.962462 -0.271416 0
    outer loop
      vertex 80.3846 -13.1502 0
      vertex 80.326 -13.358 54
      vertex 80.326 -13.358 0
    endloop
  endfacet
  facet normal 0.999225 0.0393578 0
    outer loop
      vertex 80.2585 -14.2158 54
      vertex 80.25 -14 0
      vertex 80.25 -14 54
    endloop
  endfacet
  facet normal 0.999225 0.0393578 0
    outer loop
      vertex 80.25 -14 0
      vertex 80.2585 -14.2158 54
      vertex 80.2585 -14.2158 0
    endloop
  endfacet
  facet normal 0.872514 0.488589 0
    outer loop
      vertex 80.6552 -15.4369 54
      vertex 80.5497 -15.2485 0
      vertex 80.5497 -15.2485 54
    endloop
  endfacet
  facet normal 0.872514 0.488589 0
    outer loop
      vertex 80.5497 -15.2485 0
      vertex 80.6552 -15.4369 54
      vertex 80.6552 -15.4369 0
    endloop
  endfacet
  facet normal -0.679011 -0.734128 0
    outer loop
      vertex 84.786 -11.9089 0
      vertex 84.9445 -12.0555 54
      vertex 84.786 -11.9089 54
    endloop
  endfacet
  facet normal -0.679011 -0.734128 -0
    outer loop
      vertex 84.9445 -12.0555 54
      vertex 84.786 -11.9089 0
      vertex 84.9445 -12.0555 0
    endloop
  endfacet
  facet normal -0.117647 0.993055 0
    outer loop
      vertex 83.4302 -16.7161 0
      vertex 83.2158 -16.7415 54
      vertex 83.4302 -16.7161 54
    endloop
  endfacet
  facet normal -0.117647 0.993055 0
    outer loop
      vertex 83.2158 -16.7415 54
      vertex 83.4302 -16.7161 0
      vertex 83.2158 -16.7415 0
    endloop
  endfacet
  facet normal 0.488589 0.872514 -0
    outer loop
      vertex 81.7515 -16.4503 0
      vertex 81.5631 -16.3448 54
      vertex 81.7515 -16.4503 54
    endloop
  endfacet
  facet normal 0.488589 0.872514 0
    outer loop
      vertex 81.5631 -16.3448 54
      vertex 81.7515 -16.4503 0
      vertex 81.5631 -16.3448 0
    endloop
  endfacet
  facet normal 0.0393578 -0.999225 0
    outer loop
      vertex 82.7842 -11.2585 0
      vertex 83 -11.25 54
      vertex 82.7842 -11.2585 54
    endloop
  endfacet
  facet normal 0.0393578 -0.999225 0
    outer loop
      vertex 83 -11.25 54
      vertex 82.7842 -11.2585 0
      vertex 83 -11.25 0
    endloop
  endfacet
  facet normal -0.0393578 -0.999225 0
    outer loop
      vertex 83 -11.25 0
      vertex 83.2158 -11.2585 54
      vertex 83 -11.25 54
    endloop
  endfacet
  facet normal -0.0393578 -0.999225 -0
    outer loop
      vertex 83.2158 -11.2585 54
      vertex 83 -11.25 0
      vertex 83.2158 -11.2585 0
    endloop
  endfacet
  facet normal 0.785321 -0.619089 0
    outer loop
      vertex 80.7752 -12.3836 54
      vertex 80.9089 -12.214 0
      vertex 80.9089 -12.214 54
    endloop
  endfacet
  facet normal 0.785321 -0.619089 0
    outer loop
      vertex 80.9089 -12.214 0
      vertex 80.7752 -12.3836 54
      vertex 80.7752 -12.3836 0
    endloop
  endfacet
  facet normal 0.938256 0.345941 0
    outer loop
      vertex 80.4593 -15.0524 54
      vertex 80.3846 -14.8498 0
      vertex 80.3846 -14.8498 54
    endloop
  endfacet
  facet normal 0.938256 0.345941 0
    outer loop
      vertex 80.3846 -14.8498 0
      vertex 80.4593 -15.0524 54
      vertex 80.4593 -15.0524 0
    endloop
  endfacet
  facet normal 0.908149 0.418647 0
    outer loop
      vertex 80.5497 -15.2485 54
      vertex 80.4593 -15.0524 0
      vertex 80.4593 -15.0524 54
    endloop
  endfacet
  facet normal 0.908149 0.418647 0
    outer loop
      vertex 80.4593 -15.0524 0
      vertex 80.5497 -15.2485 54
      vertex 80.5497 -15.2485 0
    endloop
  endfacet
  facet normal 0.194958 0.980812 -0
    outer loop
      vertex 82.5698 -16.7161 0
      vertex 82.358 -16.674 54
      vertex 82.5698 -16.7161 54
    endloop
  endfacet
  facet normal 0.194958 0.980812 0
    outer loop
      vertex 82.358 -16.674 54
      vertex 82.5698 -16.7161 0
      vertex 82.358 -16.674 0
    endloop
  endfacet
  facet normal 0.831337 0.555769 0
    outer loop
      vertex 80.7752 -15.6164 54
      vertex 80.6552 -15.4369 0
      vertex 80.6552 -15.4369 54
    endloop
  endfacet
  facet normal 0.831337 0.555769 0
    outer loop
      vertex 80.6552 -15.4369 0
      vertex 80.7752 -15.6164 54
      vertex 80.7752 -15.6164 0
    endloop
  endfacet
  facet normal -0.555769 0.831337 0
    outer loop
      vertex 84.6164 -16.2248 0
      vertex 84.4369 -16.3448 54
      vertex 84.6164 -16.2248 54
    endloop
  endfacet
  facet normal -0.555769 0.831337 0
    outer loop
      vertex 84.4369 -16.3448 54
      vertex 84.6164 -16.2248 0
      vertex 84.4369 -16.3448 0
    endloop
  endfacet
  facet normal 0.993055 -0.117647 0
    outer loop
      vertex 80.2585 -13.7842 54
      vertex 80.2839 -13.5698 0
      vertex 80.2839 -13.5698 54
    endloop
  endfacet
  facet normal 0.993055 -0.117647 0
    outer loop
      vertex 80.2839 -13.5698 0
      vertex 80.2585 -13.7842 54
      vertex 80.2585 -13.7842 0
    endloop
  endfacet
  facet normal 0.908149 -0.418647 0
    outer loop
      vertex 80.4593 -12.9476 54
      vertex 80.5497 -12.7515 0
      vertex 80.5497 -12.7515 54
    endloop
  endfacet
  facet normal 0.908149 -0.418647 0
    outer loop
      vertex 80.5497 -12.7515 0
      vertex 80.4593 -12.9476 54
      vertex 80.4593 -12.9476 0
    endloop
  endfacet
  facet normal 0.117647 0.993055 -0
    outer loop
      vertex 82.7842 -16.7415 0
      vertex 82.5698 -16.7161 54
      vertex 82.7842 -16.7415 54
    endloop
  endfacet
  facet normal 0.117647 0.993055 0
    outer loop
      vertex 82.5698 -16.7161 54
      vertex 82.7842 -16.7415 0
      vertex 82.5698 -16.7161 0
    endloop
  endfacet
  facet normal 0.555769 -0.831337 0
    outer loop
      vertex 81.3836 -11.7752 0
      vertex 81.5631 -11.6552 54
      vertex 81.3836 -11.7752 54
    endloop
  endfacet
  facet normal 0.555769 -0.831337 0
    outer loop
      vertex 81.5631 -11.6552 54
      vertex 81.3836 -11.7752 0
      vertex 81.5631 -11.6552 0
    endloop
  endfacet
  facet normal 0.488589 -0.872514 0
    outer loop
      vertex 81.5631 -11.6552 0
      vertex 81.7515 -11.5497 54
      vertex 81.5631 -11.6552 54
    endloop
  endfacet
  facet normal 0.488589 -0.872514 0
    outer loop
      vertex 81.7515 -11.5497 54
      vertex 81.5631 -11.6552 0
      vertex 81.7515 -11.5497 0
    endloop
  endfacet
  facet normal -0.993055 -0.117647 0
    outer loop
      vertex 85.7415 14.2158 0
      vertex 85.7161 14.4302 54
      vertex 85.7161 14.4302 0
    endloop
  endfacet
  facet normal -0.993055 -0.117647 0
    outer loop
      vertex 85.7161 14.4302 54
      vertex 85.7415 14.2158 0
      vertex 85.7415 14.2158 54
    endloop
  endfacet
  facet normal -0.999225 -0.0393578 0
    outer loop
      vertex 85.75 14 0
      vertex 85.7415 14.2158 54
      vertex 85.7415 14.2158 0
    endloop
  endfacet
  facet normal -0.999225 -0.0393578 0
    outer loop
      vertex 85.7415 14.2158 54
      vertex 85.75 14 0
      vertex 85.75 14 54
    endloop
  endfacet
  facet normal -0.980812 -0.194958 0
    outer loop
      vertex 85.7161 14.4302 0
      vertex 85.674 14.642 54
      vertex 85.674 14.642 0
    endloop
  endfacet
  facet normal -0.980812 -0.194958 0
    outer loop
      vertex 85.674 14.642 54
      vertex 85.7161 14.4302 0
      vertex 85.7161 14.4302 54
    endloop
  endfacet
  facet normal -0.488589 0.872514 0
    outer loop
      vertex 84.4369 11.6552 0
      vertex 84.2485 11.5497 54
      vertex 84.4369 11.6552 54
    endloop
  endfacet
  facet normal -0.488589 0.872514 0
    outer loop
      vertex 84.2485 11.5497 54
      vertex 84.4369 11.6552 0
      vertex 84.2485 11.5497 0
    endloop
  endfacet
  facet normal -0.872514 -0.488589 0
    outer loop
      vertex 85.4503 15.2485 0
      vertex 85.3448 15.4369 54
      vertex 85.3448 15.4369 0
    endloop
  endfacet
  facet normal -0.872514 -0.488589 0
    outer loop
      vertex 85.3448 15.4369 54
      vertex 85.4503 15.2485 0
      vertex 85.4503 15.2485 54
    endloop
  endfacet
  facet normal -0.488589 -0.872514 0
    outer loop
      vertex 84.2485 16.4503 0
      vertex 84.4369 16.3448 54
      vertex 84.2485 16.4503 54
    endloop
  endfacet
  facet normal -0.488589 -0.872514 -0
    outer loop
      vertex 84.4369 16.3448 54
      vertex 84.2485 16.4503 0
      vertex 84.4369 16.3448 0
    endloop
  endfacet
  facet normal 0.488589 0.872514 -0
    outer loop
      vertex 81.7515 11.5497 0
      vertex 81.5631 11.6552 54
      vertex 81.7515 11.5497 54
    endloop
  endfacet
  facet normal 0.488589 0.872514 0
    outer loop
      vertex 81.5631 11.6552 54
      vertex 81.7515 11.5497 0
      vertex 81.5631 11.6552 0
    endloop
  endfacet
  facet normal 0.271416 -0.962462 0
    outer loop
      vertex 82.1502 16.6154 0
      vertex 82.358 16.674 54
      vertex 82.1502 16.6154 54
    endloop
  endfacet
  facet normal 0.271416 -0.962462 0
    outer loop
      vertex 82.358 16.674 54
      vertex 82.1502 16.6154 0
      vertex 82.358 16.674 0
    endloop
  endfacet
  facet normal -0.345941 0.938256 0
    outer loop
      vertex 84.0524 11.4593 0
      vertex 83.8498 11.3846 54
      vertex 84.0524 11.4593 54
    endloop
  endfacet
  facet normal -0.345941 0.938256 0
    outer loop
      vertex 83.8498 11.3846 54
      vertex 84.0524 11.4593 0
      vertex 83.8498 11.3846 0
    endloop
  endfacet
  facet normal -0.194958 0.980812 0
    outer loop
      vertex 83.642 11.326 0
      vertex 83.4302 11.2839 54
      vertex 83.642 11.326 54
    endloop
  endfacet
  facet normal -0.194958 0.980812 0
    outer loop
      vertex 83.4302 11.2839 54
      vertex 83.642 11.326 0
      vertex 83.4302 11.2839 0
    endloop
  endfacet
  facet normal -0.271416 -0.962462 0
    outer loop
      vertex 83.642 16.674 0
      vertex 83.8498 16.6154 54
      vertex 83.642 16.674 54
    endloop
  endfacet
  facet normal -0.271416 -0.962462 -0
    outer loop
      vertex 83.8498 16.6154 54
      vertex 83.642 16.674 0
      vertex 83.8498 16.6154 0
    endloop
  endfacet
  facet normal -0.993055 0.117647 0
    outer loop
      vertex 85.7161 13.5698 0
      vertex 85.7415 13.7842 54
      vertex 85.7415 13.7842 0
    endloop
  endfacet
  facet normal -0.993055 0.117647 0
    outer loop
      vertex 85.7415 13.7842 54
      vertex 85.7161 13.5698 0
      vertex 85.7161 13.5698 54
    endloop
  endfacet
  facet normal -0.619089 -0.785321 0
    outer loop
      vertex 84.6164 16.2248 0
      vertex 84.786 16.0911 54
      vertex 84.6164 16.2248 54
    endloop
  endfacet
  facet normal -0.619089 -0.785321 -0
    outer loop
      vertex 84.786 16.0911 54
      vertex 84.6164 16.2248 0
      vertex 84.786 16.0911 0
    endloop
  endfacet
  facet normal -0.194958 -0.980812 0
    outer loop
      vertex 83.4302 16.7161 0
      vertex 83.642 16.674 54
      vertex 83.4302 16.7161 54
    endloop
  endfacet
  facet normal -0.194958 -0.980812 -0
    outer loop
      vertex 83.642 16.674 54
      vertex 83.4302 16.7161 0
      vertex 83.642 16.674 0
    endloop
  endfacet
  facet normal -0.785321 0.619089 0
    outer loop
      vertex 85.0911 12.214 0
      vertex 85.2248 12.3836 54
      vertex 85.2248 12.3836 0
    endloop
  endfacet
  facet normal -0.785321 0.619089 0
    outer loop
      vertex 85.2248 12.3836 54
      vertex 85.0911 12.214 0
      vertex 85.0911 12.214 54
    endloop
  endfacet
  facet normal -0.785321 -0.619089 0
    outer loop
      vertex 85.2248 15.6164 0
      vertex 85.0911 15.786 54
      vertex 85.0911 15.786 0
    endloop
  endfacet
  facet normal -0.785321 -0.619089 0
    outer loop
      vertex 85.0911 15.786 54
      vertex 85.2248 15.6164 0
      vertex 85.2248 15.6164 54
    endloop
  endfacet
  facet normal -0.555769 -0.831337 0
    outer loop
      vertex 84.4369 16.3448 0
      vertex 84.6164 16.2248 54
      vertex 84.4369 16.3448 54
    endloop
  endfacet
  facet normal -0.555769 -0.831337 -0
    outer loop
      vertex 84.6164 16.2248 54
      vertex 84.4369 16.3448 0
      vertex 84.6164 16.2248 0
    endloop
  endfacet
  facet normal -0.980812 0.194958 0
    outer loop
      vertex 85.674 13.358 0
      vertex 85.7161 13.5698 54
      vertex 85.7161 13.5698 0
    endloop
  endfacet
  facet normal -0.980812 0.194958 0
    outer loop
      vertex 85.7161 13.5698 54
      vertex 85.674 13.358 0
      vertex 85.674 13.358 54
    endloop
  endfacet
  facet normal -0.938256 -0.345941 0
    outer loop
      vertex 85.6154 14.8498 0
      vertex 85.5407 15.0524 54
      vertex 85.5407 15.0524 0
    endloop
  endfacet
  facet normal -0.938256 -0.345941 0
    outer loop
      vertex 85.5407 15.0524 54
      vertex 85.6154 14.8498 0
      vertex 85.6154 14.8498 54
    endloop
  endfacet
  facet normal 0.734128 0.679011 0
    outer loop
      vertex 81.0555 12.0555 54
      vertex 80.9089 12.214 0
      vertex 80.9089 12.214 54
    endloop
  endfacet
  facet normal 0.734128 0.679011 0
    outer loop
      vertex 80.9089 12.214 0
      vertex 81.0555 12.0555 54
      vertex 81.0555 12.0555 0
    endloop
  endfacet
  facet normal -0.418647 -0.908149 0
    outer loop
      vertex 84.0524 16.5407 0
      vertex 84.2485 16.4503 54
      vertex 84.0524 16.5407 54
    endloop
  endfacet
  facet normal -0.418647 -0.908149 -0
    outer loop
      vertex 84.2485 16.4503 54
      vertex 84.0524 16.5407 0
      vertex 84.2485 16.4503 0
    endloop
  endfacet
  facet normal 0.679011 -0.734128 0
    outer loop
      vertex 81.0555 15.9445 0
      vertex 81.214 16.0911 54
      vertex 81.0555 15.9445 54
    endloop
  endfacet
  facet normal 0.679011 -0.734128 0
    outer loop
      vertex 81.214 16.0911 54
      vertex 81.0555 15.9445 0
      vertex 81.214 16.0911 0
    endloop
  endfacet
  facet normal -0.962462 -0.271416 0
    outer loop
      vertex 85.674 14.642 0
      vertex 85.6154 14.8498 54
      vertex 85.6154 14.8498 0
    endloop
  endfacet
  facet normal -0.962462 -0.271416 0
    outer loop
      vertex 85.6154 14.8498 54
      vertex 85.674 14.642 0
      vertex 85.674 14.642 54
    endloop
  endfacet
  facet normal -0.938256 0.345941 0
    outer loop
      vertex 85.5407 12.9476 0
      vertex 85.6154 13.1502 54
      vertex 85.6154 13.1502 0
    endloop
  endfacet
  facet normal -0.938256 0.345941 0
    outer loop
      vertex 85.6154 13.1502 54
      vertex 85.5407 12.9476 0
      vertex 85.5407 12.9476 54
    endloop
  endfacet
  facet normal -0.831337 0.555769 0
    outer loop
      vertex 85.2248 12.3836 0
      vertex 85.3448 12.5631 54
      vertex 85.3448 12.5631 0
    endloop
  endfacet
  facet normal -0.831337 0.555769 0
    outer loop
      vertex 85.3448 12.5631 54
      vertex 85.2248 12.3836 0
      vertex 85.2248 12.3836 54
    endloop
  endfacet
  facet normal -0.345941 -0.938256 0
    outer loop
      vertex 83.8498 16.6154 0
      vertex 84.0524 16.5407 54
      vertex 83.8498 16.6154 54
    endloop
  endfacet
  facet normal -0.345941 -0.938256 -0
    outer loop
      vertex 84.0524 16.5407 54
      vertex 83.8498 16.6154 0
      vertex 84.0524 16.5407 0
    endloop
  endfacet
  facet normal -0.555769 0.831337 0
    outer loop
      vertex 84.6164 11.7752 0
      vertex 84.4369 11.6552 54
      vertex 84.6164 11.7752 54
    endloop
  endfacet
  facet normal -0.555769 0.831337 0
    outer loop
      vertex 84.4369 11.6552 54
      vertex 84.6164 11.7752 0
      vertex 84.4369 11.6552 0
    endloop
  endfacet
  facet normal 0.345941 0.938256 -0
    outer loop
      vertex 82.1502 11.3846 0
      vertex 81.9476 11.4593 54
      vertex 82.1502 11.3846 54
    endloop
  endfacet
  facet normal 0.345941 0.938256 0
    outer loop
      vertex 81.9476 11.4593 54
      vertex 82.1502 11.3846 0
      vertex 81.9476 11.4593 0
    endloop
  endfacet
  facet normal -0.831337 -0.555769 0
    outer loop
      vertex 85.3448 15.4369 0
      vertex 85.2248 15.6164 54
      vertex 85.2248 15.6164 0
    endloop
  endfacet
  facet normal -0.831337 -0.555769 0
    outer loop
      vertex 85.2248 15.6164 54
      vertex 85.3448 15.4369 0
      vertex 85.3448 15.4369 54
    endloop
  endfacet
  facet normal -0.908149 -0.418647 0
    outer loop
      vertex 85.5407 15.0524 0
      vertex 85.4503 15.2485 54
      vertex 85.4503 15.2485 0
    endloop
  endfacet
  facet normal -0.908149 -0.418647 0
    outer loop
      vertex 85.4503 15.2485 54
      vertex 85.5407 15.0524 0
      vertex 85.5407 15.0524 54
    endloop
  endfacet
  facet normal -0.619089 0.785321 0
    outer loop
      vertex 84.786 11.9089 0
      vertex 84.6164 11.7752 54
      vertex 84.786 11.9089 54
    endloop
  endfacet
  facet normal -0.619089 0.785321 0
    outer loop
      vertex 84.6164 11.7752 54
      vertex 84.786 11.9089 0
      vertex 84.6164 11.7752 0
    endloop
  endfacet
  facet normal 0.999225 -0.0393578 0
    outer loop
      vertex 80.25 14 54
      vertex 80.2585 14.2158 0
      vertex 80.2585 14.2158 54
    endloop
  endfacet
  facet normal 0.999225 -0.0393578 0
    outer loop
      vertex 80.2585 14.2158 0
      vertex 80.25 14 54
      vertex 80.25 14 0
    endloop
  endfacet
  facet normal 0.418647 -0.908149 0
    outer loop
      vertex 81.7515 16.4503 0
      vertex 81.9476 16.5407 54
      vertex 81.7515 16.4503 54
    endloop
  endfacet
  facet normal 0.418647 -0.908149 0
    outer loop
      vertex 81.9476 16.5407 54
      vertex 81.7515 16.4503 0
      vertex 81.9476 16.5407 0
    endloop
  endfacet
  facet normal 0.0393578 -0.999225 0
    outer loop
      vertex 82.7842 16.7415 0
      vertex 83 16.75 54
      vertex 82.7842 16.7415 54
    endloop
  endfacet
  facet normal 0.0393578 -0.999225 0
    outer loop
      vertex 83 16.75 54
      vertex 82.7842 16.7415 0
      vertex 83 16.75 0
    endloop
  endfacet
  facet normal 0.785321 -0.619089 0
    outer loop
      vertex 80.7752 15.6164 54
      vertex 80.9089 15.786 0
      vertex 80.9089 15.786 54
    endloop
  endfacet
  facet normal 0.785321 -0.619089 0
    outer loop
      vertex 80.9089 15.786 0
      vertex 80.7752 15.6164 54
      vertex 80.7752 15.6164 0
    endloop
  endfacet
  facet normal -0.117647 0.993055 0
    outer loop
      vertex 83.4302 11.2839 0
      vertex 83.2158 11.2585 54
      vertex 83.4302 11.2839 54
    endloop
  endfacet
  facet normal -0.117647 0.993055 0
    outer loop
      vertex 83.2158 11.2585 54
      vertex 83.4302 11.2839 0
      vertex 83.2158 11.2585 0
    endloop
  endfacet
  facet normal -0.962462 0.271416 0
    outer loop
      vertex 85.6154 13.1502 0
      vertex 85.674 13.358 54
      vertex 85.674 13.358 0
    endloop
  endfacet
  facet normal -0.962462 0.271416 0
    outer loop
      vertex 85.674 13.358 54
      vertex 85.6154 13.1502 0
      vertex 85.6154 13.1502 54
    endloop
  endfacet
  facet normal 0.619089 0.785321 -0
    outer loop
      vertex 81.3836 11.7752 0
      vertex 81.214 11.9089 54
      vertex 81.3836 11.7752 54
    endloop
  endfacet
  facet normal 0.619089 0.785321 0
    outer loop
      vertex 81.214 11.9089 54
      vertex 81.3836 11.7752 0
      vertex 81.214 11.9089 0
    endloop
  endfacet
  facet normal 0.938256 -0.345941 0
    outer loop
      vertex 80.3846 14.8498 54
      vertex 80.4593 15.0524 0
      vertex 80.4593 15.0524 54
    endloop
  endfacet
  facet normal 0.938256 -0.345941 0
    outer loop
      vertex 80.4593 15.0524 0
      vertex 80.3846 14.8498 54
      vertex 80.3846 14.8498 0
    endloop
  endfacet
  facet normal 0.194958 -0.980812 0
    outer loop
      vertex 82.358 16.674 0
      vertex 82.5698 16.7161 54
      vertex 82.358 16.674 54
    endloop
  endfacet
  facet normal 0.194958 -0.980812 0
    outer loop
      vertex 82.5698 16.7161 54
      vertex 82.358 16.674 0
      vertex 82.5698 16.7161 0
    endloop
  endfacet
  facet normal 0.993055 -0.117647 0
    outer loop
      vertex 80.2585 14.2158 54
      vertex 80.2839 14.4302 0
      vertex 80.2839 14.4302 54
    endloop
  endfacet
  facet normal 0.993055 -0.117647 0
    outer loop
      vertex 80.2839 14.4302 0
      vertex 80.2585 14.2158 54
      vertex 80.2585 14.2158 0
    endloop
  endfacet
  facet normal 0.962462 -0.271416 0
    outer loop
      vertex 80.326 14.642 54
      vertex 80.3846 14.8498 0
      vertex 80.3846 14.8498 54
    endloop
  endfacet
  facet normal 0.962462 -0.271416 0
    outer loop
      vertex 80.3846 14.8498 0
      vertex 80.326 14.642 54
      vertex 80.326 14.642 0
    endloop
  endfacet
  facet normal -0.734128 -0.679011 0
    outer loop
      vertex 85.0911 15.786 0
      vertex 84.9445 15.9445 54
      vertex 84.9445 15.9445 0
    endloop
  endfacet
  facet normal -0.734128 -0.679011 0
    outer loop
      vertex 84.9445 15.9445 54
      vertex 85.0911 15.786 0
      vertex 85.0911 15.786 54
    endloop
  endfacet
  facet normal 0.962462 0.271416 0
    outer loop
      vertex 80.3846 13.1502 54
      vertex 80.326 13.358 0
      vertex 80.326 13.358 54
    endloop
  endfacet
  facet normal 0.962462 0.271416 0
    outer loop
      vertex 80.326 13.358 0
      vertex 80.3846 13.1502 54
      vertex 80.3846 13.1502 0
    endloop
  endfacet
  facet normal 0.785321 0.619089 0
    outer loop
      vertex 80.9089 12.214 54
      vertex 80.7752 12.3836 0
      vertex 80.7752 12.3836 54
    endloop
  endfacet
  facet normal 0.785321 0.619089 0
    outer loop
      vertex 80.7752 12.3836 0
      vertex 80.9089 12.214 54
      vertex 80.9089 12.214 0
    endloop
  endfacet
  facet normal -0.999225 0.0393578 0
    outer loop
      vertex 85.7415 13.7842 0
      vertex 85.75 14 54
      vertex 85.75 14 0
    endloop
  endfacet
  facet normal -0.999225 0.0393578 0
    outer loop
      vertex 85.75 14 54
      vertex 85.7415 13.7842 0
      vertex 85.7415 13.7842 54
    endloop
  endfacet
  facet normal -0.679011 0.734128 0
    outer loop
      vertex 84.9445 12.0555 0
      vertex 84.786 11.9089 54
      vertex 84.9445 12.0555 54
    endloop
  endfacet
  facet normal -0.679011 0.734128 0
    outer loop
      vertex 84.786 11.9089 54
      vertex 84.9445 12.0555 0
      vertex 84.786 11.9089 0
    endloop
  endfacet
  facet normal 0.619089 -0.785321 0
    outer loop
      vertex 81.214 16.0911 0
      vertex 81.3836 16.2248 54
      vertex 81.214 16.0911 54
    endloop
  endfacet
  facet normal 0.619089 -0.785321 0
    outer loop
      vertex 81.3836 16.2248 54
      vertex 81.214 16.0911 0
      vertex 81.3836 16.2248 0
    endloop
  endfacet
  facet normal -0.0393578 0.999225 0
    outer loop
      vertex 83.2158 11.2585 0
      vertex 83 11.25 54
      vertex 83.2158 11.2585 54
    endloop
  endfacet
  facet normal -0.0393578 0.999225 0
    outer loop
      vertex 83 11.25 54
      vertex 83.2158 11.2585 0
      vertex 83 11.25 0
    endloop
  endfacet
  facet normal 0.734128 -0.679011 0
    outer loop
      vertex 80.9089 15.786 54
      vertex 81.0555 15.9445 0
      vertex 81.0555 15.9445 54
    endloop
  endfacet
  facet normal 0.734128 -0.679011 0
    outer loop
      vertex 81.0555 15.9445 0
      vertex 80.9089 15.786 54
      vertex 80.9089 15.786 0
    endloop
  endfacet
  facet normal 0.908149 -0.418647 0
    outer loop
      vertex 80.4593 15.0524 54
      vertex 80.5497 15.2485 0
      vertex 80.5497 15.2485 54
    endloop
  endfacet
  facet normal 0.908149 -0.418647 0
    outer loop
      vertex 80.5497 15.2485 0
      vertex 80.4593 15.0524 54
      vertex 80.4593 15.0524 0
    endloop
  endfacet
  facet normal 0.488589 -0.872514 0
    outer loop
      vertex 81.5631 16.3448 0
      vertex 81.7515 16.4503 54
      vertex 81.5631 16.3448 54
    endloop
  endfacet
  facet normal 0.488589 -0.872514 0
    outer loop
      vertex 81.7515 16.4503 54
      vertex 81.5631 16.3448 0
      vertex 81.7515 16.4503 0
    endloop
  endfacet
  facet normal 0.993055 0.117647 0
    outer loop
      vertex 80.2839 13.5698 54
      vertex 80.2585 13.7842 0
      vertex 80.2585 13.7842 54
    endloop
  endfacet
  facet normal 0.993055 0.117647 0
    outer loop
      vertex 80.2585 13.7842 0
      vertex 80.2839 13.5698 54
      vertex 80.2839 13.5698 0
    endloop
  endfacet
  facet normal 0.194958 0.980812 -0
    outer loop
      vertex 82.5698 11.2839 0
      vertex 82.358 11.326 54
      vertex 82.5698 11.2839 54
    endloop
  endfacet
  facet normal 0.194958 0.980812 0
    outer loop
      vertex 82.358 11.326 54
      vertex 82.5698 11.2839 0
      vertex 82.358 11.326 0
    endloop
  endfacet
  facet normal 0.117647 -0.993055 0
    outer loop
      vertex 82.5698 16.7161 0
      vertex 82.7842 16.7415 54
      vertex 82.5698 16.7161 54
    endloop
  endfacet
  facet normal 0.117647 -0.993055 0
    outer loop
      vertex 82.7842 16.7415 54
      vertex 82.5698 16.7161 0
      vertex 82.7842 16.7415 0
    endloop
  endfacet
  facet normal -0.271416 0.962462 0
    outer loop
      vertex 83.8498 11.3846 0
      vertex 83.642 11.326 54
      vertex 83.8498 11.3846 54
    endloop
  endfacet
  facet normal -0.271416 0.962462 0
    outer loop
      vertex 83.642 11.326 54
      vertex 83.8498 11.3846 0
      vertex 83.642 11.326 0
    endloop
  endfacet
  facet normal 0.679011 0.734128 -0
    outer loop
      vertex 81.214 11.9089 0
      vertex 81.0555 12.0555 54
      vertex 81.214 11.9089 54
    endloop
  endfacet
  facet normal 0.679011 0.734128 0
    outer loop
      vertex 81.0555 12.0555 54
      vertex 81.214 11.9089 0
      vertex 81.0555 12.0555 0
    endloop
  endfacet
  facet normal 0.980812 0.194958 0
    outer loop
      vertex 80.326 13.358 54
      vertex 80.2839 13.5698 0
      vertex 80.2839 13.5698 54
    endloop
  endfacet
  facet normal 0.980812 0.194958 0
    outer loop
      vertex 80.2839 13.5698 0
      vertex 80.326 13.358 54
      vertex 80.326 13.358 0
    endloop
  endfacet
  facet normal 0.980812 -0.194958 0
    outer loop
      vertex 80.2839 14.4302 54
      vertex 80.326 14.642 0
      vertex 80.326 14.642 54
    endloop
  endfacet
  facet normal 0.980812 -0.194958 0
    outer loop
      vertex 80.326 14.642 0
      vertex 80.2839 14.4302 54
      vertex 80.2839 14.4302 0
    endloop
  endfacet
  facet normal 0.555769 -0.831337 0
    outer loop
      vertex 81.3836 16.2248 0
      vertex 81.5631 16.3448 54
      vertex 81.3836 16.2248 54
    endloop
  endfacet
  facet normal 0.555769 -0.831337 0
    outer loop
      vertex 81.5631 16.3448 54
      vertex 81.3836 16.2248 0
      vertex 81.5631 16.3448 0
    endloop
  endfacet
  facet normal -0.908149 0.418647 0
    outer loop
      vertex 85.4503 12.7515 0
      vertex 85.5407 12.9476 54
      vertex 85.5407 12.9476 0
    endloop
  endfacet
  facet normal -0.908149 0.418647 0
    outer loop
      vertex 85.5407 12.9476 54
      vertex 85.4503 12.7515 0
      vertex 85.4503 12.7515 54
    endloop
  endfacet
  facet normal 0.345941 -0.938256 0
    outer loop
      vertex 81.9476 16.5407 0
      vertex 82.1502 16.6154 54
      vertex 81.9476 16.5407 54
    endloop
  endfacet
  facet normal 0.345941 -0.938256 0
    outer loop
      vertex 82.1502 16.6154 54
      vertex 81.9476 16.5407 0
      vertex 82.1502 16.6154 0
    endloop
  endfacet
  facet normal 0.872514 -0.488589 0
    outer loop
      vertex 80.5497 15.2485 54
      vertex 80.6552 15.4369 0
      vertex 80.6552 15.4369 54
    endloop
  endfacet
  facet normal 0.872514 -0.488589 0
    outer loop
      vertex 80.6552 15.4369 0
      vertex 80.5497 15.2485 54
      vertex 80.5497 15.2485 0
    endloop
  endfacet
  facet normal 0.938256 0.345941 0
    outer loop
      vertex 80.4593 12.9476 54
      vertex 80.3846 13.1502 0
      vertex 80.3846 13.1502 54
    endloop
  endfacet
  facet normal 0.938256 0.345941 0
    outer loop
      vertex 80.3846 13.1502 0
      vertex 80.4593 12.9476 54
      vertex 80.4593 12.9476 0
    endloop
  endfacet
  facet normal -0.679011 -0.734128 0
    outer loop
      vertex 84.786 16.0911 0
      vertex 84.9445 15.9445 54
      vertex 84.786 16.0911 54
    endloop
  endfacet
  facet normal -0.679011 -0.734128 -0
    outer loop
      vertex 84.9445 15.9445 54
      vertex 84.786 16.0911 0
      vertex 84.9445 15.9445 0
    endloop
  endfacet
  facet normal 0.0393578 0.999225 -0
    outer loop
      vertex 83 11.25 0
      vertex 82.7842 11.2585 54
      vertex 83 11.25 54
    endloop
  endfacet
  facet normal 0.0393578 0.999225 0
    outer loop
      vertex 82.7842 11.2585 54
      vertex 83 11.25 0
      vertex 82.7842 11.2585 0
    endloop
  endfacet
  facet normal -0.0393578 -0.999225 0
    outer loop
      vertex 83 16.75 0
      vertex 83.2158 16.7415 54
      vertex 83 16.75 54
    endloop
  endfacet
  facet normal -0.0393578 -0.999225 -0
    outer loop
      vertex 83.2158 16.7415 54
      vertex 83 16.75 0
      vertex 83.2158 16.7415 0
    endloop
  endfacet
  facet normal 0.418647 0.908149 -0
    outer loop
      vertex 81.9476 11.4593 0
      vertex 81.7515 11.5497 54
      vertex 81.9476 11.4593 54
    endloop
  endfacet
  facet normal 0.418647 0.908149 0
    outer loop
      vertex 81.7515 11.5497 54
      vertex 81.9476 11.4593 0
      vertex 81.7515 11.5497 0
    endloop
  endfacet
  facet normal 0.999225 0.0393578 0
    outer loop
      vertex 80.2585 13.7842 54
      vertex 80.25 14 0
      vertex 80.25 14 54
    endloop
  endfacet
  facet normal 0.999225 0.0393578 0
    outer loop
      vertex 80.25 14 0
      vertex 80.2585 13.7842 54
      vertex 80.2585 13.7842 0
    endloop
  endfacet
  facet normal 0.271416 0.962462 -0
    outer loop
      vertex 82.358 11.326 0
      vertex 82.1502 11.3846 54
      vertex 82.358 11.326 54
    endloop
  endfacet
  facet normal 0.271416 0.962462 0
    outer loop
      vertex 82.1502 11.3846 54
      vertex 82.358 11.326 0
      vertex 82.1502 11.3846 0
    endloop
  endfacet
  facet normal -0.117647 -0.993055 0
    outer loop
      vertex 83.2158 16.7415 0
      vertex 83.4302 16.7161 54
      vertex 83.2158 16.7415 54
    endloop
  endfacet
  facet normal -0.117647 -0.993055 -0
    outer loop
      vertex 83.4302 16.7161 54
      vertex 83.2158 16.7415 0
      vertex 83.4302 16.7161 0
    endloop
  endfacet
  facet normal 0.908149 0.418647 0
    outer loop
      vertex 80.5497 12.7515 54
      vertex 80.4593 12.9476 0
      vertex 80.4593 12.9476 54
    endloop
  endfacet
  facet normal 0.908149 0.418647 0
    outer loop
      vertex 80.4593 12.9476 0
      vertex 80.5497 12.7515 54
      vertex 80.5497 12.7515 0
    endloop
  endfacet
  facet normal -0.872514 0.488589 0
    outer loop
      vertex 85.3448 12.5631 0
      vertex 85.4503 12.7515 54
      vertex 85.4503 12.7515 0
    endloop
  endfacet
  facet normal -0.872514 0.488589 0
    outer loop
      vertex 85.4503 12.7515 54
      vertex 85.3448 12.5631 0
      vertex 85.3448 12.5631 54
    endloop
  endfacet
  facet normal -0.734128 0.679011 0
    outer loop
      vertex 84.9445 12.0555 0
      vertex 85.0911 12.214 54
      vertex 85.0911 12.214 0
    endloop
  endfacet
  facet normal -0.734128 0.679011 0
    outer loop
      vertex 85.0911 12.214 54
      vertex 84.9445 12.0555 0
      vertex 84.9445 12.0555 54
    endloop
  endfacet
  facet normal 0.872514 0.488589 0
    outer loop
      vertex 80.6552 12.5631 54
      vertex 80.5497 12.7515 0
      vertex 80.5497 12.7515 54
    endloop
  endfacet
  facet normal 0.872514 0.488589 0
    outer loop
      vertex 80.5497 12.7515 0
      vertex 80.6552 12.5631 54
      vertex 80.6552 12.5631 0
    endloop
  endfacet
  facet normal 0.831337 0.555769 0
    outer loop
      vertex 80.7752 12.3836 54
      vertex 80.6552 12.5631 0
      vertex 80.6552 12.5631 54
    endloop
  endfacet
  facet normal 0.831337 0.555769 0
    outer loop
      vertex 80.6552 12.5631 0
      vertex 80.7752 12.3836 54
      vertex 80.7752 12.3836 0
    endloop
  endfacet
  facet normal 0.117647 0.993055 -0
    outer loop
      vertex 82.7842 11.2585 0
      vertex 82.5698 11.2839 54
      vertex 82.7842 11.2585 54
    endloop
  endfacet
  facet normal 0.117647 0.993055 0
    outer loop
      vertex 82.5698 11.2839 54
      vertex 82.7842 11.2585 0
      vertex 82.5698 11.2839 0
    endloop
  endfacet
  facet normal 0.555769 0.831337 -0
    outer loop
      vertex 81.5631 11.6552 0
      vertex 81.3836 11.7752 54
      vertex 81.5631 11.6552 54
    endloop
  endfacet
  facet normal 0.555769 0.831337 0
    outer loop
      vertex 81.3836 11.7752 54
      vertex 81.5631 11.6552 0
      vertex 81.3836 11.7752 0
    endloop
  endfacet
  facet normal -0.418647 0.908149 0
    outer loop
      vertex 84.2485 11.5497 0
      vertex 84.0524 11.4593 54
      vertex 84.2485 11.5497 54
    endloop
  endfacet
  facet normal -0.418647 0.908149 0
    outer loop
      vertex 84.0524 11.4593 54
      vertex 84.2485 11.5497 0
      vertex 84.0524 11.4593 0
    endloop
  endfacet
  facet normal 0.831337 -0.555769 0
    outer loop
      vertex 80.6552 15.4369 54
      vertex 80.7752 15.6164 0
      vertex 80.7752 15.6164 54
    endloop
  endfacet
  facet normal 0.831337 -0.555769 0
    outer loop
      vertex 80.7752 15.6164 0
      vertex 80.6552 15.4369 54
      vertex 80.6552 15.4369 0
    endloop
  endfacet
  facet normal -0.993068 -0.117542 0
    outer loop
      vertex -43.0524 1.3338 0
      vertex -43.2093 2.65939 34.5
      vertex -43.2093 2.65939 0
    endloop
  endfacet
  facet normal -0.993068 -0.117542 0
    outer loop
      vertex -43.2093 2.65939 34.5
      vertex -43.0524 1.3338 0
      vertex -43.0524 1.3338 34.5
    endloop
  endfacet
  facet normal -0.999229 -0.039256 0
    outer loop
      vertex -43 0 0
      vertex -43.0524 1.3338 34.5
      vertex -43.0524 1.3338 0
    endloop
  endfacet
  facet normal -0.999229 -0.039256 0
    outer loop
      vertex -43.0524 1.3338 34.5
      vertex -43 0 0
      vertex -43 0 34.5
    endloop
  endfacet
  facet normal -0.980787 -0.195082 0
    outer loop
      vertex -43.2093 2.65939 0
      vertex -43.4697 3.96857 34.5
      vertex -43.4697 3.96857 0
    endloop
  endfacet
  facet normal -0.980787 -0.195082 0
    outer loop
      vertex -43.4697 3.96857 34.5
      vertex -43.2093 2.65939 0
      vertex -43.2093 2.65939 34.5
    endloop
  endfacet
  facet normal -0.195079 -0.980788 0
    outer loop
      vertex -57.3406 16.7907 0
      vertex -56.0314 16.5303 34.5
      vertex -57.3406 16.7907 34.5
    endloop
  endfacet
  facet normal -0.195079 -0.980788 -0
    outer loop
      vertex -56.0314 16.5303 34.5
      vertex -57.3406 16.7907 0
      vertex -56.0314 16.5303 0
    endloop
  endfacet
  facet normal 0.418702 0.908124 -0
    outer loop
      vertex -66.5056 -15.706 0
      vertex -67.7178 -15.1471 34.5
      vertex -66.5056 -15.706 34.5
    endloop
  endfacet
  facet normal 0.418702 0.908124 0
    outer loop
      vertex -67.7178 -15.1471 34.5
      vertex -66.5056 -15.706 0
      vertex -67.7178 -15.1471 0
    endloop
  endfacet
  facet normal -0.039256 0.999229 0
    outer loop
      vertex -58.6662 -16.9476 0
      vertex -60 -17 34.5
      vertex -58.6662 -16.9476 34.5
    endloop
  endfacet
  facet normal -0.039256 0.999229 0
    outer loop
      vertex -60 -17 34.5
      vertex -58.6662 -16.9476 0
      vertex -60 -17 0
    endloop
  endfacet
  facet normal -0.555599 0.83145 0
    outer loop
      vertex -50.0077 -13.7533 0
      vertex -51.1175 -14.4949 34.5
      vertex -50.0077 -13.7533 34.5
    endloop
  endfacet
  facet normal -0.555599 0.83145 0
    outer loop
      vertex -51.1175 -14.4949 34.5
      vertex -50.0077 -13.7533 0
      vertex -51.1175 -14.4949 0
    endloop
  endfacet
  facet normal -0.271425 0.96246 0
    outer loop
      vertex -54.7467 -16.168 0
      vertex -56.0314 -16.5303 34.5
      vertex -54.7467 -16.168 34.5
    endloop
  endfacet
  facet normal -0.271425 0.96246 0
    outer loop
      vertex -56.0314 -16.5303 34.5
      vertex -54.7467 -16.168 0
      vertex -56.0314 -16.5303 0
    endloop
  endfacet
  facet normal -0.418702 0.908124 0
    outer loop
      vertex -52.2822 -15.1471 0
      vertex -53.4944 -15.706 34.5
      vertex -52.2822 -15.1471 34.5
    endloop
  endfacet
  facet normal -0.418702 0.908124 0
    outer loop
      vertex -53.4944 -15.706 34.5
      vertex -52.2822 -15.1471 0
      vertex -53.4944 -15.706 0
    endloop
  endfacet
  facet normal 0.734318 -0.678806 0
    outer loop
      vertex -72.9269 11.0406 34.5
      vertex -72.0208 12.0208 0
      vertex -72.0208 12.0208 34.5
    endloop
  endfacet
  facet normal 0.734318 -0.678806 0
    outer loop
      vertex -72.0208 12.0208 0
      vertex -72.9269 11.0406 34.5
      vertex -72.9269 11.0406 0
    endloop
  endfacet
  facet normal -0.831469 -0.555571 0
    outer loop
      vertex -45.5051 8.88247 0
      vertex -46.2467 9.99235 34.5
      vertex -46.2467 9.99235 0
    endloop
  endfacet
  facet normal -0.831469 -0.555571 0
    outer loop
      vertex -46.2467 9.99235 34.5
      vertex -45.5051 8.88247 0
      vertex -45.5051 8.88247 34.5
    endloop
  endfacet
  facet normal -0.488585 0.872516 0
    outer loop
      vertex -51.1175 -14.4949 0
      vertex -52.2822 -15.1471 34.5
      vertex -51.1175 -14.4949 34.5
    endloop
  endfacet
  facet normal -0.488585 0.872516 0
    outer loop
      vertex -52.2822 -15.1471 34.5
      vertex -51.1175 -14.4949 0
      vertex -52.2822 -15.1471 0
    endloop
  endfacet
  facet normal -0.962461 -0.271421 0
    outer loop
      vertex -43.4697 3.96857 0
      vertex -43.832 5.25329 34.5
      vertex -43.832 5.25329 0
    endloop
  endfacet
  facet normal -0.962461 -0.271421 0
    outer loop
      vertex -43.832 5.25329 34.5
      vertex -43.4697 3.96857 0
      vertex -43.4697 3.96857 34.5
    endloop
  endfacet
  facet normal -0.039256 -0.999229 0
    outer loop
      vertex -60 17 0
      vertex -58.6662 16.9476 34.5
      vertex -60 17 34.5
    endloop
  endfacet
  facet normal -0.039256 -0.999229 -0
    outer loop
      vertex -58.6662 16.9476 34.5
      vertex -60 17 0
      vertex -58.6662 16.9476 0
    endloop
  endfacet
  facet normal 0.785307 -0.619106 0
    outer loop
      vertex -73.7533 9.99235 34.5
      vertex -72.9269 11.0406 0
      vertex -72.9269 11.0406 34.5
    endloop
  endfacet
  facet normal 0.785307 -0.619106 0
    outer loop
      vertex -72.9269 11.0406 0
      vertex -73.7533 9.99235 34.5
      vertex -73.7533 9.99235 0
    endloop
  endfacet
  facet normal 0.962461 0.271421 0
    outer loop
      vertex -76.168 -5.25329 34.5
      vertex -76.5303 -3.96857 0
      vertex -76.5303 -3.96857 34.5
    endloop
  endfacet
  facet normal 0.962461 0.271421 0
    outer loop
      vertex -76.5303 -3.96857 0
      vertex -76.168 -5.25329 34.5
      vertex -76.168 -5.25329 0
    endloop
  endfacet
  facet normal -0.999229 0.039256 0
    outer loop
      vertex -43.0524 -1.3338 0
      vertex -43 0 34.5
      vertex -43 0 0
    endloop
  endfacet
  facet normal -0.999229 0.039256 0
    outer loop
      vertex -43 0 34.5
      vertex -43.0524 -1.3338 0
      vertex -43.0524 -1.3338 34.5
    endloop
  endfacet
  facet normal -0.678806 0.734318 0
    outer loop
      vertex -47.9792 -12.0208 0
      vertex -48.9594 -12.9269 34.5
      vertex -47.9792 -12.0208 34.5
    endloop
  endfacet
  facet normal -0.678806 0.734318 0
    outer loop
      vertex -48.9594 -12.9269 34.5
      vertex -47.9792 -12.0208 0
      vertex -48.9594 -12.9269 0
    endloop
  endfacet
  facet normal 0.555599 -0.83145 0
    outer loop
      vertex -69.9923 13.7533 0
      vertex -68.8825 14.4949 34.5
      vertex -69.9923 13.7533 34.5
    endloop
  endfacet
  facet normal 0.555599 -0.83145 0
    outer loop
      vertex -68.8825 14.4949 34.5
      vertex -69.9923 13.7533 0
      vertex -68.8825 14.4949 0
    endloop
  endfacet
  facet normal 0.938169 0.346177 0
    outer loop
      vertex -75.7059 -6.50562 34.5
      vertex -76.168 -5.25329 0
      vertex -76.168 -5.25329 34.5
    endloop
  endfacet
  facet normal 0.938169 0.346177 0
    outer loop
      vertex -76.168 -5.25329 0
      vertex -75.7059 -6.50562 34.5
      vertex -75.7059 -6.50562 0
    endloop
  endfacet
  facet normal -0.908126 -0.418696 0
    outer loop
      vertex -44.294 6.50562 0
      vertex -44.8529 7.71784 34.5
      vertex -44.8529 7.71784 0
    endloop
  endfacet
  facet normal -0.908126 -0.418696 0
    outer loop
      vertex -44.8529 7.71784 34.5
      vertex -44.294 6.50562 0
      vertex -44.294 6.50562 34.5
    endloop
  endfacet
  facet normal -0.872504 -0.488607 0
    outer loop
      vertex -44.8529 7.71784 0
      vertex -45.5051 8.88247 34.5
      vertex -45.5051 8.88247 0
    endloop
  endfacet
  facet normal -0.872504 -0.488607 0
    outer loop
      vertex -45.5051 8.88247 34.5
      vertex -44.8529 7.71784 0
      vertex -44.8529 7.71784 34.5
    endloop
  endfacet
  facet normal 0.678806 -0.734318 0
    outer loop
      vertex -72.0208 12.0208 0
      vertex -71.0406 12.9269 34.5
      vertex -72.0208 12.0208 34.5
    endloop
  endfacet
  facet normal 0.678806 -0.734318 0
    outer loop
      vertex -71.0406 12.9269 34.5
      vertex -72.0208 12.0208 0
      vertex -71.0406 12.9269 0
    endloop
  endfacet
  facet normal 0.734318 0.678806 0
    outer loop
      vertex -72.0208 -12.0208 34.5
      vertex -72.9269 -11.0406 0
      vertex -72.9269 -11.0406 34.5
    endloop
  endfacet
  facet normal 0.734318 0.678806 0
    outer loop
      vertex -72.9269 -11.0406 0
      vertex -72.0208 -12.0208 34.5
      vertex -72.0208 -12.0208 0
    endloop
  endfacet
  facet normal -0.418702 -0.908124 0
    outer loop
      vertex -53.4944 15.706 0
      vertex -52.2822 15.1471 34.5
      vertex -53.4944 15.706 34.5
    endloop
  endfacet
  facet normal -0.418702 -0.908124 -0
    outer loop
      vertex -52.2822 15.1471 34.5
      vertex -53.4944 15.706 0
      vertex -52.2822 15.1471 0
    endloop
  endfacet
  facet normal -0.962461 0.271421 0
    outer loop
      vertex -43.832 -5.25329 0
      vertex -43.4697 -3.96857 34.5
      vertex -43.4697 -3.96857 0
    endloop
  endfacet
  facet normal -0.962461 0.271421 0
    outer loop
      vertex -43.4697 -3.96857 34.5
      vertex -43.832 -5.25329 0
      vertex -43.832 -5.25329 34.5
    endloop
  endfacet
  facet normal 0.039256 0.999229 -0
    outer loop
      vertex -60 -17 0
      vertex -61.3338 -16.9476 34.5
      vertex -60 -17 34.5
    endloop
  endfacet
  facet normal 0.039256 0.999229 0
    outer loop
      vertex -61.3338 -16.9476 34.5
      vertex -60 -17 0
      vertex -61.3338 -16.9476 0
    endloop
  endfacet
  facet normal -0.117541 0.993068 0
    outer loop
      vertex -57.3406 -16.7907 0
      vertex -58.6662 -16.9476 34.5
      vertex -57.3406 -16.7907 34.5
    endloop
  endfacet
  facet normal -0.117541 0.993068 0
    outer loop
      vertex -58.6662 -16.9476 34.5
      vertex -57.3406 -16.7907 0
      vertex -58.6662 -16.9476 0
    endloop
  endfacet
  facet normal -0.555599 -0.83145 0
    outer loop
      vertex -51.1175 14.4949 0
      vertex -50.0077 13.7533 34.5
      vertex -51.1175 14.4949 34.5
    endloop
  endfacet
  facet normal -0.555599 -0.83145 -0
    outer loop
      vertex -50.0077 13.7533 34.5
      vertex -51.1175 14.4949 0
      vertex -50.0077 13.7533 0
    endloop
  endfacet
  facet normal 0.938169 -0.346177 0
    outer loop
      vertex -76.168 5.25329 34.5
      vertex -75.7059 6.50562 0
      vertex -75.7059 6.50562 34.5
    endloop
  endfacet
  facet normal 0.938169 -0.346177 0
    outer loop
      vertex -75.7059 6.50562 0
      vertex -76.168 5.25329 34.5
      vertex -76.168 5.25329 0
    endloop
  endfacet
  facet normal 0.993068 0.117542 0
    outer loop
      vertex -76.7907 -2.65939 34.5
      vertex -76.9476 -1.3338 0
      vertex -76.9476 -1.3338 34.5
    endloop
  endfacet
  facet normal 0.993068 0.117542 0
    outer loop
      vertex -76.9476 -1.3338 0
      vertex -76.7907 -2.65939 34.5
      vertex -76.7907 -2.65939 0
    endloop
  endfacet
  facet normal 0.619088 -0.785322 0
    outer loop
      vertex -71.0406 12.9269 0
      vertex -69.9923 13.7533 34.5
      vertex -71.0406 12.9269 34.5
    endloop
  endfacet
  facet normal 0.619088 -0.785322 0
    outer loop
      vertex -69.9923 13.7533 34.5
      vertex -71.0406 12.9269 0
      vertex -69.9923 13.7533 0
    endloop
  endfacet
  facet normal 0.993068 -0.117542 0
    outer loop
      vertex -76.9476 1.3338 34.5
      vertex -76.7907 2.65939 0
      vertex -76.7907 2.65939 34.5
    endloop
  endfacet
  facet normal 0.993068 -0.117542 0
    outer loop
      vertex -76.7907 2.65939 0
      vertex -76.9476 1.3338 34.5
      vertex -76.9476 1.3338 0
    endloop
  endfacet
  facet normal 0.555599 0.83145 -0
    outer loop
      vertex -68.8825 -14.4949 0
      vertex -69.9923 -13.7533 34.5
      vertex -68.8825 -14.4949 34.5
    endloop
  endfacet
  facet normal 0.555599 0.83145 0
    outer loop
      vertex -69.9923 -13.7533 34.5
      vertex -68.8825 -14.4949 0
      vertex -69.9923 -13.7533 0
    endloop
  endfacet
  facet normal 0.271425 -0.96246 0
    outer loop
      vertex -65.2533 16.168 0
      vertex -63.9686 16.5303 34.5
      vertex -65.2533 16.168 34.5
    endloop
  endfacet
  facet normal 0.271425 -0.96246 0
    outer loop
      vertex -63.9686 16.5303 34.5
      vertex -65.2533 16.168 0
      vertex -63.9686 16.5303 0
    endloop
  endfacet
  facet normal 0.678806 0.734318 -0
    outer loop
      vertex -71.0406 -12.9269 0
      vertex -72.0208 -12.0208 34.5
      vertex -71.0406 -12.9269 34.5
    endloop
  endfacet
  facet normal 0.678806 0.734318 0
    outer loop
      vertex -72.0208 -12.0208 34.5
      vertex -71.0406 -12.9269 0
      vertex -72.0208 -12.0208 0
    endloop
  endfacet
  facet normal -0.488585 -0.872516 0
    outer loop
      vertex -52.2822 15.1471 0
      vertex -51.1175 14.4949 34.5
      vertex -52.2822 15.1471 34.5
    endloop
  endfacet
  facet normal -0.488585 -0.872516 -0
    outer loop
      vertex -51.1175 14.4949 34.5
      vertex -52.2822 15.1471 0
      vertex -51.1175 14.4949 0
    endloop
  endfacet
  facet normal 0.872504 -0.488607 0
    outer loop
      vertex -75.1471 7.71784 34.5
      vertex -74.4949 8.88247 0
      vertex -74.4949 8.88247 34.5
    endloop
  endfacet
  facet normal 0.872504 -0.488607 0
    outer loop
      vertex -74.4949 8.88247 0
      vertex -75.1471 7.71784 34.5
      vertex -75.1471 7.71784 0
    endloop
  endfacet
  facet normal -0.938194 0.346111 0
    outer loop
      vertex -44.294 -6.50562 0
      vertex -43.832 -5.25329 34.5
      vertex -43.832 -5.25329 0
    endloop
  endfacet
  facet normal -0.938194 0.346111 0
    outer loop
      vertex -43.832 -5.25329 34.5
      vertex -44.294 -6.50562 0
      vertex -44.294 -6.50562 34.5
    endloop
  endfacet
  facet normal -0.831469 0.555571 0
    outer loop
      vertex -46.2467 -9.99235 0
      vertex -45.5051 -8.88247 34.5
      vertex -45.5051 -8.88247 0
    endloop
  endfacet
  facet normal -0.831469 0.555571 0
    outer loop
      vertex -45.5051 -8.88247 34.5
      vertex -46.2467 -9.99235 0
      vertex -46.2467 -9.99235 34.5
    endloop
  endfacet
  facet normal 0.346118 -0.938191 0
    outer loop
      vertex -66.5056 15.706 0
      vertex -65.2533 16.168 34.5
      vertex -66.5056 15.706 34.5
    endloop
  endfacet
  facet normal 0.346118 -0.938191 0
    outer loop
      vertex -65.2533 16.168 34.5
      vertex -66.5056 15.706 0
      vertex -65.2533 16.168 0
    endloop
  endfacet
  facet normal 0.418702 -0.908124 0
    outer loop
      vertex -67.7178 15.1471 0
      vertex -66.5056 15.706 34.5
      vertex -67.7178 15.1471 34.5
    endloop
  endfacet
  facet normal 0.418702 -0.908124 0
    outer loop
      vertex -66.5056 15.706 34.5
      vertex -67.7178 15.1471 0
      vertex -66.5056 15.706 0
    endloop
  endfacet
  facet normal 0.195079 -0.980788 0
    outer loop
      vertex -63.9686 16.5303 0
      vertex -62.6594 16.7907 34.5
      vertex -63.9686 16.5303 34.5
    endloop
  endfacet
  facet normal 0.195079 -0.980788 0
    outer loop
      vertex -62.6594 16.7907 34.5
      vertex -63.9686 16.5303 0
      vertex -62.6594 16.7907 0
    endloop
  endfacet
  facet normal -0.938194 -0.346111 0
    outer loop
      vertex -43.832 5.25329 0
      vertex -44.294 6.50562 34.5
      vertex -44.294 6.50562 0
    endloop
  endfacet
  facet normal -0.938194 -0.346111 0
    outer loop
      vertex -44.294 6.50562 34.5
      vertex -43.832 5.25329 0
      vertex -43.832 5.25329 34.5
    endloop
  endfacet
  facet normal 0.346118 0.938191 -0
    outer loop
      vertex -65.2533 -16.168 0
      vertex -66.5056 -15.706 34.5
      vertex -65.2533 -16.168 34.5
    endloop
  endfacet
  facet normal 0.346118 0.938191 0
    outer loop
      vertex -66.5056 -15.706 34.5
      vertex -65.2533 -16.168 0
      vertex -66.5056 -15.706 0
    endloop
  endfacet
  facet normal -0.734318 -0.678806 0
    outer loop
      vertex -47.0731 11.0406 0
      vertex -47.9792 12.0208 34.5
      vertex -47.9792 12.0208 0
    endloop
  endfacet
  facet normal -0.734318 -0.678806 0
    outer loop
      vertex -47.9792 12.0208 34.5
      vertex -47.0731 11.0406 0
      vertex -47.0731 11.0406 34.5
    endloop
  endfacet
  facet normal 0.962461 -0.271421 0
    outer loop
      vertex -76.5303 3.96857 34.5
      vertex -76.168 5.25329 0
      vertex -76.168 5.25329 34.5
    endloop
  endfacet
  facet normal 0.962461 -0.271421 0
    outer loop
      vertex -76.168 5.25329 0
      vertex -76.5303 3.96857 34.5
      vertex -76.5303 3.96857 0
    endloop
  endfacet
  facet normal 0.831469 0.555571 0
    outer loop
      vertex -73.7533 -9.99235 34.5
      vertex -74.4949 -8.88247 0
      vertex -74.4949 -8.88247 34.5
    endloop
  endfacet
  facet normal 0.831469 0.555571 0
    outer loop
      vertex -74.4949 -8.88247 0
      vertex -73.7533 -9.99235 34.5
      vertex -73.7533 -9.99235 0
    endloop
  endfacet
  facet normal 0.872504 0.488607 0
    outer loop
      vertex -74.4949 -8.88247 34.5
      vertex -75.1471 -7.71784 0
      vertex -75.1471 -7.71784 34.5
    endloop
  endfacet
  facet normal 0.872504 0.488607 0
    outer loop
      vertex -75.1471 -7.71784 0
      vertex -74.4949 -8.88247 34.5
      vertex -74.4949 -8.88247 0
    endloop
  endfacet
  facet normal 0.039256 -0.999229 0
    outer loop
      vertex -61.3338 16.9476 0
      vertex -60 17 34.5
      vertex -61.3338 16.9476 34.5
    endloop
  endfacet
  facet normal 0.039256 -0.999229 0
    outer loop
      vertex -60 17 34.5
      vertex -61.3338 16.9476 0
      vertex -60 17 0
    endloop
  endfacet
  facet normal -0.117541 -0.993068 0
    outer loop
      vertex -58.6662 16.9476 0
      vertex -57.3406 16.7907 34.5
      vertex -58.6662 16.9476 34.5
    endloop
  endfacet
  facet normal -0.117541 -0.993068 -0
    outer loop
      vertex -57.3406 16.7907 34.5
      vertex -58.6662 16.9476 0
      vertex -57.3406 16.7907 0
    endloop
  endfacet
  facet normal -0.619088 -0.785322 0
    outer loop
      vertex -50.0077 13.7533 0
      vertex -48.9594 12.9269 34.5
      vertex -50.0077 13.7533 34.5
    endloop
  endfacet
  facet normal -0.619088 -0.785322 -0
    outer loop
      vertex -48.9594 12.9269 34.5
      vertex -50.0077 13.7533 0
      vertex -48.9594 12.9269 0
    endloop
  endfacet
  facet normal -0.619088 0.785322 0
    outer loop
      vertex -48.9594 -12.9269 0
      vertex -50.0077 -13.7533 34.5
      vertex -48.9594 -12.9269 34.5
    endloop
  endfacet
  facet normal -0.619088 0.785322 0
    outer loop
      vertex -50.0077 -13.7533 34.5
      vertex -48.9594 -12.9269 0
      vertex -50.0077 -13.7533 0
    endloop
  endfacet
  facet normal 0.999229 0.039256 0
    outer loop
      vertex -76.9476 -1.3338 34.5
      vertex -77 0 0
      vertex -77 0 34.5
    endloop
  endfacet
  facet normal 0.999229 0.039256 0
    outer loop
      vertex -77 0 0
      vertex -76.9476 -1.3338 34.5
      vertex -76.9476 -1.3338 0
    endloop
  endfacet
  facet normal 0.195079 0.980788 -0
    outer loop
      vertex -62.6594 -16.7907 0
      vertex -63.9686 -16.5303 34.5
      vertex -62.6594 -16.7907 34.5
    endloop
  endfacet
  facet normal 0.195079 0.980788 0
    outer loop
      vertex -63.9686 -16.5303 34.5
      vertex -62.6594 -16.7907 0
      vertex -63.9686 -16.5303 0
    endloop
  endfacet
  facet normal -0.734318 0.678806 0
    outer loop
      vertex -47.9792 -12.0208 0
      vertex -47.0731 -11.0406 34.5
      vertex -47.0731 -11.0406 0
    endloop
  endfacet
  facet normal -0.734318 0.678806 0
    outer loop
      vertex -47.0731 -11.0406 34.5
      vertex -47.9792 -12.0208 0
      vertex -47.9792 -12.0208 34.5
    endloop
  endfacet
  facet normal 0.908155 0.418634 0
    outer loop
      vertex -75.1471 -7.71784 34.5
      vertex -75.7059 -6.50562 0
      vertex -75.7059 -6.50562 34.5
    endloop
  endfacet
  facet normal 0.908155 0.418634 0
    outer loop
      vertex -75.7059 -6.50562 0
      vertex -75.1471 -7.71784 34.5
      vertex -75.1471 -7.71784 0
    endloop
  endfacet
  facet normal -0.346118 0.938191 0
    outer loop
      vertex -53.4944 -15.706 0
      vertex -54.7467 -16.168 34.5
      vertex -53.4944 -15.706 34.5
    endloop
  endfacet
  facet normal -0.346118 0.938191 0
    outer loop
      vertex -54.7467 -16.168 34.5
      vertex -53.4944 -15.706 0
      vertex -54.7467 -16.168 0
    endloop
  endfacet
  facet normal -0.785307 0.619106 0
    outer loop
      vertex -47.0731 -11.0406 0
      vertex -46.2467 -9.99235 34.5
      vertex -46.2467 -9.99235 0
    endloop
  endfacet
  facet normal -0.785307 0.619106 0
    outer loop
      vertex -46.2467 -9.99235 34.5
      vertex -47.0731 -11.0406 0
      vertex -47.0731 -11.0406 34.5
    endloop
  endfacet
  facet normal -0.271425 -0.96246 0
    outer loop
      vertex -56.0314 16.5303 0
      vertex -54.7467 16.168 34.5
      vertex -56.0314 16.5303 34.5
    endloop
  endfacet
  facet normal -0.271425 -0.96246 -0
    outer loop
      vertex -54.7467 16.168 34.5
      vertex -56.0314 16.5303 0
      vertex -54.7467 16.168 0
    endloop
  endfacet
  facet normal 0.980787 0.195082 0
    outer loop
      vertex -76.5303 -3.96857 34.5
      vertex -76.7907 -2.65939 0
      vertex -76.7907 -2.65939 34.5
    endloop
  endfacet
  facet normal 0.980787 0.195082 0
    outer loop
      vertex -76.7907 -2.65939 0
      vertex -76.5303 -3.96857 34.5
      vertex -76.5303 -3.96857 0
    endloop
  endfacet
  facet normal 0.488585 -0.872516 0
    outer loop
      vertex -68.8825 14.4949 0
      vertex -67.7178 15.1471 34.5
      vertex -68.8825 14.4949 34.5
    endloop
  endfacet
  facet normal 0.488585 -0.872516 0
    outer loop
      vertex -67.7178 15.1471 34.5
      vertex -68.8825 14.4949 0
      vertex -67.7178 15.1471 0
    endloop
  endfacet
  facet normal 0.488585 0.872516 -0
    outer loop
      vertex -67.7178 -15.1471 0
      vertex -68.8825 -14.4949 34.5
      vertex -67.7178 -15.1471 34.5
    endloop
  endfacet
  facet normal 0.488585 0.872516 0
    outer loop
      vertex -68.8825 -14.4949 34.5
      vertex -67.7178 -15.1471 0
      vertex -68.8825 -14.4949 0
    endloop
  endfacet
  facet normal -0.872504 0.488607 0
    outer loop
      vertex -45.5051 -8.88247 0
      vertex -44.8529 -7.71784 34.5
      vertex -44.8529 -7.71784 0
    endloop
  endfacet
  facet normal -0.872504 0.488607 0
    outer loop
      vertex -44.8529 -7.71784 34.5
      vertex -45.5051 -8.88247 0
      vertex -45.5051 -8.88247 34.5
    endloop
  endfacet
  facet normal -0.346118 -0.938191 0
    outer loop
      vertex -54.7467 16.168 0
      vertex -53.4944 15.706 34.5
      vertex -54.7467 16.168 34.5
    endloop
  endfacet
  facet normal -0.346118 -0.938191 -0
    outer loop
      vertex -53.4944 15.706 34.5
      vertex -54.7467 16.168 0
      vertex -53.4944 15.706 0
    endloop
  endfacet
  facet normal -0.908126 0.418696 0
    outer loop
      vertex -44.8529 -7.71784 0
      vertex -44.294 -6.50562 34.5
      vertex -44.294 -6.50562 0
    endloop
  endfacet
  facet normal -0.908126 0.418696 0
    outer loop
      vertex -44.294 -6.50562 34.5
      vertex -44.8529 -7.71784 0
      vertex -44.8529 -7.71784 34.5
    endloop
  endfacet
  facet normal -0.195079 0.980788 0
    outer loop
      vertex -56.0314 -16.5303 0
      vertex -57.3406 -16.7907 34.5
      vertex -56.0314 -16.5303 34.5
    endloop
  endfacet
  facet normal -0.195079 0.980788 0
    outer loop
      vertex -57.3406 -16.7907 34.5
      vertex -56.0314 -16.5303 0
      vertex -57.3406 -16.7907 0
    endloop
  endfacet
  facet normal -0.678806 -0.734318 0
    outer loop
      vertex -48.9594 12.9269 0
      vertex -47.9792 12.0208 34.5
      vertex -48.9594 12.9269 34.5
    endloop
  endfacet
  facet normal -0.678806 -0.734318 -0
    outer loop
      vertex -47.9792 12.0208 34.5
      vertex -48.9594 12.9269 0
      vertex -47.9792 12.0208 0
    endloop
  endfacet
  facet normal 0.117541 -0.993068 0
    outer loop
      vertex -62.6594 16.7907 0
      vertex -61.3338 16.9476 34.5
      vertex -62.6594 16.7907 34.5
    endloop
  endfacet
  facet normal 0.117541 -0.993068 0
    outer loop
      vertex -61.3338 16.9476 34.5
      vertex -62.6594 16.7907 0
      vertex -61.3338 16.9476 0
    endloop
  endfacet
  facet normal 0.271425 0.96246 -0
    outer loop
      vertex -63.9686 -16.5303 0
      vertex -65.2533 -16.168 34.5
      vertex -63.9686 -16.5303 34.5
    endloop
  endfacet
  facet normal 0.271425 0.96246 0
    outer loop
      vertex -65.2533 -16.168 34.5
      vertex -63.9686 -16.5303 0
      vertex -65.2533 -16.168 0
    endloop
  endfacet
  facet normal -0.785307 -0.619106 0
    outer loop
      vertex -46.2467 9.99235 0
      vertex -47.0731 11.0406 34.5
      vertex -47.0731 11.0406 0
    endloop
  endfacet
  facet normal -0.785307 -0.619106 0
    outer loop
      vertex -47.0731 11.0406 34.5
      vertex -46.2467 9.99235 0
      vertex -46.2467 9.99235 34.5
    endloop
  endfacet
  facet normal -0.980787 0.195082 0
    outer loop
      vertex -43.4697 -3.96857 0
      vertex -43.2093 -2.65939 34.5
      vertex -43.2093 -2.65939 0
    endloop
  endfacet
  facet normal -0.980787 0.195082 0
    outer loop
      vertex -43.2093 -2.65939 34.5
      vertex -43.4697 -3.96857 0
      vertex -43.4697 -3.96857 34.5
    endloop
  endfacet
  facet normal -0.993068 0.117542 0
    outer loop
      vertex -43.2093 -2.65939 0
      vertex -43.0524 -1.3338 34.5
      vertex -43.0524 -1.3338 0
    endloop
  endfacet
  facet normal -0.993068 0.117542 0
    outer loop
      vertex -43.0524 -1.3338 34.5
      vertex -43.2093 -2.65939 0
      vertex -43.2093 -2.65939 34.5
    endloop
  endfacet
  facet normal 0.999229 -0.039256 0
    outer loop
      vertex -77 0 34.5
      vertex -76.9476 1.3338 0
      vertex -76.9476 1.3338 34.5
    endloop
  endfacet
  facet normal 0.999229 -0.039256 0
    outer loop
      vertex -76.9476 1.3338 0
      vertex -77 0 34.5
      vertex -77 0 0
    endloop
  endfacet
  facet normal 0.785307 0.619106 0
    outer loop
      vertex -72.9269 -11.0406 34.5
      vertex -73.7533 -9.99235 0
      vertex -73.7533 -9.99235 34.5
    endloop
  endfacet
  facet normal 0.785307 0.619106 0
    outer loop
      vertex -73.7533 -9.99235 0
      vertex -72.9269 -11.0406 34.5
      vertex -72.9269 -11.0406 0
    endloop
  endfacet
  facet normal 0.831469 -0.555571 0
    outer loop
      vertex -74.4949 8.88247 34.5
      vertex -73.7533 9.99235 0
      vertex -73.7533 9.99235 34.5
    endloop
  endfacet
  facet normal 0.831469 -0.555571 0
    outer loop
      vertex -73.7533 9.99235 0
      vertex -74.4949 8.88247 34.5
      vertex -74.4949 8.88247 0
    endloop
  endfacet
  facet normal 0.117541 0.993068 -0
    outer loop
      vertex -61.3338 -16.9476 0
      vertex -62.6594 -16.7907 34.5
      vertex -61.3338 -16.9476 34.5
    endloop
  endfacet
  facet normal 0.117541 0.993068 0
    outer loop
      vertex -62.6594 -16.7907 34.5
      vertex -61.3338 -16.9476 0
      vertex -62.6594 -16.7907 0
    endloop
  endfacet
  facet normal 0 0 -1
    outer loop
      vertex -43.8 -2.2 34.5
      vertex -43 0 34.5
      vertex -43.0524 -1.3338 34.5
    endloop
  endfacet
  facet normal 0 0 -1
    outer loop
      vertex -43.8 -2.2 34.5
      vertex -43.0524 -1.3338 34.5
      vertex -43.2093 -2.65939 34.5
    endloop
  endfacet
  facet normal 0 0 -1
    outer loop
      vertex -43.8 2.2 34.5
      vertex -43 0 34.5
      vertex -43.8 -2.2 34.5
    endloop
  endfacet
  facet normal 0 0 -1
    outer loop
      vertex -43.8 -2.2 34.5
      vertex -43.2093 -2.65939 34.5
      vertex -43.4697 -3.96857 34.5
    endloop
  endfacet
  facet normal 0 0 -1
    outer loop
      vertex -43 0 34.5
      vertex -43.8 2.2 34.5
      vertex -43.0524 1.3338 34.5
    endloop
  endfacet
  facet normal 0 0 -1
    outer loop
      vertex -43.0524 1.3338 34.5
      vertex -43.8 2.2 34.5
      vertex -43.2093 2.65939 34.5
    endloop
  endfacet
  facet normal 0 0 -1
    outer loop
      vertex -46.1923 -3.31492 34.5
      vertex -43.4697 -3.96857 34.5
      vertex -43.832 -5.25329 34.5
    endloop
  endfacet
  facet normal 0 0 -1
    outer loop
      vertex -46.495 -4.38804 34.5
      vertex -43.832 -5.25329 34.5
      vertex -44.294 -6.50562 34.5
    endloop
  endfacet
  facet normal 0 0 -1
    outer loop
      vertex -46.8809 -5.4341 34.5
      vertex -44.294 -6.50562 34.5
      vertex -44.8529 -7.71784 34.5
    endloop
  endfacet
  facet normal 0 0 -1
    outer loop
      vertex -47.3477 -6.44666 34.5
      vertex -44.8529 -7.71784 34.5
      vertex -45.5051 -8.88247 34.5
    endloop
  endfacet
  facet normal 0 0 -1
    outer loop
      vertex -43.832 -5.25329 34.5
      vertex -46.495 -4.38804 34.5
      vertex -46.1923 -3.31492 34.5
    endloop
  endfacet
  facet normal -0 0 -1
    outer loop
      vertex -43.8 -2.2 34.5
      vertex -45.9748 -2.22137 34.5
      vertex -45.9723 -2.2 34.5
    endloop
  endfacet
  facet normal 0 0 -1
    outer loop
      vertex -43.8 -2.2 34.5
      vertex -46.1923 -3.31492 34.5
      vertex -45.9748 -2.22137 34.5
    endloop
  endfacet
  facet normal 0 0 -1
    outer loop
      vertex -47.8925 -7.41948 34.5
      vertex -45.5051 -8.88247 34.5
      vertex -46.2467 -9.99235 34.5
    endloop
  endfacet
  facet normal 0 0 -1
    outer loop
      vertex -43.4697 -3.96857 34.5
      vertex -46.1923 -3.31492 34.5
      vertex -43.8 -2.2 34.5
    endloop
  endfacet
  facet normal 0 0 -1
    outer loop
      vertex -44.294 -6.50562 34.5
      vertex -46.8809 -5.4341 34.5
      vertex -46.495 -4.38804 34.5
    endloop
  endfacet
  facet normal 0 0 -1
    outer loop
      vertex -48.512 -8.34655 34.5
      vertex -46.2467 -9.99235 34.5
      vertex -47.0731 -11.0406 34.5
    endloop
  endfacet
  facet normal 0 0 -1
    outer loop
      vertex -44.8529 -7.71784 34.5
      vertex -47.3477 -6.44666 34.5
      vertex -46.8809 -5.4341 34.5
    endloop
  endfacet
  facet normal 0 0 -1
    outer loop
      vertex -45.5051 -8.88247 34.5
      vertex -47.8925 -7.41948 34.5
      vertex -47.3477 -6.44666 34.5
    endloop
  endfacet
  facet normal 0 0 -1
    outer loop
      vertex -49.2022 -9.22216 34.5
      vertex -47.0731 -11.0406 34.5
      vertex -47.9792 -12.0208 34.5
    endloop
  endfacet
  facet normal 0 0 -1
    outer loop
      vertex -46.2467 -9.99235 34.5
      vertex -48.512 -8.34655 34.5
      vertex -47.8925 -7.41948 34.5
    endloop
  endfacet
  facet normal 0 0 -1
    outer loop
      vertex -49.9591 -10.0409 34.5
      vertex -47.9792 -12.0208 34.5
      vertex -48.9594 -12.9269 34.5
    endloop
  endfacet
  facet normal 0 0 -1
    outer loop
      vertex -47.0731 -11.0406 34.5
      vertex -49.2022 -9.22216 34.5
      vertex -48.512 -8.34655 34.5
    endloop
  endfacet
  facet normal 0 0 -1
    outer loop
      vertex -47.9792 -12.0208 34.5
      vertex -49.9591 -10.0409 34.5
      vertex -49.2022 -9.22216 34.5
    endloop
  endfacet
  facet normal 0 0 -1
    outer loop
      vertex -50.7778 -10.7978 34.5
      vertex -48.9594 -12.9269 34.5
      vertex -50.0077 -13.7533 34.5
    endloop
  endfacet
  facet normal 0 0 -1
    outer loop
      vertex -48.9594 -12.9269 34.5
      vertex -50.7778 -10.7978 34.5
      vertex -49.9591 -10.0409 34.5
    endloop
  endfacet
  facet normal 0 0 -1
    outer loop
      vertex -51.6535 -11.488 34.5
      vertex -50.0077 -13.7533 34.5
      vertex -51.1175 -14.4949 34.5
    endloop
  endfacet
  facet normal 0 0 -1
    outer loop
      vertex -50.0077 -13.7533 34.5
      vertex -51.6535 -11.488 34.5
      vertex -50.7778 -10.7978 34.5
    endloop
  endfacet
  facet normal 0 0 -1
    outer loop
      vertex -52.5805 -12.1075 34.5
      vertex -51.1175 -14.4949 34.5
      vertex -52.2822 -15.1471 34.5
    endloop
  endfacet
  facet normal 0 0 -1
    outer loop
      vertex -51.1175 -14.4949 34.5
      vertex -52.5805 -12.1075 34.5
      vertex -51.6535 -11.488 34.5
    endloop
  endfacet
  facet normal 0 0 -1
    outer loop
      vertex -53.5533 -12.6523 34.5
      vertex -52.2822 -15.1471 34.5
      vertex -53.4944 -15.706 34.5
    endloop
  endfacet
  facet normal 0 0 -1
    outer loop
      vertex -52.2822 -15.1471 34.5
      vertex -53.5533 -12.6523 34.5
      vertex -52.5805 -12.1075 34.5
    endloop
  endfacet
  facet normal 0 0 -1
    outer loop
      vertex -53.4944 -15.706 34.5
      vertex -54.5659 -13.1191 34.5
      vertex -53.5533 -12.6523 34.5
    endloop
  endfacet
  facet normal 0 0 -1
    outer loop
      vertex -54.7467 -16.168 34.5
      vertex -54.5659 -13.1191 34.5
      vertex -53.4944 -15.706 34.5
    endloop
  endfacet
  facet normal 0 0 -1
    outer loop
      vertex -54.7467 -16.168 34.5
      vertex -55.612 -13.505 34.5
      vertex -54.5659 -13.1191 34.5
    endloop
  endfacet
  facet normal 0 0 -1
    outer loop
      vertex -56.0314 -16.5303 34.5
      vertex -55.612 -13.505 34.5
      vertex -54.7467 -16.168 34.5
    endloop
  endfacet
  facet normal 0 0 -1
    outer loop
      vertex -56.0314 -16.5303 34.5
      vertex -56.6851 -13.8077 34.5
      vertex -55.612 -13.505 34.5
    endloop
  endfacet
  facet normal 0 0 -1
    outer loop
      vertex -57.3406 -16.7907 34.5
      vertex -56.6851 -13.8077 34.5
      vertex -56.0314 -16.5303 34.5
    endloop
  endfacet
  facet normal 0 0 -1
    outer loop
      vertex -57.3406 -16.7907 34.5
      vertex -57.7786 -14.0252 34.5
      vertex -56.6851 -13.8077 34.5
    endloop
  endfacet
  facet normal 0 0 -1
    outer loop
      vertex -58.6662 -16.9476 34.5
      vertex -57.7786 -14.0252 34.5
      vertex -57.3406 -16.7907 34.5
    endloop
  endfacet
  facet normal 0 0 -1
    outer loop
      vertex -58.6662 -16.9476 34.5
      vertex -58.8859 -14.1562 34.5
      vertex -57.7786 -14.0252 34.5
    endloop
  endfacet
  facet normal 0 0 -1
    outer loop
      vertex -60 -17 34.5
      vertex -58.8859 -14.1562 34.5
      vertex -58.6662 -16.9476 34.5
    endloop
  endfacet
  facet normal 0 0 -1
    outer loop
      vertex -60 -17 34.5
      vertex -60 -14.2 34.5
      vertex -58.8859 -14.1562 34.5
    endloop
  endfacet
  facet normal 0 0 -1
    outer loop
      vertex -60 -17 34.5
      vertex -61.1141 -14.1562 34.5
      vertex -60 -14.2 34.5
    endloop
  endfacet
  facet normal 0 0 -1
    outer loop
      vertex -61.3338 -16.9476 34.5
      vertex -61.1141 -14.1562 34.5
      vertex -60 -17 34.5
    endloop
  endfacet
  facet normal 0 0 -1
    outer loop
      vertex -61.3338 -16.9476 34.5
      vertex -62.2214 -14.0252 34.5
      vertex -61.1141 -14.1562 34.5
    endloop
  endfacet
  facet normal 0 0 -1
    outer loop
      vertex -62.6594 -16.7907 34.5
      vertex -62.2214 -14.0252 34.5
      vertex -61.3338 -16.9476 34.5
    endloop
  endfacet
  facet normal 0 0 -1
    outer loop
      vertex -62.6594 -16.7907 34.5
      vertex -63.3149 -13.8077 34.5
      vertex -62.2214 -14.0252 34.5
    endloop
  endfacet
  facet normal 0 0 -1
    outer loop
      vertex -63.9686 -16.5303 34.5
      vertex -63.3149 -13.8077 34.5
      vertex -62.6594 -16.7907 34.5
    endloop
  endfacet
  facet normal 0 0 -1
    outer loop
      vertex -63.9686 -16.5303 34.5
      vertex -64.388 -13.505 34.5
      vertex -63.3149 -13.8077 34.5
    endloop
  endfacet
  facet normal 0 0 -1
    outer loop
      vertex -65.2533 -16.168 34.5
      vertex -64.388 -13.505 34.5
      vertex -63.9686 -16.5303 34.5
    endloop
  endfacet
  facet normal 0 0 -1
    outer loop
      vertex -65.2533 -16.168 34.5
      vertex -65.4341 -13.1191 34.5
      vertex -64.388 -13.505 34.5
    endloop
  endfacet
  facet normal 0 0 -1
    outer loop
      vertex -66.5056 -15.706 34.5
      vertex -65.4341 -13.1191 34.5
      vertex -65.2533 -16.168 34.5
    endloop
  endfacet
  facet normal -0 0 -1
    outer loop
      vertex -65.4341 -13.1191 34.5
      vertex -66.5056 -15.706 34.5
      vertex -66.4467 -12.6523 34.5
    endloop
  endfacet
  facet normal 0 0 -1
    outer loop
      vertex -67.7178 -15.1471 34.5
      vertex -66.4467 -12.6523 34.5
      vertex -66.5056 -15.706 34.5
    endloop
  endfacet
  facet normal -0 0 -1
    outer loop
      vertex -66.4467 -12.6523 34.5
      vertex -67.7178 -15.1471 34.5
      vertex -67.4195 -12.1075 34.5
    endloop
  endfacet
  facet normal 0 0 -1
    outer loop
      vertex -68.8825 -14.4949 34.5
      vertex -67.4195 -12.1075 34.5
      vertex -67.7178 -15.1471 34.5
    endloop
  endfacet
  facet normal -0 0 -1
    outer loop
      vertex -67.4195 -12.1075 34.5
      vertex -68.8825 -14.4949 34.5
      vertex -68.3465 -11.488 34.5
    endloop
  endfacet
  facet normal 0 0 -1
    outer loop
      vertex -69.9923 -13.7533 34.5
      vertex -68.3465 -11.488 34.5
      vertex -68.8825 -14.4949 34.5
    endloop
  endfacet
  facet normal -0 0 -1
    outer loop
      vertex -68.3465 -11.488 34.5
      vertex -69.9923 -13.7533 34.5
      vertex -69.2222 -10.7978 34.5
    endloop
  endfacet
  facet normal 0 0 -1
    outer loop
      vertex -71.0406 -12.9269 34.5
      vertex -69.2222 -10.7978 34.5
      vertex -69.9923 -13.7533 34.5
    endloop
  endfacet
  facet normal -0 0 -1
    outer loop
      vertex -69.2222 -10.7978 34.5
      vertex -71.0406 -12.9269 34.5
      vertex -70.0409 -10.0409 34.5
    endloop
  endfacet
  facet normal 0 0 -1
    outer loop
      vertex -72.0208 -12.0208 34.5
      vertex -70.0409 -10.0409 34.5
      vertex -71.0406 -12.9269 34.5
    endloop
  endfacet
  facet normal -0 0 -1
    outer loop
      vertex -70.0409 -10.0409 34.5
      vertex -72.0208 -12.0208 34.5
      vertex -70.7978 -9.22216 34.5
    endloop
  endfacet
  facet normal 0 0 -1
    outer loop
      vertex -72.9269 -11.0406 34.5
      vertex -70.7978 -9.22216 34.5
      vertex -72.0208 -12.0208 34.5
    endloop
  endfacet
  facet normal -0 0 -1
    outer loop
      vertex -70.7978 -9.22216 34.5
      vertex -72.9269 -11.0406 34.5
      vertex -71.488 -8.34655 34.5
    endloop
  endfacet
  facet normal 0 0 -1
    outer loop
      vertex -73.7533 -9.99235 34.5
      vertex -71.488 -8.34655 34.5
      vertex -72.9269 -11.0406 34.5
    endloop
  endfacet
  facet normal -0 0 -1
    outer loop
      vertex -71.488 -8.34655 34.5
      vertex -73.7533 -9.99235 34.5
      vertex -72.1075 -7.41948 34.5
    endloop
  endfacet
  facet normal 0 0 -1
    outer loop
      vertex -74.4949 -8.88247 34.5
      vertex -72.1075 -7.41948 34.5
      vertex -73.7533 -9.99235 34.5
    endloop
  endfacet
  facet normal -0 0 -1
    outer loop
      vertex -72.1075 -7.41948 34.5
      vertex -74.4949 -8.88247 34.5
      vertex -72.6523 -6.44666 34.5
    endloop
  endfacet
  facet normal 0 0 -1
    outer loop
      vertex -75.1471 -7.71784 34.5
      vertex -72.6523 -6.44666 34.5
      vertex -74.4949 -8.88247 34.5
    endloop
  endfacet
  facet normal -0 0 -1
    outer loop
      vertex -72.6523 -6.44666 34.5
      vertex -75.1471 -7.71784 34.5
      vertex -73.1191 -5.4341 34.5
    endloop
  endfacet
  facet normal 0 0 -1
    outer loop
      vertex -75.7059 -6.50562 34.5
      vertex -73.1191 -5.4341 34.5
      vertex -75.1471 -7.71784 34.5
    endloop
  endfacet
  facet normal -0 0 -1
    outer loop
      vertex -73.1191 -5.4341 34.5
      vertex -75.7059 -6.50562 34.5
      vertex -73.505 -4.38804 34.5
    endloop
  endfacet
  facet normal -0 0 -1
    outer loop
      vertex -73.505 -4.38804 34.5
      vertex -76.168 -5.25329 34.5
      vertex -73.8077 -3.31492 34.5
    endloop
  endfacet
  facet normal 0 0 -1
    outer loop
      vertex -76.168 -5.25329 34.5
      vertex -73.505 -4.38804 34.5
      vertex -75.7059 -6.50562 34.5
    endloop
  endfacet
  facet normal -0 0 -1
    outer loop
      vertex -43.2093 2.65939 34.5
      vertex -43.8 2.2 34.5
      vertex -43.4697 3.96857 34.5
    endloop
  endfacet
  facet normal 0 0 -1
    outer loop
      vertex -46.1923 3.31492 34.5
      vertex -43.4697 3.96857 34.5
      vertex -43.8 2.2 34.5
    endloop
  endfacet
  facet normal -0 0 -1
    outer loop
      vertex -43.4697 3.96857 34.5
      vertex -46.1923 3.31492 34.5
      vertex -43.832 5.25329 34.5
    endloop
  endfacet
  facet normal 0 0 -1
    outer loop
      vertex -46.495 4.38804 34.5
      vertex -43.832 5.25329 34.5
      vertex -46.1923 3.31492 34.5
    endloop
  endfacet
  facet normal 0 0 -1
    outer loop
      vertex -46.8809 5.4341 34.5
      vertex -44.294 6.50562 34.5
      vertex -46.495 4.38804 34.5
    endloop
  endfacet
  facet normal 0 0 -1
    outer loop
      vertex -45.9748 2.22137 34.5
      vertex -43.8 2.2 34.5
      vertex -45.9723 2.2 34.5
    endloop
  endfacet
  facet normal 0 0 -1
    outer loop
      vertex -46.1923 3.31492 34.5
      vertex -43.8 2.2 34.5
      vertex -45.9748 2.22137 34.5
    endloop
  endfacet
  facet normal -0 0 -1
    outer loop
      vertex -43.832 5.25329 34.5
      vertex -46.495 4.38804 34.5
      vertex -44.294 6.50562 34.5
    endloop
  endfacet
  facet normal -0 0 -1
    outer loop
      vertex -44.294 6.50562 34.5
      vertex -46.8809 5.4341 34.5
      vertex -44.8529 7.71784 34.5
    endloop
  endfacet
  facet normal 0 0 -1
    outer loop
      vertex -47.3477 6.44666 34.5
      vertex -44.8529 7.71784 34.5
      vertex -46.8809 5.4341 34.5
    endloop
  endfacet
  facet normal -0 0 -1
    outer loop
      vertex -44.8529 7.71784 34.5
      vertex -47.3477 6.44666 34.5
      vertex -45.5051 8.88247 34.5
    endloop
  endfacet
  facet normal 0 0 -1
    outer loop
      vertex -47.8925 7.41948 34.5
      vertex -45.5051 8.88247 34.5
      vertex -47.3477 6.44666 34.5
    endloop
  endfacet
  facet normal -0 0 -1
    outer loop
      vertex -45.5051 8.88247 34.5
      vertex -47.8925 7.41948 34.5
      vertex -46.2467 9.99235 34.5
    endloop
  endfacet
  facet normal 0 0 -1
    outer loop
      vertex -48.512 8.34655 34.5
      vertex -46.2467 9.99235 34.5
      vertex -47.8925 7.41948 34.5
    endloop
  endfacet
  facet normal -0 0 -1
    outer loop
      vertex -46.2467 9.99235 34.5
      vertex -48.512 8.34655 34.5
      vertex -47.0731 11.0406 34.5
    endloop
  endfacet
  facet normal 0 0 -1
    outer loop
      vertex -49.2022 9.22216 34.5
      vertex -47.0731 11.0406 34.5
      vertex -48.512 8.34655 34.5
    endloop
  endfacet
  facet normal -0 0 -1
    outer loop
      vertex -47.0731 11.0406 34.5
      vertex -49.2022 9.22216 34.5
      vertex -47.9792 12.0208 34.5
    endloop
  endfacet
  facet normal 0 0 -1
    outer loop
      vertex -49.9591 10.0409 34.5
      vertex -47.9792 12.0208 34.5
      vertex -49.2022 9.22216 34.5
    endloop
  endfacet
  facet normal -0 0 -1
    outer loop
      vertex -47.9792 12.0208 34.5
      vertex -49.9591 10.0409 34.5
      vertex -48.9594 12.9269 34.5
    endloop
  endfacet
  facet normal 0 0 -1
    outer loop
      vertex -50.7778 10.7978 34.5
      vertex -48.9594 12.9269 34.5
      vertex -49.9591 10.0409 34.5
    endloop
  endfacet
  facet normal -0 0 -1
    outer loop
      vertex -48.9594 12.9269 34.5
      vertex -50.7778 10.7978 34.5
      vertex -50.0077 13.7533 34.5
    endloop
  endfacet
  facet normal 0 0 -1
    outer loop
      vertex -51.6535 11.488 34.5
      vertex -50.0077 13.7533 34.5
      vertex -50.7778 10.7978 34.5
    endloop
  endfacet
  facet normal -0 0 -1
    outer loop
      vertex -50.0077 13.7533 34.5
      vertex -51.6535 11.488 34.5
      vertex -51.1175 14.4949 34.5
    endloop
  endfacet
  facet normal 0 0 -1
    outer loop
      vertex -52.5805 12.1075 34.5
      vertex -51.1175 14.4949 34.5
      vertex -51.6535 11.488 34.5
    endloop
  endfacet
  facet normal -0 0 -1
    outer loop
      vertex -51.1175 14.4949 34.5
      vertex -52.5805 12.1075 34.5
      vertex -52.2822 15.1471 34.5
    endloop
  endfacet
  facet normal 0 0 -1
    outer loop
      vertex -53.5533 12.6523 34.5
      vertex -52.2822 15.1471 34.5
      vertex -52.5805 12.1075 34.5
    endloop
  endfacet
  facet normal -0 0 -1
    outer loop
      vertex -52.2822 15.1471 34.5
      vertex -53.5533 12.6523 34.5
      vertex -53.4944 15.706 34.5
    endloop
  endfacet
  facet normal 0 0 -1
    outer loop
      vertex -54.5659 13.1191 34.5
      vertex -53.4944 15.706 34.5
      vertex -53.5533 12.6523 34.5
    endloop
  endfacet
  facet normal 0 0 -1
    outer loop
      vertex -54.5659 13.1191 34.5
      vertex -54.7467 16.168 34.5
      vertex -53.4944 15.706 34.5
    endloop
  endfacet
  facet normal 0 0 -1
    outer loop
      vertex -55.612 13.505 34.5
      vertex -54.7467 16.168 34.5
      vertex -54.5659 13.1191 34.5
    endloop
  endfacet
  facet normal 0 0 -1
    outer loop
      vertex -55.612 13.505 34.5
      vertex -56.0314 16.5303 34.5
      vertex -54.7467 16.168 34.5
    endloop
  endfacet
  facet normal 0 0 -1
    outer loop
      vertex -56.6851 13.8077 34.5
      vertex -56.0314 16.5303 34.5
      vertex -55.612 13.505 34.5
    endloop
  endfacet
  facet normal 0 0 -1
    outer loop
      vertex -56.6851 13.8077 34.5
      vertex -57.3406 16.7907 34.5
      vertex -56.0314 16.5303 34.5
    endloop
  endfacet
  facet normal 0 0 -1
    outer loop
      vertex -57.7786 14.0252 34.5
      vertex -57.3406 16.7907 34.5
      vertex -56.6851 13.8077 34.5
    endloop
  endfacet
  facet normal 0 0 -1
    outer loop
      vertex -57.7786 14.0252 34.5
      vertex -58.6662 16.9476 34.5
      vertex -57.3406 16.7907 34.5
    endloop
  endfacet
  facet normal 0 0 -1
    outer loop
      vertex -58.8859 14.1562 34.5
      vertex -58.6662 16.9476 34.5
      vertex -57.7786 14.0252 34.5
    endloop
  endfacet
  facet normal 0 0 -1
    outer loop
      vertex -60 14.2 34.5
      vertex -58.6662 16.9476 34.5
      vertex -58.8859 14.1562 34.5
    endloop
  endfacet
  facet normal 0 0 -1
    outer loop
      vertex -60 14.2 34.5
      vertex -60 17 34.5
      vertex -58.6662 16.9476 34.5
    endloop
  endfacet
  facet normal 0 0 -1
    outer loop
      vertex -61.1141 14.1562 34.5
      vertex -60 17 34.5
      vertex -60 14.2 34.5
    endloop
  endfacet
  facet normal 0 0 -1
    outer loop
      vertex -61.1141 14.1562 34.5
      vertex -61.3338 16.9476 34.5
      vertex -60 17 34.5
    endloop
  endfacet
  facet normal 0 0 -1
    outer loop
      vertex -62.2214 14.0252 34.5
      vertex -61.3338 16.9476 34.5
      vertex -61.1141 14.1562 34.5
    endloop
  endfacet
  facet normal 0 0 -1
    outer loop
      vertex -62.2214 14.0252 34.5
      vertex -62.6594 16.7907 34.5
      vertex -61.3338 16.9476 34.5
    endloop
  endfacet
  facet normal 0 0 -1
    outer loop
      vertex -63.3149 13.8077 34.5
      vertex -62.6594 16.7907 34.5
      vertex -62.2214 14.0252 34.5
    endloop
  endfacet
  facet normal 0 0 -1
    outer loop
      vertex -63.3149 13.8077 34.5
      vertex -63.9686 16.5303 34.5
      vertex -62.6594 16.7907 34.5
    endloop
  endfacet
  facet normal 0 0 -1
    outer loop
      vertex -64.388 13.505 34.5
      vertex -63.9686 16.5303 34.5
      vertex -63.3149 13.8077 34.5
    endloop
  endfacet
  facet normal 0 0 -1
    outer loop
      vertex -64.388 13.505 34.5
      vertex -65.2533 16.168 34.5
      vertex -63.9686 16.5303 34.5
    endloop
  endfacet
  facet normal 0 0 -1
    outer loop
      vertex -65.4341 13.1191 34.5
      vertex -65.2533 16.168 34.5
      vertex -64.388 13.505 34.5
    endloop
  endfacet
  facet normal 0 0 -1
    outer loop
      vertex -66.5056 15.706 34.5
      vertex -65.4341 13.1191 34.5
      vertex -66.4467 12.6523 34.5
    endloop
  endfacet
  facet normal 0 0 -1
    outer loop
      vertex -65.4341 13.1191 34.5
      vertex -66.5056 15.706 34.5
      vertex -65.2533 16.168 34.5
    endloop
  endfacet
  facet normal 0 0 -1
    outer loop
      vertex -67.7178 15.1471 34.5
      vertex -66.4467 12.6523 34.5
      vertex -67.4195 12.1075 34.5
    endloop
  endfacet
  facet normal 0 0 -1
    outer loop
      vertex -66.4467 12.6523 34.5
      vertex -67.7178 15.1471 34.5
      vertex -66.5056 15.706 34.5
    endloop
  endfacet
  facet normal 0 0 -1
    outer loop
      vertex -68.8825 14.4949 34.5
      vertex -67.4195 12.1075 34.5
      vertex -68.3465 11.488 34.5
    endloop
  endfacet
  facet normal 0 0 -1
    outer loop
      vertex -67.4195 12.1075 34.5
      vertex -68.8825 14.4949 34.5
      vertex -67.7178 15.1471 34.5
    endloop
  endfacet
  facet normal 0 0 -1
    outer loop
      vertex -69.9923 13.7533 34.5
      vertex -68.3465 11.488 34.5
      vertex -69.2222 10.7978 34.5
    endloop
  endfacet
  facet normal 0 0 -1
    outer loop
      vertex -68.3465 11.488 34.5
      vertex -69.9923 13.7533 34.5
      vertex -68.8825 14.4949 34.5
    endloop
  endfacet
  facet normal 0 0 -1
    outer loop
      vertex -71.0406 12.9269 34.5
      vertex -69.2222 10.7978 34.5
      vertex -70.0409 10.0409 34.5
    endloop
  endfacet
  facet normal 0 0 -1
    outer loop
      vertex -72.0208 12.0208 34.5
      vertex -70.0409 10.0409 34.5
      vertex -70.7978 9.22216 34.5
    endloop
  endfacet
  facet normal 0 0 -1
    outer loop
      vertex -69.2222 10.7978 34.5
      vertex -71.0406 12.9269 34.5
      vertex -69.9923 13.7533 34.5
    endloop
  endfacet
  facet normal 0 0 -1
    outer loop
      vertex -72.9269 11.0406 34.5
      vertex -70.7978 9.22216 34.5
      vertex -71.488 8.34655 34.5
    endloop
  endfacet
  facet normal 0 0 -1
    outer loop
      vertex -70.0409 10.0409 34.5
      vertex -72.0208 12.0208 34.5
      vertex -71.0406 12.9269 34.5
    endloop
  endfacet
  facet normal 0 0 -1
    outer loop
      vertex -73.7533 9.99235 34.5
      vertex -71.488 8.34655 34.5
      vertex -72.1075 7.41948 34.5
    endloop
  endfacet
  facet normal 0 0 -1
    outer loop
      vertex -74.4949 8.88247 34.5
      vertex -72.1075 7.41948 34.5
      vertex -72.6523 6.44666 34.5
    endloop
  endfacet
  facet normal 0 0 -1
    outer loop
      vertex -70.7978 9.22216 34.5
      vertex -72.9269 11.0406 34.5
      vertex -72.0208 12.0208 34.5
    endloop
  endfacet
  facet normal 0 0 -1
    outer loop
      vertex -75.1471 7.71784 34.5
      vertex -72.6523 6.44666 34.5
      vertex -73.1191 5.4341 34.5
    endloop
  endfacet
  facet normal 0 0 -1
    outer loop
      vertex -75.7059 6.50562 34.5
      vertex -73.1191 5.4341 34.5
      vertex -73.505 4.38804 34.5
    endloop
  endfacet
  facet normal 0 0 -1
    outer loop
      vertex -71.488 8.34655 34.5
      vertex -73.7533 9.99235 34.5
      vertex -72.9269 11.0406 34.5
    endloop
  endfacet
  facet normal 0 0 -1
    outer loop
      vertex -76.168 5.25329 34.5
      vertex -73.505 4.38804 34.5
      vertex -73.8077 3.31492 34.5
    endloop
  endfacet
  facet normal 0 0 -1
    outer loop
      vertex -76.5303 3.96857 34.5
      vertex -73.8077 3.31492 34.5
      vertex -74.0252 2.22137 34.5
    endloop
  endfacet
  facet normal 0 0 -1
    outer loop
      vertex -76.7907 2.65939 34.5
      vertex -74.0252 2.22137 34.5
      vertex -74.1562 1.11412 34.5
    endloop
  endfacet
  facet normal 0 0 -1
    outer loop
      vertex -72.1075 7.41948 34.5
      vertex -74.4949 8.88247 34.5
      vertex -73.7533 9.99235 34.5
    endloop
  endfacet
  facet normal 0 0 -1
    outer loop
      vertex -76.9476 1.3338 34.5
      vertex -74.1562 1.11412 34.5
      vertex -74.2 0 34.5
    endloop
  endfacet
  facet normal 0 0 -1
    outer loop
      vertex -76.5303 -3.96857 34.5
      vertex -73.8077 -3.31492 34.5
      vertex -76.168 -5.25329 34.5
    endloop
  endfacet
  facet normal -0 0 -1
    outer loop
      vertex -73.8077 -3.31492 34.5
      vertex -76.5303 -3.96857 34.5
      vertex -74.0252 -2.22137 34.5
    endloop
  endfacet
  facet normal 0 0 -1
    outer loop
      vertex -72.6523 6.44666 34.5
      vertex -75.1471 7.71784 34.5
      vertex -74.4949 8.88247 34.5
    endloop
  endfacet
  facet normal 0 0 -1
    outer loop
      vertex -76.7907 -2.65939 34.5
      vertex -74.0252 -2.22137 34.5
      vertex -76.5303 -3.96857 34.5
    endloop
  endfacet
  facet normal 0 0 -1
    outer loop
      vertex -73.1191 5.4341 34.5
      vertex -75.7059 6.50562 34.5
      vertex -75.1471 7.71784 34.5
    endloop
  endfacet
  facet normal -0 0 -1
    outer loop
      vertex -74.0252 -2.22137 34.5
      vertex -76.7907 -2.65939 34.5
      vertex -74.1562 -1.11412 34.5
    endloop
  endfacet
  facet normal 0 0 -1
    outer loop
      vertex -73.505 4.38804 34.5
      vertex -76.168 5.25329 34.5
      vertex -75.7059 6.50562 34.5
    endloop
  endfacet
  facet normal 0 0 -1
    outer loop
      vertex -76.9476 -1.3338 34.5
      vertex -74.1562 -1.11412 34.5
      vertex -76.7907 -2.65939 34.5
    endloop
  endfacet
  facet normal 0 0 -1
    outer loop
      vertex -73.8077 3.31492 34.5
      vertex -76.5303 3.96857 34.5
      vertex -76.168 5.25329 34.5
    endloop
  endfacet
  facet normal -0 0 -1
    outer loop
      vertex -74.1562 -1.11412 34.5
      vertex -76.9476 -1.3338 34.5
      vertex -74.2 0 34.5
    endloop
  endfacet
  facet normal 0 0 -1
    outer loop
      vertex -74.0252 2.22137 34.5
      vertex -76.7907 2.65939 34.5
      vertex -76.5303 3.96857 34.5
    endloop
  endfacet
  facet normal 0 0 -1
    outer loop
      vertex -77 0 34.5
      vertex -74.2 0 34.5
      vertex -76.9476 -1.3338 34.5
    endloop
  endfacet
  facet normal 0 0 -1
    outer loop
      vertex -74.1562 1.11412 34.5
      vertex -76.9476 1.3338 34.5
      vertex -76.7907 2.65939 34.5
    endloop
  endfacet
  facet normal 0 0 -1
    outer loop
      vertex -74.2 0 34.5
      vertex -77 0 34.5
      vertex -76.9476 1.3338 34.5
    endloop
  endfacet
  facet normal 0.980787 -0.195082 0
    outer loop
      vertex -76.7907 2.65939 34.5
      vertex -76.5303 3.96857 0
      vertex -76.5303 3.96857 34.5
    endloop
  endfacet
  facet normal 0.980787 -0.195082 0
    outer loop
      vertex -76.5303 3.96857 0
      vertex -76.7907 2.65939 34.5
      vertex -76.7907 2.65939 0
    endloop
  endfacet
  facet normal 0.908155 -0.418634 0
    outer loop
      vertex -75.7059 6.50562 34.5
      vertex -75.1471 7.71784 0
      vertex -75.1471 7.71784 34.5
    endloop
  endfacet
  facet normal 0.908155 -0.418634 0
    outer loop
      vertex -75.1471 7.71784 0
      vertex -75.7059 6.50562 34.5
      vertex -75.7059 6.50562 0
    endloop
  endfacet
  facet normal 0.619088 0.785322 -0
    outer loop
      vertex -69.9923 -13.7533 0
      vertex -71.0406 -12.9269 34.5
      vertex -69.9923 -13.7533 34.5
    endloop
  endfacet
  facet normal 0.619088 0.785322 0
    outer loop
      vertex -71.0406 -12.9269 34.5
      vertex -69.9923 -13.7533 0
      vertex -71.0406 -12.9269 0
    endloop
  endfacet
  facet normal 0.418649 0.908148 -0
    outer loop
      vertex -65.4341 -13.1191 34.5
      vertex -66.4467 -12.6523 54
      vertex -65.4341 -13.1191 54
    endloop
  endfacet
  facet normal 0.418649 0.908148 0
    outer loop
      vertex -66.4467 -12.6523 54
      vertex -65.4341 -13.1191 34.5
      vertex -66.4467 -12.6523 34.5
    endloop
  endfacet
  facet normal -0.993227 -0.116194 0
    outer loop
      vertex -45.9723 2.2 34.5
      vertex -45.9748 2.22137 54
      vertex -45.9748 2.22137 34.5
    endloop
  endfacet
  facet normal -0.993227 -0.116194 0
    outer loop
      vertex -45.9748 2.22137 54
      vertex -45.9723 2.2 34.5
      vertex -45.9723 2.2 54
    endloop
  endfacet
  facet normal -0.980789 -0.195073 0
    outer loop
      vertex -45.9748 2.22137 34.5
      vertex -46.1923 3.31492 54
      vertex -46.1923 3.31492 34.5
    endloop
  endfacet
  facet normal -0.980789 -0.195073 0
    outer loop
      vertex -46.1923 3.31492 54
      vertex -45.9748 2.22137 34.5
      vertex -45.9748 2.22137 54
    endloop
  endfacet
  facet normal 0.346096 -0.938199 0
    outer loop
      vertex -65.4341 13.1191 34.5
      vertex -64.388 13.505 54
      vertex -65.4341 13.1191 54
    endloop
  endfacet
  facet normal 0.346096 -0.938199 0
    outer loop
      vertex -64.388 13.505 54
      vertex -65.4341 13.1191 34.5
      vertex -64.388 13.505 34.5
    endloop
  endfacet
  facet normal 0.734294 -0.678832 0
    outer loop
      vertex -70.7978 9.22216 54
      vertex -70.0409 10.0409 34.5
      vertex -70.0409 10.0409 54
    endloop
  endfacet
  facet normal 0.734294 -0.678832 0
    outer loop
      vertex -70.0409 10.0409 34.5
      vertex -70.7978 9.22216 54
      vertex -70.7978 9.22216 34.5
    endloop
  endfacet
  facet normal -0.993227 0.116194 0
    outer loop
      vertex -45.9748 -2.22137 34.5
      vertex -45.9723 -2.2 54
      vertex -45.9723 -2.2 34.5
    endloop
  endfacet
  facet normal -0.993227 0.116194 0
    outer loop
      vertex -45.9723 -2.2 54
      vertex -45.9748 -2.22137 34.5
      vertex -45.9748 -2.22137 54
    endloop
  endfacet
  facet normal 0.872498 -0.488618 0
    outer loop
      vertex -72.6523 6.44666 54
      vertex -72.1075 7.41948 34.5
      vertex -72.1075 7.41948 54
    endloop
  endfacet
  facet normal 0.872498 -0.488618 0
    outer loop
      vertex -72.1075 7.41948 34.5
      vertex -72.6523 6.44666 54
      vertex -72.6523 6.44666 34.5
    endloop
  endfacet
  facet normal 0.872498 0.488618 0
    outer loop
      vertex -72.1075 -7.41948 54
      vertex -72.6523 -6.44666 34.5
      vertex -72.6523 -6.44666 54
    endloop
  endfacet
  facet normal 0.872498 0.488618 0
    outer loop
      vertex -72.6523 -6.44666 34.5
      vertex -72.1075 -7.41948 54
      vertex -72.1075 -7.41948 34.5
    endloop
  endfacet
  facet normal 0.0392839 0.999228 -0
    outer loop
      vertex -60 -14.2 34.5
      vertex -61.1141 -14.1562 54
      vertex -60 -14.2 54
    endloop
  endfacet
  facet normal 0.0392839 0.999228 0
    outer loop
      vertex -61.1141 -14.1562 54
      vertex -60 -14.2 34.5
      vertex -61.1141 -14.1562 34.5
    endloop
  endfacet
  facet normal 0.195081 -0.980787 0
    outer loop
      vertex -63.3149 13.8077 34.5
      vertex -62.2214 14.0252 54
      vertex -63.3149 13.8077 54
    endloop
  endfacet
  facet normal 0.195081 -0.980787 0
    outer loop
      vertex -62.2214 14.0252 54
      vertex -63.3149 13.8077 34.5
      vertex -62.2214 14.0252 34.5
    endloop
  endfacet
  facet normal -0.78535 -0.619052 0
    outer loop
      vertex -48.512 8.34655 34.5
      vertex -49.2022 9.22216 54
      vertex -49.2022 9.22216 34.5
    endloop
  endfacet
  facet normal -0.78535 -0.619052 0
    outer loop
      vertex -49.2022 9.22216 54
      vertex -48.512 8.34655 34.5
      vertex -48.512 8.34655 54
    endloop
  endfacet
  facet normal -0.195081 0.980787 0
    outer loop
      vertex -56.6851 -13.8077 34.5
      vertex -57.7786 -14.0252 54
      vertex -56.6851 -13.8077 54
    endloop
  endfacet
  facet normal -0.195081 0.980787 0
    outer loop
      vertex -57.7786 -14.0252 54
      vertex -56.6851 -13.8077 34.5
      vertex -57.7786 -14.0252 34.5
    endloop
  endfacet
  facet normal -0.346096 -0.938199 0
    outer loop
      vertex -55.612 13.505 34.5
      vertex -54.5659 13.1191 54
      vertex -55.612 13.505 54
    endloop
  endfacet
  facet normal -0.346096 -0.938199 -0
    outer loop
      vertex -54.5659 13.1191 54
      vertex -55.612 13.505 34.5
      vertex -54.5659 13.1191 34.5
    endloop
  endfacet
  facet normal 0.67885 -0.734277 0
    outer loop
      vertex -70.0409 10.0409 34.5
      vertex -69.2222 10.7978 54
      vertex -70.0409 10.0409 54
    endloop
  endfacet
  facet normal 0.67885 -0.734277 0
    outer loop
      vertex -69.2222 10.7978 54
      vertex -70.0409 10.0409 34.5
      vertex -69.2222 10.7978 34.5
    endloop
  endfacet
  facet normal -0.555631 0.831429 0
    outer loop
      vertex -51.6535 -11.488 34.5
      vertex -52.5805 -12.1075 54
      vertex -51.6535 -11.488 54
    endloop
  endfacet
  facet normal -0.555631 0.831429 0
    outer loop
      vertex -52.5805 -12.1075 54
      vertex -51.6535 -11.488 34.5
      vertex -52.5805 -12.1075 34.5
    endloop
  endfacet
  facet normal 0.78535 -0.619052 0
    outer loop
      vertex -71.488 8.34655 54
      vertex -70.7978 9.22216 34.5
      vertex -70.7978 9.22216 54
    endloop
  endfacet
  facet normal 0.78535 -0.619052 0
    outer loop
      vertex -70.7978 9.22216 34.5
      vertex -71.488 8.34655 54
      vertex -71.488 8.34655 34.5
    endloop
  endfacet
  facet normal -0.78535 0.619052 0
    outer loop
      vertex -49.2022 -9.22216 34.5
      vertex -48.512 -8.34655 54
      vertex -48.512 -8.34655 34.5
    endloop
  endfacet
  facet normal -0.78535 0.619052 0
    outer loop
      vertex -48.512 -8.34655 54
      vertex -49.2022 -9.22216 34.5
      vertex -49.2022 -9.22216 54
    endloop
  endfacet
  facet normal -0.962444 0.271481 0
    outer loop
      vertex -46.495 -4.38804 34.5
      vertex -46.1923 -3.31492 54
      vertex -46.1923 -3.31492 34.5
    endloop
  endfacet
  facet normal -0.962444 0.271481 0
    outer loop
      vertex -46.1923 -3.31492 54
      vertex -46.495 -4.38804 34.5
      vertex -46.495 -4.38804 54
    endloop
  endfacet
  facet normal 0.271486 -0.962442 0
    outer loop
      vertex -64.388 13.505 34.5
      vertex -63.3149 13.8077 54
      vertex -64.388 13.505 54
    endloop
  endfacet
  facet normal 0.271486 -0.962442 0
    outer loop
      vertex -63.3149 13.8077 54
      vertex -64.388 13.505 34.5
      vertex -63.3149 13.8077 34.5
    endloop
  endfacet
  facet normal 0.980789 0.195073 0
    outer loop
      vertex -73.8077 -3.31492 54
      vertex -74.0252 -2.22137 34.5
      vertex -74.0252 -2.22137 54
    endloop
  endfacet
  facet normal 0.980789 0.195073 0
    outer loop
      vertex -74.0252 -2.22137 34.5
      vertex -73.8077 -3.31492 54
      vertex -73.8077 -3.31492 34.5
    endloop
  endfacet
  facet normal 0.67885 0.734277 -0
    outer loop
      vertex -69.2222 -10.7978 34.5
      vertex -70.0409 -10.0409 54
      vertex -69.2222 -10.7978 54
    endloop
  endfacet
  facet normal 0.67885 0.734277 0
    outer loop
      vertex -70.0409 -10.0409 54
      vertex -69.2222 -10.7978 34.5
      vertex -70.0409 -10.0409 34.5
    endloop
  endfacet
  facet normal 0.999228 -0.0392832 0
    outer loop
      vertex -74.2 0 54
      vertex -74.1562 1.11412 34.5
      vertex -74.1562 1.11412 54
    endloop
  endfacet
  facet normal 0.999228 -0.0392832 0
    outer loop
      vertex -74.1562 1.11412 34.5
      vertex -74.2 0 54
      vertex -74.2 0 34.5
    endloop
  endfacet
  facet normal 0.271486 0.962442 -0
    outer loop
      vertex -63.3149 -13.8077 34.5
      vertex -64.388 -13.505 54
      vertex -63.3149 -13.8077 54
    endloop
  endfacet
  facet normal 0.271486 0.962442 0
    outer loop
      vertex -64.388 -13.505 54
      vertex -63.3149 -13.8077 34.5
      vertex -64.388 -13.505 34.5
    endloop
  endfacet
  facet normal 0.734294 0.678832 0
    outer loop
      vertex -70.0409 -10.0409 54
      vertex -70.7978 -9.22216 34.5
      vertex -70.7978 -9.22216 54
    endloop
  endfacet
  facet normal 0.734294 0.678832 0
    outer loop
      vertex -70.7978 -9.22216 34.5
      vertex -70.0409 -10.0409 54
      vertex -70.0409 -10.0409 34.5
    endloop
  endfacet
  facet normal -0.117486 0.993074 0
    outer loop
      vertex -57.7786 -14.0252 34.5
      vertex -58.8859 -14.1562 54
      vertex -57.7786 -14.0252 54
    endloop
  endfacet
  facet normal -0.117486 0.993074 0
    outer loop
      vertex -58.8859 -14.1562 54
      vertex -57.7786 -14.0252 34.5
      vertex -58.8859 -14.1562 34.5
    endloop
  endfacet
  facet normal 0.993074 0.117492 0
    outer loop
      vertex -74.0252 -2.22137 54
      vertex -74.1562 -1.11412 34.5
      vertex -74.1562 -1.11412 54
    endloop
  endfacet
  facet normal 0.993074 0.117492 0
    outer loop
      vertex -74.1562 -1.11412 34.5
      vertex -74.0252 -2.22137 54
      vertex -74.0252 -2.22137 34.5
    endloop
  endfacet
  facet normal 0.908142 0.418662 0
    outer loop
      vertex -72.6523 -6.44666 54
      vertex -73.1191 -5.4341 34.5
      vertex -73.1191 -5.4341 54
    endloop
  endfacet
  facet normal 0.908142 0.418662 0
    outer loop
      vertex -73.1191 -5.4341 34.5
      vertex -72.6523 -6.44666 54
      vertex -72.6523 -6.44666 34.5
    endloop
  endfacet
  facet normal -0.67885 -0.734277 0
    outer loop
      vertex -50.7778 10.7978 34.5
      vertex -49.9591 10.0409 54
      vertex -50.7778 10.7978 54
    endloop
  endfacet
  facet normal -0.67885 -0.734277 -0
    outer loop
      vertex -49.9591 10.0409 54
      vertex -50.7778 10.7978 34.5
      vertex -49.9591 10.0409 34.5
    endloop
  endfacet
  facet normal -0.0392839 -0.999228 0
    outer loop
      vertex -60 14.2 34.5
      vertex -58.8859 14.1562 54
      vertex -60 14.2 54
    endloop
  endfacet
  facet normal -0.0392839 -0.999228 -0
    outer loop
      vertex -58.8859 14.1562 54
      vertex -60 14.2 34.5
      vertex -58.8859 14.1562 34.5
    endloop
  endfacet
  facet normal -0.488625 -0.872494 0
    outer loop
      vertex -53.5533 12.6523 34.5
      vertex -52.5805 12.1075 54
      vertex -53.5533 12.6523 54
    endloop
  endfacet
  facet normal -0.488625 -0.872494 -0
    outer loop
      vertex -52.5805 12.1075 54
      vertex -53.5533 12.6523 34.5
      vertex -52.5805 12.1075 34.5
    endloop
  endfacet
  facet normal -0.619013 -0.785381 0
    outer loop
      vertex -51.6535 11.488 34.5
      vertex -50.7778 10.7978 54
      vertex -51.6535 11.488 54
    endloop
  endfacet
  facet normal -0.619013 -0.785381 -0
    outer loop
      vertex -50.7778 10.7978 54
      vertex -51.6535 11.488 34.5
      vertex -50.7778 10.7978 34.5
    endloop
  endfacet
  facet normal -0.555631 -0.831429 0
    outer loop
      vertex -52.5805 12.1075 34.5
      vertex -51.6535 11.488 54
      vertex -52.5805 12.1075 54
    endloop
  endfacet
  facet normal -0.555631 -0.831429 -0
    outer loop
      vertex -51.6535 11.488 54
      vertex -52.5805 12.1075 34.5
      vertex -51.6535 11.488 34.5
    endloop
  endfacet
  facet normal 0.555631 -0.831429 0
    outer loop
      vertex -68.3465 11.488 34.5
      vertex -67.4195 12.1075 54
      vertex -68.3465 11.488 54
    endloop
  endfacet
  facet normal 0.555631 -0.831429 0
    outer loop
      vertex -67.4195 12.1075 54
      vertex -68.3465 11.488 34.5
      vertex -67.4195 12.1075 34.5
    endloop
  endfacet
  facet normal -0.271486 -0.962442 0
    outer loop
      vertex -56.6851 13.8077 34.5
      vertex -55.612 13.505 54
      vertex -56.6851 13.8077 54
    endloop
  endfacet
  facet normal -0.271486 -0.962442 -0
    outer loop
      vertex -55.612 13.505 54
      vertex -56.6851 13.8077 34.5
      vertex -55.612 13.505 34.5
    endloop
  endfacet
  facet normal 0.938195 0.346108 0
    outer loop
      vertex -73.1191 -5.4341 54
      vertex -73.505 -4.38804 34.5
      vertex -73.505 -4.38804 54
    endloop
  endfacet
  facet normal 0.938195 0.346108 0
    outer loop
      vertex -73.505 -4.38804 34.5
      vertex -73.1191 -5.4341 54
      vertex -73.1191 -5.4341 34.5
    endloop
  endfacet
  facet normal 0.831448 -0.555602 0
    outer loop
      vertex -72.1075 7.41948 54
      vertex -71.488 8.34655 34.5
      vertex -71.488 8.34655 54
    endloop
  endfacet
  facet normal 0.831448 -0.555602 0
    outer loop
      vertex -71.488 8.34655 34.5
      vertex -72.1075 7.41948 54
      vertex -72.1075 7.41948 34.5
    endloop
  endfacet
  facet normal 0.488625 0.872494 -0
    outer loop
      vertex -66.4467 -12.6523 34.5
      vertex -67.4195 -12.1075 54
      vertex -66.4467 -12.6523 54
    endloop
  endfacet
  facet normal 0.488625 0.872494 0
    outer loop
      vertex -67.4195 -12.1075 54
      vertex -66.4467 -12.6523 34.5
      vertex -67.4195 -12.1075 34.5
    endloop
  endfacet
  facet normal -0.346096 0.938199 0
    outer loop
      vertex -54.5659 -13.1191 34.5
      vertex -55.612 -13.505 54
      vertex -54.5659 -13.1191 54
    endloop
  endfacet
  facet normal -0.346096 0.938199 0
    outer loop
      vertex -55.612 -13.505 54
      vertex -54.5659 -13.1191 34.5
      vertex -55.612 -13.505 34.5
    endloop
  endfacet
  facet normal -0.0392839 0.999228 0
    outer loop
      vertex -58.8859 -14.1562 34.5
      vertex -60 -14.2 54
      vertex -58.8859 -14.1562 54
    endloop
  endfacet
  facet normal -0.0392839 0.999228 0
    outer loop
      vertex -60 -14.2 54
      vertex -58.8859 -14.1562 34.5
      vertex -60 -14.2 34.5
    endloop
  endfacet
  facet normal -0.488625 0.872494 0
    outer loop
      vertex -52.5805 -12.1075 34.5
      vertex -53.5533 -12.6523 54
      vertex -52.5805 -12.1075 54
    endloop
  endfacet
  facet normal -0.488625 0.872494 0
    outer loop
      vertex -53.5533 -12.6523 54
      vertex -52.5805 -12.1075 34.5
      vertex -53.5533 -12.6523 34.5
    endloop
  endfacet
  facet normal -0.980789 0.195073 0
    outer loop
      vertex -46.1923 -3.31492 34.5
      vertex -45.9748 -2.22137 54
      vertex -45.9748 -2.22137 34.5
    endloop
  endfacet
  facet normal -0.980789 0.195073 0
    outer loop
      vertex -45.9748 -2.22137 54
      vertex -46.1923 -3.31492 34.5
      vertex -46.1923 -3.31492 54
    endloop
  endfacet
  facet normal -0.938195 -0.346108 0
    outer loop
      vertex -46.495 4.38804 34.5
      vertex -46.8809 5.4341 54
      vertex -46.8809 5.4341 34.5
    endloop
  endfacet
  facet normal -0.938195 -0.346108 0
    outer loop
      vertex -46.8809 5.4341 54
      vertex -46.495 4.38804 34.5
      vertex -46.495 4.38804 54
    endloop
  endfacet
  facet normal 0.962444 -0.271481 0
    outer loop
      vertex -73.8077 3.31492 54
      vertex -73.505 4.38804 34.5
      vertex -73.505 4.38804 54
    endloop
  endfacet
  facet normal 0.962444 -0.271481 0
    outer loop
      vertex -73.505 4.38804 34.5
      vertex -73.8077 3.31492 54
      vertex -73.8077 3.31492 34.5
    endloop
  endfacet
  facet normal -0.962444 -0.271481 0
    outer loop
      vertex -46.1923 3.31492 34.5
      vertex -46.495 4.38804 54
      vertex -46.495 4.38804 34.5
    endloop
  endfacet
  facet normal -0.962444 -0.271481 0
    outer loop
      vertex -46.495 4.38804 54
      vertex -46.1923 3.31492 34.5
      vertex -46.1923 3.31492 54
    endloop
  endfacet
  facet normal -0.117486 -0.993074 0
    outer loop
      vertex -58.8859 14.1562 34.5
      vertex -57.7786 14.0252 54
      vertex -58.8859 14.1562 54
    endloop
  endfacet
  facet normal -0.117486 -0.993074 -0
    outer loop
      vertex -57.7786 14.0252 54
      vertex -58.8859 14.1562 34.5
      vertex -57.7786 14.0252 34.5
    endloop
  endfacet
  facet normal -0.418649 -0.908148 0
    outer loop
      vertex -54.5659 13.1191 34.5
      vertex -53.5533 12.6523 54
      vertex -54.5659 13.1191 54
    endloop
  endfacet
  facet normal -0.418649 -0.908148 -0
    outer loop
      vertex -53.5533 12.6523 54
      vertex -54.5659 13.1191 34.5
      vertex -53.5533 12.6523 34.5
    endloop
  endfacet
  facet normal -0.831448 -0.555602 0
    outer loop
      vertex -47.8925 7.41948 34.5
      vertex -48.512 8.34655 54
      vertex -48.512 8.34655 34.5
    endloop
  endfacet
  facet normal -0.831448 -0.555602 0
    outer loop
      vertex -48.512 8.34655 54
      vertex -47.8925 7.41948 34.5
      vertex -47.8925 7.41948 54
    endloop
  endfacet
  facet normal 0.831448 0.555602 0
    outer loop
      vertex -71.488 -8.34655 54
      vertex -72.1075 -7.41948 34.5
      vertex -72.1075 -7.41948 54
    endloop
  endfacet
  facet normal 0.831448 0.555602 0
    outer loop
      vertex -72.1075 -7.41948 34.5
      vertex -71.488 -8.34655 54
      vertex -71.488 -8.34655 34.5
    endloop
  endfacet
  facet normal -0.67885 0.734277 0
    outer loop
      vertex -49.9591 -10.0409 34.5
      vertex -50.7778 -10.7978 54
      vertex -49.9591 -10.0409 54
    endloop
  endfacet
  facet normal -0.67885 0.734277 0
    outer loop
      vertex -50.7778 -10.7978 54
      vertex -49.9591 -10.0409 34.5
      vertex -50.7778 -10.7978 34.5
    endloop
  endfacet
  facet normal 0.619013 -0.785381 0
    outer loop
      vertex -69.2222 10.7978 34.5
      vertex -68.3465 11.488 54
      vertex -69.2222 10.7978 54
    endloop
  endfacet
  facet normal 0.619013 -0.785381 0
    outer loop
      vertex -68.3465 11.488 54
      vertex -69.2222 10.7978 34.5
      vertex -68.3465 11.488 34.5
    endloop
  endfacet
  facet normal -0.908142 -0.418662 0
    outer loop
      vertex -46.8809 5.4341 34.5
      vertex -47.3477 6.44666 54
      vertex -47.3477 6.44666 34.5
    endloop
  endfacet
  facet normal -0.908142 -0.418662 0
    outer loop
      vertex -47.3477 6.44666 54
      vertex -46.8809 5.4341 34.5
      vertex -46.8809 5.4341 54
    endloop
  endfacet
  facet normal -0.872498 -0.488618 0
    outer loop
      vertex -47.3477 6.44666 34.5
      vertex -47.8925 7.41948 54
      vertex -47.8925 7.41948 34.5
    endloop
  endfacet
  facet normal -0.872498 -0.488618 0
    outer loop
      vertex -47.8925 7.41948 54
      vertex -47.3477 6.44666 34.5
      vertex -47.3477 6.44666 54
    endloop
  endfacet
  facet normal 0.980789 -0.195073 0
    outer loop
      vertex -74.0252 2.22137 54
      vertex -73.8077 3.31492 34.5
      vertex -73.8077 3.31492 54
    endloop
  endfacet
  facet normal 0.980789 -0.195073 0
    outer loop
      vertex -73.8077 3.31492 34.5
      vertex -74.0252 2.22137 54
      vertex -74.0252 2.22137 34.5
    endloop
  endfacet
  facet normal 0.78535 0.619052 0
    outer loop
      vertex -70.7978 -9.22216 54
      vertex -71.488 -8.34655 34.5
      vertex -71.488 -8.34655 54
    endloop
  endfacet
  facet normal 0.78535 0.619052 0
    outer loop
      vertex -71.488 -8.34655 34.5
      vertex -70.7978 -9.22216 54
      vertex -70.7978 -9.22216 34.5
    endloop
  endfacet
  facet normal 0.962444 0.271481 0
    outer loop
      vertex -73.505 -4.38804 54
      vertex -73.8077 -3.31492 34.5
      vertex -73.8077 -3.31492 54
    endloop
  endfacet
  facet normal 0.962444 0.271481 0
    outer loop
      vertex -73.8077 -3.31492 34.5
      vertex -73.505 -4.38804 54
      vertex -73.505 -4.38804 34.5
    endloop
  endfacet
  facet normal 0.0392839 -0.999228 0
    outer loop
      vertex -61.1141 14.1562 34.5
      vertex -60 14.2 54
      vertex -61.1141 14.1562 54
    endloop
  endfacet
  facet normal 0.0392839 -0.999228 0
    outer loop
      vertex -60 14.2 54
      vertex -61.1141 14.1562 34.5
      vertex -60 14.2 34.5
    endloop
  endfacet
  facet normal -0.195081 -0.980787 0
    outer loop
      vertex -57.7786 14.0252 34.5
      vertex -56.6851 13.8077 54
      vertex -57.7786 14.0252 54
    endloop
  endfacet
  facet normal -0.195081 -0.980787 -0
    outer loop
      vertex -56.6851 13.8077 54
      vertex -57.7786 14.0252 34.5
      vertex -56.6851 13.8077 34.5
    endloop
  endfacet
  facet normal 0.999228 0.0392832 0
    outer loop
      vertex -74.1562 -1.11412 54
      vertex -74.2 0 34.5
      vertex -74.2 0 54
    endloop
  endfacet
  facet normal 0.999228 0.0392832 0
    outer loop
      vertex -74.2 0 34.5
      vertex -74.1562 -1.11412 54
      vertex -74.1562 -1.11412 34.5
    endloop
  endfacet
  facet normal 0.488625 -0.872494 0
    outer loop
      vertex -67.4195 12.1075 34.5
      vertex -66.4467 12.6523 54
      vertex -67.4195 12.1075 54
    endloop
  endfacet
  facet normal 0.488625 -0.872494 0
    outer loop
      vertex -66.4467 12.6523 54
      vertex -67.4195 12.1075 34.5
      vertex -66.4467 12.6523 34.5
    endloop
  endfacet
  facet normal 0.117486 -0.993074 0
    outer loop
      vertex -62.2214 14.0252 34.5
      vertex -61.1141 14.1562 54
      vertex -62.2214 14.0252 54
    endloop
  endfacet
  facet normal 0.117486 -0.993074 0
    outer loop
      vertex -61.1141 14.1562 54
      vertex -62.2214 14.0252 34.5
      vertex -61.1141 14.1562 34.5
    endloop
  endfacet
  facet normal -0.734294 0.678832 0
    outer loop
      vertex -49.9591 -10.0409 34.5
      vertex -49.2022 -9.22216 54
      vertex -49.2022 -9.22216 34.5
    endloop
  endfacet
  facet normal -0.734294 0.678832 0
    outer loop
      vertex -49.2022 -9.22216 54
      vertex -49.9591 -10.0409 34.5
      vertex -49.9591 -10.0409 54
    endloop
  endfacet
  facet normal 0.938195 -0.346108 0
    outer loop
      vertex -73.505 4.38804 54
      vertex -73.1191 5.4341 34.5
      vertex -73.1191 5.4341 54
    endloop
  endfacet
  facet normal 0.938195 -0.346108 0
    outer loop
      vertex -73.1191 5.4341 34.5
      vertex -73.505 4.38804 54
      vertex -73.505 4.38804 34.5
    endloop
  endfacet
  facet normal -0.418649 0.908148 0
    outer loop
      vertex -53.5533 -12.6523 34.5
      vertex -54.5659 -13.1191 54
      vertex -53.5533 -12.6523 54
    endloop
  endfacet
  facet normal -0.418649 0.908148 0
    outer loop
      vertex -54.5659 -13.1191 54
      vertex -53.5533 -12.6523 34.5
      vertex -54.5659 -13.1191 34.5
    endloop
  endfacet
  facet normal 0.418649 -0.908148 0
    outer loop
      vertex -66.4467 12.6523 34.5
      vertex -65.4341 13.1191 54
      vertex -66.4467 12.6523 54
    endloop
  endfacet
  facet normal 0.418649 -0.908148 0
    outer loop
      vertex -65.4341 13.1191 54
      vertex -66.4467 12.6523 34.5
      vertex -65.4341 13.1191 34.5
    endloop
  endfacet
  facet normal -0.271486 0.962442 0
    outer loop
      vertex -55.612 -13.505 34.5
      vertex -56.6851 -13.8077 54
      vertex -55.612 -13.505 54
    endloop
  endfacet
  facet normal -0.271486 0.962442 0
    outer loop
      vertex -56.6851 -13.8077 54
      vertex -55.612 -13.505 34.5
      vertex -56.6851 -13.8077 34.5
    endloop
  endfacet
  facet normal 0.993074 -0.117492 0
    outer loop
      vertex -74.1562 1.11412 54
      vertex -74.0252 2.22137 34.5
      vertex -74.0252 2.22137 54
    endloop
  endfacet
  facet normal 0.993074 -0.117492 0
    outer loop
      vertex -74.0252 2.22137 34.5
      vertex -74.1562 1.11412 54
      vertex -74.1562 1.11412 34.5
    endloop
  endfacet
  facet normal -0.938195 0.346108 0
    outer loop
      vertex -46.8809 -5.4341 34.5
      vertex -46.495 -4.38804 54
      vertex -46.495 -4.38804 34.5
    endloop
  endfacet
  facet normal -0.938195 0.346108 0
    outer loop
      vertex -46.495 -4.38804 54
      vertex -46.8809 -5.4341 34.5
      vertex -46.8809 -5.4341 54
    endloop
  endfacet
  facet normal -0.908142 0.418662 0
    outer loop
      vertex -47.3477 -6.44666 34.5
      vertex -46.8809 -5.4341 54
      vertex -46.8809 -5.4341 34.5
    endloop
  endfacet
  facet normal -0.908142 0.418662 0
    outer loop
      vertex -46.8809 -5.4341 54
      vertex -47.3477 -6.44666 34.5
      vertex -47.3477 -6.44666 54
    endloop
  endfacet
  facet normal -0.734294 -0.678832 0
    outer loop
      vertex -49.2022 9.22216 34.5
      vertex -49.9591 10.0409 54
      vertex -49.9591 10.0409 34.5
    endloop
  endfacet
  facet normal -0.734294 -0.678832 0
    outer loop
      vertex -49.9591 10.0409 54
      vertex -49.2022 9.22216 34.5
      vertex -49.2022 9.22216 54
    endloop
  endfacet
  facet normal -0.831448 0.555602 0
    outer loop
      vertex -48.512 -8.34655 34.5
      vertex -47.8925 -7.41948 54
      vertex -47.8925 -7.41948 34.5
    endloop
  endfacet
  facet normal -0.831448 0.555602 0
    outer loop
      vertex -47.8925 -7.41948 54
      vertex -48.512 -8.34655 34.5
      vertex -48.512 -8.34655 54
    endloop
  endfacet
  facet normal 0.555631 0.831429 -0
    outer loop
      vertex -67.4195 -12.1075 34.5
      vertex -68.3465 -11.488 54
      vertex -67.4195 -12.1075 54
    endloop
  endfacet
  facet normal 0.555631 0.831429 0
    outer loop
      vertex -68.3465 -11.488 54
      vertex -67.4195 -12.1075 34.5
      vertex -68.3465 -11.488 34.5
    endloop
  endfacet
  facet normal 0.619013 0.785381 -0
    outer loop
      vertex -68.3465 -11.488 34.5
      vertex -69.2222 -10.7978 54
      vertex -68.3465 -11.488 54
    endloop
  endfacet
  facet normal 0.619013 0.785381 0
    outer loop
      vertex -69.2222 -10.7978 54
      vertex -68.3465 -11.488 34.5
      vertex -69.2222 -10.7978 34.5
    endloop
  endfacet
  facet normal 0.346096 0.938199 -0
    outer loop
      vertex -64.388 -13.505 34.5
      vertex -65.4341 -13.1191 54
      vertex -64.388 -13.505 54
    endloop
  endfacet
  facet normal 0.346096 0.938199 0
    outer loop
      vertex -65.4341 -13.1191 54
      vertex -64.388 -13.505 34.5
      vertex -65.4341 -13.1191 34.5
    endloop
  endfacet
  facet normal 0.195081 0.980787 -0
    outer loop
      vertex -62.2214 -14.0252 34.5
      vertex -63.3149 -13.8077 54
      vertex -62.2214 -14.0252 54
    endloop
  endfacet
  facet normal 0.195081 0.980787 0
    outer loop
      vertex -63.3149 -13.8077 54
      vertex -62.2214 -14.0252 34.5
      vertex -63.3149 -13.8077 34.5
    endloop
  endfacet
  facet normal 0.117486 0.993074 -0
    outer loop
      vertex -61.1141 -14.1562 34.5
      vertex -62.2214 -14.0252 54
      vertex -61.1141 -14.1562 54
    endloop
  endfacet
  facet normal 0.117486 0.993074 0
    outer loop
      vertex -62.2214 -14.0252 54
      vertex -61.1141 -14.1562 34.5
      vertex -62.2214 -14.0252 34.5
    endloop
  endfacet
  facet normal -0.872498 0.488618 0
    outer loop
      vertex -47.8925 -7.41948 34.5
      vertex -47.3477 -6.44666 54
      vertex -47.3477 -6.44666 34.5
    endloop
  endfacet
  facet normal -0.872498 0.488618 0
    outer loop
      vertex -47.3477 -6.44666 54
      vertex -47.8925 -7.41948 34.5
      vertex -47.8925 -7.41948 54
    endloop
  endfacet
  facet normal -0.619013 0.785381 0
    outer loop
      vertex -50.7778 -10.7978 34.5
      vertex -51.6535 -11.488 54
      vertex -50.7778 -10.7978 54
    endloop
  endfacet
  facet normal -0.619013 0.785381 0
    outer loop
      vertex -51.6535 -11.488 54
      vertex -50.7778 -10.7978 34.5
      vertex -51.6535 -11.488 34.5
    endloop
  endfacet
  facet normal 0.908142 -0.418662 0
    outer loop
      vertex -73.1191 5.4341 54
      vertex -72.6523 6.44666 34.5
      vertex -72.6523 6.44666 54
    endloop
  endfacet
  facet normal 0.908142 -0.418662 0
    outer loop
      vertex -72.6523 6.44666 34.5
      vertex -73.1191 5.4341 54
      vertex -73.1191 5.4341 34.5
    endloop
  endfacet
  facet normal -1 0 0
    outer loop
      vertex -43.8 -2.2 34.5
      vertex -43.8 2.2 54
      vertex -43.8 2.2 34.5
    endloop
  endfacet
  facet normal -1 -0 0
    outer loop
      vertex -43.8 2.2 54
      vertex -43.8 -2.2 34.5
      vertex -43.8 -2.2 54
    endloop
  endfacet
  facet normal 0 -1 0
    outer loop
      vertex -45.9723 2.2 34.5
      vertex -43.8 2.2 54
      vertex -45.9723 2.2 54
    endloop
  endfacet
  facet normal 0 -1 -0
    outer loop
      vertex -43.8 2.2 54
      vertex -45.9723 2.2 34.5
      vertex -43.8 2.2 34.5
    endloop
  endfacet
  facet normal 0 1 -0
    outer loop
      vertex -43.8 -2.2 34.5
      vertex -45.9723 -2.2 54
      vertex -43.8 -2.2 54
    endloop
  endfacet
  facet normal 0 1 0
    outer loop
      vertex -45.9723 -2.2 54
      vertex -43.8 -2.2 34.5
      vertex -45.9723 -2.2 34.5
    endloop
  endfacet
  facet normal -0.999229 -0.0392634 0
    outer loop
      vertex -3 0 0
      vertex -3.05241 1.3338 34.5
      vertex -3.05241 1.3338 0
    endloop
  endfacet
  facet normal -0.999229 -0.0392634 0
    outer loop
      vertex -3.05241 1.3338 34.5
      vertex -3 0 0
      vertex -3 0 34.5
    endloop
  endfacet
  facet normal -0.993069 -0.117535 0
    outer loop
      vertex -3.05241 1.3338 0
      vertex -3.2093 2.65939 34.5
      vertex -3.2093 2.65939 0
    endloop
  endfacet
  facet normal -0.993069 -0.117535 0
    outer loop
      vertex -3.2093 2.65939 34.5
      vertex -3.05241 1.3338 0
      vertex -3.05241 1.3338 34.5
    endloop
  endfacet
  facet normal 0.980787 0.195082 0
    outer loop
      vertex -36.5303 -3.96857 34.5
      vertex -36.7907 -2.65939 0
      vertex -36.7907 -2.65939 34.5
    endloop
  endfacet
  facet normal 0.980787 0.195082 0
    outer loop
      vertex -36.7907 -2.65939 0
      vertex -36.5303 -3.96857 34.5
      vertex -36.5303 -3.96857 0
    endloop
  endfacet
  facet normal -0.488585 0.872516 0
    outer loop
      vertex -11.1175 -14.4949 0
      vertex -12.2822 -15.1471 34.5
      vertex -11.1175 -14.4949 34.5
    endloop
  endfacet
  facet normal -0.488585 0.872516 0
    outer loop
      vertex -12.2822 -15.1471 34.5
      vertex -11.1175 -14.4949 0
      vertex -12.2822 -15.1471 0
    endloop
  endfacet
  facet normal -0.195079 -0.980788 0
    outer loop
      vertex -17.3406 16.7907 0
      vertex -16.0314 16.5303 34.5
      vertex -17.3406 16.7907 34.5
    endloop
  endfacet
  facet normal -0.195079 -0.980788 -0
    outer loop
      vertex -16.0314 16.5303 34.5
      vertex -17.3406 16.7907 0
      vertex -16.0314 16.5303 0
    endloop
  endfacet
  facet normal -0.039256 0.999229 0
    outer loop
      vertex -18.6662 -16.9476 0
      vertex -20 -17 34.5
      vertex -18.6662 -16.9476 34.5
    endloop
  endfacet
  facet normal -0.039256 0.999229 0
    outer loop
      vertex -20 -17 34.5
      vertex -18.6662 -16.9476 0
      vertex -20 -17 0
    endloop
  endfacet
  facet normal -0.619081 -0.785327 0
    outer loop
      vertex -10.0077 13.7533 0
      vertex -8.95938 12.9269 34.5
      vertex -10.0077 13.7533 34.5
    endloop
  endfacet
  facet normal -0.619081 -0.785327 -0
    outer loop
      vertex -8.95938 12.9269 34.5
      vertex -10.0077 13.7533 0
      vertex -8.95938 12.9269 0
    endloop
  endfacet
  facet normal 0.872504 -0.488607 0
    outer loop
      vertex -35.1471 7.71784 34.5
      vertex -34.4949 8.88247 0
      vertex -34.4949 8.88247 34.5
    endloop
  endfacet
  facet normal 0.872504 -0.488607 0
    outer loop
      vertex -34.4949 8.88247 0
      vertex -35.1471 7.71784 34.5
      vertex -35.1471 7.71784 0
    endloop
  endfacet
  facet normal 0 0 -1
    outer loop
      vertex -3.8 -2.2 34.5
      vertex -3 0 34.5
      vertex -3.05241 -1.3338 34.5
    endloop
  endfacet
  facet normal 0 0 -1
    outer loop
      vertex -3.8 -2.2 34.5
      vertex -3.05241 -1.3338 34.5
      vertex -3.2093 -2.65939 34.5
    endloop
  endfacet
  facet normal 0 0 -1
    outer loop
      vertex -3.8 2.2 34.5
      vertex -3 0 34.5
      vertex -3.8 -2.2 34.5
    endloop
  endfacet
  facet normal 0 0 -1
    outer loop
      vertex -3.8 -2.2 34.5
      vertex -3.2093 -2.65939 34.5
      vertex -3.46971 -3.96857 34.5
    endloop
  endfacet
  facet normal 0 0 -1
    outer loop
      vertex -3 0 34.5
      vertex -3.8 2.2 34.5
      vertex -3.05241 1.3338 34.5
    endloop
  endfacet
  facet normal 0 0 -1
    outer loop
      vertex -3.05241 1.3338 34.5
      vertex -3.8 2.2 34.5
      vertex -3.2093 2.65939 34.5
    endloop
  endfacet
  facet normal 0 0 -1
    outer loop
      vertex -6.19235 -3.31492 34.5
      vertex -3.46971 -3.96857 34.5
      vertex -3.83204 -5.25329 34.5
    endloop
  endfacet
  facet normal 0 0 -1
    outer loop
      vertex -6.495 -4.38804 34.5
      vertex -3.83204 -5.25329 34.5
      vertex -4.29405 -6.50562 34.5
    endloop
  endfacet
  facet normal 0 0 -1
    outer loop
      vertex -6.88091 -5.4341 34.5
      vertex -4.29405 -6.50562 34.5
      vertex -4.85289 -7.71784 34.5
    endloop
  endfacet
  facet normal 0 0 -1
    outer loop
      vertex -7.34771 -6.44666 34.5
      vertex -4.85289 -7.71784 34.5
      vertex -5.50512 -8.88247 34.5
    endloop
  endfacet
  facet normal 0 0 -1
    outer loop
      vertex -3.83204 -5.25329 34.5
      vertex -6.495 -4.38804 34.5
      vertex -6.19235 -3.31492 34.5
    endloop
  endfacet
  facet normal -0 0 -1
    outer loop
      vertex -3.8 -2.2 34.5
      vertex -5.97483 -2.22137 34.5
      vertex -5.9723 -2.2 34.5
    endloop
  endfacet
  facet normal 0 0 -1
    outer loop
      vertex -3.8 -2.2 34.5
      vertex -6.19235 -3.31492 34.5
      vertex -5.97483 -2.22137 34.5
    endloop
  endfacet
  facet normal 0 0 -1
    outer loop
      vertex -7.89251 -7.41948 34.5
      vertex -5.50512 -8.88247 34.5
      vertex -6.24671 -9.99235 34.5
    endloop
  endfacet
  facet normal 0 0 -1
    outer loop
      vertex -3.46971 -3.96857 34.5
      vertex -6.19235 -3.31492 34.5
      vertex -3.8 -2.2 34.5
    endloop
  endfacet
  facet normal 0 0 -1
    outer loop
      vertex -4.29405 -6.50562 34.5
      vertex -6.88091 -5.4341 34.5
      vertex -6.495 -4.38804 34.5
    endloop
  endfacet
  facet normal 0 0 -1
    outer loop
      vertex -8.51196 -8.34655 34.5
      vertex -6.24671 -9.99235 34.5
      vertex -7.0731 -11.0406 34.5
    endloop
  endfacet
  facet normal 0 0 -1
    outer loop
      vertex -4.85289 -7.71784 34.5
      vertex -7.34771 -6.44666 34.5
      vertex -6.88091 -5.4341 34.5
    endloop
  endfacet
  facet normal 0 0 -1
    outer loop
      vertex -5.50512 -8.88247 34.5
      vertex -7.89251 -7.41948 34.5
      vertex -7.34771 -6.44666 34.5
    endloop
  endfacet
  facet normal 0 0 -1
    outer loop
      vertex -9.20224 -9.22216 34.5
      vertex -7.0731 -11.0406 34.5
      vertex -7.97919 -12.0208 34.5
    endloop
  endfacet
  facet normal 0 0 -1
    outer loop
      vertex -6.24671 -9.99235 34.5
      vertex -8.51196 -8.34655 34.5
      vertex -7.89251 -7.41948 34.5
    endloop
  endfacet
  facet normal 0 0 -1
    outer loop
      vertex -9.95908 -10.0409 34.5
      vertex -7.97919 -12.0208 34.5
      vertex -8.95938 -12.9269 34.5
    endloop
  endfacet
  facet normal 0 0 -1
    outer loop
      vertex -7.0731 -11.0406 34.5
      vertex -9.20224 -9.22216 34.5
      vertex -8.51196 -8.34655 34.5
    endloop
  endfacet
  facet normal 0 0 -1
    outer loop
      vertex -7.97919 -12.0208 34.5
      vertex -9.95908 -10.0409 34.5
      vertex -9.20224 -9.22216 34.5
    endloop
  endfacet
  facet normal 0 0 -1
    outer loop
      vertex -10.7778 -10.7978 34.5
      vertex -8.95938 -12.9269 34.5
      vertex -10.0077 -13.7533 34.5
    endloop
  endfacet
  facet normal 0 0 -1
    outer loop
      vertex -8.95938 -12.9269 34.5
      vertex -10.7778 -10.7978 34.5
      vertex -9.95908 -10.0409 34.5
    endloop
  endfacet
  facet normal 0 0 -1
    outer loop
      vertex -11.6535 -11.488 34.5
      vertex -10.0077 -13.7533 34.5
      vertex -11.1175 -14.4949 34.5
    endloop
  endfacet
  facet normal 0 0 -1
    outer loop
      vertex -10.0077 -13.7533 34.5
      vertex -11.6535 -11.488 34.5
      vertex -10.7778 -10.7978 34.5
    endloop
  endfacet
  facet normal 0 0 -1
    outer loop
      vertex -12.5805 -12.1075 34.5
      vertex -11.1175 -14.4949 34.5
      vertex -12.2822 -15.1471 34.5
    endloop
  endfacet
  facet normal 0 0 -1
    outer loop
      vertex -11.1175 -14.4949 34.5
      vertex -12.5805 -12.1075 34.5
      vertex -11.6535 -11.488 34.5
    endloop
  endfacet
  facet normal 0 0 -1
    outer loop
      vertex -13.5533 -12.6523 34.5
      vertex -12.2822 -15.1471 34.5
      vertex -13.4944 -15.706 34.5
    endloop
  endfacet
  facet normal 0 0 -1
    outer loop
      vertex -12.2822 -15.1471 34.5
      vertex -13.5533 -12.6523 34.5
      vertex -12.5805 -12.1075 34.5
    endloop
  endfacet
  facet normal 0 0 -1
    outer loop
      vertex -13.4944 -15.706 34.5
      vertex -14.5659 -13.1191 34.5
      vertex -13.5533 -12.6523 34.5
    endloop
  endfacet
  facet normal 0 0 -1
    outer loop
      vertex -14.7467 -16.168 34.5
      vertex -14.5659 -13.1191 34.5
      vertex -13.4944 -15.706 34.5
    endloop
  endfacet
  facet normal 0 0 -1
    outer loop
      vertex -14.7467 -16.168 34.5
      vertex -15.612 -13.505 34.5
      vertex -14.5659 -13.1191 34.5
    endloop
  endfacet
  facet normal 0 0 -1
    outer loop
      vertex -16.0314 -16.5303 34.5
      vertex -15.612 -13.505 34.5
      vertex -14.7467 -16.168 34.5
    endloop
  endfacet
  facet normal 0 0 -1
    outer loop
      vertex -16.0314 -16.5303 34.5
      vertex -16.6851 -13.8077 34.5
      vertex -15.612 -13.505 34.5
    endloop
  endfacet
  facet normal 0 0 -1
    outer loop
      vertex -17.3406 -16.7907 34.5
      vertex -16.6851 -13.8077 34.5
      vertex -16.0314 -16.5303 34.5
    endloop
  endfacet
  facet normal 0 0 -1
    outer loop
      vertex -17.3406 -16.7907 34.5
      vertex -17.7786 -14.0252 34.5
      vertex -16.6851 -13.8077 34.5
    endloop
  endfacet
  facet normal 0 0 -1
    outer loop
      vertex -18.6662 -16.9476 34.5
      vertex -17.7786 -14.0252 34.5
      vertex -17.3406 -16.7907 34.5
    endloop
  endfacet
  facet normal 0 0 -1
    outer loop
      vertex -18.6662 -16.9476 34.5
      vertex -18.8859 -14.1562 34.5
      vertex -17.7786 -14.0252 34.5
    endloop
  endfacet
  facet normal 0 0 -1
    outer loop
      vertex -20 -17 34.5
      vertex -18.8859 -14.1562 34.5
      vertex -18.6662 -16.9476 34.5
    endloop
  endfacet
  facet normal 0 0 -1
    outer loop
      vertex -20 -17 34.5
      vertex -20 -14.2 34.5
      vertex -18.8859 -14.1562 34.5
    endloop
  endfacet
  facet normal 0 0 -1
    outer loop
      vertex -20 -17 34.5
      vertex -21.1141 -14.1562 34.5
      vertex -20 -14.2 34.5
    endloop
  endfacet
  facet normal 0 0 -1
    outer loop
      vertex -21.3338 -16.9476 34.5
      vertex -21.1141 -14.1562 34.5
      vertex -20 -17 34.5
    endloop
  endfacet
  facet normal 0 0 -1
    outer loop
      vertex -21.3338 -16.9476 34.5
      vertex -22.2214 -14.0252 34.5
      vertex -21.1141 -14.1562 34.5
    endloop
  endfacet
  facet normal 0 0 -1
    outer loop
      vertex -22.6594 -16.7907 34.5
      vertex -22.2214 -14.0252 34.5
      vertex -21.3338 -16.9476 34.5
    endloop
  endfacet
  facet normal 0 0 -1
    outer loop
      vertex -22.6594 -16.7907 34.5
      vertex -23.3149 -13.8077 34.5
      vertex -22.2214 -14.0252 34.5
    endloop
  endfacet
  facet normal 0 0 -1
    outer loop
      vertex -23.9686 -16.5303 34.5
      vertex -23.3149 -13.8077 34.5
      vertex -22.6594 -16.7907 34.5
    endloop
  endfacet
  facet normal 0 0 -1
    outer loop
      vertex -23.9686 -16.5303 34.5
      vertex -24.388 -13.505 34.5
      vertex -23.3149 -13.8077 34.5
    endloop
  endfacet
  facet normal 0 0 -1
    outer loop
      vertex -25.2533 -16.168 34.5
      vertex -24.388 -13.505 34.5
      vertex -23.9686 -16.5303 34.5
    endloop
  endfacet
  facet normal 0 0 -1
    outer loop
      vertex -25.2533 -16.168 34.5
      vertex -25.4341 -13.1191 34.5
      vertex -24.388 -13.505 34.5
    endloop
  endfacet
  facet normal 0 0 -1
    outer loop
      vertex -26.5056 -15.706 34.5
      vertex -25.4341 -13.1191 34.5
      vertex -25.2533 -16.168 34.5
    endloop
  endfacet
  facet normal -0 0 -1
    outer loop
      vertex -25.4341 -13.1191 34.5
      vertex -26.5056 -15.706 34.5
      vertex -26.4467 -12.6523 34.5
    endloop
  endfacet
  facet normal 0 0 -1
    outer loop
      vertex -27.7178 -15.1471 34.5
      vertex -26.4467 -12.6523 34.5
      vertex -26.5056 -15.706 34.5
    endloop
  endfacet
  facet normal -0 0 -1
    outer loop
      vertex -26.4467 -12.6523 34.5
      vertex -27.7178 -15.1471 34.5
      vertex -27.4195 -12.1075 34.5
    endloop
  endfacet
  facet normal 0 0 -1
    outer loop
      vertex -28.8825 -14.4949 34.5
      vertex -27.4195 -12.1075 34.5
      vertex -27.7178 -15.1471 34.5
    endloop
  endfacet
  facet normal -0 0 -1
    outer loop
      vertex -27.4195 -12.1075 34.5
      vertex -28.8825 -14.4949 34.5
      vertex -28.3465 -11.488 34.5
    endloop
  endfacet
  facet normal 0 0 -1
    outer loop
      vertex -29.9923 -13.7533 34.5
      vertex -28.3465 -11.488 34.5
      vertex -28.8825 -14.4949 34.5
    endloop
  endfacet
  facet normal -0 0 -1
    outer loop
      vertex -28.3465 -11.488 34.5
      vertex -29.9923 -13.7533 34.5
      vertex -29.2222 -10.7978 34.5
    endloop
  endfacet
  facet normal 0 0 -1
    outer loop
      vertex -31.0406 -12.9269 34.5
      vertex -29.2222 -10.7978 34.5
      vertex -29.9923 -13.7533 34.5
    endloop
  endfacet
  facet normal -0 0 -1
    outer loop
      vertex -29.2222 -10.7978 34.5
      vertex -31.0406 -12.9269 34.5
      vertex -30.0409 -10.0409 34.5
    endloop
  endfacet
  facet normal 0 0 -1
    outer loop
      vertex -32.0208 -12.0208 34.5
      vertex -30.0409 -10.0409 34.5
      vertex -31.0406 -12.9269 34.5
    endloop
  endfacet
  facet normal -0 0 -1
    outer loop
      vertex -30.0409 -10.0409 34.5
      vertex -32.0208 -12.0208 34.5
      vertex -30.7978 -9.22216 34.5
    endloop
  endfacet
  facet normal 0 0 -1
    outer loop
      vertex -32.9269 -11.0406 34.5
      vertex -30.7978 -9.22216 34.5
      vertex -32.0208 -12.0208 34.5
    endloop
  endfacet
  facet normal -0 0 -1
    outer loop
      vertex -30.7978 -9.22216 34.5
      vertex -32.9269 -11.0406 34.5
      vertex -31.488 -8.34655 34.5
    endloop
  endfacet
  facet normal 0 0 -1
    outer loop
      vertex -33.7533 -9.99235 34.5
      vertex -31.488 -8.34655 34.5
      vertex -32.9269 -11.0406 34.5
    endloop
  endfacet
  facet normal -0 0 -1
    outer loop
      vertex -31.488 -8.34655 34.5
      vertex -33.7533 -9.99235 34.5
      vertex -32.1075 -7.41948 34.5
    endloop
  endfacet
  facet normal 0 0 -1
    outer loop
      vertex -34.4949 -8.88247 34.5
      vertex -32.1075 -7.41948 34.5
      vertex -33.7533 -9.99235 34.5
    endloop
  endfacet
  facet normal -0 0 -1
    outer loop
      vertex -32.1075 -7.41948 34.5
      vertex -34.4949 -8.88247 34.5
      vertex -32.6523 -6.44666 34.5
    endloop
  endfacet
  facet normal 0 0 -1
    outer loop
      vertex -35.1471 -7.71784 34.5
      vertex -32.6523 -6.44666 34.5
      vertex -34.4949 -8.88247 34.5
    endloop
  endfacet
  facet normal -0 0 -1
    outer loop
      vertex -32.6523 -6.44666 34.5
      vertex -35.1471 -7.71784 34.5
      vertex -33.1191 -5.4341 34.5
    endloop
  endfacet
  facet normal 0 0 -1
    outer loop
      vertex -35.706 -6.50562 34.5
      vertex -33.1191 -5.4341 34.5
      vertex -35.1471 -7.71784 34.5
    endloop
  endfacet
  facet normal -0 0 -1
    outer loop
      vertex -33.1191 -5.4341 34.5
      vertex -35.706 -6.50562 34.5
      vertex -33.505 -4.38804 34.5
    endloop
  endfacet
  facet normal -0 0 -1
    outer loop
      vertex -33.505 -4.38804 34.5
      vertex -36.168 -5.25329 34.5
      vertex -33.8077 -3.31492 34.5
    endloop
  endfacet
  facet normal 0 0 -1
    outer loop
      vertex -36.168 -5.25329 34.5
      vertex -33.505 -4.38804 34.5
      vertex -35.706 -6.50562 34.5
    endloop
  endfacet
  facet normal -0 0 -1
    outer loop
      vertex -3.2093 2.65939 34.5
      vertex -3.8 2.2 34.5
      vertex -3.46971 3.96857 34.5
    endloop
  endfacet
  facet normal 0 0 -1
    outer loop
      vertex -6.19235 3.31492 34.5
      vertex -3.46971 3.96857 34.5
      vertex -3.8 2.2 34.5
    endloop
  endfacet
  facet normal -0 0 -1
    outer loop
      vertex -3.46971 3.96857 34.5
      vertex -6.19235 3.31492 34.5
      vertex -3.83204 5.25329 34.5
    endloop
  endfacet
  facet normal 0 0 -1
    outer loop
      vertex -6.495 4.38804 34.5
      vertex -3.83204 5.25329 34.5
      vertex -6.19235 3.31492 34.5
    endloop
  endfacet
  facet normal 0 0 -1
    outer loop
      vertex -6.88091 5.4341 34.5
      vertex -4.29405 6.50562 34.5
      vertex -6.495 4.38804 34.5
    endloop
  endfacet
  facet normal 0 0 -1
    outer loop
      vertex -5.97483 2.22137 34.5
      vertex -3.8 2.2 34.5
      vertex -5.9723 2.2 34.5
    endloop
  endfacet
  facet normal 0 0 -1
    outer loop
      vertex -6.19235 3.31492 34.5
      vertex -3.8 2.2 34.5
      vertex -5.97483 2.22137 34.5
    endloop
  endfacet
  facet normal -0 0 -1
    outer loop
      vertex -3.83204 5.25329 34.5
      vertex -6.495 4.38804 34.5
      vertex -4.29405 6.50562 34.5
    endloop
  endfacet
  facet normal -0 0 -1
    outer loop
      vertex -4.29405 6.50562 34.5
      vertex -6.88091 5.4341 34.5
      vertex -4.85289 7.71784 34.5
    endloop
  endfacet
  facet normal 0 0 -1
    outer loop
      vertex -7.34771 6.44666 34.5
      vertex -4.85289 7.71784 34.5
      vertex -6.88091 5.4341 34.5
    endloop
  endfacet
  facet normal -0 0 -1
    outer loop
      vertex -4.85289 7.71784 34.5
      vertex -7.34771 6.44666 34.5
      vertex -5.50512 8.88247 34.5
    endloop
  endfacet
  facet normal 0 0 -1
    outer loop
      vertex -7.89251 7.41948 34.5
      vertex -5.50512 8.88247 34.5
      vertex -7.34771 6.44666 34.5
    endloop
  endfacet
  facet normal -0 0 -1
    outer loop
      vertex -5.50512 8.88247 34.5
      vertex -7.89251 7.41948 34.5
      vertex -6.24671 9.99235 34.5
    endloop
  endfacet
  facet normal 0 0 -1
    outer loop
      vertex -8.51196 8.34655 34.5
      vertex -6.24671 9.99235 34.5
      vertex -7.89251 7.41948 34.5
    endloop
  endfacet
  facet normal -0 0 -1
    outer loop
      vertex -6.24671 9.99235 34.5
      vertex -8.51196 8.34655 34.5
      vertex -7.0731 11.0406 34.5
    endloop
  endfacet
  facet normal 0 0 -1
    outer loop
      vertex -9.20224 9.22216 34.5
      vertex -7.0731 11.0406 34.5
      vertex -8.51196 8.34655 34.5
    endloop
  endfacet
  facet normal -0 0 -1
    outer loop
      vertex -7.0731 11.0406 34.5
      vertex -9.20224 9.22216 34.5
      vertex -7.97919 12.0208 34.5
    endloop
  endfacet
  facet normal 0 0 -1
    outer loop
      vertex -9.95908 10.0409 34.5
      vertex -7.97919 12.0208 34.5
      vertex -9.20224 9.22216 34.5
    endloop
  endfacet
  facet normal -0 0 -1
    outer loop
      vertex -7.97919 12.0208 34.5
      vertex -9.95908 10.0409 34.5
      vertex -8.95938 12.9269 34.5
    endloop
  endfacet
  facet normal 0 0 -1
    outer loop
      vertex -10.7778 10.7978 34.5
      vertex -8.95938 12.9269 34.5
      vertex -9.95908 10.0409 34.5
    endloop
  endfacet
  facet normal -0 0 -1
    outer loop
      vertex -8.95938 12.9269 34.5
      vertex -10.7778 10.7978 34.5
      vertex -10.0077 13.7533 34.5
    endloop
  endfacet
  facet normal 0 0 -1
    outer loop
      vertex -11.6535 11.488 34.5
      vertex -10.0077 13.7533 34.5
      vertex -10.7778 10.7978 34.5
    endloop
  endfacet
  facet normal -0 0 -1
    outer loop
      vertex -10.0077 13.7533 34.5
      vertex -11.6535 11.488 34.5
      vertex -11.1175 14.4949 34.5
    endloop
  endfacet
  facet normal 0 0 -1
    outer loop
      vertex -12.5805 12.1075 34.5
      vertex -11.1175 14.4949 34.5
      vertex -11.6535 11.488 34.5
    endloop
  endfacet
  facet normal -0 0 -1
    outer loop
      vertex -11.1175 14.4949 34.5
      vertex -12.5805 12.1075 34.5
      vertex -12.2822 15.1471 34.5
    endloop
  endfacet
  facet normal 0 0 -1
    outer loop
      vertex -13.5533 12.6523 34.5
      vertex -12.2822 15.1471 34.5
      vertex -12.5805 12.1075 34.5
    endloop
  endfacet
  facet normal -0 0 -1
    outer loop
      vertex -12.2822 15.1471 34.5
      vertex -13.5533 12.6523 34.5
      vertex -13.4944 15.706 34.5
    endloop
  endfacet
  facet normal 0 0 -1
    outer loop
      vertex -14.5659 13.1191 34.5
      vertex -13.4944 15.706 34.5
      vertex -13.5533 12.6523 34.5
    endloop
  endfacet
  facet normal 0 0 -1
    outer loop
      vertex -14.5659 13.1191 34.5
      vertex -14.7467 16.168 34.5
      vertex -13.4944 15.706 34.5
    endloop
  endfacet
  facet normal 0 0 -1
    outer loop
      vertex -15.612 13.505 34.5
      vertex -14.7467 16.168 34.5
      vertex -14.5659 13.1191 34.5
    endloop
  endfacet
  facet normal 0 0 -1
    outer loop
      vertex -15.612 13.505 34.5
      vertex -16.0314 16.5303 34.5
      vertex -14.7467 16.168 34.5
    endloop
  endfacet
  facet normal 0 0 -1
    outer loop
      vertex -16.6851 13.8077 34.5
      vertex -16.0314 16.5303 34.5
      vertex -15.612 13.505 34.5
    endloop
  endfacet
  facet normal 0 0 -1
    outer loop
      vertex -16.6851 13.8077 34.5
      vertex -17.3406 16.7907 34.5
      vertex -16.0314 16.5303 34.5
    endloop
  endfacet
  facet normal 0 0 -1
    outer loop
      vertex -17.7786 14.0252 34.5
      vertex -17.3406 16.7907 34.5
      vertex -16.6851 13.8077 34.5
    endloop
  endfacet
  facet normal 0 0 -1
    outer loop
      vertex -17.7786 14.0252 34.5
      vertex -18.6662 16.9476 34.5
      vertex -17.3406 16.7907 34.5
    endloop
  endfacet
  facet normal 0 0 -1
    outer loop
      vertex -18.8859 14.1562 34.5
      vertex -18.6662 16.9476 34.5
      vertex -17.7786 14.0252 34.5
    endloop
  endfacet
  facet normal 0 0 -1
    outer loop
      vertex -20 14.2 34.5
      vertex -18.6662 16.9476 34.5
      vertex -18.8859 14.1562 34.5
    endloop
  endfacet
  facet normal 0 0 -1
    outer loop
      vertex -20 14.2 34.5
      vertex -20 17 34.5
      vertex -18.6662 16.9476 34.5
    endloop
  endfacet
  facet normal 0 0 -1
    outer loop
      vertex -21.1141 14.1562 34.5
      vertex -20 17 34.5
      vertex -20 14.2 34.5
    endloop
  endfacet
  facet normal 0 0 -1
    outer loop
      vertex -21.1141 14.1562 34.5
      vertex -21.3338 16.9476 34.5
      vertex -20 17 34.5
    endloop
  endfacet
  facet normal 0 0 -1
    outer loop
      vertex -22.2214 14.0252 34.5
      vertex -21.3338 16.9476 34.5
      vertex -21.1141 14.1562 34.5
    endloop
  endfacet
  facet normal 0 0 -1
    outer loop
      vertex -22.2214 14.0252 34.5
      vertex -22.6594 16.7907 34.5
      vertex -21.3338 16.9476 34.5
    endloop
  endfacet
  facet normal 0 0 -1
    outer loop
      vertex -23.3149 13.8077 34.5
      vertex -22.6594 16.7907 34.5
      vertex -22.2214 14.0252 34.5
    endloop
  endfacet
  facet normal 0 0 -1
    outer loop
      vertex -23.3149 13.8077 34.5
      vertex -23.9686 16.5303 34.5
      vertex -22.6594 16.7907 34.5
    endloop
  endfacet
  facet normal 0 0 -1
    outer loop
      vertex -24.388 13.505 34.5
      vertex -23.9686 16.5303 34.5
      vertex -23.3149 13.8077 34.5
    endloop
  endfacet
  facet normal 0 0 -1
    outer loop
      vertex -24.388 13.505 34.5
      vertex -25.2533 16.168 34.5
      vertex -23.9686 16.5303 34.5
    endloop
  endfacet
  facet normal 0 0 -1
    outer loop
      vertex -25.4341 13.1191 34.5
      vertex -25.2533 16.168 34.5
      vertex -24.388 13.505 34.5
    endloop
  endfacet
  facet normal 0 0 -1
    outer loop
      vertex -26.5056 15.706 34.5
      vertex -25.4341 13.1191 34.5
      vertex -26.4467 12.6523 34.5
    endloop
  endfacet
  facet normal 0 0 -1
    outer loop
      vertex -25.4341 13.1191 34.5
      vertex -26.5056 15.706 34.5
      vertex -25.2533 16.168 34.5
    endloop
  endfacet
  facet normal 0 0 -1
    outer loop
      vertex -27.7178 15.1471 34.5
      vertex -26.4467 12.6523 34.5
      vertex -27.4195 12.1075 34.5
    endloop
  endfacet
  facet normal 0 0 -1
    outer loop
      vertex -26.4467 12.6523 34.5
      vertex -27.7178 15.1471 34.5
      vertex -26.5056 15.706 34.5
    endloop
  endfacet
  facet normal 0 0 -1
    outer loop
      vertex -28.8825 14.4949 34.5
      vertex -27.4195 12.1075 34.5
      vertex -28.3465 11.488 34.5
    endloop
  endfacet
  facet normal 0 0 -1
    outer loop
      vertex -27.4195 12.1075 34.5
      vertex -28.8825 14.4949 34.5
      vertex -27.7178 15.1471 34.5
    endloop
  endfacet
  facet normal 0 0 -1
    outer loop
      vertex -29.9923 13.7533 34.5
      vertex -28.3465 11.488 34.5
      vertex -29.2222 10.7978 34.5
    endloop
  endfacet
  facet normal 0 0 -1
    outer loop
      vertex -28.3465 11.488 34.5
      vertex -29.9923 13.7533 34.5
      vertex -28.8825 14.4949 34.5
    endloop
  endfacet
  facet normal 0 0 -1
    outer loop
      vertex -31.0406 12.9269 34.5
      vertex -29.2222 10.7978 34.5
      vertex -30.0409 10.0409 34.5
    endloop
  endfacet
  facet normal 0 0 -1
    outer loop
      vertex -32.0208 12.0208 34.5
      vertex -30.0409 10.0409 34.5
      vertex -30.7978 9.22216 34.5
    endloop
  endfacet
  facet normal 0 0 -1
    outer loop
      vertex -29.2222 10.7978 34.5
      vertex -31.0406 12.9269 34.5
      vertex -29.9923 13.7533 34.5
    endloop
  endfacet
  facet normal 0 0 -1
    outer loop
      vertex -32.9269 11.0406 34.5
      vertex -30.7978 9.22216 34.5
      vertex -31.488 8.34655 34.5
    endloop
  endfacet
  facet normal 0 0 -1
    outer loop
      vertex -30.0409 10.0409 34.5
      vertex -32.0208 12.0208 34.5
      vertex -31.0406 12.9269 34.5
    endloop
  endfacet
  facet normal 0 0 -1
    outer loop
      vertex -33.7533 9.99235 34.5
      vertex -31.488 8.34655 34.5
      vertex -32.1075 7.41948 34.5
    endloop
  endfacet
  facet normal 0 0 -1
    outer loop
      vertex -34.4949 8.88247 34.5
      vertex -32.1075 7.41948 34.5
      vertex -32.6523 6.44666 34.5
    endloop
  endfacet
  facet normal 0 0 -1
    outer loop
      vertex -30.7978 9.22216 34.5
      vertex -32.9269 11.0406 34.5
      vertex -32.0208 12.0208 34.5
    endloop
  endfacet
  facet normal 0 0 -1
    outer loop
      vertex -35.1471 7.71784 34.5
      vertex -32.6523 6.44666 34.5
      vertex -33.1191 5.4341 34.5
    endloop
  endfacet
  facet normal 0 0 -1
    outer loop
      vertex -35.706 6.50562 34.5
      vertex -33.1191 5.4341 34.5
      vertex -33.505 4.38804 34.5
    endloop
  endfacet
  facet normal 0 0 -1
    outer loop
      vertex -31.488 8.34655 34.5
      vertex -33.7533 9.99235 34.5
      vertex -32.9269 11.0406 34.5
    endloop
  endfacet
  facet normal 0 0 -1
    outer loop
      vertex -36.168 5.25329 34.5
      vertex -33.505 4.38804 34.5
      vertex -33.8077 3.31492 34.5
    endloop
  endfacet
  facet normal 0 0 -1
    outer loop
      vertex -36.5303 3.96857 34.5
      vertex -33.8077 3.31492 34.5
      vertex -34.0252 2.22137 34.5
    endloop
  endfacet
  facet normal 0 0 -1
    outer loop
      vertex -36.7907 2.65939 34.5
      vertex -34.0252 2.22137 34.5
      vertex -34.1562 1.11412 34.5
    endloop
  endfacet
  facet normal 0 0 -1
    outer loop
      vertex -32.1075 7.41948 34.5
      vertex -34.4949 8.88247 34.5
      vertex -33.7533 9.99235 34.5
    endloop
  endfacet
  facet normal 0 0 -1
    outer loop
      vertex -36.9476 1.3338 34.5
      vertex -34.1562 1.11412 34.5
      vertex -34.2 0 34.5
    endloop
  endfacet
  facet normal 0 0 -1
    outer loop
      vertex -36.5303 -3.96857 34.5
      vertex -33.8077 -3.31492 34.5
      vertex -36.168 -5.25329 34.5
    endloop
  endfacet
  facet normal -0 0 -1
    outer loop
      vertex -33.8077 -3.31492 34.5
      vertex -36.5303 -3.96857 34.5
      vertex -34.0252 -2.22137 34.5
    endloop
  endfacet
  facet normal 0 0 -1
    outer loop
      vertex -32.6523 6.44666 34.5
      vertex -35.1471 7.71784 34.5
      vertex -34.4949 8.88247 34.5
    endloop
  endfacet
  facet normal 0 0 -1
    outer loop
      vertex -36.7907 -2.65939 34.5
      vertex -34.0252 -2.22137 34.5
      vertex -36.5303 -3.96857 34.5
    endloop
  endfacet
  facet normal 0 0 -1
    outer loop
      vertex -33.1191 5.4341 34.5
      vertex -35.706 6.50562 34.5
      vertex -35.1471 7.71784 34.5
    endloop
  endfacet
  facet normal -0 0 -1
    outer loop
      vertex -34.0252 -2.22137 34.5
      vertex -36.7907 -2.65939 34.5
      vertex -34.1562 -1.11412 34.5
    endloop
  endfacet
  facet normal 0 0 -1
    outer loop
      vertex -33.505 4.38804 34.5
      vertex -36.168 5.25329 34.5
      vertex -35.706 6.50562 34.5
    endloop
  endfacet
  facet normal 0 0 -1
    outer loop
      vertex -36.9476 -1.3338 34.5
      vertex -34.1562 -1.11412 34.5
      vertex -36.7907 -2.65939 34.5
    endloop
  endfacet
  facet normal 0 0 -1
    outer loop
      vertex -33.8077 3.31492 34.5
      vertex -36.5303 3.96857 34.5
      vertex -36.168 5.25329 34.5
    endloop
  endfacet
  facet normal -0 0 -1
    outer loop
      vertex -34.1562 -1.11412 34.5
      vertex -36.9476 -1.3338 34.5
      vertex -34.2 0 34.5
    endloop
  endfacet
  facet normal 0 0 -1
    outer loop
      vertex -34.0252 2.22137 34.5
      vertex -36.7907 2.65939 34.5
      vertex -36.5303 3.96857 34.5
    endloop
  endfacet
  facet normal 0 0 -1
    outer loop
      vertex -37 0 34.5
      vertex -34.2 0 34.5
      vertex -36.9476 -1.3338 34.5
    endloop
  endfacet
  facet normal 0 0 -1
    outer loop
      vertex -34.1562 1.11412 34.5
      vertex -36.9476 1.3338 34.5
      vertex -36.7907 2.65939 34.5
    endloop
  endfacet
  facet normal 0 0 -1
    outer loop
      vertex -34.2 0 34.5
      vertex -37 0 34.5
      vertex -36.9476 1.3338 34.5
    endloop
  endfacet
  facet normal -0.271425 0.96246 0
    outer loop
      vertex -14.7467 -16.168 0
      vertex -16.0314 -16.5303 34.5
      vertex -14.7467 -16.168 34.5
    endloop
  endfacet
  facet normal -0.271425 0.96246 0
    outer loop
      vertex -16.0314 -16.5303 34.5
      vertex -14.7467 -16.168 0
      vertex -16.0314 -16.5303 0
    endloop
  endfacet
  facet normal 0.999229 0.039256 0
    outer loop
      vertex -36.9476 -1.3338 34.5
      vertex -37 0 0
      vertex -37 0 34.5
    endloop
  endfacet
  facet normal 0.999229 0.039256 0
    outer loop
      vertex -37 0 0
      vertex -36.9476 -1.3338 34.5
      vertex -36.9476 -1.3338 0
    endloop
  endfacet
  facet normal -0.418702 -0.908124 0
    outer loop
      vertex -13.4944 15.706 0
      vertex -12.2822 15.1471 34.5
      vertex -13.4944 15.706 34.5
    endloop
  endfacet
  facet normal -0.418702 -0.908124 -0
    outer loop
      vertex -12.2822 15.1471 34.5
      vertex -13.4944 15.706 0
      vertex -12.2822 15.1471 0
    endloop
  endfacet
  facet normal 0.619088 -0.785322 0
    outer loop
      vertex -31.0406 12.9269 0
      vertex -29.9923 13.7533 34.5
      vertex -31.0406 12.9269 34.5
    endloop
  endfacet
  facet normal 0.619088 -0.785322 0
    outer loop
      vertex -29.9923 13.7533 34.5
      vertex -31.0406 12.9269 0
      vertex -29.9923 13.7533 0
    endloop
  endfacet
  facet normal 0.555599 -0.83145 0
    outer loop
      vertex -29.9923 13.7533 0
      vertex -28.8825 14.4949 34.5
      vertex -29.9923 13.7533 34.5
    endloop
  endfacet
  facet normal 0.555599 -0.83145 0
    outer loop
      vertex -28.8825 14.4949 34.5
      vertex -29.9923 13.7533 0
      vertex -28.8825 14.4949 0
    endloop
  endfacet
  facet normal -0.872494 0.488625 0
    outer loop
      vertex -5.50512 -8.88247 0
      vertex -4.85289 -7.71784 34.5
      vertex -4.85289 -7.71784 0
    endloop
  endfacet
  facet normal -0.872494 0.488625 0
    outer loop
      vertex -4.85289 -7.71784 34.5
      vertex -5.50512 -8.88247 0
      vertex -5.50512 -8.88247 34.5
    endloop
  endfacet
  facet normal -0.555599 0.83145 0
    outer loop
      vertex -10.0077 -13.7533 0
      vertex -11.1175 -14.4949 34.5
      vertex -10.0077 -13.7533 34.5
    endloop
  endfacet
  facet normal -0.555599 0.83145 0
    outer loop
      vertex -11.1175 -14.4949 34.5
      vertex -10.0077 -13.7533 0
      vertex -11.1175 -14.4949 0
    endloop
  endfacet
  facet normal -0.980786 -0.195089 0
    outer loop
      vertex -3.2093 2.65939 0
      vertex -3.46971 3.96857 34.5
      vertex -3.46971 3.96857 0
    endloop
  endfacet
  facet normal -0.980786 -0.195089 0
    outer loop
      vertex -3.46971 3.96857 34.5
      vertex -3.2093 2.65939 0
      vertex -3.2093 2.65939 34.5
    endloop
  endfacet
  facet normal 0.938194 0.346111 0
    outer loop
      vertex -35.706 -6.50562 34.5
      vertex -36.168 -5.25329 0
      vertex -36.168 -5.25329 34.5
    endloop
  endfacet
  facet normal 0.938194 0.346111 0
    outer loop
      vertex -36.168 -5.25329 0
      vertex -35.706 -6.50562 34.5
      vertex -35.706 -6.50562 0
    endloop
  endfacet
  facet normal -0.962455 0.271441 0
    outer loop
      vertex -3.83204 -5.25329 0
      vertex -3.46971 -3.96857 34.5
      vertex -3.46971 -3.96857 0
    endloop
  endfacet
  facet normal -0.962455 0.271441 0
    outer loop
      vertex -3.46971 -3.96857 34.5
      vertex -3.83204 -5.25329 0
      vertex -3.83204 -5.25329 34.5
    endloop
  endfacet
  facet normal 0.195079 0.980788 -0
    outer loop
      vertex -22.6594 -16.7907 0
      vertex -23.9686 -16.5303 34.5
      vertex -22.6594 -16.7907 34.5
    endloop
  endfacet
  facet normal 0.195079 0.980788 0
    outer loop
      vertex -23.9686 -16.5303 34.5
      vertex -22.6594 -16.7907 0
      vertex -23.9686 -16.5303 0
    endloop
  endfacet
  facet normal 0.346118 0.938191 -0
    outer loop
      vertex -25.2533 -16.168 0
      vertex -26.5056 -15.706 34.5
      vertex -25.2533 -16.168 34.5
    endloop
  endfacet
  facet normal 0.346118 0.938191 0
    outer loop
      vertex -26.5056 -15.706 34.5
      vertex -25.2533 -16.168 0
      vertex -26.5056 -15.706 0
    endloop
  endfacet
  facet normal 0.488585 -0.872516 0
    outer loop
      vertex -28.8825 14.4949 0
      vertex -27.7178 15.1471 34.5
      vertex -28.8825 14.4949 34.5
    endloop
  endfacet
  facet normal 0.488585 -0.872516 0
    outer loop
      vertex -27.7178 15.1471 34.5
      vertex -28.8825 14.4949 0
      vertex -27.7178 15.1471 0
    endloop
  endfacet
  facet normal -0.938191 -0.346118 0
    outer loop
      vertex -3.83204 5.25329 0
      vertex -4.29405 6.50562 34.5
      vertex -4.29405 6.50562 0
    endloop
  endfacet
  facet normal -0.938191 -0.346118 0
    outer loop
      vertex -4.29405 6.50562 34.5
      vertex -3.83204 5.25329 0
      vertex -3.83204 5.25329 34.5
    endloop
  endfacet
  facet normal -0.117541 -0.993068 0
    outer loop
      vertex -18.6662 16.9476 0
      vertex -17.3406 16.7907 34.5
      vertex -18.6662 16.9476 34.5
    endloop
  endfacet
  facet normal -0.117541 -0.993068 -0
    outer loop
      vertex -17.3406 16.7907 34.5
      vertex -18.6662 16.9476 0
      vertex -17.3406 16.7907 0
    endloop
  endfacet
  facet normal -0.962455 -0.271441 0
    outer loop
      vertex -3.46971 3.96857 0
      vertex -3.83204 5.25329 34.5
      vertex -3.83204 5.25329 0
    endloop
  endfacet
  facet normal -0.962455 -0.271441 0
    outer loop
      vertex -3.83204 5.25329 34.5
      vertex -3.46971 3.96857 0
      vertex -3.46971 3.96857 34.5
    endloop
  endfacet
  facet normal -0.999229 0.0392634 0
    outer loop
      vertex -3.05241 -1.3338 0
      vertex -3 0 34.5
      vertex -3 0 0
    endloop
  endfacet
  facet normal -0.999229 0.0392634 0
    outer loop
      vertex -3 0 34.5
      vertex -3.05241 -1.3338 0
      vertex -3.05241 -1.3338 34.5
    endloop
  endfacet
  facet normal 0.117541 -0.993068 0
    outer loop
      vertex -22.6594 16.7907 0
      vertex -21.3338 16.9476 34.5
      vertex -22.6594 16.7907 34.5
    endloop
  endfacet
  facet normal 0.117541 -0.993068 0
    outer loop
      vertex -21.3338 16.9476 34.5
      vertex -22.6594 16.7907 0
      vertex -21.3338 16.9476 0
    endloop
  endfacet
  facet normal -0.993069 0.117535 0
    outer loop
      vertex -3.2093 -2.65939 0
      vertex -3.05241 -1.3338 34.5
      vertex -3.05241 -1.3338 0
    endloop
  endfacet
  facet normal -0.993069 0.117535 0
    outer loop
      vertex -3.05241 -1.3338 34.5
      vertex -3.2093 -2.65939 0
      vertex -3.2093 -2.65939 34.5
    endloop
  endfacet
  facet normal 0.962461 0.271421 0
    outer loop
      vertex -36.168 -5.25329 34.5
      vertex -36.5303 -3.96857 0
      vertex -36.5303 -3.96857 34.5
    endloop
  endfacet
  facet normal 0.962461 0.271421 0
    outer loop
      vertex -36.5303 -3.96857 0
      vertex -36.168 -5.25329 34.5
      vertex -36.168 -5.25329 0
    endloop
  endfacet
  facet normal -0.039256 -0.999229 0
    outer loop
      vertex -20 17 0
      vertex -18.6662 16.9476 34.5
      vertex -20 17 34.5
    endloop
  endfacet
  facet normal -0.039256 -0.999229 -0
    outer loop
      vertex -18.6662 16.9476 34.5
      vertex -20 17 0
      vertex -18.6662 16.9476 0
    endloop
  endfacet
  facet normal -0.734322 0.678802 0
    outer loop
      vertex -7.97919 -12.0208 0
      vertex -7.0731 -11.0406 34.5
      vertex -7.0731 -11.0406 0
    endloop
  endfacet
  facet normal -0.734322 0.678802 0
    outer loop
      vertex -7.0731 -11.0406 34.5
      vertex -7.97919 -12.0208 0
      vertex -7.97919 -12.0208 34.5
    endloop
  endfacet
  facet normal 0.678806 -0.734318 0
    outer loop
      vertex -32.0208 12.0208 0
      vertex -31.0406 12.9269 34.5
      vertex -32.0208 12.0208 34.5
    endloop
  endfacet
  facet normal 0.678806 -0.734318 0
    outer loop
      vertex -31.0406 12.9269 34.5
      vertex -32.0208 12.0208 0
      vertex -31.0406 12.9269 0
    endloop
  endfacet
  facet normal 0.734318 0.678806 0
    outer loop
      vertex -32.0208 -12.0208 34.5
      vertex -32.9269 -11.0406 0
      vertex -32.9269 -11.0406 34.5
    endloop
  endfacet
  facet normal 0.734318 0.678806 0
    outer loop
      vertex -32.9269 -11.0406 0
      vertex -32.0208 -12.0208 34.5
      vertex -32.0208 -12.0208 0
    endloop
  endfacet
  facet normal -0.980786 0.195089 0
    outer loop
      vertex -3.46971 -3.96857 0
      vertex -3.2093 -2.65939 34.5
      vertex -3.2093 -2.65939 0
    endloop
  endfacet
  facet normal -0.980786 0.195089 0
    outer loop
      vertex -3.2093 -2.65939 34.5
      vertex -3.46971 -3.96857 0
      vertex -3.46971 -3.96857 34.5
    endloop
  endfacet
  facet normal 0.908126 0.418696 0
    outer loop
      vertex -35.1471 -7.71784 34.5
      vertex -35.706 -6.50562 0
      vertex -35.706 -6.50562 34.5
    endloop
  endfacet
  facet normal 0.908126 0.418696 0
    outer loop
      vertex -35.706 -6.50562 0
      vertex -35.1471 -7.71784 34.5
      vertex -35.1471 -7.71784 0
    endloop
  endfacet
  facet normal 0.980787 -0.195082 0
    outer loop
      vertex -36.7907 2.65939 34.5
      vertex -36.5303 3.96857 0
      vertex -36.5303 3.96857 34.5
    endloop
  endfacet
  facet normal 0.980787 -0.195082 0
    outer loop
      vertex -36.5303 3.96857 0
      vertex -36.7907 2.65939 34.5
      vertex -36.7907 2.65939 0
    endloop
  endfacet
  facet normal -0.908143 0.418659 0
    outer loop
      vertex -4.85289 -7.71784 0
      vertex -4.29405 -6.50562 34.5
      vertex -4.29405 -6.50562 0
    endloop
  endfacet
  facet normal -0.908143 0.418659 0
    outer loop
      vertex -4.29405 -6.50562 34.5
      vertex -4.85289 -7.71784 0
      vertex -4.85289 -7.71784 34.5
    endloop
  endfacet
  facet normal 0.831469 0.555571 0
    outer loop
      vertex -33.7533 -9.99235 34.5
      vertex -34.4949 -8.88247 0
      vertex -34.4949 -8.88247 34.5
    endloop
  endfacet
  facet normal 0.831469 0.555571 0
    outer loop
      vertex -34.4949 -8.88247 0
      vertex -33.7533 -9.99235 34.5
      vertex -33.7533 -9.99235 0
    endloop
  endfacet
  facet normal 0.872504 0.488607 0
    outer loop
      vertex -34.4949 -8.88247 34.5
      vertex -35.1471 -7.71784 0
      vertex -35.1471 -7.71784 34.5
    endloop
  endfacet
  facet normal 0.872504 0.488607 0
    outer loop
      vertex -35.1471 -7.71784 0
      vertex -34.4949 -8.88247 34.5
      vertex -34.4949 -8.88247 0
    endloop
  endfacet
  facet normal 0.039256 0.999229 -0
    outer loop
      vertex -20 -17 0
      vertex -21.3338 -16.9476 34.5
      vertex -20 -17 34.5
    endloop
  endfacet
  facet normal 0.039256 0.999229 0
    outer loop
      vertex -21.3338 -16.9476 34.5
      vertex -20 -17 0
      vertex -21.3338 -16.9476 0
    endloop
  endfacet
  facet normal 0.999229 -0.039256 0
    outer loop
      vertex -37 0 34.5
      vertex -36.9476 1.3338 0
      vertex -36.9476 1.3338 34.5
    endloop
  endfacet
  facet normal 0.999229 -0.039256 0
    outer loop
      vertex -36.9476 1.3338 0
      vertex -37 0 34.5
      vertex -37 0 0
    endloop
  endfacet
  facet normal 0.271425 -0.96246 0
    outer loop
      vertex -25.2533 16.168 0
      vertex -23.9686 16.5303 34.5
      vertex -25.2533 16.168 34.5
    endloop
  endfacet
  facet normal 0.271425 -0.96246 0
    outer loop
      vertex -23.9686 16.5303 34.5
      vertex -25.2533 16.168 0
      vertex -23.9686 16.5303 0
    endloop
  endfacet
  facet normal -0.908143 -0.418659 0
    outer loop
      vertex -4.29405 6.50562 0
      vertex -4.85289 7.71784 34.5
      vertex -4.85289 7.71784 0
    endloop
  endfacet
  facet normal -0.908143 -0.418659 0
    outer loop
      vertex -4.85289 7.71784 34.5
      vertex -4.29405 6.50562 0
      vertex -4.29405 6.50562 34.5
    endloop
  endfacet
  facet normal -0.938191 0.346118 0
    outer loop
      vertex -4.29405 -6.50562 0
      vertex -3.83204 -5.25329 34.5
      vertex -3.83204 -5.25329 0
    endloop
  endfacet
  facet normal -0.938191 0.346118 0
    outer loop
      vertex -3.83204 -5.25329 34.5
      vertex -4.29405 -6.50562 0
      vertex -4.29405 -6.50562 34.5
    endloop
  endfacet
  facet normal 0.271425 0.96246 -0
    outer loop
      vertex -23.9686 -16.5303 0
      vertex -25.2533 -16.168 34.5
      vertex -23.9686 -16.5303 34.5
    endloop
  endfacet
  facet normal 0.271425 0.96246 0
    outer loop
      vertex -25.2533 -16.168 34.5
      vertex -23.9686 -16.5303 0
      vertex -25.2533 -16.168 0
    endloop
  endfacet
  facet normal 0.619088 0.785322 -0
    outer loop
      vertex -29.9923 -13.7533 0
      vertex -31.0406 -12.9269 34.5
      vertex -29.9923 -13.7533 34.5
    endloop
  endfacet
  facet normal 0.619088 0.785322 0
    outer loop
      vertex -31.0406 -12.9269 34.5
      vertex -29.9923 -13.7533 0
      vertex -31.0406 -12.9269 0
    endloop
  endfacet
  facet normal -0.785311 -0.619101 0
    outer loop
      vertex -6.24671 9.99235 0
      vertex -7.0731 11.0406 34.5
      vertex -7.0731 11.0406 0
    endloop
  endfacet
  facet normal -0.785311 -0.619101 0
    outer loop
      vertex -7.0731 11.0406 34.5
      vertex -6.24671 9.99235 0
      vertex -6.24671 9.99235 34.5
    endloop
  endfacet
  facet normal -0.872494 -0.488625 0
    outer loop
      vertex -4.85289 7.71784 0
      vertex -5.50512 8.88247 34.5
      vertex -5.50512 8.88247 0
    endloop
  endfacet
  facet normal -0.872494 -0.488625 0
    outer loop
      vertex -5.50512 8.88247 34.5
      vertex -4.85289 7.71784 0
      vertex -4.85289 7.71784 34.5
    endloop
  endfacet
  facet normal -0.488585 -0.872516 0
    outer loop
      vertex -12.2822 15.1471 0
      vertex -11.1175 14.4949 34.5
      vertex -12.2822 15.1471 34.5
    endloop
  endfacet
  facet normal -0.488585 -0.872516 -0
    outer loop
      vertex -11.1175 14.4949 34.5
      vertex -12.2822 15.1471 0
      vertex -11.1175 14.4949 0
    endloop
  endfacet
  facet normal -0.555599 -0.83145 0
    outer loop
      vertex -11.1175 14.4949 0
      vertex -10.0077 13.7533 34.5
      vertex -11.1175 14.4949 34.5
    endloop
  endfacet
  facet normal -0.555599 -0.83145 -0
    outer loop
      vertex -10.0077 13.7533 34.5
      vertex -11.1175 14.4949 0
      vertex -10.0077 13.7533 0
    endloop
  endfacet
  facet normal 0.831469 -0.555571 0
    outer loop
      vertex -34.4949 8.88247 34.5
      vertex -33.7533 9.99235 0
      vertex -33.7533 9.99235 34.5
    endloop
  endfacet
  facet normal 0.831469 -0.555571 0
    outer loop
      vertex -33.7533 9.99235 0
      vertex -34.4949 8.88247 34.5
      vertex -34.4949 8.88247 0
    endloop
  endfacet
  facet normal 0.346118 -0.938191 0
    outer loop
      vertex -26.5056 15.706 0
      vertex -25.2533 16.168 34.5
      vertex -26.5056 15.706 34.5
    endloop
  endfacet
  facet normal 0.346118 -0.938191 0
    outer loop
      vertex -25.2533 16.168 34.5
      vertex -26.5056 15.706 0
      vertex -25.2533 16.168 0
    endloop
  endfacet
  facet normal 0.785307 -0.619106 0
    outer loop
      vertex -33.7533 9.99235 34.5
      vertex -32.9269 11.0406 0
      vertex -32.9269 11.0406 34.5
    endloop
  endfacet
  facet normal 0.785307 -0.619106 0
    outer loop
      vertex -32.9269 11.0406 0
      vertex -33.7533 9.99235 34.5
      vertex -33.7533 9.99235 0
    endloop
  endfacet
  facet normal 0.039256 -0.999229 0
    outer loop
      vertex -21.3338 16.9476 0
      vertex -20 17 34.5
      vertex -21.3338 16.9476 34.5
    endloop
  endfacet
  facet normal 0.039256 -0.999229 0
    outer loop
      vertex -20 17 34.5
      vertex -21.3338 16.9476 0
      vertex -20 17 0
    endloop
  endfacet
  facet normal 0.962461 -0.271421 0
    outer loop
      vertex -36.5303 3.96857 34.5
      vertex -36.168 5.25329 0
      vertex -36.168 5.25329 34.5
    endloop
  endfacet
  facet normal 0.962461 -0.271421 0
    outer loop
      vertex -36.168 5.25329 0
      vertex -36.5303 3.96857 34.5
      vertex -36.5303 3.96857 0
    endloop
  endfacet
  facet normal 0.678806 0.734318 -0
    outer loop
      vertex -31.0406 -12.9269 0
      vertex -32.0208 -12.0208 34.5
      vertex -31.0406 -12.9269 34.5
    endloop
  endfacet
  facet normal 0.678806 0.734318 0
    outer loop
      vertex -32.0208 -12.0208 34.5
      vertex -31.0406 -12.9269 0
      vertex -32.0208 -12.0208 0
    endloop
  endfacet
  facet normal -0.831472 -0.555566 0
    outer loop
      vertex -5.50512 8.88247 0
      vertex -6.24671 9.99235 34.5
      vertex -6.24671 9.99235 0
    endloop
  endfacet
  facet normal -0.831472 -0.555566 0
    outer loop
      vertex -6.24671 9.99235 34.5
      vertex -5.50512 8.88247 0
      vertex -5.50512 8.88247 34.5
    endloop
  endfacet
  facet normal 0.488585 0.872516 -0
    outer loop
      vertex -27.7178 -15.1471 0
      vertex -28.8825 -14.4949 34.5
      vertex -27.7178 -15.1471 34.5
    endloop
  endfacet
  facet normal 0.488585 0.872516 0
    outer loop
      vertex -28.8825 -14.4949 34.5
      vertex -27.7178 -15.1471 0
      vertex -28.8825 -14.4949 0
    endloop
  endfacet
  facet normal 0.418702 -0.908124 0
    outer loop
      vertex -27.7178 15.1471 0
      vertex -26.5056 15.706 34.5
      vertex -27.7178 15.1471 34.5
    endloop
  endfacet
  facet normal 0.418702 -0.908124 0
    outer loop
      vertex -26.5056 15.706 34.5
      vertex -27.7178 15.1471 0
      vertex -26.5056 15.706 0
    endloop
  endfacet
  facet normal -0.195079 0.980788 0
    outer loop
      vertex -16.0314 -16.5303 0
      vertex -17.3406 -16.7907 34.5
      vertex -16.0314 -16.5303 34.5
    endloop
  endfacet
  facet normal -0.195079 0.980788 0
    outer loop
      vertex -17.3406 -16.7907 34.5
      vertex -16.0314 -16.5303 0
      vertex -17.3406 -16.7907 0
    endloop
  endfacet
  facet normal -0.346118 -0.938191 0
    outer loop
      vertex -14.7467 16.168 0
      vertex -13.4944 15.706 34.5
      vertex -14.7467 16.168 34.5
    endloop
  endfacet
  facet normal -0.346118 -0.938191 -0
    outer loop
      vertex -13.4944 15.706 34.5
      vertex -14.7467 16.168 0
      vertex -13.4944 15.706 0
    endloop
  endfacet
  facet normal 0.993068 -0.117542 0
    outer loop
      vertex -36.9476 1.3338 34.5
      vertex -36.7907 2.65939 0
      vertex -36.7907 2.65939 34.5
    endloop
  endfacet
  facet normal 0.993068 -0.117542 0
    outer loop
      vertex -36.7907 2.65939 0
      vertex -36.9476 1.3338 34.5
      vertex -36.9476 1.3338 0
    endloop
  endfacet
  facet normal 0.734318 -0.678806 0
    outer loop
      vertex -32.9269 11.0406 34.5
      vertex -32.0208 12.0208 0
      vertex -32.0208 12.0208 34.5
    endloop
  endfacet
  facet normal 0.734318 -0.678806 0
    outer loop
      vertex -32.0208 12.0208 0
      vertex -32.9269 11.0406 34.5
      vertex -32.9269 11.0406 0
    endloop
  endfacet
  facet normal -0.831472 0.555566 0
    outer loop
      vertex -6.24671 -9.99235 0
      vertex -5.50512 -8.88247 34.5
      vertex -5.50512 -8.88247 0
    endloop
  endfacet
  facet normal -0.831472 0.555566 0
    outer loop
      vertex -5.50512 -8.88247 34.5
      vertex -6.24671 -9.99235 0
      vertex -6.24671 -9.99235 34.5
    endloop
  endfacet
  facet normal -0.67881 -0.734314 0
    outer loop
      vertex -8.95938 12.9269 0
      vertex -7.97919 12.0208 34.5
      vertex -8.95938 12.9269 34.5
    endloop
  endfacet
  facet normal -0.67881 -0.734314 -0
    outer loop
      vertex -7.97919 12.0208 34.5
      vertex -8.95938 12.9269 0
      vertex -7.97919 12.0208 0
    endloop
  endfacet
  facet normal -0.346118 0.938191 0
    outer loop
      vertex -13.4944 -15.706 0
      vertex -14.7467 -16.168 34.5
      vertex -13.4944 -15.706 34.5
    endloop
  endfacet
  facet normal -0.346118 0.938191 0
    outer loop
      vertex -14.7467 -16.168 34.5
      vertex -13.4944 -15.706 0
      vertex -14.7467 -16.168 0
    endloop
  endfacet
  facet normal 0.555599 0.83145 -0
    outer loop
      vertex -28.8825 -14.4949 0
      vertex -29.9923 -13.7533 34.5
      vertex -28.8825 -14.4949 34.5
    endloop
  endfacet
  facet normal 0.555599 0.83145 0
    outer loop
      vertex -29.9923 -13.7533 34.5
      vertex -28.8825 -14.4949 0
      vertex -29.9923 -13.7533 0
    endloop
  endfacet
  facet normal -0.734322 -0.678802 0
    outer loop
      vertex -7.0731 11.0406 0
      vertex -7.97919 12.0208 34.5
      vertex -7.97919 12.0208 0
    endloop
  endfacet
  facet normal -0.734322 -0.678802 0
    outer loop
      vertex -7.97919 12.0208 34.5
      vertex -7.0731 11.0406 0
      vertex -7.0731 11.0406 34.5
    endloop
  endfacet
  facet normal -0.418702 0.908124 0
    outer loop
      vertex -12.2822 -15.1471 0
      vertex -13.4944 -15.706 34.5
      vertex -12.2822 -15.1471 34.5
    endloop
  endfacet
  facet normal -0.418702 0.908124 0
    outer loop
      vertex -13.4944 -15.706 34.5
      vertex -12.2822 -15.1471 0
      vertex -13.4944 -15.706 0
    endloop
  endfacet
  facet normal 0.993068 0.117542 0
    outer loop
      vertex -36.7907 -2.65939 34.5
      vertex -36.9476 -1.3338 0
      vertex -36.9476 -1.3338 34.5
    endloop
  endfacet
  facet normal 0.993068 0.117542 0
    outer loop
      vertex -36.9476 -1.3338 0
      vertex -36.7907 -2.65939 34.5
      vertex -36.7907 -2.65939 0
    endloop
  endfacet
  facet normal 0.195079 -0.980788 0
    outer loop
      vertex -23.9686 16.5303 0
      vertex -22.6594 16.7907 34.5
      vertex -23.9686 16.5303 34.5
    endloop
  endfacet
  facet normal 0.195079 -0.980788 0
    outer loop
      vertex -22.6594 16.7907 34.5
      vertex -23.9686 16.5303 0
      vertex -22.6594 16.7907 0
    endloop
  endfacet
  facet normal -0.619081 0.785327 0
    outer loop
      vertex -8.95938 -12.9269 0
      vertex -10.0077 -13.7533 34.5
      vertex -8.95938 -12.9269 34.5
    endloop
  endfacet
  facet normal -0.619081 0.785327 0
    outer loop
      vertex -10.0077 -13.7533 34.5
      vertex -8.95938 -12.9269 0
      vertex -10.0077 -13.7533 0
    endloop
  endfacet
  facet normal 0.908126 -0.418696 0
    outer loop
      vertex -35.706 6.50562 34.5
      vertex -35.1471 7.71784 0
      vertex -35.1471 7.71784 34.5
    endloop
  endfacet
  facet normal 0.908126 -0.418696 0
    outer loop
      vertex -35.1471 7.71784 0
      vertex -35.706 6.50562 34.5
      vertex -35.706 6.50562 0
    endloop
  endfacet
  facet normal -0.67881 0.734314 0
    outer loop
      vertex -7.97919 -12.0208 0
      vertex -8.95938 -12.9269 34.5
      vertex -7.97919 -12.0208 34.5
    endloop
  endfacet
  facet normal -0.67881 0.734314 0
    outer loop
      vertex -8.95938 -12.9269 34.5
      vertex -7.97919 -12.0208 0
      vertex -8.95938 -12.9269 0
    endloop
  endfacet
  facet normal 0.938194 -0.346111 0
    outer loop
      vertex -36.168 5.25329 34.5
      vertex -35.706 6.50562 0
      vertex -35.706 6.50562 34.5
    endloop
  endfacet
  facet normal 0.938194 -0.346111 0
    outer loop
      vertex -35.706 6.50562 0
      vertex -36.168 5.25329 34.5
      vertex -36.168 5.25329 0
    endloop
  endfacet
  facet normal 0.785307 0.619106 0
    outer loop
      vertex -32.9269 -11.0406 34.5
      vertex -33.7533 -9.99235 0
      vertex -33.7533 -9.99235 34.5
    endloop
  endfacet
  facet normal 0.785307 0.619106 0
    outer loop
      vertex -33.7533 -9.99235 0
      vertex -32.9269 -11.0406 34.5
      vertex -32.9269 -11.0406 0
    endloop
  endfacet
  facet normal -0.785311 0.619101 0
    outer loop
      vertex -7.0731 -11.0406 0
      vertex -6.24671 -9.99235 34.5
      vertex -6.24671 -9.99235 0
    endloop
  endfacet
  facet normal -0.785311 0.619101 0
    outer loop
      vertex -6.24671 -9.99235 34.5
      vertex -7.0731 -11.0406 0
      vertex -7.0731 -11.0406 34.5
    endloop
  endfacet
  facet normal 0.117541 0.993068 -0
    outer loop
      vertex -21.3338 -16.9476 0
      vertex -22.6594 -16.7907 34.5
      vertex -21.3338 -16.9476 34.5
    endloop
  endfacet
  facet normal 0.117541 0.993068 0
    outer loop
      vertex -22.6594 -16.7907 34.5
      vertex -21.3338 -16.9476 0
      vertex -22.6594 -16.7907 0
    endloop
  endfacet
  facet normal -0.117541 0.993068 0
    outer loop
      vertex -17.3406 -16.7907 0
      vertex -18.6662 -16.9476 34.5
      vertex -17.3406 -16.7907 34.5
    endloop
  endfacet
  facet normal -0.117541 0.993068 0
    outer loop
      vertex -18.6662 -16.9476 34.5
      vertex -17.3406 -16.7907 0
      vertex -18.6662 -16.9476 0
    endloop
  endfacet
  facet normal -0.271425 -0.96246 0
    outer loop
      vertex -16.0314 16.5303 0
      vertex -14.7467 16.168 34.5
      vertex -16.0314 16.5303 34.5
    endloop
  endfacet
  facet normal -0.271425 -0.96246 -0
    outer loop
      vertex -14.7467 16.168 34.5
      vertex -16.0314 16.5303 0
      vertex -14.7467 16.168 0
    endloop
  endfacet
  facet normal 0.418702 0.908124 -0
    outer loop
      vertex -26.5056 -15.706 0
      vertex -27.7178 -15.1471 34.5
      vertex -26.5056 -15.706 34.5
    endloop
  endfacet
  facet normal 0.418702 0.908124 0
    outer loop
      vertex -27.7178 -15.1471 34.5
      vertex -26.5056 -15.706 0
      vertex -27.7178 -15.1471 0
    endloop
  endfacet
  facet normal 0.67885 -0.734277 0
    outer loop
      vertex -30.0409 10.0409 34.5
      vertex -29.2222 10.7978 54
      vertex -30.0409 10.0409 54
    endloop
  endfacet
  facet normal 0.67885 -0.734277 0
    outer loop
      vertex -29.2222 10.7978 54
      vertex -30.0409 10.0409 34.5
      vertex -29.2222 10.7978 34.5
    endloop
  endfacet
  facet normal -0.993065 -0.117569 0
    outer loop
      vertex -5.9723 2.2 34.5
      vertex -5.97483 2.22137 54
      vertex -5.97483 2.22137 34.5
    endloop
  endfacet
  facet normal -0.993065 -0.117569 0
    outer loop
      vertex -5.97483 2.22137 54
      vertex -5.9723 2.2 34.5
      vertex -5.9723 2.2 54
    endloop
  endfacet
  facet normal -0.980785 -0.19509 0
    outer loop
      vertex -5.97483 2.22137 34.5
      vertex -6.19235 3.31492 54
      vertex -6.19235 3.31492 34.5
    endloop
  endfacet
  facet normal -0.980785 -0.19509 0
    outer loop
      vertex -6.19235 3.31492 54
      vertex -5.97483 2.22137 34.5
      vertex -5.97483 2.22137 54
    endloop
  endfacet
  facet normal 0.831448 0.555602 0
    outer loop
      vertex -31.488 -8.34655 54
      vertex -32.1075 -7.41948 34.5
      vertex -32.1075 -7.41948 54
    endloop
  endfacet
  facet normal 0.831448 0.555602 0
    outer loop
      vertex -32.1075 -7.41948 34.5
      vertex -31.488 -8.34655 54
      vertex -31.488 -8.34655 34.5
    endloop
  endfacet
  facet normal 0.908142 -0.418662 0
    outer loop
      vertex -33.1191 5.4341 54
      vertex -32.6523 6.44666 34.5
      vertex -32.6523 6.44666 54
    endloop
  endfacet
  facet normal 0.908142 -0.418662 0
    outer loop
      vertex -32.6523 6.44666 34.5
      vertex -33.1191 5.4341 54
      vertex -33.1191 5.4341 34.5
    endloop
  endfacet
  facet normal -0.418649 0.908148 0
    outer loop
      vertex -13.5533 -12.6523 34.5
      vertex -14.5659 -13.1191 54
      vertex -13.5533 -12.6523 54
    endloop
  endfacet
  facet normal -0.418649 0.908148 0
    outer loop
      vertex -14.5659 -13.1191 54
      vertex -13.5533 -12.6523 34.5
      vertex -14.5659 -13.1191 34.5
    endloop
  endfacet
  facet normal 0.271486 0.962442 -0
    outer loop
      vertex -23.3149 -13.8077 34.5
      vertex -24.388 -13.505 54
      vertex -23.3149 -13.8077 54
    endloop
  endfacet
  facet normal 0.271486 0.962442 0
    outer loop
      vertex -24.388 -13.505 54
      vertex -23.3149 -13.8077 34.5
      vertex -24.388 -13.505 34.5
    endloop
  endfacet
  facet normal 0.993074 0.117492 0
    outer loop
      vertex -34.0252 -2.22137 54
      vertex -34.1562 -1.11412 34.5
      vertex -34.1562 -1.11412 54
    endloop
  endfacet
  facet normal 0.993074 0.117492 0
    outer loop
      vertex -34.1562 -1.11412 34.5
      vertex -34.0252 -2.22137 54
      vertex -34.0252 -2.22137 34.5
    endloop
  endfacet
  facet normal 0.619013 0.785381 -0
    outer loop
      vertex -28.3465 -11.488 34.5
      vertex -29.2222 -10.7978 54
      vertex -28.3465 -11.488 54
    endloop
  endfacet
  facet normal 0.619013 0.785381 0
    outer loop
      vertex -29.2222 -10.7978 54
      vertex -28.3465 -11.488 34.5
      vertex -29.2222 -10.7978 34.5
    endloop
  endfacet
  facet normal 0.418649 -0.908148 0
    outer loop
      vertex -26.4467 12.6523 34.5
      vertex -25.4341 13.1191 54
      vertex -26.4467 12.6523 54
    endloop
  endfacet
  facet normal 0.418649 -0.908148 0
    outer loop
      vertex -25.4341 13.1191 54
      vertex -26.4467 12.6523 34.5
      vertex -25.4341 13.1191 34.5
    endloop
  endfacet
  facet normal 0.938195 -0.346108 0
    outer loop
      vertex -33.505 4.38804 54
      vertex -33.1191 5.4341 34.5
      vertex -33.1191 5.4341 54
    endloop
  endfacet
  facet normal 0.938195 -0.346108 0
    outer loop
      vertex -33.1191 5.4341 34.5
      vertex -33.505 4.38804 54
      vertex -33.505 4.38804 34.5
    endloop
  endfacet
  facet normal -0.0392839 0.999228 0
    outer loop
      vertex -18.8859 -14.1562 34.5
      vertex -20 -14.2 54
      vertex -18.8859 -14.1562 54
    endloop
  endfacet
  facet normal -0.0392839 0.999228 0
    outer loop
      vertex -20 -14.2 54
      vertex -18.8859 -14.1562 34.5
      vertex -20 -14.2 34.5
    endloop
  endfacet
  facet normal -0.195081 0.980787 0
    outer loop
      vertex -16.6851 -13.8077 34.5
      vertex -17.7786 -14.0252 54
      vertex -16.6851 -13.8077 54
    endloop
  endfacet
  facet normal -0.195081 0.980787 0
    outer loop
      vertex -17.7786 -14.0252 54
      vertex -16.6851 -13.8077 34.5
      vertex -17.7786 -14.0252 34.5
    endloop
  endfacet
  facet normal 0.831448 -0.555602 0
    outer loop
      vertex -32.1075 7.41948 54
      vertex -31.488 8.34655 34.5
      vertex -31.488 8.34655 54
    endloop
  endfacet
  facet normal 0.831448 -0.555602 0
    outer loop
      vertex -31.488 8.34655 34.5
      vertex -32.1075 7.41948 54
      vertex -32.1075 7.41948 34.5
    endloop
  endfacet
  facet normal 0.346096 -0.938199 0
    outer loop
      vertex -25.4341 13.1191 34.5
      vertex -24.388 13.505 54
      vertex -25.4341 13.1191 54
    endloop
  endfacet
  facet normal 0.346096 -0.938199 0
    outer loop
      vertex -24.388 13.505 54
      vertex -25.4341 13.1191 34.5
      vertex -24.388 13.505 34.5
    endloop
  endfacet
  facet normal -0.785315 0.619097 0
    outer loop
      vertex -9.20224 -9.22216 34.5
      vertex -8.51196 -8.34655 54
      vertex -8.51196 -8.34655 34.5
    endloop
  endfacet
  facet normal -0.785315 0.619097 0
    outer loop
      vertex -8.51196 -8.34655 54
      vertex -9.20224 -9.22216 34.5
      vertex -9.20224 -9.22216 54
    endloop
  endfacet
  facet normal -0.962456 0.27144 0
    outer loop
      vertex -6.495 -4.38804 34.5
      vertex -6.19235 -3.31492 54
      vertex -6.19235 -3.31492 34.5
    endloop
  endfacet
  facet normal -0.962456 0.27144 0
    outer loop
      vertex -6.19235 -3.31492 54
      vertex -6.495 -4.38804 34.5
      vertex -6.495 -4.38804 54
    endloop
  endfacet
  facet normal 0.78535 0.619052 0
    outer loop
      vertex -30.7978 -9.22216 54
      vertex -31.488 -8.34655 34.5
      vertex -31.488 -8.34655 54
    endloop
  endfacet
  facet normal 0.78535 0.619052 0
    outer loop
      vertex -31.488 -8.34655 34.5
      vertex -30.7978 -9.22216 54
      vertex -30.7978 -9.22216 34.5
    endloop
  endfacet
  facet normal -0.195081 -0.980787 0
    outer loop
      vertex -17.7786 14.0252 34.5
      vertex -16.6851 13.8077 54
      vertex -17.7786 14.0252 54
    endloop
  endfacet
  facet normal -0.195081 -0.980787 -0
    outer loop
      vertex -16.6851 13.8077 54
      vertex -17.7786 14.0252 34.5
      vertex -16.6851 13.8077 34.5
    endloop
  endfacet
  facet normal 0.938195 0.346108 0
    outer loop
      vertex -33.1191 -5.4341 54
      vertex -33.505 -4.38804 34.5
      vertex -33.505 -4.38804 54
    endloop
  endfacet
  facet normal 0.938195 0.346108 0
    outer loop
      vertex -33.505 -4.38804 34.5
      vertex -33.1191 -5.4341 54
      vertex -33.1191 -5.4341 34.5
    endloop
  endfacet
  facet normal 0.0392839 -0.999228 0
    outer loop
      vertex -21.1141 14.1562 34.5
      vertex -20 14.2 54
      vertex -21.1141 14.1562 54
    endloop
  endfacet
  facet normal 0.0392839 -0.999228 0
    outer loop
      vertex -20 14.2 54
      vertex -21.1141 14.1562 34.5
      vertex -20 14.2 34.5
    endloop
  endfacet
  facet normal 0.78535 -0.619052 0
    outer loop
      vertex -31.488 8.34655 54
      vertex -30.7978 9.22216 34.5
      vertex -30.7978 9.22216 54
    endloop
  endfacet
  facet normal 0.78535 -0.619052 0
    outer loop
      vertex -30.7978 9.22216 34.5
      vertex -31.488 8.34655 54
      vertex -31.488 8.34655 34.5
    endloop
  endfacet
  facet normal 0.67885 0.734277 -0
    outer loop
      vertex -29.2222 -10.7978 34.5
      vertex -30.0409 -10.0409 54
      vertex -29.2222 -10.7978 54
    endloop
  endfacet
  facet normal 0.67885 0.734277 0
    outer loop
      vertex -30.0409 -10.0409 54
      vertex -29.2222 -10.7978 34.5
      vertex -30.0409 -10.0409 34.5
    endloop
  endfacet
  facet normal -0.619013 -0.785381 0
    outer loop
      vertex -11.6535 11.488 34.5
      vertex -10.7778 10.7978 54
      vertex -11.6535 11.488 54
    endloop
  endfacet
  facet normal -0.619013 -0.785381 -0
    outer loop
      vertex -10.7778 10.7978 54
      vertex -11.6535 11.488 34.5
      vertex -10.7778 10.7978 34.5
    endloop
  endfacet
  facet normal -0.555631 -0.831429 0
    outer loop
      vertex -12.5805 12.1075 34.5
      vertex -11.6535 11.488 54
      vertex -12.5805 12.1075 54
    endloop
  endfacet
  facet normal -0.555631 -0.831429 -0
    outer loop
      vertex -11.6535 11.488 54
      vertex -12.5805 12.1075 34.5
      vertex -11.6535 11.488 34.5
    endloop
  endfacet
  facet normal -0.488625 0.872494 0
    outer loop
      vertex -12.5805 -12.1075 34.5
      vertex -13.5533 -12.6523 54
      vertex -12.5805 -12.1075 54
    endloop
  endfacet
  facet normal -0.488625 0.872494 0
    outer loop
      vertex -13.5533 -12.6523 54
      vertex -12.5805 -12.1075 34.5
      vertex -13.5533 -12.6523 34.5
    endloop
  endfacet
  facet normal 0.980789 -0.195073 0
    outer loop
      vertex -34.0252 2.22137 54
      vertex -33.8077 3.31492 34.5
      vertex -33.8077 3.31492 54
    endloop
  endfacet
  facet normal 0.980789 -0.195073 0
    outer loop
      vertex -33.8077 3.31492 34.5
      vertex -34.0252 2.22137 54
      vertex -34.0252 2.22137 34.5
    endloop
  endfacet
  facet normal -0.785315 -0.619097 0
    outer loop
      vertex -8.51196 8.34655 34.5
      vertex -9.20224 9.22216 54
      vertex -9.20224 9.22216 34.5
    endloop
  endfacet
  facet normal -0.785315 -0.619097 0
    outer loop
      vertex -9.20224 9.22216 54
      vertex -8.51196 8.34655 34.5
      vertex -8.51196 8.34655 54
    endloop
  endfacet
  facet normal -0.938192 -0.346116 0
    outer loop
      vertex -6.495 4.38804 34.5
      vertex -6.88091 5.4341 54
      vertex -6.88091 5.4341 34.5
    endloop
  endfacet
  facet normal -0.938192 -0.346116 0
    outer loop
      vertex -6.88091 5.4341 54
      vertex -6.495 4.38804 34.5
      vertex -6.495 4.38804 54
    endloop
  endfacet
  facet normal -0.117486 0.993074 0
    outer loop
      vertex -17.7786 -14.0252 34.5
      vertex -18.8859 -14.1562 54
      vertex -17.7786 -14.0252 54
    endloop
  endfacet
  facet normal -0.117486 0.993074 0
    outer loop
      vertex -18.8859 -14.1562 54
      vertex -17.7786 -14.0252 34.5
      vertex -18.8859 -14.1562 34.5
    endloop
  endfacet
  facet normal -0.346096 -0.938199 0
    outer loop
      vertex -15.612 13.505 34.5
      vertex -14.5659 13.1191 54
      vertex -15.612 13.505 54
    endloop
  endfacet
  facet normal -0.346096 -0.938199 -0
    outer loop
      vertex -14.5659 13.1191 54
      vertex -15.612 13.505 34.5
      vertex -14.5659 13.1191 34.5
    endloop
  endfacet
  facet normal 0.962444 -0.271481 0
    outer loop
      vertex -33.8077 3.31492 54
      vertex -33.505 4.38804 34.5
      vertex -33.505 4.38804 54
    endloop
  endfacet
  facet normal 0.962444 -0.271481 0
    outer loop
      vertex -33.505 4.38804 34.5
      vertex -33.8077 3.31492 54
      vertex -33.8077 3.31492 34.5
    endloop
  endfacet
  facet normal 0.619013 -0.785381 0
    outer loop
      vertex -29.2222 10.7978 34.5
      vertex -28.3465 11.488 54
      vertex -29.2222 10.7978 54
    endloop
  endfacet
  facet normal 0.619013 -0.785381 0
    outer loop
      vertex -28.3465 11.488 54
      vertex -29.2222 10.7978 34.5
      vertex -28.3465 11.488 34.5
    endloop
  endfacet
  facet normal 0.488625 0.872494 -0
    outer loop
      vertex -26.4467 -12.6523 34.5
      vertex -27.4195 -12.1075 54
      vertex -26.4467 -12.6523 54
    endloop
  endfacet
  facet normal 0.488625 0.872494 0
    outer loop
      vertex -27.4195 -12.1075 54
      vertex -26.4467 -12.6523 34.5
      vertex -27.4195 -12.1075 34.5
    endloop
  endfacet
  facet normal -0.678841 -0.734285 0
    outer loop
      vertex -10.7778 10.7978 34.5
      vertex -9.95908 10.0409 54
      vertex -10.7778 10.7978 54
    endloop
  endfacet
  facet normal -0.678841 -0.734285 -0
    outer loop
      vertex -9.95908 10.0409 54
      vertex -10.7778 10.7978 34.5
      vertex -9.95908 10.0409 34.5
    endloop
  endfacet
  facet normal 0.999228 -0.0392832 0
    outer loop
      vertex -34.2 0 54
      vertex -34.1562 1.11412 34.5
      vertex -34.1562 1.11412 54
    endloop
  endfacet
  facet normal 0.999228 -0.0392832 0
    outer loop
      vertex -34.1562 1.11412 34.5
      vertex -34.2 0 54
      vertex -34.2 0 34.5
    endloop
  endfacet
  facet normal -0.980785 0.19509 0
    outer loop
      vertex -6.19235 -3.31492 34.5
      vertex -5.97483 -2.22137 54
      vertex -5.97483 -2.22137 34.5
    endloop
  endfacet
  facet normal -0.980785 0.19509 0
    outer loop
      vertex -5.97483 -2.22137 54
      vertex -6.19235 -3.31492 34.5
      vertex -6.19235 -3.31492 54
    endloop
  endfacet
  facet normal -0.271486 0.962442 0
    outer loop
      vertex -15.612 -13.505 34.5
      vertex -16.6851 -13.8077 54
      vertex -15.612 -13.505 54
    endloop
  endfacet
  facet normal -0.271486 0.962442 0
    outer loop
      vertex -16.6851 -13.8077 54
      vertex -15.612 -13.505 34.5
      vertex -16.6851 -13.8077 34.5
    endloop
  endfacet
  facet normal -0.962456 -0.27144 0
    outer loop
      vertex -6.19235 3.31492 34.5
      vertex -6.495 4.38804 54
      vertex -6.495 4.38804 34.5
    endloop
  endfacet
  facet normal -0.962456 -0.27144 0
    outer loop
      vertex -6.495 4.38804 54
      vertex -6.19235 3.31492 34.5
      vertex -6.19235 3.31492 54
    endloop
  endfacet
  facet normal -0.488625 -0.872494 0
    outer loop
      vertex -13.5533 12.6523 34.5
      vertex -12.5805 12.1075 54
      vertex -13.5533 12.6523 54
    endloop
  endfacet
  facet normal -0.488625 -0.872494 -0
    outer loop
      vertex -12.5805 12.1075 54
      vertex -13.5533 12.6523 34.5
      vertex -12.5805 12.1075 34.5
    endloop
  endfacet
  facet normal -0.117486 -0.993074 0
    outer loop
      vertex -18.8859 14.1562 34.5
      vertex -17.7786 14.0252 54
      vertex -18.8859 14.1562 54
    endloop
  endfacet
  facet normal -0.117486 -0.993074 -0
    outer loop
      vertex -17.7786 14.0252 54
      vertex -18.8859 14.1562 34.5
      vertex -17.7786 14.0252 34.5
    endloop
  endfacet
  facet normal -0.0392839 -0.999228 0
    outer loop
      vertex -20 14.2 34.5
      vertex -18.8859 14.1562 54
      vertex -20 14.2 54
    endloop
  endfacet
  facet normal -0.0392839 -0.999228 -0
    outer loop
      vertex -18.8859 14.1562 54
      vertex -20 14.2 34.5
      vertex -18.8859 14.1562 34.5
    endloop
  endfacet
  facet normal -0.73432 -0.678803 0
    outer loop
      vertex -9.20224 9.22216 34.5
      vertex -9.95908 10.0409 54
      vertex -9.95908 10.0409 34.5
    endloop
  endfacet
  facet normal -0.73432 -0.678803 0
    outer loop
      vertex -9.95908 10.0409 54
      vertex -9.20224 9.22216 34.5
      vertex -9.20224 9.22216 54
    endloop
  endfacet
  facet normal -0.993065 0.117569 0
    outer loop
      vertex -5.97483 -2.22137 34.5
      vertex -5.9723 -2.2 54
      vertex -5.9723 -2.2 34.5
    endloop
  endfacet
  facet normal -0.993065 0.117569 0
    outer loop
      vertex -5.9723 -2.2 54
      vertex -5.97483 -2.22137 34.5
      vertex -5.97483 -2.22137 54
    endloop
  endfacet
  facet normal -0.418649 -0.908148 0
    outer loop
      vertex -14.5659 13.1191 34.5
      vertex -13.5533 12.6523 54
      vertex -14.5659 13.1191 54
    endloop
  endfacet
  facet normal -0.418649 -0.908148 -0
    outer loop
      vertex -13.5533 12.6523 54
      vertex -14.5659 13.1191 34.5
      vertex -13.5533 12.6523 34.5
    endloop
  endfacet
  facet normal -0.831469 -0.555571 0
    outer loop
      vertex -7.89251 7.41948 34.5
      vertex -8.51196 8.34655 54
      vertex -8.51196 8.34655 34.5
    endloop
  endfacet
  facet normal -0.831469 -0.555571 0
    outer loop
      vertex -8.51196 8.34655 54
      vertex -7.89251 7.41948 34.5
      vertex -7.89251 7.41948 54
    endloop
  endfacet
  facet normal -0.908142 -0.418662 0
    outer loop
      vertex -6.88091 5.4341 34.5
      vertex -7.34771 6.44666 54
      vertex -7.34771 6.44666 34.5
    endloop
  endfacet
  facet normal -0.908142 -0.418662 0
    outer loop
      vertex -7.34771 6.44666 54
      vertex -6.88091 5.4341 34.5
      vertex -6.88091 5.4341 54
    endloop
  endfacet
  facet normal 0.117486 0.993074 -0
    outer loop
      vertex -21.1141 -14.1562 34.5
      vertex -22.2214 -14.0252 54
      vertex -21.1141 -14.1562 54
    endloop
  endfacet
  facet normal 0.117486 0.993074 0
    outer loop
      vertex -22.2214 -14.0252 54
      vertex -21.1141 -14.1562 34.5
      vertex -22.2214 -14.0252 34.5
    endloop
  endfacet
  facet normal -0.872498 -0.488618 0
    outer loop
      vertex -7.34771 6.44666 34.5
      vertex -7.89251 7.41948 54
      vertex -7.89251 7.41948 34.5
    endloop
  endfacet
  facet normal -0.872498 -0.488618 0
    outer loop
      vertex -7.89251 7.41948 54
      vertex -7.34771 6.44666 34.5
      vertex -7.34771 6.44666 54
    endloop
  endfacet
  facet normal 0.908142 0.418662 0
    outer loop
      vertex -32.6523 -6.44666 54
      vertex -33.1191 -5.4341 34.5
      vertex -33.1191 -5.4341 54
    endloop
  endfacet
  facet normal 0.908142 0.418662 0
    outer loop
      vertex -33.1191 -5.4341 34.5
      vertex -32.6523 -6.44666 54
      vertex -32.6523 -6.44666 34.5
    endloop
  endfacet
  facet normal 0.117486 -0.993074 0
    outer loop
      vertex -22.2214 14.0252 34.5
      vertex -21.1141 14.1562 54
      vertex -22.2214 14.0252 54
    endloop
  endfacet
  facet normal 0.117486 -0.993074 0
    outer loop
      vertex -21.1141 14.1562 54
      vertex -22.2214 14.0252 34.5
      vertex -21.1141 14.1562 34.5
    endloop
  endfacet
  facet normal 0.195081 -0.980787 0
    outer loop
      vertex -23.3149 13.8077 34.5
      vertex -22.2214 14.0252 54
      vertex -23.3149 13.8077 54
    endloop
  endfacet
  facet normal 0.195081 -0.980787 0
    outer loop
      vertex -22.2214 14.0252 54
      vertex -23.3149 13.8077 34.5
      vertex -22.2214 14.0252 34.5
    endloop
  endfacet
  facet normal 0.980789 0.195073 0
    outer loop
      vertex -33.8077 -3.31492 54
      vertex -34.0252 -2.22137 34.5
      vertex -34.0252 -2.22137 54
    endloop
  endfacet
  facet normal 0.980789 0.195073 0
    outer loop
      vertex -34.0252 -2.22137 34.5
      vertex -33.8077 -3.31492 54
      vertex -33.8077 -3.31492 34.5
    endloop
  endfacet
  facet normal 0.734294 0.678832 0
    outer loop
      vertex -30.0409 -10.0409 54
      vertex -30.7978 -9.22216 34.5
      vertex -30.7978 -9.22216 54
    endloop
  endfacet
  facet normal 0.734294 0.678832 0
    outer loop
      vertex -30.7978 -9.22216 34.5
      vertex -30.0409 -10.0409 54
      vertex -30.0409 -10.0409 34.5
    endloop
  endfacet
  facet normal 0.872498 0.488618 0
    outer loop
      vertex -32.1075 -7.41948 54
      vertex -32.6523 -6.44666 34.5
      vertex -32.6523 -6.44666 54
    endloop
  endfacet
  facet normal 0.872498 0.488618 0
    outer loop
      vertex -32.6523 -6.44666 34.5
      vertex -32.1075 -7.41948 54
      vertex -32.1075 -7.41948 34.5
    endloop
  endfacet
  facet normal 0.555631 0.831429 -0
    outer loop
      vertex -27.4195 -12.1075 34.5
      vertex -28.3465 -11.488 54
      vertex -27.4195 -12.1075 54
    endloop
  endfacet
  facet normal 0.555631 0.831429 0
    outer loop
      vertex -28.3465 -11.488 54
      vertex -27.4195 -12.1075 34.5
      vertex -28.3465 -11.488 34.5
    endloop
  endfacet
  facet normal -0.619013 0.785381 0
    outer loop
      vertex -10.7778 -10.7978 34.5
      vertex -11.6535 -11.488 54
      vertex -10.7778 -10.7978 54
    endloop
  endfacet
  facet normal -0.619013 0.785381 0
    outer loop
      vertex -11.6535 -11.488 54
      vertex -10.7778 -10.7978 34.5
      vertex -11.6535 -11.488 34.5
    endloop
  endfacet
  facet normal 0.271486 -0.962442 0
    outer loop
      vertex -24.388 13.505 34.5
      vertex -23.3149 13.8077 54
      vertex -24.388 13.505 54
    endloop
  endfacet
  facet normal 0.271486 -0.962442 0
    outer loop
      vertex -23.3149 13.8077 54
      vertex -24.388 13.505 34.5
      vertex -23.3149 13.8077 34.5
    endloop
  endfacet
  facet normal -0.555631 0.831429 0
    outer loop
      vertex -11.6535 -11.488 34.5
      vertex -12.5805 -12.1075 54
      vertex -11.6535 -11.488 54
    endloop
  endfacet
  facet normal -0.555631 0.831429 0
    outer loop
      vertex -12.5805 -12.1075 54
      vertex -11.6535 -11.488 34.5
      vertex -12.5805 -12.1075 34.5
    endloop
  endfacet
  facet normal -0.678841 0.734285 0
    outer loop
      vertex -9.95908 -10.0409 34.5
      vertex -10.7778 -10.7978 54
      vertex -9.95908 -10.0409 54
    endloop
  endfacet
  facet normal -0.678841 0.734285 0
    outer loop
      vertex -10.7778 -10.7978 54
      vertex -9.95908 -10.0409 34.5
      vertex -10.7778 -10.7978 34.5
    endloop
  endfacet
  facet normal 0.872498 -0.488618 0
    outer loop
      vertex -32.6523 6.44666 54
      vertex -32.1075 7.41948 34.5
      vertex -32.1075 7.41948 54
    endloop
  endfacet
  facet normal 0.872498 -0.488618 0
    outer loop
      vertex -32.1075 7.41948 34.5
      vertex -32.6523 6.44666 54
      vertex -32.6523 6.44666 34.5
    endloop
  endfacet
  facet normal -0.831469 0.555571 0
    outer loop
      vertex -8.51196 -8.34655 34.5
      vertex -7.89251 -7.41948 54
      vertex -7.89251 -7.41948 34.5
    endloop
  endfacet
  facet normal -0.831469 0.555571 0
    outer loop
      vertex -7.89251 -7.41948 54
      vertex -8.51196 -8.34655 34.5
      vertex -8.51196 -8.34655 54
    endloop
  endfacet
  facet normal 0.999228 0.0392832 0
    outer loop
      vertex -34.1562 -1.11412 54
      vertex -34.2 0 34.5
      vertex -34.2 0 54
    endloop
  endfacet
  facet normal 0.999228 0.0392832 0
    outer loop
      vertex -34.2 0 34.5
      vertex -34.1562 -1.11412 54
      vertex -34.1562 -1.11412 34.5
    endloop
  endfacet
  facet normal -0.938192 0.346116 0
    outer loop
      vertex -6.88091 -5.4341 34.5
      vertex -6.495 -4.38804 54
      vertex -6.495 -4.38804 34.5
    endloop
  endfacet
  facet normal -0.938192 0.346116 0
    outer loop
      vertex -6.495 -4.38804 54
      vertex -6.88091 -5.4341 34.5
      vertex -6.88091 -5.4341 54
    endloop
  endfacet
  facet normal 0.418649 0.908148 -0
    outer loop
      vertex -25.4341 -13.1191 34.5
      vertex -26.4467 -12.6523 54
      vertex -25.4341 -13.1191 54
    endloop
  endfacet
  facet normal 0.418649 0.908148 0
    outer loop
      vertex -26.4467 -12.6523 54
      vertex -25.4341 -13.1191 34.5
      vertex -26.4467 -12.6523 34.5
    endloop
  endfacet
  facet normal -0.908142 0.418662 0
    outer loop
      vertex -7.34771 -6.44666 34.5
      vertex -6.88091 -5.4341 54
      vertex -6.88091 -5.4341 34.5
    endloop
  endfacet
  facet normal -0.908142 0.418662 0
    outer loop
      vertex -6.88091 -5.4341 54
      vertex -7.34771 -6.44666 34.5
      vertex -7.34771 -6.44666 54
    endloop
  endfacet
  facet normal 0.0392839 0.999228 -0
    outer loop
      vertex -20 -14.2 34.5
      vertex -21.1141 -14.1562 54
      vertex -20 -14.2 54
    endloop
  endfacet
  facet normal 0.0392839 0.999228 0
    outer loop
      vertex -21.1141 -14.1562 54
      vertex -20 -14.2 34.5
      vertex -21.1141 -14.1562 34.5
    endloop
  endfacet
  facet normal -0.872498 0.488618 0
    outer loop
      vertex -7.89251 -7.41948 34.5
      vertex -7.34771 -6.44666 54
      vertex -7.34771 -6.44666 34.5
    endloop
  endfacet
  facet normal -0.872498 0.488618 0
    outer loop
      vertex -7.34771 -6.44666 54
      vertex -7.89251 -7.41948 34.5
      vertex -7.89251 -7.41948 54
    endloop
  endfacet
  facet normal 0.962444 0.271481 0
    outer loop
      vertex -33.505 -4.38804 54
      vertex -33.8077 -3.31492 34.5
      vertex -33.8077 -3.31492 54
    endloop
  endfacet
  facet normal 0.962444 0.271481 0
    outer loop
      vertex -33.8077 -3.31492 34.5
      vertex -33.505 -4.38804 54
      vertex -33.505 -4.38804 34.5
    endloop
  endfacet
  facet normal 0.195081 0.980787 -0
    outer loop
      vertex -22.2214 -14.0252 34.5
      vertex -23.3149 -13.8077 54
      vertex -22.2214 -14.0252 54
    endloop
  endfacet
  facet normal 0.195081 0.980787 0
    outer loop
      vertex -23.3149 -13.8077 54
      vertex -22.2214 -14.0252 34.5
      vertex -23.3149 -13.8077 34.5
    endloop
  endfacet
  facet normal 0.993074 -0.117492 0
    outer loop
      vertex -34.1562 1.11412 54
      vertex -34.0252 2.22137 34.5
      vertex -34.0252 2.22137 54
    endloop
  endfacet
  facet normal 0.993074 -0.117492 0
    outer loop
      vertex -34.0252 2.22137 34.5
      vertex -34.1562 1.11412 54
      vertex -34.1562 1.11412 34.5
    endloop
  endfacet
  facet normal -0.73432 0.678803 0
    outer loop
      vertex -9.95908 -10.0409 34.5
      vertex -9.20224 -9.22216 54
      vertex -9.20224 -9.22216 34.5
    endloop
  endfacet
  facet normal -0.73432 0.678803 0
    outer loop
      vertex -9.20224 -9.22216 54
      vertex -9.95908 -10.0409 34.5
      vertex -9.95908 -10.0409 54
    endloop
  endfacet
  facet normal -0.346096 0.938199 0
    outer loop
      vertex -14.5659 -13.1191 34.5
      vertex -15.612 -13.505 54
      vertex -14.5659 -13.1191 54
    endloop
  endfacet
  facet normal -0.346096 0.938199 0
    outer loop
      vertex -15.612 -13.505 54
      vertex -14.5659 -13.1191 34.5
      vertex -15.612 -13.505 34.5
    endloop
  endfacet
  facet normal 0.555631 -0.831429 0
    outer loop
      vertex -28.3465 11.488 34.5
      vertex -27.4195 12.1075 54
      vertex -28.3465 11.488 54
    endloop
  endfacet
  facet normal 0.555631 -0.831429 0
    outer loop
      vertex -27.4195 12.1075 54
      vertex -28.3465 11.488 34.5
      vertex -27.4195 12.1075 34.5
    endloop
  endfacet
  facet normal 0.346096 0.938199 -0
    outer loop
      vertex -24.388 -13.505 34.5
      vertex -25.4341 -13.1191 54
      vertex -24.388 -13.505 54
    endloop
  endfacet
  facet normal 0.346096 0.938199 0
    outer loop
      vertex -25.4341 -13.1191 54
      vertex -24.388 -13.505 34.5
      vertex -25.4341 -13.1191 34.5
    endloop
  endfacet
  facet normal 0.488625 -0.872494 0
    outer loop
      vertex -27.4195 12.1075 34.5
      vertex -26.4467 12.6523 54
      vertex -27.4195 12.1075 54
    endloop
  endfacet
  facet normal 0.488625 -0.872494 0
    outer loop
      vertex -26.4467 12.6523 54
      vertex -27.4195 12.1075 34.5
      vertex -26.4467 12.6523 34.5
    endloop
  endfacet
  facet normal -0.271486 -0.962442 0
    outer loop
      vertex -16.6851 13.8077 34.5
      vertex -15.612 13.505 54
      vertex -16.6851 13.8077 54
    endloop
  endfacet
  facet normal -0.271486 -0.962442 -0
    outer loop
      vertex -15.612 13.505 54
      vertex -16.6851 13.8077 34.5
      vertex -15.612 13.505 34.5
    endloop
  endfacet
  facet normal 0.734294 -0.678832 0
    outer loop
      vertex -30.7978 9.22216 54
      vertex -30.0409 10.0409 34.5
      vertex -30.0409 10.0409 54
    endloop
  endfacet
  facet normal 0.734294 -0.678832 0
    outer loop
      vertex -30.0409 10.0409 34.5
      vertex -30.7978 9.22216 54
      vertex -30.7978 9.22216 34.5
    endloop
  endfacet
  facet normal -1 0 0
    outer loop
      vertex -3.8 -2.2 34.5
      vertex -3.8 2.2 54
      vertex -3.8 2.2 34.5
    endloop
  endfacet
  facet normal -1 -0 0
    outer loop
      vertex -3.8 2.2 54
      vertex -3.8 -2.2 34.5
      vertex -3.8 -2.2 54
    endloop
  endfacet
  facet normal 0 -1 0
    outer loop
      vertex -5.9723 2.2 34.5
      vertex -3.8 2.2 54
      vertex -5.9723 2.2 54
    endloop
  endfacet
  facet normal 0 -1 -0
    outer loop
      vertex -3.8 2.2 54
      vertex -5.9723 2.2 34.5
      vertex -3.8 2.2 34.5
    endloop
  endfacet
  facet normal 0 1 -0
    outer loop
      vertex -3.8 -2.2 34.5
      vertex -5.9723 -2.2 54
      vertex -3.8 -2.2 54
    endloop
  endfacet
  facet normal 0 1 0
    outer loop
      vertex -5.9723 -2.2 54
      vertex -3.8 -2.2 34.5
      vertex -5.9723 -2.2 34.5
    endloop
  endfacet
  facet normal -0.999229 0.039256 0
    outer loop
      vertex 36.9476 -1.3338 0
      vertex 37 0 34.5
      vertex 37 0 0
    endloop
  endfacet
  facet normal -0.999229 0.039256 0
    outer loop
      vertex 37 0 34.5
      vertex 36.9476 -1.3338 0
      vertex 36.9476 -1.3338 34.5
    endloop
  endfacet
  facet normal 0.418702 -0.908124 0
    outer loop
      vertex 12.2822 15.1471 0
      vertex 13.4944 15.706 34.5
      vertex 12.2822 15.1471 34.5
    endloop
  endfacet
  facet normal 0.418702 -0.908124 0
    outer loop
      vertex 13.4944 15.706 34.5
      vertex 12.2822 15.1471 0
      vertex 13.4944 15.706 0
    endloop
  endfacet
  facet normal 0.999229 0.0392634 0
    outer loop
      vertex 3.05241 -1.3338 34.5
      vertex 3 0 0
      vertex 3 0 34.5
    endloop
  endfacet
  facet normal 0.999229 0.0392634 0
    outer loop
      vertex 3 0 0
      vertex 3.05241 -1.3338 34.5
      vertex 3.05241 -1.3338 0
    endloop
  endfacet
  facet normal -0.346118 0.938191 0
    outer loop
      vertex 26.5056 -15.706 0
      vertex 25.2533 -16.168 34.5
      vertex 26.5056 -15.706 34.5
    endloop
  endfacet
  facet normal -0.346118 0.938191 0
    outer loop
      vertex 25.2533 -16.168 34.5
      vertex 26.5056 -15.706 0
      vertex 25.2533 -16.168 0
    endloop
  endfacet
  facet normal 0.271425 -0.96246 0
    outer loop
      vertex 14.7467 16.168 0
      vertex 16.0314 16.5303 34.5
      vertex 14.7467 16.168 34.5
    endloop
  endfacet
  facet normal 0.271425 -0.96246 0
    outer loop
      vertex 16.0314 16.5303 34.5
      vertex 14.7467 16.168 0
      vertex 16.0314 16.5303 0
    endloop
  endfacet
  facet normal 0.993069 0.117535 0
    outer loop
      vertex 3.2093 -2.65939 34.5
      vertex 3.05241 -1.3338 0
      vertex 3.05241 -1.3338 34.5
    endloop
  endfacet
  facet normal 0.993069 0.117535 0
    outer loop
      vertex 3.05241 -1.3338 0
      vertex 3.2093 -2.65939 34.5
      vertex 3.2093 -2.65939 0
    endloop
  endfacet
  facet normal 0.619081 -0.785327 0
    outer loop
      vertex 8.95938 12.9269 0
      vertex 10.0077 13.7533 34.5
      vertex 8.95938 12.9269 34.5
    endloop
  endfacet
  facet normal 0.619081 -0.785327 0
    outer loop
      vertex 10.0077 13.7533 34.5
      vertex 8.95938 12.9269 0
      vertex 10.0077 13.7533 0
    endloop
  endfacet
  facet normal -0.418702 0.908124 0
    outer loop
      vertex 27.7178 -15.1471 0
      vertex 26.5056 -15.706 34.5
      vertex 27.7178 -15.1471 34.5
    endloop
  endfacet
  facet normal -0.418702 0.908124 0
    outer loop
      vertex 26.5056 -15.706 34.5
      vertex 27.7178 -15.1471 0
      vertex 26.5056 -15.706 0
    endloop
  endfacet
  facet normal -0.962461 0.271421 0
    outer loop
      vertex 36.168 -5.25329 0
      vertex 36.5303 -3.96857 34.5
      vertex 36.5303 -3.96857 0
    endloop
  endfacet
  facet normal -0.962461 0.271421 0
    outer loop
      vertex 36.5303 -3.96857 34.5
      vertex 36.168 -5.25329 0
      vertex 36.168 -5.25329 34.5
    endloop
  endfacet
  facet normal -0.962461 -0.271421 0
    outer loop
      vertex 36.5303 3.96857 0
      vertex 36.168 5.25329 34.5
      vertex 36.168 5.25329 0
    endloop
  endfacet
  facet normal -0.962461 -0.271421 0
    outer loop
      vertex 36.168 5.25329 34.5
      vertex 36.5303 3.96857 0
      vertex 36.5303 3.96857 34.5
    endloop
  endfacet
  facet normal -0.999229 -0.039256 0
    outer loop
      vertex 37 0 0
      vertex 36.9476 1.3338 34.5
      vertex 36.9476 1.3338 0
    endloop
  endfacet
  facet normal -0.999229 -0.039256 0
    outer loop
      vertex 36.9476 1.3338 34.5
      vertex 37 0 0
      vertex 37 0 34.5
    endloop
  endfacet
  facet normal 0.488585 0.872516 -0
    outer loop
      vertex 12.2822 -15.1471 0
      vertex 11.1175 -14.4949 34.5
      vertex 12.2822 -15.1471 34.5
    endloop
  endfacet
  facet normal 0.488585 0.872516 0
    outer loop
      vertex 11.1175 -14.4949 34.5
      vertex 12.2822 -15.1471 0
      vertex 11.1175 -14.4949 0
    endloop
  endfacet
  facet normal -0.039256 -0.999229 0
    outer loop
      vertex 20 17 0
      vertex 21.3338 16.9476 34.5
      vertex 20 17 34.5
    endloop
  endfacet
  facet normal -0.039256 -0.999229 -0
    outer loop
      vertex 21.3338 16.9476 34.5
      vertex 20 17 0
      vertex 21.3338 16.9476 0
    endloop
  endfacet
  facet normal -0.993068 -0.117542 0
    outer loop
      vertex 36.9476 1.3338 0
      vertex 36.7907 2.65939 34.5
      vertex 36.7907 2.65939 0
    endloop
  endfacet
  facet normal -0.993068 -0.117542 0
    outer loop
      vertex 36.7907 2.65939 34.5
      vertex 36.9476 1.3338 0
      vertex 36.9476 1.3338 34.5
    endloop
  endfacet
  facet normal 0.872494 -0.488625 0
    outer loop
      vertex 4.85289 7.71784 34.5
      vertex 5.50512 8.88247 0
      vertex 5.50512 8.88247 34.5
    endloop
  endfacet
  facet normal 0.872494 -0.488625 0
    outer loop
      vertex 5.50512 8.88247 0
      vertex 4.85289 7.71784 34.5
      vertex 4.85289 7.71784 0
    endloop
  endfacet
  facet normal 0.555599 -0.83145 0
    outer loop
      vertex 10.0077 13.7533 0
      vertex 11.1175 14.4949 34.5
      vertex 10.0077 13.7533 34.5
    endloop
  endfacet
  facet normal 0.555599 -0.83145 0
    outer loop
      vertex 11.1175 14.4949 34.5
      vertex 10.0077 13.7533 0
      vertex 11.1175 14.4949 0
    endloop
  endfacet
  facet normal -0.619088 0.785322 0
    outer loop
      vertex 31.0406 -12.9269 0
      vertex 29.9923 -13.7533 34.5
      vertex 31.0406 -12.9269 34.5
    endloop
  endfacet
  facet normal -0.619088 0.785322 0
    outer loop
      vertex 29.9923 -13.7533 34.5
      vertex 31.0406 -12.9269 0
      vertex 29.9923 -13.7533 0
    endloop
  endfacet
  facet normal -0.488585 -0.872516 0
    outer loop
      vertex 27.7178 15.1471 0
      vertex 28.8825 14.4949 34.5
      vertex 27.7178 15.1471 34.5
    endloop
  endfacet
  facet normal -0.488585 -0.872516 -0
    outer loop
      vertex 28.8825 14.4949 34.5
      vertex 27.7178 15.1471 0
      vertex 28.8825 14.4949 0
    endloop
  endfacet
  facet normal 0.346118 -0.938191 0
    outer loop
      vertex 13.4944 15.706 0
      vertex 14.7467 16.168 34.5
      vertex 13.4944 15.706 34.5
    endloop
  endfacet
  facet normal 0.346118 -0.938191 0
    outer loop
      vertex 14.7467 16.168 34.5
      vertex 13.4944 15.706 0
      vertex 14.7467 16.168 0
    endloop
  endfacet
  facet normal -0.488585 0.872516 0
    outer loop
      vertex 28.8825 -14.4949 0
      vertex 27.7178 -15.1471 34.5
      vertex 28.8825 -14.4949 34.5
    endloop
  endfacet
  facet normal -0.488585 0.872516 0
    outer loop
      vertex 27.7178 -15.1471 34.5
      vertex 28.8825 -14.4949 0
      vertex 27.7178 -15.1471 0
    endloop
  endfacet
  facet normal -0.271425 -0.96246 0
    outer loop
      vertex 23.9686 16.5303 0
      vertex 25.2533 16.168 34.5
      vertex 23.9686 16.5303 34.5
    endloop
  endfacet
  facet normal -0.271425 -0.96246 -0
    outer loop
      vertex 25.2533 16.168 34.5
      vertex 23.9686 16.5303 0
      vertex 25.2533 16.168 0
    endloop
  endfacet
  facet normal -0.678806 -0.734318 0
    outer loop
      vertex 31.0406 12.9269 0
      vertex 32.0208 12.0208 34.5
      vertex 31.0406 12.9269 34.5
    endloop
  endfacet
  facet normal -0.678806 -0.734318 -0
    outer loop
      vertex 32.0208 12.0208 34.5
      vertex 31.0406 12.9269 0
      vertex 32.0208 12.0208 0
    endloop
  endfacet
  facet normal -0.039256 0.999229 0
    outer loop
      vertex 21.3338 -16.9476 0
      vertex 20 -17 34.5
      vertex 21.3338 -16.9476 34.5
    endloop
  endfacet
  facet normal -0.039256 0.999229 0
    outer loop
      vertex 20 -17 34.5
      vertex 21.3338 -16.9476 0
      vertex 20 -17 0
    endloop
  endfacet
  facet normal -0.785307 0.619106 0
    outer loop
      vertex 32.9269 -11.0406 0
      vertex 33.7533 -9.99235 34.5
      vertex 33.7533 -9.99235 0
    endloop
  endfacet
  facet normal -0.785307 0.619106 0
    outer loop
      vertex 33.7533 -9.99235 34.5
      vertex 32.9269 -11.0406 0
      vertex 32.9269 -11.0406 34.5
    endloop
  endfacet
  facet normal 0.117541 0.993068 -0
    outer loop
      vertex 18.6662 -16.9476 0
      vertex 17.3406 -16.7907 34.5
      vertex 18.6662 -16.9476 34.5
    endloop
  endfacet
  facet normal 0.117541 0.993068 0
    outer loop
      vertex 17.3406 -16.7907 34.5
      vertex 18.6662 -16.9476 0
      vertex 17.3406 -16.7907 0
    endloop
  endfacet
  facet normal -0.872504 0.488607 0
    outer loop
      vertex 34.4949 -8.88247 0
      vertex 35.1471 -7.71784 34.5
      vertex 35.1471 -7.71784 0
    endloop
  endfacet
  facet normal -0.872504 0.488607 0
    outer loop
      vertex 35.1471 -7.71784 34.5
      vertex 34.4949 -8.88247 0
      vertex 34.4949 -8.88247 34.5
    endloop
  endfacet
  facet normal 0.67881 -0.734314 0
    outer loop
      vertex 7.97919 12.0208 0
      vertex 8.95938 12.9269 34.5
      vertex 7.97919 12.0208 34.5
    endloop
  endfacet
  facet normal 0.67881 -0.734314 0
    outer loop
      vertex 8.95938 12.9269 34.5
      vertex 7.97919 12.0208 0
      vertex 8.95938 12.9269 0
    endloop
  endfacet
  facet normal -0.938194 0.346111 0
    outer loop
      vertex 35.706 -6.50562 0
      vertex 36.168 -5.25329 34.5
      vertex 36.168 -5.25329 0
    endloop
  endfacet
  facet normal -0.938194 0.346111 0
    outer loop
      vertex 36.168 -5.25329 34.5
      vertex 35.706 -6.50562 0
      vertex 35.706 -6.50562 34.5
    endloop
  endfacet
  facet normal -0.831469 0.555571 0
    outer loop
      vertex 33.7533 -9.99235 0
      vertex 34.4949 -8.88247 34.5
      vertex 34.4949 -8.88247 0
    endloop
  endfacet
  facet normal -0.831469 0.555571 0
    outer loop
      vertex 34.4949 -8.88247 34.5
      vertex 33.7533 -9.99235 0
      vertex 33.7533 -9.99235 34.5
    endloop
  endfacet
  facet normal -0.980787 -0.195082 0
    outer loop
      vertex 36.7907 2.65939 0
      vertex 36.5303 3.96857 34.5
      vertex 36.5303 3.96857 0
    endloop
  endfacet
  facet normal -0.980787 -0.195082 0
    outer loop
      vertex 36.5303 3.96857 34.5
      vertex 36.7907 2.65939 0
      vertex 36.7907 2.65939 34.5
    endloop
  endfacet
  facet normal -0.271425 0.96246 0
    outer loop
      vertex 25.2533 -16.168 0
      vertex 23.9686 -16.5303 34.5
      vertex 25.2533 -16.168 34.5
    endloop
  endfacet
  facet normal -0.271425 0.96246 0
    outer loop
      vertex 23.9686 -16.5303 34.5
      vertex 25.2533 -16.168 0
      vertex 23.9686 -16.5303 0
    endloop
  endfacet
  facet normal 0.346118 0.938191 -0
    outer loop
      vertex 14.7467 -16.168 0
      vertex 13.4944 -15.706 34.5
      vertex 14.7467 -16.168 34.5
    endloop
  endfacet
  facet normal 0.346118 0.938191 0
    outer loop
      vertex 13.4944 -15.706 34.5
      vertex 14.7467 -16.168 0
      vertex 13.4944 -15.706 0
    endloop
  endfacet
  facet normal -0.785307 -0.619106 0
    outer loop
      vertex 33.7533 9.99235 0
      vertex 32.9269 11.0406 34.5
      vertex 32.9269 11.0406 0
    endloop
  endfacet
  facet normal -0.785307 -0.619106 0
    outer loop
      vertex 32.9269 11.0406 34.5
      vertex 33.7533 9.99235 0
      vertex 33.7533 9.99235 34.5
    endloop
  endfacet
  facet normal -0.734318 0.678806 0
    outer loop
      vertex 32.0208 -12.0208 0
      vertex 32.9269 -11.0406 34.5
      vertex 32.9269 -11.0406 0
    endloop
  endfacet
  facet normal -0.734318 0.678806 0
    outer loop
      vertex 32.9269 -11.0406 34.5
      vertex 32.0208 -12.0208 0
      vertex 32.0208 -12.0208 34.5
    endloop
  endfacet
  facet normal -0.980787 0.195082 0
    outer loop
      vertex 36.5303 -3.96857 0
      vertex 36.7907 -2.65939 34.5
      vertex 36.7907 -2.65939 0
    endloop
  endfacet
  facet normal -0.980787 0.195082 0
    outer loop
      vertex 36.7907 -2.65939 34.5
      vertex 36.5303 -3.96857 0
      vertex 36.5303 -3.96857 34.5
    endloop
  endfacet
  facet normal -0.831469 -0.555571 0
    outer loop
      vertex 34.4949 8.88247 0
      vertex 33.7533 9.99235 34.5
      vertex 33.7533 9.99235 0
    endloop
  endfacet
  facet normal -0.831469 -0.555571 0
    outer loop
      vertex 33.7533 9.99235 34.5
      vertex 34.4949 8.88247 0
      vertex 34.4949 8.88247 34.5
    endloop
  endfacet
  facet normal -0.117541 -0.993068 0
    outer loop
      vertex 21.3338 16.9476 0
      vertex 22.6594 16.7907 34.5
      vertex 21.3338 16.9476 34.5
    endloop
  endfacet
  facet normal -0.117541 -0.993068 -0
    outer loop
      vertex 22.6594 16.7907 34.5
      vertex 21.3338 16.9476 0
      vertex 22.6594 16.7907 0
    endloop
  endfacet
  facet normal 0.619081 0.785327 -0
    outer loop
      vertex 10.0077 -13.7533 0
      vertex 8.95938 -12.9269 34.5
      vertex 10.0077 -13.7533 34.5
    endloop
  endfacet
  facet normal 0.619081 0.785327 0
    outer loop
      vertex 8.95938 -12.9269 34.5
      vertex 10.0077 -13.7533 0
      vertex 8.95938 -12.9269 0
    endloop
  endfacet
  facet normal 0.908143 -0.418659 0
    outer loop
      vertex 4.29405 6.50562 34.5
      vertex 4.85289 7.71784 0
      vertex 4.85289 7.71784 34.5
    endloop
  endfacet
  facet normal 0.908143 -0.418659 0
    outer loop
      vertex 4.85289 7.71784 0
      vertex 4.29405 6.50562 34.5
      vertex 4.29405 6.50562 0
    endloop
  endfacet
  facet normal -0.993068 0.117542 0
    outer loop
      vertex 36.7907 -2.65939 0
      vertex 36.9476 -1.3338 34.5
      vertex 36.9476 -1.3338 0
    endloop
  endfacet
  facet normal -0.993068 0.117542 0
    outer loop
      vertex 36.9476 -1.3338 34.5
      vertex 36.7907 -2.65939 0
      vertex 36.7907 -2.65939 34.5
    endloop
  endfacet
  facet normal 0.831472 -0.555566 0
    outer loop
      vertex 5.50512 8.88247 34.5
      vertex 6.24671 9.99235 0
      vertex 6.24671 9.99235 34.5
    endloop
  endfacet
  facet normal 0.831472 -0.555566 0
    outer loop
      vertex 6.24671 9.99235 0
      vertex 5.50512 8.88247 34.5
      vertex 5.50512 8.88247 0
    endloop
  endfacet
  facet normal 0.938191 0.346118 0
    outer loop
      vertex 4.29405 -6.50562 34.5
      vertex 3.83204 -5.25329 0
      vertex 3.83204 -5.25329 34.5
    endloop
  endfacet
  facet normal 0.938191 0.346118 0
    outer loop
      vertex 3.83204 -5.25329 0
      vertex 4.29405 -6.50562 34.5
      vertex 4.29405 -6.50562 0
    endloop
  endfacet
  facet normal 0.117541 -0.993068 0
    outer loop
      vertex 17.3406 16.7907 0
      vertex 18.6662 16.9476 34.5
      vertex 17.3406 16.7907 34.5
    endloop
  endfacet
  facet normal 0.117541 -0.993068 0
    outer loop
      vertex 18.6662 16.9476 34.5
      vertex 17.3406 16.7907 0
      vertex 18.6662 16.9476 0
    endloop
  endfacet
  facet normal 0.418702 0.908124 -0
    outer loop
      vertex 13.4944 -15.706 0
      vertex 12.2822 -15.1471 34.5
      vertex 13.4944 -15.706 34.5
    endloop
  endfacet
  facet normal 0.418702 0.908124 0
    outer loop
      vertex 12.2822 -15.1471 34.5
      vertex 13.4944 -15.706 0
      vertex 12.2822 -15.1471 0
    endloop
  endfacet
  facet normal 0.908143 0.418659 0
    outer loop
      vertex 4.85289 -7.71784 34.5
      vertex 4.29405 -6.50562 0
      vertex 4.29405 -6.50562 34.5
    endloop
  endfacet
  facet normal 0.908143 0.418659 0
    outer loop
      vertex 4.29405 -6.50562 0
      vertex 4.85289 -7.71784 34.5
      vertex 4.85289 -7.71784 0
    endloop
  endfacet
  facet normal -0.908126 -0.418696 0
    outer loop
      vertex 35.706 6.50562 0
      vertex 35.1471 7.71784 34.5
      vertex 35.1471 7.71784 0
    endloop
  endfacet
  facet normal -0.908126 -0.418696 0
    outer loop
      vertex 35.1471 7.71784 34.5
      vertex 35.706 6.50562 0
      vertex 35.706 6.50562 34.5
    endloop
  endfacet
  facet normal 0.980786 -0.195089 0
    outer loop
      vertex 3.2093 2.65939 34.5
      vertex 3.46971 3.96857 0
      vertex 3.46971 3.96857 34.5
    endloop
  endfacet
  facet normal 0.980786 -0.195089 0
    outer loop
      vertex 3.46971 3.96857 0
      vertex 3.2093 2.65939 34.5
      vertex 3.2093 2.65939 0
    endloop
  endfacet
  facet normal -0.418702 -0.908124 0
    outer loop
      vertex 26.5056 15.706 0
      vertex 27.7178 15.1471 34.5
      vertex 26.5056 15.706 34.5
    endloop
  endfacet
  facet normal -0.418702 -0.908124 -0
    outer loop
      vertex 27.7178 15.1471 34.5
      vertex 26.5056 15.706 0
      vertex 27.7178 15.1471 0
    endloop
  endfacet
  facet normal -0.555599 -0.83145 0
    outer loop
      vertex 28.8825 14.4949 0
      vertex 29.9923 13.7533 34.5
      vertex 28.8825 14.4949 34.5
    endloop
  endfacet
  facet normal -0.555599 -0.83145 -0
    outer loop
      vertex 29.9923 13.7533 34.5
      vertex 28.8825 14.4949 0
      vertex 29.9923 13.7533 0
    endloop
  endfacet
  facet normal 0.271425 0.96246 -0
    outer loop
      vertex 16.0314 -16.5303 0
      vertex 14.7467 -16.168 34.5
      vertex 16.0314 -16.5303 34.5
    endloop
  endfacet
  facet normal 0.271425 0.96246 0
    outer loop
      vertex 14.7467 -16.168 34.5
      vertex 16.0314 -16.5303 0
      vertex 14.7467 -16.168 0
    endloop
  endfacet
  facet normal -0.117541 0.993068 0
    outer loop
      vertex 22.6594 -16.7907 0
      vertex 21.3338 -16.9476 34.5
      vertex 22.6594 -16.7907 34.5
    endloop
  endfacet
  facet normal -0.117541 0.993068 0
    outer loop
      vertex 21.3338 -16.9476 34.5
      vertex 22.6594 -16.7907 0
      vertex 21.3338 -16.9476 0
    endloop
  endfacet
  facet normal 0.488585 -0.872516 0
    outer loop
      vertex 11.1175 14.4949 0
      vertex 12.2822 15.1471 34.5
      vertex 11.1175 14.4949 34.5
    endloop
  endfacet
  facet normal 0.488585 -0.872516 0
    outer loop
      vertex 12.2822 15.1471 34.5
      vertex 11.1175 14.4949 0
      vertex 12.2822 15.1471 0
    endloop
  endfacet
  facet normal -0.938194 -0.346111 0
    outer loop
      vertex 36.168 5.25329 0
      vertex 35.706 6.50562 34.5
      vertex 35.706 6.50562 0
    endloop
  endfacet
  facet normal -0.938194 -0.346111 0
    outer loop
      vertex 35.706 6.50562 34.5
      vertex 36.168 5.25329 0
      vertex 36.168 5.25329 34.5
    endloop
  endfacet
  facet normal -0.872504 -0.488607 0
    outer loop
      vertex 35.1471 7.71784 0
      vertex 34.4949 8.88247 34.5
      vertex 34.4949 8.88247 0
    endloop
  endfacet
  facet normal -0.872504 -0.488607 0
    outer loop
      vertex 34.4949 8.88247 34.5
      vertex 35.1471 7.71784 0
      vertex 35.1471 7.71784 34.5
    endloop
  endfacet
  facet normal 0.962455 -0.271441 0
    outer loop
      vertex 3.46971 3.96857 34.5
      vertex 3.83204 5.25329 0
      vertex 3.83204 5.25329 34.5
    endloop
  endfacet
  facet normal 0.962455 -0.271441 0
    outer loop
      vertex 3.83204 5.25329 0
      vertex 3.46971 3.96857 34.5
      vertex 3.46971 3.96857 0
    endloop
  endfacet
  facet normal 0.734322 -0.678802 0
    outer loop
      vertex 7.0731 11.0406 34.5
      vertex 7.97919 12.0208 0
      vertex 7.97919 12.0208 34.5
    endloop
  endfacet
  facet normal 0.734322 -0.678802 0
    outer loop
      vertex 7.97919 12.0208 0
      vertex 7.0731 11.0406 34.5
      vertex 7.0731 11.0406 0
    endloop
  endfacet
  facet normal 0.555599 0.83145 -0
    outer loop
      vertex 11.1175 -14.4949 0
      vertex 10.0077 -13.7533 34.5
      vertex 11.1175 -14.4949 34.5
    endloop
  endfacet
  facet normal 0.555599 0.83145 0
    outer loop
      vertex 10.0077 -13.7533 34.5
      vertex 11.1175 -14.4949 0
      vertex 10.0077 -13.7533 0
    endloop
  endfacet
  facet normal -0.734318 -0.678806 0
    outer loop
      vertex 32.9269 11.0406 0
      vertex 32.0208 12.0208 34.5
      vertex 32.0208 12.0208 0
    endloop
  endfacet
  facet normal -0.734318 -0.678806 0
    outer loop
      vertex 32.0208 12.0208 34.5
      vertex 32.9269 11.0406 0
      vertex 32.9269 11.0406 34.5
    endloop
  endfacet
  facet normal 0.872494 0.488625 0
    outer loop
      vertex 5.50512 -8.88247 34.5
      vertex 4.85289 -7.71784 0
      vertex 4.85289 -7.71784 34.5
    endloop
  endfacet
  facet normal 0.872494 0.488625 0
    outer loop
      vertex 4.85289 -7.71784 0
      vertex 5.50512 -8.88247 34.5
      vertex 5.50512 -8.88247 0
    endloop
  endfacet
  facet normal 0.039256 -0.999229 0
    outer loop
      vertex 18.6662 16.9476 0
      vertex 20 17 34.5
      vertex 18.6662 16.9476 34.5
    endloop
  endfacet
  facet normal 0.039256 -0.999229 0
    outer loop
      vertex 20 17 34.5
      vertex 18.6662 16.9476 0
      vertex 20 17 0
    endloop
  endfacet
  facet normal 0.831472 0.555566 0
    outer loop
      vertex 6.24671 -9.99235 34.5
      vertex 5.50512 -8.88247 0
      vertex 5.50512 -8.88247 34.5
    endloop
  endfacet
  facet normal 0.831472 0.555566 0
    outer loop
      vertex 5.50512 -8.88247 0
      vertex 6.24671 -9.99235 34.5
      vertex 6.24671 -9.99235 0
    endloop
  endfacet
  facet normal 0.980786 0.195089 0
    outer loop
      vertex 3.46971 -3.96857 34.5
      vertex 3.2093 -2.65939 0
      vertex 3.2093 -2.65939 34.5
    endloop
  endfacet
  facet normal 0.980786 0.195089 0
    outer loop
      vertex 3.2093 -2.65939 0
      vertex 3.46971 -3.96857 34.5
      vertex 3.46971 -3.96857 0
    endloop
  endfacet
  facet normal 0.039256 0.999229 -0
    outer loop
      vertex 20 -17 0
      vertex 18.6662 -16.9476 34.5
      vertex 20 -17 34.5
    endloop
  endfacet
  facet normal 0.039256 0.999229 0
    outer loop
      vertex 18.6662 -16.9476 34.5
      vertex 20 -17 0
      vertex 18.6662 -16.9476 0
    endloop
  endfacet
  facet normal -0.346118 -0.938191 0
    outer loop
      vertex 25.2533 16.168 0
      vertex 26.5056 15.706 34.5
      vertex 25.2533 16.168 34.5
    endloop
  endfacet
  facet normal -0.346118 -0.938191 -0
    outer loop
      vertex 26.5056 15.706 34.5
      vertex 25.2533 16.168 0
      vertex 26.5056 15.706 0
    endloop
  endfacet
  facet normal 0.195079 0.980788 -0
    outer loop
      vertex 17.3406 -16.7907 0
      vertex 16.0314 -16.5303 34.5
      vertex 17.3406 -16.7907 34.5
    endloop
  endfacet
  facet normal 0.195079 0.980788 0
    outer loop
      vertex 16.0314 -16.5303 34.5
      vertex 17.3406 -16.7907 0
      vertex 16.0314 -16.5303 0
    endloop
  endfacet
  facet normal 0.962455 0.271441 0
    outer loop
      vertex 3.83204 -5.25329 34.5
      vertex 3.46971 -3.96857 0
      vertex 3.46971 -3.96857 34.5
    endloop
  endfacet
  facet normal 0.962455 0.271441 0
    outer loop
      vertex 3.46971 -3.96857 0
      vertex 3.83204 -5.25329 34.5
      vertex 3.83204 -5.25329 0
    endloop
  endfacet
  facet normal -0.619088 -0.785322 0
    outer loop
      vertex 29.9923 13.7533 0
      vertex 31.0406 12.9269 34.5
      vertex 29.9923 13.7533 34.5
    endloop
  endfacet
  facet normal -0.619088 -0.785322 -0
    outer loop
      vertex 31.0406 12.9269 34.5
      vertex 29.9923 13.7533 0
      vertex 31.0406 12.9269 0
    endloop
  endfacet
  facet normal -0.678806 0.734318 0
    outer loop
      vertex 32.0208 -12.0208 0
      vertex 31.0406 -12.9269 34.5
      vertex 32.0208 -12.0208 34.5
    endloop
  endfacet
  facet normal -0.678806 0.734318 0
    outer loop
      vertex 31.0406 -12.9269 34.5
      vertex 32.0208 -12.0208 0
      vertex 31.0406 -12.9269 0
    endloop
  endfacet
  facet normal -0.555599 0.83145 0
    outer loop
      vertex 29.9923 -13.7533 0
      vertex 28.8825 -14.4949 34.5
      vertex 29.9923 -13.7533 34.5
    endloop
  endfacet
  facet normal -0.555599 0.83145 0
    outer loop
      vertex 28.8825 -14.4949 34.5
      vertex 29.9923 -13.7533 0
      vertex 28.8825 -14.4949 0
    endloop
  endfacet
  facet normal 0.785311 -0.619101 0
    outer loop
      vertex 6.24671 9.99235 34.5
      vertex 7.0731 11.0406 0
      vertex 7.0731 11.0406 34.5
    endloop
  endfacet
  facet normal 0.785311 -0.619101 0
    outer loop
      vertex 7.0731 11.0406 0
      vertex 6.24671 9.99235 34.5
      vertex 6.24671 9.99235 0
    endloop
  endfacet
  facet normal 0 0 -1
    outer loop
      vertex 36.2 -2.2 34.5
      vertex 37 0 34.5
      vertex 36.9476 -1.3338 34.5
    endloop
  endfacet
  facet normal 0 0 -1
    outer loop
      vertex 36.2 -2.2 34.5
      vertex 36.9476 -1.3338 34.5
      vertex 36.7907 -2.65939 34.5
    endloop
  endfacet
  facet normal 0 0 -1
    outer loop
      vertex 36.2 2.2 34.5
      vertex 37 0 34.5
      vertex 36.2 -2.2 34.5
    endloop
  endfacet
  facet normal 0 0 -1
    outer loop
      vertex 36.2 -2.2 34.5
      vertex 36.7907 -2.65939 34.5
      vertex 36.5303 -3.96857 34.5
    endloop
  endfacet
  facet normal 0 0 -1
    outer loop
      vertex 37 0 34.5
      vertex 36.2 2.2 34.5
      vertex 36.9476 1.3338 34.5
    endloop
  endfacet
  facet normal 0 0 -1
    outer loop
      vertex 36.9476 1.3338 34.5
      vertex 36.2 2.2 34.5
      vertex 36.7907 2.65939 34.5
    endloop
  endfacet
  facet normal 0 0 -1
    outer loop
      vertex 33.8077 -3.31492 34.5
      vertex 36.5303 -3.96857 34.5
      vertex 36.168 -5.25329 34.5
    endloop
  endfacet
  facet normal 0 0 -1
    outer loop
      vertex 33.505 -4.38804 34.5
      vertex 36.168 -5.25329 34.5
      vertex 35.706 -6.50562 34.5
    endloop
  endfacet
  facet normal 0 0 -1
    outer loop
      vertex 33.1191 -5.4341 34.5
      vertex 35.706 -6.50562 34.5
      vertex 35.1471 -7.71784 34.5
    endloop
  endfacet
  facet normal 0 0 -1
    outer loop
      vertex 32.6523 -6.44666 34.5
      vertex 35.1471 -7.71784 34.5
      vertex 34.4949 -8.88247 34.5
    endloop
  endfacet
  facet normal 0 0 -1
    outer loop
      vertex 36.168 -5.25329 34.5
      vertex 33.505 -4.38804 34.5
      vertex 33.8077 -3.31492 34.5
    endloop
  endfacet
  facet normal -0 0 -1
    outer loop
      vertex 36.2 -2.2 34.5
      vertex 34.0252 -2.22137 34.5
      vertex 34.0277 -2.2 34.5
    endloop
  endfacet
  facet normal 0 0 -1
    outer loop
      vertex 36.2 -2.2 34.5
      vertex 33.8077 -3.31492 34.5
      vertex 34.0252 -2.22137 34.5
    endloop
  endfacet
  facet normal 0 0 -1
    outer loop
      vertex 32.1075 -7.41948 34.5
      vertex 34.4949 -8.88247 34.5
      vertex 33.7533 -9.99235 34.5
    endloop
  endfacet
  facet normal 0 0 -1
    outer loop
      vertex 36.5303 -3.96857 34.5
      vertex 33.8077 -3.31492 34.5
      vertex 36.2 -2.2 34.5
    endloop
  endfacet
  facet normal 0 0 -1
    outer loop
      vertex 35.706 -6.50562 34.5
      vertex 33.1191 -5.4341 34.5
      vertex 33.505 -4.38804 34.5
    endloop
  endfacet
  facet normal 0 0 -1
    outer loop
      vertex 31.488 -8.34655 34.5
      vertex 33.7533 -9.99235 34.5
      vertex 32.9269 -11.0406 34.5
    endloop
  endfacet
  facet normal 0 0 -1
    outer loop
      vertex 35.1471 -7.71784 34.5
      vertex 32.6523 -6.44666 34.5
      vertex 33.1191 -5.4341 34.5
    endloop
  endfacet
  facet normal 0 0 -1
    outer loop
      vertex 34.4949 -8.88247 34.5
      vertex 32.1075 -7.41948 34.5
      vertex 32.6523 -6.44666 34.5
    endloop
  endfacet
  facet normal 0 0 -1
    outer loop
      vertex 30.7978 -9.22216 34.5
      vertex 32.9269 -11.0406 34.5
      vertex 32.0208 -12.0208 34.5
    endloop
  endfacet
  facet normal 0 0 -1
    outer loop
      vertex 33.7533 -9.99235 34.5
      vertex 31.488 -8.34655 34.5
      vertex 32.1075 -7.41948 34.5
    endloop
  endfacet
  facet normal 0 0 -1
    outer loop
      vertex 30.0409 -10.0409 34.5
      vertex 32.0208 -12.0208 34.5
      vertex 31.0406 -12.9269 34.5
    endloop
  endfacet
  facet normal 0 0 -1
    outer loop
      vertex 32.9269 -11.0406 34.5
      vertex 30.7978 -9.22216 34.5
      vertex 31.488 -8.34655 34.5
    endloop
  endfacet
  facet normal 0 0 -1
    outer loop
      vertex 32.0208 -12.0208 34.5
      vertex 30.0409 -10.0409 34.5
      vertex 30.7978 -9.22216 34.5
    endloop
  endfacet
  facet normal 0 0 -1
    outer loop
      vertex 29.2222 -10.7978 34.5
      vertex 31.0406 -12.9269 34.5
      vertex 29.9923 -13.7533 34.5
    endloop
  endfacet
  facet normal 0 0 -1
    outer loop
      vertex 31.0406 -12.9269 34.5
      vertex 29.2222 -10.7978 34.5
      vertex 30.0409 -10.0409 34.5
    endloop
  endfacet
  facet normal 0 0 -1
    outer loop
      vertex 28.3465 -11.488 34.5
      vertex 29.9923 -13.7533 34.5
      vertex 28.8825 -14.4949 34.5
    endloop
  endfacet
  facet normal 0 0 -1
    outer loop
      vertex 29.9923 -13.7533 34.5
      vertex 28.3465 -11.488 34.5
      vertex 29.2222 -10.7978 34.5
    endloop
  endfacet
  facet normal 0 0 -1
    outer loop
      vertex 27.4195 -12.1075 34.5
      vertex 28.8825 -14.4949 34.5
      vertex 27.7178 -15.1471 34.5
    endloop
  endfacet
  facet normal 0 0 -1
    outer loop
      vertex 28.8825 -14.4949 34.5
      vertex 27.4195 -12.1075 34.5
      vertex 28.3465 -11.488 34.5
    endloop
  endfacet
  facet normal 0 0 -1
    outer loop
      vertex 26.4467 -12.6523 34.5
      vertex 27.7178 -15.1471 34.5
      vertex 26.5056 -15.706 34.5
    endloop
  endfacet
  facet normal 0 0 -1
    outer loop
      vertex 27.7178 -15.1471 34.5
      vertex 26.4467 -12.6523 34.5
      vertex 27.4195 -12.1075 34.5
    endloop
  endfacet
  facet normal 0 0 -1
    outer loop
      vertex 26.5056 -15.706 34.5
      vertex 25.4341 -13.1191 34.5
      vertex 26.4467 -12.6523 34.5
    endloop
  endfacet
  facet normal 0 0 -1
    outer loop
      vertex 25.2533 -16.168 34.5
      vertex 25.4341 -13.1191 34.5
      vertex 26.5056 -15.706 34.5
    endloop
  endfacet
  facet normal 0 0 -1
    outer loop
      vertex 25.2533 -16.168 34.5
      vertex 24.388 -13.505 34.5
      vertex 25.4341 -13.1191 34.5
    endloop
  endfacet
  facet normal 0 0 -1
    outer loop
      vertex 23.9686 -16.5303 34.5
      vertex 24.388 -13.505 34.5
      vertex 25.2533 -16.168 34.5
    endloop
  endfacet
  facet normal 0 0 -1
    outer loop
      vertex 23.9686 -16.5303 34.5
      vertex 23.3149 -13.8077 34.5
      vertex 24.388 -13.505 34.5
    endloop
  endfacet
  facet normal 0 0 -1
    outer loop
      vertex 22.6594 -16.7907 34.5
      vertex 23.3149 -13.8077 34.5
      vertex 23.9686 -16.5303 34.5
    endloop
  endfacet
  facet normal 0 0 -1
    outer loop
      vertex 22.6594 -16.7907 34.5
      vertex 22.2214 -14.0252 34.5
      vertex 23.3149 -13.8077 34.5
    endloop
  endfacet
  facet normal 0 0 -1
    outer loop
      vertex 21.3338 -16.9476 34.5
      vertex 22.2214 -14.0252 34.5
      vertex 22.6594 -16.7907 34.5
    endloop
  endfacet
  facet normal 0 0 -1
    outer loop
      vertex 21.3338 -16.9476 34.5
      vertex 21.1141 -14.1562 34.5
      vertex 22.2214 -14.0252 34.5
    endloop
  endfacet
  facet normal 0 0 -1
    outer loop
      vertex 20 -17 34.5
      vertex 21.1141 -14.1562 34.5
      vertex 21.3338 -16.9476 34.5
    endloop
  endfacet
  facet normal 0 0 -1
    outer loop
      vertex 20 -17 34.5
      vertex 20 -14.2 34.5
      vertex 21.1141 -14.1562 34.5
    endloop
  endfacet
  facet normal 0 0 -1
    outer loop
      vertex 20 -17 34.5
      vertex 18.8859 -14.1562 34.5
      vertex 20 -14.2 34.5
    endloop
  endfacet
  facet normal 0 0 -1
    outer loop
      vertex 18.6662 -16.9476 34.5
      vertex 18.8859 -14.1562 34.5
      vertex 20 -17 34.5
    endloop
  endfacet
  facet normal 0 0 -1
    outer loop
      vertex 18.6662 -16.9476 34.5
      vertex 17.7786 -14.0252 34.5
      vertex 18.8859 -14.1562 34.5
    endloop
  endfacet
  facet normal 0 0 -1
    outer loop
      vertex 17.3406 -16.7907 34.5
      vertex 17.7786 -14.0252 34.5
      vertex 18.6662 -16.9476 34.5
    endloop
  endfacet
  facet normal 0 0 -1
    outer loop
      vertex 17.3406 -16.7907 34.5
      vertex 16.6851 -13.8077 34.5
      vertex 17.7786 -14.0252 34.5
    endloop
  endfacet
  facet normal 0 0 -1
    outer loop
      vertex 16.0314 -16.5303 34.5
      vertex 16.6851 -13.8077 34.5
      vertex 17.3406 -16.7907 34.5
    endloop
  endfacet
  facet normal 0 0 -1
    outer loop
      vertex 16.0314 -16.5303 34.5
      vertex 15.612 -13.505 34.5
      vertex 16.6851 -13.8077 34.5
    endloop
  endfacet
  facet normal 0 0 -1
    outer loop
      vertex 14.7467 -16.168 34.5
      vertex 15.612 -13.505 34.5
      vertex 16.0314 -16.5303 34.5
    endloop
  endfacet
  facet normal 0 0 -1
    outer loop
      vertex 14.7467 -16.168 34.5
      vertex 14.5659 -13.1191 34.5
      vertex 15.612 -13.505 34.5
    endloop
  endfacet
  facet normal 0 0 -1
    outer loop
      vertex 13.4944 -15.706 34.5
      vertex 14.5659 -13.1191 34.5
      vertex 14.7467 -16.168 34.5
    endloop
  endfacet
  facet normal -0 0 -1
    outer loop
      vertex 14.5659 -13.1191 34.5
      vertex 13.4944 -15.706 34.5
      vertex 13.5533 -12.6523 34.5
    endloop
  endfacet
  facet normal 0 0 -1
    outer loop
      vertex 12.2822 -15.1471 34.5
      vertex 13.5533 -12.6523 34.5
      vertex 13.4944 -15.706 34.5
    endloop
  endfacet
  facet normal -0 0 -1
    outer loop
      vertex 13.5533 -12.6523 34.5
      vertex 12.2822 -15.1471 34.5
      vertex 12.5805 -12.1075 34.5
    endloop
  endfacet
  facet normal 0 0 -1
    outer loop
      vertex 11.1175 -14.4949 34.5
      vertex 12.5805 -12.1075 34.5
      vertex 12.2822 -15.1471 34.5
    endloop
  endfacet
  facet normal -0 0 -1
    outer loop
      vertex 12.5805 -12.1075 34.5
      vertex 11.1175 -14.4949 34.5
      vertex 11.6535 -11.488 34.5
    endloop
  endfacet
  facet normal 0 0 -1
    outer loop
      vertex 10.0077 -13.7533 34.5
      vertex 11.6535 -11.488 34.5
      vertex 11.1175 -14.4949 34.5
    endloop
  endfacet
  facet normal -0 0 -1
    outer loop
      vertex 11.6535 -11.488 34.5
      vertex 10.0077 -13.7533 34.5
      vertex 10.7778 -10.7978 34.5
    endloop
  endfacet
  facet normal 0 0 -1
    outer loop
      vertex 8.95938 -12.9269 34.5
      vertex 10.7778 -10.7978 34.5
      vertex 10.0077 -13.7533 34.5
    endloop
  endfacet
  facet normal -0 0 -1
    outer loop
      vertex 10.7778 -10.7978 34.5
      vertex 8.95938 -12.9269 34.5
      vertex 9.95908 -10.0409 34.5
    endloop
  endfacet
  facet normal 0 0 -1
    outer loop
      vertex 7.97919 -12.0208 34.5
      vertex 9.95908 -10.0409 34.5
      vertex 8.95938 -12.9269 34.5
    endloop
  endfacet
  facet normal -0 0 -1
    outer loop
      vertex 9.95908 -10.0409 34.5
      vertex 7.97919 -12.0208 34.5
      vertex 9.20224 -9.22216 34.5
    endloop
  endfacet
  facet normal 0 0 -1
    outer loop
      vertex 7.0731 -11.0406 34.5
      vertex 9.20224 -9.22216 34.5
      vertex 7.97919 -12.0208 34.5
    endloop
  endfacet
  facet normal -0 0 -1
    outer loop
      vertex 9.20224 -9.22216 34.5
      vertex 7.0731 -11.0406 34.5
      vertex 8.51196 -8.34655 34.5
    endloop
  endfacet
  facet normal 0 0 -1
    outer loop
      vertex 6.24671 -9.99235 34.5
      vertex 8.51196 -8.34655 34.5
      vertex 7.0731 -11.0406 34.5
    endloop
  endfacet
  facet normal -0 0 -1
    outer loop
      vertex 8.51196 -8.34655 34.5
      vertex 6.24671 -9.99235 34.5
      vertex 7.89251 -7.41948 34.5
    endloop
  endfacet
  facet normal 0 0 -1
    outer loop
      vertex 5.50512 -8.88247 34.5
      vertex 7.89251 -7.41948 34.5
      vertex 6.24671 -9.99235 34.5
    endloop
  endfacet
  facet normal -0 0 -1
    outer loop
      vertex 7.89251 -7.41948 34.5
      vertex 5.50512 -8.88247 34.5
      vertex 7.34771 -6.44666 34.5
    endloop
  endfacet
  facet normal 0 0 -1
    outer loop
      vertex 4.85289 -7.71784 34.5
      vertex 7.34771 -6.44666 34.5
      vertex 5.50512 -8.88247 34.5
    endloop
  endfacet
  facet normal -0 0 -1
    outer loop
      vertex 7.34771 -6.44666 34.5
      vertex 4.85289 -7.71784 34.5
      vertex 6.88091 -5.4341 34.5
    endloop
  endfacet
  facet normal 0 0 -1
    outer loop
      vertex 4.29405 -6.50562 34.5
      vertex 6.88091 -5.4341 34.5
      vertex 4.85289 -7.71784 34.5
    endloop
  endfacet
  facet normal -0 0 -1
    outer loop
      vertex 6.88091 -5.4341 34.5
      vertex 4.29405 -6.50562 34.5
      vertex 6.495 -4.38804 34.5
    endloop
  endfacet
  facet normal -0 0 -1
    outer loop
      vertex 6.495 -4.38804 34.5
      vertex 3.83204 -5.25329 34.5
      vertex 6.19235 -3.31492 34.5
    endloop
  endfacet
  facet normal 0 0 -1
    outer loop
      vertex 3.83204 -5.25329 34.5
      vertex 6.495 -4.38804 34.5
      vertex 4.29405 -6.50562 34.5
    endloop
  endfacet
  facet normal -0 0 -1
    outer loop
      vertex 36.7907 2.65939 34.5
      vertex 36.2 2.2 34.5
      vertex 36.5303 3.96857 34.5
    endloop
  endfacet
  facet normal 0 0 -1
    outer loop
      vertex 33.8077 3.31492 34.5
      vertex 36.5303 3.96857 34.5
      vertex 36.2 2.2 34.5
    endloop
  endfacet
  facet normal -0 0 -1
    outer loop
      vertex 36.5303 3.96857 34.5
      vertex 33.8077 3.31492 34.5
      vertex 36.168 5.25329 34.5
    endloop
  endfacet
  facet normal 0 0 -1
    outer loop
      vertex 33.505 4.38804 34.5
      vertex 36.168 5.25329 34.5
      vertex 33.8077 3.31492 34.5
    endloop
  endfacet
  facet normal 0 0 -1
    outer loop
      vertex 33.1191 5.4341 34.5
      vertex 35.706 6.50562 34.5
      vertex 33.505 4.38804 34.5
    endloop
  endfacet
  facet normal 0 0 -1
    outer loop
      vertex 34.0252 2.22137 34.5
      vertex 36.2 2.2 34.5
      vertex 34.0277 2.2 34.5
    endloop
  endfacet
  facet normal 0 0 -1
    outer loop
      vertex 33.8077 3.31492 34.5
      vertex 36.2 2.2 34.5
      vertex 34.0252 2.22137 34.5
    endloop
  endfacet
  facet normal -0 0 -1
    outer loop
      vertex 36.168 5.25329 34.5
      vertex 33.505 4.38804 34.5
      vertex 35.706 6.50562 34.5
    endloop
  endfacet
  facet normal -0 0 -1
    outer loop
      vertex 35.706 6.50562 34.5
      vertex 33.1191 5.4341 34.5
      vertex 35.1471 7.71784 34.5
    endloop
  endfacet
  facet normal 0 0 -1
    outer loop
      vertex 32.6523 6.44666 34.5
      vertex 35.1471 7.71784 34.5
      vertex 33.1191 5.4341 34.5
    endloop
  endfacet
  facet normal -0 0 -1
    outer loop
      vertex 35.1471 7.71784 34.5
      vertex 32.6523 6.44666 34.5
      vertex 34.4949 8.88247 34.5
    endloop
  endfacet
  facet normal 0 0 -1
    outer loop
      vertex 32.1075 7.41948 34.5
      vertex 34.4949 8.88247 34.5
      vertex 32.6523 6.44666 34.5
    endloop
  endfacet
  facet normal -0 0 -1
    outer loop
      vertex 34.4949 8.88247 34.5
      vertex 32.1075 7.41948 34.5
      vertex 33.7533 9.99235 34.5
    endloop
  endfacet
  facet normal 0 0 -1
    outer loop
      vertex 31.488 8.34655 34.5
      vertex 33.7533 9.99235 34.5
      vertex 32.1075 7.41948 34.5
    endloop
  endfacet
  facet normal -0 0 -1
    outer loop
      vertex 33.7533 9.99235 34.5
      vertex 31.488 8.34655 34.5
      vertex 32.9269 11.0406 34.5
    endloop
  endfacet
  facet normal 0 0 -1
    outer loop
      vertex 30.7978 9.22216 34.5
      vertex 32.9269 11.0406 34.5
      vertex 31.488 8.34655 34.5
    endloop
  endfacet
  facet normal -0 0 -1
    outer loop
      vertex 32.9269 11.0406 34.5
      vertex 30.7978 9.22216 34.5
      vertex 32.0208 12.0208 34.5
    endloop
  endfacet
  facet normal 0 0 -1
    outer loop
      vertex 30.0409 10.0409 34.5
      vertex 32.0208 12.0208 34.5
      vertex 30.7978 9.22216 34.5
    endloop
  endfacet
  facet normal -0 0 -1
    outer loop
      vertex 32.0208 12.0208 34.5
      vertex 30.0409 10.0409 34.5
      vertex 31.0406 12.9269 34.5
    endloop
  endfacet
  facet normal 0 0 -1
    outer loop
      vertex 29.2222 10.7978 34.5
      vertex 31.0406 12.9269 34.5
      vertex 30.0409 10.0409 34.5
    endloop
  endfacet
  facet normal -0 0 -1
    outer loop
      vertex 31.0406 12.9269 34.5
      vertex 29.2222 10.7978 34.5
      vertex 29.9923 13.7533 34.5
    endloop
  endfacet
  facet normal 0 0 -1
    outer loop
      vertex 28.3465 11.488 34.5
      vertex 29.9923 13.7533 34.5
      vertex 29.2222 10.7978 34.5
    endloop
  endfacet
  facet normal -0 0 -1
    outer loop
      vertex 29.9923 13.7533 34.5
      vertex 28.3465 11.488 34.5
      vertex 28.8825 14.4949 34.5
    endloop
  endfacet
  facet normal 0 0 -1
    outer loop
      vertex 27.4195 12.1075 34.5
      vertex 28.8825 14.4949 34.5
      vertex 28.3465 11.488 34.5
    endloop
  endfacet
  facet normal -0 0 -1
    outer loop
      vertex 28.8825 14.4949 34.5
      vertex 27.4195 12.1075 34.5
      vertex 27.7178 15.1471 34.5
    endloop
  endfacet
  facet normal 0 0 -1
    outer loop
      vertex 26.4467 12.6523 34.5
      vertex 27.7178 15.1471 34.5
      vertex 27.4195 12.1075 34.5
    endloop
  endfacet
  facet normal -0 0 -1
    outer loop
      vertex 27.7178 15.1471 34.5
      vertex 26.4467 12.6523 34.5
      vertex 26.5056 15.706 34.5
    endloop
  endfacet
  facet normal 0 0 -1
    outer loop
      vertex 25.4341 13.1191 34.5
      vertex 26.5056 15.706 34.5
      vertex 26.4467 12.6523 34.5
    endloop
  endfacet
  facet normal 0 0 -1
    outer loop
      vertex 25.4341 13.1191 34.5
      vertex 25.2533 16.168 34.5
      vertex 26.5056 15.706 34.5
    endloop
  endfacet
  facet normal 0 0 -1
    outer loop
      vertex 24.388 13.505 34.5
      vertex 25.2533 16.168 34.5
      vertex 25.4341 13.1191 34.5
    endloop
  endfacet
  facet normal 0 0 -1
    outer loop
      vertex 24.388 13.505 34.5
      vertex 23.9686 16.5303 34.5
      vertex 25.2533 16.168 34.5
    endloop
  endfacet
  facet normal 0 0 -1
    outer loop
      vertex 23.3149 13.8077 34.5
      vertex 23.9686 16.5303 34.5
      vertex 24.388 13.505 34.5
    endloop
  endfacet
  facet normal 0 0 -1
    outer loop
      vertex 23.3149 13.8077 34.5
      vertex 22.6594 16.7907 34.5
      vertex 23.9686 16.5303 34.5
    endloop
  endfacet
  facet normal 0 0 -1
    outer loop
      vertex 22.2214 14.0252 34.5
      vertex 22.6594 16.7907 34.5
      vertex 23.3149 13.8077 34.5
    endloop
  endfacet
  facet normal 0 0 -1
    outer loop
      vertex 22.2214 14.0252 34.5
      vertex 21.3338 16.9476 34.5
      vertex 22.6594 16.7907 34.5
    endloop
  endfacet
  facet normal 0 0 -1
    outer loop
      vertex 21.1141 14.1562 34.5
      vertex 21.3338 16.9476 34.5
      vertex 22.2214 14.0252 34.5
    endloop
  endfacet
  facet normal 0 0 -1
    outer loop
      vertex 20 14.2 34.5
      vertex 21.3338 16.9476 34.5
      vertex 21.1141 14.1562 34.5
    endloop
  endfacet
  facet normal 0 0 -1
    outer loop
      vertex 20 14.2 34.5
      vertex 20 17 34.5
      vertex 21.3338 16.9476 34.5
    endloop
  endfacet
  facet normal 0 0 -1
    outer loop
      vertex 18.8859 14.1562 34.5
      vertex 20 17 34.5
      vertex 20 14.2 34.5
    endloop
  endfacet
  facet normal 0 0 -1
    outer loop
      vertex 18.8859 14.1562 34.5
      vertex 18.6662 16.9476 34.5
      vertex 20 17 34.5
    endloop
  endfacet
  facet normal 0 0 -1
    outer loop
      vertex 17.7786 14.0252 34.5
      vertex 18.6662 16.9476 34.5
      vertex 18.8859 14.1562 34.5
    endloop
  endfacet
  facet normal 0 0 -1
    outer loop
      vertex 17.7786 14.0252 34.5
      vertex 17.3406 16.7907 34.5
      vertex 18.6662 16.9476 34.5
    endloop
  endfacet
  facet normal 0 0 -1
    outer loop
      vertex 16.6851 13.8077 34.5
      vertex 17.3406 16.7907 34.5
      vertex 17.7786 14.0252 34.5
    endloop
  endfacet
  facet normal 0 0 -1
    outer loop
      vertex 16.6851 13.8077 34.5
      vertex 16.0314 16.5303 34.5
      vertex 17.3406 16.7907 34.5
    endloop
  endfacet
  facet normal 0 0 -1
    outer loop
      vertex 15.612 13.505 34.5
      vertex 16.0314 16.5303 34.5
      vertex 16.6851 13.8077 34.5
    endloop
  endfacet
  facet normal 0 0 -1
    outer loop
      vertex 15.612 13.505 34.5
      vertex 14.7467 16.168 34.5
      vertex 16.0314 16.5303 34.5
    endloop
  endfacet
  facet normal 0 0 -1
    outer loop
      vertex 14.5659 13.1191 34.5
      vertex 14.7467 16.168 34.5
      vertex 15.612 13.505 34.5
    endloop
  endfacet
  facet normal 0 0 -1
    outer loop
      vertex 13.4944 15.706 34.5
      vertex 14.5659 13.1191 34.5
      vertex 13.5533 12.6523 34.5
    endloop
  endfacet
  facet normal 0 0 -1
    outer loop
      vertex 14.5659 13.1191 34.5
      vertex 13.4944 15.706 34.5
      vertex 14.7467 16.168 34.5
    endloop
  endfacet
  facet normal 0 0 -1
    outer loop
      vertex 12.2822 15.1471 34.5
      vertex 13.5533 12.6523 34.5
      vertex 12.5805 12.1075 34.5
    endloop
  endfacet
  facet normal 0 0 -1
    outer loop
      vertex 13.5533 12.6523 34.5
      vertex 12.2822 15.1471 34.5
      vertex 13.4944 15.706 34.5
    endloop
  endfacet
  facet normal 0 0 -1
    outer loop
      vertex 11.1175 14.4949 34.5
      vertex 12.5805 12.1075 34.5
      vertex 11.6535 11.488 34.5
    endloop
  endfacet
  facet normal 0 0 -1
    outer loop
      vertex 12.5805 12.1075 34.5
      vertex 11.1175 14.4949 34.5
      vertex 12.2822 15.1471 34.5
    endloop
  endfacet
  facet normal 0 0 -1
    outer loop
      vertex 10.0077 13.7533 34.5
      vertex 11.6535 11.488 34.5
      vertex 10.7778 10.7978 34.5
    endloop
  endfacet
  facet normal 0 0 -1
    outer loop
      vertex 11.6535 11.488 34.5
      vertex 10.0077 13.7533 34.5
      vertex 11.1175 14.4949 34.5
    endloop
  endfacet
  facet normal 0 0 -1
    outer loop
      vertex 8.95938 12.9269 34.5
      vertex 10.7778 10.7978 34.5
      vertex 9.95908 10.0409 34.5
    endloop
  endfacet
  facet normal 0 0 -1
    outer loop
      vertex 7.97919 12.0208 34.5
      vertex 9.95908 10.0409 34.5
      vertex 9.20224 9.22216 34.5
    endloop
  endfacet
  facet normal 0 0 -1
    outer loop
      vertex 10.7778 10.7978 34.5
      vertex 8.95938 12.9269 34.5
      vertex 10.0077 13.7533 34.5
    endloop
  endfacet
  facet normal 0 0 -1
    outer loop
      vertex 7.0731 11.0406 34.5
      vertex 9.20224 9.22216 34.5
      vertex 8.51196 8.34655 34.5
    endloop
  endfacet
  facet normal 0 0 -1
    outer loop
      vertex 9.95908 10.0409 34.5
      vertex 7.97919 12.0208 34.5
      vertex 8.95938 12.9269 34.5
    endloop
  endfacet
  facet normal 0 0 -1
    outer loop
      vertex 6.24671 9.99235 34.5
      vertex 8.51196 8.34655 34.5
      vertex 7.89251 7.41948 34.5
    endloop
  endfacet
  facet normal 0 0 -1
    outer loop
      vertex 5.50512 8.88247 34.5
      vertex 7.89251 7.41948 34.5
      vertex 7.34771 6.44666 34.5
    endloop
  endfacet
  facet normal 0 0 -1
    outer loop
      vertex 9.20224 9.22216 34.5
      vertex 7.0731 11.0406 34.5
      vertex 7.97919 12.0208 34.5
    endloop
  endfacet
  facet normal 0 0 -1
    outer loop
      vertex 4.85289 7.71784 34.5
      vertex 7.34771 6.44666 34.5
      vertex 6.88091 5.4341 34.5
    endloop
  endfacet
  facet normal 0 0 -1
    outer loop
      vertex 4.29405 6.50562 34.5
      vertex 6.88091 5.4341 34.5
      vertex 6.495 4.38804 34.5
    endloop
  endfacet
  facet normal 0 0 -1
    outer loop
      vertex 8.51196 8.34655 34.5
      vertex 6.24671 9.99235 34.5
      vertex 7.0731 11.0406 34.5
    endloop
  endfacet
  facet normal 0 0 -1
    outer loop
      vertex 3.83204 5.25329 34.5
      vertex 6.495 4.38804 34.5
      vertex 6.19235 3.31492 34.5
    endloop
  endfacet
  facet normal 0 0 -1
    outer loop
      vertex 3.46971 3.96857 34.5
      vertex 6.19235 3.31492 34.5
      vertex 5.97483 2.22137 34.5
    endloop
  endfacet
  facet normal 0 0 -1
    outer loop
      vertex 3.2093 2.65939 34.5
      vertex 5.97483 2.22137 34.5
      vertex 5.84377 1.11412 34.5
    endloop
  endfacet
  facet normal 0 0 -1
    outer loop
      vertex 7.89251 7.41948 34.5
      vertex 5.50512 8.88247 34.5
      vertex 6.24671 9.99235 34.5
    endloop
  endfacet
  facet normal 0 0 -1
    outer loop
      vertex 3.05241 1.3338 34.5
      vertex 5.84377 1.11412 34.5
      vertex 5.8 0 34.5
    endloop
  endfacet
  facet normal 0 0 -1
    outer loop
      vertex 3.46971 -3.96857 34.5
      vertex 6.19235 -3.31492 34.5
      vertex 3.83204 -5.25329 34.5
    endloop
  endfacet
  facet normal -0 0 -1
    outer loop
      vertex 6.19235 -3.31492 34.5
      vertex 3.46971 -3.96857 34.5
      vertex 5.97483 -2.22137 34.5
    endloop
  endfacet
  facet normal 0 0 -1
    outer loop
      vertex 7.34771 6.44666 34.5
      vertex 4.85289 7.71784 34.5
      vertex 5.50512 8.88247 34.5
    endloop
  endfacet
  facet normal 0 0 -1
    outer loop
      vertex 3.2093 -2.65939 34.5
      vertex 5.97483 -2.22137 34.5
      vertex 3.46971 -3.96857 34.5
    endloop
  endfacet
  facet normal 0 0 -1
    outer loop
      vertex 6.88091 5.4341 34.5
      vertex 4.29405 6.50562 34.5
      vertex 4.85289 7.71784 34.5
    endloop
  endfacet
  facet normal -0 0 -1
    outer loop
      vertex 5.97483 -2.22137 34.5
      vertex 3.2093 -2.65939 34.5
      vertex 5.84377 -1.11412 34.5
    endloop
  endfacet
  facet normal 0 0 -1
    outer loop
      vertex 6.495 4.38804 34.5
      vertex 3.83204 5.25329 34.5
      vertex 4.29405 6.50562 34.5
    endloop
  endfacet
  facet normal 0 0 -1
    outer loop
      vertex 3.05241 -1.3338 34.5
      vertex 5.84377 -1.11412 34.5
      vertex 3.2093 -2.65939 34.5
    endloop
  endfacet
  facet normal 0 0 -1
    outer loop
      vertex 6.19235 3.31492 34.5
      vertex 3.46971 3.96857 34.5
      vertex 3.83204 5.25329 34.5
    endloop
  endfacet
  facet normal -0 0 -1
    outer loop
      vertex 5.84377 -1.11412 34.5
      vertex 3.05241 -1.3338 34.5
      vertex 5.8 0 34.5
    endloop
  endfacet
  facet normal 0 0 -1
    outer loop
      vertex 5.97483 2.22137 34.5
      vertex 3.2093 2.65939 34.5
      vertex 3.46971 3.96857 34.5
    endloop
  endfacet
  facet normal 0 0 -1
    outer loop
      vertex 3 0 34.5
      vertex 5.8 0 34.5
      vertex 3.05241 -1.3338 34.5
    endloop
  endfacet
  facet normal 0 0 -1
    outer loop
      vertex 5.84377 1.11412 34.5
      vertex 3.05241 1.3338 34.5
      vertex 3.2093 2.65939 34.5
    endloop
  endfacet
  facet normal 0 0 -1
    outer loop
      vertex 5.8 0 34.5
      vertex 3 0 34.5
      vertex 3.05241 1.3338 34.5
    endloop
  endfacet
  facet normal -0.908126 0.418696 0
    outer loop
      vertex 35.1471 -7.71784 0
      vertex 35.706 -6.50562 34.5
      vertex 35.706 -6.50562 0
    endloop
  endfacet
  facet normal -0.908126 0.418696 0
    outer loop
      vertex 35.706 -6.50562 34.5
      vertex 35.1471 -7.71784 0
      vertex 35.1471 -7.71784 34.5
    endloop
  endfacet
  facet normal -0.195079 -0.980788 0
    outer loop
      vertex 22.6594 16.7907 0
      vertex 23.9686 16.5303 34.5
      vertex 22.6594 16.7907 34.5
    endloop
  endfacet
  facet normal -0.195079 -0.980788 -0
    outer loop
      vertex 23.9686 16.5303 34.5
      vertex 22.6594 16.7907 0
      vertex 23.9686 16.5303 0
    endloop
  endfacet
  facet normal 0.999229 -0.0392634 0
    outer loop
      vertex 3 0 34.5
      vertex 3.05241 1.3338 0
      vertex 3.05241 1.3338 34.5
    endloop
  endfacet
  facet normal 0.999229 -0.0392634 0
    outer loop
      vertex 3.05241 1.3338 0
      vertex 3 0 34.5
      vertex 3 0 0
    endloop
  endfacet
  facet normal 0.195079 -0.980788 0
    outer loop
      vertex 16.0314 16.5303 0
      vertex 17.3406 16.7907 34.5
      vertex 16.0314 16.5303 34.5
    endloop
  endfacet
  facet normal 0.195079 -0.980788 0
    outer loop
      vertex 17.3406 16.7907 34.5
      vertex 16.0314 16.5303 0
      vertex 17.3406 16.7907 0
    endloop
  endfacet
  facet normal 0.938191 -0.346118 0
    outer loop
      vertex 3.83204 5.25329 34.5
      vertex 4.29405 6.50562 0
      vertex 4.29405 6.50562 34.5
    endloop
  endfacet
  facet normal 0.938191 -0.346118 0
    outer loop
      vertex 4.29405 6.50562 0
      vertex 3.83204 5.25329 34.5
      vertex 3.83204 5.25329 0
    endloop
  endfacet
  facet normal 0.734322 0.678802 0
    outer loop
      vertex 7.97919 -12.0208 34.5
      vertex 7.0731 -11.0406 0
      vertex 7.0731 -11.0406 34.5
    endloop
  endfacet
  facet normal 0.734322 0.678802 0
    outer loop
      vertex 7.0731 -11.0406 0
      vertex 7.97919 -12.0208 34.5
      vertex 7.97919 -12.0208 0
    endloop
  endfacet
  facet normal 0.785311 0.619101 0
    outer loop
      vertex 7.0731 -11.0406 34.5
      vertex 6.24671 -9.99235 0
      vertex 6.24671 -9.99235 34.5
    endloop
  endfacet
  facet normal 0.785311 0.619101 0
    outer loop
      vertex 6.24671 -9.99235 0
      vertex 7.0731 -11.0406 34.5
      vertex 7.0731 -11.0406 0
    endloop
  endfacet
  facet normal 0.67881 0.734314 -0
    outer loop
      vertex 8.95938 -12.9269 0
      vertex 7.97919 -12.0208 34.5
      vertex 8.95938 -12.9269 34.5
    endloop
  endfacet
  facet normal 0.67881 0.734314 0
    outer loop
      vertex 7.97919 -12.0208 34.5
      vertex 8.95938 -12.9269 0
      vertex 7.97919 -12.0208 0
    endloop
  endfacet
  facet normal 0.993069 -0.117535 0
    outer loop
      vertex 3.05241 1.3338 34.5
      vertex 3.2093 2.65939 0
      vertex 3.2093 2.65939 34.5
    endloop
  endfacet
  facet normal 0.993069 -0.117535 0
    outer loop
      vertex 3.2093 2.65939 0
      vertex 3.05241 1.3338 34.5
      vertex 3.05241 1.3338 0
    endloop
  endfacet
  facet normal -0.195079 0.980788 0
    outer loop
      vertex 23.9686 -16.5303 0
      vertex 22.6594 -16.7907 34.5
      vertex 23.9686 -16.5303 34.5
    endloop
  endfacet
  facet normal -0.195079 0.980788 0
    outer loop
      vertex 22.6594 -16.7907 34.5
      vertex 23.9686 -16.5303 0
      vertex 22.6594 -16.7907 0
    endloop
  endfacet
  facet normal 0.418649 0.908148 -0
    outer loop
      vertex 14.5659 -13.1191 34.5
      vertex 13.5533 -12.6523 54
      vertex 14.5659 -13.1191 54
    endloop
  endfacet
  facet normal 0.418649 0.908148 0
    outer loop
      vertex 13.5533 -12.6523 54
      vertex 14.5659 -13.1191 34.5
      vertex 13.5533 -12.6523 34.5
    endloop
  endfacet
  facet normal -0.993227 -0.116194 0
    outer loop
      vertex 34.0277 2.2 34.5
      vertex 34.0252 2.22137 54
      vertex 34.0252 2.22137 34.5
    endloop
  endfacet
  facet normal -0.993227 -0.116194 0
    outer loop
      vertex 34.0252 2.22137 54
      vertex 34.0277 2.2 34.5
      vertex 34.0277 2.2 54
    endloop
  endfacet
  facet normal -0.980789 -0.195073 0
    outer loop
      vertex 34.0252 2.22137 34.5
      vertex 33.8077 3.31492 54
      vertex 33.8077 3.31492 34.5
    endloop
  endfacet
  facet normal -0.980789 -0.195073 0
    outer loop
      vertex 33.8077 3.31492 54
      vertex 34.0252 2.22137 34.5
      vertex 34.0252 2.22137 54
    endloop
  endfacet
  facet normal 0.346096 -0.938199 0
    outer loop
      vertex 14.5659 13.1191 34.5
      vertex 15.612 13.505 54
      vertex 14.5659 13.1191 54
    endloop
  endfacet
  facet normal 0.346096 -0.938199 0
    outer loop
      vertex 15.612 13.505 54
      vertex 14.5659 13.1191 34.5
      vertex 15.612 13.505 34.5
    endloop
  endfacet
  facet normal 0.73432 -0.678803 0
    outer loop
      vertex 9.20224 9.22216 54
      vertex 9.95908 10.0409 34.5
      vertex 9.95908 10.0409 54
    endloop
  endfacet
  facet normal 0.73432 -0.678803 0
    outer loop
      vertex 9.95908 10.0409 34.5
      vertex 9.20224 9.22216 54
      vertex 9.20224 9.22216 34.5
    endloop
  endfacet
  facet normal -0.993227 0.116194 0
    outer loop
      vertex 34.0252 -2.22137 34.5
      vertex 34.0277 -2.2 54
      vertex 34.0277 -2.2 34.5
    endloop
  endfacet
  facet normal -0.993227 0.116194 0
    outer loop
      vertex 34.0277 -2.2 54
      vertex 34.0252 -2.22137 34.5
      vertex 34.0252 -2.22137 54
    endloop
  endfacet
  facet normal 0.872498 -0.488618 0
    outer loop
      vertex 7.34771 6.44666 54
      vertex 7.89251 7.41948 34.5
      vertex 7.89251 7.41948 54
    endloop
  endfacet
  facet normal 0.872498 -0.488618 0
    outer loop
      vertex 7.89251 7.41948 34.5
      vertex 7.34771 6.44666 54
      vertex 7.34771 6.44666 34.5
    endloop
  endfacet
  facet normal 0.872498 0.488618 0
    outer loop
      vertex 7.89251 -7.41948 54
      vertex 7.34771 -6.44666 34.5
      vertex 7.34771 -6.44666 54
    endloop
  endfacet
  facet normal 0.872498 0.488618 0
    outer loop
      vertex 7.34771 -6.44666 34.5
      vertex 7.89251 -7.41948 54
      vertex 7.89251 -7.41948 34.5
    endloop
  endfacet
  facet normal 0.0392839 0.999228 -0
    outer loop
      vertex 20 -14.2 34.5
      vertex 18.8859 -14.1562 54
      vertex 20 -14.2 54
    endloop
  endfacet
  facet normal 0.0392839 0.999228 0
    outer loop
      vertex 18.8859 -14.1562 54
      vertex 20 -14.2 34.5
      vertex 18.8859 -14.1562 34.5
    endloop
  endfacet
  facet normal 0.195081 -0.980787 0
    outer loop
      vertex 16.6851 13.8077 34.5
      vertex 17.7786 14.0252 54
      vertex 16.6851 13.8077 54
    endloop
  endfacet
  facet normal 0.195081 -0.980787 0
    outer loop
      vertex 17.7786 14.0252 54
      vertex 16.6851 13.8077 34.5
      vertex 17.7786 14.0252 34.5
    endloop
  endfacet
  facet normal -0.78535 -0.619052 0
    outer loop
      vertex 31.488 8.34655 34.5
      vertex 30.7978 9.22216 54
      vertex 30.7978 9.22216 34.5
    endloop
  endfacet
  facet normal -0.78535 -0.619052 0
    outer loop
      vertex 30.7978 9.22216 54
      vertex 31.488 8.34655 34.5
      vertex 31.488 8.34655 54
    endloop
  endfacet
  facet normal -0.195081 0.980787 0
    outer loop
      vertex 23.3149 -13.8077 34.5
      vertex 22.2214 -14.0252 54
      vertex 23.3149 -13.8077 54
    endloop
  endfacet
  facet normal -0.195081 0.980787 0
    outer loop
      vertex 22.2214 -14.0252 54
      vertex 23.3149 -13.8077 34.5
      vertex 22.2214 -14.0252 34.5
    endloop
  endfacet
  facet normal 0.678841 -0.734285 0
    outer loop
      vertex 9.95908 10.0409 34.5
      vertex 10.7778 10.7978 54
      vertex 9.95908 10.0409 54
    endloop
  endfacet
  facet normal 0.678841 -0.734285 0
    outer loop
      vertex 10.7778 10.7978 54
      vertex 9.95908 10.0409 34.5
      vertex 10.7778 10.7978 34.5
    endloop
  endfacet
  facet normal -0.555631 0.831429 0
    outer loop
      vertex 28.3465 -11.488 34.5
      vertex 27.4195 -12.1075 54
      vertex 28.3465 -11.488 54
    endloop
  endfacet
  facet normal -0.555631 0.831429 0
    outer loop
      vertex 27.4195 -12.1075 54
      vertex 28.3465 -11.488 34.5
      vertex 27.4195 -12.1075 34.5
    endloop
  endfacet
  facet normal 0.785315 -0.619097 0
    outer loop
      vertex 8.51196 8.34655 54
      vertex 9.20224 9.22216 34.5
      vertex 9.20224 9.22216 54
    endloop
  endfacet
  facet normal 0.785315 -0.619097 0
    outer loop
      vertex 9.20224 9.22216 34.5
      vertex 8.51196 8.34655 54
      vertex 8.51196 8.34655 34.5
    endloop
  endfacet
  facet normal -0.78535 0.619052 0
    outer loop
      vertex 30.7978 -9.22216 34.5
      vertex 31.488 -8.34655 54
      vertex 31.488 -8.34655 34.5
    endloop
  endfacet
  facet normal -0.78535 0.619052 0
    outer loop
      vertex 31.488 -8.34655 54
      vertex 30.7978 -9.22216 34.5
      vertex 30.7978 -9.22216 54
    endloop
  endfacet
  facet normal -0.962444 0.271481 0
    outer loop
      vertex 33.505 -4.38804 34.5
      vertex 33.8077 -3.31492 54
      vertex 33.8077 -3.31492 34.5
    endloop
  endfacet
  facet normal -0.962444 0.271481 0
    outer loop
      vertex 33.8077 -3.31492 54
      vertex 33.505 -4.38804 34.5
      vertex 33.505 -4.38804 54
    endloop
  endfacet
  facet normal 0.271486 -0.962442 0
    outer loop
      vertex 15.612 13.505 34.5
      vertex 16.6851 13.8077 54
      vertex 15.612 13.505 54
    endloop
  endfacet
  facet normal 0.271486 -0.962442 0
    outer loop
      vertex 16.6851 13.8077 54
      vertex 15.612 13.505 34.5
      vertex 16.6851 13.8077 34.5
    endloop
  endfacet
  facet normal 0.980785 0.19509 0
    outer loop
      vertex 6.19235 -3.31492 54
      vertex 5.97483 -2.22137 34.5
      vertex 5.97483 -2.22137 54
    endloop
  endfacet
  facet normal 0.980785 0.19509 0
    outer loop
      vertex 5.97483 -2.22137 34.5
      vertex 6.19235 -3.31492 54
      vertex 6.19235 -3.31492 34.5
    endloop
  endfacet
  facet normal -0.872498 0.488618 0
    outer loop
      vertex 32.1075 -7.41948 34.5
      vertex 32.6523 -6.44666 54
      vertex 32.6523 -6.44666 34.5
    endloop
  endfacet
  facet normal -0.872498 0.488618 0
    outer loop
      vertex 32.6523 -6.44666 54
      vertex 32.1075 -7.41948 34.5
      vertex 32.1075 -7.41948 54
    endloop
  endfacet
  facet normal 0.678841 0.734285 -0
    outer loop
      vertex 10.7778 -10.7978 34.5
      vertex 9.95908 -10.0409 54
      vertex 10.7778 -10.7978 54
    endloop
  endfacet
  facet normal 0.678841 0.734285 0
    outer loop
      vertex 9.95908 -10.0409 54
      vertex 10.7778 -10.7978 34.5
      vertex 9.95908 -10.0409 34.5
    endloop
  endfacet
  facet normal 0.999229 -0.0392563 0
    outer loop
      vertex 5.8 0 54
      vertex 5.84377 1.11412 34.5
      vertex 5.84377 1.11412 54
    endloop
  endfacet
  facet normal 0.999229 -0.0392563 0
    outer loop
      vertex 5.84377 1.11412 34.5
      vertex 5.8 0 54
      vertex 5.8 0 34.5
    endloop
  endfacet
  facet normal 0.271486 0.962442 -0
    outer loop
      vertex 16.6851 -13.8077 34.5
      vertex 15.612 -13.505 54
      vertex 16.6851 -13.8077 54
    endloop
  endfacet
  facet normal 0.271486 0.962442 0
    outer loop
      vertex 15.612 -13.505 54
      vertex 16.6851 -13.8077 34.5
      vertex 15.612 -13.505 34.5
    endloop
  endfacet
  facet normal -0.117486 0.993074 0
    outer loop
      vertex 22.2214 -14.0252 34.5
      vertex 21.1141 -14.1562 54
      vertex 22.2214 -14.0252 54
    endloop
  endfacet
  facet normal -0.117486 0.993074 0
    outer loop
      vertex 21.1141 -14.1562 54
      vertex 22.2214 -14.0252 34.5
      vertex 21.1141 -14.1562 34.5
    endloop
  endfacet
  facet normal 0.993068 0.117545 0
    outer loop
      vertex 5.97483 -2.22137 54
      vertex 5.84377 -1.11412 34.5
      vertex 5.84377 -1.11412 54
    endloop
  endfacet
  facet normal 0.993068 0.117545 0
    outer loop
      vertex 5.84377 -1.11412 34.5
      vertex 5.97483 -2.22137 54
      vertex 5.97483 -2.22137 34.5
    endloop
  endfacet
  facet normal 0.908142 0.418662 0
    outer loop
      vertex 7.34771 -6.44666 54
      vertex 6.88091 -5.4341 34.5
      vertex 6.88091 -5.4341 54
    endloop
  endfacet
  facet normal 0.908142 0.418662 0
    outer loop
      vertex 6.88091 -5.4341 34.5
      vertex 7.34771 -6.44666 54
      vertex 7.34771 -6.44666 34.5
    endloop
  endfacet
  facet normal -0.67885 -0.734277 0
    outer loop
      vertex 29.2222 10.7978 34.5
      vertex 30.0409 10.0409 54
      vertex 29.2222 10.7978 54
    endloop
  endfacet
  facet normal -0.67885 -0.734277 -0
    outer loop
      vertex 30.0409 10.0409 54
      vertex 29.2222 10.7978 34.5
      vertex 30.0409 10.0409 34.5
    endloop
  endfacet
  facet normal -0.0392839 -0.999228 0
    outer loop
      vertex 20 14.2 34.5
      vertex 21.1141 14.1562 54
      vertex 20 14.2 54
    endloop
  endfacet
  facet normal -0.0392839 -0.999228 -0
    outer loop
      vertex 21.1141 14.1562 54
      vertex 20 14.2 34.5
      vertex 21.1141 14.1562 34.5
    endloop
  endfacet
  facet normal -0.488625 -0.872494 0
    outer loop
      vertex 26.4467 12.6523 34.5
      vertex 27.4195 12.1075 54
      vertex 26.4467 12.6523 54
    endloop
  endfacet
  facet normal -0.488625 -0.872494 -0
    outer loop
      vertex 27.4195 12.1075 54
      vertex 26.4467 12.6523 34.5
      vertex 27.4195 12.1075 34.5
    endloop
  endfacet
  facet normal -0.619013 -0.785381 0
    outer loop
      vertex 28.3465 11.488 34.5
      vertex 29.2222 10.7978 54
      vertex 28.3465 11.488 54
    endloop
  endfacet
  facet normal -0.619013 -0.785381 -0
    outer loop
      vertex 29.2222 10.7978 54
      vertex 28.3465 11.488 34.5
      vertex 29.2222 10.7978 34.5
    endloop
  endfacet
  facet normal -0.555631 -0.831429 0
    outer loop
      vertex 27.4195 12.1075 34.5
      vertex 28.3465 11.488 54
      vertex 27.4195 12.1075 54
    endloop
  endfacet
  facet normal -0.555631 -0.831429 -0
    outer loop
      vertex 28.3465 11.488 54
      vertex 27.4195 12.1075 34.5
      vertex 28.3465 11.488 34.5
    endloop
  endfacet
  facet normal 0.555631 -0.831429 0
    outer loop
      vertex 11.6535 11.488 34.5
      vertex 12.5805 12.1075 54
      vertex 11.6535 11.488 54
    endloop
  endfacet
  facet normal 0.555631 -0.831429 0
    outer loop
      vertex 12.5805 12.1075 54
      vertex 11.6535 11.488 34.5
      vertex 12.5805 12.1075 34.5
    endloop
  endfacet
  facet normal -0.271486 -0.962442 0
    outer loop
      vertex 23.3149 13.8077 34.5
      vertex 24.388 13.505 54
      vertex 23.3149 13.8077 54
    endloop
  endfacet
  facet normal -0.271486 -0.962442 -0
    outer loop
      vertex 24.388 13.505 54
      vertex 23.3149 13.8077 34.5
      vertex 24.388 13.505 34.5
    endloop
  endfacet
  facet normal 0.938192 0.346116 0
    outer loop
      vertex 6.88091 -5.4341 54
      vertex 6.495 -4.38804 34.5
      vertex 6.495 -4.38804 54
    endloop
  endfacet
  facet normal 0.938192 0.346116 0
    outer loop
      vertex 6.495 -4.38804 34.5
      vertex 6.88091 -5.4341 54
      vertex 6.88091 -5.4341 34.5
    endloop
  endfacet
  facet normal 0.831469 -0.555571 0
    outer loop
      vertex 7.89251 7.41948 54
      vertex 8.51196 8.34655 34.5
      vertex 8.51196 8.34655 54
    endloop
  endfacet
  facet normal 0.831469 -0.555571 0
    outer loop
      vertex 8.51196 8.34655 34.5
      vertex 7.89251 7.41948 54
      vertex 7.89251 7.41948 34.5
    endloop
  endfacet
  facet normal 0.488625 0.872494 -0
    outer loop
      vertex 13.5533 -12.6523 34.5
      vertex 12.5805 -12.1075 54
      vertex 13.5533 -12.6523 54
    endloop
  endfacet
  facet normal 0.488625 0.872494 0
    outer loop
      vertex 12.5805 -12.1075 54
      vertex 13.5533 -12.6523 34.5
      vertex 12.5805 -12.1075 34.5
    endloop
  endfacet
  facet normal -0.346096 0.938199 0
    outer loop
      vertex 25.4341 -13.1191 34.5
      vertex 24.388 -13.505 54
      vertex 25.4341 -13.1191 54
    endloop
  endfacet
  facet normal -0.346096 0.938199 0
    outer loop
      vertex 24.388 -13.505 54
      vertex 25.4341 -13.1191 34.5
      vertex 24.388 -13.505 34.5
    endloop
  endfacet
  facet normal -0.0392839 0.999228 0
    outer loop
      vertex 21.1141 -14.1562 34.5
      vertex 20 -14.2 54
      vertex 21.1141 -14.1562 54
    endloop
  endfacet
  facet normal -0.0392839 0.999228 0
    outer loop
      vertex 20 -14.2 54
      vertex 21.1141 -14.1562 34.5
      vertex 20 -14.2 34.5
    endloop
  endfacet
  facet normal -0.488625 0.872494 0
    outer loop
      vertex 27.4195 -12.1075 34.5
      vertex 26.4467 -12.6523 54
      vertex 27.4195 -12.1075 54
    endloop
  endfacet
  facet normal -0.488625 0.872494 0
    outer loop
      vertex 26.4467 -12.6523 54
      vertex 27.4195 -12.1075 34.5
      vertex 26.4467 -12.6523 34.5
    endloop
  endfacet
  facet normal -0.980789 0.195073 0
    outer loop
      vertex 33.8077 -3.31492 34.5
      vertex 34.0252 -2.22137 54
      vertex 34.0252 -2.22137 34.5
    endloop
  endfacet
  facet normal -0.980789 0.195073 0
    outer loop
      vertex 34.0252 -2.22137 54
      vertex 33.8077 -3.31492 34.5
      vertex 33.8077 -3.31492 54
    endloop
  endfacet
  facet normal -0.938195 -0.346108 0
    outer loop
      vertex 33.505 4.38804 34.5
      vertex 33.1191 5.4341 54
      vertex 33.1191 5.4341 34.5
    endloop
  endfacet
  facet normal -0.938195 -0.346108 0
    outer loop
      vertex 33.1191 5.4341 54
      vertex 33.505 4.38804 34.5
      vertex 33.505 4.38804 54
    endloop
  endfacet
  facet normal 0.962456 -0.27144 0
    outer loop
      vertex 6.19235 3.31492 54
      vertex 6.495 4.38804 34.5
      vertex 6.495 4.38804 54
    endloop
  endfacet
  facet normal 0.962456 -0.27144 0
    outer loop
      vertex 6.495 4.38804 34.5
      vertex 6.19235 3.31492 54
      vertex 6.19235 3.31492 34.5
    endloop
  endfacet
  facet normal -0.962444 -0.271481 0
    outer loop
      vertex 33.8077 3.31492 34.5
      vertex 33.505 4.38804 54
      vertex 33.505 4.38804 34.5
    endloop
  endfacet
  facet normal -0.962444 -0.271481 0
    outer loop
      vertex 33.505 4.38804 54
      vertex 33.8077 3.31492 34.5
      vertex 33.8077 3.31492 54
    endloop
  endfacet
  facet normal -0.117486 -0.993074 0
    outer loop
      vertex 21.1141 14.1562 34.5
      vertex 22.2214 14.0252 54
      vertex 21.1141 14.1562 54
    endloop
  endfacet
  facet normal -0.117486 -0.993074 -0
    outer loop
      vertex 22.2214 14.0252 54
      vertex 21.1141 14.1562 34.5
      vertex 22.2214 14.0252 34.5
    endloop
  endfacet
  facet normal -0.418649 -0.908148 0
    outer loop
      vertex 25.4341 13.1191 34.5
      vertex 26.4467 12.6523 54
      vertex 25.4341 13.1191 54
    endloop
  endfacet
  facet normal -0.418649 -0.908148 -0
    outer loop
      vertex 26.4467 12.6523 54
      vertex 25.4341 13.1191 34.5
      vertex 26.4467 12.6523 34.5
    endloop
  endfacet
  facet normal -0.831448 -0.555602 0
    outer loop
      vertex 32.1075 7.41948 34.5
      vertex 31.488 8.34655 54
      vertex 31.488 8.34655 34.5
    endloop
  endfacet
  facet normal -0.831448 -0.555602 0
    outer loop
      vertex 31.488 8.34655 54
      vertex 32.1075 7.41948 34.5
      vertex 32.1075 7.41948 54
    endloop
  endfacet
  facet normal 0.831469 0.555571 0
    outer loop
      vertex 8.51196 -8.34655 54
      vertex 7.89251 -7.41948 34.5
      vertex 7.89251 -7.41948 54
    endloop
  endfacet
  facet normal 0.831469 0.555571 0
    outer loop
      vertex 7.89251 -7.41948 34.5
      vertex 8.51196 -8.34655 54
      vertex 8.51196 -8.34655 34.5
    endloop
  endfacet
  facet normal -0.67885 0.734277 0
    outer loop
      vertex 30.0409 -10.0409 34.5
      vertex 29.2222 -10.7978 54
      vertex 30.0409 -10.0409 54
    endloop
  endfacet
  facet normal -0.67885 0.734277 0
    outer loop
      vertex 29.2222 -10.7978 54
      vertex 30.0409 -10.0409 34.5
      vertex 29.2222 -10.7978 34.5
    endloop
  endfacet
  facet normal 0.619013 -0.785381 0
    outer loop
      vertex 10.7778 10.7978 34.5
      vertex 11.6535 11.488 54
      vertex 10.7778 10.7978 54
    endloop
  endfacet
  facet normal 0.619013 -0.785381 0
    outer loop
      vertex 11.6535 11.488 54
      vertex 10.7778 10.7978 34.5
      vertex 11.6535 11.488 34.5
    endloop
  endfacet
  facet normal -0.908142 -0.418662 0
    outer loop
      vertex 33.1191 5.4341 34.5
      vertex 32.6523 6.44666 54
      vertex 32.6523 6.44666 34.5
    endloop
  endfacet
  facet normal -0.908142 -0.418662 0
    outer loop
      vertex 32.6523 6.44666 54
      vertex 33.1191 5.4341 34.5
      vertex 33.1191 5.4341 54
    endloop
  endfacet
  facet normal -0.872498 -0.488618 0
    outer loop
      vertex 32.6523 6.44666 34.5
      vertex 32.1075 7.41948 54
      vertex 32.1075 7.41948 34.5
    endloop
  endfacet
  facet normal -0.872498 -0.488618 0
    outer loop
      vertex 32.1075 7.41948 54
      vertex 32.6523 6.44666 34.5
      vertex 32.6523 6.44666 54
    endloop
  endfacet
  facet normal 0.980785 -0.19509 0
    outer loop
      vertex 5.97483 2.22137 54
      vertex 6.19235 3.31492 34.5
      vertex 6.19235 3.31492 54
    endloop
  endfacet
  facet normal 0.980785 -0.19509 0
    outer loop
      vertex 6.19235 3.31492 34.5
      vertex 5.97483 2.22137 54
      vertex 5.97483 2.22137 34.5
    endloop
  endfacet
  facet normal 0.785315 0.619097 0
    outer loop
      vertex 9.20224 -9.22216 54
      vertex 8.51196 -8.34655 34.5
      vertex 8.51196 -8.34655 54
    endloop
  endfacet
  facet normal 0.785315 0.619097 0
    outer loop
      vertex 8.51196 -8.34655 34.5
      vertex 9.20224 -9.22216 54
      vertex 9.20224 -9.22216 34.5
    endloop
  endfacet
  facet normal 0.962456 0.27144 0
    outer loop
      vertex 6.495 -4.38804 54
      vertex 6.19235 -3.31492 34.5
      vertex 6.19235 -3.31492 54
    endloop
  endfacet
  facet normal 0.962456 0.27144 0
    outer loop
      vertex 6.19235 -3.31492 34.5
      vertex 6.495 -4.38804 54
      vertex 6.495 -4.38804 34.5
    endloop
  endfacet
  facet normal 0.0392839 -0.999228 0
    outer loop
      vertex 18.8859 14.1562 34.5
      vertex 20 14.2 54
      vertex 18.8859 14.1562 54
    endloop
  endfacet
  facet normal 0.0392839 -0.999228 0
    outer loop
      vertex 20 14.2 54
      vertex 18.8859 14.1562 34.5
      vertex 20 14.2 34.5
    endloop
  endfacet
  facet normal -0.195081 -0.980787 0
    outer loop
      vertex 22.2214 14.0252 34.5
      vertex 23.3149 13.8077 54
      vertex 22.2214 14.0252 54
    endloop
  endfacet
  facet normal -0.195081 -0.980787 -0
    outer loop
      vertex 23.3149 13.8077 54
      vertex 22.2214 14.0252 34.5
      vertex 23.3149 13.8077 34.5
    endloop
  endfacet
  facet normal 0.999229 0.0392563 0
    outer loop
      vertex 5.84377 -1.11412 54
      vertex 5.8 0 34.5
      vertex 5.8 0 54
    endloop
  endfacet
  facet normal 0.999229 0.0392563 0
    outer loop
      vertex 5.8 0 34.5
      vertex 5.84377 -1.11412 54
      vertex 5.84377 -1.11412 34.5
    endloop
  endfacet
  facet normal 0.488625 -0.872494 0
    outer loop
      vertex 12.5805 12.1075 34.5
      vertex 13.5533 12.6523 54
      vertex 12.5805 12.1075 54
    endloop
  endfacet
  facet normal 0.488625 -0.872494 0
    outer loop
      vertex 13.5533 12.6523 54
      vertex 12.5805 12.1075 34.5
      vertex 13.5533 12.6523 34.5
    endloop
  endfacet
  facet normal 0.117486 -0.993074 0
    outer loop
      vertex 17.7786 14.0252 34.5
      vertex 18.8859 14.1562 54
      vertex 17.7786 14.0252 54
    endloop
  endfacet
  facet normal 0.117486 -0.993074 0
    outer loop
      vertex 18.8859 14.1562 54
      vertex 17.7786 14.0252 34.5
      vertex 18.8859 14.1562 34.5
    endloop
  endfacet
  facet normal -0.734294 0.678832 0
    outer loop
      vertex 30.0409 -10.0409 34.5
      vertex 30.7978 -9.22216 54
      vertex 30.7978 -9.22216 34.5
    endloop
  endfacet
  facet normal -0.734294 0.678832 0
    outer loop
      vertex 30.7978 -9.22216 54
      vertex 30.0409 -10.0409 34.5
      vertex 30.0409 -10.0409 54
    endloop
  endfacet
  facet normal -0.346096 -0.938199 0
    outer loop
      vertex 24.388 13.505 34.5
      vertex 25.4341 13.1191 54
      vertex 24.388 13.505 54
    endloop
  endfacet
  facet normal -0.346096 -0.938199 -0
    outer loop
      vertex 25.4341 13.1191 54
      vertex 24.388 13.505 34.5
      vertex 25.4341 13.1191 34.5
    endloop
  endfacet
  facet normal 0.938192 -0.346116 0
    outer loop
      vertex 6.495 4.38804 54
      vertex 6.88091 5.4341 34.5
      vertex 6.88091 5.4341 54
    endloop
  endfacet
  facet normal 0.938192 -0.346116 0
    outer loop
      vertex 6.88091 5.4341 34.5
      vertex 6.495 4.38804 54
      vertex 6.495 4.38804 34.5
    endloop
  endfacet
  facet normal -0.418649 0.908148 0
    outer loop
      vertex 26.4467 -12.6523 34.5
      vertex 25.4341 -13.1191 54
      vertex 26.4467 -12.6523 54
    endloop
  endfacet
  facet normal -0.418649 0.908148 0
    outer loop
      vertex 25.4341 -13.1191 54
      vertex 26.4467 -12.6523 34.5
      vertex 25.4341 -13.1191 34.5
    endloop
  endfacet
  facet normal 0.73432 0.678803 0
    outer loop
      vertex 9.95908 -10.0409 54
      vertex 9.20224 -9.22216 34.5
      vertex 9.20224 -9.22216 54
    endloop
  endfacet
  facet normal 0.73432 0.678803 0
    outer loop
      vertex 9.20224 -9.22216 34.5
      vertex 9.95908 -10.0409 54
      vertex 9.95908 -10.0409 34.5
    endloop
  endfacet
  facet normal 0.418649 -0.908148 0
    outer loop
      vertex 13.5533 12.6523 34.5
      vertex 14.5659 13.1191 54
      vertex 13.5533 12.6523 54
    endloop
  endfacet
  facet normal 0.418649 -0.908148 0
    outer loop
      vertex 14.5659 13.1191 54
      vertex 13.5533 12.6523 34.5
      vertex 14.5659 13.1191 34.5
    endloop
  endfacet
  facet normal -0.271486 0.962442 0
    outer loop
      vertex 24.388 -13.505 34.5
      vertex 23.3149 -13.8077 54
      vertex 24.388 -13.505 54
    endloop
  endfacet
  facet normal -0.271486 0.962442 0
    outer loop
      vertex 23.3149 -13.8077 54
      vertex 24.388 -13.505 34.5
      vertex 23.3149 -13.8077 34.5
    endloop
  endfacet
  facet normal 0.993068 -0.117545 0
    outer loop
      vertex 5.84377 1.11412 54
      vertex 5.97483 2.22137 34.5
      vertex 5.97483 2.22137 54
    endloop
  endfacet
  facet normal 0.993068 -0.117545 0
    outer loop
      vertex 5.97483 2.22137 34.5
      vertex 5.84377 1.11412 54
      vertex 5.84377 1.11412 34.5
    endloop
  endfacet
  facet normal -0.938195 0.346108 0
    outer loop
      vertex 33.1191 -5.4341 34.5
      vertex 33.505 -4.38804 54
      vertex 33.505 -4.38804 34.5
    endloop
  endfacet
  facet normal -0.938195 0.346108 0
    outer loop
      vertex 33.505 -4.38804 54
      vertex 33.1191 -5.4341 34.5
      vertex 33.1191 -5.4341 54
    endloop
  endfacet
  facet normal -0.908142 0.418662 0
    outer loop
      vertex 32.6523 -6.44666 34.5
      vertex 33.1191 -5.4341 54
      vertex 33.1191 -5.4341 34.5
    endloop
  endfacet
  facet normal -0.908142 0.418662 0
    outer loop
      vertex 33.1191 -5.4341 54
      vertex 32.6523 -6.44666 34.5
      vertex 32.6523 -6.44666 54
    endloop
  endfacet
  facet normal -0.734294 -0.678832 0
    outer loop
      vertex 30.7978 9.22216 34.5
      vertex 30.0409 10.0409 54
      vertex 30.0409 10.0409 34.5
    endloop
  endfacet
  facet normal -0.734294 -0.678832 0
    outer loop
      vertex 30.0409 10.0409 54
      vertex 30.7978 9.22216 34.5
      vertex 30.7978 9.22216 54
    endloop
  endfacet
  facet normal -0.831448 0.555602 0
    outer loop
      vertex 31.488 -8.34655 34.5
      vertex 32.1075 -7.41948 54
      vertex 32.1075 -7.41948 34.5
    endloop
  endfacet
  facet normal -0.831448 0.555602 0
    outer loop
      vertex 32.1075 -7.41948 54
      vertex 31.488 -8.34655 34.5
      vertex 31.488 -8.34655 54
    endloop
  endfacet
  facet normal 0.555631 0.831429 -0
    outer loop
      vertex 12.5805 -12.1075 34.5
      vertex 11.6535 -11.488 54
      vertex 12.5805 -12.1075 54
    endloop
  endfacet
  facet normal 0.555631 0.831429 0
    outer loop
      vertex 11.6535 -11.488 54
      vertex 12.5805 -12.1075 34.5
      vertex 11.6535 -11.488 34.5
    endloop
  endfacet
  facet normal 0.346096 0.938199 -0
    outer loop
      vertex 15.612 -13.505 34.5
      vertex 14.5659 -13.1191 54
      vertex 15.612 -13.505 54
    endloop
  endfacet
  facet normal 0.346096 0.938199 0
    outer loop
      vertex 14.5659 -13.1191 54
      vertex 15.612 -13.505 34.5
      vertex 14.5659 -13.1191 34.5
    endloop
  endfacet
  facet normal 0.195081 0.980787 -0
    outer loop
      vertex 17.7786 -14.0252 34.5
      vertex 16.6851 -13.8077 54
      vertex 17.7786 -14.0252 54
    endloop
  endfacet
  facet normal 0.195081 0.980787 0
    outer loop
      vertex 16.6851 -13.8077 54
      vertex 17.7786 -14.0252 34.5
      vertex 16.6851 -13.8077 34.5
    endloop
  endfacet
  facet normal 0.117486 0.993074 -0
    outer loop
      vertex 18.8859 -14.1562 34.5
      vertex 17.7786 -14.0252 54
      vertex 18.8859 -14.1562 54
    endloop
  endfacet
  facet normal 0.117486 0.993074 0
    outer loop
      vertex 17.7786 -14.0252 54
      vertex 18.8859 -14.1562 34.5
      vertex 17.7786 -14.0252 34.5
    endloop
  endfacet
  facet normal 0.619013 0.785381 -0
    outer loop
      vertex 11.6535 -11.488 34.5
      vertex 10.7778 -10.7978 54
      vertex 11.6535 -11.488 54
    endloop
  endfacet
  facet normal 0.619013 0.785381 0
    outer loop
      vertex 10.7778 -10.7978 54
      vertex 11.6535 -11.488 34.5
      vertex 10.7778 -10.7978 34.5
    endloop
  endfacet
  facet normal -0.619013 0.785381 0
    outer loop
      vertex 29.2222 -10.7978 34.5
      vertex 28.3465 -11.488 54
      vertex 29.2222 -10.7978 54
    endloop
  endfacet
  facet normal -0.619013 0.785381 0
    outer loop
      vertex 28.3465 -11.488 54
      vertex 29.2222 -10.7978 34.5
      vertex 28.3465 -11.488 34.5
    endloop
  endfacet
  facet normal 0.908142 -0.418662 0
    outer loop
      vertex 6.88091 5.4341 54
      vertex 7.34771 6.44666 34.5
      vertex 7.34771 6.44666 54
    endloop
  endfacet
  facet normal 0.908142 -0.418662 0
    outer loop
      vertex 7.34771 6.44666 34.5
      vertex 6.88091 5.4341 54
      vertex 6.88091 5.4341 34.5
    endloop
  endfacet
  facet normal -1 0 0
    outer loop
      vertex 36.2 -2.2 34.5
      vertex 36.2 2.2 54
      vertex 36.2 2.2 34.5
    endloop
  endfacet
  facet normal -1 -0 0
    outer loop
      vertex 36.2 2.2 54
      vertex 36.2 -2.2 34.5
      vertex 36.2 -2.2 54
    endloop
  endfacet
  facet normal 0 -1 0
    outer loop
      vertex 34.0277 2.2 34.5
      vertex 36.2 2.2 54
      vertex 34.0277 2.2 54
    endloop
  endfacet
  facet normal 0 -1 -0
    outer loop
      vertex 36.2 2.2 54
      vertex 34.0277 2.2 34.5
      vertex 36.2 2.2 34.5
    endloop
  endfacet
  facet normal 0 1 -0
    outer loop
      vertex 36.2 -2.2 34.5
      vertex 34.0277 -2.2 54
      vertex 36.2 -2.2 54
    endloop
  endfacet
  facet normal 0 1 0
    outer loop
      vertex 34.0277 -2.2 54
      vertex 36.2 -2.2 34.5
      vertex 34.0277 -2.2 34.5
    endloop
  endfacet
  facet normal 0.117541 -0.993068 0
    outer loop
      vertex 57.3406 16.7907 0
      vertex 58.6662 16.9476 34.5
      vertex 57.3406 16.7907 34.5
    endloop
  endfacet
  facet normal 0.117541 -0.993068 0
    outer loop
      vertex 58.6662 16.9476 34.5
      vertex 57.3406 16.7907 0
      vertex 58.6662 16.9476 0
    endloop
  endfacet
  facet normal 0.993068 -0.117542 0
    outer loop
      vertex 43.0524 1.3338 34.5
      vertex 43.2093 2.65939 0
      vertex 43.2093 2.65939 34.5
    endloop
  endfacet
  facet normal 0.993068 -0.117542 0
    outer loop
      vertex 43.2093 2.65939 0
      vertex 43.0524 1.3338 34.5
      vertex 43.0524 1.3338 0
    endloop
  endfacet
  facet normal -0.872504 -0.488607 0
    outer loop
      vertex 75.1471 7.71784 0
      vertex 74.4949 8.88247 34.5
      vertex 74.4949 8.88247 0
    endloop
  endfacet
  facet normal -0.872504 -0.488607 0
    outer loop
      vertex 74.4949 8.88247 34.5
      vertex 75.1471 7.71784 0
      vertex 75.1471 7.71784 34.5
    endloop
  endfacet
  facet normal -0.993068 -0.117542 0
    outer loop
      vertex 76.9476 1.3338 0
      vertex 76.7907 2.65939 34.5
      vertex 76.7907 2.65939 0
    endloop
  endfacet
  facet normal -0.993068 -0.117542 0
    outer loop
      vertex 76.7907 2.65939 34.5
      vertex 76.9476 1.3338 0
      vertex 76.9476 1.3338 34.5
    endloop
  endfacet
  facet normal -0.938169 0.346177 0
    outer loop
      vertex 75.7059 -6.50562 0
      vertex 76.168 -5.25329 34.5
      vertex 76.168 -5.25329 0
    endloop
  endfacet
  facet normal -0.938169 0.346177 0
    outer loop
      vertex 76.168 -5.25329 34.5
      vertex 75.7059 -6.50562 0
      vertex 75.7059 -6.50562 34.5
    endloop
  endfacet
  facet normal -0.999229 -0.039256 0
    outer loop
      vertex 77 0 0
      vertex 76.9476 1.3338 34.5
      vertex 76.9476 1.3338 0
    endloop
  endfacet
  facet normal -0.999229 -0.039256 0
    outer loop
      vertex 76.9476 1.3338 34.5
      vertex 77 0 0
      vertex 77 0 34.5
    endloop
  endfacet
  facet normal 0.938194 -0.346111 0
    outer loop
      vertex 43.832 5.25329 34.5
      vertex 44.294 6.50562 0
      vertex 44.294 6.50562 34.5
    endloop
  endfacet
  facet normal 0.938194 -0.346111 0
    outer loop
      vertex 44.294 6.50562 0
      vertex 43.832 5.25329 34.5
      vertex 43.832 5.25329 0
    endloop
  endfacet
  facet normal -0.418702 -0.908124 0
    outer loop
      vertex 66.5056 15.706 0
      vertex 67.7178 15.1471 34.5
      vertex 66.5056 15.706 34.5
    endloop
  endfacet
  facet normal -0.418702 -0.908124 -0
    outer loop
      vertex 67.7178 15.1471 34.5
      vertex 66.5056 15.706 0
      vertex 67.7178 15.1471 0
    endloop
  endfacet
  facet normal 0.993068 0.117542 0
    outer loop
      vertex 43.2093 -2.65939 34.5
      vertex 43.0524 -1.3338 0
      vertex 43.0524 -1.3338 34.5
    endloop
  endfacet
  facet normal 0.993068 0.117542 0
    outer loop
      vertex 43.0524 -1.3338 0
      vertex 43.2093 -2.65939 34.5
      vertex 43.2093 -2.65939 0
    endloop
  endfacet
  facet normal -0.271425 0.96246 0
    outer loop
      vertex 65.2533 -16.168 0
      vertex 63.9686 -16.5303 34.5
      vertex 65.2533 -16.168 34.5
    endloop
  endfacet
  facet normal -0.271425 0.96246 0
    outer loop
      vertex 63.9686 -16.5303 34.5
      vertex 65.2533 -16.168 0
      vertex 63.9686 -16.5303 0
    endloop
  endfacet
  facet normal -0.831469 -0.555571 0
    outer loop
      vertex 74.4949 8.88247 0
      vertex 73.7533 9.99235 34.5
      vertex 73.7533 9.99235 0
    endloop
  endfacet
  facet normal -0.831469 -0.555571 0
    outer loop
      vertex 73.7533 9.99235 34.5
      vertex 74.4949 8.88247 0
      vertex 74.4949 8.88247 34.5
    endloop
  endfacet
  facet normal 0.962461 -0.271421 0
    outer loop
      vertex 43.4697 3.96857 34.5
      vertex 43.832 5.25329 0
      vertex 43.832 5.25329 34.5
    endloop
  endfacet
  facet normal 0.962461 -0.271421 0
    outer loop
      vertex 43.832 5.25329 0
      vertex 43.4697 3.96857 34.5
      vertex 43.4697 3.96857 0
    endloop
  endfacet
  facet normal -0.980787 -0.195082 0
    outer loop
      vertex 76.7907 2.65939 0
      vertex 76.5303 3.96857 34.5
      vertex 76.5303 3.96857 0
    endloop
  endfacet
  facet normal -0.980787 -0.195082 0
    outer loop
      vertex 76.5303 3.96857 34.5
      vertex 76.7907 2.65939 0
      vertex 76.7907 2.65939 34.5
    endloop
  endfacet
  facet normal -0.488585 0.872516 0
    outer loop
      vertex 68.8825 -14.4949 0
      vertex 67.7178 -15.1471 34.5
      vertex 68.8825 -14.4949 34.5
    endloop
  endfacet
  facet normal -0.488585 0.872516 0
    outer loop
      vertex 67.7178 -15.1471 34.5
      vertex 68.8825 -14.4949 0
      vertex 67.7178 -15.1471 0
    endloop
  endfacet
  facet normal 0.271425 0.96246 -0
    outer loop
      vertex 56.0314 -16.5303 0
      vertex 54.7467 -16.168 34.5
      vertex 56.0314 -16.5303 34.5
    endloop
  endfacet
  facet normal 0.271425 0.96246 0
    outer loop
      vertex 54.7467 -16.168 34.5
      vertex 56.0314 -16.5303 0
      vertex 54.7467 -16.168 0
    endloop
  endfacet
  facet normal 0.999229 -0.039256 0
    outer loop
      vertex 43 0 34.5
      vertex 43.0524 1.3338 0
      vertex 43.0524 1.3338 34.5
    endloop
  endfacet
  facet normal 0.999229 -0.039256 0
    outer loop
      vertex 43.0524 1.3338 0
      vertex 43 0 34.5
      vertex 43 0 0
    endloop
  endfacet
  facet normal 0.039256 -0.999229 0
    outer loop
      vertex 58.6662 16.9476 0
      vertex 60 17 34.5
      vertex 58.6662 16.9476 34.5
    endloop
  endfacet
  facet normal 0.039256 -0.999229 0
    outer loop
      vertex 60 17 34.5
      vertex 58.6662 16.9476 0
      vertex 60 17 0
    endloop
  endfacet
  facet normal 0.908126 -0.418696 0
    outer loop
      vertex 44.294 6.50562 34.5
      vertex 44.8529 7.71784 0
      vertex 44.8529 7.71784 34.5
    endloop
  endfacet
  facet normal 0.908126 -0.418696 0
    outer loop
      vertex 44.8529 7.71784 0
      vertex 44.294 6.50562 34.5
      vertex 44.294 6.50562 0
    endloop
  endfacet
  facet normal 0.619088 -0.785322 0
    outer loop
      vertex 48.9594 12.9269 0
      vertex 50.0077 13.7533 34.5
      vertex 48.9594 12.9269 34.5
    endloop
  endfacet
  facet normal 0.619088 -0.785322 0
    outer loop
      vertex 50.0077 13.7533 34.5
      vertex 48.9594 12.9269 0
      vertex 50.0077 13.7533 0
    endloop
  endfacet
  facet normal -0.117541 -0.993068 0
    outer loop
      vertex 61.3338 16.9476 0
      vertex 62.6594 16.7907 34.5
      vertex 61.3338 16.9476 34.5
    endloop
  endfacet
  facet normal -0.117541 -0.993068 -0
    outer loop
      vertex 62.6594 16.7907 34.5
      vertex 61.3338 16.9476 0
      vertex 62.6594 16.7907 0
    endloop
  endfacet
  facet normal 0.678806 0.734318 -0
    outer loop
      vertex 48.9594 -12.9269 0
      vertex 47.9792 -12.0208 34.5
      vertex 48.9594 -12.9269 34.5
    endloop
  endfacet
  facet normal 0.678806 0.734318 0
    outer loop
      vertex 47.9792 -12.0208 34.5
      vertex 48.9594 -12.9269 0
      vertex 47.9792 -12.0208 0
    endloop
  endfacet
  facet normal -0.908155 -0.418634 0
    outer loop
      vertex 75.7059 6.50562 0
      vertex 75.1471 7.71784 34.5
      vertex 75.1471 7.71784 0
    endloop
  endfacet
  facet normal -0.908155 -0.418634 0
    outer loop
      vertex 75.1471 7.71784 34.5
      vertex 75.7059 6.50562 0
      vertex 75.7059 6.50562 34.5
    endloop
  endfacet
  facet normal -0.938169 -0.346177 0
    outer loop
      vertex 76.168 5.25329 0
      vertex 75.7059 6.50562 34.5
      vertex 75.7059 6.50562 0
    endloop
  endfacet
  facet normal -0.938169 -0.346177 0
    outer loop
      vertex 75.7059 6.50562 34.5
      vertex 76.168 5.25329 0
      vertex 76.168 5.25329 34.5
    endloop
  endfacet
  facet normal -0.678806 0.734318 0
    outer loop
      vertex 72.0208 -12.0208 0
      vertex 71.0406 -12.9269 34.5
      vertex 72.0208 -12.0208 34.5
    endloop
  endfacet
  facet normal -0.678806 0.734318 0
    outer loop
      vertex 71.0406 -12.9269 34.5
      vertex 72.0208 -12.0208 0
      vertex 71.0406 -12.9269 0
    endloop
  endfacet
  facet normal 0.831469 0.555571 0
    outer loop
      vertex 46.2467 -9.99235 34.5
      vertex 45.5051 -8.88247 0
      vertex 45.5051 -8.88247 34.5
    endloop
  endfacet
  facet normal 0.831469 0.555571 0
    outer loop
      vertex 45.5051 -8.88247 0
      vertex 46.2467 -9.99235 34.5
      vertex 46.2467 -9.99235 0
    endloop
  endfacet
  facet normal 0.418702 -0.908124 0
    outer loop
      vertex 52.2822 15.1471 0
      vertex 53.4944 15.706 34.5
      vertex 52.2822 15.1471 34.5
    endloop
  endfacet
  facet normal 0.418702 -0.908124 0
    outer loop
      vertex 53.4944 15.706 34.5
      vertex 52.2822 15.1471 0
      vertex 53.4944 15.706 0
    endloop
  endfacet
  facet normal -0.785307 0.619106 0
    outer loop
      vertex 72.9269 -11.0406 0
      vertex 73.7533 -9.99235 34.5
      vertex 73.7533 -9.99235 0
    endloop
  endfacet
  facet normal -0.785307 0.619106 0
    outer loop
      vertex 73.7533 -9.99235 34.5
      vertex 72.9269 -11.0406 0
      vertex 72.9269 -11.0406 34.5
    endloop
  endfacet
  facet normal 0.785307 -0.619106 0
    outer loop
      vertex 46.2467 9.99235 34.5
      vertex 47.0731 11.0406 0
      vertex 47.0731 11.0406 34.5
    endloop
  endfacet
  facet normal 0.785307 -0.619106 0
    outer loop
      vertex 47.0731 11.0406 0
      vertex 46.2467 9.99235 34.5
      vertex 46.2467 9.99235 0
    endloop
  endfacet
  facet normal 0.555599 -0.83145 0
    outer loop
      vertex 50.0077 13.7533 0
      vertex 51.1175 14.4949 34.5
      vertex 50.0077 13.7533 34.5
    endloop
  endfacet
  facet normal 0.555599 -0.83145 0
    outer loop
      vertex 51.1175 14.4949 34.5
      vertex 50.0077 13.7533 0
      vertex 51.1175 14.4949 0
    endloop
  endfacet
  facet normal 0.734318 0.678806 0
    outer loop
      vertex 47.9792 -12.0208 34.5
      vertex 47.0731 -11.0406 0
      vertex 47.0731 -11.0406 34.5
    endloop
  endfacet
  facet normal 0.734318 0.678806 0
    outer loop
      vertex 47.0731 -11.0406 0
      vertex 47.9792 -12.0208 34.5
      vertex 47.9792 -12.0208 0
    endloop
  endfacet
  facet normal -0.999229 0.039256 0
    outer loop
      vertex 76.9476 -1.3338 0
      vertex 77 0 34.5
      vertex 77 0 0
    endloop
  endfacet
  facet normal -0.999229 0.039256 0
    outer loop
      vertex 77 0 34.5
      vertex 76.9476 -1.3338 0
      vertex 76.9476 -1.3338 34.5
    endloop
  endfacet
  facet normal -0.488585 -0.872516 0
    outer loop
      vertex 67.7178 15.1471 0
      vertex 68.8825 14.4949 34.5
      vertex 67.7178 15.1471 34.5
    endloop
  endfacet
  facet normal -0.488585 -0.872516 -0
    outer loop
      vertex 68.8825 14.4949 34.5
      vertex 67.7178 15.1471 0
      vertex 68.8825 14.4949 0
    endloop
  endfacet
  facet normal 0.980787 -0.195082 0
    outer loop
      vertex 43.2093 2.65939 34.5
      vertex 43.4697 3.96857 0
      vertex 43.4697 3.96857 34.5
    endloop
  endfacet
  facet normal 0.980787 -0.195082 0
    outer loop
      vertex 43.4697 3.96857 0
      vertex 43.2093 2.65939 34.5
      vertex 43.2093 2.65939 0
    endloop
  endfacet
  facet normal -0.195079 -0.980788 0
    outer loop
      vertex 62.6594 16.7907 0
      vertex 63.9686 16.5303 34.5
      vertex 62.6594 16.7907 34.5
    endloop
  endfacet
  facet normal -0.195079 -0.980788 -0
    outer loop
      vertex 63.9686 16.5303 34.5
      vertex 62.6594 16.7907 0
      vertex 63.9686 16.5303 0
    endloop
  endfacet
  facet normal -0.962461 -0.271421 0
    outer loop
      vertex 76.5303 3.96857 0
      vertex 76.168 5.25329 34.5
      vertex 76.168 5.25329 0
    endloop
  endfacet
  facet normal -0.962461 -0.271421 0
    outer loop
      vertex 76.168 5.25329 34.5
      vertex 76.5303 3.96857 0
      vertex 76.5303 3.96857 34.5
    endloop
  endfacet
  facet normal -0.678806 -0.734318 0
    outer loop
      vertex 71.0406 12.9269 0
      vertex 72.0208 12.0208 34.5
      vertex 71.0406 12.9269 34.5
    endloop
  endfacet
  facet normal -0.678806 -0.734318 -0
    outer loop
      vertex 72.0208 12.0208 34.5
      vertex 71.0406 12.9269 0
      vertex 72.0208 12.0208 0
    endloop
  endfacet
  facet normal -0.734318 0.678806 0
    outer loop
      vertex 72.0208 -12.0208 0
      vertex 72.9269 -11.0406 34.5
      vertex 72.9269 -11.0406 0
    endloop
  endfacet
  facet normal -0.734318 0.678806 0
    outer loop
      vertex 72.9269 -11.0406 34.5
      vertex 72.0208 -12.0208 0
      vertex 72.0208 -12.0208 34.5
    endloop
  endfacet
  facet normal -0.831469 0.555571 0
    outer loop
      vertex 73.7533 -9.99235 0
      vertex 74.4949 -8.88247 34.5
      vertex 74.4949 -8.88247 0
    endloop
  endfacet
  facet normal -0.831469 0.555571 0
    outer loop
      vertex 74.4949 -8.88247 34.5
      vertex 73.7533 -9.99235 0
      vertex 73.7533 -9.99235 34.5
    endloop
  endfacet
  facet normal -0.117541 0.993068 0
    outer loop
      vertex 62.6594 -16.7907 0
      vertex 61.3338 -16.9476 34.5
      vertex 62.6594 -16.7907 34.5
    endloop
  endfacet
  facet normal -0.117541 0.993068 0
    outer loop
      vertex 61.3338 -16.9476 34.5
      vertex 62.6594 -16.7907 0
      vertex 61.3338 -16.9476 0
    endloop
  endfacet
  facet normal -0.962461 0.271421 0
    outer loop
      vertex 76.168 -5.25329 0
      vertex 76.5303 -3.96857 34.5
      vertex 76.5303 -3.96857 0
    endloop
  endfacet
  facet normal -0.962461 0.271421 0
    outer loop
      vertex 76.5303 -3.96857 34.5
      vertex 76.168 -5.25329 0
      vertex 76.168 -5.25329 34.5
    endloop
  endfacet
  facet normal 0.271425 -0.96246 0
    outer loop
      vertex 54.7467 16.168 0
      vertex 56.0314 16.5303 34.5
      vertex 54.7467 16.168 34.5
    endloop
  endfacet
  facet normal 0.271425 -0.96246 0
    outer loop
      vertex 56.0314 16.5303 34.5
      vertex 54.7467 16.168 0
      vertex 56.0314 16.5303 0
    endloop
  endfacet
  facet normal -0.555599 -0.83145 0
    outer loop
      vertex 68.8825 14.4949 0
      vertex 69.9923 13.7533 34.5
      vertex 68.8825 14.4949 34.5
    endloop
  endfacet
  facet normal -0.555599 -0.83145 -0
    outer loop
      vertex 69.9923 13.7533 34.5
      vertex 68.8825 14.4949 0
      vertex 69.9923 13.7533 0
    endloop
  endfacet
  facet normal -0.993068 0.117542 0
    outer loop
      vertex 76.7907 -2.65939 0
      vertex 76.9476 -1.3338 34.5
      vertex 76.9476 -1.3338 0
    endloop
  endfacet
  facet normal -0.993068 0.117542 0
    outer loop
      vertex 76.9476 -1.3338 34.5
      vertex 76.7907 -2.65939 0
      vertex 76.7907 -2.65939 34.5
    endloop
  endfacet
  facet normal 0.734318 -0.678806 0
    outer loop
      vertex 47.0731 11.0406 34.5
      vertex 47.9792 12.0208 0
      vertex 47.9792 12.0208 34.5
    endloop
  endfacet
  facet normal 0.734318 -0.678806 0
    outer loop
      vertex 47.9792 12.0208 0
      vertex 47.0731 11.0406 34.5
      vertex 47.0731 11.0406 0
    endloop
  endfacet
  facet normal 0.785307 0.619106 0
    outer loop
      vertex 47.0731 -11.0406 34.5
      vertex 46.2467 -9.99235 0
      vertex 46.2467 -9.99235 34.5
    endloop
  endfacet
  facet normal 0.785307 0.619106 0
    outer loop
      vertex 46.2467 -9.99235 0
      vertex 47.0731 -11.0406 34.5
      vertex 47.0731 -11.0406 0
    endloop
  endfacet
  facet normal 0.555599 0.83145 -0
    outer loop
      vertex 51.1175 -14.4949 0
      vertex 50.0077 -13.7533 34.5
      vertex 51.1175 -14.4949 34.5
    endloop
  endfacet
  facet normal 0.555599 0.83145 0
    outer loop
      vertex 50.0077 -13.7533 34.5
      vertex 51.1175 -14.4949 0
      vertex 50.0077 -13.7533 0
    endloop
  endfacet
  facet normal 0 0 -1
    outer loop
      vertex 76.2 -2.2 34.5
      vertex 77 0 34.5
      vertex 76.9476 -1.3338 34.5
    endloop
  endfacet
  facet normal 0 0 -1
    outer loop
      vertex 76.2 -2.2 34.5
      vertex 76.9476 -1.3338 34.5
      vertex 76.7907 -2.65939 34.5
    endloop
  endfacet
  facet normal 0 0 -1
    outer loop
      vertex 76.2 2.2 34.5
      vertex 77 0 34.5
      vertex 76.2 -2.2 34.5
    endloop
  endfacet
  facet normal 0 0 -1
    outer loop
      vertex 76.2 -2.2 34.5
      vertex 76.7907 -2.65939 34.5
      vertex 76.5303 -3.96857 34.5
    endloop
  endfacet
  facet normal 0 0 -1
    outer loop
      vertex 77 0 34.5
      vertex 76.2 2.2 34.5
      vertex 76.9476 1.3338 34.5
    endloop
  endfacet
  facet normal 0 0 -1
    outer loop
      vertex 76.9476 1.3338 34.5
      vertex 76.2 2.2 34.5
      vertex 76.7907 2.65939 34.5
    endloop
  endfacet
  facet normal 0 0 -1
    outer loop
      vertex 73.8077 -3.31492 34.5
      vertex 76.5303 -3.96857 34.5
      vertex 76.168 -5.25329 34.5
    endloop
  endfacet
  facet normal 0 0 -1
    outer loop
      vertex 73.505 -4.38804 34.5
      vertex 76.168 -5.25329 34.5
      vertex 75.7059 -6.50562 34.5
    endloop
  endfacet
  facet normal 0 0 -1
    outer loop
      vertex 73.1191 -5.4341 34.5
      vertex 75.7059 -6.50562 34.5
      vertex 75.1471 -7.71784 34.5
    endloop
  endfacet
  facet normal 0 0 -1
    outer loop
      vertex 72.6523 -6.44666 34.5
      vertex 75.1471 -7.71784 34.5
      vertex 74.4949 -8.88247 34.5
    endloop
  endfacet
  facet normal 0 0 -1
    outer loop
      vertex 76.168 -5.25329 34.5
      vertex 73.505 -4.38804 34.5
      vertex 73.8077 -3.31492 34.5
    endloop
  endfacet
  facet normal -0 0 -1
    outer loop
      vertex 76.2 -2.2 34.5
      vertex 74.0252 -2.22137 34.5
      vertex 74.0277 -2.2 34.5
    endloop
  endfacet
  facet normal 0 0 -1
    outer loop
      vertex 76.2 -2.2 34.5
      vertex 73.8077 -3.31492 34.5
      vertex 74.0252 -2.22137 34.5
    endloop
  endfacet
  facet normal 0 0 -1
    outer loop
      vertex 72.1075 -7.41948 34.5
      vertex 74.4949 -8.88247 34.5
      vertex 73.7533 -9.99235 34.5
    endloop
  endfacet
  facet normal 0 0 -1
    outer loop
      vertex 76.5303 -3.96857 34.5
      vertex 73.8077 -3.31492 34.5
      vertex 76.2 -2.2 34.5
    endloop
  endfacet
  facet normal 0 0 -1
    outer loop
      vertex 75.7059 -6.50562 34.5
      vertex 73.1191 -5.4341 34.5
      vertex 73.505 -4.38804 34.5
    endloop
  endfacet
  facet normal 0 0 -1
    outer loop
      vertex 71.488 -8.34655 34.5
      vertex 73.7533 -9.99235 34.5
      vertex 72.9269 -11.0406 34.5
    endloop
  endfacet
  facet normal 0 0 -1
    outer loop
      vertex 75.1471 -7.71784 34.5
      vertex 72.6523 -6.44666 34.5
      vertex 73.1191 -5.4341 34.5
    endloop
  endfacet
  facet normal 0 0 -1
    outer loop
      vertex 74.4949 -8.88247 34.5
      vertex 72.1075 -7.41948 34.5
      vertex 72.6523 -6.44666 34.5
    endloop
  endfacet
  facet normal 0 0 -1
    outer loop
      vertex 70.7978 -9.22216 34.5
      vertex 72.9269 -11.0406 34.5
      vertex 72.0208 -12.0208 34.5
    endloop
  endfacet
  facet normal 0 0 -1
    outer loop
      vertex 73.7533 -9.99235 34.5
      vertex 71.488 -8.34655 34.5
      vertex 72.1075 -7.41948 34.5
    endloop
  endfacet
  facet normal 0 0 -1
    outer loop
      vertex 70.0409 -10.0409 34.5
      vertex 72.0208 -12.0208 34.5
      vertex 71.0406 -12.9269 34.5
    endloop
  endfacet
  facet normal 0 0 -1
    outer loop
      vertex 72.9269 -11.0406 34.5
      vertex 70.7978 -9.22216 34.5
      vertex 71.488 -8.34655 34.5
    endloop
  endfacet
  facet normal 0 0 -1
    outer loop
      vertex 72.0208 -12.0208 34.5
      vertex 70.0409 -10.0409 34.5
      vertex 70.7978 -9.22216 34.5
    endloop
  endfacet
  facet normal 0 0 -1
    outer loop
      vertex 69.2222 -10.7978 34.5
      vertex 71.0406 -12.9269 34.5
      vertex 69.9923 -13.7533 34.5
    endloop
  endfacet
  facet normal 0 0 -1
    outer loop
      vertex 71.0406 -12.9269 34.5
      vertex 69.2222 -10.7978 34.5
      vertex 70.0409 -10.0409 34.5
    endloop
  endfacet
  facet normal 0 0 -1
    outer loop
      vertex 68.3465 -11.488 34.5
      vertex 69.9923 -13.7533 34.5
      vertex 68.8825 -14.4949 34.5
    endloop
  endfacet
  facet normal 0 0 -1
    outer loop
      vertex 69.9923 -13.7533 34.5
      vertex 68.3465 -11.488 34.5
      vertex 69.2222 -10.7978 34.5
    endloop
  endfacet
  facet normal 0 0 -1
    outer loop
      vertex 67.4195 -12.1075 34.5
      vertex 68.8825 -14.4949 34.5
      vertex 67.7178 -15.1471 34.5
    endloop
  endfacet
  facet normal 0 0 -1
    outer loop
      vertex 68.8825 -14.4949 34.5
      vertex 67.4195 -12.1075 34.5
      vertex 68.3465 -11.488 34.5
    endloop
  endfacet
  facet normal 0 0 -1
    outer loop
      vertex 66.4467 -12.6523 34.5
      vertex 67.7178 -15.1471 34.5
      vertex 66.5056 -15.706 34.5
    endloop
  endfacet
  facet normal 0 0 -1
    outer loop
      vertex 67.7178 -15.1471 34.5
      vertex 66.4467 -12.6523 34.5
      vertex 67.4195 -12.1075 34.5
    endloop
  endfacet
  facet normal 0 0 -1
    outer loop
      vertex 66.5056 -15.706 34.5
      vertex 65.4341 -13.1191 34.5
      vertex 66.4467 -12.6523 34.5
    endloop
  endfacet
  facet normal 0 0 -1
    outer loop
      vertex 65.2533 -16.168 34.5
      vertex 65.4341 -13.1191 34.5
      vertex 66.5056 -15.706 34.5
    endloop
  endfacet
  facet normal 0 0 -1
    outer loop
      vertex 65.2533 -16.168 34.5
      vertex 64.388 -13.505 34.5
      vertex 65.4341 -13.1191 34.5
    endloop
  endfacet
  facet normal 0 0 -1
    outer loop
      vertex 63.9686 -16.5303 34.5
      vertex 64.388 -13.505 34.5
      vertex 65.2533 -16.168 34.5
    endloop
  endfacet
  facet normal 0 0 -1
    outer loop
      vertex 63.9686 -16.5303 34.5
      vertex 63.3149 -13.8077 34.5
      vertex 64.388 -13.505 34.5
    endloop
  endfacet
  facet normal 0 0 -1
    outer loop
      vertex 62.6594 -16.7907 34.5
      vertex 63.3149 -13.8077 34.5
      vertex 63.9686 -16.5303 34.5
    endloop
  endfacet
  facet normal 0 0 -1
    outer loop
      vertex 62.6594 -16.7907 34.5
      vertex 62.2214 -14.0252 34.5
      vertex 63.3149 -13.8077 34.5
    endloop
  endfacet
  facet normal 0 0 -1
    outer loop
      vertex 61.3338 -16.9476 34.5
      vertex 62.2214 -14.0252 34.5
      vertex 62.6594 -16.7907 34.5
    endloop
  endfacet
  facet normal 0 0 -1
    outer loop
      vertex 61.3338 -16.9476 34.5
      vertex 61.1141 -14.1562 34.5
      vertex 62.2214 -14.0252 34.5
    endloop
  endfacet
  facet normal 0 0 -1
    outer loop
      vertex 60 -17 34.5
      vertex 61.1141 -14.1562 34.5
      vertex 61.3338 -16.9476 34.5
    endloop
  endfacet
  facet normal 0 0 -1
    outer loop
      vertex 60 -17 34.5
      vertex 60 -14.2 34.5
      vertex 61.1141 -14.1562 34.5
    endloop
  endfacet
  facet normal 0 0 -1
    outer loop
      vertex 60 -17 34.5
      vertex 58.8859 -14.1562 34.5
      vertex 60 -14.2 34.5
    endloop
  endfacet
  facet normal 0 0 -1
    outer loop
      vertex 58.6662 -16.9476 34.5
      vertex 58.8859 -14.1562 34.5
      vertex 60 -17 34.5
    endloop
  endfacet
  facet normal 0 0 -1
    outer loop
      vertex 58.6662 -16.9476 34.5
      vertex 57.7786 -14.0252 34.5
      vertex 58.8859 -14.1562 34.5
    endloop
  endfacet
  facet normal 0 0 -1
    outer loop
      vertex 57.3406 -16.7907 34.5
      vertex 57.7786 -14.0252 34.5
      vertex 58.6662 -16.9476 34.5
    endloop
  endfacet
  facet normal 0 0 -1
    outer loop
      vertex 57.3406 -16.7907 34.5
      vertex 56.6851 -13.8077 34.5
      vertex 57.7786 -14.0252 34.5
    endloop
  endfacet
  facet normal 0 0 -1
    outer loop
      vertex 56.0314 -16.5303 34.5
      vertex 56.6851 -13.8077 34.5
      vertex 57.3406 -16.7907 34.5
    endloop
  endfacet
  facet normal 0 0 -1
    outer loop
      vertex 56.0314 -16.5303 34.5
      vertex 55.612 -13.505 34.5
      vertex 56.6851 -13.8077 34.5
    endloop
  endfacet
  facet normal 0 0 -1
    outer loop
      vertex 54.7467 -16.168 34.5
      vertex 55.612 -13.505 34.5
      vertex 56.0314 -16.5303 34.5
    endloop
  endfacet
  facet normal 0 0 -1
    outer loop
      vertex 54.7467 -16.168 34.5
      vertex 54.5659 -13.1191 34.5
      vertex 55.612 -13.505 34.5
    endloop
  endfacet
  facet normal 0 0 -1
    outer loop
      vertex 53.4944 -15.706 34.5
      vertex 54.5659 -13.1191 34.5
      vertex 54.7467 -16.168 34.5
    endloop
  endfacet
  facet normal -0 0 -1
    outer loop
      vertex 54.5659 -13.1191 34.5
      vertex 53.4944 -15.706 34.5
      vertex 53.5533 -12.6523 34.5
    endloop
  endfacet
  facet normal 0 0 -1
    outer loop
      vertex 52.2822 -15.1471 34.5
      vertex 53.5533 -12.6523 34.5
      vertex 53.4944 -15.706 34.5
    endloop
  endfacet
  facet normal -0 0 -1
    outer loop
      vertex 53.5533 -12.6523 34.5
      vertex 52.2822 -15.1471 34.5
      vertex 52.5805 -12.1075 34.5
    endloop
  endfacet
  facet normal 0 0 -1
    outer loop
      vertex 51.1175 -14.4949 34.5
      vertex 52.5805 -12.1075 34.5
      vertex 52.2822 -15.1471 34.5
    endloop
  endfacet
  facet normal -0 0 -1
    outer loop
      vertex 52.5805 -12.1075 34.5
      vertex 51.1175 -14.4949 34.5
      vertex 51.6535 -11.488 34.5
    endloop
  endfacet
  facet normal 0 0 -1
    outer loop
      vertex 50.0077 -13.7533 34.5
      vertex 51.6535 -11.488 34.5
      vertex 51.1175 -14.4949 34.5
    endloop
  endfacet
  facet normal -0 0 -1
    outer loop
      vertex 51.6535 -11.488 34.5
      vertex 50.0077 -13.7533 34.5
      vertex 50.7778 -10.7978 34.5
    endloop
  endfacet
  facet normal 0 0 -1
    outer loop
      vertex 48.9594 -12.9269 34.5
      vertex 50.7778 -10.7978 34.5
      vertex 50.0077 -13.7533 34.5
    endloop
  endfacet
  facet normal -0 0 -1
    outer loop
      vertex 50.7778 -10.7978 34.5
      vertex 48.9594 -12.9269 34.5
      vertex 49.9591 -10.0409 34.5
    endloop
  endfacet
  facet normal 0 0 -1
    outer loop
      vertex 47.9792 -12.0208 34.5
      vertex 49.9591 -10.0409 34.5
      vertex 48.9594 -12.9269 34.5
    endloop
  endfacet
  facet normal -0 0 -1
    outer loop
      vertex 49.9591 -10.0409 34.5
      vertex 47.9792 -12.0208 34.5
      vertex 49.2022 -9.22216 34.5
    endloop
  endfacet
  facet normal 0 0 -1
    outer loop
      vertex 47.0731 -11.0406 34.5
      vertex 49.2022 -9.22216 34.5
      vertex 47.9792 -12.0208 34.5
    endloop
  endfacet
  facet normal -0 0 -1
    outer loop
      vertex 49.2022 -9.22216 34.5
      vertex 47.0731 -11.0406 34.5
      vertex 48.512 -8.34655 34.5
    endloop
  endfacet
  facet normal 0 0 -1
    outer loop
      vertex 46.2467 -9.99235 34.5
      vertex 48.512 -8.34655 34.5
      vertex 47.0731 -11.0406 34.5
    endloop
  endfacet
  facet normal -0 0 -1
    outer loop
      vertex 48.512 -8.34655 34.5
      vertex 46.2467 -9.99235 34.5
      vertex 47.8925 -7.41948 34.5
    endloop
  endfacet
  facet normal 0 0 -1
    outer loop
      vertex 45.5051 -8.88247 34.5
      vertex 47.8925 -7.41948 34.5
      vertex 46.2467 -9.99235 34.5
    endloop
  endfacet
  facet normal -0 0 -1
    outer loop
      vertex 47.8925 -7.41948 34.5
      vertex 45.5051 -8.88247 34.5
      vertex 47.3477 -6.44666 34.5
    endloop
  endfacet
  facet normal 0 0 -1
    outer loop
      vertex 44.8529 -7.71784 34.5
      vertex 47.3477 -6.44666 34.5
      vertex 45.5051 -8.88247 34.5
    endloop
  endfacet
  facet normal -0 0 -1
    outer loop
      vertex 47.3477 -6.44666 34.5
      vertex 44.8529 -7.71784 34.5
      vertex 46.8809 -5.4341 34.5
    endloop
  endfacet
  facet normal 0 0 -1
    outer loop
      vertex 44.294 -6.50562 34.5
      vertex 46.8809 -5.4341 34.5
      vertex 44.8529 -7.71784 34.5
    endloop
  endfacet
  facet normal -0 0 -1
    outer loop
      vertex 46.8809 -5.4341 34.5
      vertex 44.294 -6.50562 34.5
      vertex 46.495 -4.38804 34.5
    endloop
  endfacet
  facet normal -0 0 -1
    outer loop
      vertex 46.495 -4.38804 34.5
      vertex 43.832 -5.25329 34.5
      vertex 46.1923 -3.31492 34.5
    endloop
  endfacet
  facet normal 0 0 -1
    outer loop
      vertex 43.832 -5.25329 34.5
      vertex 46.495 -4.38804 34.5
      vertex 44.294 -6.50562 34.5
    endloop
  endfacet
  facet normal -0 0 -1
    outer loop
      vertex 76.7907 2.65939 34.5
      vertex 76.2 2.2 34.5
      vertex 76.5303 3.96857 34.5
    endloop
  endfacet
  facet normal 0 0 -1
    outer loop
      vertex 73.8077 3.31492 34.5
      vertex 76.5303 3.96857 34.5
      vertex 76.2 2.2 34.5
    endloop
  endfacet
  facet normal -0 0 -1
    outer loop
      vertex 76.5303 3.96857 34.5
      vertex 73.8077 3.31492 34.5
      vertex 76.168 5.25329 34.5
    endloop
  endfacet
  facet normal 0 0 -1
    outer loop
      vertex 73.505 4.38804 34.5
      vertex 76.168 5.25329 34.5
      vertex 73.8077 3.31492 34.5
    endloop
  endfacet
  facet normal 0 0 -1
    outer loop
      vertex 73.1191 5.4341 34.5
      vertex 75.7059 6.50562 34.5
      vertex 73.505 4.38804 34.5
    endloop
  endfacet
  facet normal 0 0 -1
    outer loop
      vertex 74.0252 2.22137 34.5
      vertex 76.2 2.2 34.5
      vertex 74.0277 2.2 34.5
    endloop
  endfacet
  facet normal 0 0 -1
    outer loop
      vertex 73.8077 3.31492 34.5
      vertex 76.2 2.2 34.5
      vertex 74.0252 2.22137 34.5
    endloop
  endfacet
  facet normal -0 0 -1
    outer loop
      vertex 76.168 5.25329 34.5
      vertex 73.505 4.38804 34.5
      vertex 75.7059 6.50562 34.5
    endloop
  endfacet
  facet normal -0 0 -1
    outer loop
      vertex 75.7059 6.50562 34.5
      vertex 73.1191 5.4341 34.5
      vertex 75.1471 7.71784 34.5
    endloop
  endfacet
  facet normal 0 0 -1
    outer loop
      vertex 72.6523 6.44666 34.5
      vertex 75.1471 7.71784 34.5
      vertex 73.1191 5.4341 34.5
    endloop
  endfacet
  facet normal -0 0 -1
    outer loop
      vertex 75.1471 7.71784 34.5
      vertex 72.6523 6.44666 34.5
      vertex 74.4949 8.88247 34.5
    endloop
  endfacet
  facet normal 0 0 -1
    outer loop
      vertex 72.1075 7.41948 34.5
      vertex 74.4949 8.88247 34.5
      vertex 72.6523 6.44666 34.5
    endloop
  endfacet
  facet normal -0 0 -1
    outer loop
      vertex 74.4949 8.88247 34.5
      vertex 72.1075 7.41948 34.5
      vertex 73.7533 9.99235 34.5
    endloop
  endfacet
  facet normal 0 0 -1
    outer loop
      vertex 71.488 8.34655 34.5
      vertex 73.7533 9.99235 34.5
      vertex 72.1075 7.41948 34.5
    endloop
  endfacet
  facet normal -0 0 -1
    outer loop
      vertex 73.7533 9.99235 34.5
      vertex 71.488 8.34655 34.5
      vertex 72.9269 11.0406 34.5
    endloop
  endfacet
  facet normal 0 0 -1
    outer loop
      vertex 70.7978 9.22216 34.5
      vertex 72.9269 11.0406 34.5
      vertex 71.488 8.34655 34.5
    endloop
  endfacet
  facet normal -0 0 -1
    outer loop
      vertex 72.9269 11.0406 34.5
      vertex 70.7978 9.22216 34.5
      vertex 72.0208 12.0208 34.5
    endloop
  endfacet
  facet normal 0 0 -1
    outer loop
      vertex 70.0409 10.0409 34.5
      vertex 72.0208 12.0208 34.5
      vertex 70.7978 9.22216 34.5
    endloop
  endfacet
  facet normal -0 0 -1
    outer loop
      vertex 72.0208 12.0208 34.5
      vertex 70.0409 10.0409 34.5
      vertex 71.0406 12.9269 34.5
    endloop
  endfacet
  facet normal 0 0 -1
    outer loop
      vertex 69.2222 10.7978 34.5
      vertex 71.0406 12.9269 34.5
      vertex 70.0409 10.0409 34.5
    endloop
  endfacet
  facet normal -0 0 -1
    outer loop
      vertex 71.0406 12.9269 34.5
      vertex 69.2222 10.7978 34.5
      vertex 69.9923 13.7533 34.5
    endloop
  endfacet
  facet normal 0 0 -1
    outer loop
      vertex 68.3465 11.488 34.5
      vertex 69.9923 13.7533 34.5
      vertex 69.2222 10.7978 34.5
    endloop
  endfacet
  facet normal -0 0 -1
    outer loop
      vertex 69.9923 13.7533 34.5
      vertex 68.3465 11.488 34.5
      vertex 68.8825 14.4949 34.5
    endloop
  endfacet
  facet normal 0 0 -1
    outer loop
      vertex 67.4195 12.1075 34.5
      vertex 68.8825 14.4949 34.5
      vertex 68.3465 11.488 34.5
    endloop
  endfacet
  facet normal -0 0 -1
    outer loop
      vertex 68.8825 14.4949 34.5
      vertex 67.4195 12.1075 34.5
      vertex 67.7178 15.1471 34.5
    endloop
  endfacet
  facet normal 0 0 -1
    outer loop
      vertex 66.4467 12.6523 34.5
      vertex 67.7178 15.1471 34.5
      vertex 67.4195 12.1075 34.5
    endloop
  endfacet
  facet normal -0 0 -1
    outer loop
      vertex 67.7178 15.1471 34.5
      vertex 66.4467 12.6523 34.5
      vertex 66.5056 15.706 34.5
    endloop
  endfacet
  facet normal 0 0 -1
    outer loop
      vertex 65.4341 13.1191 34.5
      vertex 66.5056 15.706 34.5
      vertex 66.4467 12.6523 34.5
    endloop
  endfacet
  facet normal 0 0 -1
    outer loop
      vertex 65.4341 13.1191 34.5
      vertex 65.2533 16.168 34.5
      vertex 66.5056 15.706 34.5
    endloop
  endfacet
  facet normal 0 0 -1
    outer loop
      vertex 64.388 13.505 34.5
      vertex 65.2533 16.168 34.5
      vertex 65.4341 13.1191 34.5
    endloop
  endfacet
  facet normal 0 0 -1
    outer loop
      vertex 64.388 13.505 34.5
      vertex 63.9686 16.5303 34.5
      vertex 65.2533 16.168 34.5
    endloop
  endfacet
  facet normal 0 0 -1
    outer loop
      vertex 63.3149 13.8077 34.5
      vertex 63.9686 16.5303 34.5
      vertex 64.388 13.505 34.5
    endloop
  endfacet
  facet normal 0 0 -1
    outer loop
      vertex 63.3149 13.8077 34.5
      vertex 62.6594 16.7907 34.5
      vertex 63.9686 16.5303 34.5
    endloop
  endfacet
  facet normal 0 0 -1
    outer loop
      vertex 62.2214 14.0252 34.5
      vertex 62.6594 16.7907 34.5
      vertex 63.3149 13.8077 34.5
    endloop
  endfacet
  facet normal 0 0 -1
    outer loop
      vertex 62.2214 14.0252 34.5
      vertex 61.3338 16.9476 34.5
      vertex 62.6594 16.7907 34.5
    endloop
  endfacet
  facet normal 0 0 -1
    outer loop
      vertex 61.1141 14.1562 34.5
      vertex 61.3338 16.9476 34.5
      vertex 62.2214 14.0252 34.5
    endloop
  endfacet
  facet normal 0 0 -1
    outer loop
      vertex 60 14.2 34.5
      vertex 61.3338 16.9476 34.5
      vertex 61.1141 14.1562 34.5
    endloop
  endfacet
  facet normal 0 0 -1
    outer loop
      vertex 60 14.2 34.5
      vertex 60 17 34.5
      vertex 61.3338 16.9476 34.5
    endloop
  endfacet
  facet normal 0 0 -1
    outer loop
      vertex 58.8859 14.1562 34.5
      vertex 60 17 34.5
      vertex 60 14.2 34.5
    endloop
  endfacet
  facet normal 0 0 -1
    outer loop
      vertex 58.8859 14.1562 34.5
      vertex 58.6662 16.9476 34.5
      vertex 60 17 34.5
    endloop
  endfacet
  facet normal 0 0 -1
    outer loop
      vertex 57.7786 14.0252 34.5
      vertex 58.6662 16.9476 34.5
      vertex 58.8859 14.1562 34.5
    endloop
  endfacet
  facet normal 0 0 -1
    outer loop
      vertex 57.7786 14.0252 34.5
      vertex 57.3406 16.7907 34.5
      vertex 58.6662 16.9476 34.5
    endloop
  endfacet
  facet normal 0 0 -1
    outer loop
      vertex 56.6851 13.8077 34.5
      vertex 57.3406 16.7907 34.5
      vertex 57.7786 14.0252 34.5
    endloop
  endfacet
  facet normal 0 0 -1
    outer loop
      vertex 56.6851 13.8077 34.5
      vertex 56.0314 16.5303 34.5
      vertex 57.3406 16.7907 34.5
    endloop
  endfacet
  facet normal 0 0 -1
    outer loop
      vertex 55.612 13.505 34.5
      vertex 56.0314 16.5303 34.5
      vertex 56.6851 13.8077 34.5
    endloop
  endfacet
  facet normal 0 0 -1
    outer loop
      vertex 55.612 13.505 34.5
      vertex 54.7467 16.168 34.5
      vertex 56.0314 16.5303 34.5
    endloop
  endfacet
  facet normal 0 0 -1
    outer loop
      vertex 54.5659 13.1191 34.5
      vertex 54.7467 16.168 34.5
      vertex 55.612 13.505 34.5
    endloop
  endfacet
  facet normal 0 0 -1
    outer loop
      vertex 53.4944 15.706 34.5
      vertex 54.5659 13.1191 34.5
      vertex 53.5533 12.6523 34.5
    endloop
  endfacet
  facet normal 0 0 -1
    outer loop
      vertex 54.5659 13.1191 34.5
      vertex 53.4944 15.706 34.5
      vertex 54.7467 16.168 34.5
    endloop
  endfacet
  facet normal 0 0 -1
    outer loop
      vertex 52.2822 15.1471 34.5
      vertex 53.5533 12.6523 34.5
      vertex 52.5805 12.1075 34.5
    endloop
  endfacet
  facet normal 0 0 -1
    outer loop
      vertex 53.5533 12.6523 34.5
      vertex 52.2822 15.1471 34.5
      vertex 53.4944 15.706 34.5
    endloop
  endfacet
  facet normal 0 0 -1
    outer loop
      vertex 51.1175 14.4949 34.5
      vertex 52.5805 12.1075 34.5
      vertex 51.6535 11.488 34.5
    endloop
  endfacet
  facet normal 0 0 -1
    outer loop
      vertex 52.5805 12.1075 34.5
      vertex 51.1175 14.4949 34.5
      vertex 52.2822 15.1471 34.5
    endloop
  endfacet
  facet normal 0 0 -1
    outer loop
      vertex 50.0077 13.7533 34.5
      vertex 51.6535 11.488 34.5
      vertex 50.7778 10.7978 34.5
    endloop
  endfacet
  facet normal 0 0 -1
    outer loop
      vertex 51.6535 11.488 34.5
      vertex 50.0077 13.7533 34.5
      vertex 51.1175 14.4949 34.5
    endloop
  endfacet
  facet normal 0 0 -1
    outer loop
      vertex 48.9594 12.9269 34.5
      vertex 50.7778 10.7978 34.5
      vertex 49.9591 10.0409 34.5
    endloop
  endfacet
  facet normal 0 0 -1
    outer loop
      vertex 47.9792 12.0208 34.5
      vertex 49.9591 10.0409 34.5
      vertex 49.2022 9.22216 34.5
    endloop
  endfacet
  facet normal 0 0 -1
    outer loop
      vertex 50.7778 10.7978 34.5
      vertex 48.9594 12.9269 34.5
      vertex 50.0077 13.7533 34.5
    endloop
  endfacet
  facet normal 0 0 -1
    outer loop
      vertex 47.0731 11.0406 34.5
      vertex 49.2022 9.22216 34.5
      vertex 48.512 8.34655 34.5
    endloop
  endfacet
  facet normal 0 0 -1
    outer loop
      vertex 49.9591 10.0409 34.5
      vertex 47.9792 12.0208 34.5
      vertex 48.9594 12.9269 34.5
    endloop
  endfacet
  facet normal 0 0 -1
    outer loop
      vertex 46.2467 9.99235 34.5
      vertex 48.512 8.34655 34.5
      vertex 47.8925 7.41948 34.5
    endloop
  endfacet
  facet normal 0 0 -1
    outer loop
      vertex 45.5051 8.88247 34.5
      vertex 47.8925 7.41948 34.5
      vertex 47.3477 6.44666 34.5
    endloop
  endfacet
  facet normal 0 0 -1
    outer loop
      vertex 49.2022 9.22216 34.5
      vertex 47.0731 11.0406 34.5
      vertex 47.9792 12.0208 34.5
    endloop
  endfacet
  facet normal 0 0 -1
    outer loop
      vertex 44.8529 7.71784 34.5
      vertex 47.3477 6.44666 34.5
      vertex 46.8809 5.4341 34.5
    endloop
  endfacet
  facet normal 0 0 -1
    outer loop
      vertex 44.294 6.50562 34.5
      vertex 46.8809 5.4341 34.5
      vertex 46.495 4.38804 34.5
    endloop
  endfacet
  facet normal 0 0 -1
    outer loop
      vertex 48.512 8.34655 34.5
      vertex 46.2467 9.99235 34.5
      vertex 47.0731 11.0406 34.5
    endloop
  endfacet
  facet normal 0 0 -1
    outer loop
      vertex 43.832 5.25329 34.5
      vertex 46.495 4.38804 34.5
      vertex 46.1923 3.31492 34.5
    endloop
  endfacet
  facet normal 0 0 -1
    outer loop
      vertex 43.4697 3.96857 34.5
      vertex 46.1923 3.31492 34.5
      vertex 45.9748 2.22137 34.5
    endloop
  endfacet
  facet normal 0 0 -1
    outer loop
      vertex 43.2093 2.65939 34.5
      vertex 45.9748 2.22137 34.5
      vertex 45.8438 1.11412 34.5
    endloop
  endfacet
  facet normal 0 0 -1
    outer loop
      vertex 47.8925 7.41948 34.5
      vertex 45.5051 8.88247 34.5
      vertex 46.2467 9.99235 34.5
    endloop
  endfacet
  facet normal 0 0 -1
    outer loop
      vertex 43.0524 1.3338 34.5
      vertex 45.8438 1.11412 34.5
      vertex 45.8 0 34.5
    endloop
  endfacet
  facet normal 0 0 -1
    outer loop
      vertex 43.4697 -3.96857 34.5
      vertex 46.1923 -3.31492 34.5
      vertex 43.832 -5.25329 34.5
    endloop
  endfacet
  facet normal -0 0 -1
    outer loop
      vertex 46.1923 -3.31492 34.5
      vertex 43.4697 -3.96857 34.5
      vertex 45.9748 -2.22137 34.5
    endloop
  endfacet
  facet normal 0 0 -1
    outer loop
      vertex 47.3477 6.44666 34.5
      vertex 44.8529 7.71784 34.5
      vertex 45.5051 8.88247 34.5
    endloop
  endfacet
  facet normal 0 0 -1
    outer loop
      vertex 43.2093 -2.65939 34.5
      vertex 45.9748 -2.22137 34.5
      vertex 43.4697 -3.96857 34.5
    endloop
  endfacet
  facet normal 0 0 -1
    outer loop
      vertex 46.8809 5.4341 34.5
      vertex 44.294 6.50562 34.5
      vertex 44.8529 7.71784 34.5
    endloop
  endfacet
  facet normal -0 0 -1
    outer loop
      vertex 45.9748 -2.22137 34.5
      vertex 43.2093 -2.65939 34.5
      vertex 45.8438 -1.11412 34.5
    endloop
  endfacet
  facet normal 0 0 -1
    outer loop
      vertex 46.495 4.38804 34.5
      vertex 43.832 5.25329 34.5
      vertex 44.294 6.50562 34.5
    endloop
  endfacet
  facet normal 0 0 -1
    outer loop
      vertex 43.0524 -1.3338 34.5
      vertex 45.8438 -1.11412 34.5
      vertex 43.2093 -2.65939 34.5
    endloop
  endfacet
  facet normal 0 0 -1
    outer loop
      vertex 46.1923 3.31492 34.5
      vertex 43.4697 3.96857 34.5
      vertex 43.832 5.25329 34.5
    endloop
  endfacet
  facet normal -0 0 -1
    outer loop
      vertex 45.8438 -1.11412 34.5
      vertex 43.0524 -1.3338 34.5
      vertex 45.8 0 34.5
    endloop
  endfacet
  facet normal 0 0 -1
    outer loop
      vertex 45.9748 2.22137 34.5
      vertex 43.2093 2.65939 34.5
      vertex 43.4697 3.96857 34.5
    endloop
  endfacet
  facet normal 0 0 -1
    outer loop
      vertex 43 0 34.5
      vertex 45.8 0 34.5
      vertex 43.0524 -1.3338 34.5
    endloop
  endfacet
  facet normal 0 0 -1
    outer loop
      vertex 45.8438 1.11412 34.5
      vertex 43.0524 1.3338 34.5
      vertex 43.2093 2.65939 34.5
    endloop
  endfacet
  facet normal 0 0 -1
    outer loop
      vertex 45.8 0 34.5
      vertex 43 0 34.5
      vertex 43.0524 1.3338 34.5
    endloop
  endfacet
  facet normal 0.619088 0.785322 -0
    outer loop
      vertex 50.0077 -13.7533 0
      vertex 48.9594 -12.9269 34.5
      vertex 50.0077 -13.7533 34.5
    endloop
  endfacet
  facet normal 0.619088 0.785322 0
    outer loop
      vertex 48.9594 -12.9269 34.5
      vertex 50.0077 -13.7533 0
      vertex 48.9594 -12.9269 0
    endloop
  endfacet
  facet normal 0.872504 -0.488607 0
    outer loop
      vertex 44.8529 7.71784 34.5
      vertex 45.5051 8.88247 0
      vertex 45.5051 8.88247 34.5
    endloop
  endfacet
  facet normal 0.872504 -0.488607 0
    outer loop
      vertex 45.5051 8.88247 0
      vertex 44.8529 7.71784 34.5
      vertex 44.8529 7.71784 0
    endloop
  endfacet
  facet normal 0.346118 0.938191 -0
    outer loop
      vertex 54.7467 -16.168 0
      vertex 53.4944 -15.706 34.5
      vertex 54.7467 -16.168 34.5
    endloop
  endfacet
  facet normal 0.346118 0.938191 0
    outer loop
      vertex 53.4944 -15.706 34.5
      vertex 54.7467 -16.168 0
      vertex 53.4944 -15.706 0
    endloop
  endfacet
  facet normal 0.678806 -0.734318 0
    outer loop
      vertex 47.9792 12.0208 0
      vertex 48.9594 12.9269 34.5
      vertex 47.9792 12.0208 34.5
    endloop
  endfacet
  facet normal 0.678806 -0.734318 0
    outer loop
      vertex 48.9594 12.9269 34.5
      vertex 47.9792 12.0208 0
      vertex 48.9594 12.9269 0
    endloop
  endfacet
  facet normal 0.999229 0.039256 0
    outer loop
      vertex 43.0524 -1.3338 34.5
      vertex 43 0 0
      vertex 43 0 34.5
    endloop
  endfacet
  facet normal 0.999229 0.039256 0
    outer loop
      vertex 43 0 0
      vertex 43.0524 -1.3338 34.5
      vertex 43.0524 -1.3338 0
    endloop
  endfacet
  facet normal 0.908126 0.418696 0
    outer loop
      vertex 44.8529 -7.71784 34.5
      vertex 44.294 -6.50562 0
      vertex 44.294 -6.50562 34.5
    endloop
  endfacet
  facet normal 0.908126 0.418696 0
    outer loop
      vertex 44.294 -6.50562 0
      vertex 44.8529 -7.71784 34.5
      vertex 44.8529 -7.71784 0
    endloop
  endfacet
  facet normal 0.418702 0.908124 -0
    outer loop
      vertex 53.4944 -15.706 0
      vertex 52.2822 -15.1471 34.5
      vertex 53.4944 -15.706 34.5
    endloop
  endfacet
  facet normal 0.418702 0.908124 0
    outer loop
      vertex 52.2822 -15.1471 34.5
      vertex 53.4944 -15.706 0
      vertex 52.2822 -15.1471 0
    endloop
  endfacet
  facet normal 0.962461 0.271421 0
    outer loop
      vertex 43.832 -5.25329 34.5
      vertex 43.4697 -3.96857 0
      vertex 43.4697 -3.96857 34.5
    endloop
  endfacet
  facet normal 0.962461 0.271421 0
    outer loop
      vertex 43.4697 -3.96857 0
      vertex 43.832 -5.25329 34.5
      vertex 43.832 -5.25329 0
    endloop
  endfacet
  facet normal 0.938194 0.346111 0
    outer loop
      vertex 44.294 -6.50562 34.5
      vertex 43.832 -5.25329 0
      vertex 43.832 -5.25329 34.5
    endloop
  endfacet
  facet normal 0.938194 0.346111 0
    outer loop
      vertex 43.832 -5.25329 0
      vertex 44.294 -6.50562 34.5
      vertex 44.294 -6.50562 0
    endloop
  endfacet
  facet normal -0.980787 0.195082 0
    outer loop
      vertex 76.5303 -3.96857 0
      vertex 76.7907 -2.65939 34.5
      vertex 76.7907 -2.65939 0
    endloop
  endfacet
  facet normal -0.980787 0.195082 0
    outer loop
      vertex 76.7907 -2.65939 34.5
      vertex 76.5303 -3.96857 0
      vertex 76.5303 -3.96857 34.5
    endloop
  endfacet
  facet normal 0.346118 -0.938191 0
    outer loop
      vertex 53.4944 15.706 0
      vertex 54.7467 16.168 34.5
      vertex 53.4944 15.706 34.5
    endloop
  endfacet
  facet normal 0.346118 -0.938191 0
    outer loop
      vertex 54.7467 16.168 34.5
      vertex 53.4944 15.706 0
      vertex 54.7467 16.168 0
    endloop
  endfacet
  facet normal 0.488585 -0.872516 0
    outer loop
      vertex 51.1175 14.4949 0
      vertex 52.2822 15.1471 34.5
      vertex 51.1175 14.4949 34.5
    endloop
  endfacet
  facet normal 0.488585 -0.872516 0
    outer loop
      vertex 52.2822 15.1471 34.5
      vertex 51.1175 14.4949 0
      vertex 52.2822 15.1471 0
    endloop
  endfacet
  facet normal 0.039256 0.999229 -0
    outer loop
      vertex 60 -17 0
      vertex 58.6662 -16.9476 34.5
      vertex 60 -17 34.5
    endloop
  endfacet
  facet normal 0.039256 0.999229 0
    outer loop
      vertex 58.6662 -16.9476 34.5
      vertex 60 -17 0
      vertex 58.6662 -16.9476 0
    endloop
  endfacet
  facet normal 0.872504 0.488607 0
    outer loop
      vertex 45.5051 -8.88247 34.5
      vertex 44.8529 -7.71784 0
      vertex 44.8529 -7.71784 34.5
    endloop
  endfacet
  facet normal 0.872504 0.488607 0
    outer loop
      vertex 44.8529 -7.71784 0
      vertex 45.5051 -8.88247 34.5
      vertex 45.5051 -8.88247 0
    endloop
  endfacet
  facet normal -0.418702 0.908124 0
    outer loop
      vertex 67.7178 -15.1471 0
      vertex 66.5056 -15.706 34.5
      vertex 67.7178 -15.1471 34.5
    endloop
  endfacet
  facet normal -0.418702 0.908124 0
    outer loop
      vertex 66.5056 -15.706 34.5
      vertex 67.7178 -15.1471 0
      vertex 66.5056 -15.706 0
    endloop
  endfacet
  facet normal -0.271425 -0.96246 0
    outer loop
      vertex 63.9686 16.5303 0
      vertex 65.2533 16.168 34.5
      vertex 63.9686 16.5303 34.5
    endloop
  endfacet
  facet normal -0.271425 -0.96246 -0
    outer loop
      vertex 65.2533 16.168 34.5
      vertex 63.9686 16.5303 0
      vertex 65.2533 16.168 0
    endloop
  endfacet
  facet normal 0.195079 0.980788 -0
    outer loop
      vertex 57.3406 -16.7907 0
      vertex 56.0314 -16.5303 34.5
      vertex 57.3406 -16.7907 34.5
    endloop
  endfacet
  facet normal 0.195079 0.980788 0
    outer loop
      vertex 56.0314 -16.5303 34.5
      vertex 57.3406 -16.7907 0
      vertex 56.0314 -16.5303 0
    endloop
  endfacet
  facet normal 0.117541 0.993068 -0
    outer loop
      vertex 58.6662 -16.9476 0
      vertex 57.3406 -16.7907 34.5
      vertex 58.6662 -16.9476 34.5
    endloop
  endfacet
  facet normal 0.117541 0.993068 0
    outer loop
      vertex 57.3406 -16.7907 34.5
      vertex 58.6662 -16.9476 0
      vertex 57.3406 -16.7907 0
    endloop
  endfacet
  facet normal -0.346118 -0.938191 0
    outer loop
      vertex 65.2533 16.168 0
      vertex 66.5056 15.706 34.5
      vertex 65.2533 16.168 34.5
    endloop
  endfacet
  facet normal -0.346118 -0.938191 -0
    outer loop
      vertex 66.5056 15.706 34.5
      vertex 65.2533 16.168 0
      vertex 66.5056 15.706 0
    endloop
  endfacet
  facet normal -0.346118 0.938191 0
    outer loop
      vertex 66.5056 -15.706 0
      vertex 65.2533 -16.168 34.5
      vertex 66.5056 -15.706 34.5
    endloop
  endfacet
  facet normal -0.346118 0.938191 0
    outer loop
      vertex 65.2533 -16.168 34.5
      vertex 66.5056 -15.706 0
      vertex 65.2533 -16.168 0
    endloop
  endfacet
  facet normal -0.195079 0.980788 0
    outer loop
      vertex 63.9686 -16.5303 0
      vertex 62.6594 -16.7907 34.5
      vertex 63.9686 -16.5303 34.5
    endloop
  endfacet
  facet normal -0.195079 0.980788 0
    outer loop
      vertex 62.6594 -16.7907 34.5
      vertex 63.9686 -16.5303 0
      vertex 62.6594 -16.7907 0
    endloop
  endfacet
  facet normal -0.039256 0.999229 0
    outer loop
      vertex 61.3338 -16.9476 0
      vertex 60 -17 34.5
      vertex 61.3338 -16.9476 34.5
    endloop
  endfacet
  facet normal -0.039256 0.999229 0
    outer loop
      vertex 60 -17 34.5
      vertex 61.3338 -16.9476 0
      vertex 60 -17 0
    endloop
  endfacet
  facet normal -0.872504 0.488607 0
    outer loop
      vertex 74.4949 -8.88247 0
      vertex 75.1471 -7.71784 34.5
      vertex 75.1471 -7.71784 0
    endloop
  endfacet
  facet normal -0.872504 0.488607 0
    outer loop
      vertex 75.1471 -7.71784 34.5
      vertex 74.4949 -8.88247 0
      vertex 74.4949 -8.88247 34.5
    endloop
  endfacet
  facet normal -0.908155 0.418634 0
    outer loop
      vertex 75.1471 -7.71784 0
      vertex 75.7059 -6.50562 34.5
      vertex 75.7059 -6.50562 0
    endloop
  endfacet
  facet normal -0.908155 0.418634 0
    outer loop
      vertex 75.7059 -6.50562 34.5
      vertex 75.1471 -7.71784 0
      vertex 75.1471 -7.71784 34.5
    endloop
  endfacet
  facet normal 0.980787 0.195082 0
    outer loop
      vertex 43.4697 -3.96857 34.5
      vertex 43.2093 -2.65939 0
      vertex 43.2093 -2.65939 34.5
    endloop
  endfacet
  facet normal 0.980787 0.195082 0
    outer loop
      vertex 43.2093 -2.65939 0
      vertex 43.4697 -3.96857 34.5
      vertex 43.4697 -3.96857 0
    endloop
  endfacet
  facet normal -0.555599 0.83145 0
    outer loop
      vertex 69.9923 -13.7533 0
      vertex 68.8825 -14.4949 34.5
      vertex 69.9923 -13.7533 34.5
    endloop
  endfacet
  facet normal -0.555599 0.83145 0
    outer loop
      vertex 68.8825 -14.4949 34.5
      vertex 69.9923 -13.7533 0
      vertex 68.8825 -14.4949 0
    endloop
  endfacet
  facet normal -0.039256 -0.999229 0
    outer loop
      vertex 60 17 0
      vertex 61.3338 16.9476 34.5
      vertex 60 17 34.5
    endloop
  endfacet
  facet normal -0.039256 -0.999229 -0
    outer loop
      vertex 61.3338 16.9476 34.5
      vertex 60 17 0
      vertex 61.3338 16.9476 0
    endloop
  endfacet
  facet normal -0.619088 -0.785322 0
    outer loop
      vertex 69.9923 13.7533 0
      vertex 71.0406 12.9269 34.5
      vertex 69.9923 13.7533 34.5
    endloop
  endfacet
  facet normal -0.619088 -0.785322 -0
    outer loop
      vertex 71.0406 12.9269 34.5
      vertex 69.9923 13.7533 0
      vertex 71.0406 12.9269 0
    endloop
  endfacet
  facet normal -0.734318 -0.678806 0
    outer loop
      vertex 72.9269 11.0406 0
      vertex 72.0208 12.0208 34.5
      vertex 72.0208 12.0208 0
    endloop
  endfacet
  facet normal -0.734318 -0.678806 0
    outer loop
      vertex 72.0208 12.0208 34.5
      vertex 72.9269 11.0406 0
      vertex 72.9269 11.0406 34.5
    endloop
  endfacet
  facet normal 0.195079 -0.980788 0
    outer loop
      vertex 56.0314 16.5303 0
      vertex 57.3406 16.7907 34.5
      vertex 56.0314 16.5303 34.5
    endloop
  endfacet
  facet normal 0.195079 -0.980788 0
    outer loop
      vertex 57.3406 16.7907 34.5
      vertex 56.0314 16.5303 0
      vertex 57.3406 16.7907 0
    endloop
  endfacet
  facet normal -0.619088 0.785322 0
    outer loop
      vertex 71.0406 -12.9269 0
      vertex 69.9923 -13.7533 34.5
      vertex 71.0406 -12.9269 34.5
    endloop
  endfacet
  facet normal -0.619088 0.785322 0
    outer loop
      vertex 69.9923 -13.7533 34.5
      vertex 71.0406 -12.9269 0
      vertex 69.9923 -13.7533 0
    endloop
  endfacet
  facet normal -0.785307 -0.619106 0
    outer loop
      vertex 73.7533 9.99235 0
      vertex 72.9269 11.0406 34.5
      vertex 72.9269 11.0406 0
    endloop
  endfacet
  facet normal -0.785307 -0.619106 0
    outer loop
      vertex 72.9269 11.0406 34.5
      vertex 73.7533 9.99235 0
      vertex 73.7533 9.99235 34.5
    endloop
  endfacet
  facet normal 0.831469 -0.555571 0
    outer loop
      vertex 45.5051 8.88247 34.5
      vertex 46.2467 9.99235 0
      vertex 46.2467 9.99235 34.5
    endloop
  endfacet
  facet normal 0.831469 -0.555571 0
    outer loop
      vertex 46.2467 9.99235 0
      vertex 45.5051 8.88247 34.5
      vertex 45.5051 8.88247 0
    endloop
  endfacet
  facet normal 0.488585 0.872516 -0
    outer loop
      vertex 52.2822 -15.1471 0
      vertex 51.1175 -14.4949 34.5
      vertex 52.2822 -15.1471 34.5
    endloop
  endfacet
  facet normal 0.488585 0.872516 0
    outer loop
      vertex 51.1175 -14.4949 34.5
      vertex 52.2822 -15.1471 0
      vertex 51.1175 -14.4949 0
    endloop
  endfacet
  facet normal 0.418649 0.908148 -0
    outer loop
      vertex 54.5659 -13.1191 34.5
      vertex 53.5533 -12.6523 54
      vertex 54.5659 -13.1191 54
    endloop
  endfacet
  facet normal 0.418649 0.908148 0
    outer loop
      vertex 53.5533 -12.6523 54
      vertex 54.5659 -13.1191 34.5
      vertex 53.5533 -12.6523 34.5
    endloop
  endfacet
  facet normal -0.993227 -0.116194 0
    outer loop
      vertex 74.0277 2.2 34.5
      vertex 74.0252 2.22137 54
      vertex 74.0252 2.22137 34.5
    endloop
  endfacet
  facet normal -0.993227 -0.116194 0
    outer loop
      vertex 74.0252 2.22137 54
      vertex 74.0277 2.2 34.5
      vertex 74.0277 2.2 54
    endloop
  endfacet
  facet normal -0.980789 -0.195073 0
    outer loop
      vertex 74.0252 2.22137 34.5
      vertex 73.8077 3.31492 54
      vertex 73.8077 3.31492 34.5
    endloop
  endfacet
  facet normal -0.980789 -0.195073 0
    outer loop
      vertex 73.8077 3.31492 54
      vertex 74.0252 2.22137 34.5
      vertex 74.0252 2.22137 54
    endloop
  endfacet
  facet normal 0.346096 -0.938199 0
    outer loop
      vertex 54.5659 13.1191 34.5
      vertex 55.612 13.505 54
      vertex 54.5659 13.1191 54
    endloop
  endfacet
  facet normal 0.346096 -0.938199 0
    outer loop
      vertex 55.612 13.505 54
      vertex 54.5659 13.1191 34.5
      vertex 55.612 13.505 34.5
    endloop
  endfacet
  facet normal 0.734294 -0.678832 0
    outer loop
      vertex 49.2022 9.22216 54
      vertex 49.9591 10.0409 34.5
      vertex 49.9591 10.0409 54
    endloop
  endfacet
  facet normal 0.734294 -0.678832 0
    outer loop
      vertex 49.9591 10.0409 34.5
      vertex 49.2022 9.22216 54
      vertex 49.2022 9.22216 34.5
    endloop
  endfacet
  facet normal -0.993227 0.116194 0
    outer loop
      vertex 74.0252 -2.22137 34.5
      vertex 74.0277 -2.2 54
      vertex 74.0277 -2.2 34.5
    endloop
  endfacet
  facet normal -0.993227 0.116194 0
    outer loop
      vertex 74.0277 -2.2 54
      vertex 74.0252 -2.22137 34.5
      vertex 74.0252 -2.22137 54
    endloop
  endfacet
  facet normal 0.872498 -0.488618 0
    outer loop
      vertex 47.3477 6.44666 54
      vertex 47.8925 7.41948 34.5
      vertex 47.8925 7.41948 54
    endloop
  endfacet
  facet normal 0.872498 -0.488618 0
    outer loop
      vertex 47.8925 7.41948 34.5
      vertex 47.3477 6.44666 54
      vertex 47.3477 6.44666 34.5
    endloop
  endfacet
  facet normal 0.872498 0.488618 0
    outer loop
      vertex 47.8925 -7.41948 54
      vertex 47.3477 -6.44666 34.5
      vertex 47.3477 -6.44666 54
    endloop
  endfacet
  facet normal 0.872498 0.488618 0
    outer loop
      vertex 47.3477 -6.44666 34.5
      vertex 47.8925 -7.41948 54
      vertex 47.8925 -7.41948 34.5
    endloop
  endfacet
  facet normal 0.0392839 0.999228 -0
    outer loop
      vertex 60 -14.2 34.5
      vertex 58.8859 -14.1562 54
      vertex 60 -14.2 54
    endloop
  endfacet
  facet normal 0.0392839 0.999228 0
    outer loop
      vertex 58.8859 -14.1562 54
      vertex 60 -14.2 34.5
      vertex 58.8859 -14.1562 34.5
    endloop
  endfacet
  facet normal 0.195081 -0.980787 0
    outer loop
      vertex 56.6851 13.8077 34.5
      vertex 57.7786 14.0252 54
      vertex 56.6851 13.8077 54
    endloop
  endfacet
  facet normal 0.195081 -0.980787 0
    outer loop
      vertex 57.7786 14.0252 54
      vertex 56.6851 13.8077 34.5
      vertex 57.7786 14.0252 34.5
    endloop
  endfacet
  facet normal -0.78535 -0.619052 0
    outer loop
      vertex 71.488 8.34655 34.5
      vertex 70.7978 9.22216 54
      vertex 70.7978 9.22216 34.5
    endloop
  endfacet
  facet normal -0.78535 -0.619052 0
    outer loop
      vertex 70.7978 9.22216 54
      vertex 71.488 8.34655 34.5
      vertex 71.488 8.34655 54
    endloop
  endfacet
  facet normal -0.195081 0.980787 0
    outer loop
      vertex 63.3149 -13.8077 34.5
      vertex 62.2214 -14.0252 54
      vertex 63.3149 -13.8077 54
    endloop
  endfacet
  facet normal -0.195081 0.980787 0
    outer loop
      vertex 62.2214 -14.0252 54
      vertex 63.3149 -13.8077 34.5
      vertex 62.2214 -14.0252 34.5
    endloop
  endfacet
  facet normal -0.346096 -0.938199 0
    outer loop
      vertex 64.388 13.505 34.5
      vertex 65.4341 13.1191 54
      vertex 64.388 13.505 54
    endloop
  endfacet
  facet normal -0.346096 -0.938199 -0
    outer loop
      vertex 65.4341 13.1191 54
      vertex 64.388 13.505 34.5
      vertex 65.4341 13.1191 34.5
    endloop
  endfacet
  facet normal 0.67885 -0.734277 0
    outer loop
      vertex 49.9591 10.0409 34.5
      vertex 50.7778 10.7978 54
      vertex 49.9591 10.0409 54
    endloop
  endfacet
  facet normal 0.67885 -0.734277 0
    outer loop
      vertex 50.7778 10.7978 54
      vertex 49.9591 10.0409 34.5
      vertex 50.7778 10.7978 34.5
    endloop
  endfacet
  facet normal -0.555631 0.831429 0
    outer loop
      vertex 68.3465 -11.488 34.5
      vertex 67.4195 -12.1075 54
      vertex 68.3465 -11.488 54
    endloop
  endfacet
  facet normal -0.555631 0.831429 0
    outer loop
      vertex 67.4195 -12.1075 54
      vertex 68.3465 -11.488 34.5
      vertex 67.4195 -12.1075 34.5
    endloop
  endfacet
  facet normal 0.78535 -0.619052 0
    outer loop
      vertex 48.512 8.34655 54
      vertex 49.2022 9.22216 34.5
      vertex 49.2022 9.22216 54
    endloop
  endfacet
  facet normal 0.78535 -0.619052 0
    outer loop
      vertex 49.2022 9.22216 34.5
      vertex 48.512 8.34655 54
      vertex 48.512 8.34655 34.5
    endloop
  endfacet
  facet normal -0.78535 0.619052 0
    outer loop
      vertex 70.7978 -9.22216 34.5
      vertex 71.488 -8.34655 54
      vertex 71.488 -8.34655 34.5
    endloop
  endfacet
  facet normal -0.78535 0.619052 0
    outer loop
      vertex 71.488 -8.34655 54
      vertex 70.7978 -9.22216 34.5
      vertex 70.7978 -9.22216 54
    endloop
  endfacet
  facet normal -0.962444 0.271481 0
    outer loop
      vertex 73.505 -4.38804 34.5
      vertex 73.8077 -3.31492 54
      vertex 73.8077 -3.31492 34.5
    endloop
  endfacet
  facet normal -0.962444 0.271481 0
    outer loop
      vertex 73.8077 -3.31492 54
      vertex 73.505 -4.38804 34.5
      vertex 73.505 -4.38804 54
    endloop
  endfacet
  facet normal 0.271486 -0.962442 0
    outer loop
      vertex 55.612 13.505 34.5
      vertex 56.6851 13.8077 54
      vertex 55.612 13.505 54
    endloop
  endfacet
  facet normal 0.271486 -0.962442 0
    outer loop
      vertex 56.6851 13.8077 54
      vertex 55.612 13.505 34.5
      vertex 56.6851 13.8077 34.5
    endloop
  endfacet
  facet normal 0.980789 0.195073 0
    outer loop
      vertex 46.1923 -3.31492 54
      vertex 45.9748 -2.22137 34.5
      vertex 45.9748 -2.22137 54
    endloop
  endfacet
  facet normal 0.980789 0.195073 0
    outer loop
      vertex 45.9748 -2.22137 34.5
      vertex 46.1923 -3.31492 54
      vertex 46.1923 -3.31492 34.5
    endloop
  endfacet
  facet normal 0.67885 0.734277 -0
    outer loop
      vertex 50.7778 -10.7978 34.5
      vertex 49.9591 -10.0409 54
      vertex 50.7778 -10.7978 54
    endloop
  endfacet
  facet normal 0.67885 0.734277 0
    outer loop
      vertex 49.9591 -10.0409 54
      vertex 50.7778 -10.7978 34.5
      vertex 49.9591 -10.0409 34.5
    endloop
  endfacet
  facet normal 0.999228 -0.0392832 0
    outer loop
      vertex 45.8 0 54
      vertex 45.8438 1.11412 34.5
      vertex 45.8438 1.11412 54
    endloop
  endfacet
  facet normal 0.999228 -0.0392832 0
    outer loop
      vertex 45.8438 1.11412 34.5
      vertex 45.8 0 54
      vertex 45.8 0 34.5
    endloop
  endfacet
  facet normal 0.271486 0.962442 -0
    outer loop
      vertex 56.6851 -13.8077 34.5
      vertex 55.612 -13.505 54
      vertex 56.6851 -13.8077 54
    endloop
  endfacet
  facet normal 0.271486 0.962442 0
    outer loop
      vertex 55.612 -13.505 54
      vertex 56.6851 -13.8077 34.5
      vertex 55.612 -13.505 34.5
    endloop
  endfacet
  facet normal 0.734294 0.678832 0
    outer loop
      vertex 49.9591 -10.0409 54
      vertex 49.2022 -9.22216 34.5
      vertex 49.2022 -9.22216 54
    endloop
  endfacet
  facet normal 0.734294 0.678832 0
    outer loop
      vertex 49.2022 -9.22216 34.5
      vertex 49.9591 -10.0409 54
      vertex 49.9591 -10.0409 34.5
    endloop
  endfacet
  facet normal -0.117486 0.993074 0
    outer loop
      vertex 62.2214 -14.0252 34.5
      vertex 61.1141 -14.1562 54
      vertex 62.2214 -14.0252 54
    endloop
  endfacet
  facet normal -0.117486 0.993074 0
    outer loop
      vertex 61.1141 -14.1562 54
      vertex 62.2214 -14.0252 34.5
      vertex 61.1141 -14.1562 34.5
    endloop
  endfacet
  facet normal 0.993074 0.117492 0
    outer loop
      vertex 45.9748 -2.22137 54
      vertex 45.8438 -1.11412 34.5
      vertex 45.8438 -1.11412 54
    endloop
  endfacet
  facet normal 0.993074 0.117492 0
    outer loop
      vertex 45.8438 -1.11412 34.5
      vertex 45.9748 -2.22137 54
      vertex 45.9748 -2.22137 34.5
    endloop
  endfacet
  facet normal 0.908142 0.418662 0
    outer loop
      vertex 47.3477 -6.44666 54
      vertex 46.8809 -5.4341 34.5
      vertex 46.8809 -5.4341 54
    endloop
  endfacet
  facet normal 0.908142 0.418662 0
    outer loop
      vertex 46.8809 -5.4341 34.5
      vertex 47.3477 -6.44666 54
      vertex 47.3477 -6.44666 34.5
    endloop
  endfacet
  facet normal -0.67885 -0.734277 0
    outer loop
      vertex 69.2222 10.7978 34.5
      vertex 70.0409 10.0409 54
      vertex 69.2222 10.7978 54
    endloop
  endfacet
  facet normal -0.67885 -0.734277 -0
    outer loop
      vertex 70.0409 10.0409 54
      vertex 69.2222 10.7978 34.5
      vertex 70.0409 10.0409 34.5
    endloop
  endfacet
  facet normal -0.0392839 -0.999228 0
    outer loop
      vertex 60 14.2 34.5
      vertex 61.1141 14.1562 54
      vertex 60 14.2 54
    endloop
  endfacet
  facet normal -0.0392839 -0.999228 -0
    outer loop
      vertex 61.1141 14.1562 54
      vertex 60 14.2 34.5
      vertex 61.1141 14.1562 34.5
    endloop
  endfacet
  facet normal -0.488625 -0.872494 0
    outer loop
      vertex 66.4467 12.6523 34.5
      vertex 67.4195 12.1075 54
      vertex 66.4467 12.6523 54
    endloop
  endfacet
  facet normal -0.488625 -0.872494 -0
    outer loop
      vertex 67.4195 12.1075 54
      vertex 66.4467 12.6523 34.5
      vertex 67.4195 12.1075 34.5
    endloop
  endfacet
  facet normal -0.619013 -0.785381 0
    outer loop
      vertex 68.3465 11.488 34.5
      vertex 69.2222 10.7978 54
      vertex 68.3465 11.488 54
    endloop
  endfacet
  facet normal -0.619013 -0.785381 -0
    outer loop
      vertex 69.2222 10.7978 54
      vertex 68.3465 11.488 34.5
      vertex 69.2222 10.7978 34.5
    endloop
  endfacet
  facet normal -0.555631 -0.831429 0
    outer loop
      vertex 67.4195 12.1075 34.5
      vertex 68.3465 11.488 54
      vertex 67.4195 12.1075 54
    endloop
  endfacet
  facet normal -0.555631 -0.831429 -0
    outer loop
      vertex 68.3465 11.488 54
      vertex 67.4195 12.1075 34.5
      vertex 68.3465 11.488 34.5
    endloop
  endfacet
  facet normal 0.555631 -0.831429 0
    outer loop
      vertex 51.6535 11.488 34.5
      vertex 52.5805 12.1075 54
      vertex 51.6535 11.488 54
    endloop
  endfacet
  facet normal 0.555631 -0.831429 0
    outer loop
      vertex 52.5805 12.1075 54
      vertex 51.6535 11.488 34.5
      vertex 52.5805 12.1075 34.5
    endloop
  endfacet
  facet normal -0.271486 -0.962442 0
    outer loop
      vertex 63.3149 13.8077 34.5
      vertex 64.388 13.505 54
      vertex 63.3149 13.8077 54
    endloop
  endfacet
  facet normal -0.271486 -0.962442 -0
    outer loop
      vertex 64.388 13.505 54
      vertex 63.3149 13.8077 34.5
      vertex 64.388 13.505 34.5
    endloop
  endfacet
  facet normal 0.938195 0.346108 0
    outer loop
      vertex 46.8809 -5.4341 54
      vertex 46.495 -4.38804 34.5
      vertex 46.495 -4.38804 54
    endloop
  endfacet
  facet normal 0.938195 0.346108 0
    outer loop
      vertex 46.495 -4.38804 34.5
      vertex 46.8809 -5.4341 54
      vertex 46.8809 -5.4341 34.5
    endloop
  endfacet
  facet normal 0.831448 -0.555602 0
    outer loop
      vertex 47.8925 7.41948 54
      vertex 48.512 8.34655 34.5
      vertex 48.512 8.34655 54
    endloop
  endfacet
  facet normal 0.831448 -0.555602 0
    outer loop
      vertex 48.512 8.34655 34.5
      vertex 47.8925 7.41948 54
      vertex 47.8925 7.41948 34.5
    endloop
  endfacet
  facet normal 0.488625 0.872494 -0
    outer loop
      vertex 53.5533 -12.6523 34.5
      vertex 52.5805 -12.1075 54
      vertex 53.5533 -12.6523 54
    endloop
  endfacet
  facet normal 0.488625 0.872494 0
    outer loop
      vertex 52.5805 -12.1075 54
      vertex 53.5533 -12.6523 34.5
      vertex 52.5805 -12.1075 34.5
    endloop
  endfacet
  facet normal -0.346096 0.938199 0
    outer loop
      vertex 65.4341 -13.1191 34.5
      vertex 64.388 -13.505 54
      vertex 65.4341 -13.1191 54
    endloop
  endfacet
  facet normal -0.346096 0.938199 0
    outer loop
      vertex 64.388 -13.505 54
      vertex 65.4341 -13.1191 34.5
      vertex 64.388 -13.505 34.5
    endloop
  endfacet
  facet normal -0.0392839 0.999228 0
    outer loop
      vertex 61.1141 -14.1562 34.5
      vertex 60 -14.2 54
      vertex 61.1141 -14.1562 54
    endloop
  endfacet
  facet normal -0.0392839 0.999228 0
    outer loop
      vertex 60 -14.2 54
      vertex 61.1141 -14.1562 34.5
      vertex 60 -14.2 34.5
    endloop
  endfacet
  facet normal -0.488625 0.872494 0
    outer loop
      vertex 67.4195 -12.1075 34.5
      vertex 66.4467 -12.6523 54
      vertex 67.4195 -12.1075 54
    endloop
  endfacet
  facet normal -0.488625 0.872494 0
    outer loop
      vertex 66.4467 -12.6523 54
      vertex 67.4195 -12.1075 34.5
      vertex 66.4467 -12.6523 34.5
    endloop
  endfacet
  facet normal -0.980789 0.195073 0
    outer loop
      vertex 73.8077 -3.31492 34.5
      vertex 74.0252 -2.22137 54
      vertex 74.0252 -2.22137 34.5
    endloop
  endfacet
  facet normal -0.980789 0.195073 0
    outer loop
      vertex 74.0252 -2.22137 54
      vertex 73.8077 -3.31492 34.5
      vertex 73.8077 -3.31492 54
    endloop
  endfacet
  facet normal -0.938195 -0.346108 0
    outer loop
      vertex 73.505 4.38804 34.5
      vertex 73.1191 5.4341 54
      vertex 73.1191 5.4341 34.5
    endloop
  endfacet
  facet normal -0.938195 -0.346108 0
    outer loop
      vertex 73.1191 5.4341 54
      vertex 73.505 4.38804 34.5
      vertex 73.505 4.38804 54
    endloop
  endfacet
  facet normal 0.962444 -0.271481 0
    outer loop
      vertex 46.1923 3.31492 54
      vertex 46.495 4.38804 34.5
      vertex 46.495 4.38804 54
    endloop
  endfacet
  facet normal 0.962444 -0.271481 0
    outer loop
      vertex 46.495 4.38804 34.5
      vertex 46.1923 3.31492 54
      vertex 46.1923 3.31492 34.5
    endloop
  endfacet
  facet normal -0.962444 -0.271481 0
    outer loop
      vertex 73.8077 3.31492 34.5
      vertex 73.505 4.38804 54
      vertex 73.505 4.38804 34.5
    endloop
  endfacet
  facet normal -0.962444 -0.271481 0
    outer loop
      vertex 73.505 4.38804 54
      vertex 73.8077 3.31492 34.5
      vertex 73.8077 3.31492 54
    endloop
  endfacet
  facet normal -0.117486 -0.993074 0
    outer loop
      vertex 61.1141 14.1562 34.5
      vertex 62.2214 14.0252 54
      vertex 61.1141 14.1562 54
    endloop
  endfacet
  facet normal -0.117486 -0.993074 -0
    outer loop
      vertex 62.2214 14.0252 54
      vertex 61.1141 14.1562 34.5
      vertex 62.2214 14.0252 34.5
    endloop
  endfacet
  facet normal -0.418649 -0.908148 0
    outer loop
      vertex 65.4341 13.1191 34.5
      vertex 66.4467 12.6523 54
      vertex 65.4341 13.1191 54
    endloop
  endfacet
  facet normal -0.418649 -0.908148 -0
    outer loop
      vertex 66.4467 12.6523 54
      vertex 65.4341 13.1191 34.5
      vertex 66.4467 12.6523 34.5
    endloop
  endfacet
  facet normal -0.831448 -0.555602 0
    outer loop
      vertex 72.1075 7.41948 34.5
      vertex 71.488 8.34655 54
      vertex 71.488 8.34655 34.5
    endloop
  endfacet
  facet normal -0.831448 -0.555602 0
    outer loop
      vertex 71.488 8.34655 54
      vertex 72.1075 7.41948 34.5
      vertex 72.1075 7.41948 54
    endloop
  endfacet
  facet normal 0.831448 0.555602 0
    outer loop
      vertex 48.512 -8.34655 54
      vertex 47.8925 -7.41948 34.5
      vertex 47.8925 -7.41948 54
    endloop
  endfacet
  facet normal 0.831448 0.555602 0
    outer loop
      vertex 47.8925 -7.41948 34.5
      vertex 48.512 -8.34655 54
      vertex 48.512 -8.34655 34.5
    endloop
  endfacet
  facet normal -0.67885 0.734277 0
    outer loop
      vertex 70.0409 -10.0409 34.5
      vertex 69.2222 -10.7978 54
      vertex 70.0409 -10.0409 54
    endloop
  endfacet
  facet normal -0.67885 0.734277 0
    outer loop
      vertex 69.2222 -10.7978 54
      vertex 70.0409 -10.0409 34.5
      vertex 69.2222 -10.7978 34.5
    endloop
  endfacet
  facet normal 0.619013 -0.785381 0
    outer loop
      vertex 50.7778 10.7978 34.5
      vertex 51.6535 11.488 54
      vertex 50.7778 10.7978 54
    endloop
  endfacet
  facet normal 0.619013 -0.785381 0
    outer loop
      vertex 51.6535 11.488 54
      vertex 50.7778 10.7978 34.5
      vertex 51.6535 11.488 34.5
    endloop
  endfacet
  facet normal -0.908142 -0.418662 0
    outer loop
      vertex 73.1191 5.4341 34.5
      vertex 72.6523 6.44666 54
      vertex 72.6523 6.44666 34.5
    endloop
  endfacet
  facet normal -0.908142 -0.418662 0
    outer loop
      vertex 72.6523 6.44666 54
      vertex 73.1191 5.4341 34.5
      vertex 73.1191 5.4341 54
    endloop
  endfacet
  facet normal -0.872498 -0.488618 0
    outer loop
      vertex 72.6523 6.44666 34.5
      vertex 72.1075 7.41948 54
      vertex 72.1075 7.41948 34.5
    endloop
  endfacet
  facet normal -0.872498 -0.488618 0
    outer loop
      vertex 72.1075 7.41948 54
      vertex 72.6523 6.44666 34.5
      vertex 72.6523 6.44666 54
    endloop
  endfacet
  facet normal 0.980789 -0.195073 0
    outer loop
      vertex 45.9748 2.22137 54
      vertex 46.1923 3.31492 34.5
      vertex 46.1923 3.31492 54
    endloop
  endfacet
  facet normal 0.980789 -0.195073 0
    outer loop
      vertex 46.1923 3.31492 34.5
      vertex 45.9748 2.22137 54
      vertex 45.9748 2.22137 34.5
    endloop
  endfacet
  facet normal 0.78535 0.619052 0
    outer loop
      vertex 49.2022 -9.22216 54
      vertex 48.512 -8.34655 34.5
      vertex 48.512 -8.34655 54
    endloop
  endfacet
  facet normal 0.78535 0.619052 0
    outer loop
      vertex 48.512 -8.34655 34.5
      vertex 49.2022 -9.22216 54
      vertex 49.2022 -9.22216 34.5
    endloop
  endfacet
  facet normal 0.962444 0.271481 0
    outer loop
      vertex 46.495 -4.38804 54
      vertex 46.1923 -3.31492 34.5
      vertex 46.1923 -3.31492 54
    endloop
  endfacet
  facet normal 0.962444 0.271481 0
    outer loop
      vertex 46.1923 -3.31492 34.5
      vertex 46.495 -4.38804 54
      vertex 46.495 -4.38804 34.5
    endloop
  endfacet
  facet normal 0.0392839 -0.999228 0
    outer loop
      vertex 58.8859 14.1562 34.5
      vertex 60 14.2 54
      vertex 58.8859 14.1562 54
    endloop
  endfacet
  facet normal 0.0392839 -0.999228 0
    outer loop
      vertex 60 14.2 54
      vertex 58.8859 14.1562 34.5
      vertex 60 14.2 34.5
    endloop
  endfacet
  facet normal -0.195081 -0.980787 0
    outer loop
      vertex 62.2214 14.0252 34.5
      vertex 63.3149 13.8077 54
      vertex 62.2214 14.0252 54
    endloop
  endfacet
  facet normal -0.195081 -0.980787 -0
    outer loop
      vertex 63.3149 13.8077 54
      vertex 62.2214 14.0252 34.5
      vertex 63.3149 13.8077 34.5
    endloop
  endfacet
  facet normal 0.999228 0.0392832 0
    outer loop
      vertex 45.8438 -1.11412 54
      vertex 45.8 0 34.5
      vertex 45.8 0 54
    endloop
  endfacet
  facet normal 0.999228 0.0392832 0
    outer loop
      vertex 45.8 0 34.5
      vertex 45.8438 -1.11412 54
      vertex 45.8438 -1.11412 34.5
    endloop
  endfacet
  facet normal 0.488625 -0.872494 0
    outer loop
      vertex 52.5805 12.1075 34.5
      vertex 53.5533 12.6523 54
      vertex 52.5805 12.1075 54
    endloop
  endfacet
  facet normal 0.488625 -0.872494 0
    outer loop
      vertex 53.5533 12.6523 54
      vertex 52.5805 12.1075 34.5
      vertex 53.5533 12.6523 34.5
    endloop
  endfacet
  facet normal 0.117486 -0.993074 0
    outer loop
      vertex 57.7786 14.0252 34.5
      vertex 58.8859 14.1562 54
      vertex 57.7786 14.0252 54
    endloop
  endfacet
  facet normal 0.117486 -0.993074 0
    outer loop
      vertex 58.8859 14.1562 54
      vertex 57.7786 14.0252 34.5
      vertex 58.8859 14.1562 34.5
    endloop
  endfacet
  facet normal -0.734294 0.678832 0
    outer loop
      vertex 70.0409 -10.0409 34.5
      vertex 70.7978 -9.22216 54
      vertex 70.7978 -9.22216 34.5
    endloop
  endfacet
  facet normal -0.734294 0.678832 0
    outer loop
      vertex 70.7978 -9.22216 54
      vertex 70.0409 -10.0409 34.5
      vertex 70.0409 -10.0409 54
    endloop
  endfacet
  facet normal 0.938195 -0.346108 0
    outer loop
      vertex 46.495 4.38804 54
      vertex 46.8809 5.4341 34.5
      vertex 46.8809 5.4341 54
    endloop
  endfacet
  facet normal 0.938195 -0.346108 0
    outer loop
      vertex 46.8809 5.4341 34.5
      vertex 46.495 4.38804 54
      vertex 46.495 4.38804 34.5
    endloop
  endfacet
  facet normal -0.418649 0.908148 0
    outer loop
      vertex 66.4467 -12.6523 34.5
      vertex 65.4341 -13.1191 54
      vertex 66.4467 -12.6523 54
    endloop
  endfacet
  facet normal -0.418649 0.908148 0
    outer loop
      vertex 65.4341 -13.1191 54
      vertex 66.4467 -12.6523 34.5
      vertex 65.4341 -13.1191 34.5
    endloop
  endfacet
  facet normal 0.418649 -0.908148 0
    outer loop
      vertex 53.5533 12.6523 34.5
      vertex 54.5659 13.1191 54
      vertex 53.5533 12.6523 54
    endloop
  endfacet
  facet normal 0.418649 -0.908148 0
    outer loop
      vertex 54.5659 13.1191 54
      vertex 53.5533 12.6523 34.5
      vertex 54.5659 13.1191 34.5
    endloop
  endfacet
  facet normal -0.271486 0.962442 0
    outer loop
      vertex 64.388 -13.505 34.5
      vertex 63.3149 -13.8077 54
      vertex 64.388 -13.505 54
    endloop
  endfacet
  facet normal -0.271486 0.962442 0
    outer loop
      vertex 63.3149 -13.8077 54
      vertex 64.388 -13.505 34.5
      vertex 63.3149 -13.8077 34.5
    endloop
  endfacet
  facet normal 0.993074 -0.117492 0
    outer loop
      vertex 45.8438 1.11412 54
      vertex 45.9748 2.22137 34.5
      vertex 45.9748 2.22137 54
    endloop
  endfacet
  facet normal 0.993074 -0.117492 0
    outer loop
      vertex 45.9748 2.22137 34.5
      vertex 45.8438 1.11412 54
      vertex 45.8438 1.11412 34.5
    endloop
  endfacet
  facet normal -0.938195 0.346108 0
    outer loop
      vertex 73.1191 -5.4341 34.5
      vertex 73.505 -4.38804 54
      vertex 73.505 -4.38804 34.5
    endloop
  endfacet
  facet normal -0.938195 0.346108 0
    outer loop
      vertex 73.505 -4.38804 54
      vertex 73.1191 -5.4341 34.5
      vertex 73.1191 -5.4341 54
    endloop
  endfacet
  facet normal -0.908142 0.418662 0
    outer loop
      vertex 72.6523 -6.44666 34.5
      vertex 73.1191 -5.4341 54
      vertex 73.1191 -5.4341 34.5
    endloop
  endfacet
  facet normal -0.908142 0.418662 0
    outer loop
      vertex 73.1191 -5.4341 54
      vertex 72.6523 -6.44666 34.5
      vertex 72.6523 -6.44666 54
    endloop
  endfacet
  facet normal -0.734294 -0.678832 0
    outer loop
      vertex 70.7978 9.22216 34.5
      vertex 70.0409 10.0409 54
      vertex 70.0409 10.0409 34.5
    endloop
  endfacet
  facet normal -0.734294 -0.678832 0
    outer loop
      vertex 70.0409 10.0409 54
      vertex 70.7978 9.22216 34.5
      vertex 70.7978 9.22216 54
    endloop
  endfacet
  facet normal -0.831448 0.555602 0
    outer loop
      vertex 71.488 -8.34655 34.5
      vertex 72.1075 -7.41948 54
      vertex 72.1075 -7.41948 34.5
    endloop
  endfacet
  facet normal -0.831448 0.555602 0
    outer loop
      vertex 72.1075 -7.41948 54
      vertex 71.488 -8.34655 34.5
      vertex 71.488 -8.34655 54
    endloop
  endfacet
  facet normal 0.555631 0.831429 -0
    outer loop
      vertex 52.5805 -12.1075 34.5
      vertex 51.6535 -11.488 54
      vertex 52.5805 -12.1075 54
    endloop
  endfacet
  facet normal 0.555631 0.831429 0
    outer loop
      vertex 51.6535 -11.488 54
      vertex 52.5805 -12.1075 34.5
      vertex 51.6535 -11.488 34.5
    endloop
  endfacet
  facet normal 0.346096 0.938199 -0
    outer loop
      vertex 55.612 -13.505 34.5
      vertex 54.5659 -13.1191 54
      vertex 55.612 -13.505 54
    endloop
  endfacet
  facet normal 0.346096 0.938199 0
    outer loop
      vertex 54.5659 -13.1191 54
      vertex 55.612 -13.505 34.5
      vertex 54.5659 -13.1191 34.5
    endloop
  endfacet
  facet normal 0.195081 0.980787 -0
    outer loop
      vertex 57.7786 -14.0252 34.5
      vertex 56.6851 -13.8077 54
      vertex 57.7786 -14.0252 54
    endloop
  endfacet
  facet normal 0.195081 0.980787 0
    outer loop
      vertex 56.6851 -13.8077 54
      vertex 57.7786 -14.0252 34.5
      vertex 56.6851 -13.8077 34.5
    endloop
  endfacet
  facet normal 0.117486 0.993074 -0
    outer loop
      vertex 58.8859 -14.1562 34.5
      vertex 57.7786 -14.0252 54
      vertex 58.8859 -14.1562 54
    endloop
  endfacet
  facet normal 0.117486 0.993074 0
    outer loop
      vertex 57.7786 -14.0252 54
      vertex 58.8859 -14.1562 34.5
      vertex 57.7786 -14.0252 34.5
    endloop
  endfacet
  facet normal 0.619013 0.785381 -0
    outer loop
      vertex 51.6535 -11.488 34.5
      vertex 50.7778 -10.7978 54
      vertex 51.6535 -11.488 54
    endloop
  endfacet
  facet normal 0.619013 0.785381 0
    outer loop
      vertex 50.7778 -10.7978 54
      vertex 51.6535 -11.488 34.5
      vertex 50.7778 -10.7978 34.5
    endloop
  endfacet
  facet normal -0.872498 0.488618 0
    outer loop
      vertex 72.1075 -7.41948 34.5
      vertex 72.6523 -6.44666 54
      vertex 72.6523 -6.44666 34.5
    endloop
  endfacet
  facet normal -0.872498 0.488618 0
    outer loop
      vertex 72.6523 -6.44666 54
      vertex 72.1075 -7.41948 34.5
      vertex 72.1075 -7.41948 54
    endloop
  endfacet
  facet normal -0.619013 0.785381 0
    outer loop
      vertex 69.2222 -10.7978 34.5
      vertex 68.3465 -11.488 54
      vertex 69.2222 -10.7978 54
    endloop
  endfacet
  facet normal -0.619013 0.785381 0
    outer loop
      vertex 68.3465 -11.488 54
      vertex 69.2222 -10.7978 34.5
      vertex 68.3465 -11.488 34.5
    endloop
  endfacet
  facet normal 0.908142 -0.418662 0
    outer loop
      vertex 46.8809 5.4341 54
      vertex 47.3477 6.44666 34.5
      vertex 47.3477 6.44666 54
    endloop
  endfacet
  facet normal 0.908142 -0.418662 0
    outer loop
      vertex 47.3477 6.44666 34.5
      vertex 46.8809 5.4341 54
      vertex 46.8809 5.4341 34.5
    endloop
  endfacet
  facet normal -1 0 0
    outer loop
      vertex 76.2 -2.2 34.5
      vertex 76.2 2.2 54
      vertex 76.2 2.2 34.5
    endloop
  endfacet
  facet normal -1 -0 0
    outer loop
      vertex 76.2 2.2 54
      vertex 76.2 -2.2 34.5
      vertex 76.2 -2.2 54
    endloop
  endfacet
  facet normal 0 -1 0
    outer loop
      vertex 74.0277 2.2 34.5
      vertex 76.2 2.2 54
      vertex 74.0277 2.2 54
    endloop
  endfacet
  facet normal 0 -1 -0
    outer loop
      vertex 76.2 2.2 54
      vertex 74.0277 2.2 34.5
      vertex 76.2 2.2 34.5
    endloop
  endfacet
  facet normal 0 1 -0
    outer loop
      vertex 76.2 -2.2 34.5
      vertex 74.0277 -2.2 54
      vertex 76.2 -2.2 54
    endloop
  endfacet
  facet normal 0 1 0
    outer loop
      vertex 74.0277 -2.2 54
      vertex 76.2 -2.2 34.5
      vertex 74.0277 -2.2 34.5
    endloop
  endfacet
  facet normal -0.0390526 -0.999237 0
    outer loop
      vertex -87.2354 -21.9908 0
      vertex -87 -22 54
      vertex -87.2354 -21.9908 54
    endloop
  endfacet
  facet normal -0.0390526 -0.999237 -0
    outer loop
      vertex -87 -22 54
      vertex -87.2354 -21.9908 0
      vertex -87 -22 0
    endloop
  endfacet
  facet normal 0.0390526 -0.999237 0
    outer loop
      vertex 87 -22 0
      vertex 87.2354 -21.9908 54
      vertex 87 -22 54
    endloop
  endfacet
  facet normal 0.0390526 -0.999237 0
    outer loop
      vertex 87.2354 -21.9908 54
      vertex 87 -22 0
      vertex 87.2354 -21.9908 0
    endloop
  endfacet
  facet normal 0.117605 0.99306 -0
    outer loop
      vertex 87.4693 21.9631 0
      vertex 87.2354 21.9908 54
      vertex 87.4693 21.9631 54
    endloop
  endfacet
  facet normal 0.117605 0.99306 0
    outer loop
      vertex 87.2354 21.9908 54
      vertex 87.4693 21.9631 0
      vertex 87.2354 21.9908 0
    endloop
  endfacet
  facet normal 0 -1 0
    outer loop
      vertex -87 -22 0
      vertex 87 -22 54
      vertex -87 -22 54
    endloop
  endfacet
  facet normal 0 -1 -0
    outer loop
      vertex 87 -22 54
      vertex -87 -22 0
      vertex 87 -22 0
    endloop
  endfacet
  facet normal 0 1 -0
    outer loop
      vertex 87 22 0
      vertex -87 22 54
      vertex 87 22 54
    endloop
  endfacet
  facet normal 0 1 0
    outer loop
      vertex -87 22 54
      vertex 87 22 0
      vertex -87 22 0
    endloop
  endfacet
  facet normal -0.99306 -0.117605 0
    outer loop
      vertex -89.9631 -19.4693 0
      vertex -89.9908 -19.2354 54
      vertex -89.9908 -19.2354 0
    endloop
  endfacet
  facet normal -0.99306 -0.117605 0
    outer loop
      vertex -89.9908 -19.2354 54
      vertex -89.9631 -19.4693 0
      vertex -89.9631 -19.4693 54
    endloop
  endfacet
  facet normal 0.488668 -0.87247 0
    outer loop
      vertex 88.362 -21.673 0
      vertex 88.5675 -21.5579 54
      vertex 88.362 -21.673 54
    endloop
  endfacet
  facet normal 0.488668 -0.87247 0
    outer loop
      vertex 88.5675 -21.5579 54
      vertex 88.362 -21.673 0
      vertex 88.5675 -21.5579 0
    endloop
  endfacet
  facet normal -0.117605 -0.99306 0
    outer loop
      vertex -87.4693 -21.9631 0
      vertex -87.2354 -21.9908 54
      vertex -87.4693 -21.9631 54
    endloop
  endfacet
  facet normal -0.117605 -0.99306 -0
    outer loop
      vertex -87.2354 -21.9908 54
      vertex -87.4693 -21.9631 0
      vertex -87.2354 -21.9908 0
    endloop
  endfacet
  facet normal -0.61919 0.785241 0
    outer loop
      vertex -88.7634 21.427 0
      vertex -88.9483 21.2812 54
      vertex -88.7634 21.427 54
    endloop
  endfacet
  facet normal -0.61919 0.785241 0
    outer loop
      vertex -88.9483 21.2812 54
      vertex -88.7634 21.427 0
      vertex -88.9483 21.2812 0
    endloop
  endfacet
  facet normal -0.734364 -0.678756 0
    outer loop
      vertex -89.1213 -21.1213 0
      vertex -89.2812 -20.9483 54
      vertex -89.2812 -20.9483 0
    endloop
  endfacet
  facet normal -0.734364 -0.678756 0
    outer loop
      vertex -89.2812 -20.9483 54
      vertex -89.1213 -21.1213 0
      vertex -89.1213 -21.1213 54
    endloop
  endfacet
  facet normal 0.117605 -0.99306 0
    outer loop
      vertex 87.2354 -21.9908 0
      vertex 87.4693 -21.9631 54
      vertex 87.2354 -21.9908 54
    endloop
  endfacet
  facet normal 0.117605 -0.99306 0
    outer loop
      vertex 87.4693 -21.9631 54
      vertex 87.2354 -21.9908 0
      vertex 87.4693 -21.9631 0
    endloop
  endfacet
  facet normal 0.87247 -0.488668 0
    outer loop
      vertex 89.5579 -20.5675 54
      vertex 89.673 -20.362 0
      vertex 89.673 -20.362 54
    endloop
  endfacet
  facet normal 0.87247 -0.488668 0
    outer loop
      vertex 89.673 -20.362 0
      vertex 89.5579 -20.5675 54
      vertex 89.5579 -20.5675 0
    endloop
  endfacet
  facet normal -0.999237 -0.0390526 0
    outer loop
      vertex -89.9908 -19.2354 0
      vertex -90 -19 54
      vertex -90 -19 0
    endloop
  endfacet
  facet normal -0.999237 -0.0390526 0
    outer loop
      vertex -90 -19 54
      vertex -89.9908 -19.2354 0
      vertex -89.9908 -19.2354 54
    endloop
  endfacet
  facet normal 0.0390526 0.999237 -0
    outer loop
      vertex 87.2354 21.9908 0
      vertex 87 22 54
      vertex 87.2354 21.9908 54
    endloop
  endfacet
  facet normal 0.0390526 0.999237 0
    outer loop
      vertex 87 22 54
      vertex 87.2354 21.9908 0
      vertex 87 22 0
    endloop
  endfacet
  facet normal 0.99306 0.117605 0
    outer loop
      vertex 89.9908 19.2354 54
      vertex 89.9631 19.4693 0
      vertex 89.9631 19.4693 54
    endloop
  endfacet
  facet normal 0.99306 0.117605 0
    outer loop
      vertex 89.9631 19.4693 0
      vertex 89.9908 19.2354 54
      vertex 89.9908 19.2354 0
    endloop
  endfacet
  facet normal -0.938147 -0.346236 0
    outer loop
      vertex -89.7716 -20.1481 0
      vertex -89.8532 -19.927 54
      vertex -89.8532 -19.927 0
    endloop
  endfacet
  facet normal -0.938147 -0.346236 0
    outer loop
      vertex -89.8532 -19.927 54
      vertex -89.7716 -20.1481 0
      vertex -89.7716 -20.1481 54
    endloop
  endfacet
  facet normal -0.0390526 0.999237 0
    outer loop
      vertex -87 22 0
      vertex -87.2354 21.9908 54
      vertex -87 22 54
    endloop
  endfacet
  facet normal -0.0390526 0.999237 0
    outer loop
      vertex -87.2354 21.9908 54
      vertex -87 22 0
      vertex -87.2354 21.9908 0
    endloop
  endfacet
  facet normal 0.1953 -0.980744 0
    outer loop
      vertex 87.4693 -21.9631 0
      vertex 87.7003 -21.9171 54
      vertex 87.4693 -21.9631 54
    endloop
  endfacet
  facet normal 0.1953 -0.980744 0
    outer loop
      vertex 87.7003 -21.9171 54
      vertex 87.4693 -21.9631 0
      vertex 87.7003 -21.9171 0
    endloop
  endfacet
  facet normal -0.117605 0.99306 0
    outer loop
      vertex -87.2354 21.9908 0
      vertex -87.4693 21.9631 54
      vertex -87.2354 21.9908 54
    endloop
  endfacet
  facet normal -0.117605 0.99306 0
    outer loop
      vertex -87.4693 21.9631 54
      vertex -87.2354 21.9908 0
      vertex -87.4693 21.9631 0
    endloop
  endfacet
  facet normal 0.1953 0.980744 -0
    outer loop
      vertex 87.7003 21.9171 0
      vertex 87.4693 21.9631 54
      vertex 87.7003 21.9171 54
    endloop
  endfacet
  facet normal 0.1953 0.980744 0
    outer loop
      vertex 87.4693 21.9631 54
      vertex 87.7003 21.9171 0
      vertex 87.4693 21.9631 0
    endloop
  endfacet
  facet normal 0.488668 0.87247 -0
    outer loop
      vertex 88.5675 21.5579 0
      vertex 88.362 21.673 54
      vertex 88.5675 21.5579 54
    endloop
  endfacet
  facet normal 0.488668 0.87247 0
    outer loop
      vertex 88.362 21.673 54
      vertex 88.5675 21.5579 0
      vertex 88.362 21.673 0
    endloop
  endfacet
  facet normal -0.962495 -0.271299 0
    outer loop
      vertex -89.8532 -19.927 0
      vertex -89.9171 -19.7003 54
      vertex -89.9171 -19.7003 0
    endloop
  endfacet
  facet normal -0.962495 -0.271299 0
    outer loop
      vertex -89.9171 -19.7003 54
      vertex -89.8532 -19.927 0
      vertex -89.8532 -19.927 54
    endloop
  endfacet
  facet normal -0.734364 0.678756 0
    outer loop
      vertex -89.2812 20.9483 0
      vertex -89.1213 21.1213 54
      vertex -89.1213 21.1213 0
    endloop
  endfacet
  facet normal -0.734364 0.678756 0
    outer loop
      vertex -89.1213 21.1213 54
      vertex -89.2812 20.9483 0
      vertex -89.2812 20.9483 54
    endloop
  endfacet
  facet normal -1 0 0
    outer loop
      vertex -90 -19 0
      vertex -90 19 54
      vertex -90 19 0
    endloop
  endfacet
  facet normal -1 -0 0
    outer loop
      vertex -90 19 54
      vertex -90 -19 0
      vertex -90 -19 54
    endloop
  endfacet
  facet normal -0.785241 0.61919 0
    outer loop
      vertex -89.427 20.7634 0
      vertex -89.2812 20.9483 54
      vertex -89.2812 20.9483 0
    endloop
  endfacet
  facet normal -0.785241 0.61919 0
    outer loop
      vertex -89.2812 20.9483 54
      vertex -89.427 20.7634 0
      vertex -89.427 20.7634 54
    endloop
  endfacet
  facet normal -0.785241 -0.61919 0
    outer loop
      vertex -89.2812 -20.9483 0
      vertex -89.427 -20.7634 54
      vertex -89.427 -20.7634 0
    endloop
  endfacet
  facet normal -0.785241 -0.61919 0
    outer loop
      vertex -89.427 -20.7634 54
      vertex -89.2812 -20.9483 0
      vertex -89.2812 -20.9483 54
    endloop
  endfacet
  facet normal -0.831462 0.555581 0
    outer loop
      vertex -89.5579 20.5675 0
      vertex -89.427 20.7634 54
      vertex -89.427 20.7634 0
    endloop
  endfacet
  facet normal -0.831462 0.555581 0
    outer loop
      vertex -89.427 20.7634 54
      vertex -89.5579 20.5675 0
      vertex -89.5579 20.5675 54
    endloop
  endfacet
  facet normal -0.980744 0.1953 0
    outer loop
      vertex -89.9631 19.4693 0
      vertex -89.9171 19.7003 54
      vertex -89.9171 19.7003 0
    endloop
  endfacet
  facet normal -0.980744 0.1953 0
    outer loop
      vertex -89.9171 19.7003 54
      vertex -89.9631 19.4693 0
      vertex -89.9631 19.4693 54
    endloop
  endfacet
  facet normal -0.87247 0.488668 0
    outer loop
      vertex -89.673 20.362 0
      vertex -89.5579 20.5675 54
      vertex -89.5579 20.5675 0
    endloop
  endfacet
  facet normal -0.87247 0.488668 0
    outer loop
      vertex -89.5579 20.5675 54
      vertex -89.673 20.362 0
      vertex -89.673 20.362 54
    endloop
  endfacet
  facet normal -0.271299 0.962495 0
    outer loop
      vertex -87.7003 21.9171 0
      vertex -87.927 21.8532 54
      vertex -87.7003 21.9171 54
    endloop
  endfacet
  facet normal -0.271299 0.962495 0
    outer loop
      vertex -87.927 21.8532 54
      vertex -87.7003 21.9171 0
      vertex -87.927 21.8532 0
    endloop
  endfacet
  facet normal 0.831462 -0.555581 0
    outer loop
      vertex 89.427 -20.7634 54
      vertex 89.5579 -20.5675 0
      vertex 89.5579 -20.5675 54
    endloop
  endfacet
  facet normal 0.831462 -0.555581 0
    outer loop
      vertex 89.5579 -20.5675 0
      vertex 89.427 -20.7634 54
      vertex 89.427 -20.7634 0
    endloop
  endfacet
  facet normal 0.555581 -0.831462 0
    outer loop
      vertex 88.5675 -21.5579 0
      vertex 88.7634 -21.427 54
      vertex 88.5675 -21.5579 54
    endloop
  endfacet
  facet normal 0.555581 -0.831462 0
    outer loop
      vertex 88.7634 -21.427 54
      vertex 88.5675 -21.5579 0
      vertex 88.7634 -21.427 0
    endloop
  endfacet
  facet normal 0.980744 0.1953 0
    outer loop
      vertex 89.9631 19.4693 54
      vertex 89.9171 19.7003 0
      vertex 89.9171 19.7003 54
    endloop
  endfacet
  facet normal 0.980744 0.1953 0
    outer loop
      vertex 89.9171 19.7003 0
      vertex 89.9631 19.4693 54
      vertex 89.9631 19.4693 0
    endloop
  endfacet
  facet normal -0.1953 -0.980744 0
    outer loop
      vertex -87.7003 -21.9171 0
      vertex -87.4693 -21.9631 54
      vertex -87.7003 -21.9171 54
    endloop
  endfacet
  facet normal -0.1953 -0.980744 -0
    outer loop
      vertex -87.4693 -21.9631 54
      vertex -87.7003 -21.9171 0
      vertex -87.4693 -21.9631 0
    endloop
  endfacet
  facet normal 0.831462 0.555581 0
    outer loop
      vertex 89.5579 20.5675 54
      vertex 89.427 20.7634 0
      vertex 89.427 20.7634 54
    endloop
  endfacet
  facet normal 0.831462 0.555581 0
    outer loop
      vertex 89.427 20.7634 0
      vertex 89.5579 20.5675 54
      vertex 89.5579 20.5675 0
    endloop
  endfacet
  facet normal 0.346236 -0.938147 0
    outer loop
      vertex 87.927 -21.8532 0
      vertex 88.1481 -21.7716 54
      vertex 87.927 -21.8532 54
    endloop
  endfacet
  facet normal 0.346236 -0.938147 0
    outer loop
      vertex 88.1481 -21.7716 54
      vertex 87.927 -21.8532 0
      vertex 88.1481 -21.7716 0
    endloop
  endfacet
  facet normal 0.271299 -0.962495 0
    outer loop
      vertex 87.7003 -21.9171 0
      vertex 87.927 -21.8532 54
      vertex 87.7003 -21.9171 54
    endloop
  endfacet
  facet normal 0.271299 -0.962495 0
    outer loop
      vertex 87.927 -21.8532 54
      vertex 87.7003 -21.9171 0
      vertex 87.927 -21.8532 0
    endloop
  endfacet
  facet normal 0.980744 -0.1953 0
    outer loop
      vertex 89.9171 -19.7003 54
      vertex 89.9631 -19.4693 0
      vertex 89.9631 -19.4693 54
    endloop
  endfacet
  facet normal 0.980744 -0.1953 0
    outer loop
      vertex 89.9631 -19.4693 0
      vertex 89.9171 -19.7003 54
      vertex 89.9171 -19.7003 0
    endloop
  endfacet
  facet normal -0.488668 0.87247 0
    outer loop
      vertex -88.362 21.673 0
      vertex -88.5675 21.5579 54
      vertex -88.362 21.673 54
    endloop
  endfacet
  facet normal -0.488668 0.87247 0
    outer loop
      vertex -88.5675 21.5579 54
      vertex -88.362 21.673 0
      vertex -88.5675 21.5579 0
    endloop
  endfacet
  facet normal -0.488668 -0.87247 0
    outer loop
      vertex -88.5675 -21.5579 0
      vertex -88.362 -21.673 54
      vertex -88.5675 -21.5579 54
    endloop
  endfacet
  facet normal -0.488668 -0.87247 -0
    outer loop
      vertex -88.362 -21.673 54
      vertex -88.5675 -21.5579 0
      vertex -88.362 -21.673 0
    endloop
  endfacet
  facet normal -0.87247 -0.488668 0
    outer loop
      vertex -89.5579 -20.5675 0
      vertex -89.673 -20.362 54
      vertex -89.673 -20.362 0
    endloop
  endfacet
  facet normal -0.87247 -0.488668 0
    outer loop
      vertex -89.673 -20.362 54
      vertex -89.5579 -20.5675 0
      vertex -89.5579 -20.5675 54
    endloop
  endfacet
  facet normal 0.418627 0.908158 -0
    outer loop
      vertex 88.362 21.673 0
      vertex 88.1481 21.7716 54
      vertex 88.362 21.673 54
    endloop
  endfacet
  facet normal 0.418627 0.908158 0
    outer loop
      vertex 88.1481 21.7716 54
      vertex 88.362 21.673 0
      vertex 88.1481 21.7716 0
    endloop
  endfacet
  facet normal -0.346236 0.938147 0
    outer loop
      vertex -87.927 21.8532 0
      vertex -88.1481 21.7716 54
      vertex -87.927 21.8532 54
    endloop
  endfacet
  facet normal -0.346236 0.938147 0
    outer loop
      vertex -88.1481 21.7716 54
      vertex -87.927 21.8532 0
      vertex -88.1481 21.7716 0
    endloop
  endfacet
  facet normal 0.418627 -0.908158 0
    outer loop
      vertex 88.1481 -21.7716 0
      vertex 88.362 -21.673 54
      vertex 88.1481 -21.7716 54
    endloop
  endfacet
  facet normal 0.418627 -0.908158 0
    outer loop
      vertex 88.362 -21.673 54
      vertex 88.1481 -21.7716 0
      vertex 88.362 -21.673 0
    endloop
  endfacet
  facet normal -0.61919 -0.785241 0
    outer loop
      vertex -88.9483 -21.2812 0
      vertex -88.7634 -21.427 54
      vertex -88.9483 -21.2812 54
    endloop
  endfacet
  facet normal -0.61919 -0.785241 -0
    outer loop
      vertex -88.7634 -21.427 54
      vertex -88.9483 -21.2812 0
      vertex -88.7634 -21.427 0
    endloop
  endfacet
  facet normal -0.271299 -0.962495 0
    outer loop
      vertex -87.927 -21.8532 0
      vertex -87.7003 -21.9171 54
      vertex -87.927 -21.8532 54
    endloop
  endfacet
  facet normal -0.271299 -0.962495 -0
    outer loop
      vertex -87.7003 -21.9171 54
      vertex -87.927 -21.8532 0
      vertex -87.7003 -21.9171 0
    endloop
  endfacet
  facet normal -0.678756 0.734364 0
    outer loop
      vertex -88.9483 21.2812 0
      vertex -89.1213 21.1213 54
      vertex -88.9483 21.2812 54
    endloop
  endfacet
  facet normal -0.678756 0.734364 0
    outer loop
      vertex -89.1213 21.1213 54
      vertex -88.9483 21.2812 0
      vertex -89.1213 21.1213 0
    endloop
  endfacet
  facet normal -0.980744 -0.1953 0
    outer loop
      vertex -89.9171 -19.7003 0
      vertex -89.9631 -19.4693 54
      vertex -89.9631 -19.4693 0
    endloop
  endfacet
  facet normal -0.980744 -0.1953 0
    outer loop
      vertex -89.9631 -19.4693 54
      vertex -89.9171 -19.7003 0
      vertex -89.9171 -19.7003 54
    endloop
  endfacet
  facet normal -0.962495 0.271299 0
    outer loop
      vertex -89.9171 19.7003 0
      vertex -89.8532 19.927 54
      vertex -89.8532 19.927 0
    endloop
  endfacet
  facet normal -0.962495 0.271299 0
    outer loop
      vertex -89.8532 19.927 54
      vertex -89.9171 19.7003 0
      vertex -89.9171 19.7003 54
    endloop
  endfacet
  facet normal -0.418627 0.908158 0
    outer loop
      vertex -88.1481 21.7716 0
      vertex -88.362 21.673 54
      vertex -88.1481 21.7716 54
    endloop
  endfacet
  facet normal -0.418627 0.908158 0
    outer loop
      vertex -88.362 21.673 54
      vertex -88.1481 21.7716 0
      vertex -88.362 21.673 0
    endloop
  endfacet
  facet normal 0.346236 0.938147 -0
    outer loop
      vertex 88.1481 21.7716 0
      vertex 87.927 21.8532 54
      vertex 88.1481 21.7716 54
    endloop
  endfacet
  facet normal 0.346236 0.938147 0
    outer loop
      vertex 87.927 21.8532 54
      vertex 88.1481 21.7716 0
      vertex 87.927 21.8532 0
    endloop
  endfacet
  facet normal 0.271299 0.962495 -0
    outer loop
      vertex 87.927 21.8532 0
      vertex 87.7003 21.9171 54
      vertex 87.927 21.8532 54
    endloop
  endfacet
  facet normal 0.271299 0.962495 0
    outer loop
      vertex 87.7003 21.9171 54
      vertex 87.927 21.8532 0
      vertex 87.7003 21.9171 0
    endloop
  endfacet
  facet normal -0.418627 -0.908158 0
    outer loop
      vertex -88.362 -21.673 0
      vertex -88.1481 -21.7716 54
      vertex -88.362 -21.673 54
    endloop
  endfacet
  facet normal -0.418627 -0.908158 -0
    outer loop
      vertex -88.1481 -21.7716 54
      vertex -88.362 -21.673 0
      vertex -88.1481 -21.7716 0
    endloop
  endfacet
  facet normal -0.678756 -0.734364 0
    outer loop
      vertex -89.1213 -21.1213 0
      vertex -88.9483 -21.2812 54
      vertex -89.1213 -21.1213 54
    endloop
  endfacet
  facet normal -0.678756 -0.734364 -0
    outer loop
      vertex -88.9483 -21.2812 54
      vertex -89.1213 -21.1213 0
      vertex -88.9483 -21.2812 0
    endloop
  endfacet
  facet normal 0.678756 -0.734364 0
    outer loop
      vertex 88.9483 -21.2812 0
      vertex 89.1213 -21.1213 54
      vertex 88.9483 -21.2812 54
    endloop
  endfacet
  facet normal 0.678756 -0.734364 0
    outer loop
      vertex 89.1213 -21.1213 54
      vertex 88.9483 -21.2812 0
      vertex 89.1213 -21.1213 0
    endloop
  endfacet
  facet normal -0.555581 0.831462 0
    outer loop
      vertex -88.5675 21.5579 0
      vertex -88.7634 21.427 54
      vertex -88.5675 21.5579 54
    endloop
  endfacet
  facet normal -0.555581 0.831462 0
    outer loop
      vertex -88.7634 21.427 54
      vertex -88.5675 21.5579 0
      vertex -88.7634 21.427 0
    endloop
  endfacet
  facet normal -0.1953 0.980744 0
    outer loop
      vertex -87.4693 21.9631 0
      vertex -87.7003 21.9171 54
      vertex -87.4693 21.9631 54
    endloop
  endfacet
  facet normal -0.1953 0.980744 0
    outer loop
      vertex -87.7003 21.9171 54
      vertex -87.4693 21.9631 0
      vertex -87.7003 21.9171 0
    endloop
  endfacet
  facet normal 0.734364 -0.678756 0
    outer loop
      vertex 89.1213 -21.1213 54
      vertex 89.2812 -20.9483 0
      vertex 89.2812 -20.9483 54
    endloop
  endfacet
  facet normal 0.734364 -0.678756 0
    outer loop
      vertex 89.2812 -20.9483 0
      vertex 89.1213 -21.1213 54
      vertex 89.1213 -21.1213 0
    endloop
  endfacet
  facet normal -0.999237 0.0390526 0
    outer loop
      vertex -90 19 0
      vertex -89.9908 19.2354 54
      vertex -89.9908 19.2354 0
    endloop
  endfacet
  facet normal -0.999237 0.0390526 0
    outer loop
      vertex -89.9908 19.2354 54
      vertex -90 19 0
      vertex -90 19 54
    endloop
  endfacet
  facet normal 1 -0 0
    outer loop
      vertex 90 -19 54
      vertex 90 19 0
      vertex 90 19 54
    endloop
  endfacet
  facet normal 1 0 0
    outer loop
      vertex 90 19 0
      vertex 90 -19 54
      vertex 90 -19 0
    endloop
  endfacet
  facet normal 0.962495 -0.271299 0
    outer loop
      vertex 89.8532 -19.927 54
      vertex 89.9171 -19.7003 0
      vertex 89.9171 -19.7003 54
    endloop
  endfacet
  facet normal 0.962495 -0.271299 0
    outer loop
      vertex 89.9171 -19.7003 0
      vertex 89.8532 -19.927 54
      vertex 89.8532 -19.927 0
    endloop
  endfacet
  facet normal 0.785241 0.61919 0
    outer loop
      vertex 89.427 20.7634 54
      vertex 89.2812 20.9483 0
      vertex 89.2812 20.9483 54
    endloop
  endfacet
  facet normal 0.785241 0.61919 0
    outer loop
      vertex 89.2812 20.9483 0
      vertex 89.427 20.7634 54
      vertex 89.427 20.7634 0
    endloop
  endfacet
  facet normal -0.831462 -0.555581 0
    outer loop
      vertex -89.427 -20.7634 0
      vertex -89.5579 -20.5675 54
      vertex -89.5579 -20.5675 0
    endloop
  endfacet
  facet normal -0.831462 -0.555581 0
    outer loop
      vertex -89.5579 -20.5675 54
      vertex -89.427 -20.7634 0
      vertex -89.427 -20.7634 54
    endloop
  endfacet
  facet normal 0.999237 0.0390526 0
    outer loop
      vertex 90 19 54
      vertex 89.9908 19.2354 0
      vertex 89.9908 19.2354 54
    endloop
  endfacet
  facet normal 0.999237 0.0390526 0
    outer loop
      vertex 89.9908 19.2354 0
      vertex 90 19 54
      vertex 90 19 0
    endloop
  endfacet
  facet normal 0.908158 0.418627 0
    outer loop
      vertex 89.7716 20.1481 54
      vertex 89.673 20.362 0
      vertex 89.673 20.362 54
    endloop
  endfacet
  facet normal 0.908158 0.418627 0
    outer loop
      vertex 89.673 20.362 0
      vertex 89.7716 20.1481 54
      vertex 89.7716 20.1481 0
    endloop
  endfacet
  facet normal -0.99306 0.117605 0
    outer loop
      vertex -89.9908 19.2354 0
      vertex -89.9631 19.4693 54
      vertex -89.9631 19.4693 0
    endloop
  endfacet
  facet normal -0.99306 0.117605 0
    outer loop
      vertex -89.9631 19.4693 54
      vertex -89.9908 19.2354 0
      vertex -89.9908 19.2354 54
    endloop
  endfacet
  facet normal 0.938147 0.346236 0
    outer loop
      vertex 89.8532 19.927 54
      vertex 89.7716 20.1481 0
      vertex 89.7716 20.1481 54
    endloop
  endfacet
  facet normal 0.938147 0.346236 0
    outer loop
      vertex 89.7716 20.1481 0
      vertex 89.8532 19.927 54
      vertex 89.8532 19.927 0
    endloop
  endfacet
  facet normal 0.999237 -0.0390526 0
    outer loop
      vertex 89.9908 -19.2354 54
      vertex 90 -19 0
      vertex 90 -19 54
    endloop
  endfacet
  facet normal 0.999237 -0.0390526 0
    outer loop
      vertex 90 -19 0
      vertex 89.9908 -19.2354 54
      vertex 89.9908 -19.2354 0
    endloop
  endfacet
  facet normal 0.938147 -0.346236 0
    outer loop
      vertex 89.7716 -20.1481 54
      vertex 89.8532 -19.927 0
      vertex 89.8532 -19.927 54
    endloop
  endfacet
  facet normal 0.938147 -0.346236 0
    outer loop
      vertex 89.8532 -19.927 0
      vertex 89.7716 -20.1481 54
      vertex 89.7716 -20.1481 0
    endloop
  endfacet
  facet normal -0.908158 -0.418627 0
    outer loop
      vertex -89.673 -20.362 0
      vertex -89.7716 -20.1481 54
      vertex -89.7716 -20.1481 0
    endloop
  endfacet
  facet normal -0.908158 -0.418627 0
    outer loop
      vertex -89.7716 -20.1481 54
      vertex -89.673 -20.362 0
      vertex -89.673 -20.362 54
    endloop
  endfacet
  facet normal -0.346236 -0.938147 0
    outer loop
      vertex -88.1481 -21.7716 0
      vertex -87.927 -21.8532 54
      vertex -88.1481 -21.7716 54
    endloop
  endfacet
  facet normal -0.346236 -0.938147 -0
    outer loop
      vertex -87.927 -21.8532 54
      vertex -88.1481 -21.7716 0
      vertex -87.927 -21.8532 0
    endloop
  endfacet
  facet normal 0.87247 0.488668 0
    outer loop
      vertex 89.673 20.362 54
      vertex 89.5579 20.5675 0
      vertex 89.5579 20.5675 54
    endloop
  endfacet
  facet normal 0.87247 0.488668 0
    outer loop
      vertex 89.5579 20.5675 0
      vertex 89.673 20.362 54
      vertex 89.673 20.362 0
    endloop
  endfacet
  facet normal 0.555581 0.831462 -0
    outer loop
      vertex 88.7634 21.427 0
      vertex 88.5675 21.5579 54
      vertex 88.7634 21.427 54
    endloop
  endfacet
  facet normal 0.555581 0.831462 0
    outer loop
      vertex 88.5675 21.5579 54
      vertex 88.7634 21.427 0
      vertex 88.5675 21.5579 0
    endloop
  endfacet
  facet normal -0.908158 0.418627 0
    outer loop
      vertex -89.7716 20.1481 0
      vertex -89.673 20.362 54
      vertex -89.673 20.362 0
    endloop
  endfacet
  facet normal -0.908158 0.418627 0
    outer loop
      vertex -89.673 20.362 54
      vertex -89.7716 20.1481 0
      vertex -89.7716 20.1481 54
    endloop
  endfacet
  facet normal -0.555581 -0.831462 0
    outer loop
      vertex -88.7634 -21.427 0
      vertex -88.5675 -21.5579 54
      vertex -88.7634 -21.427 54
    endloop
  endfacet
  facet normal -0.555581 -0.831462 -0
    outer loop
      vertex -88.5675 -21.5579 54
      vertex -88.7634 -21.427 0
      vertex -88.5675 -21.5579 0
    endloop
  endfacet
  facet normal 0.61919 -0.785241 0
    outer loop
      vertex 88.7634 -21.427 0
      vertex 88.9483 -21.2812 54
      vertex 88.7634 -21.427 54
    endloop
  endfacet
  facet normal 0.61919 -0.785241 0
    outer loop
      vertex 88.9483 -21.2812 54
      vertex 88.7634 -21.427 0
      vertex 88.9483 -21.2812 0
    endloop
  endfacet
  facet normal 0.908158 -0.418627 0
    outer loop
      vertex 89.673 -20.362 54
      vertex 89.7716 -20.1481 0
      vertex 89.7716 -20.1481 54
    endloop
  endfacet
  facet normal 0.908158 -0.418627 0
    outer loop
      vertex 89.7716 -20.1481 0
      vertex 89.673 -20.362 54
      vertex 89.673 -20.362 0
    endloop
  endfacet
  facet normal -0.938147 0.346236 0
    outer loop
      vertex -89.8532 19.927 0
      vertex -89.7716 20.1481 54
      vertex -89.7716 20.1481 0
    endloop
  endfacet
  facet normal -0.938147 0.346236 0
    outer loop
      vertex -89.7716 20.1481 54
      vertex -89.8532 19.927 0
      vertex -89.8532 19.927 54
    endloop
  endfacet
  facet normal 0 0 1
    outer loop
      vertex -72.1075 7.41948 54
      vertex -80.7752 12.3836 54
      vertex -72.6523 6.44666 54
    endloop
  endfacet
  facet normal 0 0 1
    outer loop
      vertex -74.2 0 54
      vertex -80.2585 -13.7842 54
      vertex -80.25 -14 54
    endloop
  endfacet
  facet normal -0 0 1
    outer loop
      vertex -80.9089 12.214 54
      vertex -72.6523 6.44666 54
      vertex -80.7752 12.3836 54
    endloop
  endfacet
  facet normal 0 0 1
    outer loop
      vertex -74.2 0 54
      vertex -80.2839 -13.5698 54
      vertex -80.2585 -13.7842 54
    endloop
  endfacet
  facet normal -0 0 1
    outer loop
      vertex -81.0555 12.0555 54
      vertex -72.6523 6.44666 54
      vertex -80.9089 12.214 54
    endloop
  endfacet
  facet normal 0 0 1
    outer loop
      vertex -74.2 0 54
      vertex -80.326 -13.358 54
      vertex -80.2839 -13.5698 54
    endloop
  endfacet
  facet normal 0 0 1
    outer loop
      vertex -72.6523 6.44666 54
      vertex -81.0555 12.0555 54
      vertex -73.1191 5.4341 54
    endloop
  endfacet
  facet normal 0 0 1
    outer loop
      vertex -74.2 0 54
      vertex -80.3846 -13.1502 54
      vertex -80.326 -13.358 54
    endloop
  endfacet
  facet normal -0 0 1
    outer loop
      vertex -81.214 11.9089 54
      vertex -73.1191 5.4341 54
      vertex -81.0555 12.0555 54
    endloop
  endfacet
  facet normal 0 0 1
    outer loop
      vertex -74.2 0 54
      vertex -80.4593 -12.9476 54
      vertex -80.3846 -13.1502 54
    endloop
  endfacet
  facet normal -0 0 1
    outer loop
      vertex -81.3836 11.7752 54
      vertex -73.1191 5.4341 54
      vertex -81.214 11.9089 54
    endloop
  endfacet
  facet normal 0 0 1
    outer loop
      vertex -74.2 0 54
      vertex -80.5497 -12.7515 54
      vertex -80.4593 -12.9476 54
    endloop
  endfacet
  facet normal -0 0 1
    outer loop
      vertex -81.5631 11.6552 54
      vertex -73.1191 5.4341 54
      vertex -81.3836 11.7752 54
    endloop
  endfacet
  facet normal 0 0 1
    outer loop
      vertex -74.2 0 54
      vertex -80.6552 -12.5631 54
      vertex -80.5497 -12.7515 54
    endloop
  endfacet
  facet normal 0 0 1
    outer loop
      vertex -73.1191 5.4341 54
      vertex -81.5631 11.6552 54
      vertex -73.505 4.38804 54
    endloop
  endfacet
  facet normal 0 0 1
    outer loop
      vertex -74.2 0 54
      vertex -80.7752 -12.3836 54
      vertex -80.6552 -12.5631 54
    endloop
  endfacet
  facet normal -0 0 1
    outer loop
      vertex -81.7515 11.5497 54
      vertex -73.505 4.38804 54
      vertex -81.5631 11.6552 54
    endloop
  endfacet
  facet normal 0 0 1
    outer loop
      vertex -74.2 0 54
      vertex -80.9089 -12.214 54
      vertex -80.7752 -12.3836 54
    endloop
  endfacet
  facet normal -0 0 1
    outer loop
      vertex -81.9476 11.4593 54
      vertex -73.505 4.38804 54
      vertex -81.7515 11.5497 54
    endloop
  endfacet
  facet normal 0 0 1
    outer loop
      vertex -74.2 0 54
      vertex -81.0555 -12.0555 54
      vertex -80.9089 -12.214 54
    endloop
  endfacet
  facet normal 0 0 1
    outer loop
      vertex -73.505 4.38804 54
      vertex -81.9476 11.4593 54
      vertex -73.8077 3.31492 54
    endloop
  endfacet
  facet normal 0 0 1
    outer loop
      vertex -74.2 0 54
      vertex -81.214 -11.9089 54
      vertex -81.0555 -12.0555 54
    endloop
  endfacet
  facet normal -0 0 1
    outer loop
      vertex -82.1502 11.3846 54
      vertex -73.8077 3.31492 54
      vertex -81.9476 11.4593 54
    endloop
  endfacet
  facet normal 0 0 1
    outer loop
      vertex -74.2 0 54
      vertex -81.3836 -11.7752 54
      vertex -81.214 -11.9089 54
    endloop
  endfacet
  facet normal -0 0 1
    outer loop
      vertex -82.358 11.326 54
      vertex -73.8077 3.31492 54
      vertex -82.1502 11.3846 54
    endloop
  endfacet
  facet normal 0 0 1
    outer loop
      vertex -74.2 0 54
      vertex -81.5631 -11.6552 54
      vertex -81.3836 -11.7752 54
    endloop
  endfacet
  facet normal 0 0 1
    outer loop
      vertex -73.8077 3.31492 54
      vertex -82.358 11.326 54
      vertex -74.0252 2.22137 54
    endloop
  endfacet
  facet normal 0 0 1
    outer loop
      vertex -74.2 0 54
      vertex -81.7515 -11.5497 54
      vertex -81.5631 -11.6552 54
    endloop
  endfacet
  facet normal -0 0 1
    outer loop
      vertex -82.5698 11.2839 54
      vertex -74.0252 2.22137 54
      vertex -82.358 11.326 54
    endloop
  endfacet
  facet normal 0 0 1
    outer loop
      vertex -74.2 0 54
      vertex -81.9476 -11.4593 54
      vertex -81.7515 -11.5497 54
    endloop
  endfacet
  facet normal -0 0 1
    outer loop
      vertex -82.7842 11.2585 54
      vertex -74.0252 2.22137 54
      vertex -82.5698 11.2839 54
    endloop
  endfacet
  facet normal 0 0 1
    outer loop
      vertex -74.2 0 54
      vertex -82.1502 -11.3846 54
      vertex -81.9476 -11.4593 54
    endloop
  endfacet
  facet normal 0 0 1
    outer loop
      vertex -74.0252 2.22137 54
      vertex -82.7842 11.2585 54
      vertex -74.1562 1.11412 54
    endloop
  endfacet
  facet normal 0 0 1
    outer loop
      vertex -74.2 0 54
      vertex -82.358 -11.326 54
      vertex -82.1502 -11.3846 54
    endloop
  endfacet
  facet normal -0 0 1
    outer loop
      vertex -83 11.25 54
      vertex -74.1562 1.11412 54
      vertex -82.7842 11.2585 54
    endloop
  endfacet
  facet normal 0 0 1
    outer loop
      vertex -74.2 0 54
      vertex -82.5698 -11.2839 54
      vertex -82.358 -11.326 54
    endloop
  endfacet
  facet normal 0 0 1
    outer loop
      vertex -83.2158 11.2585 54
      vertex -74.1562 1.11412 54
      vertex -83 11.25 54
    endloop
  endfacet
  facet normal 0 0 1
    outer loop
      vertex -74.2 0 54
      vertex -82.7842 -11.2585 54
      vertex -82.5698 -11.2839 54
    endloop
  endfacet
  facet normal 0 0 1
    outer loop
      vertex -74.1562 1.11412 54
      vertex -83.2158 11.2585 54
      vertex -74.2 0 54
    endloop
  endfacet
  facet normal 0 0 1
    outer loop
      vertex -74.2 0 54
      vertex -83 -11.25 54
      vertex -82.7842 -11.2585 54
    endloop
  endfacet
  facet normal 0 0 1
    outer loop
      vertex -83.4302 11.2839 54
      vertex -74.2 0 54
      vertex -83.2158 11.2585 54
    endloop
  endfacet
  facet normal 0 0 1
    outer loop
      vertex -74.2 0 54
      vertex -83.2158 -11.2585 54
      vertex -83 -11.25 54
    endloop
  endfacet
  facet normal 0 0 1
    outer loop
      vertex -83.4302 -11.2839 54
      vertex -74.2 0 54
      vertex -83.4302 11.2839 54
    endloop
  endfacet
  facet normal 0 0 1
    outer loop
      vertex -74.2 0 54
      vertex -83.4302 -11.2839 54
      vertex -83.2158 -11.2585 54
    endloop
  endfacet
  facet normal 0 0 1
    outer loop
      vertex -83.642 11.326 54
      vertex -83.4302 -11.2839 54
      vertex -83.4302 11.2839 54
    endloop
  endfacet
  facet normal 0 0 1
    outer loop
      vertex -83.642 11.326 54
      vertex -83.642 -11.326 54
      vertex -83.4302 -11.2839 54
    endloop
  endfacet
  facet normal 0 0 1
    outer loop
      vertex -83.8498 11.3846 54
      vertex -83.642 -11.326 54
      vertex -83.642 11.326 54
    endloop
  endfacet
  facet normal 0 0 1
    outer loop
      vertex -83.8498 11.3846 54
      vertex -83.8498 -11.3846 54
      vertex -83.642 -11.326 54
    endloop
  endfacet
  facet normal 0 0 1
    outer loop
      vertex -84.0524 11.4593 54
      vertex -83.8498 -11.3846 54
      vertex -83.8498 11.3846 54
    endloop
  endfacet
  facet normal 0 0 1
    outer loop
      vertex -84.0524 11.4593 54
      vertex -84.0524 -11.4593 54
      vertex -83.8498 -11.3846 54
    endloop
  endfacet
  facet normal 0 0 1
    outer loop
      vertex -84.2485 11.5497 54
      vertex -84.0524 -11.4593 54
      vertex -84.0524 11.4593 54
    endloop
  endfacet
  facet normal 0 0 1
    outer loop
      vertex -84.2485 11.5497 54
      vertex -84.2485 -11.5497 54
      vertex -84.0524 -11.4593 54
    endloop
  endfacet
  facet normal 0 0 1
    outer loop
      vertex -84.4369 11.6552 54
      vertex -84.2485 -11.5497 54
      vertex -84.2485 11.5497 54
    endloop
  endfacet
  facet normal 0 0 1
    outer loop
      vertex -84.4369 11.6552 54
      vertex -84.4369 -11.6552 54
      vertex -84.2485 -11.5497 54
    endloop
  endfacet
  facet normal 0 0 1
    outer loop
      vertex -84.6164 11.7752 54
      vertex -84.4369 -11.6552 54
      vertex -84.4369 11.6552 54
    endloop
  endfacet
  facet normal 0 0 1
    outer loop
      vertex -84.6164 11.7752 54
      vertex -84.6164 -11.7752 54
      vertex -84.4369 -11.6552 54
    endloop
  endfacet
  facet normal 0 0 1
    outer loop
      vertex -84.786 11.9089 54
      vertex -84.6164 -11.7752 54
      vertex -84.6164 11.7752 54
    endloop
  endfacet
  facet normal 0 0 1
    outer loop
      vertex -84.786 11.9089 54
      vertex -84.786 -11.9089 54
      vertex -84.6164 -11.7752 54
    endloop
  endfacet
  facet normal 0 0 1
    outer loop
      vertex -84.9445 12.0555 54
      vertex -84.786 -11.9089 54
      vertex -84.786 11.9089 54
    endloop
  endfacet
  facet normal 0 0 1
    outer loop
      vertex -84.9445 12.0555 54
      vertex -84.9445 -12.0555 54
      vertex -84.786 -11.9089 54
    endloop
  endfacet
  facet normal 0 0 1
    outer loop
      vertex -85.0911 12.214 54
      vertex -84.9445 -12.0555 54
      vertex -84.9445 12.0555 54
    endloop
  endfacet
  facet normal 0 0 1
    outer loop
      vertex -85.0911 12.214 54
      vertex -85.0911 -12.214 54
      vertex -84.9445 -12.0555 54
    endloop
  endfacet
  facet normal 0 0 1
    outer loop
      vertex -85.2248 12.3836 54
      vertex -85.0911 -12.214 54
      vertex -85.0911 12.214 54
    endloop
  endfacet
  facet normal 0 0 1
    outer loop
      vertex -85.2248 12.3836 54
      vertex -85.2248 -12.3836 54
      vertex -85.0911 -12.214 54
    endloop
  endfacet
  facet normal 0 0 1
    outer loop
      vertex -85.3448 12.5631 54
      vertex -85.2248 -12.3836 54
      vertex -85.2248 12.3836 54
    endloop
  endfacet
  facet normal 0 0 1
    outer loop
      vertex -85.3448 12.5631 54
      vertex -85.3448 -12.5631 54
      vertex -85.2248 -12.3836 54
    endloop
  endfacet
  facet normal 0 0 1
    outer loop
      vertex -85.4503 12.7515 54
      vertex -85.3448 -12.5631 54
      vertex -85.3448 12.5631 54
    endloop
  endfacet
  facet normal 0 0 1
    outer loop
      vertex -85.4503 12.7515 54
      vertex -85.4503 -12.7515 54
      vertex -85.3448 -12.5631 54
    endloop
  endfacet
  facet normal 0 0 1
    outer loop
      vertex -90 19 54
      vertex -85.4503 12.7515 54
      vertex -85.5407 12.9476 54
    endloop
  endfacet
  facet normal 0 0 1
    outer loop
      vertex -85.4503 12.7515 54
      vertex -90 19 54
      vertex -85.4503 -12.7515 54
    endloop
  endfacet
  facet normal 0 0 1
    outer loop
      vertex -90 19 54
      vertex -85.5407 12.9476 54
      vertex -85.6154 13.1502 54
    endloop
  endfacet
  facet normal 0 0 1
    outer loop
      vertex -90 -19 54
      vertex -85.4503 -12.7515 54
      vertex -90 19 54
    endloop
  endfacet
  facet normal 0 0 1
    outer loop
      vertex -90 19 54
      vertex -85.6154 13.1502 54
      vertex -85.674 13.358 54
    endloop
  endfacet
  facet normal 0 0 1
    outer loop
      vertex -85.4503 -12.7515 54
      vertex -90 -19 54
      vertex -85.5407 -12.9476 54
    endloop
  endfacet
  facet normal 0 0 1
    outer loop
      vertex -90 19 54
      vertex -85.674 13.358 54
      vertex -85.7161 13.5698 54
    endloop
  endfacet
  facet normal 0 0 1
    outer loop
      vertex -85.5407 -12.9476 54
      vertex -90 -19 54
      vertex -85.6154 -13.1502 54
    endloop
  endfacet
  facet normal 0 0 1
    outer loop
      vertex -90 19 54
      vertex -85.7161 13.5698 54
      vertex -85.7415 13.7842 54
    endloop
  endfacet
  facet normal 0 0 1
    outer loop
      vertex -85.6154 -13.1502 54
      vertex -90 -19 54
      vertex -85.674 -13.358 54
    endloop
  endfacet
  facet normal 0 0 1
    outer loop
      vertex -90 19 54
      vertex -85.7415 13.7842 54
      vertex -85.75 14 54
    endloop
  endfacet
  facet normal 0 0 1
    outer loop
      vertex -85.674 -13.358 54
      vertex -90 -19 54
      vertex -85.7161 -13.5698 54
    endloop
  endfacet
  facet normal 0 0 1
    outer loop
      vertex 85.674 13.358 54
      vertex 90 19 54
      vertex 85.7161 13.5698 54
    endloop
  endfacet
  facet normal 0 0 1
    outer loop
      vertex 90 -19 54
      vertex 85.7415 -13.7842 54
      vertex 85.75 -14 54
    endloop
  endfacet
  facet normal 0 0 1
    outer loop
      vertex 85.6154 13.1502 54
      vertex 90 19 54
      vertex 85.674 13.358 54
    endloop
  endfacet
  facet normal 0 0 1
    outer loop
      vertex 90 -19 54
      vertex 85.7161 -13.5698 54
      vertex 85.7415 -13.7842 54
    endloop
  endfacet
  facet normal 0 0 1
    outer loop
      vertex 85.5407 12.9476 54
      vertex 90 19 54
      vertex 85.6154 13.1502 54
    endloop
  endfacet
  facet normal 0 0 1
    outer loop
      vertex 90 -19 54
      vertex 85.674 -13.358 54
      vertex 85.7161 -13.5698 54
    endloop
  endfacet
  facet normal 0 0 1
    outer loop
      vertex 85.4503 12.7515 54
      vertex 90 19 54
      vertex 85.5407 12.9476 54
    endloop
  endfacet
  facet normal 0 0 1
    outer loop
      vertex 90 -19 54
      vertex 85.6154 -13.1502 54
      vertex 85.674 -13.358 54
    endloop
  endfacet
  facet normal 0 0 1
    outer loop
      vertex 90 19 54
      vertex 85.4503 12.7515 54
      vertex 90 -19 54
    endloop
  endfacet
  facet normal 0 0 1
    outer loop
      vertex 90 -19 54
      vertex 85.5407 -12.9476 54
      vertex 85.6154 -13.1502 54
    endloop
  endfacet
  facet normal -0 0 1
    outer loop
      vertex 85.4503 -12.7515 54
      vertex 90 -19 54
      vertex 85.4503 12.7515 54
    endloop
  endfacet
  facet normal 0 0 1
    outer loop
      vertex 90 -19 54
      vertex 85.4503 -12.7515 54
      vertex 85.5407 -12.9476 54
    endloop
  endfacet
  facet normal -0 0 1
    outer loop
      vertex 85.3448 12.5631 54
      vertex 85.4503 -12.7515 54
      vertex 85.4503 12.7515 54
    endloop
  endfacet
  facet normal 0 0 1
    outer loop
      vertex 85.3448 12.5631 54
      vertex 85.3448 -12.5631 54
      vertex 85.4503 -12.7515 54
    endloop
  endfacet
  facet normal -0 0 1
    outer loop
      vertex 85.2248 12.3836 54
      vertex 85.3448 -12.5631 54
      vertex 85.3448 12.5631 54
    endloop
  endfacet
  facet normal 0 0 1
    outer loop
      vertex 85.2248 12.3836 54
      vertex 85.2248 -12.3836 54
      vertex 85.3448 -12.5631 54
    endloop
  endfacet
  facet normal -0 0 1
    outer loop
      vertex 85.0911 12.214 54
      vertex 85.2248 -12.3836 54
      vertex 85.2248 12.3836 54
    endloop
  endfacet
  facet normal 0 0 1
    outer loop
      vertex 85.0911 12.214 54
      vertex 85.0911 -12.214 54
      vertex 85.2248 -12.3836 54
    endloop
  endfacet
  facet normal -0 0 1
    outer loop
      vertex 84.9445 12.0555 54
      vertex 85.0911 -12.214 54
      vertex 85.0911 12.214 54
    endloop
  endfacet
  facet normal 0 0 1
    outer loop
      vertex 84.9445 12.0555 54
      vertex 84.9445 -12.0555 54
      vertex 85.0911 -12.214 54
    endloop
  endfacet
  facet normal -0 0 1
    outer loop
      vertex 84.786 11.9089 54
      vertex 84.9445 -12.0555 54
      vertex 84.9445 12.0555 54
    endloop
  endfacet
  facet normal 0 0 1
    outer loop
      vertex 84.786 11.9089 54
      vertex 84.786 -11.9089 54
      vertex 84.9445 -12.0555 54
    endloop
  endfacet
  facet normal -0 0 1
    outer loop
      vertex 84.6164 11.7752 54
      vertex 84.786 -11.9089 54
      vertex 84.786 11.9089 54
    endloop
  endfacet
  facet normal 0 0 1
    outer loop
      vertex 84.6164 11.7752 54
      vertex 84.6164 -11.7752 54
      vertex 84.786 -11.9089 54
    endloop
  endfacet
  facet normal -0 0 1
    outer loop
      vertex 84.4369 11.6552 54
      vertex 84.6164 -11.7752 54
      vertex 84.6164 11.7752 54
    endloop
  endfacet
  facet normal 0 0 1
    outer loop
      vertex 84.4369 11.6552 54
      vertex 84.4369 -11.6552 54
      vertex 84.6164 -11.7752 54
    endloop
  endfacet
  facet normal -0 0 1
    outer loop
      vertex 84.2485 11.5497 54
      vertex 84.4369 -11.6552 54
      vertex 84.4369 11.6552 54
    endloop
  endfacet
  facet normal 0 0 1
    outer loop
      vertex 84.2485 11.5497 54
      vertex 84.2485 -11.5497 54
      vertex 84.4369 -11.6552 54
    endloop
  endfacet
  facet normal -0 0 1
    outer loop
      vertex 84.0524 11.4593 54
      vertex 84.2485 -11.5497 54
      vertex 84.2485 11.5497 54
    endloop
  endfacet
  facet normal 0 0 1
    outer loop
      vertex 84.0524 11.4593 54
      vertex 84.0524 -11.4593 54
      vertex 84.2485 -11.5497 54
    endloop
  endfacet
  facet normal -0 0 1
    outer loop
      vertex 83.8498 11.3846 54
      vertex 84.0524 -11.4593 54
      vertex 84.0524 11.4593 54
    endloop
  endfacet
  facet normal 0 0 1
    outer loop
      vertex 83.8498 11.3846 54
      vertex 83.8498 -11.3846 54
      vertex 84.0524 -11.4593 54
    endloop
  endfacet
  facet normal 0 0 1
    outer loop
      vertex 76.2 2.2 54
      vertex 83.8498 11.3846 54
      vertex 83.642 11.326 54
    endloop
  endfacet
  facet normal 0 0 1
    outer loop
      vertex 83.8498 11.3846 54
      vertex 76.2 2.2 54
      vertex 83.8498 -11.3846 54
    endloop
  endfacet
  facet normal 0 0 1
    outer loop
      vertex 76.2 2.2 54
      vertex 83.642 11.326 54
      vertex 83.4302 11.2839 54
    endloop
  endfacet
  facet normal -0 0 1
    outer loop
      vertex 76.2 -2.2 54
      vertex 83.8498 -11.3846 54
      vertex 76.2 2.2 54
    endloop
  endfacet
  facet normal 0 0 1
    outer loop
      vertex 76.2 2.2 54
      vertex 83.4302 11.2839 54
      vertex 83.2158 11.2585 54
    endloop
  endfacet
  facet normal 0 0 1
    outer loop
      vertex 83.8498 -11.3846 54
      vertex 76.2 -2.2 54
      vertex 83.642 -11.326 54
    endloop
  endfacet
  facet normal 0 0 1
    outer loop
      vertex 76.2 2.2 54
      vertex 83.2158 11.2585 54
      vertex 83 11.25 54
    endloop
  endfacet
  facet normal 0 0 1
    outer loop
      vertex 83.642 -11.326 54
      vertex 76.2 -2.2 54
      vertex 83.4302 -11.2839 54
    endloop
  endfacet
  facet normal 0 0 1
    outer loop
      vertex 76.2 2.2 54
      vertex 83 11.25 54
      vertex 82.7842 11.2585 54
    endloop
  endfacet
  facet normal 0 0 1
    outer loop
      vertex 83.4302 -11.2839 54
      vertex 76.2 -2.2 54
      vertex 83.2158 -11.2585 54
    endloop
  endfacet
  facet normal 0 0 1
    outer loop
      vertex 76.2 2.2 54
      vertex 82.7842 11.2585 54
      vertex 82.5698 11.2839 54
    endloop
  endfacet
  facet normal 0 0 1
    outer loop
      vertex 83.2158 -11.2585 54
      vertex 76.2 -2.2 54
      vertex 83 -11.25 54
    endloop
  endfacet
  facet normal 0 0 1
    outer loop
      vertex 76.2 2.2 54
      vertex 82.5698 11.2839 54
      vertex 82.358 11.326 54
    endloop
  endfacet
  facet normal 0 0 1
    outer loop
      vertex 83 -11.25 54
      vertex 76.2 -2.2 54
      vertex 82.7842 -11.2585 54
    endloop
  endfacet
  facet normal 0 0 1
    outer loop
      vertex 76.2 2.2 54
      vertex 82.358 11.326 54
      vertex 82.1502 11.3846 54
    endloop
  endfacet
  facet normal 0 0 1
    outer loop
      vertex 82.7842 -11.2585 54
      vertex 76.2 -2.2 54
      vertex 82.5698 -11.2839 54
    endloop
  endfacet
  facet normal 0 0 1
    outer loop
      vertex 76.2 2.2 54
      vertex 82.1502 11.3846 54
      vertex 81.9476 11.4593 54
    endloop
  endfacet
  facet normal 0 0 1
    outer loop
      vertex 82.5698 -11.2839 54
      vertex 76.2 -2.2 54
      vertex 82.358 -11.326 54
    endloop
  endfacet
  facet normal 0 0 1
    outer loop
      vertex 76.2 2.2 54
      vertex 81.9476 11.4593 54
      vertex 81.7515 11.5497 54
    endloop
  endfacet
  facet normal 0 0 1
    outer loop
      vertex 82.358 -11.326 54
      vertex 76.2 -2.2 54
      vertex 82.1502 -11.3846 54
    endloop
  endfacet
  facet normal 0 0 1
    outer loop
      vertex 76.2 2.2 54
      vertex 81.7515 11.5497 54
      vertex 81.5631 11.6552 54
    endloop
  endfacet
  facet normal 0 0 1
    outer loop
      vertex 82.1502 -11.3846 54
      vertex 76.2 -2.2 54
      vertex 81.9476 -11.4593 54
    endloop
  endfacet
  facet normal 0 0 1
    outer loop
      vertex 76.2 2.2 54
      vertex 81.5631 11.6552 54
      vertex 81.3836 11.7752 54
    endloop
  endfacet
  facet normal 0 0 1
    outer loop
      vertex 81.9476 -11.4593 54
      vertex 76.2 -2.2 54
      vertex 81.7515 -11.5497 54
    endloop
  endfacet
  facet normal 0 0 1
    outer loop
      vertex 73.1191 5.4341 54
      vertex 81.3836 11.7752 54
      vertex 81.214 11.9089 54
    endloop
  endfacet
  facet normal 0 0 1
    outer loop
      vertex 81.7515 -11.5497 54
      vertex 76.2 -2.2 54
      vertex 81.5631 -11.6552 54
    endloop
  endfacet
  facet normal 0 0 1
    outer loop
      vertex 73.1191 5.4341 54
      vertex 81.214 11.9089 54
      vertex 81.0555 12.0555 54
    endloop
  endfacet
  facet normal 0 0 1
    outer loop
      vertex 81.5631 -11.6552 54
      vertex 76.2 -2.2 54
      vertex 81.3836 -11.7752 54
    endloop
  endfacet
  facet normal 0 0 1
    outer loop
      vertex 72.6523 6.44666 54
      vertex 81.0555 12.0555 54
      vertex 80.9089 12.214 54
    endloop
  endfacet
  facet normal -0 0 1
    outer loop
      vertex 73.1191 -5.4341 54
      vertex 81.3836 -11.7752 54
      vertex 76.2 -2.2 54
    endloop
  endfacet
  facet normal 0 0 1
    outer loop
      vertex 72.6523 6.44666 54
      vertex 80.9089 12.214 54
      vertex 80.7752 12.3836 54
    endloop
  endfacet
  facet normal 0 0 1
    outer loop
      vertex 81.3836 -11.7752 54
      vertex 73.1191 -5.4341 54
      vertex 81.214 -11.9089 54
    endloop
  endfacet
  facet normal 0 0 1
    outer loop
      vertex 72.1075 7.41948 54
      vertex 80.7752 12.3836 54
      vertex 80.6552 12.5631 54
    endloop
  endfacet
  facet normal 0 0 1
    outer loop
      vertex 81.214 -11.9089 54
      vertex 73.1191 -5.4341 54
      vertex 81.0555 -12.0555 54
    endloop
  endfacet
  facet normal 0 0 1
    outer loop
      vertex 72.1075 7.41948 54
      vertex 80.6552 12.5631 54
      vertex 80.5497 12.7515 54
    endloop
  endfacet
  facet normal -0 0 1
    outer loop
      vertex 72.6523 -6.44666 54
      vertex 81.0555 -12.0555 54
      vertex 73.1191 -5.4341 54
    endloop
  endfacet
  facet normal 0 0 1
    outer loop
      vertex 71.488 8.34655 54
      vertex 80.5497 12.7515 54
      vertex 80.4593 12.9476 54
    endloop
  endfacet
  facet normal 0 0 1
    outer loop
      vertex 81.0555 -12.0555 54
      vertex 72.6523 -6.44666 54
      vertex 80.9089 -12.214 54
    endloop
  endfacet
  facet normal 0 0 1
    outer loop
      vertex 71.488 8.34655 54
      vertex 80.4593 12.9476 54
      vertex 80.3846 13.1502 54
    endloop
  endfacet
  facet normal 0 0 1
    outer loop
      vertex 80.9089 -12.214 54
      vertex 72.6523 -6.44666 54
      vertex 80.7752 -12.3836 54
    endloop
  endfacet
  facet normal 0 0 1
    outer loop
      vertex 71.488 8.34655 54
      vertex 80.3846 13.1502 54
      vertex 80.326 13.358 54
    endloop
  endfacet
  facet normal -0 0 1
    outer loop
      vertex 72.1075 -7.41948 54
      vertex 80.7752 -12.3836 54
      vertex 72.6523 -6.44666 54
    endloop
  endfacet
  facet normal 0 0 1
    outer loop
      vertex 70.7978 9.22216 54
      vertex 80.326 13.358 54
      vertex 80.2839 13.5698 54
    endloop
  endfacet
  facet normal 0 0 1
    outer loop
      vertex 80.7752 -12.3836 54
      vertex 72.1075 -7.41948 54
      vertex 80.6552 -12.5631 54
    endloop
  endfacet
  facet normal 0 0 1
    outer loop
      vertex 70.7978 9.22216 54
      vertex 80.2839 13.5698 54
      vertex 80.2585 13.7842 54
    endloop
  endfacet
  facet normal 0 0 1
    outer loop
      vertex 80.6552 -12.5631 54
      vertex 72.1075 -7.41948 54
      vertex 80.5497 -12.7515 54
    endloop
  endfacet
  facet normal 0 0 1
    outer loop
      vertex 70.0409 10.0409 54
      vertex 80.2585 13.7842 54
      vertex 80.25 14 54
    endloop
  endfacet
  facet normal -0 0 1
    outer loop
      vertex 71.488 -8.34655 54
      vertex 80.5497 -12.7515 54
      vertex 72.1075 -7.41948 54
    endloop
  endfacet
  facet normal 0 0 1
    outer loop
      vertex 84.786 16.0911 54
      vertex 90 19 54
      vertex 89.9908 19.2354 54
    endloop
  endfacet
  facet normal 0 0 1
    outer loop
      vertex 85.7415 13.7842 54
      vertex 90 19 54
      vertex 85.75 14 54
    endloop
  endfacet
  facet normal 0 0 1
    outer loop
      vertex 84.786 16.0911 54
      vertex 89.9908 19.2354 54
      vertex 89.9631 19.4693 54
    endloop
  endfacet
  facet normal 0 0 1
    outer loop
      vertex 85.7161 13.5698 54
      vertex 90 19 54
      vertex 85.7415 13.7842 54
    endloop
  endfacet
  facet normal 0 0 1
    outer loop
      vertex 84.786 16.0911 54
      vertex 89.9631 19.4693 54
      vertex 89.9171 19.7003 54
    endloop
  endfacet
  facet normal -0 0 1
    outer loop
      vertex 85.7415 -14.2158 54
      vertex 90 -19 54
      vertex 85.75 -14 54
    endloop
  endfacet
  facet normal 0 0 1
    outer loop
      vertex 84.786 16.0911 54
      vertex 89.9171 19.7003 54
      vertex 89.8532 19.927 54
    endloop
  endfacet
  facet normal -0 0 1
    outer loop
      vertex 85.7161 -14.4302 54
      vertex 90 -19 54
      vertex 85.7415 -14.2158 54
    endloop
  endfacet
  facet normal 0 0 1
    outer loop
      vertex 84.786 16.0911 54
      vertex 89.8532 19.927 54
      vertex 89.7716 20.1481 54
    endloop
  endfacet
  facet normal -0 0 1
    outer loop
      vertex 85.674 -14.642 54
      vertex 90 -19 54
      vertex 85.7161 -14.4302 54
    endloop
  endfacet
  facet normal 0 0 1
    outer loop
      vertex 84.786 16.0911 54
      vertex 89.7716 20.1481 54
      vertex 89.673 20.362 54
    endloop
  endfacet
  facet normal -0 0 1
    outer loop
      vertex 85.6154 -14.8498 54
      vertex 90 -19 54
      vertex 85.674 -14.642 54
    endloop
  endfacet
  facet normal 0 0 1
    outer loop
      vertex 84.786 16.0911 54
      vertex 89.673 20.362 54
      vertex 89.5579 20.5675 54
    endloop
  endfacet
  facet normal -0 0 1
    outer loop
      vertex 85.5407 -15.0524 54
      vertex 90 -19 54
      vertex 85.6154 -14.8498 54
    endloop
  endfacet
  facet normal 0 0 1
    outer loop
      vertex 84.786 16.0911 54
      vertex 89.5579 20.5675 54
      vertex 89.427 20.7634 54
    endloop
  endfacet
  facet normal -0 0 1
    outer loop
      vertex 85.4503 -15.2485 54
      vertex 90 -19 54
      vertex 85.5407 -15.0524 54
    endloop
  endfacet
  facet normal 0 0 1
    outer loop
      vertex 84.786 16.0911 54
      vertex 89.427 20.7634 54
      vertex 89.2812 20.9483 54
    endloop
  endfacet
  facet normal -0 0 1
    outer loop
      vertex 85.3448 -15.4369 54
      vertex 90 -19 54
      vertex 85.4503 -15.2485 54
    endloop
  endfacet
  facet normal 0 0 1
    outer loop
      vertex 84.786 16.0911 54
      vertex 89.2812 20.9483 54
      vertex 89.1213 21.1213 54
    endloop
  endfacet
  facet normal -0 0 1
    outer loop
      vertex 85.2248 -15.6164 54
      vertex 90 -19 54
      vertex 85.3448 -15.4369 54
    endloop
  endfacet
  facet normal 0 0 1
    outer loop
      vertex 84.786 16.0911 54
      vertex 89.1213 21.1213 54
      vertex 88.9483 21.2812 54
    endloop
  endfacet
  facet normal -0 0 1
    outer loop
      vertex 85.0911 -15.786 54
      vertex 90 -19 54
      vertex 85.2248 -15.6164 54
    endloop
  endfacet
  facet normal 0 0 1
    outer loop
      vertex 84.786 16.0911 54
      vertex 88.9483 21.2812 54
      vertex 88.7634 21.427 54
    endloop
  endfacet
  facet normal -0 0 1
    outer loop
      vertex 84.9445 -15.9445 54
      vertex 90 -19 54
      vertex 85.0911 -15.786 54
    endloop
  endfacet
  facet normal 0 0 1
    outer loop
      vertex 84.786 16.0911 54
      vertex 88.7634 21.427 54
      vertex 88.5675 21.5579 54
    endloop
  endfacet
  facet normal -0 0 1
    outer loop
      vertex 84.786 -16.0911 54
      vertex 90 -19 54
      vertex 84.9445 -15.9445 54
    endloop
  endfacet
  facet normal 0 0 1
    outer loop
      vertex 84.786 16.0911 54
      vertex 88.5675 21.5579 54
      vertex 88.362 21.673 54
    endloop
  endfacet
  facet normal 0 0 1
    outer loop
      vertex 90 -19 54
      vertex 84.786 -16.0911 54
      vertex 89.9908 -19.2354 54
    endloop
  endfacet
  facet normal 0 0 1
    outer loop
      vertex 84.786 16.0911 54
      vertex 88.362 21.673 54
      vertex 88.1481 21.7716 54
    endloop
  endfacet
  facet normal 0 0 1
    outer loop
      vertex 89.9908 -19.2354 54
      vertex 84.786 -16.0911 54
      vertex 89.9631 -19.4693 54
    endloop
  endfacet
  facet normal 0 0 1
    outer loop
      vertex 84.786 16.0911 54
      vertex 88.1481 21.7716 54
      vertex 87.927 21.8532 54
    endloop
  endfacet
  facet normal 0 0 1
    outer loop
      vertex 89.9631 -19.4693 54
      vertex 84.786 -16.0911 54
      vertex 89.9171 -19.7003 54
    endloop
  endfacet
  facet normal 0 0 1
    outer loop
      vertex 84.786 16.0911 54
      vertex 87.927 21.8532 54
      vertex 87.7003 21.9171 54
    endloop
  endfacet
  facet normal 0 0 1
    outer loop
      vertex 89.9171 -19.7003 54
      vertex 84.786 -16.0911 54
      vertex 89.8532 -19.927 54
    endloop
  endfacet
  facet normal 0 0 1
    outer loop
      vertex 84.786 16.0911 54
      vertex 87.7003 21.9171 54
      vertex 87.4693 21.9631 54
    endloop
  endfacet
  facet normal 0 0 1
    outer loop
      vertex 89.8532 -19.927 54
      vertex 84.786 -16.0911 54
      vertex 89.7716 -20.1481 54
    endloop
  endfacet
  facet normal 0 0 1
    outer loop
      vertex 84.786 16.0911 54
      vertex 87.4693 21.9631 54
      vertex 87.2354 21.9908 54
    endloop
  endfacet
  facet normal 0 0 1
    outer loop
      vertex 89.7716 -20.1481 54
      vertex 84.786 -16.0911 54
      vertex 89.673 -20.362 54
    endloop
  endfacet
  facet normal 0 0 1
    outer loop
      vertex 84.786 16.0911 54
      vertex 87.2354 21.9908 54
      vertex 87 22 54
    endloop
  endfacet
  facet normal 0 0 1
    outer loop
      vertex 89.673 -20.362 54
      vertex 84.786 -16.0911 54
      vertex 89.5579 -20.5675 54
    endloop
  endfacet
  facet normal 0 0 1
    outer loop
      vertex 89.5579 -20.5675 54
      vertex 84.786 -16.0911 54
      vertex 89.427 -20.7634 54
    endloop
  endfacet
  facet normal 0 0 1
    outer loop
      vertex 90 19 54
      vertex 85.7415 14.2158 54
      vertex 85.75 14 54
    endloop
  endfacet
  facet normal 0 0 1
    outer loop
      vertex 90 19 54
      vertex 85.7161 14.4302 54
      vertex 85.7415 14.2158 54
    endloop
  endfacet
  facet normal 0 0 1
    outer loop
      vertex 90 19 54
      vertex 85.674 14.642 54
      vertex 85.7161 14.4302 54
    endloop
  endfacet
  facet normal 0 0 1
    outer loop
      vertex 90 19 54
      vertex 85.6154 14.8498 54
      vertex 85.674 14.642 54
    endloop
  endfacet
  facet normal 0 0 1
    outer loop
      vertex 90 19 54
      vertex 85.5407 15.0524 54
      vertex 85.6154 14.8498 54
    endloop
  endfacet
  facet normal 0 0 1
    outer loop
      vertex 90 19 54
      vertex 85.4503 15.2485 54
      vertex 85.5407 15.0524 54
    endloop
  endfacet
  facet normal 0 0 1
    outer loop
      vertex 90 19 54
      vertex 85.3448 15.4369 54
      vertex 85.4503 15.2485 54
    endloop
  endfacet
  facet normal 0 0 1
    outer loop
      vertex 90 19 54
      vertex 85.2248 15.6164 54
      vertex 85.3448 15.4369 54
    endloop
  endfacet
  facet normal 0 0 1
    outer loop
      vertex 90 19 54
      vertex 85.0911 15.786 54
      vertex 85.2248 15.6164 54
    endloop
  endfacet
  facet normal 0 0 1
    outer loop
      vertex 90 19 54
      vertex 84.9445 15.9445 54
      vertex 85.0911 15.786 54
    endloop
  endfacet
  facet normal 0 0 1
    outer loop
      vertex 90 19 54
      vertex 84.786 16.0911 54
      vertex 84.9445 15.9445 54
    endloop
  endfacet
  facet normal 0 0 1
    outer loop
      vertex 87 22 54
      vertex 84.6164 16.2248 54
      vertex 84.786 16.0911 54
    endloop
  endfacet
  facet normal 0 0 1
    outer loop
      vertex 87 22 54
      vertex 84.4369 16.3448 54
      vertex 84.6164 16.2248 54
    endloop
  endfacet
  facet normal 0 0 1
    outer loop
      vertex 87 22 54
      vertex 84.2485 16.4503 54
      vertex 84.4369 16.3448 54
    endloop
  endfacet
  facet normal 0 0 1
    outer loop
      vertex 87 22 54
      vertex 84.0524 16.5407 54
      vertex 84.2485 16.4503 54
    endloop
  endfacet
  facet normal 0 0 1
    outer loop
      vertex 87 22 54
      vertex 83.8498 16.6154 54
      vertex 84.0524 16.5407 54
    endloop
  endfacet
  facet normal 0 0 1
    outer loop
      vertex 87 22 54
      vertex 83.642 16.674 54
      vertex 83.8498 16.6154 54
    endloop
  endfacet
  facet normal 0 0 1
    outer loop
      vertex 87 22 54
      vertex 83.4302 16.7161 54
      vertex 83.642 16.674 54
    endloop
  endfacet
  facet normal 0 0 1
    outer loop
      vertex 87 22 54
      vertex 83.2158 16.7415 54
      vertex 83.4302 16.7161 54
    endloop
  endfacet
  facet normal 0 0 1
    outer loop
      vertex 87 22 54
      vertex 83 16.75 54
      vertex 83.2158 16.7415 54
    endloop
  endfacet
  facet normal 0 0 1
    outer loop
      vertex 87 22 54
      vertex 82.7842 16.7415 54
      vertex 83 16.75 54
    endloop
  endfacet
  facet normal 0 0 1
    outer loop
      vertex 87 22 54
      vertex 82.5698 16.7161 54
      vertex 82.7842 16.7415 54
    endloop
  endfacet
  facet normal 0 0 1
    outer loop
      vertex 87 22 54
      vertex 82.358 16.674 54
      vertex 82.5698 16.7161 54
    endloop
  endfacet
  facet normal 0 0 1
    outer loop
      vertex 87 22 54
      vertex 82.1502 16.6154 54
      vertex 82.358 16.674 54
    endloop
  endfacet
  facet normal 0 0 1
    outer loop
      vertex 87 22 54
      vertex 81.9476 16.5407 54
      vertex 82.1502 16.6154 54
    endloop
  endfacet
  facet normal 0 0 1
    outer loop
      vertex 87 22 54
      vertex 81.7515 16.4503 54
      vertex 81.9476 16.5407 54
    endloop
  endfacet
  facet normal 0 0 1
    outer loop
      vertex 87 22 54
      vertex 81.5631 16.3448 54
      vertex 81.7515 16.4503 54
    endloop
  endfacet
  facet normal 0 0 1
    outer loop
      vertex 87 22 54
      vertex 81.3836 16.2248 54
      vertex 81.5631 16.3448 54
    endloop
  endfacet
  facet normal 0 0 1
    outer loop
      vertex 64.388 13.505 54
      vertex 81.3836 16.2248 54
      vertex 87 22 54
    endloop
  endfacet
  facet normal 0 0 1
    outer loop
      vertex 81.3836 16.2248 54
      vertex 64.388 13.505 54
      vertex 81.214 16.0911 54
    endloop
  endfacet
  facet normal 0 0 1
    outer loop
      vertex 80.5497 -12.7515 54
      vertex 71.488 -8.34655 54
      vertex 80.4593 -12.9476 54
    endloop
  endfacet
  facet normal 0 0 1
    outer loop
      vertex 70.0409 10.0409 54
      vertex 80.25 14 54
      vertex 80.2585 14.2158 54
    endloop
  endfacet
  facet normal 0 0 1
    outer loop
      vertex 70.0409 10.0409 54
      vertex 80.2585 14.2158 54
      vertex 80.2839 14.4302 54
    endloop
  endfacet
  facet normal 0 0 1
    outer loop
      vertex 69.2222 10.7978 54
      vertex 80.2839 14.4302 54
      vertex 80.326 14.642 54
    endloop
  endfacet
  facet normal 0 0 1
    outer loop
      vertex 69.2222 10.7978 54
      vertex 80.326 14.642 54
      vertex 80.3846 14.8498 54
    endloop
  endfacet
  facet normal 0 0 1
    outer loop
      vertex 81.3836 11.7752 54
      vertex 73.1191 5.4341 54
      vertex 76.2 2.2 54
    endloop
  endfacet
  facet normal 0 0 1
    outer loop
      vertex 68.3465 11.488 54
      vertex 80.3846 14.8498 54
      vertex 80.4593 15.0524 54
    endloop
  endfacet
  facet normal 0 0 1
    outer loop
      vertex 68.3465 11.488 54
      vertex 80.4593 15.0524 54
      vertex 80.5497 15.2485 54
    endloop
  endfacet
  facet normal 0 0 1
    outer loop
      vertex 76.2 2.2 54
      vertex 74.0252 2.22137 54
      vertex 74.0277 2.2 54
    endloop
  endfacet
  facet normal 0 0 1
    outer loop
      vertex 76.2 2.2 54
      vertex 73.8077 3.31492 54
      vertex 74.0252 2.22137 54
    endloop
  endfacet
  facet normal 0 0 1
    outer loop
      vertex 67.4195 12.1075 54
      vertex 80.5497 15.2485 54
      vertex 80.6552 15.4369 54
    endloop
  endfacet
  facet normal 0 0 1
    outer loop
      vertex 76.2 2.2 54
      vertex 73.505 4.38804 54
      vertex 73.8077 3.31492 54
    endloop
  endfacet
  facet normal 0 0 1
    outer loop
      vertex 76.2 2.2 54
      vertex 73.1191 5.4341 54
      vertex 73.505 4.38804 54
    endloop
  endfacet
  facet normal 0 0 1
    outer loop
      vertex 67.4195 12.1075 54
      vertex 80.6552 15.4369 54
      vertex 80.7752 15.6164 54
    endloop
  endfacet
  facet normal 0 0 1
    outer loop
      vertex 81.0555 12.0555 54
      vertex 72.6523 6.44666 54
      vertex 73.1191 5.4341 54
    endloop
  endfacet
  facet normal 0 0 1
    outer loop
      vertex 66.4467 12.6523 54
      vertex 80.7752 15.6164 54
      vertex 80.9089 15.786 54
    endloop
  endfacet
  facet normal 0 0 1
    outer loop
      vertex 80.7752 12.3836 54
      vertex 72.1075 7.41948 54
      vertex 72.6523 6.44666 54
    endloop
  endfacet
  facet normal 0 0 1
    outer loop
      vertex 66.4467 12.6523 54
      vertex 80.9089 15.786 54
      vertex 81.0555 15.9445 54
    endloop
  endfacet
  facet normal 0 -0 1
    outer loop
      vertex 65.4341 13.1191 54
      vertex 81.214 16.0911 54
      vertex 64.388 13.505 54
    endloop
  endfacet
  facet normal 0 0 1
    outer loop
      vertex 80.5497 12.7515 54
      vertex 71.488 8.34655 54
      vertex 72.1075 7.41948 54
    endloop
  endfacet
  facet normal 0 0 1
    outer loop
      vertex 80.326 13.358 54
      vertex 70.7978 9.22216 54
      vertex 71.488 8.34655 54
    endloop
  endfacet
  facet normal 0 0 1
    outer loop
      vertex 80.2585 13.7842 54
      vertex 70.0409 10.0409 54
      vertex 70.7978 9.22216 54
    endloop
  endfacet
  facet normal 0 0 1
    outer loop
      vertex 80.2839 14.4302 54
      vertex 69.2222 10.7978 54
      vertex 70.0409 10.0409 54
    endloop
  endfacet
  facet normal 0 0 1
    outer loop
      vertex 80.3846 14.8498 54
      vertex 68.3465 11.488 54
      vertex 69.2222 10.7978 54
    endloop
  endfacet
  facet normal 0 0 1
    outer loop
      vertex 80.5497 15.2485 54
      vertex 67.4195 12.1075 54
      vertex 68.3465 11.488 54
    endloop
  endfacet
  facet normal 0 0 1
    outer loop
      vertex 80.7752 15.6164 54
      vertex 66.4467 12.6523 54
      vertex 67.4195 12.1075 54
    endloop
  endfacet
  facet normal 0 0 1
    outer loop
      vertex 81.0555 15.9445 54
      vertex 65.4341 13.1191 54
      vertex 66.4467 12.6523 54
    endloop
  endfacet
  facet normal 0 0 1
    outer loop
      vertex 81.214 16.0911 54
      vertex 65.4341 13.1191 54
      vertex 81.0555 15.9445 54
    endloop
  endfacet
  facet normal 0 0 1
    outer loop
      vertex 87 22 54
      vertex 63.3149 13.8077 54
      vertex 64.388 13.505 54
    endloop
  endfacet
  facet normal 0 0 1
    outer loop
      vertex 87 22 54
      vertex 62.2214 14.0252 54
      vertex 63.3149 13.8077 54
    endloop
  endfacet
  facet normal 0 0 1
    outer loop
      vertex 87 22 54
      vertex 61.1141 14.1562 54
      vertex 62.2214 14.0252 54
    endloop
  endfacet
  facet normal 0 0 1
    outer loop
      vertex 87 22 54
      vertex 60 14.2 54
      vertex 61.1141 14.1562 54
    endloop
  endfacet
  facet normal 0 0 1
    outer loop
      vertex 87 22 54
      vertex 58.8859 14.1562 54
      vertex 60 14.2 54
    endloop
  endfacet
  facet normal 0 0 1
    outer loop
      vertex 87 22 54
      vertex 57.7786 14.0252 54
      vertex 58.8859 14.1562 54
    endloop
  endfacet
  facet normal 0 0 1
    outer loop
      vertex 22.2214 14.0252 54
      vertex 57.7786 14.0252 54
      vertex 87 22 54
    endloop
  endfacet
  facet normal 0 0 1
    outer loop
      vertex 45.8438 1.11412 54
      vertex 36.2 2.2 54
      vertex 45.8 0 54
    endloop
  endfacet
  facet normal 0 0 1
    outer loop
      vertex 45.9748 2.22137 54
      vertex 36.2 2.2 54
      vertex 45.8438 1.11412 54
    endloop
  endfacet
  facet normal 0 0 1
    outer loop
      vertex 46.1923 3.31492 54
      vertex 36.2 2.2 54
      vertex 45.9748 2.22137 54
    endloop
  endfacet
  facet normal 0 0 1
    outer loop
      vertex 46.495 4.38804 54
      vertex 36.2 2.2 54
      vertex 46.1923 3.31492 54
    endloop
  endfacet
  facet normal 0 0 1
    outer loop
      vertex 46.8809 5.4341 54
      vertex 36.2 2.2 54
      vertex 46.495 4.38804 54
    endloop
  endfacet
  facet normal 0 0 1
    outer loop
      vertex 33.1191 5.4341 54
      vertex 46.8809 5.4341 54
      vertex 47.3477 6.44666 54
    endloop
  endfacet
  facet normal 0 0 1
    outer loop
      vertex 32.6523 6.44666 54
      vertex 47.3477 6.44666 54
      vertex 47.8925 7.41948 54
    endloop
  endfacet
  facet normal 0 0 1
    outer loop
      vertex 32.1075 7.41948 54
      vertex 47.8925 7.41948 54
      vertex 48.512 8.34655 54
    endloop
  endfacet
  facet normal 0 0 1
    outer loop
      vertex 31.488 8.34655 54
      vertex 48.512 8.34655 54
      vertex 49.2022 9.22216 54
    endloop
  endfacet
  facet normal 0 0 1
    outer loop
      vertex 30.7978 9.22216 54
      vertex 49.2022 9.22216 54
      vertex 49.9591 10.0409 54
    endloop
  endfacet
  facet normal 0 0 1
    outer loop
      vertex 30.0409 10.0409 54
      vertex 49.9591 10.0409 54
      vertex 50.7778 10.7978 54
    endloop
  endfacet
  facet normal 0 0 1
    outer loop
      vertex 29.2222 10.7978 54
      vertex 50.7778 10.7978 54
      vertex 51.6535 11.488 54
    endloop
  endfacet
  facet normal 0 0 1
    outer loop
      vertex 28.3465 11.488 54
      vertex 51.6535 11.488 54
      vertex 52.5805 12.1075 54
    endloop
  endfacet
  facet normal 0 0 1
    outer loop
      vertex 47.3477 6.44666 54
      vertex 32.6523 6.44666 54
      vertex 33.1191 5.4341 54
    endloop
  endfacet
  facet normal 0 0 1
    outer loop
      vertex 27.4195 12.1075 54
      vertex 52.5805 12.1075 54
      vertex 53.5533 12.6523 54
    endloop
  endfacet
  facet normal 0 0 1
    outer loop
      vertex 36.2 2.2 54
      vertex 34.0252 2.22137 54
      vertex 34.0277 2.2 54
    endloop
  endfacet
  facet normal 0 0 1
    outer loop
      vertex 36.2 2.2 54
      vertex 33.8077 3.31492 54
      vertex 34.0252 2.22137 54
    endloop
  endfacet
  facet normal 0 0 1
    outer loop
      vertex 36.2 2.2 54
      vertex 33.505 4.38804 54
      vertex 33.8077 3.31492 54
    endloop
  endfacet
  facet normal 0 0 1
    outer loop
      vertex 26.4467 12.6523 54
      vertex 53.5533 12.6523 54
      vertex 54.5659 13.1191 54
    endloop
  endfacet
  facet normal 0 0 1
    outer loop
      vertex 36.2 2.2 54
      vertex 33.1191 5.4341 54
      vertex 33.505 4.38804 54
    endloop
  endfacet
  facet normal 0 0 1
    outer loop
      vertex 25.4341 13.1191 54
      vertex 54.5659 13.1191 54
      vertex 55.612 13.505 54
    endloop
  endfacet
  facet normal 0 0 1
    outer loop
      vertex 46.8809 5.4341 54
      vertex 33.1191 5.4341 54
      vertex 36.2 2.2 54
    endloop
  endfacet
  facet normal 0 0 1
    outer loop
      vertex 47.8925 7.41948 54
      vertex 32.1075 7.41948 54
      vertex 32.6523 6.44666 54
    endloop
  endfacet
  facet normal 0 0 1
    outer loop
      vertex 24.388 13.505 54
      vertex 55.612 13.505 54
      vertex 56.6851 13.8077 54
    endloop
  endfacet
  facet normal 0 0 1
    outer loop
      vertex 57.7786 14.0252 54
      vertex 22.2214 14.0252 54
      vertex 56.6851 13.8077 54
    endloop
  endfacet
  facet normal 0 0 1
    outer loop
      vertex 48.512 8.34655 54
      vertex 31.488 8.34655 54
      vertex 32.1075 7.41948 54
    endloop
  endfacet
  facet normal 0 0 1
    outer loop
      vertex 49.2022 9.22216 54
      vertex 30.7978 9.22216 54
      vertex 31.488 8.34655 54
    endloop
  endfacet
  facet normal 0 0 1
    outer loop
      vertex 49.9591 10.0409 54
      vertex 30.0409 10.0409 54
      vertex 30.7978 9.22216 54
    endloop
  endfacet
  facet normal 0 0 1
    outer loop
      vertex 50.7778 10.7978 54
      vertex 29.2222 10.7978 54
      vertex 30.0409 10.0409 54
    endloop
  endfacet
  facet normal 0 0 1
    outer loop
      vertex 51.6535 11.488 54
      vertex 28.3465 11.488 54
      vertex 29.2222 10.7978 54
    endloop
  endfacet
  facet normal 0 0 1
    outer loop
      vertex 52.5805 12.1075 54
      vertex 27.4195 12.1075 54
      vertex 28.3465 11.488 54
    endloop
  endfacet
  facet normal 0 0 1
    outer loop
      vertex 53.5533 12.6523 54
      vertex 26.4467 12.6523 54
      vertex 27.4195 12.1075 54
    endloop
  endfacet
  facet normal 0 0 1
    outer loop
      vertex 54.5659 13.1191 54
      vertex 25.4341 13.1191 54
      vertex 26.4467 12.6523 54
    endloop
  endfacet
  facet normal 0 0 1
    outer loop
      vertex 55.612 13.505 54
      vertex 24.388 13.505 54
      vertex 25.4341 13.1191 54
    endloop
  endfacet
  facet normal 0 0 1
    outer loop
      vertex 56.6851 13.8077 54
      vertex 23.3149 13.8077 54
      vertex 24.388 13.505 54
    endloop
  endfacet
  facet normal 0 0 1
    outer loop
      vertex 56.6851 13.8077 54
      vertex 22.2214 14.0252 54
      vertex 23.3149 13.8077 54
    endloop
  endfacet
  facet normal 0 0 1
    outer loop
      vertex 87 22 54
      vertex 21.1141 14.1562 54
      vertex 22.2214 14.0252 54
    endloop
  endfacet
  facet normal 0 0 1
    outer loop
      vertex 87 22 54
      vertex 20 14.2 54
      vertex 21.1141 14.1562 54
    endloop
  endfacet
  facet normal 0 0 1
    outer loop
      vertex 87 22 54
      vertex 18.8859 14.1562 54
      vertex 20 14.2 54
    endloop
  endfacet
  facet normal 0 0 1
    outer loop
      vertex 5.84377 1.11412 54
      vertex -3.8 2.2 54
      vertex 5.8 0 54
    endloop
  endfacet
  facet normal 0 0 1
    outer loop
      vertex 5.97483 2.22137 54
      vertex -3.8 2.2 54
      vertex 5.84377 1.11412 54
    endloop
  endfacet
  facet normal 0 0 1
    outer loop
      vertex 6.19235 3.31492 54
      vertex -3.8 2.2 54
      vertex 5.97483 2.22137 54
    endloop
  endfacet
  facet normal 0 0 1
    outer loop
      vertex 6.495 4.38804 54
      vertex -3.8 2.2 54
      vertex 6.19235 3.31492 54
    endloop
  endfacet
  facet normal 0 0 1
    outer loop
      vertex 6.88091 5.4341 54
      vertex -3.8 2.2 54
      vertex 6.495 4.38804 54
    endloop
  endfacet
  facet normal 0 0 1
    outer loop
      vertex -6.88091 5.4341 54
      vertex 6.88091 5.4341 54
      vertex 7.34771 6.44666 54
    endloop
  endfacet
  facet normal 0 0 1
    outer loop
      vertex -7.34771 6.44666 54
      vertex 7.34771 6.44666 54
      vertex 7.89251 7.41948 54
    endloop
  endfacet
  facet normal 0 0 1
    outer loop
      vertex -7.89251 7.41948 54
      vertex 7.89251 7.41948 54
      vertex 8.51196 8.34655 54
    endloop
  endfacet
  facet normal 0 0 1
    outer loop
      vertex -8.51196 8.34655 54
      vertex 8.51196 8.34655 54
      vertex 9.20224 9.22216 54
    endloop
  endfacet
  facet normal 0 0 1
    outer loop
      vertex -9.20224 9.22216 54
      vertex 9.20224 9.22216 54
      vertex 9.95908 10.0409 54
    endloop
  endfacet
  facet normal 0 0 1
    outer loop
      vertex -9.95908 10.0409 54
      vertex 9.95908 10.0409 54
      vertex 10.7778 10.7978 54
    endloop
  endfacet
  facet normal 0 0 1
    outer loop
      vertex -10.7778 10.7978 54
      vertex 10.7778 10.7978 54
      vertex 11.6535 11.488 54
    endloop
  endfacet
  facet normal 0 0 1
    outer loop
      vertex -11.6535 11.488 54
      vertex 11.6535 11.488 54
      vertex 12.5805 12.1075 54
    endloop
  endfacet
  facet normal 0 0 1
    outer loop
      vertex 7.34771 6.44666 54
      vertex -7.34771 6.44666 54
      vertex -6.88091 5.4341 54
    endloop
  endfacet
  facet normal 0 0 1
    outer loop
      vertex -12.5805 12.1075 54
      vertex 12.5805 12.1075 54
      vertex 13.5533 12.6523 54
    endloop
  endfacet
  facet normal 0 0 1
    outer loop
      vertex -3.8 2.2 54
      vertex -5.97483 2.22137 54
      vertex -5.9723 2.2 54
    endloop
  endfacet
  facet normal 0 0 1
    outer loop
      vertex -3.8 2.2 54
      vertex -6.19235 3.31492 54
      vertex -5.97483 2.22137 54
    endloop
  endfacet
  facet normal 0 0 1
    outer loop
      vertex -3.8 2.2 54
      vertex -6.495 4.38804 54
      vertex -6.19235 3.31492 54
    endloop
  endfacet
  facet normal 0 0 1
    outer loop
      vertex -13.5533 12.6523 54
      vertex 13.5533 12.6523 54
      vertex 14.5659 13.1191 54
    endloop
  endfacet
  facet normal 0 0 1
    outer loop
      vertex -3.8 2.2 54
      vertex -6.88091 5.4341 54
      vertex -6.495 4.38804 54
    endloop
  endfacet
  facet normal 0 0 1
    outer loop
      vertex -14.5659 13.1191 54
      vertex 14.5659 13.1191 54
      vertex 15.612 13.505 54
    endloop
  endfacet
  facet normal 0 0 1
    outer loop
      vertex 6.88091 5.4341 54
      vertex -6.88091 5.4341 54
      vertex -3.8 2.2 54
    endloop
  endfacet
  facet normal 0 0 1
    outer loop
      vertex 7.89251 7.41948 54
      vertex -7.89251 7.41948 54
      vertex -7.34771 6.44666 54
    endloop
  endfacet
  facet normal 0 0 1
    outer loop
      vertex -15.612 13.505 54
      vertex 15.612 13.505 54
      vertex 16.6851 13.8077 54
    endloop
  endfacet
  facet normal 0 0 1
    outer loop
      vertex 8.51196 8.34655 54
      vertex -8.51196 8.34655 54
      vertex -7.89251 7.41948 54
    endloop
  endfacet
  facet normal 0 0 1
    outer loop
      vertex 9.20224 9.22216 54
      vertex -9.20224 9.22216 54
      vertex -8.51196 8.34655 54
    endloop
  endfacet
  facet normal 0 0 1
    outer loop
      vertex -16.6851 13.8077 54
      vertex 16.6851 13.8077 54
      vertex 17.7786 14.0252 54
    endloop
  endfacet
  facet normal 0 0 1
    outer loop
      vertex 9.95908 10.0409 54
      vertex -9.95908 10.0409 54
      vertex -9.20224 9.22216 54
    endloop
  endfacet
  facet normal 0 0 1
    outer loop
      vertex 10.7778 10.7978 54
      vertex -10.7778 10.7978 54
      vertex -9.95908 10.0409 54
    endloop
  endfacet
  facet normal 0 0 1
    outer loop
      vertex -17.7786 14.0252 54
      vertex 17.7786 14.0252 54
      vertex 18.8859 14.1562 54
    endloop
  endfacet
  facet normal 0 0 1
    outer loop
      vertex -18.8859 14.1562 54
      vertex 18.8859 14.1562 54
      vertex 87 22 54
    endloop
  endfacet
  facet normal 0 0 1
    outer loop
      vertex 11.6535 11.488 54
      vertex -11.6535 11.488 54
      vertex -10.7778 10.7978 54
    endloop
  endfacet
  facet normal 0 0 1
    outer loop
      vertex 12.5805 12.1075 54
      vertex -12.5805 12.1075 54
      vertex -11.6535 11.488 54
    endloop
  endfacet
  facet normal 0 0 1
    outer loop
      vertex 13.5533 12.6523 54
      vertex -13.5533 12.6523 54
      vertex -12.5805 12.1075 54
    endloop
  endfacet
  facet normal 0 0 1
    outer loop
      vertex 14.5659 13.1191 54
      vertex -14.5659 13.1191 54
      vertex -13.5533 12.6523 54
    endloop
  endfacet
  facet normal 0 0 1
    outer loop
      vertex 15.612 13.505 54
      vertex -15.612 13.505 54
      vertex -14.5659 13.1191 54
    endloop
  endfacet
  facet normal 0 0 1
    outer loop
      vertex 16.6851 13.8077 54
      vertex -16.6851 13.8077 54
      vertex -15.612 13.505 54
    endloop
  endfacet
  facet normal 0 0 1
    outer loop
      vertex 17.7786 14.0252 54
      vertex -17.7786 14.0252 54
      vertex -16.6851 13.8077 54
    endloop
  endfacet
  facet normal 0 0 1
    outer loop
      vertex 18.8859 14.1562 54
      vertex -18.8859 14.1562 54
      vertex -17.7786 14.0252 54
    endloop
  endfacet
  facet normal 0 0 1
    outer loop
      vertex 87 22 54
      vertex -20 14.2 54
      vertex -18.8859 14.1562 54
    endloop
  endfacet
  facet normal -0 0 1
    outer loop
      vertex -87 22 54
      vertex -20 14.2 54
      vertex 87 22 54
    endloop
  endfacet
  facet normal 0 0 1
    outer loop
      vertex -34.1562 1.11412 54
      vertex -43.8 2.2 54
      vertex -34.2 0 54
    endloop
  endfacet
  facet normal 0 0 1
    outer loop
      vertex -34.0252 2.22137 54
      vertex -43.8 2.2 54
      vertex -34.1562 1.11412 54
    endloop
  endfacet
  facet normal 0 0 1
    outer loop
      vertex -33.8077 3.31492 54
      vertex -43.8 2.2 54
      vertex -34.0252 2.22137 54
    endloop
  endfacet
  facet normal 0 0 1
    outer loop
      vertex -33.505 4.38804 54
      vertex -43.8 2.2 54
      vertex -33.8077 3.31492 54
    endloop
  endfacet
  facet normal 0 0 1
    outer loop
      vertex -33.1191 5.4341 54
      vertex -43.8 2.2 54
      vertex -33.505 4.38804 54
    endloop
  endfacet
  facet normal 0 0 1
    outer loop
      vertex -46.8809 5.4341 54
      vertex -33.1191 5.4341 54
      vertex -32.6523 6.44666 54
    endloop
  endfacet
  facet normal 0 0 1
    outer loop
      vertex -47.3477 6.44666 54
      vertex -32.6523 6.44666 54
      vertex -32.1075 7.41948 54
    endloop
  endfacet
  facet normal 0 0 1
    outer loop
      vertex -47.8925 7.41948 54
      vertex -32.1075 7.41948 54
      vertex -31.488 8.34655 54
    endloop
  endfacet
  facet normal 0 0 1
    outer loop
      vertex -48.512 8.34655 54
      vertex -31.488 8.34655 54
      vertex -30.7978 9.22216 54
    endloop
  endfacet
  facet normal 0 0 1
    outer loop
      vertex -49.2022 9.22216 54
      vertex -30.7978 9.22216 54
      vertex -30.0409 10.0409 54
    endloop
  endfacet
  facet normal 0 0 1
    outer loop
      vertex -49.9591 10.0409 54
      vertex -30.0409 10.0409 54
      vertex -29.2222 10.7978 54
    endloop
  endfacet
  facet normal 0 0 1
    outer loop
      vertex -50.7778 10.7978 54
      vertex -29.2222 10.7978 54
      vertex -28.3465 11.488 54
    endloop
  endfacet
  facet normal 0 0 1
    outer loop
      vertex -51.6535 11.488 54
      vertex -28.3465 11.488 54
      vertex -27.4195 12.1075 54
    endloop
  endfacet
  facet normal 0 0 1
    outer loop
      vertex -32.6523 6.44666 54
      vertex -47.3477 6.44666 54
      vertex -46.8809 5.4341 54
    endloop
  endfacet
  facet normal 0 0 1
    outer loop
      vertex -52.5805 12.1075 54
      vertex -27.4195 12.1075 54
      vertex -26.4467 12.6523 54
    endloop
  endfacet
  facet normal 0 0 1
    outer loop
      vertex -43.8 2.2 54
      vertex -45.9748 2.22137 54
      vertex -45.9723 2.2 54
    endloop
  endfacet
  facet normal 0 0 1
    outer loop
      vertex -43.8 2.2 54
      vertex -46.1923 3.31492 54
      vertex -45.9748 2.22137 54
    endloop
  endfacet
  facet normal 0 0 1
    outer loop
      vertex -43.8 2.2 54
      vertex -46.495 4.38804 54
      vertex -46.1923 3.31492 54
    endloop
  endfacet
  facet normal 0 0 1
    outer loop
      vertex -53.5533 12.6523 54
      vertex -26.4467 12.6523 54
      vertex -25.4341 13.1191 54
    endloop
  endfacet
  facet normal 0 0 1
    outer loop
      vertex -43.8 2.2 54
      vertex -46.8809 5.4341 54
      vertex -46.495 4.38804 54
    endloop
  endfacet
  facet normal 0 0 1
    outer loop
      vertex -54.5659 13.1191 54
      vertex -25.4341 13.1191 54
      vertex -24.388 13.505 54
    endloop
  endfacet
  facet normal 0 0 1
    outer loop
      vertex -33.1191 5.4341 54
      vertex -46.8809 5.4341 54
      vertex -43.8 2.2 54
    endloop
  endfacet
  facet normal 0 0 1
    outer loop
      vertex -32.1075 7.41948 54
      vertex -47.8925 7.41948 54
      vertex -47.3477 6.44666 54
    endloop
  endfacet
  facet normal 0 0 1
    outer loop
      vertex -55.612 13.505 54
      vertex -24.388 13.505 54
      vertex -23.3149 13.8077 54
    endloop
  endfacet
  facet normal 0 0 1
    outer loop
      vertex -31.488 8.34655 54
      vertex -48.512 8.34655 54
      vertex -47.8925 7.41948 54
    endloop
  endfacet
  facet normal 0 0 1
    outer loop
      vertex -30.7978 9.22216 54
      vertex -49.2022 9.22216 54
      vertex -48.512 8.34655 54
    endloop
  endfacet
  facet normal 0 0 1
    outer loop
      vertex -56.6851 13.8077 54
      vertex -23.3149 13.8077 54
      vertex -22.2214 14.0252 54
    endloop
  endfacet
  facet normal 0 0 1
    outer loop
      vertex -30.0409 10.0409 54
      vertex -49.9591 10.0409 54
      vertex -49.2022 9.22216 54
    endloop
  endfacet
  facet normal 0 0 1
    outer loop
      vertex -29.2222 10.7978 54
      vertex -50.7778 10.7978 54
      vertex -49.9591 10.0409 54
    endloop
  endfacet
  facet normal 0 0 1
    outer loop
      vertex -87 22 54
      vertex -22.2214 14.0252 54
      vertex -21.1141 14.1562 54
    endloop
  endfacet
  facet normal 0 0 1
    outer loop
      vertex -28.3465 11.488 54
      vertex -51.6535 11.488 54
      vertex -50.7778 10.7978 54
    endloop
  endfacet
  facet normal 0 0 1
    outer loop
      vertex -27.4195 12.1075 54
      vertex -52.5805 12.1075 54
      vertex -51.6535 11.488 54
    endloop
  endfacet
  facet normal 0 0 1
    outer loop
      vertex -20 14.2 54
      vertex -87 22 54
      vertex -21.1141 14.1562 54
    endloop
  endfacet
  facet normal 0 0 1
    outer loop
      vertex -26.4467 12.6523 54
      vertex -53.5533 12.6523 54
      vertex -52.5805 12.1075 54
    endloop
  endfacet
  facet normal 0 0 1
    outer loop
      vertex -25.4341 13.1191 54
      vertex -54.5659 13.1191 54
      vertex -53.5533 12.6523 54
    endloop
  endfacet
  facet normal 0 0 1
    outer loop
      vertex -24.388 13.505 54
      vertex -55.612 13.505 54
      vertex -54.5659 13.1191 54
    endloop
  endfacet
  facet normal 0 0 1
    outer loop
      vertex -23.3149 13.8077 54
      vertex -56.6851 13.8077 54
      vertex -55.612 13.505 54
    endloop
  endfacet
  facet normal 0 0 1
    outer loop
      vertex -22.2214 14.0252 54
      vertex -87 22 54
      vertex -57.7786 14.0252 54
    endloop
  endfacet
  facet normal 0 0 1
    outer loop
      vertex -22.2214 14.0252 54
      vertex -57.7786 14.0252 54
      vertex -56.6851 13.8077 54
    endloop
  endfacet
  facet normal 0 0 1
    outer loop
      vertex -57.7786 14.0252 54
      vertex -87 22 54
      vertex -58.8859 14.1562 54
    endloop
  endfacet
  facet normal 0 0 1
    outer loop
      vertex -58.8859 14.1562 54
      vertex -87 22 54
      vertex -60 14.2 54
    endloop
  endfacet
  facet normal -0 0 1
    outer loop
      vertex -80.6552 12.5631 54
      vertex -72.1075 7.41948 54
      vertex -80.5497 12.7515 54
    endloop
  endfacet
  facet normal 0 0 1
    outer loop
      vertex -71.488 8.34655 54
      vertex -80.5497 12.7515 54
      vertex -72.1075 7.41948 54
    endloop
  endfacet
  facet normal -0 0 1
    outer loop
      vertex -80.5497 12.7515 54
      vertex -71.488 8.34655 54
      vertex -80.4593 12.9476 54
    endloop
  endfacet
  facet normal -0 0 1
    outer loop
      vertex -80.4593 12.9476 54
      vertex -71.488 8.34655 54
      vertex -80.3846 13.1502 54
    endloop
  endfacet
  facet normal -0 0 1
    outer loop
      vertex -80.3846 13.1502 54
      vertex -71.488 8.34655 54
      vertex -80.326 13.358 54
    endloop
  endfacet
  facet normal 0 0 1
    outer loop
      vertex -70.7978 9.22216 54
      vertex -80.326 13.358 54
      vertex -71.488 8.34655 54
    endloop
  endfacet
  facet normal -0 0 1
    outer loop
      vertex -80.326 13.358 54
      vertex -70.7978 9.22216 54
      vertex -80.2839 13.5698 54
    endloop
  endfacet
  facet normal -0 0 1
    outer loop
      vertex -80.2839 13.5698 54
      vertex -70.7978 9.22216 54
      vertex -80.2585 13.7842 54
    endloop
  endfacet
  facet normal 0 0 1
    outer loop
      vertex -70.0409 10.0409 54
      vertex -80.2585 13.7842 54
      vertex -70.7978 9.22216 54
    endloop
  endfacet
  facet normal -0 0 1
    outer loop
      vertex -80.2585 13.7842 54
      vertex -70.0409 10.0409 54
      vertex -80.25 14 54
    endloop
  endfacet
  facet normal 0 0 1
    outer loop
      vertex -80.2585 14.2158 54
      vertex -70.0409 10.0409 54
      vertex -69.2222 10.7978 54
    endloop
  endfacet
  facet normal 0 0 1
    outer loop
      vertex -80.3846 14.8498 54
      vertex -69.2222 10.7978 54
      vertex -68.3465 11.488 54
    endloop
  endfacet
  facet normal 0 0 1
    outer loop
      vertex -80.5497 15.2485 54
      vertex -68.3465 11.488 54
      vertex -67.4195 12.1075 54
    endloop
  endfacet
  facet normal 0 0 1
    outer loop
      vertex -80.7752 15.6164 54
      vertex -67.4195 12.1075 54
      vertex -66.4467 12.6523 54
    endloop
  endfacet
  facet normal 0 0 1
    outer loop
      vertex -80.9089 15.786 54
      vertex -66.4467 12.6523 54
      vertex -65.4341 13.1191 54
    endloop
  endfacet
  facet normal 0 0 1
    outer loop
      vertex -81.214 16.0911 54
      vertex -65.4341 13.1191 54
      vertex -64.388 13.505 54
    endloop
  endfacet
  facet normal 0 0 1
    outer loop
      vertex -87 22 54
      vertex -64.388 13.505 54
      vertex -63.3149 13.8077 54
    endloop
  endfacet
  facet normal 0 0 1
    outer loop
      vertex -87 22 54
      vertex -63.3149 13.8077 54
      vertex -62.2214 14.0252 54
    endloop
  endfacet
  facet normal 0 0 1
    outer loop
      vertex -87 22 54
      vertex -62.2214 14.0252 54
      vertex -61.1141 14.1562 54
    endloop
  endfacet
  facet normal 0 0 1
    outer loop
      vertex -60 14.2 54
      vertex -87 22 54
      vertex -61.1141 14.1562 54
    endloop
  endfacet
  facet normal 0 0 1
    outer loop
      vertex -70.0409 10.0409 54
      vertex -80.2585 14.2158 54
      vertex -80.25 14 54
    endloop
  endfacet
  facet normal 0 0 1
    outer loop
      vertex -69.2222 10.7978 54
      vertex -80.2839 14.4302 54
      vertex -80.2585 14.2158 54
    endloop
  endfacet
  facet normal 0 0 1
    outer loop
      vertex -69.2222 10.7978 54
      vertex -80.326 14.642 54
      vertex -80.2839 14.4302 54
    endloop
  endfacet
  facet normal 0 0 1
    outer loop
      vertex -69.2222 10.7978 54
      vertex -80.3846 14.8498 54
      vertex -80.326 14.642 54
    endloop
  endfacet
  facet normal 0 0 1
    outer loop
      vertex -68.3465 11.488 54
      vertex -80.4593 15.0524 54
      vertex -80.3846 14.8498 54
    endloop
  endfacet
  facet normal 0 0 1
    outer loop
      vertex -68.3465 11.488 54
      vertex -80.5497 15.2485 54
      vertex -80.4593 15.0524 54
    endloop
  endfacet
  facet normal 0 0 1
    outer loop
      vertex -67.4195 12.1075 54
      vertex -80.6552 15.4369 54
      vertex -80.5497 15.2485 54
    endloop
  endfacet
  facet normal 0 0 1
    outer loop
      vertex -67.4195 12.1075 54
      vertex -80.7752 15.6164 54
      vertex -80.6552 15.4369 54
    endloop
  endfacet
  facet normal 0 0 1
    outer loop
      vertex -66.4467 12.6523 54
      vertex -80.9089 15.786 54
      vertex -80.7752 15.6164 54
    endloop
  endfacet
  facet normal 0 0 1
    outer loop
      vertex -65.4341 13.1191 54
      vertex -81.0555 15.9445 54
      vertex -80.9089 15.786 54
    endloop
  endfacet
  facet normal 0 0 1
    outer loop
      vertex -64.388 13.505 54
      vertex -87 22 54
      vertex -81.3836 16.2248 54
    endloop
  endfacet
  facet normal 0 0 1
    outer loop
      vertex -65.4341 13.1191 54
      vertex -81.214 16.0911 54
      vertex -81.0555 15.9445 54
    endloop
  endfacet
  facet normal 0 0 1
    outer loop
      vertex -64.388 13.505 54
      vertex -81.3836 16.2248 54
      vertex -81.214 16.0911 54
    endloop
  endfacet
  facet normal 0 0 1
    outer loop
      vertex -81.3836 16.2248 54
      vertex -87 22 54
      vertex -81.5631 16.3448 54
    endloop
  endfacet
  facet normal 0 0 1
    outer loop
      vertex -81.5631 16.3448 54
      vertex -87 22 54
      vertex -81.7515 16.4503 54
    endloop
  endfacet
  facet normal 0 0 1
    outer loop
      vertex -81.7515 16.4503 54
      vertex -87 22 54
      vertex -81.9476 16.5407 54
    endloop
  endfacet
  facet normal 0 0 1
    outer loop
      vertex -81.9476 16.5407 54
      vertex -87 22 54
      vertex -82.1502 16.6154 54
    endloop
  endfacet
  facet normal 0 0 1
    outer loop
      vertex -82.1502 16.6154 54
      vertex -87 22 54
      vertex -82.358 16.674 54
    endloop
  endfacet
  facet normal 0 0 1
    outer loop
      vertex -82.358 16.674 54
      vertex -87 22 54
      vertex -82.5698 16.7161 54
    endloop
  endfacet
  facet normal 0 0 1
    outer loop
      vertex -82.5698 16.7161 54
      vertex -87 22 54
      vertex -82.7842 16.7415 54
    endloop
  endfacet
  facet normal 0 0 1
    outer loop
      vertex -85.7415 14.2158 54
      vertex -90 19 54
      vertex -85.75 14 54
    endloop
  endfacet
  facet normal 0 0 1
    outer loop
      vertex -85.7161 14.4302 54
      vertex -90 19 54
      vertex -85.7415 14.2158 54
    endloop
  endfacet
  facet normal 0 0 1
    outer loop
      vertex -85.674 14.642 54
      vertex -90 19 54
      vertex -85.7161 14.4302 54
    endloop
  endfacet
  facet normal 0 0 1
    outer loop
      vertex -85.6154 14.8498 54
      vertex -90 19 54
      vertex -85.674 14.642 54
    endloop
  endfacet
  facet normal 0 0 1
    outer loop
      vertex -85.5407 15.0524 54
      vertex -90 19 54
      vertex -85.6154 14.8498 54
    endloop
  endfacet
  facet normal 0 0 1
    outer loop
      vertex -85.4503 15.2485 54
      vertex -90 19 54
      vertex -85.5407 15.0524 54
    endloop
  endfacet
  facet normal 0 0 1
    outer loop
      vertex -85.3448 15.4369 54
      vertex -90 19 54
      vertex -85.4503 15.2485 54
    endloop
  endfacet
  facet normal 0 0 1
    outer loop
      vertex -85.2248 15.6164 54
      vertex -90 19 54
      vertex -85.3448 15.4369 54
    endloop
  endfacet
  facet normal 0 0 1
    outer loop
      vertex -85.0911 15.786 54
      vertex -90 19 54
      vertex -85.2248 15.6164 54
    endloop
  endfacet
  facet normal 0 0 1
    outer loop
      vertex -84.9445 15.9445 54
      vertex -90 19 54
      vertex -85.0911 15.786 54
    endloop
  endfacet
  facet normal 0 0 1
    outer loop
      vertex -84.786 16.0911 54
      vertex -90 19 54
      vertex -84.9445 15.9445 54
    endloop
  endfacet
  facet normal -0 0 1
    outer loop
      vertex -90 19 54
      vertex -84.786 16.0911 54
      vertex -87 22 54
    endloop
  endfacet
  facet normal 0 0 1
    outer loop
      vertex -84.6164 16.2248 54
      vertex -87 22 54
      vertex -84.786 16.0911 54
    endloop
  endfacet
  facet normal 0 0 1
    outer loop
      vertex -84.4369 16.3448 54
      vertex -87 22 54
      vertex -84.6164 16.2248 54
    endloop
  endfacet
  facet normal 0 0 1
    outer loop
      vertex -84.2485 16.4503 54
      vertex -87 22 54
      vertex -84.4369 16.3448 54
    endloop
  endfacet
  facet normal 0 0 1
    outer loop
      vertex -84.0524 16.5407 54
      vertex -87 22 54
      vertex -84.2485 16.4503 54
    endloop
  endfacet
  facet normal 0 0 1
    outer loop
      vertex -83.8498 16.6154 54
      vertex -87 22 54
      vertex -84.0524 16.5407 54
    endloop
  endfacet
  facet normal 0 0 1
    outer loop
      vertex -83.642 16.674 54
      vertex -87 22 54
      vertex -83.8498 16.6154 54
    endloop
  endfacet
  facet normal 0 0 1
    outer loop
      vertex -83.4302 16.7161 54
      vertex -87 22 54
      vertex -83.642 16.674 54
    endloop
  endfacet
  facet normal 0 0 1
    outer loop
      vertex -83.2158 16.7415 54
      vertex -87 22 54
      vertex -83.4302 16.7161 54
    endloop
  endfacet
  facet normal 0 0 1
    outer loop
      vertex -83 16.75 54
      vertex -87 22 54
      vertex -83.2158 16.7415 54
    endloop
  endfacet
  facet normal 0 0 1
    outer loop
      vertex -82.7842 16.7415 54
      vertex -87 22 54
      vertex -83 16.75 54
    endloop
  endfacet
  facet normal 0 0 1
    outer loop
      vertex 89.427 -20.7634 54
      vertex 84.786 -16.0911 54
      vertex 89.2812 -20.9483 54
    endloop
  endfacet
  facet normal 0 0 1
    outer loop
      vertex 89.2812 -20.9483 54
      vertex 84.786 -16.0911 54
      vertex 89.1213 -21.1213 54
    endloop
  endfacet
  facet normal 0 0 1
    outer loop
      vertex 89.1213 -21.1213 54
      vertex 84.786 -16.0911 54
      vertex 88.9483 -21.2812 54
    endloop
  endfacet
  facet normal 0 0 1
    outer loop
      vertex 88.9483 -21.2812 54
      vertex 84.786 -16.0911 54
      vertex 88.7634 -21.427 54
    endloop
  endfacet
  facet normal 0 0 1
    outer loop
      vertex 88.7634 -21.427 54
      vertex 84.786 -16.0911 54
      vertex 88.5675 -21.5579 54
    endloop
  endfacet
  facet normal 0 0 1
    outer loop
      vertex 88.5675 -21.5579 54
      vertex 84.786 -16.0911 54
      vertex 88.362 -21.673 54
    endloop
  endfacet
  facet normal 0 0 1
    outer loop
      vertex 88.362 -21.673 54
      vertex 84.786 -16.0911 54
      vertex 88.1481 -21.7716 54
    endloop
  endfacet
  facet normal 0 0 1
    outer loop
      vertex 88.1481 -21.7716 54
      vertex 84.786 -16.0911 54
      vertex 87.927 -21.8532 54
    endloop
  endfacet
  facet normal 0 0 1
    outer loop
      vertex 87.927 -21.8532 54
      vertex 84.786 -16.0911 54
      vertex 87.7003 -21.9171 54
    endloop
  endfacet
  facet normal 0 0 1
    outer loop
      vertex 87.7003 -21.9171 54
      vertex 84.786 -16.0911 54
      vertex 87.4693 -21.9631 54
    endloop
  endfacet
  facet normal 0 0 1
    outer loop
      vertex 87.4693 -21.9631 54
      vertex 84.786 -16.0911 54
      vertex 87.2354 -21.9908 54
    endloop
  endfacet
  facet normal 0 0 1
    outer loop
      vertex 87.2354 -21.9908 54
      vertex 84.786 -16.0911 54
      vertex 87 -22 54
    endloop
  endfacet
  facet normal -0 0 1
    outer loop
      vertex 84.6164 -16.2248 54
      vertex 87 -22 54
      vertex 84.786 -16.0911 54
    endloop
  endfacet
  facet normal -0 0 1
    outer loop
      vertex 84.4369 -16.3448 54
      vertex 87 -22 54
      vertex 84.6164 -16.2248 54
    endloop
  endfacet
  facet normal -0 0 1
    outer loop
      vertex 84.2485 -16.4503 54
      vertex 87 -22 54
      vertex 84.4369 -16.3448 54
    endloop
  endfacet
  facet normal -0 0 1
    outer loop
      vertex 84.0524 -16.5407 54
      vertex 87 -22 54
      vertex 84.2485 -16.4503 54
    endloop
  endfacet
  facet normal -0 0 1
    outer loop
      vertex 83.8498 -16.6154 54
      vertex 87 -22 54
      vertex 84.0524 -16.5407 54
    endloop
  endfacet
  facet normal -0 0 1
    outer loop
      vertex 83.642 -16.674 54
      vertex 87 -22 54
      vertex 83.8498 -16.6154 54
    endloop
  endfacet
  facet normal -0 0 1
    outer loop
      vertex 83.4302 -16.7161 54
      vertex 87 -22 54
      vertex 83.642 -16.674 54
    endloop
  endfacet
  facet normal -0 0 1
    outer loop
      vertex 83.2158 -16.7415 54
      vertex 87 -22 54
      vertex 83.4302 -16.7161 54
    endloop
  endfacet
  facet normal -0 0 1
    outer loop
      vertex 83 -16.75 54
      vertex 87 -22 54
      vertex 83.2158 -16.7415 54
    endloop
  endfacet
  facet normal 0 0 1
    outer loop
      vertex 82.7842 -16.7415 54
      vertex 87 -22 54
      vertex 83 -16.75 54
    endloop
  endfacet
  facet normal 0 0 1
    outer loop
      vertex 82.5698 -16.7161 54
      vertex 87 -22 54
      vertex 82.7842 -16.7415 54
    endloop
  endfacet
  facet normal 0 0 1
    outer loop
      vertex 82.358 -16.674 54
      vertex 87 -22 54
      vertex 82.5698 -16.7161 54
    endloop
  endfacet
  facet normal 0 0 1
    outer loop
      vertex 82.1502 -16.6154 54
      vertex 87 -22 54
      vertex 82.358 -16.674 54
    endloop
  endfacet
  facet normal 0 0 1
    outer loop
      vertex 81.9476 -16.5407 54
      vertex 87 -22 54
      vertex 82.1502 -16.6154 54
    endloop
  endfacet
  facet normal 0 0 1
    outer loop
      vertex 81.7515 -16.4503 54
      vertex 87 -22 54
      vertex 81.9476 -16.5407 54
    endloop
  endfacet
  facet normal 0 0 1
    outer loop
      vertex 81.5631 -16.3448 54
      vertex 87 -22 54
      vertex 81.7515 -16.4503 54
    endloop
  endfacet
  facet normal 0 0 1
    outer loop
      vertex 81.3836 -16.2248 54
      vertex 87 -22 54
      vertex 81.5631 -16.3448 54
    endloop
  endfacet
  facet normal 0 0 1
    outer loop
      vertex 64.388 -13.505 54
      vertex 81.3836 -16.2248 54
      vertex 81.214 -16.0911 54
    endloop
  endfacet
  facet normal 0 0 1
    outer loop
      vertex 65.4341 -13.1191 54
      vertex 81.214 -16.0911 54
      vertex 81.0555 -15.9445 54
    endloop
  endfacet
  facet normal 0 0 1
    outer loop
      vertex 80.4593 -12.9476 54
      vertex 71.488 -8.34655 54
      vertex 80.3846 -13.1502 54
    endloop
  endfacet
  facet normal 0 0 1
    outer loop
      vertex 80.3846 -13.1502 54
      vertex 71.488 -8.34655 54
      vertex 80.326 -13.358 54
    endloop
  endfacet
  facet normal -0 0 1
    outer loop
      vertex 70.7978 -9.22216 54
      vertex 80.326 -13.358 54
      vertex 71.488 -8.34655 54
    endloop
  endfacet
  facet normal 0 0 1
    outer loop
      vertex 80.326 -13.358 54
      vertex 70.7978 -9.22216 54
      vertex 80.2839 -13.5698 54
    endloop
  endfacet
  facet normal 0 0 1
    outer loop
      vertex 80.2839 -13.5698 54
      vertex 70.7978 -9.22216 54
      vertex 80.2585 -13.7842 54
    endloop
  endfacet
  facet normal 0 0 1
    outer loop
      vertex 74.0252 -2.22137 54
      vertex 76.2 -2.2 54
      vertex 74.0277 -2.2 54
    endloop
  endfacet
  facet normal 0 0 1
    outer loop
      vertex 73.8077 -3.31492 54
      vertex 76.2 -2.2 54
      vertex 74.0252 -2.22137 54
    endloop
  endfacet
  facet normal 0 0 1
    outer loop
      vertex 73.505 -4.38804 54
      vertex 76.2 -2.2 54
      vertex 73.8077 -3.31492 54
    endloop
  endfacet
  facet normal 0 0 1
    outer loop
      vertex 73.1191 -5.4341 54
      vertex 76.2 -2.2 54
      vertex 73.505 -4.38804 54
    endloop
  endfacet
  facet normal -0 0 1
    outer loop
      vertex 70.0409 -10.0409 54
      vertex 80.2585 -13.7842 54
      vertex 70.7978 -9.22216 54
    endloop
  endfacet
  facet normal 0 0 1
    outer loop
      vertex 80.2585 -13.7842 54
      vertex 70.0409 -10.0409 54
      vertex 80.25 -14 54
    endloop
  endfacet
  facet normal 0 0 1
    outer loop
      vertex 80.25 -14 54
      vertex 70.0409 -10.0409 54
      vertex 80.2585 -14.2158 54
    endloop
  endfacet
  facet normal 0 0 1
    outer loop
      vertex 80.2585 -14.2158 54
      vertex 70.0409 -10.0409 54
      vertex 80.2839 -14.4302 54
    endloop
  endfacet
  facet normal -0 0 1
    outer loop
      vertex 69.2222 -10.7978 54
      vertex 80.2839 -14.4302 54
      vertex 70.0409 -10.0409 54
    endloop
  endfacet
  facet normal 0 0 1
    outer loop
      vertex 80.2839 -14.4302 54
      vertex 69.2222 -10.7978 54
      vertex 80.326 -14.642 54
    endloop
  endfacet
  facet normal 0 0 1
    outer loop
      vertex 80.326 -14.642 54
      vertex 69.2222 -10.7978 54
      vertex 80.3846 -14.8498 54
    endloop
  endfacet
  facet normal -0 0 1
    outer loop
      vertex 68.3465 -11.488 54
      vertex 80.3846 -14.8498 54
      vertex 69.2222 -10.7978 54
    endloop
  endfacet
  facet normal 0 0 1
    outer loop
      vertex 80.3846 -14.8498 54
      vertex 68.3465 -11.488 54
      vertex 80.4593 -15.0524 54
    endloop
  endfacet
  facet normal 0 0 1
    outer loop
      vertex 80.4593 -15.0524 54
      vertex 68.3465 -11.488 54
      vertex 80.5497 -15.2485 54
    endloop
  endfacet
  facet normal -0 0 1
    outer loop
      vertex 67.4195 -12.1075 54
      vertex 80.5497 -15.2485 54
      vertex 68.3465 -11.488 54
    endloop
  endfacet
  facet normal 0 0 1
    outer loop
      vertex 80.5497 -15.2485 54
      vertex 67.4195 -12.1075 54
      vertex 80.6552 -15.4369 54
    endloop
  endfacet
  facet normal 0 0 1
    outer loop
      vertex 80.6552 -15.4369 54
      vertex 67.4195 -12.1075 54
      vertex 80.7752 -15.6164 54
    endloop
  endfacet
  facet normal -0 0 1
    outer loop
      vertex 66.4467 -12.6523 54
      vertex 80.7752 -15.6164 54
      vertex 67.4195 -12.1075 54
    endloop
  endfacet
  facet normal 0 0 1
    outer loop
      vertex 80.7752 -15.6164 54
      vertex 66.4467 -12.6523 54
      vertex 80.9089 -15.786 54
    endloop
  endfacet
  facet normal 0 0 1
    outer loop
      vertex 80.9089 -15.786 54
      vertex 66.4467 -12.6523 54
      vertex 81.0555 -15.9445 54
    endloop
  endfacet
  facet normal -0 0 1
    outer loop
      vertex 65.4341 -13.1191 54
      vertex 81.0555 -15.9445 54
      vertex 66.4467 -12.6523 54
    endloop
  endfacet
  facet normal 0 0 1
    outer loop
      vertex 81.214 -16.0911 54
      vertex 65.4341 -13.1191 54
      vertex 64.388 -13.505 54
    endloop
  endfacet
  facet normal 0 0 1
    outer loop
      vertex 81.3836 -16.2248 54
      vertex 64.388 -13.505 54
      vertex 87 -22 54
    endloop
  endfacet
  facet normal -0 0 1
    outer loop
      vertex 63.3149 -13.8077 54
      vertex 87 -22 54
      vertex 64.388 -13.505 54
    endloop
  endfacet
  facet normal -0 0 1
    outer loop
      vertex 62.2214 -14.0252 54
      vertex 87 -22 54
      vertex 63.3149 -13.8077 54
    endloop
  endfacet
  facet normal -0 0 1
    outer loop
      vertex 61.1141 -14.1562 54
      vertex 87 -22 54
      vertex 62.2214 -14.0252 54
    endloop
  endfacet
  facet normal -0 0 1
    outer loop
      vertex 60 -14.2 54
      vertex 87 -22 54
      vertex 61.1141 -14.1562 54
    endloop
  endfacet
  facet normal 0 0 1
    outer loop
      vertex 58.8859 -14.1562 54
      vertex 87 -22 54
      vertex 60 -14.2 54
    endloop
  endfacet
  facet normal 0 0 1
    outer loop
      vertex 57.7786 -14.0252 54
      vertex 87 -22 54
      vertex 58.8859 -14.1562 54
    endloop
  endfacet
  facet normal 0 0 1
    outer loop
      vertex 22.2214 -14.0252 54
      vertex 57.7786 -14.0252 54
      vertex 56.6851 -13.8077 54
    endloop
  endfacet
  facet normal 0 0 1
    outer loop
      vertex 36.2 -2.2 54
      vertex 45.8 0 54
      vertex 36.2 2.2 54
    endloop
  endfacet
  facet normal 0 0 1
    outer loop
      vertex 45.8 0 54
      vertex 36.2 -2.2 54
      vertex 45.8438 -1.11412 54
    endloop
  endfacet
  facet normal 0 0 1
    outer loop
      vertex 45.8438 -1.11412 54
      vertex 36.2 -2.2 54
      vertex 45.9748 -2.22137 54
    endloop
  endfacet
  facet normal 0 0 1
    outer loop
      vertex 45.9748 -2.22137 54
      vertex 36.2 -2.2 54
      vertex 46.1923 -3.31492 54
    endloop
  endfacet
  facet normal 0 0 1
    outer loop
      vertex 46.1923 -3.31492 54
      vertex 36.2 -2.2 54
      vertex 46.495 -4.38804 54
    endloop
  endfacet
  facet normal 0 0 1
    outer loop
      vertex 46.495 -4.38804 54
      vertex 36.2 -2.2 54
      vertex 46.8809 -5.4341 54
    endloop
  endfacet
  facet normal 0 0 1
    outer loop
      vertex 33.1191 -5.4341 54
      vertex 46.8809 -5.4341 54
      vertex 36.2 -2.2 54
    endloop
  endfacet
  facet normal 0 0 1
    outer loop
      vertex 46.8809 -5.4341 54
      vertex 33.1191 -5.4341 54
      vertex 47.3477 -6.44666 54
    endloop
  endfacet
  facet normal 0 0 1
    outer loop
      vertex 32.6523 -6.44666 54
      vertex 47.3477 -6.44666 54
      vertex 33.1191 -5.4341 54
    endloop
  endfacet
  facet normal 0 0 1
    outer loop
      vertex 47.3477 -6.44666 54
      vertex 32.6523 -6.44666 54
      vertex 47.8925 -7.41948 54
    endloop
  endfacet
  facet normal 0 0 1
    outer loop
      vertex 47.8925 -7.41948 54
      vertex 32.1075 -7.41948 54
      vertex 48.512 -8.34655 54
    endloop
  endfacet
  facet normal 0 0 1
    outer loop
      vertex 31.488 -8.34655 54
      vertex 48.512 -8.34655 54
      vertex 32.1075 -7.41948 54
    endloop
  endfacet
  facet normal 0 0 1
    outer loop
      vertex 48.512 -8.34655 54
      vertex 31.488 -8.34655 54
      vertex 49.2022 -9.22216 54
    endloop
  endfacet
  facet normal 0 0 1
    outer loop
      vertex 30.7978 -9.22216 54
      vertex 49.2022 -9.22216 54
      vertex 31.488 -8.34655 54
    endloop
  endfacet
  facet normal 0 0 1
    outer loop
      vertex 34.0252 -2.22137 54
      vertex 36.2 -2.2 54
      vertex 34.0277 -2.2 54
    endloop
  endfacet
  facet normal 0 0 1
    outer loop
      vertex 33.8077 -3.31492 54
      vertex 36.2 -2.2 54
      vertex 34.0252 -2.22137 54
    endloop
  endfacet
  facet normal 0 0 1
    outer loop
      vertex 33.505 -4.38804 54
      vertex 36.2 -2.2 54
      vertex 33.8077 -3.31492 54
    endloop
  endfacet
  facet normal 0 0 1
    outer loop
      vertex 33.1191 -5.4341 54
      vertex 36.2 -2.2 54
      vertex 33.505 -4.38804 54
    endloop
  endfacet
  facet normal 0 0 1
    outer loop
      vertex 32.1075 -7.41948 54
      vertex 47.8925 -7.41948 54
      vertex 32.6523 -6.44666 54
    endloop
  endfacet
  facet normal 0 0 1
    outer loop
      vertex 49.2022 -9.22216 54
      vertex 30.7978 -9.22216 54
      vertex 49.9591 -10.0409 54
    endloop
  endfacet
  facet normal 0 0 1
    outer loop
      vertex 30.0409 -10.0409 54
      vertex 49.9591 -10.0409 54
      vertex 30.7978 -9.22216 54
    endloop
  endfacet
  facet normal 0 0 1
    outer loop
      vertex 49.9591 -10.0409 54
      vertex 30.0409 -10.0409 54
      vertex 50.7778 -10.7978 54
    endloop
  endfacet
  facet normal 0 0 1
    outer loop
      vertex 29.2222 -10.7978 54
      vertex 50.7778 -10.7978 54
      vertex 30.0409 -10.0409 54
    endloop
  endfacet
  facet normal 0 0 1
    outer loop
      vertex 50.7778 -10.7978 54
      vertex 29.2222 -10.7978 54
      vertex 51.6535 -11.488 54
    endloop
  endfacet
  facet normal 0 0 1
    outer loop
      vertex 28.3465 -11.488 54
      vertex 51.6535 -11.488 54
      vertex 29.2222 -10.7978 54
    endloop
  endfacet
  facet normal 0 0 1
    outer loop
      vertex 51.6535 -11.488 54
      vertex 28.3465 -11.488 54
      vertex 52.5805 -12.1075 54
    endloop
  endfacet
  facet normal 0 0 1
    outer loop
      vertex 27.4195 -12.1075 54
      vertex 52.5805 -12.1075 54
      vertex 28.3465 -11.488 54
    endloop
  endfacet
  facet normal 0 0 1
    outer loop
      vertex 52.5805 -12.1075 54
      vertex 27.4195 -12.1075 54
      vertex 53.5533 -12.6523 54
    endloop
  endfacet
  facet normal 0 0 1
    outer loop
      vertex 26.4467 -12.6523 54
      vertex 53.5533 -12.6523 54
      vertex 27.4195 -12.1075 54
    endloop
  endfacet
  facet normal 0 0 1
    outer loop
      vertex 53.5533 -12.6523 54
      vertex 26.4467 -12.6523 54
      vertex 54.5659 -13.1191 54
    endloop
  endfacet
  facet normal 0 0 1
    outer loop
      vertex 25.4341 -13.1191 54
      vertex 54.5659 -13.1191 54
      vertex 26.4467 -12.6523 54
    endloop
  endfacet
  facet normal 0 0 1
    outer loop
      vertex 54.5659 -13.1191 54
      vertex 25.4341 -13.1191 54
      vertex 55.612 -13.505 54
    endloop
  endfacet
  facet normal 0 0 1
    outer loop
      vertex 24.388 -13.505 54
      vertex 55.612 -13.505 54
      vertex 25.4341 -13.1191 54
    endloop
  endfacet
  facet normal 0 0 1
    outer loop
      vertex 55.612 -13.505 54
      vertex 24.388 -13.505 54
      vertex 56.6851 -13.8077 54
    endloop
  endfacet
  facet normal 0 0 1
    outer loop
      vertex 23.3149 -13.8077 54
      vertex 56.6851 -13.8077 54
      vertex 24.388 -13.505 54
    endloop
  endfacet
  facet normal 0 0 1
    outer loop
      vertex 22.2214 -14.0252 54
      vertex 56.6851 -13.8077 54
      vertex 23.3149 -13.8077 54
    endloop
  endfacet
  facet normal 0 0 1
    outer loop
      vertex 57.7786 -14.0252 54
      vertex 22.2214 -14.0252 54
      vertex 87 -22 54
    endloop
  endfacet
  facet normal -0 0 1
    outer loop
      vertex 21.1141 -14.1562 54
      vertex 87 -22 54
      vertex 22.2214 -14.0252 54
    endloop
  endfacet
  facet normal -0 0 1
    outer loop
      vertex 20 -14.2 54
      vertex 87 -22 54
      vertex 21.1141 -14.1562 54
    endloop
  endfacet
  facet normal 0 0 1
    outer loop
      vertex 18.8859 -14.1562 54
      vertex 87 -22 54
      vertex 20 -14.2 54
    endloop
  endfacet
  facet normal 0 0 1
    outer loop
      vertex -3.8 -2.2 54
      vertex 5.8 0 54
      vertex -3.8 2.2 54
    endloop
  endfacet
  facet normal 0 0 1
    outer loop
      vertex 5.8 0 54
      vertex -3.8 -2.2 54
      vertex 5.84377 -1.11412 54
    endloop
  endfacet
  facet normal 0 0 1
    outer loop
      vertex 5.84377 -1.11412 54
      vertex -3.8 -2.2 54
      vertex 5.97483 -2.22137 54
    endloop
  endfacet
  facet normal 0 0 1
    outer loop
      vertex 5.97483 -2.22137 54
      vertex -3.8 -2.2 54
      vertex 6.19235 -3.31492 54
    endloop
  endfacet
  facet normal 0 0 1
    outer loop
      vertex 6.19235 -3.31492 54
      vertex -3.8 -2.2 54
      vertex 6.495 -4.38804 54
    endloop
  endfacet
  facet normal 0 0 1
    outer loop
      vertex 6.495 -4.38804 54
      vertex -3.8 -2.2 54
      vertex 6.88091 -5.4341 54
    endloop
  endfacet
  facet normal 0 0 1
    outer loop
      vertex -6.88091 -5.4341 54
      vertex 6.88091 -5.4341 54
      vertex -3.8 -2.2 54
    endloop
  endfacet
  facet normal 0 0 1
    outer loop
      vertex 6.88091 -5.4341 54
      vertex -6.88091 -5.4341 54
      vertex 7.34771 -6.44666 54
    endloop
  endfacet
  facet normal 0 0 1
    outer loop
      vertex -7.34771 -6.44666 54
      vertex 7.34771 -6.44666 54
      vertex -6.88091 -5.4341 54
    endloop
  endfacet
  facet normal 0 0 1
    outer loop
      vertex 7.34771 -6.44666 54
      vertex -7.34771 -6.44666 54
      vertex 7.89251 -7.41948 54
    endloop
  endfacet
  facet normal 0 0 1
    outer loop
      vertex 7.89251 -7.41948 54
      vertex -7.89251 -7.41948 54
      vertex 8.51196 -8.34655 54
    endloop
  endfacet
  facet normal 0 0 1
    outer loop
      vertex -8.51196 -8.34655 54
      vertex 8.51196 -8.34655 54
      vertex -7.89251 -7.41948 54
    endloop
  endfacet
  facet normal 0 0 1
    outer loop
      vertex 8.51196 -8.34655 54
      vertex -8.51196 -8.34655 54
      vertex 9.20224 -9.22216 54
    endloop
  endfacet
  facet normal 0 0 1
    outer loop
      vertex -9.20224 -9.22216 54
      vertex 9.20224 -9.22216 54
      vertex -8.51196 -8.34655 54
    endloop
  endfacet
  facet normal 0 0 1
    outer loop
      vertex -5.97483 -2.22137 54
      vertex -3.8 -2.2 54
      vertex -5.9723 -2.2 54
    endloop
  endfacet
  facet normal 0 0 1
    outer loop
      vertex -6.19235 -3.31492 54
      vertex -3.8 -2.2 54
      vertex -5.97483 -2.22137 54
    endloop
  endfacet
  facet normal 0 0 1
    outer loop
      vertex -6.495 -4.38804 54
      vertex -3.8 -2.2 54
      vertex -6.19235 -3.31492 54
    endloop
  endfacet
  facet normal 0 0 1
    outer loop
      vertex -6.88091 -5.4341 54
      vertex -3.8 -2.2 54
      vertex -6.495 -4.38804 54
    endloop
  endfacet
  facet normal 0 0 1
    outer loop
      vertex -7.89251 -7.41948 54
      vertex 7.89251 -7.41948 54
      vertex -7.34771 -6.44666 54
    endloop
  endfacet
  facet normal 0 0 1
    outer loop
      vertex 9.20224 -9.22216 54
      vertex -9.20224 -9.22216 54
      vertex 9.95908 -10.0409 54
    endloop
  endfacet
  facet normal 0 0 1
    outer loop
      vertex -9.95908 -10.0409 54
      vertex 9.95908 -10.0409 54
      vertex -9.20224 -9.22216 54
    endloop
  endfacet
  facet normal 0 0 1
    outer loop
      vertex 9.95908 -10.0409 54
      vertex -9.95908 -10.0409 54
      vertex 10.7778 -10.7978 54
    endloop
  endfacet
  facet normal 0 0 1
    outer loop
      vertex -10.7778 -10.7978 54
      vertex 10.7778 -10.7978 54
      vertex -9.95908 -10.0409 54
    endloop
  endfacet
  facet normal 0 0 1
    outer loop
      vertex 10.7778 -10.7978 54
      vertex -10.7778 -10.7978 54
      vertex 11.6535 -11.488 54
    endloop
  endfacet
  facet normal 0 0 1
    outer loop
      vertex -11.6535 -11.488 54
      vertex 11.6535 -11.488 54
      vertex -10.7778 -10.7978 54
    endloop
  endfacet
  facet normal 0 0 1
    outer loop
      vertex 11.6535 -11.488 54
      vertex -11.6535 -11.488 54
      vertex 12.5805 -12.1075 54
    endloop
  endfacet
  facet normal 0 0 1
    outer loop
      vertex -12.5805 -12.1075 54
      vertex 12.5805 -12.1075 54
      vertex -11.6535 -11.488 54
    endloop
  endfacet
  facet normal 0 0 1
    outer loop
      vertex 12.5805 -12.1075 54
      vertex -12.5805 -12.1075 54
      vertex 13.5533 -12.6523 54
    endloop
  endfacet
  facet normal 0 0 1
    outer loop
      vertex -13.5533 -12.6523 54
      vertex 13.5533 -12.6523 54
      vertex -12.5805 -12.1075 54
    endloop
  endfacet
  facet normal 0 0 1
    outer loop
      vertex 13.5533 -12.6523 54
      vertex -13.5533 -12.6523 54
      vertex 14.5659 -13.1191 54
    endloop
  endfacet
  facet normal 0 0 1
    outer loop
      vertex -14.5659 -13.1191 54
      vertex 14.5659 -13.1191 54
      vertex -13.5533 -12.6523 54
    endloop
  endfacet
  facet normal 0 0 1
    outer loop
      vertex 14.5659 -13.1191 54
      vertex -14.5659 -13.1191 54
      vertex 15.612 -13.505 54
    endloop
  endfacet
  facet normal 0 0 1
    outer loop
      vertex -15.612 -13.505 54
      vertex 15.612 -13.505 54
      vertex -14.5659 -13.1191 54
    endloop
  endfacet
  facet normal 0 0 1
    outer loop
      vertex 15.612 -13.505 54
      vertex -15.612 -13.505 54
      vertex 16.6851 -13.8077 54
    endloop
  endfacet
  facet normal 0 0 1
    outer loop
      vertex -16.6851 -13.8077 54
      vertex 16.6851 -13.8077 54
      vertex -15.612 -13.505 54
    endloop
  endfacet
  facet normal 0 0 1
    outer loop
      vertex 16.6851 -13.8077 54
      vertex -16.6851 -13.8077 54
      vertex 17.7786 -14.0252 54
    endloop
  endfacet
  facet normal 0 0 1
    outer loop
      vertex -17.7786 -14.0252 54
      vertex 17.7786 -14.0252 54
      vertex -16.6851 -13.8077 54
    endloop
  endfacet
  facet normal 0 0 1
    outer loop
      vertex 17.7786 -14.0252 54
      vertex -17.7786 -14.0252 54
      vertex 18.8859 -14.1562 54
    endloop
  endfacet
  facet normal 0 0 1
    outer loop
      vertex -18.8859 -14.1562 54
      vertex 18.8859 -14.1562 54
      vertex -17.7786 -14.0252 54
    endloop
  endfacet
  facet normal 0 0 1
    outer loop
      vertex 18.8859 -14.1562 54
      vertex -18.8859 -14.1562 54
      vertex 87 -22 54
    endloop
  endfacet
  facet normal -0 0 1
    outer loop
      vertex -20 -14.2 54
      vertex 87 -22 54
      vertex -18.8859 -14.1562 54
    endloop
  endfacet
  facet normal 0 0 1
    outer loop
      vertex -87 -22 54
      vertex -20 -14.2 54
      vertex -21.1141 -14.1562 54
    endloop
  endfacet
  facet normal 0 0 1
    outer loop
      vertex -43.8 -2.2 54
      vertex -34.2 0 54
      vertex -43.8 2.2 54
    endloop
  endfacet
  facet normal 0 0 1
    outer loop
      vertex -34.2 0 54
      vertex -43.8 -2.2 54
      vertex -34.1562 -1.11412 54
    endloop
  endfacet
  facet normal 0 0 1
    outer loop
      vertex -34.1562 -1.11412 54
      vertex -43.8 -2.2 54
      vertex -34.0252 -2.22137 54
    endloop
  endfacet
  facet normal 0 0 1
    outer loop
      vertex -34.0252 -2.22137 54
      vertex -43.8 -2.2 54
      vertex -33.8077 -3.31492 54
    endloop
  endfacet
  facet normal 0 0 1
    outer loop
      vertex -33.8077 -3.31492 54
      vertex -43.8 -2.2 54
      vertex -33.505 -4.38804 54
    endloop
  endfacet
  facet normal 0 0 1
    outer loop
      vertex -33.505 -4.38804 54
      vertex -43.8 -2.2 54
      vertex -33.1191 -5.4341 54
    endloop
  endfacet
  facet normal 0 0 1
    outer loop
      vertex -46.8809 -5.4341 54
      vertex -33.1191 -5.4341 54
      vertex -43.8 -2.2 54
    endloop
  endfacet
  facet normal 0 0 1
    outer loop
      vertex -33.1191 -5.4341 54
      vertex -46.8809 -5.4341 54
      vertex -32.6523 -6.44666 54
    endloop
  endfacet
  facet normal 0 0 1
    outer loop
      vertex -47.3477 -6.44666 54
      vertex -32.6523 -6.44666 54
      vertex -46.8809 -5.4341 54
    endloop
  endfacet
  facet normal 0 0 1
    outer loop
      vertex -32.6523 -6.44666 54
      vertex -47.3477 -6.44666 54
      vertex -32.1075 -7.41948 54
    endloop
  endfacet
  facet normal 0 0 1
    outer loop
      vertex -32.1075 -7.41948 54
      vertex -47.8925 -7.41948 54
      vertex -31.488 -8.34655 54
    endloop
  endfacet
  facet normal 0 0 1
    outer loop
      vertex -48.512 -8.34655 54
      vertex -31.488 -8.34655 54
      vertex -47.8925 -7.41948 54
    endloop
  endfacet
  facet normal 0 0 1
    outer loop
      vertex -31.488 -8.34655 54
      vertex -48.512 -8.34655 54
      vertex -30.7978 -9.22216 54
    endloop
  endfacet
  facet normal 0 0 1
    outer loop
      vertex -49.2022 -9.22216 54
      vertex -30.7978 -9.22216 54
      vertex -48.512 -8.34655 54
    endloop
  endfacet
  facet normal 0 0 1
    outer loop
      vertex -45.9748 -2.22137 54
      vertex -43.8 -2.2 54
      vertex -45.9723 -2.2 54
    endloop
  endfacet
  facet normal 0 0 1
    outer loop
      vertex -46.1923 -3.31492 54
      vertex -43.8 -2.2 54
      vertex -45.9748 -2.22137 54
    endloop
  endfacet
  facet normal 0 0 1
    outer loop
      vertex -46.495 -4.38804 54
      vertex -43.8 -2.2 54
      vertex -46.1923 -3.31492 54
    endloop
  endfacet
  facet normal 0 0 1
    outer loop
      vertex -46.8809 -5.4341 54
      vertex -43.8 -2.2 54
      vertex -46.495 -4.38804 54
    endloop
  endfacet
  facet normal 0 0 1
    outer loop
      vertex -47.8925 -7.41948 54
      vertex -32.1075 -7.41948 54
      vertex -47.3477 -6.44666 54
    endloop
  endfacet
  facet normal 0 0 1
    outer loop
      vertex -30.7978 -9.22216 54
      vertex -49.2022 -9.22216 54
      vertex -30.0409 -10.0409 54
    endloop
  endfacet
  facet normal 0 0 1
    outer loop
      vertex -49.9591 -10.0409 54
      vertex -30.0409 -10.0409 54
      vertex -49.2022 -9.22216 54
    endloop
  endfacet
  facet normal 0 0 1
    outer loop
      vertex -30.0409 -10.0409 54
      vertex -49.9591 -10.0409 54
      vertex -29.2222 -10.7978 54
    endloop
  endfacet
  facet normal 0 0 1
    outer loop
      vertex -50.7778 -10.7978 54
      vertex -29.2222 -10.7978 54
      vertex -49.9591 -10.0409 54
    endloop
  endfacet
  facet normal 0 0 1
    outer loop
      vertex -29.2222 -10.7978 54
      vertex -50.7778 -10.7978 54
      vertex -28.3465 -11.488 54
    endloop
  endfacet
  facet normal 0 0 1
    outer loop
      vertex -51.6535 -11.488 54
      vertex -28.3465 -11.488 54
      vertex -50.7778 -10.7978 54
    endloop
  endfacet
  facet normal 0 0 1
    outer loop
      vertex -28.3465 -11.488 54
      vertex -51.6535 -11.488 54
      vertex -27.4195 -12.1075 54
    endloop
  endfacet
  facet normal 0 0 1
    outer loop
      vertex -52.5805 -12.1075 54
      vertex -27.4195 -12.1075 54
      vertex -51.6535 -11.488 54
    endloop
  endfacet
  facet normal 0 0 1
    outer loop
      vertex -27.4195 -12.1075 54
      vertex -52.5805 -12.1075 54
      vertex -26.4467 -12.6523 54
    endloop
  endfacet
  facet normal 0 0 1
    outer loop
      vertex -53.5533 -12.6523 54
      vertex -26.4467 -12.6523 54
      vertex -52.5805 -12.1075 54
    endloop
  endfacet
  facet normal 0 0 1
    outer loop
      vertex -26.4467 -12.6523 54
      vertex -53.5533 -12.6523 54
      vertex -25.4341 -13.1191 54
    endloop
  endfacet
  facet normal 0 0 1
    outer loop
      vertex -54.5659 -13.1191 54
      vertex -25.4341 -13.1191 54
      vertex -53.5533 -12.6523 54
    endloop
  endfacet
  facet normal 0 0 1
    outer loop
      vertex -25.4341 -13.1191 54
      vertex -54.5659 -13.1191 54
      vertex -24.388 -13.505 54
    endloop
  endfacet
  facet normal 0 0 1
    outer loop
      vertex -55.612 -13.505 54
      vertex -24.388 -13.505 54
      vertex -54.5659 -13.1191 54
    endloop
  endfacet
  facet normal 0 0 1
    outer loop
      vertex -24.388 -13.505 54
      vertex -55.612 -13.505 54
      vertex -23.3149 -13.8077 54
    endloop
  endfacet
  facet normal 0 0 1
    outer loop
      vertex -56.6851 -13.8077 54
      vertex -23.3149 -13.8077 54
      vertex -55.612 -13.505 54
    endloop
  endfacet
  facet normal 0 0 1
    outer loop
      vertex -23.3149 -13.8077 54
      vertex -56.6851 -13.8077 54
      vertex -22.2214 -14.0252 54
    endloop
  endfacet
  facet normal 0 0 1
    outer loop
      vertex -57.7786 -14.0252 54
      vertex -22.2214 -14.0252 54
      vertex -56.6851 -13.8077 54
    endloop
  endfacet
  facet normal 0 0 1
    outer loop
      vertex -87 -22 54
      vertex -22.2214 -14.0252 54
      vertex -57.7786 -14.0252 54
    endloop
  endfacet
  facet normal 0 0 1
    outer loop
      vertex -22.2214 -14.0252 54
      vertex -87 -22 54
      vertex -21.1141 -14.1562 54
    endloop
  endfacet
  facet normal 0 0 1
    outer loop
      vertex -87 -22 54
      vertex -57.7786 -14.0252 54
      vertex -58.8859 -14.1562 54
    endloop
  endfacet
  facet normal 0 0 1
    outer loop
      vertex -87 -22 54
      vertex -58.8859 -14.1562 54
      vertex -60 -14.2 54
    endloop
  endfacet
  facet normal 0 0 1
    outer loop
      vertex -87 -22 54
      vertex -60 -14.2 54
      vertex -61.1141 -14.1562 54
    endloop
  endfacet
  facet normal -0 0 1
    outer loop
      vertex -80.7752 12.3836 54
      vertex -72.1075 7.41948 54
      vertex -80.6552 12.5631 54
    endloop
  endfacet
  facet normal 0 0 1
    outer loop
      vertex -74.2 0 54
      vertex -80.25 -14 54
      vertex -74.1562 -1.11412 54
    endloop
  endfacet
  facet normal 0 0 1
    outer loop
      vertex -74.1562 -1.11412 54
      vertex -80.25 -14 54
      vertex -74.0252 -2.22137 54
    endloop
  endfacet
  facet normal 0 0 1
    outer loop
      vertex -74.0252 -2.22137 54
      vertex -80.25 -14 54
      vertex -73.8077 -3.31492 54
    endloop
  endfacet
  facet normal 0 0 1
    outer loop
      vertex -73.8077 -3.31492 54
      vertex -80.25 -14 54
      vertex -73.505 -4.38804 54
    endloop
  endfacet
  facet normal 0 0 1
    outer loop
      vertex -80.25 -14 54
      vertex -73.1191 -5.4341 54
      vertex -73.505 -4.38804 54
    endloop
  endfacet
  facet normal 0 0 1
    outer loop
      vertex -80.25 -14 54
      vertex -72.6523 -6.44666 54
      vertex -73.1191 -5.4341 54
    endloop
  endfacet
  facet normal 0 0 1
    outer loop
      vertex -80.25 -14 54
      vertex -72.1075 -7.41948 54
      vertex -72.6523 -6.44666 54
    endloop
  endfacet
  facet normal 0 0 1
    outer loop
      vertex -80.25 -14 54
      vertex -71.488 -8.34655 54
      vertex -72.1075 -7.41948 54
    endloop
  endfacet
  facet normal 0 0 1
    outer loop
      vertex -80.25 -14 54
      vertex -70.7978 -9.22216 54
      vertex -71.488 -8.34655 54
    endloop
  endfacet
  facet normal 0 0 1
    outer loop
      vertex -80.25 -14 54
      vertex -70.0409 -10.0409 54
      vertex -70.7978 -9.22216 54
    endloop
  endfacet
  facet normal 0 0 1
    outer loop
      vertex -80.2585 -14.2158 54
      vertex -70.0409 -10.0409 54
      vertex -80.25 -14 54
    endloop
  endfacet
  facet normal 0 0 1
    outer loop
      vertex -70.0409 -10.0409 54
      vertex -80.2585 -14.2158 54
      vertex -69.2222 -10.7978 54
    endloop
  endfacet
  facet normal 0 0 1
    outer loop
      vertex -80.2839 -14.4302 54
      vertex -69.2222 -10.7978 54
      vertex -80.2585 -14.2158 54
    endloop
  endfacet
  facet normal 0 0 1
    outer loop
      vertex -80.326 -14.642 54
      vertex -69.2222 -10.7978 54
      vertex -80.2839 -14.4302 54
    endloop
  endfacet
  facet normal 0 0 1
    outer loop
      vertex -80.3846 -14.8498 54
      vertex -69.2222 -10.7978 54
      vertex -80.326 -14.642 54
    endloop
  endfacet
  facet normal 0 0 1
    outer loop
      vertex -69.2222 -10.7978 54
      vertex -80.3846 -14.8498 54
      vertex -68.3465 -11.488 54
    endloop
  endfacet
  facet normal 0 0 1
    outer loop
      vertex -80.4593 -15.0524 54
      vertex -68.3465 -11.488 54
      vertex -80.3846 -14.8498 54
    endloop
  endfacet
  facet normal 0 0 1
    outer loop
      vertex -80.5497 -15.2485 54
      vertex -68.3465 -11.488 54
      vertex -80.4593 -15.0524 54
    endloop
  endfacet
  facet normal 0 0 1
    outer loop
      vertex -68.3465 -11.488 54
      vertex -80.5497 -15.2485 54
      vertex -67.4195 -12.1075 54
    endloop
  endfacet
  facet normal 0 0 1
    outer loop
      vertex -80.6552 -15.4369 54
      vertex -67.4195 -12.1075 54
      vertex -80.5497 -15.2485 54
    endloop
  endfacet
  facet normal 0 0 1
    outer loop
      vertex -80.7752 -15.6164 54
      vertex -67.4195 -12.1075 54
      vertex -80.6552 -15.4369 54
    endloop
  endfacet
  facet normal 0 0 1
    outer loop
      vertex -67.4195 -12.1075 54
      vertex -80.7752 -15.6164 54
      vertex -66.4467 -12.6523 54
    endloop
  endfacet
  facet normal 0 0 1
    outer loop
      vertex -80.9089 -15.786 54
      vertex -66.4467 -12.6523 54
      vertex -80.7752 -15.6164 54
    endloop
  endfacet
  facet normal 0 0 1
    outer loop
      vertex -66.4467 -12.6523 54
      vertex -80.9089 -15.786 54
      vertex -65.4341 -13.1191 54
    endloop
  endfacet
  facet normal 0 0 1
    outer loop
      vertex -81.0555 -15.9445 54
      vertex -65.4341 -13.1191 54
      vertex -80.9089 -15.786 54
    endloop
  endfacet
  facet normal 0 0 1
    outer loop
      vertex -81.214 -16.0911 54
      vertex -65.4341 -13.1191 54
      vertex -81.0555 -15.9445 54
    endloop
  endfacet
  facet normal 0 0 1
    outer loop
      vertex -65.4341 -13.1191 54
      vertex -81.214 -16.0911 54
      vertex -64.388 -13.505 54
    endloop
  endfacet
  facet normal 0 0 1
    outer loop
      vertex -81.3836 -16.2248 54
      vertex -64.388 -13.505 54
      vertex -81.214 -16.0911 54
    endloop
  endfacet
  facet normal 0 0 1
    outer loop
      vertex -87 -22 54
      vertex -64.388 -13.505 54
      vertex -81.3836 -16.2248 54
    endloop
  endfacet
  facet normal 0 0 1
    outer loop
      vertex -64.388 -13.505 54
      vertex -87 -22 54
      vertex -63.3149 -13.8077 54
    endloop
  endfacet
  facet normal 0 0 1
    outer loop
      vertex -63.3149 -13.8077 54
      vertex -87 -22 54
      vertex -62.2214 -14.0252 54
    endloop
  endfacet
  facet normal 0 0 1
    outer loop
      vertex -62.2214 -14.0252 54
      vertex -87 -22 54
      vertex -61.1141 -14.1562 54
    endloop
  endfacet
  facet normal 0 0 1
    outer loop
      vertex -87 -22 54
      vertex -81.3836 -16.2248 54
      vertex -81.5631 -16.3448 54
    endloop
  endfacet
  facet normal 0 0 1
    outer loop
      vertex -87 -22 54
      vertex -81.5631 -16.3448 54
      vertex -81.7515 -16.4503 54
    endloop
  endfacet
  facet normal 0 0 1
    outer loop
      vertex -87 -22 54
      vertex -81.7515 -16.4503 54
      vertex -81.9476 -16.5407 54
    endloop
  endfacet
  facet normal 0 0 1
    outer loop
      vertex -87 -22 54
      vertex -81.9476 -16.5407 54
      vertex -82.1502 -16.6154 54
    endloop
  endfacet
  facet normal 0 0 1
    outer loop
      vertex -87 -22 54
      vertex -82.1502 -16.6154 54
      vertex -82.358 -16.674 54
    endloop
  endfacet
  facet normal 0 0 1
    outer loop
      vertex -87 -22 54
      vertex -82.358 -16.674 54
      vertex -82.5698 -16.7161 54
    endloop
  endfacet
  facet normal 0 0 1
    outer loop
      vertex -87 -22 54
      vertex -82.5698 -16.7161 54
      vertex -82.7842 -16.7415 54
    endloop
  endfacet
  facet normal 0 0 1
    outer loop
      vertex -87 -22 54
      vertex -82.7842 -16.7415 54
      vertex -83 -16.75 54
    endloop
  endfacet
  facet normal 0 0 1
    outer loop
      vertex -20 -14.2 54
      vertex -87 -22 54
      vertex 87 -22 54
    endloop
  endfacet
  facet normal 0 0 1
    outer loop
      vertex -83.2158 -16.7415 54
      vertex -87 -22 54
      vertex -83 -16.75 54
    endloop
  endfacet
  facet normal 0 0 1
    outer loop
      vertex -83.4302 -16.7161 54
      vertex -87 -22 54
      vertex -83.2158 -16.7415 54
    endloop
  endfacet
  facet normal 0 0 1
    outer loop
      vertex -83.642 -16.674 54
      vertex -87 -22 54
      vertex -83.4302 -16.7161 54
    endloop
  endfacet
  facet normal 0 0 1
    outer loop
      vertex -83.8498 -16.6154 54
      vertex -87 -22 54
      vertex -83.642 -16.674 54
    endloop
  endfacet
  facet normal 0 0 1
    outer loop
      vertex -84.0524 -16.5407 54
      vertex -87 -22 54
      vertex -83.8498 -16.6154 54
    endloop
  endfacet
  facet normal 0 0 1
    outer loop
      vertex -84.2485 -16.4503 54
      vertex -87 -22 54
      vertex -84.0524 -16.5407 54
    endloop
  endfacet
  facet normal 0 0 1
    outer loop
      vertex -84.4369 -16.3448 54
      vertex -87 -22 54
      vertex -84.2485 -16.4503 54
    endloop
  endfacet
  facet normal 0 0 1
    outer loop
      vertex -84.6164 -16.2248 54
      vertex -87 -22 54
      vertex -84.4369 -16.3448 54
    endloop
  endfacet
  facet normal 0 0 1
    outer loop
      vertex -84.786 -16.0911 54
      vertex -87 -22 54
      vertex -84.6164 -16.2248 54
    endloop
  endfacet
  facet normal 0 0 1
    outer loop
      vertex -90 -19 54
      vertex -84.786 -16.0911 54
      vertex -84.9445 -15.9445 54
    endloop
  endfacet
  facet normal 0 0 1
    outer loop
      vertex -90 -19 54
      vertex -84.9445 -15.9445 54
      vertex -85.0911 -15.786 54
    endloop
  endfacet
  facet normal 0 0 1
    outer loop
      vertex -90 -19 54
      vertex -85.0911 -15.786 54
      vertex -85.2248 -15.6164 54
    endloop
  endfacet
  facet normal 0 0 1
    outer loop
      vertex -90 -19 54
      vertex -85.2248 -15.6164 54
      vertex -85.3448 -15.4369 54
    endloop
  endfacet
  facet normal 0 0 1
    outer loop
      vertex -90 -19 54
      vertex -85.3448 -15.4369 54
      vertex -85.4503 -15.2485 54
    endloop
  endfacet
  facet normal 0 0 1
    outer loop
      vertex -90 -19 54
      vertex -85.4503 -15.2485 54
      vertex -85.5407 -15.0524 54
    endloop
  endfacet
  facet normal 0 0 1
    outer loop
      vertex -90 -19 54
      vertex -85.5407 -15.0524 54
      vertex -85.6154 -14.8498 54
    endloop
  endfacet
  facet normal 0 0 1
    outer loop
      vertex -90 -19 54
      vertex -85.6154 -14.8498 54
      vertex -85.674 -14.642 54
    endloop
  endfacet
  facet normal 0 0 1
    outer loop
      vertex -90 -19 54
      vertex -85.674 -14.642 54
      vertex -85.7161 -14.4302 54
    endloop
  endfacet
  facet normal 0 0 1
    outer loop
      vertex -90 -19 54
      vertex -85.7161 -14.4302 54
      vertex -85.7415 -14.2158 54
    endloop
  endfacet
  facet normal 0 0 1
    outer loop
      vertex -90 -19 54
      vertex -85.7415 -14.2158 54
      vertex -85.75 -14 54
    endloop
  endfacet
  facet normal 0 0 1
    outer loop
      vertex -85.7161 -13.5698 54
      vertex -90 -19 54
      vertex -85.7415 -13.7842 54
    endloop
  endfacet
  facet normal 0 0 1
    outer loop
      vertex -90 19 54
      vertex -87 22 54
      vertex -87.2354 21.9908 54
    endloop
  endfacet
  facet normal 0 0 1
    outer loop
      vertex -85.7415 -13.7842 54
      vertex -90 -19 54
      vertex -85.75 -14 54
    endloop
  endfacet
  facet normal 0 0 1
    outer loop
      vertex -90 19 54
      vertex -87.2354 21.9908 54
      vertex -87.4693 21.9631 54
    endloop
  endfacet
  facet normal 0 0 1
    outer loop
      vertex -84.786 -16.0911 54
      vertex -90 -19 54
      vertex -87 -22 54
    endloop
  endfacet
  facet normal 0 0 1
    outer loop
      vertex -90 19 54
      vertex -87.4693 21.9631 54
      vertex -87.7003 21.9171 54
    endloop
  endfacet
  facet normal 0 0 1
    outer loop
      vertex -87 -22 54
      vertex -90 -19 54
      vertex -87.2354 -21.9908 54
    endloop
  endfacet
  facet normal 0 0 1
    outer loop
      vertex -90 19 54
      vertex -87.7003 21.9171 54
      vertex -87.927 21.8532 54
    endloop
  endfacet
  facet normal 0 0 1
    outer loop
      vertex -87.2354 -21.9908 54
      vertex -90 -19 54
      vertex -87.4693 -21.9631 54
    endloop
  endfacet
  facet normal 0 0 1
    outer loop
      vertex -90 19 54
      vertex -87.927 21.8532 54
      vertex -88.1481 21.7716 54
    endloop
  endfacet
  facet normal 0 0 1
    outer loop
      vertex -87.4693 -21.9631 54
      vertex -90 -19 54
      vertex -87.7003 -21.9171 54
    endloop
  endfacet
  facet normal 0 0 1
    outer loop
      vertex -90 19 54
      vertex -88.1481 21.7716 54
      vertex -88.362 21.673 54
    endloop
  endfacet
  facet normal 0 0 1
    outer loop
      vertex -87.7003 -21.9171 54
      vertex -90 -19 54
      vertex -87.927 -21.8532 54
    endloop
  endfacet
  facet normal 0 0 1
    outer loop
      vertex -90 19 54
      vertex -88.362 21.673 54
      vertex -88.5675 21.5579 54
    endloop
  endfacet
  facet normal 0 0 1
    outer loop
      vertex -87.927 -21.8532 54
      vertex -90 -19 54
      vertex -88.1481 -21.7716 54
    endloop
  endfacet
  facet normal 0 0 1
    outer loop
      vertex -90 19 54
      vertex -88.5675 21.5579 54
      vertex -88.7634 21.427 54
    endloop
  endfacet
  facet normal 0 0 1
    outer loop
      vertex -88.1481 -21.7716 54
      vertex -90 -19 54
      vertex -88.362 -21.673 54
    endloop
  endfacet
  facet normal 0 0 1
    outer loop
      vertex -90 19 54
      vertex -88.7634 21.427 54
      vertex -88.9483 21.2812 54
    endloop
  endfacet
  facet normal 0 0 1
    outer loop
      vertex -88.362 -21.673 54
      vertex -90 -19 54
      vertex -88.5675 -21.5579 54
    endloop
  endfacet
  facet normal 0 0 1
    outer loop
      vertex -90 19 54
      vertex -88.9483 21.2812 54
      vertex -89.1213 21.1213 54
    endloop
  endfacet
  facet normal 0 0 1
    outer loop
      vertex -88.5675 -21.5579 54
      vertex -90 -19 54
      vertex -88.7634 -21.427 54
    endloop
  endfacet
  facet normal 0 0 1
    outer loop
      vertex -90 19 54
      vertex -89.1213 21.1213 54
      vertex -89.2812 20.9483 54
    endloop
  endfacet
  facet normal 0 0 1
    outer loop
      vertex -88.7634 -21.427 54
      vertex -90 -19 54
      vertex -88.9483 -21.2812 54
    endloop
  endfacet
  facet normal 0 0 1
    outer loop
      vertex -90 19 54
      vertex -89.2812 20.9483 54
      vertex -89.427 20.7634 54
    endloop
  endfacet
  facet normal 0 0 1
    outer loop
      vertex -88.9483 -21.2812 54
      vertex -90 -19 54
      vertex -89.1213 -21.1213 54
    endloop
  endfacet
  facet normal 0 0 1
    outer loop
      vertex -90 19 54
      vertex -89.427 20.7634 54
      vertex -89.5579 20.5675 54
    endloop
  endfacet
  facet normal 0 0 1
    outer loop
      vertex -89.1213 -21.1213 54
      vertex -90 -19 54
      vertex -89.2812 -20.9483 54
    endloop
  endfacet
  facet normal 0 0 1
    outer loop
      vertex -90 19 54
      vertex -89.5579 20.5675 54
      vertex -89.673 20.362 54
    endloop
  endfacet
  facet normal 0 0 1
    outer loop
      vertex -89.2812 -20.9483 54
      vertex -90 -19 54
      vertex -89.427 -20.7634 54
    endloop
  endfacet
  facet normal 0 0 1
    outer loop
      vertex -90 19 54
      vertex -89.673 20.362 54
      vertex -89.7716 20.1481 54
    endloop
  endfacet
  facet normal 0 0 1
    outer loop
      vertex -89.427 -20.7634 54
      vertex -90 -19 54
      vertex -89.5579 -20.5675 54
    endloop
  endfacet
  facet normal 0 0 1
    outer loop
      vertex -90 19 54
      vertex -89.7716 20.1481 54
      vertex -89.8532 19.927 54
    endloop
  endfacet
  facet normal 0 0 1
    outer loop
      vertex -89.5579 -20.5675 54
      vertex -90 -19 54
      vertex -89.673 -20.362 54
    endloop
  endfacet
  facet normal 0 0 1
    outer loop
      vertex -90 19 54
      vertex -89.8532 19.927 54
      vertex -89.9171 19.7003 54
    endloop
  endfacet
  facet normal 0 0 1
    outer loop
      vertex -89.673 -20.362 54
      vertex -90 -19 54
      vertex -89.7716 -20.1481 54
    endloop
  endfacet
  facet normal 0 0 1
    outer loop
      vertex -90 19 54
      vertex -89.9171 19.7003 54
      vertex -89.9631 19.4693 54
    endloop
  endfacet
  facet normal 0 0 1
    outer loop
      vertex -89.7716 -20.1481 54
      vertex -90 -19 54
      vertex -89.8532 -19.927 54
    endloop
  endfacet
  facet normal 0 0 1
    outer loop
      vertex -90 19 54
      vertex -89.9631 19.4693 54
      vertex -89.9908 19.2354 54
    endloop
  endfacet
  facet normal 0 0 1
    outer loop
      vertex -89.8532 -19.927 54
      vertex -90 -19 54
      vertex -89.9171 -19.7003 54
    endloop
  endfacet
  facet normal 0 0 1
    outer loop
      vertex -89.9171 -19.7003 54
      vertex -90 -19 54
      vertex -89.9631 -19.4693 54
    endloop
  endfacet
  facet normal 0 0 1
    outer loop
      vertex -89.9631 -19.4693 54
      vertex -90 -19 54
      vertex -89.9908 -19.2354 54
    endloop
  endfacet
  facet normal 0.678756 0.734364 -0
    outer loop
      vertex 89.1213 21.1213 0
      vertex 88.9483 21.2812 54
      vertex 89.1213 21.1213 54
    endloop
  endfacet
  facet normal 0.678756 0.734364 0
    outer loop
      vertex 88.9483 21.2812 54
      vertex 89.1213 21.1213 0
      vertex 88.9483 21.2812 0
    endloop
  endfacet
  facet normal 0.734364 0.678756 0
    outer loop
      vertex 89.2812 20.9483 54
      vertex 89.1213 21.1213 0
      vertex 89.1213 21.1213 54
    endloop
  endfacet
  facet normal 0.734364 0.678756 0
    outer loop
      vertex 89.1213 21.1213 0
      vertex 89.2812 20.9483 54
      vertex 89.2812 20.9483 0
    endloop
  endfacet
  facet normal 0.962495 0.271299 0
    outer loop
      vertex 89.9171 19.7003 54
      vertex 89.8532 19.927 0
      vertex 89.8532 19.927 54
    endloop
  endfacet
  facet normal 0.962495 0.271299 0
    outer loop
      vertex 89.8532 19.927 0
      vertex 89.9171 19.7003 54
      vertex 89.9171 19.7003 0
    endloop
  endfacet
  facet normal 0.785241 -0.61919 0
    outer loop
      vertex 89.2812 -20.9483 54
      vertex 89.427 -20.7634 0
      vertex 89.427 -20.7634 54
    endloop
  endfacet
  facet normal 0.785241 -0.61919 0
    outer loop
      vertex 89.427 -20.7634 0
      vertex 89.2812 -20.9483 54
      vertex 89.2812 -20.9483 0
    endloop
  endfacet
  facet normal 0.99306 -0.117605 0
    outer loop
      vertex 89.9631 -19.4693 54
      vertex 89.9908 -19.2354 0
      vertex 89.9908 -19.2354 54
    endloop
  endfacet
  facet normal 0.99306 -0.117605 0
    outer loop
      vertex 89.9908 -19.2354 0
      vertex 89.9631 -19.4693 54
      vertex 89.9631 -19.4693 0
    endloop
  endfacet
  facet normal 0.61919 0.785241 -0
    outer loop
      vertex 88.9483 21.2812 0
      vertex 88.7634 21.427 54
      vertex 88.9483 21.2812 54
    endloop
  endfacet
  facet normal 0.61919 0.785241 0
    outer loop
      vertex 88.7634 21.427 54
      vertex 88.9483 21.2812 0
      vertex 88.7634 21.427 0
    endloop
  endfacet
  facet normal -0 0 -1
    outer loop
      vertex -74.4949 -8.88247 0
      vertex -80.7752 -12.3836 0
      vertex -75.1471 -7.71784 0
    endloop
  endfacet
  facet normal 0 0 -1
    outer loop
      vertex -77 0 0
      vertex -80.2585 13.7842 0
      vertex -80.25 14 0
    endloop
  endfacet
  facet normal 0 0 -1
    outer loop
      vertex -80.9089 -12.214 0
      vertex -75.1471 -7.71784 0
      vertex -80.7752 -12.3836 0
    endloop
  endfacet
  facet normal 0 0 -1
    outer loop
      vertex -77 0 0
      vertex -80.2839 13.5698 0
      vertex -80.2585 13.7842 0
    endloop
  endfacet
  facet normal 0 0 -1
    outer loop
      vertex -81.0555 -12.0555 0
      vertex -75.1471 -7.71784 0
      vertex -80.9089 -12.214 0
    endloop
  endfacet
  facet normal 0 0 -1
    outer loop
      vertex -77 0 0
      vertex -80.326 13.358 0
      vertex -80.2839 13.5698 0
    endloop
  endfacet
  facet normal 0 0 -1
    outer loop
      vertex -81.214 -11.9089 0
      vertex -75.1471 -7.71784 0
      vertex -81.0555 -12.0555 0
    endloop
  endfacet
  facet normal 0 0 -1
    outer loop
      vertex -77 0 0
      vertex -80.3846 13.1502 0
      vertex -80.326 13.358 0
    endloop
  endfacet
  facet normal 0 0 -1
    outer loop
      vertex -81.3836 -11.7752 0
      vertex -75.1471 -7.71784 0
      vertex -81.214 -11.9089 0
    endloop
  endfacet
  facet normal 0 0 -1
    outer loop
      vertex -77 0 0
      vertex -80.4593 12.9476 0
      vertex -80.3846 13.1502 0
    endloop
  endfacet
  facet normal -0 0 -1
    outer loop
      vertex -75.1471 -7.71784 0
      vertex -81.3836 -11.7752 0
      vertex -75.7059 -6.50562 0
    endloop
  endfacet
  facet normal 0 0 -1
    outer loop
      vertex -77 0 0
      vertex -80.5497 12.7515 0
      vertex -80.4593 12.9476 0
    endloop
  endfacet
  facet normal 0 0 -1
    outer loop
      vertex -81.5631 -11.6552 0
      vertex -75.7059 -6.50562 0
      vertex -81.3836 -11.7752 0
    endloop
  endfacet
  facet normal 0 0 -1
    outer loop
      vertex -77 0 0
      vertex -80.6552 12.5631 0
      vertex -80.5497 12.7515 0
    endloop
  endfacet
  facet normal 0 0 -1
    outer loop
      vertex -81.7515 -11.5497 0
      vertex -75.7059 -6.50562 0
      vertex -81.5631 -11.6552 0
    endloop
  endfacet
  facet normal 0 0 -1
    outer loop
      vertex -77 0 0
      vertex -80.7752 12.3836 0
      vertex -80.6552 12.5631 0
    endloop
  endfacet
  facet normal 0 0 -1
    outer loop
      vertex -81.9476 -11.4593 0
      vertex -75.7059 -6.50562 0
      vertex -81.7515 -11.5497 0
    endloop
  endfacet
  facet normal 0 0 -1
    outer loop
      vertex -77 0 0
      vertex -80.9089 12.214 0
      vertex -80.7752 12.3836 0
    endloop
  endfacet
  facet normal -0 0 -1
    outer loop
      vertex -75.7059 -6.50562 0
      vertex -81.9476 -11.4593 0
      vertex -76.168 -5.25329 0
    endloop
  endfacet
  facet normal 0 0 -1
    outer loop
      vertex -77 0 0
      vertex -81.0555 12.0555 0
      vertex -80.9089 12.214 0
    endloop
  endfacet
  facet normal 0 0 -1
    outer loop
      vertex -82.1502 -11.3846 0
      vertex -76.168 -5.25329 0
      vertex -81.9476 -11.4593 0
    endloop
  endfacet
  facet normal 0 0 -1
    outer loop
      vertex -77 0 0
      vertex -81.214 11.9089 0
      vertex -81.0555 12.0555 0
    endloop
  endfacet
  facet normal 0 0 -1
    outer loop
      vertex -82.358 -11.326 0
      vertex -76.168 -5.25329 0
      vertex -82.1502 -11.3846 0
    endloop
  endfacet
  facet normal 0 0 -1
    outer loop
      vertex -77 0 0
      vertex -81.3836 11.7752 0
      vertex -81.214 11.9089 0
    endloop
  endfacet
  facet normal -0 0 -1
    outer loop
      vertex -76.168 -5.25329 0
      vertex -82.358 -11.326 0
      vertex -76.5303 -3.96857 0
    endloop
  endfacet
  facet normal 0 0 -1
    outer loop
      vertex -77 0 0
      vertex -81.5631 11.6552 0
      vertex -81.3836 11.7752 0
    endloop
  endfacet
  facet normal 0 0 -1
    outer loop
      vertex -82.5698 -11.2839 0
      vertex -76.5303 -3.96857 0
      vertex -82.358 -11.326 0
    endloop
  endfacet
  facet normal 0 0 -1
    outer loop
      vertex -77 0 0
      vertex -81.7515 11.5497 0
      vertex -81.5631 11.6552 0
    endloop
  endfacet
  facet normal 0 0 -1
    outer loop
      vertex -82.7842 -11.2585 0
      vertex -76.5303 -3.96857 0
      vertex -82.5698 -11.2839 0
    endloop
  endfacet
  facet normal 0 0 -1
    outer loop
      vertex -77 0 0
      vertex -81.9476 11.4593 0
      vertex -81.7515 11.5497 0
    endloop
  endfacet
  facet normal 0 0 -1
    outer loop
      vertex -83 -11.25 0
      vertex -76.5303 -3.96857 0
      vertex -82.7842 -11.2585 0
    endloop
  endfacet
  facet normal 0 0 -1
    outer loop
      vertex -77 0 0
      vertex -82.1502 11.3846 0
      vertex -81.9476 11.4593 0
    endloop
  endfacet
  facet normal -0 0 -1
    outer loop
      vertex -76.5303 -3.96857 0
      vertex -83 -11.25 0
      vertex -76.7907 -2.65939 0
    endloop
  endfacet
  facet normal 0 0 -1
    outer loop
      vertex -77 0 0
      vertex -82.358 11.326 0
      vertex -82.1502 11.3846 0
    endloop
  endfacet
  facet normal 0 0 -1
    outer loop
      vertex -83.2158 -11.2585 0
      vertex -76.7907 -2.65939 0
      vertex -83 -11.25 0
    endloop
  endfacet
  facet normal 0 0 -1
    outer loop
      vertex -77 0 0
      vertex -82.5698 11.2839 0
      vertex -82.358 11.326 0
    endloop
  endfacet
  facet normal 0 0 -1
    outer loop
      vertex -83.4302 -11.2839 0
      vertex -76.7907 -2.65939 0
      vertex -83.2158 -11.2585 0
    endloop
  endfacet
  facet normal 0 0 -1
    outer loop
      vertex -77 0 0
      vertex -82.7842 11.2585 0
      vertex -82.5698 11.2839 0
    endloop
  endfacet
  facet normal 0 0 -1
    outer loop
      vertex -83.642 -11.326 0
      vertex -76.7907 -2.65939 0
      vertex -83.4302 -11.2839 0
    endloop
  endfacet
  facet normal 0 0 -1
    outer loop
      vertex -77 0 0
      vertex -83 11.25 0
      vertex -82.7842 11.2585 0
    endloop
  endfacet
  facet normal -0 0 -1
    outer loop
      vertex -76.7907 -2.65939 0
      vertex -83.642 -11.326 0
      vertex -76.9476 -1.3338 0
    endloop
  endfacet
  facet normal 0 0 -1
    outer loop
      vertex -77 0 0
      vertex -83.2158 11.2585 0
      vertex -83 11.25 0
    endloop
  endfacet
  facet normal 0 0 -1
    outer loop
      vertex -83.8498 -11.3846 0
      vertex -76.9476 -1.3338 0
      vertex -83.642 -11.326 0
    endloop
  endfacet
  facet normal 0 0 -1
    outer loop
      vertex -77 0 0
      vertex -83.4302 11.2839 0
      vertex -83.2158 11.2585 0
    endloop
  endfacet
  facet normal 0 0 -1
    outer loop
      vertex -84.0524 -11.4593 0
      vertex -76.9476 -1.3338 0
      vertex -83.8498 -11.3846 0
    endloop
  endfacet
  facet normal 0 0 -1
    outer loop
      vertex -77 0 0
      vertex -83.642 11.326 0
      vertex -83.4302 11.2839 0
    endloop
  endfacet
  facet normal -0 0 -1
    outer loop
      vertex -76.9476 -1.3338 0
      vertex -84.0524 -11.4593 0
      vertex -77 0 0
    endloop
  endfacet
  facet normal 0 0 -1
    outer loop
      vertex -77 0 0
      vertex -83.8498 11.3846 0
      vertex -83.642 11.326 0
    endloop
  endfacet
  facet normal 0 0 -1
    outer loop
      vertex -84.2485 -11.5497 0
      vertex -77 0 0
      vertex -84.0524 -11.4593 0
    endloop
  endfacet
  facet normal 0 0 -1
    outer loop
      vertex -77 0 0
      vertex -84.0524 11.4593 0
      vertex -83.8498 11.3846 0
    endloop
  endfacet
  facet normal 0 0 -1
    outer loop
      vertex -84.2485 11.5497 0
      vertex -77 0 0
      vertex -84.2485 -11.5497 0
    endloop
  endfacet
  facet normal 0 0 -1
    outer loop
      vertex -77 0 0
      vertex -84.2485 11.5497 0
      vertex -84.0524 11.4593 0
    endloop
  endfacet
  facet normal 0 0 -1
    outer loop
      vertex -84.4369 -11.6552 0
      vertex -84.2485 11.5497 0
      vertex -84.2485 -11.5497 0
    endloop
  endfacet
  facet normal 0 0 -1
    outer loop
      vertex -84.4369 -11.6552 0
      vertex -84.4369 11.6552 0
      vertex -84.2485 11.5497 0
    endloop
  endfacet
  facet normal 0 0 -1
    outer loop
      vertex -84.6164 -11.7752 0
      vertex -84.4369 11.6552 0
      vertex -84.4369 -11.6552 0
    endloop
  endfacet
  facet normal 0 0 -1
    outer loop
      vertex -84.6164 -11.7752 0
      vertex -84.6164 11.7752 0
      vertex -84.4369 11.6552 0
    endloop
  endfacet
  facet normal 0 0 -1
    outer loop
      vertex -84.786 -11.9089 0
      vertex -84.6164 11.7752 0
      vertex -84.6164 -11.7752 0
    endloop
  endfacet
  facet normal 0 0 -1
    outer loop
      vertex -84.786 -11.9089 0
      vertex -84.786 11.9089 0
      vertex -84.6164 11.7752 0
    endloop
  endfacet
  facet normal 0 0 -1
    outer loop
      vertex -84.9445 -12.0555 0
      vertex -84.786 11.9089 0
      vertex -84.786 -11.9089 0
    endloop
  endfacet
  facet normal 0 0 -1
    outer loop
      vertex -84.9445 -12.0555 0
      vertex -84.9445 12.0555 0
      vertex -84.786 11.9089 0
    endloop
  endfacet
  facet normal 0 0 -1
    outer loop
      vertex -85.0911 -12.214 0
      vertex -84.9445 12.0555 0
      vertex -84.9445 -12.0555 0
    endloop
  endfacet
  facet normal 0 0 -1
    outer loop
      vertex -85.0911 -12.214 0
      vertex -85.0911 12.214 0
      vertex -84.9445 12.0555 0
    endloop
  endfacet
  facet normal 0 0 -1
    outer loop
      vertex -85.2248 -12.3836 0
      vertex -85.0911 12.214 0
      vertex -85.0911 -12.214 0
    endloop
  endfacet
  facet normal 0 0 -1
    outer loop
      vertex -85.2248 -12.3836 0
      vertex -85.2248 12.3836 0
      vertex -85.0911 12.214 0
    endloop
  endfacet
  facet normal 0 0 -1
    outer loop
      vertex -85.3448 -12.5631 0
      vertex -85.2248 12.3836 0
      vertex -85.2248 -12.3836 0
    endloop
  endfacet
  facet normal 0 0 -1
    outer loop
      vertex -85.3448 -12.5631 0
      vertex -85.3448 12.5631 0
      vertex -85.2248 12.3836 0
    endloop
  endfacet
  facet normal 0 0 -1
    outer loop
      vertex -85.4503 -12.7515 0
      vertex -85.3448 12.5631 0
      vertex -85.3448 -12.5631 0
    endloop
  endfacet
  facet normal 0 0 -1
    outer loop
      vertex -85.4503 -12.7515 0
      vertex -85.4503 12.7515 0
      vertex -85.3448 12.5631 0
    endloop
  endfacet
  facet normal 0 0 -1
    outer loop
      vertex -90 -19 0
      vertex -85.4503 -12.7515 0
      vertex -85.5407 -12.9476 0
    endloop
  endfacet
  facet normal -0 0 -1
    outer loop
      vertex -85.4503 -12.7515 0
      vertex -90 -19 0
      vertex -85.4503 12.7515 0
    endloop
  endfacet
  facet normal 0 0 -1
    outer loop
      vertex -90 -19 0
      vertex -85.5407 -12.9476 0
      vertex -85.6154 -13.1502 0
    endloop
  endfacet
  facet normal 0 0 -1
    outer loop
      vertex -90 19 0
      vertex -85.4503 12.7515 0
      vertex -90 -19 0
    endloop
  endfacet
  facet normal 0 0 -1
    outer loop
      vertex -90 -19 0
      vertex -85.6154 -13.1502 0
      vertex -85.674 -13.358 0
    endloop
  endfacet
  facet normal 0 0 -1
    outer loop
      vertex -85.4503 12.7515 0
      vertex -90 19 0
      vertex -85.5407 12.9476 0
    endloop
  endfacet
  facet normal 0 0 -1
    outer loop
      vertex -90 -19 0
      vertex -85.674 -13.358 0
      vertex -85.7161 -13.5698 0
    endloop
  endfacet
  facet normal 0 0 -1
    outer loop
      vertex -85.5407 12.9476 0
      vertex -90 19 0
      vertex -85.6154 13.1502 0
    endloop
  endfacet
  facet normal 0 0 -1
    outer loop
      vertex -90 -19 0
      vertex -85.7161 -13.5698 0
      vertex -85.7415 -13.7842 0
    endloop
  endfacet
  facet normal 0 0 -1
    outer loop
      vertex -85.6154 13.1502 0
      vertex -90 19 0
      vertex -85.674 13.358 0
    endloop
  endfacet
  facet normal 0 0 -1
    outer loop
      vertex -90 -19 0
      vertex -85.7415 -13.7842 0
      vertex -85.75 -14 0
    endloop
  endfacet
  facet normal 0 0 -1
    outer loop
      vertex -85.674 13.358 0
      vertex -90 19 0
      vertex -85.7161 13.5698 0
    endloop
  endfacet
  facet normal 0 0 -1
    outer loop
      vertex 85.674 -13.358 0
      vertex 90 -19 0
      vertex 85.7161 -13.5698 0
    endloop
  endfacet
  facet normal 0 0 -1
    outer loop
      vertex 90 19 0
      vertex 85.7415 13.7842 0
      vertex 85.75 14 0
    endloop
  endfacet
  facet normal 0 0 -1
    outer loop
      vertex 85.6154 -13.1502 0
      vertex 90 -19 0
      vertex 85.674 -13.358 0
    endloop
  endfacet
  facet normal 0 0 -1
    outer loop
      vertex 90 19 0
      vertex 85.7161 13.5698 0
      vertex 85.7415 13.7842 0
    endloop
  endfacet
  facet normal 0 0 -1
    outer loop
      vertex 85.5407 -12.9476 0
      vertex 90 -19 0
      vertex 85.6154 -13.1502 0
    endloop
  endfacet
  facet normal 0 0 -1
    outer loop
      vertex 90 19 0
      vertex 85.674 13.358 0
      vertex 85.7161 13.5698 0
    endloop
  endfacet
  facet normal 0 0 -1
    outer loop
      vertex 85.4503 -12.7515 0
      vertex 90 -19 0
      vertex 85.5407 -12.9476 0
    endloop
  endfacet
  facet normal 0 0 -1
    outer loop
      vertex 90 19 0
      vertex 85.6154 13.1502 0
      vertex 85.674 13.358 0
    endloop
  endfacet
  facet normal 0 0 -1
    outer loop
      vertex 90 -19 0
      vertex 85.4503 -12.7515 0
      vertex 90 19 0
    endloop
  endfacet
  facet normal 0 0 -1
    outer loop
      vertex 90 19 0
      vertex 85.5407 12.9476 0
      vertex 85.6154 13.1502 0
    endloop
  endfacet
  facet normal 0 0 -1
    outer loop
      vertex 85.4503 12.7515 0
      vertex 90 19 0
      vertex 85.4503 -12.7515 0
    endloop
  endfacet
  facet normal 0 0 -1
    outer loop
      vertex 90 19 0
      vertex 85.4503 12.7515 0
      vertex 85.5407 12.9476 0
    endloop
  endfacet
  facet normal 0 0 -1
    outer loop
      vertex 85.3448 -12.5631 0
      vertex 85.4503 12.7515 0
      vertex 85.4503 -12.7515 0
    endloop
  endfacet
  facet normal 0 0 -1
    outer loop
      vertex 85.3448 -12.5631 0
      vertex 85.3448 12.5631 0
      vertex 85.4503 12.7515 0
    endloop
  endfacet
  facet normal 0 0 -1
    outer loop
      vertex 85.2248 -12.3836 0
      vertex 85.3448 12.5631 0
      vertex 85.3448 -12.5631 0
    endloop
  endfacet
  facet normal 0 0 -1
    outer loop
      vertex 85.2248 -12.3836 0
      vertex 85.2248 12.3836 0
      vertex 85.3448 12.5631 0
    endloop
  endfacet
  facet normal 0 0 -1
    outer loop
      vertex 85.0911 -12.214 0
      vertex 85.2248 12.3836 0
      vertex 85.2248 -12.3836 0
    endloop
  endfacet
  facet normal 0 0 -1
    outer loop
      vertex 85.0911 -12.214 0
      vertex 85.0911 12.214 0
      vertex 85.2248 12.3836 0
    endloop
  endfacet
  facet normal 0 0 -1
    outer loop
      vertex 84.9445 -12.0555 0
      vertex 85.0911 12.214 0
      vertex 85.0911 -12.214 0
    endloop
  endfacet
  facet normal 0 0 -1
    outer loop
      vertex 84.9445 -12.0555 0
      vertex 84.9445 12.0555 0
      vertex 85.0911 12.214 0
    endloop
  endfacet
  facet normal 0 0 -1
    outer loop
      vertex 84.786 -11.9089 0
      vertex 84.9445 12.0555 0
      vertex 84.9445 -12.0555 0
    endloop
  endfacet
  facet normal 0 0 -1
    outer loop
      vertex 84.786 -11.9089 0
      vertex 84.786 11.9089 0
      vertex 84.9445 12.0555 0
    endloop
  endfacet
  facet normal 0 0 -1
    outer loop
      vertex 84.6164 -11.7752 0
      vertex 84.786 11.9089 0
      vertex 84.786 -11.9089 0
    endloop
  endfacet
  facet normal 0 0 -1
    outer loop
      vertex 84.6164 -11.7752 0
      vertex 84.6164 11.7752 0
      vertex 84.786 11.9089 0
    endloop
  endfacet
  facet normal 0 0 -1
    outer loop
      vertex 84.4369 -11.6552 0
      vertex 84.6164 11.7752 0
      vertex 84.6164 -11.7752 0
    endloop
  endfacet
  facet normal 0 0 -1
    outer loop
      vertex 84.4369 -11.6552 0
      vertex 84.4369 11.6552 0
      vertex 84.6164 11.7752 0
    endloop
  endfacet
  facet normal 0 0 -1
    outer loop
      vertex 84.2485 -11.5497 0
      vertex 84.4369 11.6552 0
      vertex 84.4369 -11.6552 0
    endloop
  endfacet
  facet normal 0 0 -1
    outer loop
      vertex 84.2485 -11.5497 0
      vertex 84.2485 11.5497 0
      vertex 84.4369 11.6552 0
    endloop
  endfacet
  facet normal 0 0 -1
    outer loop
      vertex 77 0 0
      vertex 84.2485 -11.5497 0
      vertex 84.0524 -11.4593 0
    endloop
  endfacet
  facet normal 0 0 -1
    outer loop
      vertex 84.2485 -11.5497 0
      vertex 77 0 0
      vertex 84.2485 11.5497 0
    endloop
  endfacet
  facet normal 0 0 -1
    outer loop
      vertex 76.9476 -1.3338 0
      vertex 84.0524 -11.4593 0
      vertex 83.8498 -11.3846 0
    endloop
  endfacet
  facet normal 0 0 -1
    outer loop
      vertex 84.2485 11.5497 0
      vertex 77 0 0
      vertex 84.0524 11.4593 0
    endloop
  endfacet
  facet normal 0 0 -1
    outer loop
      vertex 76.9476 -1.3338 0
      vertex 83.8498 -11.3846 0
      vertex 83.642 -11.326 0
    endloop
  endfacet
  facet normal 0 0 -1
    outer loop
      vertex 76.9476 1.3338 0
      vertex 84.0524 11.4593 0
      vertex 77 0 0
    endloop
  endfacet
  facet normal 0 0 -1
    outer loop
      vertex 76.7907 -2.65939 0
      vertex 83.642 -11.326 0
      vertex 83.4302 -11.2839 0
    endloop
  endfacet
  facet normal 0 0 -1
    outer loop
      vertex 84.0524 11.4593 0
      vertex 76.9476 1.3338 0
      vertex 83.8498 11.3846 0
    endloop
  endfacet
  facet normal 0 0 -1
    outer loop
      vertex 76.7907 -2.65939 0
      vertex 83.4302 -11.2839 0
      vertex 83.2158 -11.2585 0
    endloop
  endfacet
  facet normal 0 0 -1
    outer loop
      vertex 83.8498 11.3846 0
      vertex 76.9476 1.3338 0
      vertex 83.642 11.326 0
    endloop
  endfacet
  facet normal 0 0 -1
    outer loop
      vertex 76.7907 -2.65939 0
      vertex 83.2158 -11.2585 0
      vertex 83 -11.25 0
    endloop
  endfacet
  facet normal 0 0 -1
    outer loop
      vertex 76.7907 2.65939 0
      vertex 83.642 11.326 0
      vertex 76.9476 1.3338 0
    endloop
  endfacet
  facet normal 0 0 -1
    outer loop
      vertex 76.5303 -3.96857 0
      vertex 83 -11.25 0
      vertex 82.7842 -11.2585 0
    endloop
  endfacet
  facet normal 0 0 -1
    outer loop
      vertex 83.642 11.326 0
      vertex 76.7907 2.65939 0
      vertex 83.4302 11.2839 0
    endloop
  endfacet
  facet normal 0 0 -1
    outer loop
      vertex 76.5303 -3.96857 0
      vertex 82.7842 -11.2585 0
      vertex 82.5698 -11.2839 0
    endloop
  endfacet
  facet normal 0 0 -1
    outer loop
      vertex 83.4302 11.2839 0
      vertex 76.7907 2.65939 0
      vertex 83.2158 11.2585 0
    endloop
  endfacet
  facet normal 0 0 -1
    outer loop
      vertex 76.5303 -3.96857 0
      vertex 82.5698 -11.2839 0
      vertex 82.358 -11.326 0
    endloop
  endfacet
  facet normal 0 0 -1
    outer loop
      vertex 83.2158 11.2585 0
      vertex 76.7907 2.65939 0
      vertex 83 11.25 0
    endloop
  endfacet
  facet normal 0 0 -1
    outer loop
      vertex 76.168 -5.25329 0
      vertex 82.358 -11.326 0
      vertex 82.1502 -11.3846 0
    endloop
  endfacet
  facet normal 0 0 -1
    outer loop
      vertex 76.5303 3.96857 0
      vertex 83 11.25 0
      vertex 76.7907 2.65939 0
    endloop
  endfacet
  facet normal 0 0 -1
    outer loop
      vertex 76.168 -5.25329 0
      vertex 82.1502 -11.3846 0
      vertex 81.9476 -11.4593 0
    endloop
  endfacet
  facet normal -0 0 -1
    outer loop
      vertex 83 11.25 0
      vertex 76.5303 3.96857 0
      vertex 82.7842 11.2585 0
    endloop
  endfacet
  facet normal 0 0 -1
    outer loop
      vertex 75.7059 -6.50562 0
      vertex 81.9476 -11.4593 0
      vertex 81.7515 -11.5497 0
    endloop
  endfacet
  facet normal -0 0 -1
    outer loop
      vertex 82.7842 11.2585 0
      vertex 76.5303 3.96857 0
      vertex 82.5698 11.2839 0
    endloop
  endfacet
  facet normal 0 0 -1
    outer loop
      vertex 75.7059 -6.50562 0
      vertex 81.7515 -11.5497 0
      vertex 81.5631 -11.6552 0
    endloop
  endfacet
  facet normal -0 0 -1
    outer loop
      vertex 82.5698 11.2839 0
      vertex 76.5303 3.96857 0
      vertex 82.358 11.326 0
    endloop
  endfacet
  facet normal 0 0 -1
    outer loop
      vertex 75.7059 -6.50562 0
      vertex 81.5631 -11.6552 0
      vertex 81.3836 -11.7752 0
    endloop
  endfacet
  facet normal 0 0 -1
    outer loop
      vertex 76.168 5.25329 0
      vertex 82.358 11.326 0
      vertex 76.5303 3.96857 0
    endloop
  endfacet
  facet normal 0 0 -1
    outer loop
      vertex 75.1471 -7.71784 0
      vertex 81.3836 -11.7752 0
      vertex 81.214 -11.9089 0
    endloop
  endfacet
  facet normal -0 0 -1
    outer loop
      vertex 82.358 11.326 0
      vertex 76.168 5.25329 0
      vertex 82.1502 11.3846 0
    endloop
  endfacet
  facet normal 0 0 -1
    outer loop
      vertex 75.1471 -7.71784 0
      vertex 81.214 -11.9089 0
      vertex 81.0555 -12.0555 0
    endloop
  endfacet
  facet normal -0 0 -1
    outer loop
      vertex 82.1502 11.3846 0
      vertex 76.168 5.25329 0
      vertex 81.9476 11.4593 0
    endloop
  endfacet
  facet normal 0 0 -1
    outer loop
      vertex 75.1471 -7.71784 0
      vertex 81.0555 -12.0555 0
      vertex 80.9089 -12.214 0
    endloop
  endfacet
  facet normal 0 0 -1
    outer loop
      vertex 75.7059 6.50562 0
      vertex 81.9476 11.4593 0
      vertex 76.168 5.25329 0
    endloop
  endfacet
  facet normal 0 0 -1
    outer loop
      vertex 75.1471 -7.71784 0
      vertex 80.9089 -12.214 0
      vertex 80.7752 -12.3836 0
    endloop
  endfacet
  facet normal -0 0 -1
    outer loop
      vertex 81.9476 11.4593 0
      vertex 75.7059 6.50562 0
      vertex 81.7515 11.5497 0
    endloop
  endfacet
  facet normal 0 0 -1
    outer loop
      vertex 74.4949 -8.88247 0
      vertex 80.7752 -12.3836 0
      vertex 80.6552 -12.5631 0
    endloop
  endfacet
  facet normal -0 0 -1
    outer loop
      vertex 81.7515 11.5497 0
      vertex 75.7059 6.50562 0
      vertex 81.5631 11.6552 0
    endloop
  endfacet
  facet normal 0 0 -1
    outer loop
      vertex 74.4949 -8.88247 0
      vertex 80.6552 -12.5631 0
      vertex 80.5497 -12.7515 0
    endloop
  endfacet
  facet normal -0 0 -1
    outer loop
      vertex 81.5631 11.6552 0
      vertex 75.7059 6.50562 0
      vertex 81.3836 11.7752 0
    endloop
  endfacet
  facet normal 0 0 -1
    outer loop
      vertex 74.4949 -8.88247 0
      vertex 80.5497 -12.7515 0
      vertex 80.4593 -12.9476 0
    endloop
  endfacet
  facet normal 0 0 -1
    outer loop
      vertex 75.1471 7.71784 0
      vertex 81.3836 11.7752 0
      vertex 75.7059 6.50562 0
    endloop
  endfacet
  facet normal 0 0 -1
    outer loop
      vertex 73.7533 -9.99235 0
      vertex 80.4593 -12.9476 0
      vertex 80.3846 -13.1502 0
    endloop
  endfacet
  facet normal -0 0 -1
    outer loop
      vertex 81.3836 11.7752 0
      vertex 75.1471 7.71784 0
      vertex 81.214 11.9089 0
    endloop
  endfacet
  facet normal 0 0 -1
    outer loop
      vertex 73.7533 -9.99235 0
      vertex 80.3846 -13.1502 0
      vertex 80.326 -13.358 0
    endloop
  endfacet
  facet normal -0 0 -1
    outer loop
      vertex 81.214 11.9089 0
      vertex 75.1471 7.71784 0
      vertex 81.0555 12.0555 0
    endloop
  endfacet
  facet normal 0 0 -1
    outer loop
      vertex 73.7533 -9.99235 0
      vertex 80.326 -13.358 0
      vertex 80.2839 -13.5698 0
    endloop
  endfacet
  facet normal -0 0 -1
    outer loop
      vertex 81.0555 12.0555 0
      vertex 75.1471 7.71784 0
      vertex 80.9089 12.214 0
    endloop
  endfacet
  facet normal 0 0 -1
    outer loop
      vertex 72.9269 -11.0406 0
      vertex 80.2839 -13.5698 0
      vertex 80.2585 -13.7842 0
    endloop
  endfacet
  facet normal -0 0 -1
    outer loop
      vertex 80.9089 12.214 0
      vertex 75.1471 7.71784 0
      vertex 80.7752 12.3836 0
    endloop
  endfacet
  facet normal 0 0 -1
    outer loop
      vertex 72.9269 -11.0406 0
      vertex 80.2585 -13.7842 0
      vertex 80.25 -14 0
    endloop
  endfacet
  facet normal 0 0 -1
    outer loop
      vertex 74.4949 8.88247 0
      vertex 80.7752 12.3836 0
      vertex 75.1471 7.71784 0
    endloop
  endfacet
  facet normal 0 0 -1
    outer loop
      vertex 84.786 -16.0911 0
      vertex 90 -19 0
      vertex 89.9908 -19.2354 0
    endloop
  endfacet
  facet normal 0 0 -1
    outer loop
      vertex 85.7415 -13.7842 0
      vertex 90 -19 0
      vertex 85.75 -14 0
    endloop
  endfacet
  facet normal 0 0 -1
    outer loop
      vertex 84.786 -16.0911 0
      vertex 89.9908 -19.2354 0
      vertex 89.9631 -19.4693 0
    endloop
  endfacet
  facet normal 0 0 -1
    outer loop
      vertex 85.7161 -13.5698 0
      vertex 90 -19 0
      vertex 85.7415 -13.7842 0
    endloop
  endfacet
  facet normal 0 0 -1
    outer loop
      vertex 84.786 -16.0911 0
      vertex 89.9631 -19.4693 0
      vertex 89.9171 -19.7003 0
    endloop
  endfacet
  facet normal 0 0 -1
    outer loop
      vertex 85.7415 14.2158 0
      vertex 90 19 0
      vertex 85.75 14 0
    endloop
  endfacet
  facet normal 0 0 -1
    outer loop
      vertex 84.786 -16.0911 0
      vertex 89.9171 -19.7003 0
      vertex 89.8532 -19.927 0
    endloop
  endfacet
  facet normal 0 0 -1
    outer loop
      vertex 85.7161 14.4302 0
      vertex 90 19 0
      vertex 85.7415 14.2158 0
    endloop
  endfacet
  facet normal 0 0 -1
    outer loop
      vertex 84.786 -16.0911 0
      vertex 89.8532 -19.927 0
      vertex 89.7716 -20.1481 0
    endloop
  endfacet
  facet normal 0 0 -1
    outer loop
      vertex 85.674 14.642 0
      vertex 90 19 0
      vertex 85.7161 14.4302 0
    endloop
  endfacet
  facet normal 0 0 -1
    outer loop
      vertex 84.786 -16.0911 0
      vertex 89.7716 -20.1481 0
      vertex 89.673 -20.362 0
    endloop
  endfacet
  facet normal 0 0 -1
    outer loop
      vertex 85.6154 14.8498 0
      vertex 90 19 0
      vertex 85.674 14.642 0
    endloop
  endfacet
  facet normal 0 0 -1
    outer loop
      vertex 84.786 -16.0911 0
      vertex 89.673 -20.362 0
      vertex 89.5579 -20.5675 0
    endloop
  endfacet
  facet normal 0 0 -1
    outer loop
      vertex 85.5407 15.0524 0
      vertex 90 19 0
      vertex 85.6154 14.8498 0
    endloop
  endfacet
  facet normal 0 0 -1
    outer loop
      vertex 84.786 -16.0911 0
      vertex 89.5579 -20.5675 0
      vertex 89.427 -20.7634 0
    endloop
  endfacet
  facet normal 0 0 -1
    outer loop
      vertex 85.4503 15.2485 0
      vertex 90 19 0
      vertex 85.5407 15.0524 0
    endloop
  endfacet
  facet normal 0 0 -1
    outer loop
      vertex 84.786 -16.0911 0
      vertex 89.427 -20.7634 0
      vertex 89.2812 -20.9483 0
    endloop
  endfacet
  facet normal 0 0 -1
    outer loop
      vertex 85.3448 15.4369 0
      vertex 90 19 0
      vertex 85.4503 15.2485 0
    endloop
  endfacet
  facet normal 0 0 -1
    outer loop
      vertex 84.786 -16.0911 0
      vertex 89.2812 -20.9483 0
      vertex 89.1213 -21.1213 0
    endloop
  endfacet
  facet normal 0 0 -1
    outer loop
      vertex 85.2248 15.6164 0
      vertex 90 19 0
      vertex 85.3448 15.4369 0
    endloop
  endfacet
  facet normal 0 0 -1
    outer loop
      vertex 84.786 -16.0911 0
      vertex 89.1213 -21.1213 0
      vertex 88.9483 -21.2812 0
    endloop
  endfacet
  facet normal 0 0 -1
    outer loop
      vertex 85.0911 15.786 0
      vertex 90 19 0
      vertex 85.2248 15.6164 0
    endloop
  endfacet
  facet normal 0 0 -1
    outer loop
      vertex 84.786 -16.0911 0
      vertex 88.9483 -21.2812 0
      vertex 88.7634 -21.427 0
    endloop
  endfacet
  facet normal 0 0 -1
    outer loop
      vertex 84.9445 15.9445 0
      vertex 90 19 0
      vertex 85.0911 15.786 0
    endloop
  endfacet
  facet normal 0 0 -1
    outer loop
      vertex 84.786 -16.0911 0
      vertex 88.7634 -21.427 0
      vertex 88.5675 -21.5579 0
    endloop
  endfacet
  facet normal 0 0 -1
    outer loop
      vertex 84.786 16.0911 0
      vertex 90 19 0
      vertex 84.9445 15.9445 0
    endloop
  endfacet
  facet normal 0 0 -1
    outer loop
      vertex 84.786 -16.0911 0
      vertex 88.5675 -21.5579 0
      vertex 88.362 -21.673 0
    endloop
  endfacet
  facet normal -0 0 -1
    outer loop
      vertex 90 19 0
      vertex 84.786 16.0911 0
      vertex 89.9908 19.2354 0
    endloop
  endfacet
  facet normal 0 0 -1
    outer loop
      vertex 84.786 -16.0911 0
      vertex 88.362 -21.673 0
      vertex 88.1481 -21.7716 0
    endloop
  endfacet
  facet normal -0 0 -1
    outer loop
      vertex 89.9908 19.2354 0
      vertex 84.786 16.0911 0
      vertex 89.9631 19.4693 0
    endloop
  endfacet
  facet normal 0 0 -1
    outer loop
      vertex 84.786 -16.0911 0
      vertex 88.1481 -21.7716 0
      vertex 87.927 -21.8532 0
    endloop
  endfacet
  facet normal -0 0 -1
    outer loop
      vertex 89.9631 19.4693 0
      vertex 84.786 16.0911 0
      vertex 89.9171 19.7003 0
    endloop
  endfacet
  facet normal 0 0 -1
    outer loop
      vertex 84.786 -16.0911 0
      vertex 87.927 -21.8532 0
      vertex 87.7003 -21.9171 0
    endloop
  endfacet
  facet normal -0 0 -1
    outer loop
      vertex 89.9171 19.7003 0
      vertex 84.786 16.0911 0
      vertex 89.8532 19.927 0
    endloop
  endfacet
  facet normal 0 0 -1
    outer loop
      vertex 84.786 -16.0911 0
      vertex 87.7003 -21.9171 0
      vertex 87.4693 -21.9631 0
    endloop
  endfacet
  facet normal -0 0 -1
    outer loop
      vertex 89.8532 19.927 0
      vertex 84.786 16.0911 0
      vertex 89.7716 20.1481 0
    endloop
  endfacet
  facet normal 0 0 -1
    outer loop
      vertex 84.786 -16.0911 0
      vertex 87.4693 -21.9631 0
      vertex 87.2354 -21.9908 0
    endloop
  endfacet
  facet normal -0 0 -1
    outer loop
      vertex 89.7716 20.1481 0
      vertex 84.786 16.0911 0
      vertex 89.673 20.362 0
    endloop
  endfacet
  facet normal 0 0 -1
    outer loop
      vertex 84.786 -16.0911 0
      vertex 87.2354 -21.9908 0
      vertex 87 -22 0
    endloop
  endfacet
  facet normal -0 0 -1
    outer loop
      vertex 89.673 20.362 0
      vertex 84.786 16.0911 0
      vertex 89.5579 20.5675 0
    endloop
  endfacet
  facet normal -0 0 -1
    outer loop
      vertex 89.5579 20.5675 0
      vertex 84.786 16.0911 0
      vertex 89.427 20.7634 0
    endloop
  endfacet
  facet normal 0 0 -1
    outer loop
      vertex 90 -19 0
      vertex 85.7415 -14.2158 0
      vertex 85.75 -14 0
    endloop
  endfacet
  facet normal 0 0 -1
    outer loop
      vertex 90 -19 0
      vertex 85.7161 -14.4302 0
      vertex 85.7415 -14.2158 0
    endloop
  endfacet
  facet normal 0 0 -1
    outer loop
      vertex 90 -19 0
      vertex 85.674 -14.642 0
      vertex 85.7161 -14.4302 0
    endloop
  endfacet
  facet normal 0 0 -1
    outer loop
      vertex 90 -19 0
      vertex 85.6154 -14.8498 0
      vertex 85.674 -14.642 0
    endloop
  endfacet
  facet normal 0 0 -1
    outer loop
      vertex 90 -19 0
      vertex 85.5407 -15.0524 0
      vertex 85.6154 -14.8498 0
    endloop
  endfacet
  facet normal 0 0 -1
    outer loop
      vertex 90 -19 0
      vertex 85.4503 -15.2485 0
      vertex 85.5407 -15.0524 0
    endloop
  endfacet
  facet normal 0 0 -1
    outer loop
      vertex 90 -19 0
      vertex 85.3448 -15.4369 0
      vertex 85.4503 -15.2485 0
    endloop
  endfacet
  facet normal 0 0 -1
    outer loop
      vertex 90 -19 0
      vertex 85.2248 -15.6164 0
      vertex 85.3448 -15.4369 0
    endloop
  endfacet
  facet normal 0 0 -1
    outer loop
      vertex 90 -19 0
      vertex 85.0911 -15.786 0
      vertex 85.2248 -15.6164 0
    endloop
  endfacet
  facet normal 0 0 -1
    outer loop
      vertex 90 -19 0
      vertex 84.9445 -15.9445 0
      vertex 85.0911 -15.786 0
    endloop
  endfacet
  facet normal 0 0 -1
    outer loop
      vertex 90 -19 0
      vertex 84.786 -16.0911 0
      vertex 84.9445 -15.9445 0
    endloop
  endfacet
  facet normal 0 0 -1
    outer loop
      vertex 87 -22 0
      vertex 84.6164 -16.2248 0
      vertex 84.786 -16.0911 0
    endloop
  endfacet
  facet normal 0 0 -1
    outer loop
      vertex 87 -22 0
      vertex 84.4369 -16.3448 0
      vertex 84.6164 -16.2248 0
    endloop
  endfacet
  facet normal 0 0 -1
    outer loop
      vertex 87 -22 0
      vertex 84.2485 -16.4503 0
      vertex 84.4369 -16.3448 0
    endloop
  endfacet
  facet normal 0 0 -1
    outer loop
      vertex 87 -22 0
      vertex 84.0524 -16.5407 0
      vertex 84.2485 -16.4503 0
    endloop
  endfacet
  facet normal 0 0 -1
    outer loop
      vertex 87 -22 0
      vertex 83.8498 -16.6154 0
      vertex 84.0524 -16.5407 0
    endloop
  endfacet
  facet normal 0 0 -1
    outer loop
      vertex 87 -22 0
      vertex 83.642 -16.674 0
      vertex 83.8498 -16.6154 0
    endloop
  endfacet
  facet normal 0 0 -1
    outer loop
      vertex 87 -22 0
      vertex 83.4302 -16.7161 0
      vertex 83.642 -16.674 0
    endloop
  endfacet
  facet normal 0 0 -1
    outer loop
      vertex 87 -22 0
      vertex 83.2158 -16.7415 0
      vertex 83.4302 -16.7161 0
    endloop
  endfacet
  facet normal 0 0 -1
    outer loop
      vertex 87 -22 0
      vertex 83 -16.75 0
      vertex 83.2158 -16.7415 0
    endloop
  endfacet
  facet normal 0 0 -1
    outer loop
      vertex 87 -22 0
      vertex 82.7842 -16.7415 0
      vertex 83 -16.75 0
    endloop
  endfacet
  facet normal 0 0 -1
    outer loop
      vertex 87 -22 0
      vertex 82.5698 -16.7161 0
      vertex 82.7842 -16.7415 0
    endloop
  endfacet
  facet normal 0 0 -1
    outer loop
      vertex 87 -22 0
      vertex 82.358 -16.674 0
      vertex 82.5698 -16.7161 0
    endloop
  endfacet
  facet normal 0 0 -1
    outer loop
      vertex 87 -22 0
      vertex 82.1502 -16.6154 0
      vertex 82.358 -16.674 0
    endloop
  endfacet
  facet normal 0 0 -1
    outer loop
      vertex 87 -22 0
      vertex 81.9476 -16.5407 0
      vertex 82.1502 -16.6154 0
    endloop
  endfacet
  facet normal 0 0 -1
    outer loop
      vertex 87 -22 0
      vertex 81.7515 -16.4503 0
      vertex 81.9476 -16.5407 0
    endloop
  endfacet
  facet normal 0 0 -1
    outer loop
      vertex 87 -22 0
      vertex 81.5631 -16.3448 0
      vertex 81.7515 -16.4503 0
    endloop
  endfacet
  facet normal 0 0 -1
    outer loop
      vertex 66.5056 -15.706 0
      vertex 81.5631 -16.3448 0
      vertex 87 -22 0
    endloop
  endfacet
  facet normal 0 0 -1
    outer loop
      vertex 81.5631 -16.3448 0
      vertex 67.7178 -15.1471 0
      vertex 81.3836 -16.2248 0
    endloop
  endfacet
  facet normal 0 0 -1
    outer loop
      vertex 81.3836 -16.2248 0
      vertex 67.7178 -15.1471 0
      vertex 81.214 -16.0911 0
    endloop
  endfacet
  facet normal -0 0 -1
    outer loop
      vertex 80.7752 12.3836 0
      vertex 74.4949 8.88247 0
      vertex 80.6552 12.5631 0
    endloop
  endfacet
  facet normal 0 0 -1
    outer loop
      vertex 72.9269 -11.0406 0
      vertex 80.25 -14 0
      vertex 80.2585 -14.2158 0
    endloop
  endfacet
  facet normal 0 0 -1
    outer loop
      vertex 72.0208 -12.0208 0
      vertex 80.2585 -14.2158 0
      vertex 80.2839 -14.4302 0
    endloop
  endfacet
  facet normal 0 0 -1
    outer loop
      vertex 72.0208 -12.0208 0
      vertex 80.2839 -14.4302 0
      vertex 80.326 -14.642 0
    endloop
  endfacet
  facet normal 0 0 -1
    outer loop
      vertex 84.0524 -11.4593 0
      vertex 76.9476 -1.3338 0
      vertex 77 0 0
    endloop
  endfacet
  facet normal 0 0 -1
    outer loop
      vertex 83.642 -11.326 0
      vertex 76.7907 -2.65939 0
      vertex 76.9476 -1.3338 0
    endloop
  endfacet
  facet normal 0 0 -1
    outer loop
      vertex 72.0208 -12.0208 0
      vertex 80.326 -14.642 0
      vertex 80.3846 -14.8498 0
    endloop
  endfacet
  facet normal 0 0 -1
    outer loop
      vertex 83 -11.25 0
      vertex 76.5303 -3.96857 0
      vertex 76.7907 -2.65939 0
    endloop
  endfacet
  facet normal 0 0 -1
    outer loop
      vertex 82.358 -11.326 0
      vertex 76.168 -5.25329 0
      vertex 76.5303 -3.96857 0
    endloop
  endfacet
  facet normal 0 0 -1
    outer loop
      vertex 71.0406 -12.9269 0
      vertex 80.3846 -14.8498 0
      vertex 80.4593 -15.0524 0
    endloop
  endfacet
  facet normal 0 0 -1
    outer loop
      vertex 81.9476 -11.4593 0
      vertex 75.7059 -6.50562 0
      vertex 76.168 -5.25329 0
    endloop
  endfacet
  facet normal 0 0 -1
    outer loop
      vertex 71.0406 -12.9269 0
      vertex 80.4593 -15.0524 0
      vertex 80.5497 -15.2485 0
    endloop
  endfacet
  facet normal 0 0 -1
    outer loop
      vertex 81.3836 -11.7752 0
      vertex 75.1471 -7.71784 0
      vertex 75.7059 -6.50562 0
    endloop
  endfacet
  facet normal 0 0 -1
    outer loop
      vertex 71.0406 -12.9269 0
      vertex 80.5497 -15.2485 0
      vertex 80.6552 -15.4369 0
    endloop
  endfacet
  facet normal 0 0 -1
    outer loop
      vertex 69.9923 -13.7533 0
      vertex 80.6552 -15.4369 0
      vertex 80.7752 -15.6164 0
    endloop
  endfacet
  facet normal 0 0 -1
    outer loop
      vertex 80.7752 -12.3836 0
      vertex 74.4949 -8.88247 0
      vertex 75.1471 -7.71784 0
    endloop
  endfacet
  facet normal 0 0 -1
    outer loop
      vertex 69.9923 -13.7533 0
      vertex 80.7752 -15.6164 0
      vertex 80.9089 -15.786 0
    endloop
  endfacet
  facet normal 0 0 -1
    outer loop
      vertex 68.8825 -14.4949 0
      vertex 80.9089 -15.786 0
      vertex 81.0555 -15.9445 0
    endloop
  endfacet
  facet normal 0 0 -1
    outer loop
      vertex 80.4593 -12.9476 0
      vertex 73.7533 -9.99235 0
      vertex 74.4949 -8.88247 0
    endloop
  endfacet
  facet normal 0 -0 -1
    outer loop
      vertex 68.8825 -14.4949 0
      vertex 81.214 -16.0911 0
      vertex 67.7178 -15.1471 0
    endloop
  endfacet
  facet normal 0 0 -1
    outer loop
      vertex 80.2839 -13.5698 0
      vertex 72.9269 -11.0406 0
      vertex 73.7533 -9.99235 0
    endloop
  endfacet
  facet normal 0 0 -1
    outer loop
      vertex 80.2585 -14.2158 0
      vertex 72.0208 -12.0208 0
      vertex 72.9269 -11.0406 0
    endloop
  endfacet
  facet normal 0 0 -1
    outer loop
      vertex 80.3846 -14.8498 0
      vertex 71.0406 -12.9269 0
      vertex 72.0208 -12.0208 0
    endloop
  endfacet
  facet normal 0 0 -1
    outer loop
      vertex 80.6552 -15.4369 0
      vertex 69.9923 -13.7533 0
      vertex 71.0406 -12.9269 0
    endloop
  endfacet
  facet normal 0 0 -1
    outer loop
      vertex 80.9089 -15.786 0
      vertex 68.8825 -14.4949 0
      vertex 69.9923 -13.7533 0
    endloop
  endfacet
  facet normal 0 0 -1
    outer loop
      vertex 81.214 -16.0911 0
      vertex 68.8825 -14.4949 0
      vertex 81.0555 -15.9445 0
    endloop
  endfacet
  facet normal 0 0 -1
    outer loop
      vertex 81.5631 -16.3448 0
      vertex 66.5056 -15.706 0
      vertex 67.7178 -15.1471 0
    endloop
  endfacet
  facet normal 0 0 -1
    outer loop
      vertex 87 -22 0
      vertex 65.2533 -16.168 0
      vertex 66.5056 -15.706 0
    endloop
  endfacet
  facet normal 0 0 -1
    outer loop
      vertex 87 -22 0
      vertex 63.9686 -16.5303 0
      vertex 65.2533 -16.168 0
    endloop
  endfacet
  facet normal 0 0 -1
    outer loop
      vertex 87 -22 0
      vertex 62.6594 -16.7907 0
      vertex 63.9686 -16.5303 0
    endloop
  endfacet
  facet normal 0 0 -1
    outer loop
      vertex 87 -22 0
      vertex 61.3338 -16.9476 0
      vertex 62.6594 -16.7907 0
    endloop
  endfacet
  facet normal 0 0 -1
    outer loop
      vertex 87 -22 0
      vertex 60 -17 0
      vertex 61.3338 -16.9476 0
    endloop
  endfacet
  facet normal 0 0 -1
    outer loop
      vertex 87 -22 0
      vertex 58.6662 -16.9476 0
      vertex 60 -17 0
    endloop
  endfacet
  facet normal 0 0 -1
    outer loop
      vertex 21.3338 -16.9476 0
      vertex 58.6662 -16.9476 0
      vertex 87 -22 0
    endloop
  endfacet
  facet normal 0 0 -1
    outer loop
      vertex 43.0524 -1.3338 0
      vertex 37 0 0
      vertex 43 0 0
    endloop
  endfacet
  facet normal 0 0 -1
    outer loop
      vertex 36.9476 -1.3338 0
      vertex 43.0524 -1.3338 0
      vertex 43.2093 -2.65939 0
    endloop
  endfacet
  facet normal 0 0 -1
    outer loop
      vertex 36.7907 -2.65939 0
      vertex 43.2093 -2.65939 0
      vertex 43.4697 -3.96857 0
    endloop
  endfacet
  facet normal 0 0 -1
    outer loop
      vertex 36.5303 -3.96857 0
      vertex 43.4697 -3.96857 0
      vertex 43.832 -5.25329 0
    endloop
  endfacet
  facet normal 0 0 -1
    outer loop
      vertex 36.168 -5.25329 0
      vertex 43.832 -5.25329 0
      vertex 44.294 -6.50562 0
    endloop
  endfacet
  facet normal 0 0 -1
    outer loop
      vertex 35.706 -6.50562 0
      vertex 44.294 -6.50562 0
      vertex 44.8529 -7.71784 0
    endloop
  endfacet
  facet normal 0 0 -1
    outer loop
      vertex 35.1471 -7.71784 0
      vertex 44.8529 -7.71784 0
      vertex 45.5051 -8.88247 0
    endloop
  endfacet
  facet normal 0 0 -1
    outer loop
      vertex 34.4949 -8.88247 0
      vertex 45.5051 -8.88247 0
      vertex 46.2467 -9.99235 0
    endloop
  endfacet
  facet normal 0 0 -1
    outer loop
      vertex 33.7533 -9.99235 0
      vertex 46.2467 -9.99235 0
      vertex 47.0731 -11.0406 0
    endloop
  endfacet
  facet normal 0 0 -1
    outer loop
      vertex 43.0524 -1.3338 0
      vertex 36.9476 -1.3338 0
      vertex 37 0 0
    endloop
  endfacet
  facet normal 0 0 -1
    outer loop
      vertex 32.9269 -11.0406 0
      vertex 47.0731 -11.0406 0
      vertex 47.9792 -12.0208 0
    endloop
  endfacet
  facet normal 0 0 -1
    outer loop
      vertex 43.2093 -2.65939 0
      vertex 36.7907 -2.65939 0
      vertex 36.9476 -1.3338 0
    endloop
  endfacet
  facet normal 0 0 -1
    outer loop
      vertex 32.0208 -12.0208 0
      vertex 47.9792 -12.0208 0
      vertex 48.9594 -12.9269 0
    endloop
  endfacet
  facet normal 0 0 -1
    outer loop
      vertex 43.4697 -3.96857 0
      vertex 36.5303 -3.96857 0
      vertex 36.7907 -2.65939 0
    endloop
  endfacet
  facet normal 0 0 -1
    outer loop
      vertex 31.0406 -12.9269 0
      vertex 48.9594 -12.9269 0
      vertex 50.0077 -13.7533 0
    endloop
  endfacet
  facet normal 0 0 -1
    outer loop
      vertex 43.832 -5.25329 0
      vertex 36.168 -5.25329 0
      vertex 36.5303 -3.96857 0
    endloop
  endfacet
  facet normal 0 0 -1
    outer loop
      vertex 29.9923 -13.7533 0
      vertex 50.0077 -13.7533 0
      vertex 51.1175 -14.4949 0
    endloop
  endfacet
  facet normal 0 0 -1
    outer loop
      vertex 44.294 -6.50562 0
      vertex 35.706 -6.50562 0
      vertex 36.168 -5.25329 0
    endloop
  endfacet
  facet normal 0 0 -1
    outer loop
      vertex 28.8825 -14.4949 0
      vertex 51.1175 -14.4949 0
      vertex 52.2822 -15.1471 0
    endloop
  endfacet
  facet normal 0 0 -1
    outer loop
      vertex 44.8529 -7.71784 0
      vertex 35.1471 -7.71784 0
      vertex 35.706 -6.50562 0
    endloop
  endfacet
  facet normal 0 0 -1
    outer loop
      vertex 27.7178 -15.1471 0
      vertex 52.2822 -15.1471 0
      vertex 53.4944 -15.706 0
    endloop
  endfacet
  facet normal 0 0 -1
    outer loop
      vertex 45.5051 -8.88247 0
      vertex 34.4949 -8.88247 0
      vertex 35.1471 -7.71784 0
    endloop
  endfacet
  facet normal 0 0 -1
    outer loop
      vertex 26.5056 -15.706 0
      vertex 53.4944 -15.706 0
      vertex 54.7467 -16.168 0
    endloop
  endfacet
  facet normal 0 0 -1
    outer loop
      vertex 46.2467 -9.99235 0
      vertex 33.7533 -9.99235 0
      vertex 34.4949 -8.88247 0
    endloop
  endfacet
  facet normal 0 0 -1
    outer loop
      vertex 47.0731 -11.0406 0
      vertex 32.9269 -11.0406 0
      vertex 33.7533 -9.99235 0
    endloop
  endfacet
  facet normal 0 0 -1
    outer loop
      vertex 25.2533 -16.168 0
      vertex 54.7467 -16.168 0
      vertex 56.0314 -16.5303 0
    endloop
  endfacet
  facet normal 0 0 -1
    outer loop
      vertex 47.9792 -12.0208 0
      vertex 32.0208 -12.0208 0
      vertex 32.9269 -11.0406 0
    endloop
  endfacet
  facet normal 0 0 -1
    outer loop
      vertex 23.9686 -16.5303 0
      vertex 56.0314 -16.5303 0
      vertex 57.3406 -16.7907 0
    endloop
  endfacet
  facet normal 0 0 -1
    outer loop
      vertex 48.9594 -12.9269 0
      vertex 31.0406 -12.9269 0
      vertex 32.0208 -12.0208 0
    endloop
  endfacet
  facet normal 0 0 -1
    outer loop
      vertex 58.6662 -16.9476 0
      vertex 21.3338 -16.9476 0
      vertex 57.3406 -16.7907 0
    endloop
  endfacet
  facet normal 0 0 -1
    outer loop
      vertex 50.0077 -13.7533 0
      vertex 29.9923 -13.7533 0
      vertex 31.0406 -12.9269 0
    endloop
  endfacet
  facet normal 0 0 -1
    outer loop
      vertex 51.1175 -14.4949 0
      vertex 28.8825 -14.4949 0
      vertex 29.9923 -13.7533 0
    endloop
  endfacet
  facet normal 0 0 -1
    outer loop
      vertex 52.2822 -15.1471 0
      vertex 27.7178 -15.1471 0
      vertex 28.8825 -14.4949 0
    endloop
  endfacet
  facet normal 0 0 -1
    outer loop
      vertex 53.4944 -15.706 0
      vertex 26.5056 -15.706 0
      vertex 27.7178 -15.1471 0
    endloop
  endfacet
  facet normal 0 0 -1
    outer loop
      vertex 54.7467 -16.168 0
      vertex 25.2533 -16.168 0
      vertex 26.5056 -15.706 0
    endloop
  endfacet
  facet normal 0 0 -1
    outer loop
      vertex 56.0314 -16.5303 0
      vertex 23.9686 -16.5303 0
      vertex 25.2533 -16.168 0
    endloop
  endfacet
  facet normal 0 0 -1
    outer loop
      vertex 57.3406 -16.7907 0
      vertex 22.6594 -16.7907 0
      vertex 23.9686 -16.5303 0
    endloop
  endfacet
  facet normal -0 0 -1
    outer loop
      vertex 57.3406 -16.7907 0
      vertex 21.3338 -16.9476 0
      vertex 22.6594 -16.7907 0
    endloop
  endfacet
  facet normal 0 0 -1
    outer loop
      vertex 87 -22 0
      vertex 20 -17 0
      vertex 21.3338 -16.9476 0
    endloop
  endfacet
  facet normal 0 0 -1
    outer loop
      vertex -20 -17 0
      vertex 20 -17 0
      vertex 87 -22 0
    endloop
  endfacet
  facet normal 0 0 -1
    outer loop
      vertex 3.05241 -1.3338 0
      vertex -3 0 0
      vertex 3 0 0
    endloop
  endfacet
  facet normal 0 0 -1
    outer loop
      vertex -3.05241 -1.3338 0
      vertex 3.05241 -1.3338 0
      vertex 3.2093 -2.65939 0
    endloop
  endfacet
  facet normal 0 0 -1
    outer loop
      vertex -3.2093 -2.65939 0
      vertex 3.2093 -2.65939 0
      vertex 3.46971 -3.96857 0
    endloop
  endfacet
  facet normal 0 0 -1
    outer loop
      vertex -3.46971 -3.96857 0
      vertex 3.46971 -3.96857 0
      vertex 3.83204 -5.25329 0
    endloop
  endfacet
  facet normal 0 0 -1
    outer loop
      vertex -3.83204 -5.25329 0
      vertex 3.83204 -5.25329 0
      vertex 4.29405 -6.50562 0
    endloop
  endfacet
  facet normal 0 0 -1
    outer loop
      vertex -4.29405 -6.50562 0
      vertex 4.29405 -6.50562 0
      vertex 4.85289 -7.71784 0
    endloop
  endfacet
  facet normal 0 0 -1
    outer loop
      vertex -4.85289 -7.71784 0
      vertex 4.85289 -7.71784 0
      vertex 5.50512 -8.88247 0
    endloop
  endfacet
  facet normal 0 0 -1
    outer loop
      vertex -5.50512 -8.88247 0
      vertex 5.50512 -8.88247 0
      vertex 6.24671 -9.99235 0
    endloop
  endfacet
  facet normal 0 0 -1
    outer loop
      vertex -6.24671 -9.99235 0
      vertex 6.24671 -9.99235 0
      vertex 7.0731 -11.0406 0
    endloop
  endfacet
  facet normal 0 0 -1
    outer loop
      vertex 3.05241 -1.3338 0
      vertex -3.05241 -1.3338 0
      vertex -3 0 0
    endloop
  endfacet
  facet normal 0 0 -1
    outer loop
      vertex -7.0731 -11.0406 0
      vertex 7.0731 -11.0406 0
      vertex 7.97919 -12.0208 0
    endloop
  endfacet
  facet normal 0 0 -1
    outer loop
      vertex 3.2093 -2.65939 0
      vertex -3.2093 -2.65939 0
      vertex -3.05241 -1.3338 0
    endloop
  endfacet
  facet normal 0 0 -1
    outer loop
      vertex -7.97919 -12.0208 0
      vertex 7.97919 -12.0208 0
      vertex 8.95938 -12.9269 0
    endloop
  endfacet
  facet normal 0 0 -1
    outer loop
      vertex 3.46971 -3.96857 0
      vertex -3.46971 -3.96857 0
      vertex -3.2093 -2.65939 0
    endloop
  endfacet
  facet normal 0 0 -1
    outer loop
      vertex -8.95938 -12.9269 0
      vertex 8.95938 -12.9269 0
      vertex 10.0077 -13.7533 0
    endloop
  endfacet
  facet normal 0 0 -1
    outer loop
      vertex 3.83204 -5.25329 0
      vertex -3.83204 -5.25329 0
      vertex -3.46971 -3.96857 0
    endloop
  endfacet
  facet normal 0 0 -1
    outer loop
      vertex -10.0077 -13.7533 0
      vertex 10.0077 -13.7533 0
      vertex 11.1175 -14.4949 0
    endloop
  endfacet
  facet normal 0 0 -1
    outer loop
      vertex 4.29405 -6.50562 0
      vertex -4.29405 -6.50562 0
      vertex -3.83204 -5.25329 0
    endloop
  endfacet
  facet normal 0 0 -1
    outer loop
      vertex -11.1175 -14.4949 0
      vertex 11.1175 -14.4949 0
      vertex 12.2822 -15.1471 0
    endloop
  endfacet
  facet normal 0 0 -1
    outer loop
      vertex 4.85289 -7.71784 0
      vertex -4.85289 -7.71784 0
      vertex -4.29405 -6.50562 0
    endloop
  endfacet
  facet normal 0 0 -1
    outer loop
      vertex -12.2822 -15.1471 0
      vertex 12.2822 -15.1471 0
      vertex 13.4944 -15.706 0
    endloop
  endfacet
  facet normal 0 0 -1
    outer loop
      vertex 5.50512 -8.88247 0
      vertex -5.50512 -8.88247 0
      vertex -4.85289 -7.71784 0
    endloop
  endfacet
  facet normal 0 0 -1
    outer loop
      vertex -13.4944 -15.706 0
      vertex 13.4944 -15.706 0
      vertex 14.7467 -16.168 0
    endloop
  endfacet
  facet normal 0 0 -1
    outer loop
      vertex 6.24671 -9.99235 0
      vertex -6.24671 -9.99235 0
      vertex -5.50512 -8.88247 0
    endloop
  endfacet
  facet normal 0 0 -1
    outer loop
      vertex 7.0731 -11.0406 0
      vertex -7.0731 -11.0406 0
      vertex -6.24671 -9.99235 0
    endloop
  endfacet
  facet normal 0 0 -1
    outer loop
      vertex -14.7467 -16.168 0
      vertex 14.7467 -16.168 0
      vertex 16.0314 -16.5303 0
    endloop
  endfacet
  facet normal 0 0 -1
    outer loop
      vertex 7.97919 -12.0208 0
      vertex -7.97919 -12.0208 0
      vertex -7.0731 -11.0406 0
    endloop
  endfacet
  facet normal 0 0 -1
    outer loop
      vertex -16.0314 -16.5303 0
      vertex 16.0314 -16.5303 0
      vertex 17.3406 -16.7907 0
    endloop
  endfacet
  facet normal 0 0 -1
    outer loop
      vertex 8.95938 -12.9269 0
      vertex -8.95938 -12.9269 0
      vertex -7.97919 -12.0208 0
    endloop
  endfacet
  facet normal 0 0 -1
    outer loop
      vertex 10.0077 -13.7533 0
      vertex -10.0077 -13.7533 0
      vertex -8.95938 -12.9269 0
    endloop
  endfacet
  facet normal 0 0 -1
    outer loop
      vertex -17.3406 -16.7907 0
      vertex 17.3406 -16.7907 0
      vertex 18.6662 -16.9476 0
    endloop
  endfacet
  facet normal 0 0 -1
    outer loop
      vertex 11.1175 -14.4949 0
      vertex -11.1175 -14.4949 0
      vertex -10.0077 -13.7533 0
    endloop
  endfacet
  facet normal 0 0 -1
    outer loop
      vertex 12.2822 -15.1471 0
      vertex -12.2822 -15.1471 0
      vertex -11.1175 -14.4949 0
    endloop
  endfacet
  facet normal 0 0 -1
    outer loop
      vertex 20 -17 0
      vertex -20 -17 0
      vertex 18.6662 -16.9476 0
    endloop
  endfacet
  facet normal 0 0 -1
    outer loop
      vertex 13.4944 -15.706 0
      vertex -13.4944 -15.706 0
      vertex -12.2822 -15.1471 0
    endloop
  endfacet
  facet normal 0 0 -1
    outer loop
      vertex 14.7467 -16.168 0
      vertex -14.7467 -16.168 0
      vertex -13.4944 -15.706 0
    endloop
  endfacet
  facet normal 0 0 -1
    outer loop
      vertex 16.0314 -16.5303 0
      vertex -16.0314 -16.5303 0
      vertex -14.7467 -16.168 0
    endloop
  endfacet
  facet normal 0 0 -1
    outer loop
      vertex 17.3406 -16.7907 0
      vertex -17.3406 -16.7907 0
      vertex -16.0314 -16.5303 0
    endloop
  endfacet
  facet normal 0 0 -1
    outer loop
      vertex 18.6662 -16.9476 0
      vertex -18.6662 -16.9476 0
      vertex -17.3406 -16.7907 0
    endloop
  endfacet
  facet normal -0 0 -1
    outer loop
      vertex 18.6662 -16.9476 0
      vertex -20 -17 0
      vertex -18.6662 -16.9476 0
    endloop
  endfacet
  facet normal 0 0 -1
    outer loop
      vertex -87 -22 0
      vertex -20 -17 0
      vertex 87 -22 0
    endloop
  endfacet
  facet normal 0 0 -1
    outer loop
      vertex -36.9476 -1.3338 0
      vertex -43 0 0
      vertex -37 0 0
    endloop
  endfacet
  facet normal 0 0 -1
    outer loop
      vertex -43.0524 -1.3338 0
      vertex -36.9476 -1.3338 0
      vertex -36.7907 -2.65939 0
    endloop
  endfacet
  facet normal 0 0 -1
    outer loop
      vertex -43.2093 -2.65939 0
      vertex -36.7907 -2.65939 0
      vertex -36.5303 -3.96857 0
    endloop
  endfacet
  facet normal 0 0 -1
    outer loop
      vertex -43.4697 -3.96857 0
      vertex -36.5303 -3.96857 0
      vertex -36.168 -5.25329 0
    endloop
  endfacet
  facet normal 0 0 -1
    outer loop
      vertex -43.832 -5.25329 0
      vertex -36.168 -5.25329 0
      vertex -35.706 -6.50562 0
    endloop
  endfacet
  facet normal 0 0 -1
    outer loop
      vertex -44.294 -6.50562 0
      vertex -35.706 -6.50562 0
      vertex -35.1471 -7.71784 0
    endloop
  endfacet
  facet normal 0 0 -1
    outer loop
      vertex -44.8529 -7.71784 0
      vertex -35.1471 -7.71784 0
      vertex -34.4949 -8.88247 0
    endloop
  endfacet
  facet normal 0 0 -1
    outer loop
      vertex -45.5051 -8.88247 0
      vertex -34.4949 -8.88247 0
      vertex -33.7533 -9.99235 0
    endloop
  endfacet
  facet normal 0 0 -1
    outer loop
      vertex -46.2467 -9.99235 0
      vertex -33.7533 -9.99235 0
      vertex -32.9269 -11.0406 0
    endloop
  endfacet
  facet normal 0 0 -1
    outer loop
      vertex -36.9476 -1.3338 0
      vertex -43.0524 -1.3338 0
      vertex -43 0 0
    endloop
  endfacet
  facet normal 0 0 -1
    outer loop
      vertex -47.0731 -11.0406 0
      vertex -32.9269 -11.0406 0
      vertex -32.0208 -12.0208 0
    endloop
  endfacet
  facet normal 0 0 -1
    outer loop
      vertex -36.7907 -2.65939 0
      vertex -43.2093 -2.65939 0
      vertex -43.0524 -1.3338 0
    endloop
  endfacet
  facet normal 0 0 -1
    outer loop
      vertex -47.9792 -12.0208 0
      vertex -32.0208 -12.0208 0
      vertex -31.0406 -12.9269 0
    endloop
  endfacet
  facet normal 0 0 -1
    outer loop
      vertex -36.5303 -3.96857 0
      vertex -43.4697 -3.96857 0
      vertex -43.2093 -2.65939 0
    endloop
  endfacet
  facet normal 0 0 -1
    outer loop
      vertex -48.9594 -12.9269 0
      vertex -31.0406 -12.9269 0
      vertex -29.9923 -13.7533 0
    endloop
  endfacet
  facet normal 0 0 -1
    outer loop
      vertex -36.168 -5.25329 0
      vertex -43.832 -5.25329 0
      vertex -43.4697 -3.96857 0
    endloop
  endfacet
  facet normal 0 0 -1
    outer loop
      vertex -50.0077 -13.7533 0
      vertex -29.9923 -13.7533 0
      vertex -28.8825 -14.4949 0
    endloop
  endfacet
  facet normal 0 0 -1
    outer loop
      vertex -35.706 -6.50562 0
      vertex -44.294 -6.50562 0
      vertex -43.832 -5.25329 0
    endloop
  endfacet
  facet normal 0 0 -1
    outer loop
      vertex -51.1175 -14.4949 0
      vertex -28.8825 -14.4949 0
      vertex -27.7178 -15.1471 0
    endloop
  endfacet
  facet normal 0 0 -1
    outer loop
      vertex -35.1471 -7.71784 0
      vertex -44.8529 -7.71784 0
      vertex -44.294 -6.50562 0
    endloop
  endfacet
  facet normal 0 0 -1
    outer loop
      vertex -52.2822 -15.1471 0
      vertex -27.7178 -15.1471 0
      vertex -26.5056 -15.706 0
    endloop
  endfacet
  facet normal 0 0 -1
    outer loop
      vertex -34.4949 -8.88247 0
      vertex -45.5051 -8.88247 0
      vertex -44.8529 -7.71784 0
    endloop
  endfacet
  facet normal 0 0 -1
    outer loop
      vertex -53.4944 -15.706 0
      vertex -26.5056 -15.706 0
      vertex -25.2533 -16.168 0
    endloop
  endfacet
  facet normal 0 0 -1
    outer loop
      vertex -33.7533 -9.99235 0
      vertex -46.2467 -9.99235 0
      vertex -45.5051 -8.88247 0
    endloop
  endfacet
  facet normal 0 0 -1
    outer loop
      vertex -32.9269 -11.0406 0
      vertex -47.0731 -11.0406 0
      vertex -46.2467 -9.99235 0
    endloop
  endfacet
  facet normal 0 0 -1
    outer loop
      vertex -54.7467 -16.168 0
      vertex -25.2533 -16.168 0
      vertex -23.9686 -16.5303 0
    endloop
  endfacet
  facet normal 0 0 -1
    outer loop
      vertex -32.0208 -12.0208 0
      vertex -47.9792 -12.0208 0
      vertex -47.0731 -11.0406 0
    endloop
  endfacet
  facet normal 0 0 -1
    outer loop
      vertex -56.0314 -16.5303 0
      vertex -23.9686 -16.5303 0
      vertex -22.6594 -16.7907 0
    endloop
  endfacet
  facet normal 0 0 -1
    outer loop
      vertex -31.0406 -12.9269 0
      vertex -48.9594 -12.9269 0
      vertex -47.9792 -12.0208 0
    endloop
  endfacet
  facet normal 0 0 -1
    outer loop
      vertex -29.9923 -13.7533 0
      vertex -50.0077 -13.7533 0
      vertex -48.9594 -12.9269 0
    endloop
  endfacet
  facet normal 0 0 -1
    outer loop
      vertex -57.3406 -16.7907 0
      vertex -22.6594 -16.7907 0
      vertex -21.3338 -16.9476 0
    endloop
  endfacet
  facet normal 0 0 -1
    outer loop
      vertex -28.8825 -14.4949 0
      vertex -51.1175 -14.4949 0
      vertex -50.0077 -13.7533 0
    endloop
  endfacet
  facet normal 0 0 -1
    outer loop
      vertex -27.7178 -15.1471 0
      vertex -52.2822 -15.1471 0
      vertex -51.1175 -14.4949 0
    endloop
  endfacet
  facet normal 0 0 -1
    outer loop
      vertex -26.5056 -15.706 0
      vertex -53.4944 -15.706 0
      vertex -52.2822 -15.1471 0
    endloop
  endfacet
  facet normal -0 0 -1
    outer loop
      vertex -20 -17 0
      vertex -87 -22 0
      vertex -21.3338 -16.9476 0
    endloop
  endfacet
  facet normal 0 0 -1
    outer loop
      vertex -25.2533 -16.168 0
      vertex -54.7467 -16.168 0
      vertex -53.4944 -15.706 0
    endloop
  endfacet
  facet normal 0 0 -1
    outer loop
      vertex -23.9686 -16.5303 0
      vertex -56.0314 -16.5303 0
      vertex -54.7467 -16.168 0
    endloop
  endfacet
  facet normal 0 0 -1
    outer loop
      vertex -22.6594 -16.7907 0
      vertex -57.3406 -16.7907 0
      vertex -56.0314 -16.5303 0
    endloop
  endfacet
  facet normal 0 -0 -1
    outer loop
      vertex -58.6662 -16.9476 0
      vertex -21.3338 -16.9476 0
      vertex -87 -22 0
    endloop
  endfacet
  facet normal 0 0 -1
    outer loop
      vertex -21.3338 -16.9476 0
      vertex -58.6662 -16.9476 0
      vertex -57.3406 -16.7907 0
    endloop
  endfacet
  facet normal 0 0 -1
    outer loop
      vertex -80.6552 -12.5631 0
      vertex -74.4949 -8.88247 0
      vertex -80.5497 -12.7515 0
    endloop
  endfacet
  facet normal 0 0 -1
    outer loop
      vertex -80.5497 -12.7515 0
      vertex -74.4949 -8.88247 0
      vertex -80.4593 -12.9476 0
    endloop
  endfacet
  facet normal -0 0 -1
    outer loop
      vertex -73.7533 -9.99235 0
      vertex -80.4593 -12.9476 0
      vertex -74.4949 -8.88247 0
    endloop
  endfacet
  facet normal 0 0 -1
    outer loop
      vertex -80.4593 -12.9476 0
      vertex -73.7533 -9.99235 0
      vertex -80.3846 -13.1502 0
    endloop
  endfacet
  facet normal 0 0 -1
    outer loop
      vertex -80.3846 -13.1502 0
      vertex -73.7533 -9.99235 0
      vertex -80.326 -13.358 0
    endloop
  endfacet
  facet normal 0 0 -1
    outer loop
      vertex -80.326 -13.358 0
      vertex -73.7533 -9.99235 0
      vertex -80.2839 -13.5698 0
    endloop
  endfacet
  facet normal -0 0 -1
    outer loop
      vertex -72.9269 -11.0406 0
      vertex -80.2839 -13.5698 0
      vertex -73.7533 -9.99235 0
    endloop
  endfacet
  facet normal 0 0 -1
    outer loop
      vertex -80.2839 -13.5698 0
      vertex -72.9269 -11.0406 0
      vertex -80.2585 -13.7842 0
    endloop
  endfacet
  facet normal 0 0 -1
    outer loop
      vertex -80.2585 -13.7842 0
      vertex -72.9269 -11.0406 0
      vertex -80.25 -14 0
    endloop
  endfacet
  facet normal 0 0 -1
    outer loop
      vertex -80.2585 -14.2158 0
      vertex -72.9269 -11.0406 0
      vertex -72.0208 -12.0208 0
    endloop
  endfacet
  facet normal 0 0 -1
    outer loop
      vertex -80.3846 -14.8498 0
      vertex -72.0208 -12.0208 0
      vertex -71.0406 -12.9269 0
    endloop
  endfacet
  facet normal 0 0 -1
    outer loop
      vertex -80.5497 -15.2485 0
      vertex -71.0406 -12.9269 0
      vertex -69.9923 -13.7533 0
    endloop
  endfacet
  facet normal 0 0 -1
    outer loop
      vertex -80.9089 -15.786 0
      vertex -69.9923 -13.7533 0
      vertex -68.8825 -14.4949 0
    endloop
  endfacet
  facet normal 0 0 -1
    outer loop
      vertex -81.214 -16.0911 0
      vertex -68.8825 -14.4949 0
      vertex -67.7178 -15.1471 0
    endloop
  endfacet
  facet normal 0 0 -1
    outer loop
      vertex -81.5631 -16.3448 0
      vertex -67.7178 -15.1471 0
      vertex -66.5056 -15.706 0
    endloop
  endfacet
  facet normal 0 0 -1
    outer loop
      vertex -87 -22 0
      vertex -66.5056 -15.706 0
      vertex -65.2533 -16.168 0
    endloop
  endfacet
  facet normal 0 0 -1
    outer loop
      vertex -87 -22 0
      vertex -65.2533 -16.168 0
      vertex -63.9686 -16.5303 0
    endloop
  endfacet
  facet normal 0 0 -1
    outer loop
      vertex -87 -22 0
      vertex -63.9686 -16.5303 0
      vertex -62.6594 -16.7907 0
    endloop
  endfacet
  facet normal 0 0 -1
    outer loop
      vertex -72.9269 -11.0406 0
      vertex -80.2585 -14.2158 0
      vertex -80.25 -14 0
    endloop
  endfacet
  facet normal 0 0 -1
    outer loop
      vertex -72.0208 -12.0208 0
      vertex -80.2839 -14.4302 0
      vertex -80.2585 -14.2158 0
    endloop
  endfacet
  facet normal 0 0 -1
    outer loop
      vertex -72.0208 -12.0208 0
      vertex -80.326 -14.642 0
      vertex -80.2839 -14.4302 0
    endloop
  endfacet
  facet normal 0 0 -1
    outer loop
      vertex -72.0208 -12.0208 0
      vertex -80.3846 -14.8498 0
      vertex -80.326 -14.642 0
    endloop
  endfacet
  facet normal 0 0 -1
    outer loop
      vertex -87 -22 0
      vertex -62.6594 -16.7907 0
      vertex -61.3338 -16.9476 0
    endloop
  endfacet
  facet normal 0 0 -1
    outer loop
      vertex -71.0406 -12.9269 0
      vertex -80.4593 -15.0524 0
      vertex -80.3846 -14.8498 0
    endloop
  endfacet
  facet normal 0 0 -1
    outer loop
      vertex -71.0406 -12.9269 0
      vertex -80.5497 -15.2485 0
      vertex -80.4593 -15.0524 0
    endloop
  endfacet
  facet normal 0 0 -1
    outer loop
      vertex -69.9923 -13.7533 0
      vertex -80.6552 -15.4369 0
      vertex -80.5497 -15.2485 0
    endloop
  endfacet
  facet normal 0 0 -1
    outer loop
      vertex -69.9923 -13.7533 0
      vertex -80.7752 -15.6164 0
      vertex -80.6552 -15.4369 0
    endloop
  endfacet
  facet normal 0 0 -1
    outer loop
      vertex -69.9923 -13.7533 0
      vertex -80.9089 -15.786 0
      vertex -80.7752 -15.6164 0
    endloop
  endfacet
  facet normal 0 0 -1
    outer loop
      vertex -68.8825 -14.4949 0
      vertex -81.0555 -15.9445 0
      vertex -80.9089 -15.786 0
    endloop
  endfacet
  facet normal 0 0 -1
    outer loop
      vertex -68.8825 -14.4949 0
      vertex -81.214 -16.0911 0
      vertex -81.0555 -15.9445 0
    endloop
  endfacet
  facet normal 0 0 -1
    outer loop
      vertex -67.7178 -15.1471 0
      vertex -81.3836 -16.2248 0
      vertex -81.214 -16.0911 0
    endloop
  endfacet
  facet normal 0 0 -1
    outer loop
      vertex -87 -22 0
      vertex -61.3338 -16.9476 0
      vertex -60 -17 0
    endloop
  endfacet
  facet normal 0 0 -1
    outer loop
      vertex -67.7178 -15.1471 0
      vertex -81.5631 -16.3448 0
      vertex -81.3836 -16.2248 0
    endloop
  endfacet
  facet normal 0 0 -1
    outer loop
      vertex -58.6662 -16.9476 0
      vertex -87 -22 0
      vertex -60 -17 0
    endloop
  endfacet
  facet normal 0 0 -1
    outer loop
      vertex -66.5056 -15.706 0
      vertex -87 -22 0
      vertex -81.5631 -16.3448 0
    endloop
  endfacet
  facet normal 0 0 -1
    outer loop
      vertex -81.5631 -16.3448 0
      vertex -87 -22 0
      vertex -81.7515 -16.4503 0
    endloop
  endfacet
  facet normal 0 0 -1
    outer loop
      vertex -81.7515 -16.4503 0
      vertex -87 -22 0
      vertex -81.9476 -16.5407 0
    endloop
  endfacet
  facet normal 0 0 -1
    outer loop
      vertex -81.9476 -16.5407 0
      vertex -87 -22 0
      vertex -82.1502 -16.6154 0
    endloop
  endfacet
  facet normal 0 0 -1
    outer loop
      vertex -82.1502 -16.6154 0
      vertex -87 -22 0
      vertex -82.358 -16.674 0
    endloop
  endfacet
  facet normal 0 0 -1
    outer loop
      vertex -82.358 -16.674 0
      vertex -87 -22 0
      vertex -82.5698 -16.7161 0
    endloop
  endfacet
  facet normal 0 0 -1
    outer loop
      vertex -82.5698 -16.7161 0
      vertex -87 -22 0
      vertex -82.7842 -16.7415 0
    endloop
  endfacet
  facet normal -0 0 -1
    outer loop
      vertex -85.7415 -14.2158 0
      vertex -90 -19 0
      vertex -85.75 -14 0
    endloop
  endfacet
  facet normal -0 0 -1
    outer loop
      vertex -85.7161 -14.4302 0
      vertex -90 -19 0
      vertex -85.7415 -14.2158 0
    endloop
  endfacet
  facet normal -0 0 -1
    outer loop
      vertex -85.674 -14.642 0
      vertex -90 -19 0
      vertex -85.7161 -14.4302 0
    endloop
  endfacet
  facet normal -0 0 -1
    outer loop
      vertex -85.6154 -14.8498 0
      vertex -90 -19 0
      vertex -85.674 -14.642 0
    endloop
  endfacet
  facet normal -0 0 -1
    outer loop
      vertex -85.5407 -15.0524 0
      vertex -90 -19 0
      vertex -85.6154 -14.8498 0
    endloop
  endfacet
  facet normal -0 0 -1
    outer loop
      vertex -85.4503 -15.2485 0
      vertex -90 -19 0
      vertex -85.5407 -15.0524 0
    endloop
  endfacet
  facet normal -0 0 -1
    outer loop
      vertex -85.3448 -15.4369 0
      vertex -90 -19 0
      vertex -85.4503 -15.2485 0
    endloop
  endfacet
  facet normal -0 0 -1
    outer loop
      vertex -85.2248 -15.6164 0
      vertex -90 -19 0
      vertex -85.3448 -15.4369 0
    endloop
  endfacet
  facet normal -0 0 -1
    outer loop
      vertex -85.0911 -15.786 0
      vertex -90 -19 0
      vertex -85.2248 -15.6164 0
    endloop
  endfacet
  facet normal -0 0 -1
    outer loop
      vertex -84.9445 -15.9445 0
      vertex -90 -19 0
      vertex -85.0911 -15.786 0
    endloop
  endfacet
  facet normal -0 0 -1
    outer loop
      vertex -84.786 -16.0911 0
      vertex -90 -19 0
      vertex -84.9445 -15.9445 0
    endloop
  endfacet
  facet normal 0 0 -1
    outer loop
      vertex -90 -19 0
      vertex -84.786 -16.0911 0
      vertex -87 -22 0
    endloop
  endfacet
  facet normal -0 0 -1
    outer loop
      vertex -84.6164 -16.2248 0
      vertex -87 -22 0
      vertex -84.786 -16.0911 0
    endloop
  endfacet
  facet normal -0 0 -1
    outer loop
      vertex -84.4369 -16.3448 0
      vertex -87 -22 0
      vertex -84.6164 -16.2248 0
    endloop
  endfacet
  facet normal -0 0 -1
    outer loop
      vertex -84.2485 -16.4503 0
      vertex -87 -22 0
      vertex -84.4369 -16.3448 0
    endloop
  endfacet
  facet normal -0 0 -1
    outer loop
      vertex -84.0524 -16.5407 0
      vertex -87 -22 0
      vertex -84.2485 -16.4503 0
    endloop
  endfacet
  facet normal -0 0 -1
    outer loop
      vertex -83.8498 -16.6154 0
      vertex -87 -22 0
      vertex -84.0524 -16.5407 0
    endloop
  endfacet
  facet normal -0 0 -1
    outer loop
      vertex -83.642 -16.674 0
      vertex -87 -22 0
      vertex -83.8498 -16.6154 0
    endloop
  endfacet
  facet normal -0 0 -1
    outer loop
      vertex -83.4302 -16.7161 0
      vertex -87 -22 0
      vertex -83.642 -16.674 0
    endloop
  endfacet
  facet normal -0 0 -1
    outer loop
      vertex -83.2158 -16.7415 0
      vertex -87 -22 0
      vertex -83.4302 -16.7161 0
    endloop
  endfacet
  facet normal -0 0 -1
    outer loop
      vertex -83 -16.75 0
      vertex -87 -22 0
      vertex -83.2158 -16.7415 0
    endloop
  endfacet
  facet normal 0 0 -1
    outer loop
      vertex -82.7842 -16.7415 0
      vertex -87 -22 0
      vertex -83 -16.75 0
    endloop
  endfacet
  facet normal -0 0 -1
    outer loop
      vertex 89.427 20.7634 0
      vertex 84.786 16.0911 0
      vertex 89.2812 20.9483 0
    endloop
  endfacet
  facet normal -0 0 -1
    outer loop
      vertex 89.2812 20.9483 0
      vertex 84.786 16.0911 0
      vertex 89.1213 21.1213 0
    endloop
  endfacet
  facet normal -0 0 -1
    outer loop
      vertex 89.1213 21.1213 0
      vertex 84.786 16.0911 0
      vertex 88.9483 21.2812 0
    endloop
  endfacet
  facet normal -0 0 -1
    outer loop
      vertex 88.9483 21.2812 0
      vertex 84.786 16.0911 0
      vertex 88.7634 21.427 0
    endloop
  endfacet
  facet normal -0 0 -1
    outer loop
      vertex 88.7634 21.427 0
      vertex 84.786 16.0911 0
      vertex 88.5675 21.5579 0
    endloop
  endfacet
  facet normal -0 0 -1
    outer loop
      vertex 88.5675 21.5579 0
      vertex 84.786 16.0911 0
      vertex 88.362 21.673 0
    endloop
  endfacet
  facet normal -0 0 -1
    outer loop
      vertex 88.362 21.673 0
      vertex 84.786 16.0911 0
      vertex 88.1481 21.7716 0
    endloop
  endfacet
  facet normal -0 0 -1
    outer loop
      vertex 88.1481 21.7716 0
      vertex 84.786 16.0911 0
      vertex 87.927 21.8532 0
    endloop
  endfacet
  facet normal -0 0 -1
    outer loop
      vertex 87.927 21.8532 0
      vertex 84.786 16.0911 0
      vertex 87.7003 21.9171 0
    endloop
  endfacet
  facet normal -0 0 -1
    outer loop
      vertex 87.7003 21.9171 0
      vertex 84.786 16.0911 0
      vertex 87.4693 21.9631 0
    endloop
  endfacet
  facet normal -0 0 -1
    outer loop
      vertex 87.4693 21.9631 0
      vertex 84.786 16.0911 0
      vertex 87.2354 21.9908 0
    endloop
  endfacet
  facet normal -0 0 -1
    outer loop
      vertex 87.2354 21.9908 0
      vertex 84.786 16.0911 0
      vertex 87 22 0
    endloop
  endfacet
  facet normal 0 0 -1
    outer loop
      vertex 84.6164 16.2248 0
      vertex 87 22 0
      vertex 84.786 16.0911 0
    endloop
  endfacet
  facet normal 0 0 -1
    outer loop
      vertex 84.4369 16.3448 0
      vertex 87 22 0
      vertex 84.6164 16.2248 0
    endloop
  endfacet
  facet normal 0 0 -1
    outer loop
      vertex 84.2485 16.4503 0
      vertex 87 22 0
      vertex 84.4369 16.3448 0
    endloop
  endfacet
  facet normal 0 0 -1
    outer loop
      vertex 84.0524 16.5407 0
      vertex 87 22 0
      vertex 84.2485 16.4503 0
    endloop
  endfacet
  facet normal 0 0 -1
    outer loop
      vertex 83.8498 16.6154 0
      vertex 87 22 0
      vertex 84.0524 16.5407 0
    endloop
  endfacet
  facet normal 0 0 -1
    outer loop
      vertex 83.642 16.674 0
      vertex 87 22 0
      vertex 83.8498 16.6154 0
    endloop
  endfacet
  facet normal 0 0 -1
    outer loop
      vertex 83.4302 16.7161 0
      vertex 87 22 0
      vertex 83.642 16.674 0
    endloop
  endfacet
  facet normal 0 0 -1
    outer loop
      vertex 83.2158 16.7415 0
      vertex 87 22 0
      vertex 83.4302 16.7161 0
    endloop
  endfacet
  facet normal 0 0 -1
    outer loop
      vertex 83 16.75 0
      vertex 87 22 0
      vertex 83.2158 16.7415 0
    endloop
  endfacet
  facet normal 0 0 -1
    outer loop
      vertex 82.7842 16.7415 0
      vertex 87 22 0
      vertex 83 16.75 0
    endloop
  endfacet
  facet normal 0 0 -1
    outer loop
      vertex 82.5698 16.7161 0
      vertex 87 22 0
      vertex 82.7842 16.7415 0
    endloop
  endfacet
  facet normal 0 0 -1
    outer loop
      vertex 82.358 16.674 0
      vertex 87 22 0
      vertex 82.5698 16.7161 0
    endloop
  endfacet
  facet normal 0 0 -1
    outer loop
      vertex 82.1502 16.6154 0
      vertex 87 22 0
      vertex 82.358 16.674 0
    endloop
  endfacet
  facet normal 0 0 -1
    outer loop
      vertex 81.9476 16.5407 0
      vertex 87 22 0
      vertex 82.1502 16.6154 0
    endloop
  endfacet
  facet normal 0 0 -1
    outer loop
      vertex 81.7515 16.4503 0
      vertex 87 22 0
      vertex 81.9476 16.5407 0
    endloop
  endfacet
  facet normal 0 0 -1
    outer loop
      vertex 81.5631 16.3448 0
      vertex 87 22 0
      vertex 81.7515 16.4503 0
    endloop
  endfacet
  facet normal 0 0 -1
    outer loop
      vertex 67.7178 15.1471 0
      vertex 81.5631 16.3448 0
      vertex 81.3836 16.2248 0
    endloop
  endfacet
  facet normal 0 0 -1
    outer loop
      vertex 67.7178 15.1471 0
      vertex 81.3836 16.2248 0
      vertex 81.214 16.0911 0
    endloop
  endfacet
  facet normal 0 0 -1
    outer loop
      vertex 68.8825 14.4949 0
      vertex 81.214 16.0911 0
      vertex 81.0555 15.9445 0
    endloop
  endfacet
  facet normal -0 0 -1
    outer loop
      vertex 80.6552 12.5631 0
      vertex 74.4949 8.88247 0
      vertex 80.5497 12.7515 0
    endloop
  endfacet
  facet normal -0 0 -1
    outer loop
      vertex 80.5497 12.7515 0
      vertex 74.4949 8.88247 0
      vertex 80.4593 12.9476 0
    endloop
  endfacet
  facet normal 0 0 -1
    outer loop
      vertex 73.7533 9.99235 0
      vertex 80.4593 12.9476 0
      vertex 74.4949 8.88247 0
    endloop
  endfacet
  facet normal -0 0 -1
    outer loop
      vertex 80.4593 12.9476 0
      vertex 73.7533 9.99235 0
      vertex 80.3846 13.1502 0
    endloop
  endfacet
  facet normal -0 0 -1
    outer loop
      vertex 80.3846 13.1502 0
      vertex 73.7533 9.99235 0
      vertex 80.326 13.358 0
    endloop
  endfacet
  facet normal -0 0 -1
    outer loop
      vertex 80.326 13.358 0
      vertex 73.7533 9.99235 0
      vertex 80.2839 13.5698 0
    endloop
  endfacet
  facet normal 0 0 -1
    outer loop
      vertex 72.9269 11.0406 0
      vertex 80.2839 13.5698 0
      vertex 73.7533 9.99235 0
    endloop
  endfacet
  facet normal -0 0 -1
    outer loop
      vertex 80.2839 13.5698 0
      vertex 72.9269 11.0406 0
      vertex 80.2585 13.7842 0
    endloop
  endfacet
  facet normal -0 0 -1
    outer loop
      vertex 80.2585 13.7842 0
      vertex 72.9269 11.0406 0
      vertex 80.25 14 0
    endloop
  endfacet
  facet normal -0 0 -1
    outer loop
      vertex 80.25 14 0
      vertex 72.9269 11.0406 0
      vertex 80.2585 14.2158 0
    endloop
  endfacet
  facet normal 0 0 -1
    outer loop
      vertex 72.0208 12.0208 0
      vertex 80.2585 14.2158 0
      vertex 72.9269 11.0406 0
    endloop
  endfacet
  facet normal -0 0 -1
    outer loop
      vertex 80.2585 14.2158 0
      vertex 72.0208 12.0208 0
      vertex 80.2839 14.4302 0
    endloop
  endfacet
  facet normal -0 0 -1
    outer loop
      vertex 80.2839 14.4302 0
      vertex 72.0208 12.0208 0
      vertex 80.326 14.642 0
    endloop
  endfacet
  facet normal -0 0 -1
    outer loop
      vertex 80.326 14.642 0
      vertex 72.0208 12.0208 0
      vertex 80.3846 14.8498 0
    endloop
  endfacet
  facet normal 0 0 -1
    outer loop
      vertex 71.0406 12.9269 0
      vertex 80.3846 14.8498 0
      vertex 72.0208 12.0208 0
    endloop
  endfacet
  facet normal -0 0 -1
    outer loop
      vertex 80.3846 14.8498 0
      vertex 71.0406 12.9269 0
      vertex 80.4593 15.0524 0
    endloop
  endfacet
  facet normal -0 0 -1
    outer loop
      vertex 80.4593 15.0524 0
      vertex 71.0406 12.9269 0
      vertex 80.5497 15.2485 0
    endloop
  endfacet
  facet normal -0 0 -1
    outer loop
      vertex 80.5497 15.2485 0
      vertex 71.0406 12.9269 0
      vertex 80.6552 15.4369 0
    endloop
  endfacet
  facet normal 0 0 -1
    outer loop
      vertex 69.9923 13.7533 0
      vertex 80.6552 15.4369 0
      vertex 71.0406 12.9269 0
    endloop
  endfacet
  facet normal -0 0 -1
    outer loop
      vertex 80.6552 15.4369 0
      vertex 69.9923 13.7533 0
      vertex 80.7752 15.6164 0
    endloop
  endfacet
  facet normal -0 0 -1
    outer loop
      vertex 80.7752 15.6164 0
      vertex 69.9923 13.7533 0
      vertex 80.9089 15.786 0
    endloop
  endfacet
  facet normal 0 0 -1
    outer loop
      vertex 68.8825 14.4949 0
      vertex 80.9089 15.786 0
      vertex 69.9923 13.7533 0
    endloop
  endfacet
  facet normal -0 0 -1
    outer loop
      vertex 80.9089 15.786 0
      vertex 68.8825 14.4949 0
      vertex 81.0555 15.9445 0
    endloop
  endfacet
  facet normal 0 0 -1
    outer loop
      vertex 81.214 16.0911 0
      vertex 68.8825 14.4949 0
      vertex 67.7178 15.1471 0
    endloop
  endfacet
  facet normal 0 0 -1
    outer loop
      vertex 66.5056 15.706 0
      vertex 81.5631 16.3448 0
      vertex 67.7178 15.1471 0
    endloop
  endfacet
  facet normal -0 0 -1
    outer loop
      vertex 81.5631 16.3448 0
      vertex 66.5056 15.706 0
      vertex 87 22 0
    endloop
  endfacet
  facet normal 0 0 -1
    outer loop
      vertex 65.2533 16.168 0
      vertex 87 22 0
      vertex 66.5056 15.706 0
    endloop
  endfacet
  facet normal 0 0 -1
    outer loop
      vertex 63.9686 16.5303 0
      vertex 87 22 0
      vertex 65.2533 16.168 0
    endloop
  endfacet
  facet normal 0 0 -1
    outer loop
      vertex 62.6594 16.7907 0
      vertex 87 22 0
      vertex 63.9686 16.5303 0
    endloop
  endfacet
  facet normal 0 0 -1
    outer loop
      vertex 61.3338 16.9476 0
      vertex 87 22 0
      vertex 62.6594 16.7907 0
    endloop
  endfacet
  facet normal 0 0 -1
    outer loop
      vertex 60 17 0
      vertex 87 22 0
      vertex 61.3338 16.9476 0
    endloop
  endfacet
  facet normal 0 0 -1
    outer loop
      vertex 58.6662 16.9476 0
      vertex 87 22 0
      vertex 60 17 0
    endloop
  endfacet
  facet normal 0 0 -1
    outer loop
      vertex 21.3338 16.9476 0
      vertex 58.6662 16.9476 0
      vertex 57.3406 16.7907 0
    endloop
  endfacet
  facet normal 0 0 -1
    outer loop
      vertex 37 0 0
      vertex 43.0524 1.3338 0
      vertex 43 0 0
    endloop
  endfacet
  facet normal 0 0 -1
    outer loop
      vertex 36.9476 1.3338 0
      vertex 43.0524 1.3338 0
      vertex 37 0 0
    endloop
  endfacet
  facet normal 0 0 -1
    outer loop
      vertex 43.0524 1.3338 0
      vertex 36.9476 1.3338 0
      vertex 43.2093 2.65939 0
    endloop
  endfacet
  facet normal 0 0 -1
    outer loop
      vertex 36.7907 2.65939 0
      vertex 43.2093 2.65939 0
      vertex 36.9476 1.3338 0
    endloop
  endfacet
  facet normal 0 0 -1
    outer loop
      vertex 43.2093 2.65939 0
      vertex 36.7907 2.65939 0
      vertex 43.4697 3.96857 0
    endloop
  endfacet
  facet normal 0 0 -1
    outer loop
      vertex 36.5303 3.96857 0
      vertex 43.4697 3.96857 0
      vertex 36.7907 2.65939 0
    endloop
  endfacet
  facet normal 0 0 -1
    outer loop
      vertex 43.4697 3.96857 0
      vertex 36.5303 3.96857 0
      vertex 43.832 5.25329 0
    endloop
  endfacet
  facet normal 0 0 -1
    outer loop
      vertex 36.168 5.25329 0
      vertex 43.832 5.25329 0
      vertex 36.5303 3.96857 0
    endloop
  endfacet
  facet normal 0 0 -1
    outer loop
      vertex 43.832 5.25329 0
      vertex 36.168 5.25329 0
      vertex 44.294 6.50562 0
    endloop
  endfacet
  facet normal 0 0 -1
    outer loop
      vertex 35.706 6.50562 0
      vertex 44.294 6.50562 0
      vertex 36.168 5.25329 0
    endloop
  endfacet
  facet normal 0 0 -1
    outer loop
      vertex 44.294 6.50562 0
      vertex 35.706 6.50562 0
      vertex 44.8529 7.71784 0
    endloop
  endfacet
  facet normal 0 0 -1
    outer loop
      vertex 35.1471 7.71784 0
      vertex 44.8529 7.71784 0
      vertex 35.706 6.50562 0
    endloop
  endfacet
  facet normal 0 0 -1
    outer loop
      vertex 44.8529 7.71784 0
      vertex 35.1471 7.71784 0
      vertex 45.5051 8.88247 0
    endloop
  endfacet
  facet normal 0 0 -1
    outer loop
      vertex 34.4949 8.88247 0
      vertex 45.5051 8.88247 0
      vertex 35.1471 7.71784 0
    endloop
  endfacet
  facet normal 0 0 -1
    outer loop
      vertex 45.5051 8.88247 0
      vertex 34.4949 8.88247 0
      vertex 46.2467 9.99235 0
    endloop
  endfacet
  facet normal 0 0 -1
    outer loop
      vertex 33.7533 9.99235 0
      vertex 46.2467 9.99235 0
      vertex 34.4949 8.88247 0
    endloop
  endfacet
  facet normal 0 0 -1
    outer loop
      vertex 46.2467 9.99235 0
      vertex 33.7533 9.99235 0
      vertex 47.0731 11.0406 0
    endloop
  endfacet
  facet normal 0 0 -1
    outer loop
      vertex 32.9269 11.0406 0
      vertex 47.0731 11.0406 0
      vertex 33.7533 9.99235 0
    endloop
  endfacet
  facet normal 0 0 -1
    outer loop
      vertex 47.0731 11.0406 0
      vertex 32.9269 11.0406 0
      vertex 47.9792 12.0208 0
    endloop
  endfacet
  facet normal 0 0 -1
    outer loop
      vertex 32.0208 12.0208 0
      vertex 47.9792 12.0208 0
      vertex 32.9269 11.0406 0
    endloop
  endfacet
  facet normal 0 0 -1
    outer loop
      vertex 47.9792 12.0208 0
      vertex 32.0208 12.0208 0
      vertex 48.9594 12.9269 0
    endloop
  endfacet
  facet normal 0 0 -1
    outer loop
      vertex 31.0406 12.9269 0
      vertex 48.9594 12.9269 0
      vertex 32.0208 12.0208 0
    endloop
  endfacet
  facet normal 0 0 -1
    outer loop
      vertex 48.9594 12.9269 0
      vertex 31.0406 12.9269 0
      vertex 50.0077 13.7533 0
    endloop
  endfacet
  facet normal 0 0 -1
    outer loop
      vertex 29.9923 13.7533 0
      vertex 50.0077 13.7533 0
      vertex 31.0406 12.9269 0
    endloop
  endfacet
  facet normal 0 0 -1
    outer loop
      vertex 50.0077 13.7533 0
      vertex 29.9923 13.7533 0
      vertex 51.1175 14.4949 0
    endloop
  endfacet
  facet normal 0 0 -1
    outer loop
      vertex 28.8825 14.4949 0
      vertex 51.1175 14.4949 0
      vertex 29.9923 13.7533 0
    endloop
  endfacet
  facet normal 0 0 -1
    outer loop
      vertex 51.1175 14.4949 0
      vertex 28.8825 14.4949 0
      vertex 52.2822 15.1471 0
    endloop
  endfacet
  facet normal 0 0 -1
    outer loop
      vertex 27.7178 15.1471 0
      vertex 52.2822 15.1471 0
      vertex 28.8825 14.4949 0
    endloop
  endfacet
  facet normal 0 0 -1
    outer loop
      vertex 52.2822 15.1471 0
      vertex 27.7178 15.1471 0
      vertex 53.4944 15.706 0
    endloop
  endfacet
  facet normal 0 0 -1
    outer loop
      vertex 26.5056 15.706 0
      vertex 53.4944 15.706 0
      vertex 27.7178 15.1471 0
    endloop
  endfacet
  facet normal 0 0 -1
    outer loop
      vertex 53.4944 15.706 0
      vertex 26.5056 15.706 0
      vertex 54.7467 16.168 0
    endloop
  endfacet
  facet normal 0 0 -1
    outer loop
      vertex 25.2533 16.168 0
      vertex 54.7467 16.168 0
      vertex 26.5056 15.706 0
    endloop
  endfacet
  facet normal 0 0 -1
    outer loop
      vertex 54.7467 16.168 0
      vertex 25.2533 16.168 0
      vertex 56.0314 16.5303 0
    endloop
  endfacet
  facet normal 0 0 -1
    outer loop
      vertex 23.9686 16.5303 0
      vertex 56.0314 16.5303 0
      vertex 25.2533 16.168 0
    endloop
  endfacet
  facet normal 0 0 -1
    outer loop
      vertex 56.0314 16.5303 0
      vertex 23.9686 16.5303 0
      vertex 57.3406 16.7907 0
    endloop
  endfacet
  facet normal 0 0 -1
    outer loop
      vertex 22.6594 16.7907 0
      vertex 57.3406 16.7907 0
      vertex 23.9686 16.5303 0
    endloop
  endfacet
  facet normal 0 0 -1
    outer loop
      vertex 21.3338 16.9476 0
      vertex 57.3406 16.7907 0
      vertex 22.6594 16.7907 0
    endloop
  endfacet
  facet normal 0 0 -1
    outer loop
      vertex 58.6662 16.9476 0
      vertex 21.3338 16.9476 0
      vertex 87 22 0
    endloop
  endfacet
  facet normal 0 0 -1
    outer loop
      vertex 20 17 0
      vertex 87 22 0
      vertex 21.3338 16.9476 0
    endloop
  endfacet
  facet normal 0 0 -1
    outer loop
      vertex -20 17 0
      vertex 20 17 0
      vertex 18.6662 16.9476 0
    endloop
  endfacet
  facet normal 0 0 -1
    outer loop
      vertex -3 0 0
      vertex 3.05241 1.3338 0
      vertex 3 0 0
    endloop
  endfacet
  facet normal 0 0 -1
    outer loop
      vertex -3.05241 1.3338 0
      vertex 3.05241 1.3338 0
      vertex -3 0 0
    endloop
  endfacet
  facet normal 0 0 -1
    outer loop
      vertex 3.05241 1.3338 0
      vertex -3.05241 1.3338 0
      vertex 3.2093 2.65939 0
    endloop
  endfacet
  facet normal 0 0 -1
    outer loop
      vertex -3.2093 2.65939 0
      vertex 3.2093 2.65939 0
      vertex -3.05241 1.3338 0
    endloop
  endfacet
  facet normal 0 0 -1
    outer loop
      vertex 3.2093 2.65939 0
      vertex -3.2093 2.65939 0
      vertex 3.46971 3.96857 0
    endloop
  endfacet
  facet normal 0 0 -1
    outer loop
      vertex -3.46971 3.96857 0
      vertex 3.46971 3.96857 0
      vertex -3.2093 2.65939 0
    endloop
  endfacet
  facet normal 0 0 -1
    outer loop
      vertex 3.46971 3.96857 0
      vertex -3.46971 3.96857 0
      vertex 3.83204 5.25329 0
    endloop
  endfacet
  facet normal 0 0 -1
    outer loop
      vertex -3.83204 5.25329 0
      vertex 3.83204 5.25329 0
      vertex -3.46971 3.96857 0
    endloop
  endfacet
  facet normal 0 0 -1
    outer loop
      vertex 3.83204 5.25329 0
      vertex -3.83204 5.25329 0
      vertex 4.29405 6.50562 0
    endloop
  endfacet
  facet normal 0 0 -1
    outer loop
      vertex -4.29405 6.50562 0
      vertex 4.29405 6.50562 0
      vertex -3.83204 5.25329 0
    endloop
  endfacet
  facet normal 0 0 -1
    outer loop
      vertex 4.29405 6.50562 0
      vertex -4.29405 6.50562 0
      vertex 4.85289 7.71784 0
    endloop
  endfacet
  facet normal 0 0 -1
    outer loop
      vertex -4.85289 7.71784 0
      vertex 4.85289 7.71784 0
      vertex -4.29405 6.50562 0
    endloop
  endfacet
  facet normal 0 0 -1
    outer loop
      vertex 4.85289 7.71784 0
      vertex -4.85289 7.71784 0
      vertex 5.50512 8.88247 0
    endloop
  endfacet
  facet normal 0 0 -1
    outer loop
      vertex -5.50512 8.88247 0
      vertex 5.50512 8.88247 0
      vertex -4.85289 7.71784 0
    endloop
  endfacet
  facet normal 0 0 -1
    outer loop
      vertex 5.50512 8.88247 0
      vertex -5.50512 8.88247 0
      vertex 6.24671 9.99235 0
    endloop
  endfacet
  facet normal 0 0 -1
    outer loop
      vertex -6.24671 9.99235 0
      vertex 6.24671 9.99235 0
      vertex -5.50512 8.88247 0
    endloop
  endfacet
  facet normal 0 0 -1
    outer loop
      vertex 6.24671 9.99235 0
      vertex -6.24671 9.99235 0
      vertex 7.0731 11.0406 0
    endloop
  endfacet
  facet normal 0 0 -1
    outer loop
      vertex -7.0731 11.0406 0
      vertex 7.0731 11.0406 0
      vertex -6.24671 9.99235 0
    endloop
  endfacet
  facet normal 0 0 -1
    outer loop
      vertex 7.0731 11.0406 0
      vertex -7.0731 11.0406 0
      vertex 7.97919 12.0208 0
    endloop
  endfacet
  facet normal 0 0 -1
    outer loop
      vertex -7.97919 12.0208 0
      vertex 7.97919 12.0208 0
      vertex -7.0731 11.0406 0
    endloop
  endfacet
  facet normal 0 0 -1
    outer loop
      vertex 7.97919 12.0208 0
      vertex -7.97919 12.0208 0
      vertex 8.95938 12.9269 0
    endloop
  endfacet
  facet normal 0 0 -1
    outer loop
      vertex -8.95938 12.9269 0
      vertex 8.95938 12.9269 0
      vertex -7.97919 12.0208 0
    endloop
  endfacet
  facet normal 0 0 -1
    outer loop
      vertex 8.95938 12.9269 0
      vertex -8.95938 12.9269 0
      vertex 10.0077 13.7533 0
    endloop
  endfacet
  facet normal 0 0 -1
    outer loop
      vertex -10.0077 13.7533 0
      vertex 10.0077 13.7533 0
      vertex -8.95938 12.9269 0
    endloop
  endfacet
  facet normal 0 0 -1
    outer loop
      vertex 10.0077 13.7533 0
      vertex -10.0077 13.7533 0
      vertex 11.1175 14.4949 0
    endloop
  endfacet
  facet normal 0 0 -1
    outer loop
      vertex -11.1175 14.4949 0
      vertex 11.1175 14.4949 0
      vertex -10.0077 13.7533 0
    endloop
  endfacet
  facet normal 0 0 -1
    outer loop
      vertex 11.1175 14.4949 0
      vertex -11.1175 14.4949 0
      vertex 12.2822 15.1471 0
    endloop
  endfacet
  facet normal 0 0 -1
    outer loop
      vertex -12.2822 15.1471 0
      vertex 12.2822 15.1471 0
      vertex -11.1175 14.4949 0
    endloop
  endfacet
  facet normal 0 0 -1
    outer loop
      vertex 12.2822 15.1471 0
      vertex -12.2822 15.1471 0
      vertex 13.4944 15.706 0
    endloop
  endfacet
  facet normal 0 0 -1
    outer loop
      vertex -13.4944 15.706 0
      vertex 13.4944 15.706 0
      vertex -12.2822 15.1471 0
    endloop
  endfacet
  facet normal 0 0 -1
    outer loop
      vertex 13.4944 15.706 0
      vertex -13.4944 15.706 0
      vertex 14.7467 16.168 0
    endloop
  endfacet
  facet normal 0 0 -1
    outer loop
      vertex -14.7467 16.168 0
      vertex 14.7467 16.168 0
      vertex -13.4944 15.706 0
    endloop
  endfacet
  facet normal 0 0 -1
    outer loop
      vertex 14.7467 16.168 0
      vertex -14.7467 16.168 0
      vertex 16.0314 16.5303 0
    endloop
  endfacet
  facet normal 0 0 -1
    outer loop
      vertex -16.0314 16.5303 0
      vertex 16.0314 16.5303 0
      vertex -14.7467 16.168 0
    endloop
  endfacet
  facet normal 0 0 -1
    outer loop
      vertex 16.0314 16.5303 0
      vertex -16.0314 16.5303 0
      vertex 17.3406 16.7907 0
    endloop
  endfacet
  facet normal 0 0 -1
    outer loop
      vertex -17.3406 16.7907 0
      vertex 17.3406 16.7907 0
      vertex -16.0314 16.5303 0
    endloop
  endfacet
  facet normal 0 0 -1
    outer loop
      vertex 17.3406 16.7907 0
      vertex -17.3406 16.7907 0
      vertex 18.6662 16.9476 0
    endloop
  endfacet
  facet normal 0 0 -1
    outer loop
      vertex -18.6662 16.9476 0
      vertex 18.6662 16.9476 0
      vertex -17.3406 16.7907 0
    endloop
  endfacet
  facet normal 0 0 -1
    outer loop
      vertex -20 17 0
      vertex 18.6662 16.9476 0
      vertex -18.6662 16.9476 0
    endloop
  endfacet
  facet normal 0 0 -1
    outer loop
      vertex 20 17 0
      vertex -20 17 0
      vertex 87 22 0
    endloop
  endfacet
  facet normal 0 0 -1
    outer loop
      vertex -87 22 0
      vertex -20 17 0
      vertex -21.3338 16.9476 0
    endloop
  endfacet
  facet normal 0 0 -1
    outer loop
      vertex -43 0 0
      vertex -36.9476 1.3338 0
      vertex -37 0 0
    endloop
  endfacet
  facet normal 0 0 -1
    outer loop
      vertex -43.0524 1.3338 0
      vertex -36.9476 1.3338 0
      vertex -43 0 0
    endloop
  endfacet
  facet normal 0 0 -1
    outer loop
      vertex -36.9476 1.3338 0
      vertex -43.0524 1.3338 0
      vertex -36.7907 2.65939 0
    endloop
  endfacet
  facet normal 0 0 -1
    outer loop
      vertex -43.2093 2.65939 0
      vertex -36.7907 2.65939 0
      vertex -43.0524 1.3338 0
    endloop
  endfacet
  facet normal 0 0 -1
    outer loop
      vertex -36.7907 2.65939 0
      vertex -43.2093 2.65939 0
      vertex -36.5303 3.96857 0
    endloop
  endfacet
  facet normal 0 0 -1
    outer loop
      vertex -43.4697 3.96857 0
      vertex -36.5303 3.96857 0
      vertex -43.2093 2.65939 0
    endloop
  endfacet
  facet normal 0 0 -1
    outer loop
      vertex -36.5303 3.96857 0
      vertex -43.4697 3.96857 0
      vertex -36.168 5.25329 0
    endloop
  endfacet
  facet normal 0 0 -1
    outer loop
      vertex -43.832 5.25329 0
      vertex -36.168 5.25329 0
      vertex -43.4697 3.96857 0
    endloop
  endfacet
  facet normal 0 0 -1
    outer loop
      vertex -36.168 5.25329 0
      vertex -43.832 5.25329 0
      vertex -35.706 6.50562 0
    endloop
  endfacet
  facet normal 0 0 -1
    outer loop
      vertex -44.294 6.50562 0
      vertex -35.706 6.50562 0
      vertex -43.832 5.25329 0
    endloop
  endfacet
  facet normal 0 0 -1
    outer loop
      vertex -35.706 6.50562 0
      vertex -44.294 6.50562 0
      vertex -35.1471 7.71784 0
    endloop
  endfacet
  facet normal 0 0 -1
    outer loop
      vertex -44.8529 7.71784 0
      vertex -35.1471 7.71784 0
      vertex -44.294 6.50562 0
    endloop
  endfacet
  facet normal 0 0 -1
    outer loop
      vertex -35.1471 7.71784 0
      vertex -44.8529 7.71784 0
      vertex -34.4949 8.88247 0
    endloop
  endfacet
  facet normal 0 0 -1
    outer loop
      vertex -45.5051 8.88247 0
      vertex -34.4949 8.88247 0
      vertex -44.8529 7.71784 0
    endloop
  endfacet
  facet normal 0 0 -1
    outer loop
      vertex -34.4949 8.88247 0
      vertex -45.5051 8.88247 0
      vertex -33.7533 9.99235 0
    endloop
  endfacet
  facet normal 0 0 -1
    outer loop
      vertex -46.2467 9.99235 0
      vertex -33.7533 9.99235 0
      vertex -45.5051 8.88247 0
    endloop
  endfacet
  facet normal 0 0 -1
    outer loop
      vertex -33.7533 9.99235 0
      vertex -46.2467 9.99235 0
      vertex -32.9269 11.0406 0
    endloop
  endfacet
  facet normal 0 0 -1
    outer loop
      vertex -47.0731 11.0406 0
      vertex -32.9269 11.0406 0
      vertex -46.2467 9.99235 0
    endloop
  endfacet
  facet normal 0 0 -1
    outer loop
      vertex -32.9269 11.0406 0
      vertex -47.0731 11.0406 0
      vertex -32.0208 12.0208 0
    endloop
  endfacet
  facet normal 0 0 -1
    outer loop
      vertex -47.9792 12.0208 0
      vertex -32.0208 12.0208 0
      vertex -47.0731 11.0406 0
    endloop
  endfacet
  facet normal 0 0 -1
    outer loop
      vertex -32.0208 12.0208 0
      vertex -47.9792 12.0208 0
      vertex -31.0406 12.9269 0
    endloop
  endfacet
  facet normal 0 0 -1
    outer loop
      vertex -48.9594 12.9269 0
      vertex -31.0406 12.9269 0
      vertex -47.9792 12.0208 0
    endloop
  endfacet
  facet normal 0 0 -1
    outer loop
      vertex -31.0406 12.9269 0
      vertex -48.9594 12.9269 0
      vertex -29.9923 13.7533 0
    endloop
  endfacet
  facet normal 0 0 -1
    outer loop
      vertex -50.0077 13.7533 0
      vertex -29.9923 13.7533 0
      vertex -48.9594 12.9269 0
    endloop
  endfacet
  facet normal 0 0 -1
    outer loop
      vertex -29.9923 13.7533 0
      vertex -50.0077 13.7533 0
      vertex -28.8825 14.4949 0
    endloop
  endfacet
  facet normal 0 0 -1
    outer loop
      vertex -51.1175 14.4949 0
      vertex -28.8825 14.4949 0
      vertex -50.0077 13.7533 0
    endloop
  endfacet
  facet normal 0 0 -1
    outer loop
      vertex -28.8825 14.4949 0
      vertex -51.1175 14.4949 0
      vertex -27.7178 15.1471 0
    endloop
  endfacet
  facet normal 0 0 -1
    outer loop
      vertex -52.2822 15.1471 0
      vertex -27.7178 15.1471 0
      vertex -51.1175 14.4949 0
    endloop
  endfacet
  facet normal 0 0 -1
    outer loop
      vertex -27.7178 15.1471 0
      vertex -52.2822 15.1471 0
      vertex -26.5056 15.706 0
    endloop
  endfacet
  facet normal 0 0 -1
    outer loop
      vertex -53.4944 15.706 0
      vertex -26.5056 15.706 0
      vertex -52.2822 15.1471 0
    endloop
  endfacet
  facet normal 0 0 -1
    outer loop
      vertex -26.5056 15.706 0
      vertex -53.4944 15.706 0
      vertex -25.2533 16.168 0
    endloop
  endfacet
  facet normal 0 0 -1
    outer loop
      vertex -54.7467 16.168 0
      vertex -25.2533 16.168 0
      vertex -53.4944 15.706 0
    endloop
  endfacet
  facet normal 0 0 -1
    outer loop
      vertex -25.2533 16.168 0
      vertex -54.7467 16.168 0
      vertex -23.9686 16.5303 0
    endloop
  endfacet
  facet normal 0 0 -1
    outer loop
      vertex -56.0314 16.5303 0
      vertex -23.9686 16.5303 0
      vertex -54.7467 16.168 0
    endloop
  endfacet
  facet normal 0 0 -1
    outer loop
      vertex -23.9686 16.5303 0
      vertex -56.0314 16.5303 0
      vertex -22.6594 16.7907 0
    endloop
  endfacet
  facet normal 0 0 -1
    outer loop
      vertex -57.3406 16.7907 0
      vertex -22.6594 16.7907 0
      vertex -56.0314 16.5303 0
    endloop
  endfacet
  facet normal 0 0 -1
    outer loop
      vertex -22.6594 16.7907 0
      vertex -57.3406 16.7907 0
      vertex -21.3338 16.9476 0
    endloop
  endfacet
  facet normal 0 0 -1
    outer loop
      vertex -58.6662 16.9476 0
      vertex -21.3338 16.9476 0
      vertex -57.3406 16.7907 0
    endloop
  endfacet
  facet normal 0 0 -1
    outer loop
      vertex -21.3338 16.9476 0
      vertex -58.6662 16.9476 0
      vertex -87 22 0
    endloop
  endfacet
  facet normal 0 0 -1
    outer loop
      vertex -87 22 0
      vertex -58.6662 16.9476 0
      vertex -60 17 0
    endloop
  endfacet
  facet normal 0 0 -1
    outer loop
      vertex -80.7752 -12.3836 0
      vertex -74.4949 -8.88247 0
      vertex -80.6552 -12.5631 0
    endloop
  endfacet
  facet normal 0 0 -1
    outer loop
      vertex -77 0 0
      vertex -80.25 14 0
      vertex -76.9476 1.3338 0
    endloop
  endfacet
  facet normal 0 0 -1
    outer loop
      vertex -76.9476 1.3338 0
      vertex -80.25 14 0
      vertex -76.7907 2.65939 0
    endloop
  endfacet
  facet normal 0 0 -1
    outer loop
      vertex -76.7907 2.65939 0
      vertex -80.25 14 0
      vertex -76.5303 3.96857 0
    endloop
  endfacet
  facet normal 0 0 -1
    outer loop
      vertex -80.25 14 0
      vertex -76.168 5.25329 0
      vertex -76.5303 3.96857 0
    endloop
  endfacet
  facet normal 0 0 -1
    outer loop
      vertex -80.25 14 0
      vertex -75.7059 6.50562 0
      vertex -76.168 5.25329 0
    endloop
  endfacet
  facet normal 0 0 -1
    outer loop
      vertex -80.25 14 0
      vertex -75.1471 7.71784 0
      vertex -75.7059 6.50562 0
    endloop
  endfacet
  facet normal 0 0 -1
    outer loop
      vertex -80.25 14 0
      vertex -74.4949 8.88247 0
      vertex -75.1471 7.71784 0
    endloop
  endfacet
  facet normal 0 0 -1
    outer loop
      vertex -80.25 14 0
      vertex -73.7533 9.99235 0
      vertex -74.4949 8.88247 0
    endloop
  endfacet
  facet normal 0 0 -1
    outer loop
      vertex -80.25 14 0
      vertex -72.9269 11.0406 0
      vertex -73.7533 9.99235 0
    endloop
  endfacet
  facet normal 0 0 -1
    outer loop
      vertex -80.2585 14.2158 0
      vertex -72.9269 11.0406 0
      vertex -80.25 14 0
    endloop
  endfacet
  facet normal 0 0 -1
    outer loop
      vertex -72.9269 11.0406 0
      vertex -80.2585 14.2158 0
      vertex -72.0208 12.0208 0
    endloop
  endfacet
  facet normal 0 0 -1
    outer loop
      vertex -80.2839 14.4302 0
      vertex -72.0208 12.0208 0
      vertex -80.2585 14.2158 0
    endloop
  endfacet
  facet normal 0 0 -1
    outer loop
      vertex -80.326 14.642 0
      vertex -72.0208 12.0208 0
      vertex -80.2839 14.4302 0
    endloop
  endfacet
  facet normal 0 0 -1
    outer loop
      vertex -80.3846 14.8498 0
      vertex -72.0208 12.0208 0
      vertex -80.326 14.642 0
    endloop
  endfacet
  facet normal 0 0 -1
    outer loop
      vertex -72.0208 12.0208 0
      vertex -80.3846 14.8498 0
      vertex -71.0406 12.9269 0
    endloop
  endfacet
  facet normal 0 0 -1
    outer loop
      vertex -80.4593 15.0524 0
      vertex -71.0406 12.9269 0
      vertex -80.3846 14.8498 0
    endloop
  endfacet
  facet normal 0 0 -1
    outer loop
      vertex -80.5497 15.2485 0
      vertex -71.0406 12.9269 0
      vertex -80.4593 15.0524 0
    endloop
  endfacet
  facet normal 0 0 -1
    outer loop
      vertex -71.0406 12.9269 0
      vertex -80.5497 15.2485 0
      vertex -69.9923 13.7533 0
    endloop
  endfacet
  facet normal 0 0 -1
    outer loop
      vertex -80.6552 15.4369 0
      vertex -69.9923 13.7533 0
      vertex -80.5497 15.2485 0
    endloop
  endfacet
  facet normal 0 0 -1
    outer loop
      vertex -80.7752 15.6164 0
      vertex -69.9923 13.7533 0
      vertex -80.6552 15.4369 0
    endloop
  endfacet
  facet normal 0 0 -1
    outer loop
      vertex -80.9089 15.786 0
      vertex -69.9923 13.7533 0
      vertex -80.7752 15.6164 0
    endloop
  endfacet
  facet normal 0 0 -1
    outer loop
      vertex -69.9923 13.7533 0
      vertex -80.9089 15.786 0
      vertex -68.8825 14.4949 0
    endloop
  endfacet
  facet normal 0 0 -1
    outer loop
      vertex -81.0555 15.9445 0
      vertex -68.8825 14.4949 0
      vertex -80.9089 15.786 0
    endloop
  endfacet
  facet normal 0 0 -1
    outer loop
      vertex -81.214 16.0911 0
      vertex -68.8825 14.4949 0
      vertex -81.0555 15.9445 0
    endloop
  endfacet
  facet normal 0 0 -1
    outer loop
      vertex -68.8825 14.4949 0
      vertex -81.214 16.0911 0
      vertex -67.7178 15.1471 0
    endloop
  endfacet
  facet normal 0 0 -1
    outer loop
      vertex -81.3836 16.2248 0
      vertex -67.7178 15.1471 0
      vertex -81.214 16.0911 0
    endloop
  endfacet
  facet normal 0 0 -1
    outer loop
      vertex -81.5631 16.3448 0
      vertex -67.7178 15.1471 0
      vertex -81.3836 16.2248 0
    endloop
  endfacet
  facet normal 0 0 -1
    outer loop
      vertex -67.7178 15.1471 0
      vertex -81.5631 16.3448 0
      vertex -66.5056 15.706 0
    endloop
  endfacet
  facet normal 0 0 -1
    outer loop
      vertex -87 22 0
      vertex -66.5056 15.706 0
      vertex -81.5631 16.3448 0
    endloop
  endfacet
  facet normal 0 0 -1
    outer loop
      vertex -66.5056 15.706 0
      vertex -87 22 0
      vertex -65.2533 16.168 0
    endloop
  endfacet
  facet normal 0 0 -1
    outer loop
      vertex -65.2533 16.168 0
      vertex -87 22 0
      vertex -63.9686 16.5303 0
    endloop
  endfacet
  facet normal 0 0 -1
    outer loop
      vertex -63.9686 16.5303 0
      vertex -87 22 0
      vertex -62.6594 16.7907 0
    endloop
  endfacet
  facet normal 0 0 -1
    outer loop
      vertex -62.6594 16.7907 0
      vertex -87 22 0
      vertex -61.3338 16.9476 0
    endloop
  endfacet
  facet normal 0 0 -1
    outer loop
      vertex -61.3338 16.9476 0
      vertex -87 22 0
      vertex -60 17 0
    endloop
  endfacet
  facet normal 0 0 -1
    outer loop
      vertex -87 22 0
      vertex -81.5631 16.3448 0
      vertex -81.7515 16.4503 0
    endloop
  endfacet
  facet normal 0 0 -1
    outer loop
      vertex -87 22 0
      vertex -81.7515 16.4503 0
      vertex -81.9476 16.5407 0
    endloop
  endfacet
  facet normal 0 0 -1
    outer loop
      vertex -87 22 0
      vertex -81.9476 16.5407 0
      vertex -82.1502 16.6154 0
    endloop
  endfacet
  facet normal 0 0 -1
    outer loop
      vertex -87 22 0
      vertex -82.1502 16.6154 0
      vertex -82.358 16.674 0
    endloop
  endfacet
  facet normal 0 0 -1
    outer loop
      vertex -87 22 0
      vertex -82.358 16.674 0
      vertex -82.5698 16.7161 0
    endloop
  endfacet
  facet normal 0 0 -1
    outer loop
      vertex -87 22 0
      vertex -82.5698 16.7161 0
      vertex -82.7842 16.7415 0
    endloop
  endfacet
  facet normal 0 0 -1
    outer loop
      vertex -87 22 0
      vertex -82.7842 16.7415 0
      vertex -83 16.75 0
    endloop
  endfacet
  facet normal 0 0 -1
    outer loop
      vertex -20 17 0
      vertex -87 22 0
      vertex 87 22 0
    endloop
  endfacet
  facet normal 0 0 -1
    outer loop
      vertex -83.2158 16.7415 0
      vertex -87 22 0
      vertex -83 16.75 0
    endloop
  endfacet
  facet normal 0 0 -1
    outer loop
      vertex -83.4302 16.7161 0
      vertex -87 22 0
      vertex -83.2158 16.7415 0
    endloop
  endfacet
  facet normal 0 0 -1
    outer loop
      vertex -83.642 16.674 0
      vertex -87 22 0
      vertex -83.4302 16.7161 0
    endloop
  endfacet
  facet normal 0 0 -1
    outer loop
      vertex -83.8498 16.6154 0
      vertex -87 22 0
      vertex -83.642 16.674 0
    endloop
  endfacet
  facet normal 0 0 -1
    outer loop
      vertex -84.0524 16.5407 0
      vertex -87 22 0
      vertex -83.8498 16.6154 0
    endloop
  endfacet
  facet normal 0 0 -1
    outer loop
      vertex -84.2485 16.4503 0
      vertex -87 22 0
      vertex -84.0524 16.5407 0
    endloop
  endfacet
  facet normal 0 0 -1
    outer loop
      vertex -84.4369 16.3448 0
      vertex -87 22 0
      vertex -84.2485 16.4503 0
    endloop
  endfacet
  facet normal 0 0 -1
    outer loop
      vertex -84.6164 16.2248 0
      vertex -87 22 0
      vertex -84.4369 16.3448 0
    endloop
  endfacet
  facet normal 0 0 -1
    outer loop
      vertex -84.786 16.0911 0
      vertex -87 22 0
      vertex -84.6164 16.2248 0
    endloop
  endfacet
  facet normal 0 0 -1
    outer loop
      vertex -90 19 0
      vertex -84.786 16.0911 0
      vertex -84.9445 15.9445 0
    endloop
  endfacet
  facet normal 0 0 -1
    outer loop
      vertex -90 19 0
      vertex -84.9445 15.9445 0
      vertex -85.0911 15.786 0
    endloop
  endfacet
  facet normal 0 0 -1
    outer loop
      vertex -90 19 0
      vertex -85.0911 15.786 0
      vertex -85.2248 15.6164 0
    endloop
  endfacet
  facet normal 0 0 -1
    outer loop
      vertex -90 19 0
      vertex -85.2248 15.6164 0
      vertex -85.3448 15.4369 0
    endloop
  endfacet
  facet normal 0 0 -1
    outer loop
      vertex -90 19 0
      vertex -85.3448 15.4369 0
      vertex -85.4503 15.2485 0
    endloop
  endfacet
  facet normal 0 0 -1
    outer loop
      vertex -90 19 0
      vertex -85.4503 15.2485 0
      vertex -85.5407 15.0524 0
    endloop
  endfacet
  facet normal 0 0 -1
    outer loop
      vertex -90 19 0
      vertex -85.5407 15.0524 0
      vertex -85.6154 14.8498 0
    endloop
  endfacet
  facet normal 0 0 -1
    outer loop
      vertex -90 19 0
      vertex -85.6154 14.8498 0
      vertex -85.674 14.642 0
    endloop
  endfacet
  facet normal 0 0 -1
    outer loop
      vertex -90 19 0
      vertex -85.674 14.642 0
      vertex -85.7161 14.4302 0
    endloop
  endfacet
  facet normal 0 0 -1
    outer loop
      vertex -90 19 0
      vertex -85.7161 14.4302 0
      vertex -85.7415 14.2158 0
    endloop
  endfacet
  facet normal 0 0 -1
    outer loop
      vertex -90 19 0
      vertex -85.7415 14.2158 0
      vertex -85.75 14 0
    endloop
  endfacet
  facet normal 0 0 -1
    outer loop
      vertex -85.7161 13.5698 0
      vertex -90 19 0
      vertex -85.7415 13.7842 0
    endloop
  endfacet
  facet normal 0 0 -1
    outer loop
      vertex -90 -19 0
      vertex -87 -22 0
      vertex -87.2354 -21.9908 0
    endloop
  endfacet
  facet normal 0 0 -1
    outer loop
      vertex -85.7415 13.7842 0
      vertex -90 19 0
      vertex -85.75 14 0
    endloop
  endfacet
  facet normal 0 0 -1
    outer loop
      vertex -90 -19 0
      vertex -87.2354 -21.9908 0
      vertex -87.4693 -21.9631 0
    endloop
  endfacet
  facet normal 0 0 -1
    outer loop
      vertex -84.786 16.0911 0
      vertex -90 19 0
      vertex -87 22 0
    endloop
  endfacet
  facet normal 0 0 -1
    outer loop
      vertex -90 -19 0
      vertex -87.4693 -21.9631 0
      vertex -87.7003 -21.9171 0
    endloop
  endfacet
  facet normal 0 0 -1
    outer loop
      vertex -87 22 0
      vertex -90 19 0
      vertex -87.2354 21.9908 0
    endloop
  endfacet
  facet normal 0 0 -1
    outer loop
      vertex -90 -19 0
      vertex -87.7003 -21.9171 0
      vertex -87.927 -21.8532 0
    endloop
  endfacet
  facet normal 0 0 -1
    outer loop
      vertex -87.2354 21.9908 0
      vertex -90 19 0
      vertex -87.4693 21.9631 0
    endloop
  endfacet
  facet normal 0 0 -1
    outer loop
      vertex -90 -19 0
      vertex -87.927 -21.8532 0
      vertex -88.1481 -21.7716 0
    endloop
  endfacet
  facet normal 0 0 -1
    outer loop
      vertex -87.4693 21.9631 0
      vertex -90 19 0
      vertex -87.7003 21.9171 0
    endloop
  endfacet
  facet normal 0 0 -1
    outer loop
      vertex -90 -19 0
      vertex -88.1481 -21.7716 0
      vertex -88.362 -21.673 0
    endloop
  endfacet
  facet normal 0 0 -1
    outer loop
      vertex -87.7003 21.9171 0
      vertex -90 19 0
      vertex -87.927 21.8532 0
    endloop
  endfacet
  facet normal 0 0 -1
    outer loop
      vertex -90 -19 0
      vertex -88.362 -21.673 0
      vertex -88.5675 -21.5579 0
    endloop
  endfacet
  facet normal 0 0 -1
    outer loop
      vertex -87.927 21.8532 0
      vertex -90 19 0
      vertex -88.1481 21.7716 0
    endloop
  endfacet
  facet normal 0 0 -1
    outer loop
      vertex -90 -19 0
      vertex -88.5675 -21.5579 0
      vertex -88.7634 -21.427 0
    endloop
  endfacet
  facet normal 0 0 -1
    outer loop
      vertex -88.1481 21.7716 0
      vertex -90 19 0
      vertex -88.362 21.673 0
    endloop
  endfacet
  facet normal 0 0 -1
    outer loop
      vertex -90 -19 0
      vertex -88.7634 -21.427 0
      vertex -88.9483 -21.2812 0
    endloop
  endfacet
  facet normal 0 0 -1
    outer loop
      vertex -88.362 21.673 0
      vertex -90 19 0
      vertex -88.5675 21.5579 0
    endloop
  endfacet
  facet normal 0 0 -1
    outer loop
      vertex -90 -19 0
      vertex -88.9483 -21.2812 0
      vertex -89.1213 -21.1213 0
    endloop
  endfacet
  facet normal 0 0 -1
    outer loop
      vertex -88.5675 21.5579 0
      vertex -90 19 0
      vertex -88.7634 21.427 0
    endloop
  endfacet
  facet normal 0 0 -1
    outer loop
      vertex -90 -19 0
      vertex -89.1213 -21.1213 0
      vertex -89.2812 -20.9483 0
    endloop
  endfacet
  facet normal 0 0 -1
    outer loop
      vertex -88.7634 21.427 0
      vertex -90 19 0
      vertex -88.9483 21.2812 0
    endloop
  endfacet
  facet normal 0 0 -1
    outer loop
      vertex -90 -19 0
      vertex -89.2812 -20.9483 0
      vertex -89.427 -20.7634 0
    endloop
  endfacet
  facet normal 0 0 -1
    outer loop
      vertex -88.9483 21.2812 0
      vertex -90 19 0
      vertex -89.1213 21.1213 0
    endloop
  endfacet
  facet normal 0 0 -1
    outer loop
      vertex -90 -19 0
      vertex -89.427 -20.7634 0
      vertex -89.5579 -20.5675 0
    endloop
  endfacet
  facet normal 0 0 -1
    outer loop
      vertex -89.1213 21.1213 0
      vertex -90 19 0
      vertex -89.2812 20.9483 0
    endloop
  endfacet
  facet normal 0 0 -1
    outer loop
      vertex -90 -19 0
      vertex -89.5579 -20.5675 0
      vertex -89.673 -20.362 0
    endloop
  endfacet
  facet normal 0 0 -1
    outer loop
      vertex -89.2812 20.9483 0
      vertex -90 19 0
      vertex -89.427 20.7634 0
    endloop
  endfacet
  facet normal 0 0 -1
    outer loop
      vertex -90 -19 0
      vertex -89.673 -20.362 0
      vertex -89.7716 -20.1481 0
    endloop
  endfacet
  facet normal 0 0 -1
    outer loop
      vertex -89.427 20.7634 0
      vertex -90 19 0
      vertex -89.5579 20.5675 0
    endloop
  endfacet
  facet normal 0 0 -1
    outer loop
      vertex -90 -19 0
      vertex -89.7716 -20.1481 0
      vertex -89.8532 -19.927 0
    endloop
  endfacet
  facet normal 0 0 -1
    outer loop
      vertex -89.5579 20.5675 0
      vertex -90 19 0
      vertex -89.673 20.362 0
    endloop
  endfacet
  facet normal 0 0 -1
    outer loop
      vertex -90 -19 0
      vertex -89.8532 -19.927 0
      vertex -89.9171 -19.7003 0
    endloop
  endfacet
  facet normal 0 0 -1
    outer loop
      vertex -89.673 20.362 0
      vertex -90 19 0
      vertex -89.7716 20.1481 0
    endloop
  endfacet
  facet normal 0 0 -1
    outer loop
      vertex -90 -19 0
      vertex -89.9171 -19.7003 0
      vertex -89.9631 -19.4693 0
    endloop
  endfacet
  facet normal 0 0 -1
    outer loop
      vertex -89.7716 20.1481 0
      vertex -90 19 0
      vertex -89.8532 19.927 0
    endloop
  endfacet
  facet normal 0 0 -1
    outer loop
      vertex -90 -19 0
      vertex -89.9631 -19.4693 0
      vertex -89.9908 -19.2354 0
    endloop
  endfacet
  facet normal 0 0 -1
    outer loop
      vertex -89.8532 19.927 0
      vertex -90 19 0
      vertex -89.9171 19.7003 0
    endloop
  endfacet
  facet normal 0 0 -1
    outer loop
      vertex -89.9171 19.7003 0
      vertex -90 19 0
      vertex -89.9631 19.4693 0
    endloop
  endfacet
  facet normal 0 0 -1
    outer loop
      vertex -89.9631 19.4693 0
      vertex -90 19 0
      vertex -89.9908 19.2354 0
    endloop
  endfacet
endsolid OpenSCAD_Model
