solid OpenSCAD_Model
  facet normal -0.831494 -0.555534 0
    outer loop
      vertex -12.9443 -9.40456 0
      vertex -13.6422 -8.35998 3
      vertex -13.6422 -8.35998 0
    endloop
  endfacet
  facet normal -0.831494 -0.555534 0
    outer loop
      vertex -13.6422 -8.35998 3
      vertex -12.9443 -9.40456 0
      vertex -12.9443 -9.40456 3
    endloop
  endfacet
  facet normal -0.872483 -0.488644 0
    outer loop
      vertex -13.6422 -8.35998 0
      vertex -14.2561 -7.26385 3
      vertex -14.2561 -7.26385 0
    endloop
  endfacet
  facet normal -0.872483 -0.488644 0
    outer loop
      vertex -14.2561 -7.26385 3
      vertex -13.6422 -8.35998 0
      vertex -13.6422 -8.35998 3
    endloop
  endfacet
  facet normal 0.993075 0.117483 -0
    outer loop
      vertex 15.8625 2 2.99
      vertex 15.803 2.50295 3
      vertex 15.8625 2 3
    endloop
  endfacet
  facet normal 0.993075 0.117483 0
    outer loop
      vertex 15.803 2.50295 3
      vertex 15.8625 2 2.99
      vertex 15.803 2.50295 0
    endloop
  endfacet
  facet normal 0.993058 0.117623 -0
    outer loop
      vertex 15.9507 1.25535 0
      vertex 15.8625 2 2.99
      vertex 15.9507 1.25535 2.99
    endloop
  endfacet
  facet normal 0.993065 0.117566 1.42465e-05
    outer loop
      vertex 15.8625 2 2.99
      vertex 15.9507 1.25535 0
      vertex 15.803 2.50295 0
    endloop
  endfacet
  facet normal -0.0392417 -0.99923 0
    outer loop
      vertex -1.25535 -15.9507 0
      vertex 0 -16 3
      vertex -1.25535 -15.9507 3
    endloop
  endfacet
  facet normal -0.0392417 -0.99923 -0
    outer loop
      vertex 0 -16 3
      vertex -1.25535 -15.9507 0
      vertex 0 -16 0
    endloop
  endfacet
  facet normal 0.938199 0.346096 0
    outer loop
      vertex 15.2169 4.94427 3
      vertex 14.7821 6.12293 0
      vertex 14.7821 6.12293 3
    endloop
  endfacet
  facet normal 0.938199 0.346096 0
    outer loop
      vertex 14.7821 6.12293 0
      vertex 15.2169 4.94427 3
      vertex 15.2169 4.94427 0
    endloop
  endfacet
  facet normal 0.872483 -0.488644 0
    outer loop
      vertex 13.6422 -8.35998 3
      vertex 14.2561 -7.26385 0
      vertex 14.2561 -7.26385 3
    endloop
  endfacet
  facet normal 0.872483 -0.488644 0
    outer loop
      vertex 14.2561 -7.26385 0
      vertex 13.6422 -8.35998 3
      vertex 13.6422 -8.35998 0
    endloop
  endfacet
  facet normal 0.271431 -0.962458 0
    outer loop
      vertex 3.73513 -15.5579 0
      vertex 4.94427 -15.2169 3
      vertex 3.73513 -15.5579 3
    endloop
  endfacet
  facet normal 0.271431 -0.962458 0
    outer loop
      vertex 4.94427 -15.2169 3
      vertex 3.73513 -15.5579 0
      vertex 4.94427 -15.2169 0
    endloop
  endfacet
  facet normal 0.555534 -0.831494 0
    outer loop
      vertex 8.35998 -13.6422 0
      vertex 9.40456 -12.9443 3
      vertex 8.35998 -13.6422 3
    endloop
  endfacet
  facet normal 0.555534 -0.831494 0
    outer loop
      vertex 9.40456 -12.9443 3
      vertex 8.35998 -13.6422 0
      vertex 9.40456 -12.9443 0
    endloop
  endfacet
  facet normal -0.993065 -0.117566 0
    outer loop
      vertex -15.803 -2.50295 0
      vertex -15.9507 -1.25535 3
      vertex -15.9507 -1.25535 0
    endloop
  endfacet
  facet normal -0.993065 -0.117566 0
    outer loop
      vertex -15.9507 -1.25535 3
      vertex -15.803 -2.50295 0
      vertex -15.803 -2.50295 3
    endloop
  endfacet
  facet normal -0.785319 -0.619092 0
    outer loop
      vertex -12.1665 -10.3912 0
      vertex -12.9443 -9.40456 3
      vertex -12.9443 -9.40456 0
    endloop
  endfacet
  facet normal -0.785319 -0.619092 0
    outer loop
      vertex -12.9443 -9.40456 3
      vertex -12.1665 -10.3912 0
      vertex -12.1665 -10.3912 3
    endloop
  endfacet
  facet normal -0.962458 0.271431 0
    outer loop
      vertex -15.5579 3.73513 0
      vertex -15.2169 4.94427 3
      vertex -15.2169 4.94427 0
    endloop
  endfacet
  facet normal -0.962458 0.271431 0
    outer loop
      vertex -15.2169 4.94427 3
      vertex -15.5579 3.73513 0
      vertex -15.5579 3.73513 3
    endloop
  endfacet
  facet normal 0.962458 0.271431 0
    outer loop
      vertex 15.5579 3.73513 3
      vertex 15.2169 4.94427 0
      vertex 15.2169 4.94427 3
    endloop
  endfacet
  facet normal 0.962458 0.271431 0
    outer loop
      vertex 15.2169 4.94427 0
      vertex 15.5579 3.73513 3
      vertex 15.5579 3.73513 0
    endloop
  endfacet
  facet normal 0.831494 -0.555534 0
    outer loop
      vertex 12.9443 -9.40456 3
      vertex 13.6422 -8.35998 0
      vertex 13.6422 -8.35998 3
    endloop
  endfacet
  facet normal 0.831494 -0.555534 0
    outer loop
      vertex 13.6422 -8.35998 0
      vertex 12.9443 -9.40456 3
      vertex 12.9443 -9.40456 0
    endloop
  endfacet
  facet normal -0.831494 0.555534 0
    outer loop
      vertex -13.6422 8.35998 0
      vertex -12.9443 9.40456 3
      vertex -12.9443 9.40456 0
    endloop
  endfacet
  facet normal -0.831494 0.555534 0
    outer loop
      vertex -12.9443 9.40456 3
      vertex -13.6422 8.35998 0
      vertex -13.6422 8.35998 3
    endloop
  endfacet
  facet normal -0.99923 -0.0392417 0
    outer loop
      vertex -15.9507 -1.25535 0
      vertex -16 0 3
      vertex -16 0 0
    endloop
  endfacet
  facet normal -0.99923 -0.0392417 0
    outer loop
      vertex -16 0 3
      vertex -15.9507 -1.25535 0
      vertex -15.9507 -1.25535 3
    endloop
  endfacet
  facet normal 0.418679 0.908134 -0
    outer loop
      vertex 7.26385 14.2561 0
      vertex 6.12293 14.7821 3
      vertex 7.26385 14.2561 3
    endloop
  endfacet
  facet normal 0.418679 0.908134 0
    outer loop
      vertex 6.12293 14.7821 3
      vertex 7.26385 14.2561 0
      vertex 6.12293 14.7821 0
    endloop
  endfacet
  facet normal 0.99923 0.0392417 0
    outer loop
      vertex 16 0 2.99
      vertex 15.9507 1.25535 0
      vertex 15.9507 1.25535 2.99
    endloop
  endfacet
  facet normal 0.99923 0.0392417 0
    outer loop
      vertex 15.9507 1.25535 0
      vertex 16 0 2.99
      vertex 16 0 0
    endloop
  endfacet
  facet normal -0.271431 0.962458 0
    outer loop
      vertex -3.73513 15.5579 0
      vertex -4.94427 15.2169 3
      vertex -3.73513 15.5579 3
    endloop
  endfacet
  facet normal -0.271431 0.962458 0
    outer loop
      vertex -4.94427 15.2169 3
      vertex -3.73513 15.5579 0
      vertex -4.94427 15.2169 0
    endloop
  endfacet
  facet normal -0.872483 0.488644 0
    outer loop
      vertex -14.2561 7.26385 0
      vertex -13.6422 8.35998 3
      vertex -13.6422 8.35998 0
    endloop
  endfacet
  facet normal -0.872483 0.488644 0
    outer loop
      vertex -13.6422 8.35998 3
      vertex -14.2561 7.26385 0
      vertex -14.2561 7.26385 3
    endloop
  endfacet
  facet normal -0.195094 0.980785 0
    outer loop
      vertex -2.50295 15.803 0
      vertex -3.73513 15.5579 3
      vertex -2.50295 15.803 3
    endloop
  endfacet
  facet normal -0.195094 0.980785 0
    outer loop
      vertex -3.73513 15.5579 3
      vertex -2.50295 15.803 0
      vertex -3.73513 15.5579 0
    endloop
  endfacet
  facet normal 0.418679 -0.908134 0
    outer loop
      vertex 6.12293 -14.7821 0
      vertex 7.26385 -14.2561 3
      vertex 6.12293 -14.7821 3
    endloop
  endfacet
  facet normal 0.418679 -0.908134 0
    outer loop
      vertex 7.26385 -14.2561 3
      vertex 6.12293 -14.7821 0
      vertex 7.26385 -14.2561 0
    endloop
  endfacet
  facet normal -0.962458 -0.271431 0
    outer loop
      vertex -15.2169 -4.94427 0
      vertex -15.5579 -3.73513 3
      vertex -15.5579 -3.73513 0
    endloop
  endfacet
  facet normal -0.962458 -0.271431 0
    outer loop
      vertex -15.5579 -3.73513 3
      vertex -15.2169 -4.94427 0
      vertex -15.2169 -4.94427 3
    endloop
  endfacet
  facet normal -0.0392417 0.99923 0
    outer loop
      vertex 0 16 0
      vertex -1.25535 15.9507 3
      vertex 0 16 3
    endloop
  endfacet
  facet normal -0.0392417 0.99923 0
    outer loop
      vertex -1.25535 15.9507 3
      vertex 0 16 0
      vertex -1.25535 15.9507 0
    endloop
  endfacet
  facet normal -0.734303 0.678822 0
    outer loop
      vertex -12.1665 10.3912 0
      vertex -11.3137 11.3137 3
      vertex -11.3137 11.3137 0
    endloop
  endfacet
  facet normal -0.734303 0.678822 0
    outer loop
      vertex -11.3137 11.3137 3
      vertex -12.1665 10.3912 0
      vertex -12.1665 10.3912 3
    endloop
  endfacet
  facet normal 0.908134 -0.418679 0
    outer loop
      vertex 14.2561 -7.26385 3
      vertex 14.7821 -6.12293 0
      vertex 14.7821 -6.12293 3
    endloop
  endfacet
  facet normal 0.908134 -0.418679 0
    outer loop
      vertex 14.7821 -6.12293 0
      vertex 14.2561 -7.26385 3
      vertex 14.2561 -7.26385 0
    endloop
  endfacet
  facet normal -0.117566 0.993065 0
    outer loop
      vertex -1.25535 15.9507 0
      vertex -2.50295 15.803 3
      vertex -1.25535 15.9507 3
    endloop
  endfacet
  facet normal -0.117566 0.993065 0
    outer loop
      vertex -2.50295 15.803 3
      vertex -1.25535 15.9507 0
      vertex -2.50295 15.803 0
    endloop
  endfacet
  facet normal -0.555534 -0.831494 0
    outer loop
      vertex -9.40456 -12.9443 0
      vertex -8.35998 -13.6422 3
      vertex -9.40456 -12.9443 3
    endloop
  endfacet
  facet normal -0.555534 -0.831494 -0
    outer loop
      vertex -8.35998 -13.6422 3
      vertex -9.40456 -12.9443 0
      vertex -8.35998 -13.6422 0
    endloop
  endfacet
  facet normal 0.980785 0.195094 0
    outer loop
      vertex 15.803 2.50295 3
      vertex 15.5579 3.73513 0
      vertex 15.5579 3.73513 3
    endloop
  endfacet
  facet normal 0.980785 0.195094 0
    outer loop
      vertex 15.5579 3.73513 0
      vertex 15.803 2.50295 3
      vertex 15.803 2.50295 0
    endloop
  endfacet
  facet normal 0.488644 0.872483 -0
    outer loop
      vertex 8.35998 13.6422 0
      vertex 7.26385 14.2561 3
      vertex 8.35998 13.6422 3
    endloop
  endfacet
  facet normal 0.488644 0.872483 0
    outer loop
      vertex 7.26385 14.2561 3
      vertex 8.35998 13.6422 0
      vertex 7.26385 14.2561 0
    endloop
  endfacet
  facet normal 0.99923 -0.0392417 0
    outer loop
      vertex 15.9507 -1.25535 2.99
      vertex 16 0 0
      vertex 16 0 2.99
    endloop
  endfacet
  facet normal 0.99923 -0.0392417 0
    outer loop
      vertex 16 0 0
      vertex 15.9507 -1.25535 2.99
      vertex 15.9507 -1.25535 0
    endloop
  endfacet
  facet normal -0.678822 0.734303 0
    outer loop
      vertex -10.3912 12.1665 0
      vertex -11.3137 11.3137 3
      vertex -10.3912 12.1665 3
    endloop
  endfacet
  facet normal -0.678822 0.734303 0
    outer loop
      vertex -11.3137 11.3137 3
      vertex -10.3912 12.1665 0
      vertex -11.3137 11.3137 0
    endloop
  endfacet
  facet normal 0.195094 -0.980785 0
    outer loop
      vertex 2.50295 -15.803 0
      vertex 3.73513 -15.5579 3
      vertex 2.50295 -15.803 3
    endloop
  endfacet
  facet normal 0.195094 -0.980785 0
    outer loop
      vertex 3.73513 -15.5579 3
      vertex 2.50295 -15.803 0
      vertex 3.73513 -15.5579 0
    endloop
  endfacet
  facet normal 0.908134 0.418679 0
    outer loop
      vertex 14.7821 6.12293 3
      vertex 14.2561 7.26385 0
      vertex 14.2561 7.26385 3
    endloop
  endfacet
  facet normal 0.908134 0.418679 0
    outer loop
      vertex 14.2561 7.26385 0
      vertex 14.7821 6.12293 3
      vertex 14.7821 6.12293 0
    endloop
  endfacet
  facet normal 0.831494 0.555534 0
    outer loop
      vertex 13.6422 8.35998 3
      vertex 12.9443 9.40456 0
      vertex 12.9443 9.40456 3
    endloop
  endfacet
  facet normal 0.831494 0.555534 0
    outer loop
      vertex 12.9443 9.40456 0
      vertex 13.6422 8.35998 3
      vertex 13.6422 8.35998 0
    endloop
  endfacet
  facet normal -0.117566 -0.993065 0
    outer loop
      vertex -2.50295 -15.803 0
      vertex -1.25535 -15.9507 3
      vertex -2.50295 -15.803 3
    endloop
  endfacet
  facet normal -0.117566 -0.993065 -0
    outer loop
      vertex -1.25535 -15.9507 3
      vertex -2.50295 -15.803 0
      vertex -1.25535 -15.9507 0
    endloop
  endfacet
  facet normal 0.678822 0.734303 -0
    outer loop
      vertex 11.3137 11.3137 0
      vertex 10.3912 12.1665 3
      vertex 11.3137 11.3137 3
    endloop
  endfacet
  facet normal 0.678822 0.734303 0
    outer loop
      vertex 10.3912 12.1665 3
      vertex 11.3137 11.3137 0
      vertex 10.3912 12.1665 0
    endloop
  endfacet
  facet normal 0.117566 -0.993065 0
    outer loop
      vertex 1.25535 -15.9507 0
      vertex 2.50295 -15.803 3
      vertex 1.25535 -15.9507 3
    endloop
  endfacet
  facet normal 0.117566 -0.993065 0
    outer loop
      vertex 2.50295 -15.803 3
      vertex 1.25535 -15.9507 0
      vertex 2.50295 -15.803 0
    endloop
  endfacet
  facet normal 0.619092 0.785319 -0
    outer loop
      vertex 10.3912 12.1665 0
      vertex 9.40456 12.9443 3
      vertex 10.3912 12.1665 3
    endloop
  endfacet
  facet normal 0.619092 0.785319 0
    outer loop
      vertex 9.40456 12.9443 3
      vertex 10.3912 12.1665 0
      vertex 9.40456 12.9443 0
    endloop
  endfacet
  facet normal 0.993075 -0.117483 0
    outer loop
      vertex 15.8625 -2 3
      vertex 15.803 -2.50295 3
      vertex 15.8625 -2 2.99
    endloop
  endfacet
  facet normal 0.993058 -0.117623 0
    outer loop
      vertex 15.8625 -2 2.99
      vertex 15.9507 -1.25535 0
      vertex 15.9507 -1.25535 2.99
    endloop
  endfacet
  facet normal 0.993075 -0.117483 0
    outer loop
      vertex 15.803 -2.50295 0
      vertex 15.8625 -2 2.99
      vertex 15.803 -2.50295 3
    endloop
  endfacet
  facet normal 0.993065 -0.117566 1.42465e-05
    outer loop
      vertex 15.8625 -2 2.99
      vertex 15.803 -2.50295 0
      vertex 15.9507 -1.25535 0
    endloop
  endfacet
  facet normal 0.980785 -0.195094 0
    outer loop
      vertex 15.5579 -3.73513 3
      vertex 15.803 -2.50295 0
      vertex 15.803 -2.50295 3
    endloop
  endfacet
  facet normal 0.980785 -0.195094 0
    outer loop
      vertex 15.803 -2.50295 0
      vertex 15.5579 -3.73513 3
      vertex 15.5579 -3.73513 0
    endloop
  endfacet
  facet normal 0.0392417 -0.99923 0
    outer loop
      vertex 0 -16 0
      vertex 1.25535 -15.9507 3
      vertex 0 -16 3
    endloop
  endfacet
  facet normal 0.0392417 -0.99923 0
    outer loop
      vertex 1.25535 -15.9507 3
      vertex 0 -16 0
      vertex 1.25535 -15.9507 0
    endloop
  endfacet
  facet normal -0.488644 0.872483 0
    outer loop
      vertex -7.26385 14.2561 0
      vertex -8.35998 13.6422 3
      vertex -7.26385 14.2561 3
    endloop
  endfacet
  facet normal -0.488644 0.872483 0
    outer loop
      vertex -8.35998 13.6422 3
      vertex -7.26385 14.2561 0
      vertex -8.35998 13.6422 0
    endloop
  endfacet
  facet normal 0.555534 0.831494 -0
    outer loop
      vertex 9.40456 12.9443 0
      vertex 8.35998 13.6422 3
      vertex 9.40456 12.9443 3
    endloop
  endfacet
  facet normal 0.555534 0.831494 0
    outer loop
      vertex 8.35998 13.6422 3
      vertex 9.40456 12.9443 0
      vertex 8.35998 13.6422 0
    endloop
  endfacet
  facet normal -0.980785 -0.195094 0
    outer loop
      vertex -15.5579 -3.73513 0
      vertex -15.803 -2.50295 3
      vertex -15.803 -2.50295 0
    endloop
  endfacet
  facet normal -0.980785 -0.195094 0
    outer loop
      vertex -15.803 -2.50295 3
      vertex -15.5579 -3.73513 0
      vertex -15.5579 -3.73513 3
    endloop
  endfacet
  facet normal -0.993065 0.117566 0
    outer loop
      vertex -15.9507 1.25535 0
      vertex -15.803 2.50295 3
      vertex -15.803 2.50295 0
    endloop
  endfacet
  facet normal -0.993065 0.117566 0
    outer loop
      vertex -15.803 2.50295 3
      vertex -15.9507 1.25535 0
      vertex -15.9507 1.25535 3
    endloop
  endfacet
  facet normal -0.619092 0.785319 0
    outer loop
      vertex -9.40456 12.9443 0
      vertex -10.3912 12.1665 3
      vertex -9.40456 12.9443 3
    endloop
  endfacet
  facet normal -0.619092 0.785319 0
    outer loop
      vertex -10.3912 12.1665 3
      vertex -9.40456 12.9443 0
      vertex -10.3912 12.1665 0
    endloop
  endfacet
  facet normal 0.872483 0.488644 0
    outer loop
      vertex 14.2561 7.26385 3
      vertex 13.6422 8.35998 0
      vertex 13.6422 8.35998 3
    endloop
  endfacet
  facet normal 0.872483 0.488644 0
    outer loop
      vertex 13.6422 8.35998 0
      vertex 14.2561 7.26385 3
      vertex 14.2561 7.26385 0
    endloop
  endfacet
  facet normal 0.346096 0.938199 -0
    outer loop
      vertex 6.12293 14.7821 0
      vertex 4.94427 15.2169 3
      vertex 6.12293 14.7821 3
    endloop
  endfacet
  facet normal 0.346096 0.938199 0
    outer loop
      vertex 4.94427 15.2169 3
      vertex 6.12293 14.7821 0
      vertex 4.94427 15.2169 0
    endloop
  endfacet
  facet normal -0.271431 -0.962458 0
    outer loop
      vertex -4.94427 -15.2169 0
      vertex -3.73513 -15.5579 3
      vertex -4.94427 -15.2169 3
    endloop
  endfacet
  facet normal -0.271431 -0.962458 -0
    outer loop
      vertex -3.73513 -15.5579 3
      vertex -4.94427 -15.2169 0
      vertex -3.73513 -15.5579 0
    endloop
  endfacet
  facet normal 0.734303 0.678822 0
    outer loop
      vertex 12.1665 10.3912 3
      vertex 11.3137 11.3137 0
      vertex 11.3137 11.3137 3
    endloop
  endfacet
  facet normal 0.734303 0.678822 0
    outer loop
      vertex 11.3137 11.3137 0
      vertex 12.1665 10.3912 3
      vertex 12.1665 10.3912 0
    endloop
  endfacet
  facet normal -0.734303 -0.678822 0
    outer loop
      vertex -11.3137 -11.3137 0
      vertex -12.1665 -10.3912 3
      vertex -12.1665 -10.3912 0
    endloop
  endfacet
  facet normal -0.734303 -0.678822 0
    outer loop
      vertex -12.1665 -10.3912 3
      vertex -11.3137 -11.3137 0
      vertex -11.3137 -11.3137 3
    endloop
  endfacet
  facet normal -0.99923 0.0392417 0
    outer loop
      vertex -16 0 0
      vertex -15.9507 1.25535 3
      vertex -15.9507 1.25535 0
    endloop
  endfacet
  facet normal -0.99923 0.0392417 0
    outer loop
      vertex -15.9507 1.25535 3
      vertex -16 0 0
      vertex -16 0 3
    endloop
  endfacet
  facet normal -0.346096 -0.938199 0
    outer loop
      vertex -6.12293 -14.7821 0
      vertex -4.94427 -15.2169 3
      vertex -6.12293 -14.7821 3
    endloop
  endfacet
  facet normal -0.346096 -0.938199 -0
    outer loop
      vertex -4.94427 -15.2169 3
      vertex -6.12293 -14.7821 0
      vertex -4.94427 -15.2169 0
    endloop
  endfacet
  facet normal -0.418679 -0.908134 0
    outer loop
      vertex -7.26385 -14.2561 0
      vertex -6.12293 -14.7821 3
      vertex -7.26385 -14.2561 3
    endloop
  endfacet
  facet normal -0.418679 -0.908134 -0
    outer loop
      vertex -6.12293 -14.7821 3
      vertex -7.26385 -14.2561 0
      vertex -6.12293 -14.7821 0
    endloop
  endfacet
  facet normal 0.117566 0.993065 -0
    outer loop
      vertex 2.50295 15.803 0
      vertex 1.25535 15.9507 3
      vertex 2.50295 15.803 3
    endloop
  endfacet
  facet normal 0.117566 0.993065 0
    outer loop
      vertex 1.25535 15.9507 3
      vertex 2.50295 15.803 0
      vertex 1.25535 15.9507 0
    endloop
  endfacet
  facet normal -0.938199 -0.346096 0
    outer loop
      vertex -14.7821 -6.12293 0
      vertex -15.2169 -4.94427 3
      vertex -15.2169 -4.94427 0
    endloop
  endfacet
  facet normal -0.938199 -0.346096 0
    outer loop
      vertex -15.2169 -4.94427 3
      vertex -14.7821 -6.12293 0
      vertex -14.7821 -6.12293 3
    endloop
  endfacet
  facet normal -0.785319 0.619092 0
    outer loop
      vertex -12.9443 9.40456 0
      vertex -12.1665 10.3912 3
      vertex -12.1665 10.3912 0
    endloop
  endfacet
  facet normal -0.785319 0.619092 0
    outer loop
      vertex -12.1665 10.3912 3
      vertex -12.9443 9.40456 0
      vertex -12.9443 9.40456 3
    endloop
  endfacet
  facet normal -0.346096 0.938199 0
    outer loop
      vertex -4.94427 15.2169 0
      vertex -6.12293 14.7821 3
      vertex -4.94427 15.2169 3
    endloop
  endfacet
  facet normal -0.346096 0.938199 0
    outer loop
      vertex -6.12293 14.7821 3
      vertex -4.94427 15.2169 0
      vertex -6.12293 14.7821 0
    endloop
  endfacet
  facet normal -0.938199 0.346096 0
    outer loop
      vertex -15.2169 4.94427 0
      vertex -14.7821 6.12293 3
      vertex -14.7821 6.12293 0
    endloop
  endfacet
  facet normal -0.938199 0.346096 0
    outer loop
      vertex -14.7821 6.12293 3
      vertex -15.2169 4.94427 0
      vertex -15.2169 4.94427 3
    endloop
  endfacet
  facet normal 0.734303 -0.678822 0
    outer loop
      vertex 11.3137 -11.3137 3
      vertex 12.1665 -10.3912 0
      vertex 12.1665 -10.3912 3
    endloop
  endfacet
  facet normal 0.734303 -0.678822 0
    outer loop
      vertex 12.1665 -10.3912 0
      vertex 11.3137 -11.3137 3
      vertex 11.3137 -11.3137 0
    endloop
  endfacet
  facet normal 0.962458 -0.271431 0
    outer loop
      vertex 15.2169 -4.94427 3
      vertex 15.5579 -3.73513 0
      vertex 15.5579 -3.73513 3
    endloop
  endfacet
  facet normal 0.962458 -0.271431 0
    outer loop
      vertex 15.5579 -3.73513 0
      vertex 15.2169 -4.94427 3
      vertex 15.2169 -4.94427 0
    endloop
  endfacet
  facet normal -0.555534 0.831494 0
    outer loop
      vertex -8.35998 13.6422 0
      vertex -9.40456 12.9443 3
      vertex -8.35998 13.6422 3
    endloop
  endfacet
  facet normal -0.555534 0.831494 0
    outer loop
      vertex -9.40456 12.9443 3
      vertex -8.35998 13.6422 0
      vertex -9.40456 12.9443 0
    endloop
  endfacet
  facet normal 0.785319 -0.619092 0
    outer loop
      vertex 12.1665 -10.3912 3
      vertex 12.9443 -9.40456 0
      vertex 12.9443 -9.40456 3
    endloop
  endfacet
  facet normal 0.785319 -0.619092 0
    outer loop
      vertex 12.9443 -9.40456 0
      vertex 12.1665 -10.3912 3
      vertex 12.1665 -10.3912 0
    endloop
  endfacet
  facet normal 0.785319 0.619092 0
    outer loop
      vertex 12.9443 9.40456 3
      vertex 12.1665 10.3912 0
      vertex 12.1665 10.3912 3
    endloop
  endfacet
  facet normal 0.785319 0.619092 0
    outer loop
      vertex 12.1665 10.3912 0
      vertex 12.9443 9.40456 3
      vertex 12.9443 9.40456 0
    endloop
  endfacet
  facet normal -0.619092 -0.785319 0
    outer loop
      vertex -10.3912 -12.1665 0
      vertex -9.40456 -12.9443 3
      vertex -10.3912 -12.1665 3
    endloop
  endfacet
  facet normal -0.619092 -0.785319 -0
    outer loop
      vertex -9.40456 -12.9443 3
      vertex -10.3912 -12.1665 0
      vertex -9.40456 -12.9443 0
    endloop
  endfacet
  facet normal 0.271431 0.962458 -0
    outer loop
      vertex 4.94427 15.2169 0
      vertex 3.73513 15.5579 3
      vertex 4.94427 15.2169 3
    endloop
  endfacet
  facet normal 0.271431 0.962458 0
    outer loop
      vertex 3.73513 15.5579 3
      vertex 4.94427 15.2169 0
      vertex 3.73513 15.5579 0
    endloop
  endfacet
  facet normal 0.346096 -0.938199 0
    outer loop
      vertex 4.94427 -15.2169 0
      vertex 6.12293 -14.7821 3
      vertex 4.94427 -15.2169 3
    endloop
  endfacet
  facet normal 0.346096 -0.938199 0
    outer loop
      vertex 6.12293 -14.7821 3
      vertex 4.94427 -15.2169 0
      vertex 6.12293 -14.7821 0
    endloop
  endfacet
  facet normal 0.488644 -0.872483 0
    outer loop
      vertex 7.26385 -14.2561 0
      vertex 8.35998 -13.6422 3
      vertex 7.26385 -14.2561 3
    endloop
  endfacet
  facet normal 0.488644 -0.872483 0
    outer loop
      vertex 8.35998 -13.6422 3
      vertex 7.26385 -14.2561 0
      vertex 8.35998 -13.6422 0
    endloop
  endfacet
  facet normal -0.418679 0.908134 0
    outer loop
      vertex -6.12293 14.7821 0
      vertex -7.26385 14.2561 3
      vertex -6.12293 14.7821 3
    endloop
  endfacet
  facet normal -0.418679 0.908134 0
    outer loop
      vertex -7.26385 14.2561 3
      vertex -6.12293 14.7821 0
      vertex -7.26385 14.2561 0
    endloop
  endfacet
  facet normal 0.0392417 0.99923 -0
    outer loop
      vertex 1.25535 15.9507 0
      vertex 0 16 3
      vertex 1.25535 15.9507 3
    endloop
  endfacet
  facet normal 0.0392417 0.99923 0
    outer loop
      vertex 0 16 3
      vertex 1.25535 15.9507 0
      vertex 0 16 0
    endloop
  endfacet
  facet normal -0.980785 0.195094 0
    outer loop
      vertex -15.803 2.50295 0
      vertex -15.5579 3.73513 3
      vertex -15.5579 3.73513 0
    endloop
  endfacet
  facet normal -0.980785 0.195094 0
    outer loop
      vertex -15.5579 3.73513 3
      vertex -15.803 2.50295 0
      vertex -15.803 2.50295 3
    endloop
  endfacet
  facet normal 0 0 -1
    outer loop
      vertex 5 0 0
      vertex 16 0 0
      vertex 15.9507 -1.25535 0
    endloop
  endfacet
  facet normal 0 0 -1
    outer loop
      vertex 4.98459 -0.392295 0
      vertex 15.9507 -1.25535 0
      vertex 15.803 -2.50295 0
    endloop
  endfacet
  facet normal 0 0 -1
    outer loop
      vertex 16 0 0
      vertex 5 0 0
      vertex 15.9507 1.25535 0
    endloop
  endfacet
  facet normal 0 0 -1
    outer loop
      vertex 4.93844 -0.782172 0
      vertex 15.803 -2.50295 0
      vertex 15.5579 -3.73513 0
    endloop
  endfacet
  facet normal 0 0 -1
    outer loop
      vertex 4.98459 0.392295 0
      vertex 15.9507 1.25535 0
      vertex 5 0 0
    endloop
  endfacet
  facet normal 0 0 -1
    outer loop
      vertex 4.86185 -1.16723 0
      vertex 15.5579 -3.73513 0
      vertex 15.2169 -4.94427 0
    endloop
  endfacet
  facet normal -0 0 -1
    outer loop
      vertex 15.9507 1.25535 0
      vertex 4.98459 0.392295 0
      vertex 15.803 2.50295 0
    endloop
  endfacet
  facet normal 0 0 -1
    outer loop
      vertex 4.75528 -1.54508 0
      vertex 15.2169 -4.94427 0
      vertex 14.7821 -6.12293 0
    endloop
  endfacet
  facet normal 0 0 -1
    outer loop
      vertex 4.93844 0.782172 0
      vertex 15.803 2.50295 0
      vertex 4.98459 0.392295 0
    endloop
  endfacet
  facet normal 0 0 -1
    outer loop
      vertex 4.6194 -1.91342 0
      vertex 14.7821 -6.12293 0
      vertex 14.2561 -7.26385 0
    endloop
  endfacet
  facet normal -0 0 -1
    outer loop
      vertex 15.803 2.50295 0
      vertex 4.93844 0.782172 0
      vertex 15.5579 3.73513 0
    endloop
  endfacet
  facet normal 0 0 -1
    outer loop
      vertex 4.45503 -2.26995 0
      vertex 14.2561 -7.26385 0
      vertex 13.6422 -8.35998 0
    endloop
  endfacet
  facet normal 0 0 -1
    outer loop
      vertex 4.86185 1.16723 0
      vertex 15.5579 3.73513 0
      vertex 4.93844 0.782172 0
    endloop
  endfacet
  facet normal 0 0 -1
    outer loop
      vertex 4.2632 -2.61249 0
      vertex 13.6422 -8.35998 0
      vertex 12.9443 -9.40456 0
    endloop
  endfacet
  facet normal -0 0 -1
    outer loop
      vertex 15.5579 3.73513 0
      vertex 4.86185 1.16723 0
      vertex 15.2169 4.94427 0
    endloop
  endfacet
  facet normal 0 0 -1
    outer loop
      vertex 4.04508 -2.93893 0
      vertex 12.9443 -9.40456 0
      vertex 12.1665 -10.3912 0
    endloop
  endfacet
  facet normal 0 0 -1
    outer loop
      vertex 4.75528 1.54508 0
      vertex 15.2169 4.94427 0
      vertex 4.86185 1.16723 0
    endloop
  endfacet
  facet normal 0 0 -1
    outer loop
      vertex 3.80203 -3.24724 0
      vertex 12.1665 -10.3912 0
      vertex 11.3137 -11.3137 0
    endloop
  endfacet
  facet normal -0 0 -1
    outer loop
      vertex 15.2169 4.94427 0
      vertex 4.75528 1.54508 0
      vertex 14.7821 6.12293 0
    endloop
  endfacet
  facet normal 0 0 -1
    outer loop
      vertex 3.53553 -3.53553 0
      vertex 11.3137 -11.3137 0
      vertex 10.3912 -12.1665 0
    endloop
  endfacet
  facet normal 0 0 -1
    outer loop
      vertex 4.6194 1.91342 0
      vertex 14.7821 6.12293 0
      vertex 4.75528 1.54508 0
    endloop
  endfacet
  facet normal 0 0 -1
    outer loop
      vertex 3.24724 -3.80203 0
      vertex 10.3912 -12.1665 0
      vertex 9.40456 -12.9443 0
    endloop
  endfacet
  facet normal -0 0 -1
    outer loop
      vertex 14.7821 6.12293 0
      vertex 4.6194 1.91342 0
      vertex 14.2561 7.26385 0
    endloop
  endfacet
  facet normal 0 0 -1
    outer loop
      vertex 2.93893 -4.04508 0
      vertex 9.40456 -12.9443 0
      vertex 8.35998 -13.6422 0
    endloop
  endfacet
  facet normal 0 0 -1
    outer loop
      vertex 4.45503 2.26995 0
      vertex 14.2561 7.26385 0
      vertex 4.6194 1.91342 0
    endloop
  endfacet
  facet normal 0 0 -1
    outer loop
      vertex 2.61249 -4.2632 0
      vertex 8.35998 -13.6422 0
      vertex 7.26385 -14.2561 0
    endloop
  endfacet
  facet normal -0 0 -1
    outer loop
      vertex 14.2561 7.26385 0
      vertex 4.45503 2.26995 0
      vertex 13.6422 8.35998 0
    endloop
  endfacet
  facet normal 0 0 -1
    outer loop
      vertex 2.26995 -4.45503 0
      vertex 7.26385 -14.2561 0
      vertex 6.12293 -14.7821 0
    endloop
  endfacet
  facet normal 0 0 -1
    outer loop
      vertex 4.2632 2.61249 0
      vertex 13.6422 8.35998 0
      vertex 4.45503 2.26995 0
    endloop
  endfacet
  facet normal -0 0 -1
    outer loop
      vertex 13.6422 8.35998 0
      vertex 4.2632 2.61249 0
      vertex 12.9443 9.40456 0
    endloop
  endfacet
  facet normal 0 0 -1
    outer loop
      vertex 15.9507 -1.25535 0
      vertex 4.98459 -0.392295 0
      vertex 5 0 0
    endloop
  endfacet
  facet normal 0 0 -1
    outer loop
      vertex 1.91342 -4.6194 0
      vertex 6.12293 -14.7821 0
      vertex 4.94427 -15.2169 0
    endloop
  endfacet
  facet normal 0 0 -1
    outer loop
      vertex 15.803 -2.50295 0
      vertex 4.93844 -0.782172 0
      vertex 4.98459 -0.392295 0
    endloop
  endfacet
  facet normal 0 0 -1
    outer loop
      vertex 15.5579 -3.73513 0
      vertex 4.86185 -1.16723 0
      vertex 4.93844 -0.782172 0
    endloop
  endfacet
  facet normal 0 0 -1
    outer loop
      vertex 15.2169 -4.94427 0
      vertex 4.75528 -1.54508 0
      vertex 4.86185 -1.16723 0
    endloop
  endfacet
  facet normal 0 0 -1
    outer loop
      vertex 14.7821 -6.12293 0
      vertex 4.6194 -1.91342 0
      vertex 4.75528 -1.54508 0
    endloop
  endfacet
  facet normal 0 0 -1
    outer loop
      vertex 14.2561 -7.26385 0
      vertex 4.45503 -2.26995 0
      vertex 4.6194 -1.91342 0
    endloop
  endfacet
  facet normal 0 0 -1
    outer loop
      vertex 13.6422 -8.35998 0
      vertex 4.2632 -2.61249 0
      vertex 4.45503 -2.26995 0
    endloop
  endfacet
  facet normal 0 0 -1
    outer loop
      vertex 12.9443 -9.40456 0
      vertex 4.04508 -2.93893 0
      vertex 4.2632 -2.61249 0
    endloop
  endfacet
  facet normal 0 0 -1
    outer loop
      vertex 12.1665 -10.3912 0
      vertex 3.80203 -3.24724 0
      vertex 4.04508 -2.93893 0
    endloop
  endfacet
  facet normal 0 0 -1
    outer loop
      vertex 1.54508 -4.75528 0
      vertex 4.94427 -15.2169 0
      vertex 3.73513 -15.5579 0
    endloop
  endfacet
  facet normal 0 0 -1
    outer loop
      vertex 11.3137 -11.3137 0
      vertex 3.53553 -3.53553 0
      vertex 3.80203 -3.24724 0
    endloop
  endfacet
  facet normal 0 0 -1
    outer loop
      vertex 10.3912 -12.1665 0
      vertex 3.24724 -3.80203 0
      vertex 3.53553 -3.53553 0
    endloop
  endfacet
  facet normal 0 0 -1
    outer loop
      vertex 9.40456 -12.9443 0
      vertex 2.93893 -4.04508 0
      vertex 3.24724 -3.80203 0
    endloop
  endfacet
  facet normal 0 0 -1
    outer loop
      vertex 8.35998 -13.6422 0
      vertex 2.61249 -4.2632 0
      vertex 2.93893 -4.04508 0
    endloop
  endfacet
  facet normal 0 0 -1
    outer loop
      vertex 1.16723 -4.86185 0
      vertex 3.73513 -15.5579 0
      vertex 2.50295 -15.803 0
    endloop
  endfacet
  facet normal 0 0 -1
    outer loop
      vertex 7.26385 -14.2561 0
      vertex 2.26995 -4.45503 0
      vertex 2.61249 -4.2632 0
    endloop
  endfacet
  facet normal 0 0 -1
    outer loop
      vertex 6.12293 -14.7821 0
      vertex 1.91342 -4.6194 0
      vertex 2.26995 -4.45503 0
    endloop
  endfacet
  facet normal 0 0 -1
    outer loop
      vertex 4.94427 -15.2169 0
      vertex 1.54508 -4.75528 0
      vertex 1.91342 -4.6194 0
    endloop
  endfacet
  facet normal 0 0 -1
    outer loop
      vertex 0.782172 -4.93844 0
      vertex 2.50295 -15.803 0
      vertex 1.25535 -15.9507 0
    endloop
  endfacet
  facet normal 0 0 -1
    outer loop
      vertex 3.73513 -15.5579 0
      vertex 1.16723 -4.86185 0
      vertex 1.54508 -4.75528 0
    endloop
  endfacet
  facet normal 0 0 -1
    outer loop
      vertex 2.50295 -15.803 0
      vertex 0.782172 -4.93844 0
      vertex 1.16723 -4.86185 0
    endloop
  endfacet
  facet normal 0 0 -1
    outer loop
      vertex 1.25535 -15.9507 0
      vertex 0.392295 -4.98459 0
      vertex 0.782172 -4.93844 0
    endloop
  endfacet
  facet normal 0 0 -1
    outer loop
      vertex 0 -16 0
      vertex 0.392295 -4.98459 0
      vertex 1.25535 -15.9507 0
    endloop
  endfacet
  facet normal 0 0 -1
    outer loop
      vertex 0 -16 0
      vertex 0 -5 0
      vertex 0.392295 -4.98459 0
    endloop
  endfacet
  facet normal 0 0 -1
    outer loop
      vertex 0 -16 0
      vertex -0.392295 -4.98459 0
      vertex 0 -5 0
    endloop
  endfacet
  facet normal 0 0 -1
    outer loop
      vertex -1.25535 -15.9507 0
      vertex -0.392295 -4.98459 0
      vertex 0 -16 0
    endloop
  endfacet
  facet normal -0 0 -1
    outer loop
      vertex -0.392295 -4.98459 0
      vertex -1.25535 -15.9507 0
      vertex -0.782172 -4.93844 0
    endloop
  endfacet
  facet normal 0 0 -1
    outer loop
      vertex -2.50295 -15.803 0
      vertex -0.782172 -4.93844 0
      vertex -1.25535 -15.9507 0
    endloop
  endfacet
  facet normal -0 0 -1
    outer loop
      vertex -0.782172 -4.93844 0
      vertex -2.50295 -15.803 0
      vertex -1.16723 -4.86185 0
    endloop
  endfacet
  facet normal 0 0 -1
    outer loop
      vertex -3.73513 -15.5579 0
      vertex -1.16723 -4.86185 0
      vertex -2.50295 -15.803 0
    endloop
  endfacet
  facet normal -0 0 -1
    outer loop
      vertex -1.16723 -4.86185 0
      vertex -3.73513 -15.5579 0
      vertex -1.54508 -4.75528 0
    endloop
  endfacet
  facet normal 0 0 -1
    outer loop
      vertex -4.94427 -15.2169 0
      vertex -1.54508 -4.75528 0
      vertex -3.73513 -15.5579 0
    endloop
  endfacet
  facet normal -0 0 -1
    outer loop
      vertex -1.54508 -4.75528 0
      vertex -4.94427 -15.2169 0
      vertex -1.91342 -4.6194 0
    endloop
  endfacet
  facet normal 0 0 -1
    outer loop
      vertex -6.12293 -14.7821 0
      vertex -1.91342 -4.6194 0
      vertex -4.94427 -15.2169 0
    endloop
  endfacet
  facet normal -0 0 -1
    outer loop
      vertex -1.91342 -4.6194 0
      vertex -6.12293 -14.7821 0
      vertex -2.26995 -4.45503 0
    endloop
  endfacet
  facet normal 0 0 -1
    outer loop
      vertex -7.26385 -14.2561 0
      vertex -2.26995 -4.45503 0
      vertex -6.12293 -14.7821 0
    endloop
  endfacet
  facet normal -0 0 -1
    outer loop
      vertex -2.26995 -4.45503 0
      vertex -7.26385 -14.2561 0
      vertex -2.61249 -4.2632 0
    endloop
  endfacet
  facet normal 0 0 -1
    outer loop
      vertex -8.35998 -13.6422 0
      vertex -2.61249 -4.2632 0
      vertex -7.26385 -14.2561 0
    endloop
  endfacet
  facet normal -0 0 -1
    outer loop
      vertex -2.61249 -4.2632 0
      vertex -8.35998 -13.6422 0
      vertex -2.93893 -4.04508 0
    endloop
  endfacet
  facet normal 0 0 -1
    outer loop
      vertex -9.40456 -12.9443 0
      vertex -2.93893 -4.04508 0
      vertex -8.35998 -13.6422 0
    endloop
  endfacet
  facet normal -0 0 -1
    outer loop
      vertex -2.93893 -4.04508 0
      vertex -9.40456 -12.9443 0
      vertex -3.24724 -3.80203 0
    endloop
  endfacet
  facet normal 0 0 -1
    outer loop
      vertex -10.3912 -12.1665 0
      vertex -3.24724 -3.80203 0
      vertex -9.40456 -12.9443 0
    endloop
  endfacet
  facet normal -0 0 -1
    outer loop
      vertex -3.24724 -3.80203 0
      vertex -10.3912 -12.1665 0
      vertex -3.53553 -3.53553 0
    endloop
  endfacet
  facet normal 0 0 -1
    outer loop
      vertex -11.3137 -11.3137 0
      vertex -3.53553 -3.53553 0
      vertex -10.3912 -12.1665 0
    endloop
  endfacet
  facet normal -0 0 -1
    outer loop
      vertex -3.53553 -3.53553 0
      vertex -11.3137 -11.3137 0
      vertex -3.80203 -3.24724 0
    endloop
  endfacet
  facet normal 0 0 -1
    outer loop
      vertex -12.1665 -10.3912 0
      vertex -3.80203 -3.24724 0
      vertex -11.3137 -11.3137 0
    endloop
  endfacet
  facet normal -0 0 -1
    outer loop
      vertex -3.80203 -3.24724 0
      vertex -12.1665 -10.3912 0
      vertex -4.04508 -2.93893 0
    endloop
  endfacet
  facet normal 0 0 -1
    outer loop
      vertex -12.9443 -9.40456 0
      vertex -4.04508 -2.93893 0
      vertex -12.1665 -10.3912 0
    endloop
  endfacet
  facet normal -0 0 -1
    outer loop
      vertex -4.04508 -2.93893 0
      vertex -12.9443 -9.40456 0
      vertex -4.2632 -2.61249 0
    endloop
  endfacet
  facet normal 0 0 -1
    outer loop
      vertex 4.04508 2.93893 0
      vertex 12.9443 9.40456 0
      vertex 4.2632 2.61249 0
    endloop
  endfacet
  facet normal -0 0 -1
    outer loop
      vertex 12.9443 9.40456 0
      vertex 4.04508 2.93893 0
      vertex 12.1665 10.3912 0
    endloop
  endfacet
  facet normal 0 0 -1
    outer loop
      vertex 3.80203 3.24724 0
      vertex 12.1665 10.3912 0
      vertex 4.04508 2.93893 0
    endloop
  endfacet
  facet normal -0 0 -1
    outer loop
      vertex 12.1665 10.3912 0
      vertex 3.80203 3.24724 0
      vertex 11.3137 11.3137 0
    endloop
  endfacet
  facet normal 0 0 -1
    outer loop
      vertex 3.53553 3.53553 0
      vertex 11.3137 11.3137 0
      vertex 3.80203 3.24724 0
    endloop
  endfacet
  facet normal -0 0 -1
    outer loop
      vertex 11.3137 11.3137 0
      vertex 3.53553 3.53553 0
      vertex 10.3912 12.1665 0
    endloop
  endfacet
  facet normal 0 0 -1
    outer loop
      vertex 3.24724 3.80203 0
      vertex 10.3912 12.1665 0
      vertex 3.53553 3.53553 0
    endloop
  endfacet
  facet normal -0 0 -1
    outer loop
      vertex 10.3912 12.1665 0
      vertex 3.24724 3.80203 0
      vertex 9.40456 12.9443 0
    endloop
  endfacet
  facet normal 0 0 -1
    outer loop
      vertex 2.93893 4.04508 0
      vertex 9.40456 12.9443 0
      vertex 3.24724 3.80203 0
    endloop
  endfacet
  facet normal -0 0 -1
    outer loop
      vertex 9.40456 12.9443 0
      vertex 2.93893 4.04508 0
      vertex 8.35998 13.6422 0
    endloop
  endfacet
  facet normal 0 0 -1
    outer loop
      vertex 2.61249 4.2632 0
      vertex 8.35998 13.6422 0
      vertex 2.93893 4.04508 0
    endloop
  endfacet
  facet normal -0 0 -1
    outer loop
      vertex 8.35998 13.6422 0
      vertex 2.61249 4.2632 0
      vertex 7.26385 14.2561 0
    endloop
  endfacet
  facet normal 0 0 -1
    outer loop
      vertex 2.26995 4.45503 0
      vertex 7.26385 14.2561 0
      vertex 2.61249 4.2632 0
    endloop
  endfacet
  facet normal -0 0 -1
    outer loop
      vertex 7.26385 14.2561 0
      vertex 2.26995 4.45503 0
      vertex 6.12293 14.7821 0
    endloop
  endfacet
  facet normal 0 0 -1
    outer loop
      vertex 1.91342 4.6194 0
      vertex 6.12293 14.7821 0
      vertex 2.26995 4.45503 0
    endloop
  endfacet
  facet normal -0 0 -1
    outer loop
      vertex 6.12293 14.7821 0
      vertex 1.91342 4.6194 0
      vertex 4.94427 15.2169 0
    endloop
  endfacet
  facet normal 0 0 -1
    outer loop
      vertex 1.54508 4.75528 0
      vertex 4.94427 15.2169 0
      vertex 1.91342 4.6194 0
    endloop
  endfacet
  facet normal -0 0 -1
    outer loop
      vertex 4.94427 15.2169 0
      vertex 1.54508 4.75528 0
      vertex 3.73513 15.5579 0
    endloop
  endfacet
  facet normal 0 0 -1
    outer loop
      vertex 1.16723 4.86185 0
      vertex 3.73513 15.5579 0
      vertex 1.54508 4.75528 0
    endloop
  endfacet
  facet normal -0 0 -1
    outer loop
      vertex 3.73513 15.5579 0
      vertex 1.16723 4.86185 0
      vertex 2.50295 15.803 0
    endloop
  endfacet
  facet normal 0 0 -1
    outer loop
      vertex 0.782172 4.93844 0
      vertex 2.50295 15.803 0
      vertex 1.16723 4.86185 0
    endloop
  endfacet
  facet normal -0 0 -1
    outer loop
      vertex 2.50295 15.803 0
      vertex 0.782172 4.93844 0
      vertex 1.25535 15.9507 0
    endloop
  endfacet
  facet normal 0 0 -1
    outer loop
      vertex 0.392295 4.98459 0
      vertex 1.25535 15.9507 0
      vertex 0.782172 4.93844 0
    endloop
  endfacet
  facet normal 0 0 -1
    outer loop
      vertex 0 5 0
      vertex 1.25535 15.9507 0
      vertex 0.392295 4.98459 0
    endloop
  endfacet
  facet normal 0 0 -1
    outer loop
      vertex 0 5 0
      vertex 0 16 0
      vertex 1.25535 15.9507 0
    endloop
  endfacet
  facet normal 0 0 -1
    outer loop
      vertex -0.392295 4.98459 0
      vertex 0 16 0
      vertex 0 5 0
    endloop
  endfacet
  facet normal 0 0 -1
    outer loop
      vertex -1.25535 15.9507 0
      vertex -0.392295 4.98459 0
      vertex -0.782172 4.93844 0
    endloop
  endfacet
  facet normal 0 0 -1
    outer loop
      vertex -2.50295 15.803 0
      vertex -0.782172 4.93844 0
      vertex -1.16723 4.86185 0
    endloop
  endfacet
  facet normal 0 0 -1
    outer loop
      vertex -0.392295 4.98459 0
      vertex -1.25535 15.9507 0
      vertex 0 16 0
    endloop
  endfacet
  facet normal 0 0 -1
    outer loop
      vertex -3.73513 15.5579 0
      vertex -1.16723 4.86185 0
      vertex -1.54508 4.75528 0
    endloop
  endfacet
  facet normal 0 0 -1
    outer loop
      vertex -4.94427 15.2169 0
      vertex -1.54508 4.75528 0
      vertex -1.91342 4.6194 0
    endloop
  endfacet
  facet normal 0 0 -1
    outer loop
      vertex -6.12293 14.7821 0
      vertex -1.91342 4.6194 0
      vertex -2.26995 4.45503 0
    endloop
  endfacet
  facet normal 0 0 -1
    outer loop
      vertex -0.782172 4.93844 0
      vertex -2.50295 15.803 0
      vertex -1.25535 15.9507 0
    endloop
  endfacet
  facet normal 0 0 -1
    outer loop
      vertex -7.26385 14.2561 0
      vertex -2.26995 4.45503 0
      vertex -2.61249 4.2632 0
    endloop
  endfacet
  facet normal 0 0 -1
    outer loop
      vertex -8.35998 13.6422 0
      vertex -2.61249 4.2632 0
      vertex -2.93893 4.04508 0
    endloop
  endfacet
  facet normal 0 0 -1
    outer loop
      vertex -9.40456 12.9443 0
      vertex -2.93893 4.04508 0
      vertex -3.24724 3.80203 0
    endloop
  endfacet
  facet normal 0 0 -1
    outer loop
      vertex -10.3912 12.1665 0
      vertex -3.24724 3.80203 0
      vertex -3.53553 3.53553 0
    endloop
  endfacet
  facet normal 0 0 -1
    outer loop
      vertex -1.16723 4.86185 0
      vertex -3.73513 15.5579 0
      vertex -2.50295 15.803 0
    endloop
  endfacet
  facet normal 0 0 -1
    outer loop
      vertex -11.3137 11.3137 0
      vertex -3.53553 3.53553 0
      vertex -3.80203 3.24724 0
    endloop
  endfacet
  facet normal 0 0 -1
    outer loop
      vertex -12.1665 10.3912 0
      vertex -3.80203 3.24724 0
      vertex -4.04508 2.93893 0
    endloop
  endfacet
  facet normal 0 0 -1
    outer loop
      vertex -12.9443 9.40456 0
      vertex -4.04508 2.93893 0
      vertex -4.2632 2.61249 0
    endloop
  endfacet
  facet normal 0 0 -1
    outer loop
      vertex -13.6422 8.35998 0
      vertex -4.2632 2.61249 0
      vertex -4.45503 2.26995 0
    endloop
  endfacet
  facet normal 0 0 -1
    outer loop
      vertex -14.2561 7.26385 0
      vertex -4.45503 2.26995 0
      vertex -4.6194 1.91342 0
    endloop
  endfacet
  facet normal 0 0 -1
    outer loop
      vertex -14.7821 6.12293 0
      vertex -4.6194 1.91342 0
      vertex -4.75528 1.54508 0
    endloop
  endfacet
  facet normal 0 0 -1
    outer loop
      vertex -15.2169 4.94427 0
      vertex -4.75528 1.54508 0
      vertex -4.86185 1.16723 0
    endloop
  endfacet
  facet normal 0 0 -1
    outer loop
      vertex -15.5579 3.73513 0
      vertex -4.86185 1.16723 0
      vertex -4.93844 0.782172 0
    endloop
  endfacet
  facet normal 0 0 -1
    outer loop
      vertex -1.54508 4.75528 0
      vertex -4.94427 15.2169 0
      vertex -3.73513 15.5579 0
    endloop
  endfacet
  facet normal 0 0 -1
    outer loop
      vertex -15.803 2.50295 0
      vertex -4.93844 0.782172 0
      vertex -4.98459 0.392295 0
    endloop
  endfacet
  facet normal 0 0 -1
    outer loop
      vertex -15.9507 1.25535 0
      vertex -4.98459 0.392295 0
      vertex -5 0 0
    endloop
  endfacet
  facet normal 0 0 -1
    outer loop
      vertex -13.6422 -8.35998 0
      vertex -4.2632 -2.61249 0
      vertex -12.9443 -9.40456 0
    endloop
  endfacet
  facet normal 0 0 -1
    outer loop
      vertex -1.91342 4.6194 0
      vertex -6.12293 14.7821 0
      vertex -4.94427 15.2169 0
    endloop
  endfacet
  facet normal -0 0 -1
    outer loop
      vertex -4.2632 -2.61249 0
      vertex -13.6422 -8.35998 0
      vertex -4.45503 -2.26995 0
    endloop
  endfacet
  facet normal 0 0 -1
    outer loop
      vertex -2.26995 4.45503 0
      vertex -7.26385 14.2561 0
      vertex -6.12293 14.7821 0
    endloop
  endfacet
  facet normal 0 0 -1
    outer loop
      vertex -14.2561 -7.26385 0
      vertex -4.45503 -2.26995 0
      vertex -13.6422 -8.35998 0
    endloop
  endfacet
  facet normal 0 0 -1
    outer loop
      vertex -2.61249 4.2632 0
      vertex -8.35998 13.6422 0
      vertex -7.26385 14.2561 0
    endloop
  endfacet
  facet normal -0 0 -1
    outer loop
      vertex -4.45503 -2.26995 0
      vertex -14.2561 -7.26385 0
      vertex -4.6194 -1.91342 0
    endloop
  endfacet
  facet normal 0 0 -1
    outer loop
      vertex -2.93893 4.04508 0
      vertex -9.40456 12.9443 0
      vertex -8.35998 13.6422 0
    endloop
  endfacet
  facet normal 0 0 -1
    outer loop
      vertex -14.7821 -6.12293 0
      vertex -4.6194 -1.91342 0
      vertex -14.2561 -7.26385 0
    endloop
  endfacet
  facet normal 0 0 -1
    outer loop
      vertex -3.24724 3.80203 0
      vertex -10.3912 12.1665 0
      vertex -9.40456 12.9443 0
    endloop
  endfacet
  facet normal -0 0 -1
    outer loop
      vertex -4.6194 -1.91342 0
      vertex -14.7821 -6.12293 0
      vertex -4.75528 -1.54508 0
    endloop
  endfacet
  facet normal 0 0 -1
    outer loop
      vertex -3.53553 3.53553 0
      vertex -11.3137 11.3137 0
      vertex -10.3912 12.1665 0
    endloop
  endfacet
  facet normal 0 0 -1
    outer loop
      vertex -15.2169 -4.94427 0
      vertex -4.75528 -1.54508 0
      vertex -14.7821 -6.12293 0
    endloop
  endfacet
  facet normal 0 0 -1
    outer loop
      vertex -3.80203 3.24724 0
      vertex -12.1665 10.3912 0
      vertex -11.3137 11.3137 0
    endloop
  endfacet
  facet normal -0 0 -1
    outer loop
      vertex -4.75528 -1.54508 0
      vertex -15.2169 -4.94427 0
      vertex -4.86185 -1.16723 0
    endloop
  endfacet
  facet normal 0 0 -1
    outer loop
      vertex -4.04508 2.93893 0
      vertex -12.9443 9.40456 0
      vertex -12.1665 10.3912 0
    endloop
  endfacet
  facet normal 0 0 -1
    outer loop
      vertex -15.5579 -3.73513 0
      vertex -4.86185 -1.16723 0
      vertex -15.2169 -4.94427 0
    endloop
  endfacet
  facet normal 0 0 -1
    outer loop
      vertex -4.2632 2.61249 0
      vertex -13.6422 8.35998 0
      vertex -12.9443 9.40456 0
    endloop
  endfacet
  facet normal -0 0 -1
    outer loop
      vertex -4.86185 -1.16723 0
      vertex -15.5579 -3.73513 0
      vertex -4.93844 -0.782172 0
    endloop
  endfacet
  facet normal 0 0 -1
    outer loop
      vertex -4.45503 2.26995 0
      vertex -14.2561 7.26385 0
      vertex -13.6422 8.35998 0
    endloop
  endfacet
  facet normal 0 0 -1
    outer loop
      vertex -15.803 -2.50295 0
      vertex -4.93844 -0.782172 0
      vertex -15.5579 -3.73513 0
    endloop
  endfacet
  facet normal 0 0 -1
    outer loop
      vertex -4.6194 1.91342 0
      vertex -14.7821 6.12293 0
      vertex -14.2561 7.26385 0
    endloop
  endfacet
  facet normal -0 0 -1
    outer loop
      vertex -4.93844 -0.782172 0
      vertex -15.803 -2.50295 0
      vertex -4.98459 -0.392295 0
    endloop
  endfacet
  facet normal 0 0 -1
    outer loop
      vertex -4.75528 1.54508 0
      vertex -15.2169 4.94427 0
      vertex -14.7821 6.12293 0
    endloop
  endfacet
  facet normal 0 0 -1
    outer loop
      vertex -15.9507 -1.25535 0
      vertex -4.98459 -0.392295 0
      vertex -15.803 -2.50295 0
    endloop
  endfacet
  facet normal 0 0 -1
    outer loop
      vertex -4.86185 1.16723 0
      vertex -15.5579 3.73513 0
      vertex -15.2169 4.94427 0
    endloop
  endfacet
  facet normal -0 0 -1
    outer loop
      vertex -4.98459 -0.392295 0
      vertex -15.9507 -1.25535 0
      vertex -5 0 0
    endloop
  endfacet
  facet normal 0 0 -1
    outer loop
      vertex -4.93844 0.782172 0
      vertex -15.803 2.50295 0
      vertex -15.5579 3.73513 0
    endloop
  endfacet
  facet normal 0 0 -1
    outer loop
      vertex -16 0 0
      vertex -5 0 0
      vertex -15.9507 -1.25535 0
    endloop
  endfacet
  facet normal 0 0 -1
    outer loop
      vertex -4.98459 0.392295 0
      vertex -15.9507 1.25535 0
      vertex -15.803 2.50295 0
    endloop
  endfacet
  facet normal 0 0 -1
    outer loop
      vertex -5 0 0
      vertex -16 0 0
      vertex -15.9507 1.25535 0
    endloop
  endfacet
  facet normal 0.678822 -0.734303 0
    outer loop
      vertex 10.3912 -12.1665 0
      vertex 11.3137 -11.3137 3
      vertex 10.3912 -12.1665 3
    endloop
  endfacet
  facet normal 0.678822 -0.734303 0
    outer loop
      vertex 11.3137 -11.3137 3
      vertex 10.3912 -12.1665 0
      vertex 11.3137 -11.3137 0
    endloop
  endfacet
  facet normal -0.195094 -0.980785 0
    outer loop
      vertex -3.73513 -15.5579 0
      vertex -2.50295 -15.803 3
      vertex -3.73513 -15.5579 3
    endloop
  endfacet
  facet normal -0.195094 -0.980785 -0
    outer loop
      vertex -2.50295 -15.803 3
      vertex -3.73513 -15.5579 0
      vertex -2.50295 -15.803 0
    endloop
  endfacet
  facet normal -0.908134 -0.418679 0
    outer loop
      vertex -14.2561 -7.26385 0
      vertex -14.7821 -6.12293 3
      vertex -14.7821 -6.12293 0
    endloop
  endfacet
  facet normal -0.908134 -0.418679 0
    outer loop
      vertex -14.7821 -6.12293 3
      vertex -14.2561 -7.26385 0
      vertex -14.2561 -7.26385 3
    endloop
  endfacet
  facet normal 0.195094 0.980785 -0
    outer loop
      vertex 3.73513 15.5579 0
      vertex 2.50295 15.803 3
      vertex 3.73513 15.5579 3
    endloop
  endfacet
  facet normal 0.195094 0.980785 0
    outer loop
      vertex 2.50295 15.803 3
      vertex 3.73513 15.5579 0
      vertex 2.50295 15.803 0
    endloop
  endfacet
  facet normal -0.678822 -0.734303 0
    outer loop
      vertex -11.3137 -11.3137 0
      vertex -10.3912 -12.1665 3
      vertex -11.3137 -11.3137 3
    endloop
  endfacet
  facet normal -0.678822 -0.734303 -0
    outer loop
      vertex -10.3912 -12.1665 3
      vertex -11.3137 -11.3137 0
      vertex -10.3912 -12.1665 0
    endloop
  endfacet
  facet normal 0.938199 -0.346096 0
    outer loop
      vertex 14.7821 -6.12293 3
      vertex 15.2169 -4.94427 0
      vertex 15.2169 -4.94427 3
    endloop
  endfacet
  facet normal 0.938199 -0.346096 0
    outer loop
      vertex 15.2169 -4.94427 0
      vertex 14.7821 -6.12293 3
      vertex 14.7821 -6.12293 0
    endloop
  endfacet
  facet normal 0 0 1
    outer loop
      vertex 13.8276 2.19008 3
      vertex 15.803 2.50295 3
      vertex 15.5579 3.73513 3
    endloop
  endfacet
  facet normal 0 0 1
    outer loop
      vertex 13.6132 3.26823 3
      vertex 15.5579 3.73513 3
      vertex 15.2169 4.94427 3
    endloop
  endfacet
  facet normal 0 0 1
    outer loop
      vertex 13.3148 4.32624 3
      vertex 15.2169 4.94427 3
      vertex 14.7821 6.12293 3
    endloop
  endfacet
  facet normal 0 0 1
    outer loop
      vertex 12.9343 5.35757 3
      vertex 14.7821 6.12293 3
      vertex 14.2561 7.26385 3
    endloop
  endfacet
  facet normal 0 0 1
    outer loop
      vertex 15.2169 4.94427 3
      vertex 13.3148 4.32624 3
      vertex 13.6132 3.26823 3
    endloop
  endfacet
  facet normal 0 0 1
    outer loop
      vertex 15.803 2.50295 3
      vertex 13.8501 2 3
      vertex 15.8625 2 3
    endloop
  endfacet
  facet normal 0 0 1
    outer loop
      vertex 12.4741 6.35587 3
      vertex 14.2561 7.26385 3
      vertex 13.6422 8.35998 3
    endloop
  endfacet
  facet normal 0 -0 1
    outer loop
      vertex 13.8501 2 3
      vertex 15.803 2.50295 3
      vertex 13.8276 2.19008 3
    endloop
  endfacet
  facet normal 0 -0 1
    outer loop
      vertex 13.8276 2.19008 3
      vertex 15.5579 3.73513 3
      vertex 13.6132 3.26823 3
    endloop
  endfacet
  facet normal 0 0 1
    outer loop
      vertex 11.937 7.31498 3
      vertex 13.6422 8.35998 3
      vertex 12.9443 9.40456 3
    endloop
  endfacet
  facet normal 0 0 1
    outer loop
      vertex 14.7821 6.12293 3
      vertex 12.9343 5.35757 3
      vertex 13.3148 4.32624 3
    endloop
  endfacet
  facet normal 0 0 1
    outer loop
      vertex 14.2561 7.26385 3
      vertex 12.4741 6.35587 3
      vertex 12.9343 5.35757 3
    endloop
  endfacet
  facet normal 0 0 1
    outer loop
      vertex 11.3262 8.22899 3
      vertex 12.9443 9.40456 3
      vertex 12.1665 10.3912 3
    endloop
  endfacet
  facet normal 0 0 1
    outer loop
      vertex 13.6422 8.35998 3
      vertex 11.937 7.31498 3
      vertex 12.4741 6.35587 3
    endloop
  endfacet
  facet normal 0 0 1
    outer loop
      vertex 12.9443 9.40456 3
      vertex 11.3262 8.22899 3
      vertex 11.937 7.31498 3
    endloop
  endfacet
  facet normal 0 0 1
    outer loop
      vertex 10.6457 9.09227 3
      vertex 12.1665 10.3912 3
      vertex 11.3137 11.3137 3
    endloop
  endfacet
  facet normal 0 0 1
    outer loop
      vertex 12.1665 10.3912 3
      vertex 10.6457 9.09227 3
      vertex 11.3262 8.22899 3
    endloop
  endfacet
  facet normal 0 0 1
    outer loop
      vertex 9.89949 9.89949 3
      vertex 11.3137 11.3137 3
      vertex 10.3912 12.1665 3
    endloop
  endfacet
  facet normal 0 0 1
    outer loop
      vertex 11.3137 11.3137 3
      vertex 9.89949 9.89949 3
      vertex 10.6457 9.09227 3
    endloop
  endfacet
  facet normal 0 0 1
    outer loop
      vertex 9.09227 10.6457 3
      vertex 10.3912 12.1665 3
      vertex 9.40456 12.9443 3
    endloop
  endfacet
  facet normal 0 0 1
    outer loop
      vertex 10.3912 12.1665 3
      vertex 9.09227 10.6457 3
      vertex 9.89949 9.89949 3
    endloop
  endfacet
  facet normal 0 0 1
    outer loop
      vertex 8.22899 11.3262 3
      vertex 9.40456 12.9443 3
      vertex 8.35998 13.6422 3
    endloop
  endfacet
  facet normal 0 0 1
    outer loop
      vertex 9.40456 12.9443 3
      vertex 8.22899 11.3262 3
      vertex 9.09227 10.6457 3
    endloop
  endfacet
  facet normal 0 0 1
    outer loop
      vertex 8.35998 13.6422 3
      vertex 7.31498 11.937 3
      vertex 8.22899 11.3262 3
    endloop
  endfacet
  facet normal 0 0 1
    outer loop
      vertex 7.26385 14.2561 3
      vertex 7.31498 11.937 3
      vertex 8.35998 13.6422 3
    endloop
  endfacet
  facet normal 0 0 1
    outer loop
      vertex 7.26385 14.2561 3
      vertex 6.35587 12.4741 3
      vertex 7.31498 11.937 3
    endloop
  endfacet
  facet normal 0 0 1
    outer loop
      vertex 6.12293 14.7821 3
      vertex 6.35587 12.4741 3
      vertex 7.26385 14.2561 3
    endloop
  endfacet
  facet normal 0 0 1
    outer loop
      vertex 6.12293 14.7821 3
      vertex 5.35757 12.9343 3
      vertex 6.35587 12.4741 3
    endloop
  endfacet
  facet normal 0 0 1
    outer loop
      vertex 4.94427 15.2169 3
      vertex 5.35757 12.9343 3
      vertex 6.12293 14.7821 3
    endloop
  endfacet
  facet normal 0 0 1
    outer loop
      vertex 4.94427 15.2169 3
      vertex 4.32624 13.3148 3
      vertex 5.35757 12.9343 3
    endloop
  endfacet
  facet normal 0 0 1
    outer loop
      vertex 3.73513 15.5579 3
      vertex 4.32624 13.3148 3
      vertex 4.94427 15.2169 3
    endloop
  endfacet
  facet normal 0 0 1
    outer loop
      vertex 3.73513 15.5579 3
      vertex 3.26823 13.6132 3
      vertex 4.32624 13.3148 3
    endloop
  endfacet
  facet normal 0 0 1
    outer loop
      vertex 2.50295 15.803 3
      vertex 3.26823 13.6132 3
      vertex 3.73513 15.5579 3
    endloop
  endfacet
  facet normal 0 0 1
    outer loop
      vertex 2.50295 15.803 3
      vertex 2.19008 13.8276 3
      vertex 3.26823 13.6132 3
    endloop
  endfacet
  facet normal 0 0 1
    outer loop
      vertex 1.25535 15.9507 3
      vertex 2.19008 13.8276 3
      vertex 2.50295 15.803 3
    endloop
  endfacet
  facet normal 0 0 1
    outer loop
      vertex 1.25535 15.9507 3
      vertex 1.09843 13.9568 3
      vertex 2.19008 13.8276 3
    endloop
  endfacet
  facet normal 0 0 1
    outer loop
      vertex 0 16 3
      vertex 1.09843 13.9568 3
      vertex 1.25535 15.9507 3
    endloop
  endfacet
  facet normal 0 0 1
    outer loop
      vertex 0 16 3
      vertex 0 14 3
      vertex 1.09843 13.9568 3
    endloop
  endfacet
  facet normal 0 0 1
    outer loop
      vertex 0 16 3
      vertex -1.09843 13.9568 3
      vertex 0 14 3
    endloop
  endfacet
  facet normal -0 0 1
    outer loop
      vertex -1.25535 15.9507 3
      vertex -1.09843 13.9568 3
      vertex 0 16 3
    endloop
  endfacet
  facet normal 0 0 1
    outer loop
      vertex -1.25535 15.9507 3
      vertex -2.19008 13.8276 3
      vertex -1.09843 13.9568 3
    endloop
  endfacet
  facet normal -0 0 1
    outer loop
      vertex -2.50295 15.803 3
      vertex -2.19008 13.8276 3
      vertex -1.25535 15.9507 3
    endloop
  endfacet
  facet normal 0 0 1
    outer loop
      vertex -2.50295 15.803 3
      vertex -3.26823 13.6132 3
      vertex -2.19008 13.8276 3
    endloop
  endfacet
  facet normal -0 0 1
    outer loop
      vertex -3.73513 15.5579 3
      vertex -3.26823 13.6132 3
      vertex -2.50295 15.803 3
    endloop
  endfacet
  facet normal 0 0 1
    outer loop
      vertex -3.73513 15.5579 3
      vertex -4.32624 13.3148 3
      vertex -3.26823 13.6132 3
    endloop
  endfacet
  facet normal -0 0 1
    outer loop
      vertex -4.94427 15.2169 3
      vertex -4.32624 13.3148 3
      vertex -3.73513 15.5579 3
    endloop
  endfacet
  facet normal 0 0 1
    outer loop
      vertex -4.94427 15.2169 3
      vertex -5.35757 12.9343 3
      vertex -4.32624 13.3148 3
    endloop
  endfacet
  facet normal -0 0 1
    outer loop
      vertex -6.12293 14.7821 3
      vertex -5.35757 12.9343 3
      vertex -4.94427 15.2169 3
    endloop
  endfacet
  facet normal 0 0 1
    outer loop
      vertex -6.12293 14.7821 3
      vertex -6.35587 12.4741 3
      vertex -5.35757 12.9343 3
    endloop
  endfacet
  facet normal -0 0 1
    outer loop
      vertex -7.26385 14.2561 3
      vertex -6.35587 12.4741 3
      vertex -6.12293 14.7821 3
    endloop
  endfacet
  facet normal 0 0 1
    outer loop
      vertex -7.26385 14.2561 3
      vertex -7.31498 11.937 3
      vertex -6.35587 12.4741 3
    endloop
  endfacet
  facet normal -0 0 1
    outer loop
      vertex -8.35998 13.6422 3
      vertex -7.31498 11.937 3
      vertex -7.26385 14.2561 3
    endloop
  endfacet
  facet normal 0 0 1
    outer loop
      vertex -7.31498 11.937 3
      vertex -8.35998 13.6422 3
      vertex -8.22899 11.3262 3
    endloop
  endfacet
  facet normal -0 0 1
    outer loop
      vertex -9.40456 12.9443 3
      vertex -8.22899 11.3262 3
      vertex -8.35998 13.6422 3
    endloop
  endfacet
  facet normal 0 0 1
    outer loop
      vertex -8.22899 11.3262 3
      vertex -9.40456 12.9443 3
      vertex -9.09227 10.6457 3
    endloop
  endfacet
  facet normal -0 0 1
    outer loop
      vertex -10.3912 12.1665 3
      vertex -9.09227 10.6457 3
      vertex -9.40456 12.9443 3
    endloop
  endfacet
  facet normal 0 0 1
    outer loop
      vertex -9.09227 10.6457 3
      vertex -10.3912 12.1665 3
      vertex -9.89949 9.89949 3
    endloop
  endfacet
  facet normal -0 0 1
    outer loop
      vertex -11.3137 11.3137 3
      vertex -9.89949 9.89949 3
      vertex -10.3912 12.1665 3
    endloop
  endfacet
  facet normal 0 0 1
    outer loop
      vertex -9.89949 9.89949 3
      vertex -11.3137 11.3137 3
      vertex -10.6457 9.09227 3
    endloop
  endfacet
  facet normal -0 0 1
    outer loop
      vertex -12.1665 10.3912 3
      vertex -10.6457 9.09227 3
      vertex -11.3137 11.3137 3
    endloop
  endfacet
  facet normal 0 0 1
    outer loop
      vertex -10.6457 9.09227 3
      vertex -12.1665 10.3912 3
      vertex -11.3262 8.22899 3
    endloop
  endfacet
  facet normal -0 0 1
    outer loop
      vertex -12.9443 9.40456 3
      vertex -11.3262 8.22899 3
      vertex -12.1665 10.3912 3
    endloop
  endfacet
  facet normal 0 0 1
    outer loop
      vertex -11.3262 8.22899 3
      vertex -12.9443 9.40456 3
      vertex -11.937 7.31498 3
    endloop
  endfacet
  facet normal -0 0 1
    outer loop
      vertex -13.6422 8.35998 3
      vertex -11.937 7.31498 3
      vertex -12.9443 9.40456 3
    endloop
  endfacet
  facet normal 0 0 1
    outer loop
      vertex -11.937 7.31498 3
      vertex -13.6422 8.35998 3
      vertex -12.4741 6.35587 3
    endloop
  endfacet
  facet normal -0 0 1
    outer loop
      vertex -14.2561 7.26385 3
      vertex -12.4741 6.35587 3
      vertex -13.6422 8.35998 3
    endloop
  endfacet
  facet normal 0 0 1
    outer loop
      vertex -12.4741 6.35587 3
      vertex -14.2561 7.26385 3
      vertex -12.9343 5.35757 3
    endloop
  endfacet
  facet normal -0 0 1
    outer loop
      vertex -14.7821 6.12293 3
      vertex -12.9343 5.35757 3
      vertex -14.2561 7.26385 3
    endloop
  endfacet
  facet normal 0 0 1
    outer loop
      vertex -12.9343 5.35757 3
      vertex -14.7821 6.12293 3
      vertex -13.3148 4.32624 3
    endloop
  endfacet
  facet normal -0 0 1
    outer loop
      vertex -15.2169 4.94427 3
      vertex -13.3148 4.32624 3
      vertex -14.7821 6.12293 3
    endloop
  endfacet
  facet normal -0 0 1
    outer loop
      vertex -15.5579 3.73513 3
      vertex -13.6132 3.26823 3
      vertex -15.2169 4.94427 3
    endloop
  endfacet
  facet normal 0 0 1
    outer loop
      vertex -13.3148 4.32624 3
      vertex -15.2169 4.94427 3
      vertex -13.6132 3.26823 3
    endloop
  endfacet
  facet normal -0 0 1
    outer loop
      vertex 13.8501 -2 3
      vertex 15.803 -2.50295 3
      vertex 15.8625 -2 3
    endloop
  endfacet
  facet normal 0 0 1
    outer loop
      vertex 15.803 -2.50295 3
      vertex 13.8276 -2.19008 3
      vertex 15.5579 -3.73513 3
    endloop
  endfacet
  facet normal 0 0 1
    outer loop
      vertex 15.5579 -3.73513 3
      vertex 13.6132 -3.26823 3
      vertex 15.2169 -4.94427 3
    endloop
  endfacet
  facet normal -0 0 1
    outer loop
      vertex 13.3148 -4.32624 3
      vertex 15.2169 -4.94427 3
      vertex 13.6132 -3.26823 3
    endloop
  endfacet
  facet normal 0 0 1
    outer loop
      vertex 15.803 -2.50295 3
      vertex 13.8501 -2 3
      vertex 13.8276 -2.19008 3
    endloop
  endfacet
  facet normal 0 0 1
    outer loop
      vertex 15.5579 -3.73513 3
      vertex 13.8276 -2.19008 3
      vertex 13.6132 -3.26823 3
    endloop
  endfacet
  facet normal 0 0 1
    outer loop
      vertex 15.2169 -4.94427 3
      vertex 13.3148 -4.32624 3
      vertex 14.7821 -6.12293 3
    endloop
  endfacet
  facet normal -0 0 1
    outer loop
      vertex 12.9343 -5.35757 3
      vertex 14.7821 -6.12293 3
      vertex 13.3148 -4.32624 3
    endloop
  endfacet
  facet normal 0 0 1
    outer loop
      vertex 14.7821 -6.12293 3
      vertex 12.9343 -5.35757 3
      vertex 14.2561 -7.26385 3
    endloop
  endfacet
  facet normal -0 0 1
    outer loop
      vertex 12.4741 -6.35587 3
      vertex 14.2561 -7.26385 3
      vertex 12.9343 -5.35757 3
    endloop
  endfacet
  facet normal 0 0 1
    outer loop
      vertex 14.2561 -7.26385 3
      vertex 12.4741 -6.35587 3
      vertex 13.6422 -8.35998 3
    endloop
  endfacet
  facet normal -0 0 1
    outer loop
      vertex 11.937 -7.31498 3
      vertex 13.6422 -8.35998 3
      vertex 12.4741 -6.35587 3
    endloop
  endfacet
  facet normal 0 0 1
    outer loop
      vertex 13.6422 -8.35998 3
      vertex 11.937 -7.31498 3
      vertex 12.9443 -9.40456 3
    endloop
  endfacet
  facet normal -0 0 1
    outer loop
      vertex 11.3262 -8.22899 3
      vertex 12.9443 -9.40456 3
      vertex 11.937 -7.31498 3
    endloop
  endfacet
  facet normal 0 0 1
    outer loop
      vertex 12.9443 -9.40456 3
      vertex 11.3262 -8.22899 3
      vertex 12.1665 -10.3912 3
    endloop
  endfacet
  facet normal -0 0 1
    outer loop
      vertex 10.6457 -9.09227 3
      vertex 12.1665 -10.3912 3
      vertex 11.3262 -8.22899 3
    endloop
  endfacet
  facet normal 0 0 1
    outer loop
      vertex 12.1665 -10.3912 3
      vertex 10.6457 -9.09227 3
      vertex 11.3137 -11.3137 3
    endloop
  endfacet
  facet normal -0 0 1
    outer loop
      vertex 9.89949 -9.89949 3
      vertex 11.3137 -11.3137 3
      vertex 10.6457 -9.09227 3
    endloop
  endfacet
  facet normal 0 0 1
    outer loop
      vertex 11.3137 -11.3137 3
      vertex 9.89949 -9.89949 3
      vertex 10.3912 -12.1665 3
    endloop
  endfacet
  facet normal -0 0 1
    outer loop
      vertex 9.09227 -10.6457 3
      vertex 10.3912 -12.1665 3
      vertex 9.89949 -9.89949 3
    endloop
  endfacet
  facet normal 0 0 1
    outer loop
      vertex 10.3912 -12.1665 3
      vertex 9.09227 -10.6457 3
      vertex 9.40456 -12.9443 3
    endloop
  endfacet
  facet normal -0 0 1
    outer loop
      vertex 8.22899 -11.3262 3
      vertex 9.40456 -12.9443 3
      vertex 9.09227 -10.6457 3
    endloop
  endfacet
  facet normal 0 0 1
    outer loop
      vertex 9.40456 -12.9443 3
      vertex 8.22899 -11.3262 3
      vertex 8.35998 -13.6422 3
    endloop
  endfacet
  facet normal -0 0 1
    outer loop
      vertex 7.31498 -11.937 3
      vertex 8.35998 -13.6422 3
      vertex 8.22899 -11.3262 3
    endloop
  endfacet
  facet normal 0 0 1
    outer loop
      vertex 7.31498 -11.937 3
      vertex 7.26385 -14.2561 3
      vertex 8.35998 -13.6422 3
    endloop
  endfacet
  facet normal -0 0 1
    outer loop
      vertex 6.35587 -12.4741 3
      vertex 7.26385 -14.2561 3
      vertex 7.31498 -11.937 3
    endloop
  endfacet
  facet normal 0 0 1
    outer loop
      vertex 6.35587 -12.4741 3
      vertex 6.12293 -14.7821 3
      vertex 7.26385 -14.2561 3
    endloop
  endfacet
  facet normal -0 0 1
    outer loop
      vertex 5.35757 -12.9343 3
      vertex 6.12293 -14.7821 3
      vertex 6.35587 -12.4741 3
    endloop
  endfacet
  facet normal 0 0 1
    outer loop
      vertex 5.35757 -12.9343 3
      vertex 4.94427 -15.2169 3
      vertex 6.12293 -14.7821 3
    endloop
  endfacet
  facet normal -0 0 1
    outer loop
      vertex 4.32624 -13.3148 3
      vertex 4.94427 -15.2169 3
      vertex 5.35757 -12.9343 3
    endloop
  endfacet
  facet normal 0 0 1
    outer loop
      vertex 4.32624 -13.3148 3
      vertex 3.73513 -15.5579 3
      vertex 4.94427 -15.2169 3
    endloop
  endfacet
  facet normal -0 0 1
    outer loop
      vertex 3.26823 -13.6132 3
      vertex 3.73513 -15.5579 3
      vertex 4.32624 -13.3148 3
    endloop
  endfacet
  facet normal 0 0 1
    outer loop
      vertex 3.26823 -13.6132 3
      vertex 2.50295 -15.803 3
      vertex 3.73513 -15.5579 3
    endloop
  endfacet
  facet normal -0 0 1
    outer loop
      vertex 2.19008 -13.8276 3
      vertex 2.50295 -15.803 3
      vertex 3.26823 -13.6132 3
    endloop
  endfacet
  facet normal 0 0 1
    outer loop
      vertex 2.19008 -13.8276 3
      vertex 1.25535 -15.9507 3
      vertex 2.50295 -15.803 3
    endloop
  endfacet
  facet normal -0 0 1
    outer loop
      vertex 1.09843 -13.9568 3
      vertex 1.25535 -15.9507 3
      vertex 2.19008 -13.8276 3
    endloop
  endfacet
  facet normal -0 0 1
    outer loop
      vertex 0 -14 3
      vertex 1.25535 -15.9507 3
      vertex 1.09843 -13.9568 3
    endloop
  endfacet
  facet normal 0 0 1
    outer loop
      vertex 0 -14 3
      vertex 0 -16 3
      vertex 1.25535 -15.9507 3
    endloop
  endfacet
  facet normal 0 0 1
    outer loop
      vertex -1.09843 -13.9568 3
      vertex 0 -16 3
      vertex 0 -14 3
    endloop
  endfacet
  facet normal 0 0 1
    outer loop
      vertex -1.09843 -13.9568 3
      vertex -1.25535 -15.9507 3
      vertex 0 -16 3
    endloop
  endfacet
  facet normal 0 0 1
    outer loop
      vertex -2.19008 -13.8276 3
      vertex -1.25535 -15.9507 3
      vertex -1.09843 -13.9568 3
    endloop
  endfacet
  facet normal 0 0 1
    outer loop
      vertex -2.19008 -13.8276 3
      vertex -2.50295 -15.803 3
      vertex -1.25535 -15.9507 3
    endloop
  endfacet
  facet normal 0 0 1
    outer loop
      vertex -3.26823 -13.6132 3
      vertex -2.50295 -15.803 3
      vertex -2.19008 -13.8276 3
    endloop
  endfacet
  facet normal 0 0 1
    outer loop
      vertex -3.26823 -13.6132 3
      vertex -3.73513 -15.5579 3
      vertex -2.50295 -15.803 3
    endloop
  endfacet
  facet normal 0 0 1
    outer loop
      vertex -4.32624 -13.3148 3
      vertex -3.73513 -15.5579 3
      vertex -3.26823 -13.6132 3
    endloop
  endfacet
  facet normal 0 0 1
    outer loop
      vertex -4.32624 -13.3148 3
      vertex -4.94427 -15.2169 3
      vertex -3.73513 -15.5579 3
    endloop
  endfacet
  facet normal 0 0 1
    outer loop
      vertex -5.35757 -12.9343 3
      vertex -4.94427 -15.2169 3
      vertex -4.32624 -13.3148 3
    endloop
  endfacet
  facet normal 0 0 1
    outer loop
      vertex -5.35757 -12.9343 3
      vertex -6.12293 -14.7821 3
      vertex -4.94427 -15.2169 3
    endloop
  endfacet
  facet normal 0 0 1
    outer loop
      vertex -6.35587 -12.4741 3
      vertex -6.12293 -14.7821 3
      vertex -5.35757 -12.9343 3
    endloop
  endfacet
  facet normal 0 0 1
    outer loop
      vertex -6.35587 -12.4741 3
      vertex -7.26385 -14.2561 3
      vertex -6.12293 -14.7821 3
    endloop
  endfacet
  facet normal 0 0 1
    outer loop
      vertex -7.31498 -11.937 3
      vertex -7.26385 -14.2561 3
      vertex -6.35587 -12.4741 3
    endloop
  endfacet
  facet normal 0 0 1
    outer loop
      vertex -8.35998 -13.6422 3
      vertex -7.31498 -11.937 3
      vertex -8.22899 -11.3262 3
    endloop
  endfacet
  facet normal 0 0 1
    outer loop
      vertex -7.31498 -11.937 3
      vertex -8.35998 -13.6422 3
      vertex -7.26385 -14.2561 3
    endloop
  endfacet
  facet normal 0 0 1
    outer loop
      vertex -9.40456 -12.9443 3
      vertex -8.22899 -11.3262 3
      vertex -9.09227 -10.6457 3
    endloop
  endfacet
  facet normal 0 0 1
    outer loop
      vertex -8.22899 -11.3262 3
      vertex -9.40456 -12.9443 3
      vertex -8.35998 -13.6422 3
    endloop
  endfacet
  facet normal 0 0 1
    outer loop
      vertex -10.3912 -12.1665 3
      vertex -9.09227 -10.6457 3
      vertex -9.89949 -9.89949 3
    endloop
  endfacet
  facet normal 0 0 1
    outer loop
      vertex -9.09227 -10.6457 3
      vertex -10.3912 -12.1665 3
      vertex -9.40456 -12.9443 3
    endloop
  endfacet
  facet normal 0 0 1
    outer loop
      vertex -11.3137 -11.3137 3
      vertex -9.89949 -9.89949 3
      vertex -10.6457 -9.09227 3
    endloop
  endfacet
  facet normal 0 0 1
    outer loop
      vertex -9.89949 -9.89949 3
      vertex -11.3137 -11.3137 3
      vertex -10.3912 -12.1665 3
    endloop
  endfacet
  facet normal 0 0 1
    outer loop
      vertex -12.1665 -10.3912 3
      vertex -10.6457 -9.09227 3
      vertex -11.3262 -8.22899 3
    endloop
  endfacet
  facet normal 0 0 1
    outer loop
      vertex -12.9443 -9.40456 3
      vertex -11.3262 -8.22899 3
      vertex -11.937 -7.31498 3
    endloop
  endfacet
  facet normal 0 0 1
    outer loop
      vertex -10.6457 -9.09227 3
      vertex -12.1665 -10.3912 3
      vertex -11.3137 -11.3137 3
    endloop
  endfacet
  facet normal 0 0 1
    outer loop
      vertex -13.6422 -8.35998 3
      vertex -11.937 -7.31498 3
      vertex -12.4741 -6.35587 3
    endloop
  endfacet
  facet normal 0 0 1
    outer loop
      vertex -14.2561 -7.26385 3
      vertex -12.4741 -6.35587 3
      vertex -12.9343 -5.35757 3
    endloop
  endfacet
  facet normal 0 0 1
    outer loop
      vertex -11.3262 -8.22899 3
      vertex -12.9443 -9.40456 3
      vertex -12.1665 -10.3912 3
    endloop
  endfacet
  facet normal 0 0 1
    outer loop
      vertex -14.7821 -6.12293 3
      vertex -12.9343 -5.35757 3
      vertex -13.3148 -4.32624 3
    endloop
  endfacet
  facet normal 0 0 1
    outer loop
      vertex -15.2169 -4.94427 3
      vertex -13.3148 -4.32624 3
      vertex -13.6132 -3.26823 3
    endloop
  endfacet
  facet normal 0 0 1
    outer loop
      vertex -11.937 -7.31498 3
      vertex -13.6422 -8.35998 3
      vertex -12.9443 -9.40456 3
    endloop
  endfacet
  facet normal 0 0 1
    outer loop
      vertex -15.5579 -3.73513 3
      vertex -13.6132 -3.26823 3
      vertex -13.8276 -2.19008 3
    endloop
  endfacet
  facet normal 0 0 1
    outer loop
      vertex -15.803 -2.50295 3
      vertex -13.8276 -2.19008 3
      vertex -13.9568 -1.09843 3
    endloop
  endfacet
  facet normal 0 0 1
    outer loop
      vertex -12.4741 -6.35587 3
      vertex -14.2561 -7.26385 3
      vertex -13.6422 -8.35998 3
    endloop
  endfacet
  facet normal 0 0 1
    outer loop
      vertex -15.9507 -1.25535 3
      vertex -13.9568 -1.09843 3
      vertex -14 0 3
    endloop
  endfacet
  facet normal 0 0 1
    outer loop
      vertex -13.6132 3.26823 3
      vertex -15.5579 3.73513 3
      vertex -13.8276 2.19008 3
    endloop
  endfacet
  facet normal -0 0 1
    outer loop
      vertex -15.803 2.50295 3
      vertex -13.8276 2.19008 3
      vertex -15.5579 3.73513 3
    endloop
  endfacet
  facet normal 0 0 1
    outer loop
      vertex -12.9343 -5.35757 3
      vertex -14.7821 -6.12293 3
      vertex -14.2561 -7.26385 3
    endloop
  endfacet
  facet normal 0 0 1
    outer loop
      vertex -13.8276 2.19008 3
      vertex -15.803 2.50295 3
      vertex -13.9568 1.09843 3
    endloop
  endfacet
  facet normal 0 0 1
    outer loop
      vertex -13.3148 -4.32624 3
      vertex -15.2169 -4.94427 3
      vertex -14.7821 -6.12293 3
    endloop
  endfacet
  facet normal -0 0 1
    outer loop
      vertex -15.9507 1.25535 3
      vertex -13.9568 1.09843 3
      vertex -15.803 2.50295 3
    endloop
  endfacet
  facet normal 0 0 1
    outer loop
      vertex -13.6132 -3.26823 3
      vertex -15.5579 -3.73513 3
      vertex -15.2169 -4.94427 3
    endloop
  endfacet
  facet normal 0 0 1
    outer loop
      vertex -13.9568 1.09843 3
      vertex -15.9507 1.25535 3
      vertex -14 0 3
    endloop
  endfacet
  facet normal 0 0 1
    outer loop
      vertex -13.8276 -2.19008 3
      vertex -15.803 -2.50295 3
      vertex -15.5579 -3.73513 3
    endloop
  endfacet
  facet normal 0 0 1
    outer loop
      vertex -16 0 3
      vertex -14 0 3
      vertex -15.9507 1.25535 3
    endloop
  endfacet
  facet normal 0 0 1
    outer loop
      vertex -13.9568 -1.09843 3
      vertex -15.9507 -1.25535 3
      vertex -15.803 -2.50295 3
    endloop
  endfacet
  facet normal 0 0 1
    outer loop
      vertex -14 0 3
      vertex -16 0 3
      vertex -15.9507 -1.25535 3
    endloop
  endfacet
  facet normal 0.619092 -0.785319 0
    outer loop
      vertex 9.40456 -12.9443 0
      vertex 10.3912 -12.1665 3
      vertex 9.40456 -12.9443 3
    endloop
  endfacet
  facet normal 0.619092 -0.785319 0
    outer loop
      vertex 10.3912 -12.1665 3
      vertex 9.40456 -12.9443 0
      vertex 10.3912 -12.1665 0
    endloop
  endfacet
  facet normal -0.488644 -0.872483 0
    outer loop
      vertex -8.35998 -13.6422 0
      vertex -7.26385 -14.2561 3
      vertex -8.35998 -13.6422 3
    endloop
  endfacet
  facet normal -0.488644 -0.872483 -0
    outer loop
      vertex -7.26385 -14.2561 3
      vertex -8.35998 -13.6422 0
      vertex -7.26385 -14.2561 0
    endloop
  endfacet
  facet normal -0.908134 0.418679 0
    outer loop
      vertex -14.7821 6.12293 0
      vertex -14.2561 7.26385 3
      vertex -14.2561 7.26385 0
    endloop
  endfacet
  facet normal -0.908134 0.418679 0
    outer loop
      vertex -14.2561 7.26385 3
      vertex -14.7821 6.12293 0
      vertex -14.7821 6.12293 3
    endloop
  endfacet
  facet normal 0.488602 0.872507 -0
    outer loop
      vertex 7.31498 11.937 3
      vertex 6.35587 12.4741 23
      vertex 7.31498 11.937 23
    endloop
  endfacet
  facet normal 0.488602 0.872507 0
    outer loop
      vertex 6.35587 12.4741 23
      vertex 7.31498 11.937 3
      vertex 6.35587 12.4741 3
    endloop
  endfacet
  facet normal 0.993067 0.117551 0
    outer loop
      vertex 13.8501 2 23
      vertex 13.8276 2.19008 3
      vertex 13.8276 2.19008 23
    endloop
  endfacet
  facet normal 0.993067 0.117551 0
    outer loop
      vertex 13.8276 2.19008 3
      vertex 13.8501 2 23
      vertex 13.8501 2 3
    endloop
  endfacet
  facet normal 0.678812 -0.734312 0
    outer loop
      vertex 9.09227 -10.6457 3
      vertex 9.89949 -9.89949 23
      vertex 9.09227 -10.6457 23
    endloop
  endfacet
  facet normal 0.678812 -0.734312 0
    outer loop
      vertex 9.89949 -9.89949 23
      vertex 9.09227 -10.6457 3
      vertex 9.89949 -9.89949 3
    endloop
  endfacet
  facet normal -0.938185 0.346135 0
    outer loop
      vertex -13.3148 4.32624 3
      vertex -12.9343 5.35757 23
      vertex -12.9343 5.35757 3
    endloop
  endfacet
  facet normal -0.938185 0.346135 0
    outer loop
      vertex -12.9343 5.35757 23
      vertex -13.3148 4.32624 3
      vertex -13.3148 4.32624 23
    endloop
  endfacet
  facet normal 0.678812 0.734312 -0
    outer loop
      vertex 9.89949 9.89949 3
      vertex 9.09227 10.6457 23
      vertex 9.89949 9.89949 23
    endloop
  endfacet
  facet normal 0.678812 0.734312 0
    outer loop
      vertex 9.09227 10.6457 23
      vertex 9.89949 9.89949 3
      vertex 9.09227 10.6457 3
    endloop
  endfacet
  facet normal -0.980795 -0.19504 0
    outer loop
      vertex -13.6132 -3.26823 3
      vertex -13.8276 -2.19008 23
      vertex -13.8276 -2.19008 3
    endloop
  endfacet
  facet normal -0.980795 -0.19504 0
    outer loop
      vertex -13.8276 -2.19008 23
      vertex -13.6132 -3.26823 3
      vertex -13.6132 -3.26823 23
    endloop
  endfacet
  facet normal 0.271449 -0.962453 0
    outer loop
      vertex 3.26823 -13.6132 3
      vertex 4.32624 -13.3148 23
      vertex 3.26823 -13.6132 23
    endloop
  endfacet
  facet normal 0.271449 -0.962453 0
    outer loop
      vertex 4.32624 -13.3148 23
      vertex 3.26823 -13.6132 3
      vertex 4.32624 -13.3148 3
    endloop
  endfacet
  facet normal 0.0392985 0.999228 -0
    outer loop
      vertex 1.09843 13.9568 3
      vertex 0 14 23
      vertex 1.09843 13.9568 23
    endloop
  endfacet
  facet normal 0.0392985 0.999228 0
    outer loop
      vertex 0 14 23
      vertex 1.09843 13.9568 3
      vertex 0 14 3
    endloop
  endfacet
  facet normal 0.117533 -0.993069 0
    outer loop
      vertex 1.09843 -13.9568 3
      vertex 2.19008 -13.8276 23
      vertex 1.09843 -13.9568 23
    endloop
  endfacet
  facet normal 0.117533 -0.993069 0
    outer loop
      vertex 2.19008 -13.8276 23
      vertex 1.09843 -13.9568 3
      vertex 2.19008 -13.8276 3
    endloop
  endfacet
  facet normal -0.734312 0.678812 0
    outer loop
      vertex -10.6457 9.09227 3
      vertex -9.89949 9.89949 23
      vertex -9.89949 9.89949 3
    endloop
  endfacet
  facet normal -0.734312 0.678812 0
    outer loop
      vertex -9.89949 9.89949 23
      vertex -10.6457 9.09227 3
      vertex -10.6457 9.09227 23
    endloop
  endfacet
  facet normal 0.19504 -0.980795 0
    outer loop
      vertex 2.19008 -13.8276 3
      vertex 3.26823 -13.6132 23
      vertex 2.19008 -13.8276 23
    endloop
  endfacet
  facet normal 0.19504 -0.980795 0
    outer loop
      vertex 3.26823 -13.6132 23
      vertex 2.19008 -13.8276 3
      vertex 3.26823 -13.6132 3
    endloop
  endfacet
  facet normal 0.962453 0.271449 0
    outer loop
      vertex 13.6132 3.26823 23
      vertex 13.3148 4.32624 3
      vertex 13.3148 4.32624 23
    endloop
  endfacet
  facet normal 0.962453 0.271449 0
    outer loop
      vertex 13.3148 4.32624 3
      vertex 13.6132 3.26823 23
      vertex 13.6132 3.26823 3
    endloop
  endfacet
  facet normal 0.418643 -0.908151 0
    outer loop
      vertex 5.35757 -12.9343 3
      vertex 6.35587 -12.4741 23
      vertex 5.35757 -12.9343 23
    endloop
  endfacet
  facet normal 0.418643 -0.908151 0
    outer loop
      vertex 6.35587 -12.4741 23
      vertex 5.35757 -12.9343 3
      vertex 6.35587 -12.4741 3
    endloop
  endfacet
  facet normal 0.619063 0.785341 -0
    outer loop
      vertex 9.09227 10.6457 3
      vertex 8.22899 11.3262 23
      vertex 9.09227 10.6457 23
    endloop
  endfacet
  facet normal 0.619063 0.785341 0
    outer loop
      vertex 8.22899 11.3262 23
      vertex 9.09227 10.6457 3
      vertex 8.22899 11.3262 3
    endloop
  endfacet
  facet normal -0.938185 -0.346135 0
    outer loop
      vertex -12.9343 -5.35757 3
      vertex -13.3148 -4.32624 23
      vertex -13.3148 -4.32624 3
    endloop
  endfacet
  facet normal -0.938185 -0.346135 0
    outer loop
      vertex -13.3148 -4.32624 23
      vertex -12.9343 -5.35757 3
      vertex -12.9343 -5.35757 23
    endloop
  endfacet
  facet normal 0.785341 -0.619063 0
    outer loop
      vertex 10.6457 -9.09227 23
      vertex 11.3262 -8.22899 3
      vertex 11.3262 -8.22899 23
    endloop
  endfacet
  facet normal 0.785341 -0.619063 0
    outer loop
      vertex 11.3262 -8.22899 3
      vertex 10.6457 -9.09227 23
      vertex 10.6457 -9.09227 3
    endloop
  endfacet
  facet normal 0.831437 0.555619 0
    outer loop
      vertex 11.937 7.31498 23
      vertex 11.3262 8.22899 3
      vertex 11.3262 8.22899 23
    endloop
  endfacet
  facet normal 0.831437 0.555619 0
    outer loop
      vertex 11.3262 8.22899 3
      vertex 11.937 7.31498 23
      vertex 11.937 7.31498 3
    endloop
  endfacet
  facet normal 0.980795 -0.19504 0
    outer loop
      vertex 13.6132 -3.26823 23
      vertex 13.8276 -2.19008 3
      vertex 13.8276 -2.19008 23
    endloop
  endfacet
  facet normal 0.980795 -0.19504 0
    outer loop
      vertex 13.8276 -2.19008 3
      vertex 13.6132 -3.26823 23
      vertex 13.6132 -3.26823 3
    endloop
  endfacet
  facet normal -0.785341 -0.619063 0
    outer loop
      vertex -10.6457 -9.09227 3
      vertex -11.3262 -8.22899 23
      vertex -11.3262 -8.22899 3
    endloop
  endfacet
  facet normal -0.785341 -0.619063 0
    outer loop
      vertex -11.3262 -8.22899 23
      vertex -10.6457 -9.09227 3
      vertex -10.6457 -9.09227 23
    endloop
  endfacet
  facet normal 0.555619 0.831437 -0
    outer loop
      vertex 8.22899 11.3262 3
      vertex 7.31498 11.937 23
      vertex 8.22899 11.3262 23
    endloop
  endfacet
  facet normal 0.555619 0.831437 0
    outer loop
      vertex 7.31498 11.937 23
      vertex 8.22899 11.3262 3
      vertex 7.31498 11.937 3
    endloop
  endfacet
  facet normal -0.619063 0.785341 0
    outer loop
      vertex -8.22899 11.3262 3
      vertex -9.09227 10.6457 23
      vertex -8.22899 11.3262 23
    endloop
  endfacet
  facet normal -0.619063 0.785341 0
    outer loop
      vertex -9.09227 10.6457 23
      vertex -8.22899 11.3262 3
      vertex -9.09227 10.6457 3
    endloop
  endfacet
  facet normal 0.938185 0.346135 0
    outer loop
      vertex 13.3148 4.32624 23
      vertex 12.9343 5.35757 3
      vertex 12.9343 5.35757 23
    endloop
  endfacet
  facet normal 0.938185 0.346135 0
    outer loop
      vertex 12.9343 5.35757 3
      vertex 13.3148 4.32624 23
      vertex 13.3148 4.32624 3
    endloop
  endfacet
  facet normal 0.938185 -0.346135 0
    outer loop
      vertex 12.9343 -5.35757 23
      vertex 13.3148 -4.32624 3
      vertex 13.3148 -4.32624 23
    endloop
  endfacet
  facet normal 0.938185 -0.346135 0
    outer loop
      vertex 13.3148 -4.32624 3
      vertex 12.9343 -5.35757 23
      vertex 12.9343 -5.35757 3
    endloop
  endfacet
  facet normal 0.346135 0.938185 -0
    outer loop
      vertex 5.35757 12.9343 3
      vertex 4.32624 13.3148 23
      vertex 5.35757 12.9343 23
    endloop
  endfacet
  facet normal 0.346135 0.938185 0
    outer loop
      vertex 4.32624 13.3148 23
      vertex 5.35757 12.9343 3
      vertex 4.32624 13.3148 3
    endloop
  endfacet
  facet normal 0.785341 0.619063 0
    outer loop
      vertex 11.3262 8.22899 23
      vertex 10.6457 9.09227 3
      vertex 10.6457 9.09227 23
    endloop
  endfacet
  facet normal 0.785341 0.619063 0
    outer loop
      vertex 10.6457 9.09227 3
      vertex 11.3262 8.22899 23
      vertex 11.3262 8.22899 3
    endloop
  endfacet
  facet normal -0.908151 -0.418643 0
    outer loop
      vertex -12.4741 -6.35587 3
      vertex -12.9343 -5.35757 23
      vertex -12.9343 -5.35757 3
    endloop
  endfacet
  facet normal -0.908151 -0.418643 0
    outer loop
      vertex -12.9343 -5.35757 23
      vertex -12.4741 -6.35587 3
      vertex -12.4741 -6.35587 23
    endloop
  endfacet
  facet normal 0.117533 0.993069 -0
    outer loop
      vertex 2.19008 13.8276 3
      vertex 1.09843 13.9568 23
      vertex 2.19008 13.8276 23
    endloop
  endfacet
  facet normal 0.117533 0.993069 0
    outer loop
      vertex 1.09843 13.9568 23
      vertex 2.19008 13.8276 3
      vertex 1.09843 13.9568 3
    endloop
  endfacet
  facet normal -0.555619 0.831437 0
    outer loop
      vertex -7.31498 11.937 3
      vertex -8.22899 11.3262 23
      vertex -7.31498 11.937 23
    endloop
  endfacet
  facet normal -0.555619 0.831437 0
    outer loop
      vertex -8.22899 11.3262 23
      vertex -7.31498 11.937 3
      vertex -8.22899 11.3262 3
    endloop
  endfacet
  facet normal -0.619063 -0.785341 0
    outer loop
      vertex -9.09227 -10.6457 3
      vertex -8.22899 -11.3262 23
      vertex -9.09227 -10.6457 23
    endloop
  endfacet
  facet normal -0.619063 -0.785341 -0
    outer loop
      vertex -8.22899 -11.3262 23
      vertex -9.09227 -10.6457 3
      vertex -8.22899 -11.3262 3
    endloop
  endfacet
  facet normal -0.271449 -0.962453 0
    outer loop
      vertex -4.32624 -13.3148 3
      vertex -3.26823 -13.6132 23
      vertex -4.32624 -13.3148 23
    endloop
  endfacet
  facet normal -0.271449 -0.962453 -0
    outer loop
      vertex -3.26823 -13.6132 23
      vertex -4.32624 -13.3148 3
      vertex -3.26823 -13.6132 3
    endloop
  endfacet
  facet normal 0.19504 0.980795 -0
    outer loop
      vertex 3.26823 13.6132 3
      vertex 2.19008 13.8276 23
      vertex 3.26823 13.6132 23
    endloop
  endfacet
  facet normal 0.19504 0.980795 0
    outer loop
      vertex 2.19008 13.8276 23
      vertex 3.26823 13.6132 3
      vertex 2.19008 13.8276 3
    endloop
  endfacet
  facet normal -0.346135 -0.938185 0
    outer loop
      vertex -5.35757 -12.9343 3
      vertex -4.32624 -13.3148 23
      vertex -5.35757 -12.9343 23
    endloop
  endfacet
  facet normal -0.346135 -0.938185 -0
    outer loop
      vertex -4.32624 -13.3148 23
      vertex -5.35757 -12.9343 3
      vertex -4.32624 -13.3148 3
    endloop
  endfacet
  facet normal 0.555619 -0.831437 0
    outer loop
      vertex 7.31498 -11.937 3
      vertex 8.22899 -11.3262 23
      vertex 7.31498 -11.937 23
    endloop
  endfacet
  facet normal 0.555619 -0.831437 0
    outer loop
      vertex 8.22899 -11.3262 23
      vertex 7.31498 -11.937 3
      vertex 8.22899 -11.3262 3
    endloop
  endfacet
  facet normal 0.734312 -0.678812 0
    outer loop
      vertex 9.89949 -9.89949 23
      vertex 10.6457 -9.09227 3
      vertex 10.6457 -9.09227 23
    endloop
  endfacet
  facet normal 0.734312 -0.678812 0
    outer loop
      vertex 10.6457 -9.09227 3
      vertex 9.89949 -9.89949 23
      vertex 9.89949 -9.89949 3
    endloop
  endfacet
  facet normal 0.0392985 -0.999228 0
    outer loop
      vertex 0 -14 3
      vertex 1.09843 -13.9568 23
      vertex 0 -14 23
    endloop
  endfacet
  facet normal 0.0392985 -0.999228 0
    outer loop
      vertex 1.09843 -13.9568 23
      vertex 0 -14 3
      vertex 1.09843 -13.9568 3
    endloop
  endfacet
  facet normal 0.962453 -0.271449 0
    outer loop
      vertex 13.3148 -4.32624 23
      vertex 13.6132 -3.26823 3
      vertex 13.6132 -3.26823 23
    endloop
  endfacet
  facet normal 0.962453 -0.271449 0
    outer loop
      vertex 13.6132 -3.26823 3
      vertex 13.3148 -4.32624 23
      vertex 13.3148 -4.32624 3
    endloop
  endfacet
  facet normal 0.831437 -0.555619 0
    outer loop
      vertex 11.3262 -8.22899 23
      vertex 11.937 -7.31498 3
      vertex 11.937 -7.31498 23
    endloop
  endfacet
  facet normal 0.831437 -0.555619 0
    outer loop
      vertex 11.937 -7.31498 3
      vertex 11.3262 -8.22899 23
      vertex 11.3262 -8.22899 3
    endloop
  endfacet
  facet normal -0 0 1
    outer loop
      vertex 13.8501 2 23
      vertex 16 -2 23
      vertex 16 2 23
    endloop
  endfacet
  facet normal 0 0 1
    outer loop
      vertex 13.8501 2 23
      vertex 13.8501 -2 23
      vertex 16 -2 23
    endloop
  endfacet
  facet normal 0 0 1
    outer loop
      vertex 11.1394 0.0861324 23
      vertex 13.8501 2 23
      vertex 13.8276 2.19008 23
    endloop
  endfacet
  facet normal 0 0 1
    outer loop
      vertex 13.8501 2 23
      vertex 11.1892 0 23
      vertex 13.8501 -2 23
    endloop
  endfacet
  facet normal 0 0 1
    outer loop
      vertex 11.1394 0.0861324 23
      vertex 13.8276 2.19008 23
      vertex 13.6132 3.26823 23
    endloop
  endfacet
  facet normal -0 0 1
    outer loop
      vertex 11.1394 -0.0861324 23
      vertex 13.8501 -2 23
      vertex 11.1892 0 23
    endloop
  endfacet
  facet normal 0 0 1
    outer loop
      vertex 11.1394 0.0861324 23
      vertex 13.6132 3.26823 23
      vertex 13.3148 4.32624 23
    endloop
  endfacet
  facet normal 0 0 1
    outer loop
      vertex 13.8501 -2 23
      vertex 11.1394 -0.0861324 23
      vertex 13.8276 -2.19008 23
    endloop
  endfacet
  facet normal 0 0 1
    outer loop
      vertex 11.1394 0.0861324 23
      vertex 13.3148 4.32624 23
      vertex 12.9343 5.35757 23
    endloop
  endfacet
  facet normal 0 0 1
    outer loop
      vertex 13.8276 -2.19008 23
      vertex 11.1394 -0.0861324 23
      vertex 13.6132 -3.26823 23
    endloop
  endfacet
  facet normal 0 0 1
    outer loop
      vertex 11.1394 0.0861324 23
      vertex 12.9343 5.35757 23
      vertex 12.4741 6.35587 23
    endloop
  endfacet
  facet normal 0 0 1
    outer loop
      vertex 13.6132 -3.26823 23
      vertex 11.1394 -0.0861324 23
      vertex 13.3148 -4.32624 23
    endloop
  endfacet
  facet normal 0 0 1
    outer loop
      vertex 11.1394 0.0861324 23
      vertex 12.4741 6.35587 23
      vertex 11.937 7.31498 23
    endloop
  endfacet
  facet normal 0 0 1
    outer loop
      vertex 13.3148 -4.32624 23
      vertex 11.1394 -0.0861324 23
      vertex 12.9343 -5.35757 23
    endloop
  endfacet
  facet normal 0 0 1
    outer loop
      vertex 5.59458 9.6901 23
      vertex 11.937 7.31498 23
      vertex 11.3262 8.22899 23
    endloop
  endfacet
  facet normal 0 0 1
    outer loop
      vertex 12.9343 -5.35757 23
      vertex 11.1394 -0.0861324 23
      vertex 12.4741 -6.35587 23
    endloop
  endfacet
  facet normal 0 0 1
    outer loop
      vertex 12.4741 -6.35587 23
      vertex 11.1394 -0.0861324 23
      vertex 11.937 -7.31498 23
    endloop
  endfacet
  facet normal 0 0 1
    outer loop
      vertex 13.8501 2 23
      vertex 11.1394 0.0861324 23
      vertex 11.1892 0 23
    endloop
  endfacet
  facet normal 0 0 1
    outer loop
      vertex 5.59458 9.6901 23
      vertex 11.3262 8.22899 23
      vertex 10.6457 9.09227 23
    endloop
  endfacet
  facet normal -0 0 1
    outer loop
      vertex 5.59458 9.6901 23
      vertex 10.6457 9.09227 23
      vertex 9.89949 9.89949 23
    endloop
  endfacet
  facet normal 0 0 1
    outer loop
      vertex 5.59458 9.6901 23
      vertex 9.89949 9.89949 23
      vertex 9.09227 10.6457 23
    endloop
  endfacet
  facet normal 0 0 1
    outer loop
      vertex 5.59458 9.6901 23
      vertex 9.09227 10.6457 23
      vertex 8.22899 11.3262 23
    endloop
  endfacet
  facet normal 0 0 1
    outer loop
      vertex 5.59458 9.6901 23
      vertex 8.22899 11.3262 23
      vertex 7.31498 11.937 23
    endloop
  endfacet
  facet normal 0 0 1
    outer loop
      vertex 5.59458 9.6901 23
      vertex 7.31498 11.937 23
      vertex 6.35587 12.4741 23
    endloop
  endfacet
  facet normal 0 0 1
    outer loop
      vertex 11.937 7.31498 23
      vertex 5.59458 9.6901 23
      vertex 11.1394 0.0861324 23
    endloop
  endfacet
  facet normal 0 0 1
    outer loop
      vertex 5.35757 12.9343 23
      vertex 5.59458 9.6901 23
      vertex 6.35587 12.4741 23
    endloop
  endfacet
  facet normal 0 0 1
    outer loop
      vertex 4.32624 13.3148 23
      vertex 5.59458 9.6901 23
      vertex 5.35757 12.9343 23
    endloop
  endfacet
  facet normal 0 0 1
    outer loop
      vertex 3.26823 13.6132 23
      vertex 5.59458 9.6901 23
      vertex 4.32624 13.3148 23
    endloop
  endfacet
  facet normal 0 0 1
    outer loop
      vertex 2.19008 13.8276 23
      vertex 5.59458 9.6901 23
      vertex 3.26823 13.6132 23
    endloop
  endfacet
  facet normal 0 0 1
    outer loop
      vertex 1.09843 13.9568 23
      vertex 5.59458 9.6901 23
      vertex 2.19008 13.8276 23
    endloop
  endfacet
  facet normal 0 0 1
    outer loop
      vertex 0 14 23
      vertex 5.59458 9.6901 23
      vertex 1.09843 13.9568 23
    endloop
  endfacet
  facet normal 0 0 1
    outer loop
      vertex -5.59458 9.6901 23
      vertex 0 14 23
      vertex -1.09843 13.9568 23
    endloop
  endfacet
  facet normal 0 0 1
    outer loop
      vertex -5.59458 9.6901 23
      vertex -1.09843 13.9568 23
      vertex -2.19008 13.8276 23
    endloop
  endfacet
  facet normal 0 0 1
    outer loop
      vertex -5.59458 9.6901 23
      vertex -2.19008 13.8276 23
      vertex -3.26823 13.6132 23
    endloop
  endfacet
  facet normal 0 0 1
    outer loop
      vertex -5.59458 9.6901 23
      vertex -3.26823 13.6132 23
      vertex -4.32624 13.3148 23
    endloop
  endfacet
  facet normal 0 0 1
    outer loop
      vertex -5.59458 9.6901 23
      vertex -4.32624 13.3148 23
      vertex -5.35757 12.9343 23
    endloop
  endfacet
  facet normal 0 0 1
    outer loop
      vertex 0 14 23
      vertex -5.59458 9.6901 23
      vertex 5.59458 9.6901 23
    endloop
  endfacet
  facet normal -0 0 1
    outer loop
      vertex -6.35587 12.4741 23
      vertex -5.59458 9.6901 23
      vertex -5.35757 12.9343 23
    endloop
  endfacet
  facet normal -0 0 1
    outer loop
      vertex -7.31498 11.937 23
      vertex -5.59458 9.6901 23
      vertex -6.35587 12.4741 23
    endloop
  endfacet
  facet normal -0 0 1
    outer loop
      vertex -8.22899 11.3262 23
      vertex -5.59458 9.6901 23
      vertex -7.31498 11.937 23
    endloop
  endfacet
  facet normal -0 0 1
    outer loop
      vertex -9.09227 10.6457 23
      vertex -5.59458 9.6901 23
      vertex -8.22899 11.3262 23
    endloop
  endfacet
  facet normal -0 0 1
    outer loop
      vertex -9.89949 9.89949 23
      vertex -5.59458 9.6901 23
      vertex -9.09227 10.6457 23
    endloop
  endfacet
  facet normal 0 0 1
    outer loop
      vertex -10.6457 9.09227 23
      vertex -5.59458 9.6901 23
      vertex -9.89949 9.89949 23
    endloop
  endfacet
  facet normal 0 0 1
    outer loop
      vertex -11.3262 8.22899 23
      vertex -5.59458 9.6901 23
      vertex -10.6457 9.09227 23
    endloop
  endfacet
  facet normal 0 0 1
    outer loop
      vertex -11.937 7.31498 23
      vertex -5.59458 9.6901 23
      vertex -11.3262 8.22899 23
    endloop
  endfacet
  facet normal 0 0 1
    outer loop
      vertex -5.59458 9.6901 23
      vertex -11.937 7.31498 23
      vertex -11.1394 0.0861324 23
    endloop
  endfacet
  facet normal 0 0 1
    outer loop
      vertex 5.59458 -9.6901 23
      vertex 11.937 -7.31498 23
      vertex 11.1394 -0.0861324 23
    endloop
  endfacet
  facet normal 0 0 1
    outer loop
      vertex 11.937 -7.31498 23
      vertex 5.59458 -9.6901 23
      vertex 11.3262 -8.22899 23
    endloop
  endfacet
  facet normal 0 0 1
    outer loop
      vertex 11.3262 -8.22899 23
      vertex 5.59458 -9.6901 23
      vertex 10.6457 -9.09227 23
    endloop
  endfacet
  facet normal 0 0 1
    outer loop
      vertex 10.6457 -9.09227 23
      vertex 5.59458 -9.6901 23
      vertex 9.89949 -9.89949 23
    endloop
  endfacet
  facet normal 0 0 1
    outer loop
      vertex 9.89949 -9.89949 23
      vertex 5.59458 -9.6901 23
      vertex 9.09227 -10.6457 23
    endloop
  endfacet
  facet normal 0 0 1
    outer loop
      vertex 9.09227 -10.6457 23
      vertex 5.59458 -9.6901 23
      vertex 8.22899 -11.3262 23
    endloop
  endfacet
  facet normal 0 0 1
    outer loop
      vertex 8.22899 -11.3262 23
      vertex 5.59458 -9.6901 23
      vertex 7.31498 -11.937 23
    endloop
  endfacet
  facet normal 0 0 1
    outer loop
      vertex 7.31498 -11.937 23
      vertex 5.59458 -9.6901 23
      vertex 6.35587 -12.4741 23
    endloop
  endfacet
  facet normal 0 0 1
    outer loop
      vertex 5.59458 -9.6901 23
      vertex 5.35757 -12.9343 23
      vertex 6.35587 -12.4741 23
    endloop
  endfacet
  facet normal 0 0 1
    outer loop
      vertex 5.59458 -9.6901 23
      vertex 4.32624 -13.3148 23
      vertex 5.35757 -12.9343 23
    endloop
  endfacet
  facet normal 0 0 1
    outer loop
      vertex 5.59458 -9.6901 23
      vertex 3.26823 -13.6132 23
      vertex 4.32624 -13.3148 23
    endloop
  endfacet
  facet normal 0 0 1
    outer loop
      vertex 5.59458 -9.6901 23
      vertex 2.19008 -13.8276 23
      vertex 3.26823 -13.6132 23
    endloop
  endfacet
  facet normal 0 0 1
    outer loop
      vertex 5.59458 -9.6901 23
      vertex 1.09843 -13.9568 23
      vertex 2.19008 -13.8276 23
    endloop
  endfacet
  facet normal 0 0 1
    outer loop
      vertex 5.59458 -9.6901 23
      vertex 0 -14 23
      vertex 1.09843 -13.9568 23
    endloop
  endfacet
  facet normal -0 0 1
    outer loop
      vertex -5.59458 -9.6901 23
      vertex 0 -14 23
      vertex 5.59458 -9.6901 23
    endloop
  endfacet
  facet normal 0 0 1
    outer loop
      vertex 0 -14 23
      vertex -5.59458 -9.6901 23
      vertex -1.09843 -13.9568 23
    endloop
  endfacet
  facet normal 0 0 1
    outer loop
      vertex -1.09843 -13.9568 23
      vertex -5.59458 -9.6901 23
      vertex -2.19008 -13.8276 23
    endloop
  endfacet
  facet normal 0 0 1
    outer loop
      vertex -2.19008 -13.8276 23
      vertex -5.59458 -9.6901 23
      vertex -3.26823 -13.6132 23
    endloop
  endfacet
  facet normal 0 0 1
    outer loop
      vertex -3.26823 -13.6132 23
      vertex -5.59458 -9.6901 23
      vertex -4.32624 -13.3148 23
    endloop
  endfacet
  facet normal 0 0 1
    outer loop
      vertex -4.32624 -13.3148 23
      vertex -5.59458 -9.6901 23
      vertex -5.35757 -12.9343 23
    endloop
  endfacet
  facet normal 0 0 1
    outer loop
      vertex -5.59458 -9.6901 23
      vertex -6.35587 -12.4741 23
      vertex -5.35757 -12.9343 23
    endloop
  endfacet
  facet normal 0 0 1
    outer loop
      vertex -5.59458 -9.6901 23
      vertex -7.31498 -11.937 23
      vertex -6.35587 -12.4741 23
    endloop
  endfacet
  facet normal 0 0 1
    outer loop
      vertex -5.59458 -9.6901 23
      vertex -8.22899 -11.3262 23
      vertex -7.31498 -11.937 23
    endloop
  endfacet
  facet normal 0 0 1
    outer loop
      vertex -5.59458 -9.6901 23
      vertex -9.09227 -10.6457 23
      vertex -8.22899 -11.3262 23
    endloop
  endfacet
  facet normal 0 0 1
    outer loop
      vertex -5.59458 -9.6901 23
      vertex -9.89949 -9.89949 23
      vertex -9.09227 -10.6457 23
    endloop
  endfacet
  facet normal 0 0 1
    outer loop
      vertex -5.59458 -9.6901 23
      vertex -10.6457 -9.09227 23
      vertex -9.89949 -9.89949 23
    endloop
  endfacet
  facet normal -0 0 1
    outer loop
      vertex -11.937 -7.31498 23
      vertex -5.59458 -9.6901 23
      vertex -11.1394 -0.0861324 23
    endloop
  endfacet
  facet normal 0 0 1
    outer loop
      vertex -13.9568 -1.09843 23
      vertex -11.1394 -0.0861324 23
      vertex -11.1892 0 23
    endloop
  endfacet
  facet normal 0 0 1
    outer loop
      vertex -5.59458 -9.6901 23
      vertex -11.3262 -8.22899 23
      vertex -10.6457 -9.09227 23
    endloop
  endfacet
  facet normal -0 0 1
    outer loop
      vertex -12.4741 6.35587 23
      vertex -11.1394 0.0861324 23
      vertex -11.937 7.31498 23
    endloop
  endfacet
  facet normal -0 0 1
    outer loop
      vertex -12.9343 5.35757 23
      vertex -11.1394 0.0861324 23
      vertex -12.4741 6.35587 23
    endloop
  endfacet
  facet normal 0 0 1
    outer loop
      vertex -5.59458 -9.6901 23
      vertex -11.937 -7.31498 23
      vertex -11.3262 -8.22899 23
    endloop
  endfacet
  facet normal -0 0 1
    outer loop
      vertex -13.3148 4.32624 23
      vertex -11.1394 0.0861324 23
      vertex -12.9343 5.35757 23
    endloop
  endfacet
  facet normal 0 0 1
    outer loop
      vertex -11.1394 -0.0861324 23
      vertex -12.4741 -6.35587 23
      vertex -11.937 -7.31498 23
    endloop
  endfacet
  facet normal -0 0 1
    outer loop
      vertex -13.6132 3.26823 23
      vertex -11.1394 0.0861324 23
      vertex -13.3148 4.32624 23
    endloop
  endfacet
  facet normal 0 0 1
    outer loop
      vertex -11.1394 -0.0861324 23
      vertex -12.9343 -5.35757 23
      vertex -12.4741 -6.35587 23
    endloop
  endfacet
  facet normal -0 0 1
    outer loop
      vertex -13.8276 2.19008 23
      vertex -11.1394 0.0861324 23
      vertex -13.6132 3.26823 23
    endloop
  endfacet
  facet normal 0 0 1
    outer loop
      vertex -11.1394 -0.0861324 23
      vertex -13.3148 -4.32624 23
      vertex -12.9343 -5.35757 23
    endloop
  endfacet
  facet normal -0 0 1
    outer loop
      vertex -13.9568 1.09843 23
      vertex -11.1394 0.0861324 23
      vertex -13.8276 2.19008 23
    endloop
  endfacet
  facet normal 0 0 1
    outer loop
      vertex -11.1394 -0.0861324 23
      vertex -13.6132 -3.26823 23
      vertex -13.3148 -4.32624 23
    endloop
  endfacet
  facet normal 0 0 1
    outer loop
      vertex -11.1394 0.0861324 23
      vertex -13.9568 1.09843 23
      vertex -11.1892 0 23
    endloop
  endfacet
  facet normal 0 0 1
    outer loop
      vertex -11.1394 -0.0861324 23
      vertex -13.8276 -2.19008 23
      vertex -13.6132 -3.26823 23
    endloop
  endfacet
  facet normal 0 0 1
    outer loop
      vertex -14 0 23
      vertex -11.1892 0 23
      vertex -13.9568 1.09843 23
    endloop
  endfacet
  facet normal 0 0 1
    outer loop
      vertex -11.1394 -0.0861324 23
      vertex -13.9568 -1.09843 23
      vertex -13.8276 -2.19008 23
    endloop
  endfacet
  facet normal 0 0 1
    outer loop
      vertex -11.1892 0 23
      vertex -14 0 23
      vertex -13.9568 -1.09843 23
    endloop
  endfacet
  facet normal -0.117533 0.993069 0
    outer loop
      vertex -1.09843 13.9568 3
      vertex -2.19008 13.8276 23
      vertex -1.09843 13.9568 23
    endloop
  endfacet
  facet normal -0.117533 0.993069 0
    outer loop
      vertex -2.19008 13.8276 23
      vertex -1.09843 13.9568 3
      vertex -2.19008 13.8276 3
    endloop
  endfacet
  facet normal -0.555619 -0.831437 0
    outer loop
      vertex -8.22899 -11.3262 3
      vertex -7.31498 -11.937 23
      vertex -8.22899 -11.3262 23
    endloop
  endfacet
  facet normal -0.555619 -0.831437 -0
    outer loop
      vertex -7.31498 -11.937 23
      vertex -8.22899 -11.3262 3
      vertex -7.31498 -11.937 3
    endloop
  endfacet
  facet normal 0.734312 0.678812 0
    outer loop
      vertex 10.6457 9.09227 23
      vertex 9.89949 9.89949 3
      vertex 9.89949 9.89949 23
    endloop
  endfacet
  facet normal 0.734312 0.678812 0
    outer loop
      vertex 9.89949 9.89949 3
      vertex 10.6457 9.09227 23
      vertex 10.6457 9.09227 3
    endloop
  endfacet
  facet normal -0.962453 0.271449 0
    outer loop
      vertex -13.6132 3.26823 3
      vertex -13.3148 4.32624 23
      vertex -13.3148 4.32624 3
    endloop
  endfacet
  facet normal -0.962453 0.271449 0
    outer loop
      vertex -13.3148 4.32624 23
      vertex -13.6132 3.26823 3
      vertex -13.6132 3.26823 23
    endloop
  endfacet
  facet normal 0.908151 0.418643 0
    outer loop
      vertex 12.9343 5.35757 23
      vertex 12.4741 6.35587 3
      vertex 12.4741 6.35587 23
    endloop
  endfacet
  facet normal 0.908151 0.418643 0
    outer loop
      vertex 12.4741 6.35587 3
      vertex 12.9343 5.35757 23
      vertex 12.9343 5.35757 3
    endloop
  endfacet
  facet normal 0.872507 -0.488602 0
    outer loop
      vertex 11.937 -7.31498 23
      vertex 12.4741 -6.35587 3
      vertex 12.4741 -6.35587 23
    endloop
  endfacet
  facet normal 0.872507 -0.488602 0
    outer loop
      vertex 12.4741 -6.35587 3
      vertex 11.937 -7.31498 23
      vertex 11.937 -7.31498 3
    endloop
  endfacet
  facet normal 0.872507 0.488602 0
    outer loop
      vertex 12.4741 6.35587 23
      vertex 11.937 7.31498 3
      vertex 11.937 7.31498 23
    endloop
  endfacet
  facet normal 0.872507 0.488602 0
    outer loop
      vertex 11.937 7.31498 3
      vertex 12.4741 6.35587 23
      vertex 12.4741 6.35587 3
    endloop
  endfacet
  facet normal 0.993067 -0.117551 0
    outer loop
      vertex 13.8276 -2.19008 23
      vertex 13.8501 -2 3
      vertex 13.8501 -2 23
    endloop
  endfacet
  facet normal 0.993067 -0.117551 0
    outer loop
      vertex 13.8501 -2 3
      vertex 13.8276 -2.19008 23
      vertex 13.8276 -2.19008 3
    endloop
  endfacet
  facet normal -0.678812 0.734312 0
    outer loop
      vertex -9.09227 10.6457 3
      vertex -9.89949 9.89949 23
      vertex -9.09227 10.6457 23
    endloop
  endfacet
  facet normal -0.678812 0.734312 0
    outer loop
      vertex -9.89949 9.89949 23
      vertex -9.09227 10.6457 3
      vertex -9.89949 9.89949 3
    endloop
  endfacet
  facet normal -0.19504 -0.980795 0
    outer loop
      vertex -3.26823 -13.6132 3
      vertex -2.19008 -13.8276 23
      vertex -3.26823 -13.6132 23
    endloop
  endfacet
  facet normal -0.19504 -0.980795 -0
    outer loop
      vertex -2.19008 -13.8276 23
      vertex -3.26823 -13.6132 3
      vertex -2.19008 -13.8276 3
    endloop
  endfacet
  facet normal -0.19504 0.980795 0
    outer loop
      vertex -2.19008 13.8276 3
      vertex -3.26823 13.6132 23
      vertex -2.19008 13.8276 23
    endloop
  endfacet
  facet normal -0.19504 0.980795 0
    outer loop
      vertex -3.26823 13.6132 23
      vertex -2.19008 13.8276 3
      vertex -3.26823 13.6132 3
    endloop
  endfacet
  facet normal -0.346135 0.938185 0
    outer loop
      vertex -4.32624 13.3148 3
      vertex -5.35757 12.9343 23
      vertex -4.32624 13.3148 23
    endloop
  endfacet
  facet normal -0.346135 0.938185 0
    outer loop
      vertex -5.35757 12.9343 23
      vertex -4.32624 13.3148 3
      vertex -5.35757 12.9343 3
    endloop
  endfacet
  facet normal -0.999228 -0.0392985 0
    outer loop
      vertex -13.9568 -1.09843 3
      vertex -14 0 23
      vertex -14 0 3
    endloop
  endfacet
  facet normal -0.999228 -0.0392985 0
    outer loop
      vertex -14 0 23
      vertex -13.9568 -1.09843 3
      vertex -13.9568 -1.09843 23
    endloop
  endfacet
  facet normal -0.962453 -0.271449 0
    outer loop
      vertex -13.3148 -4.32624 3
      vertex -13.6132 -3.26823 23
      vertex -13.6132 -3.26823 3
    endloop
  endfacet
  facet normal -0.962453 -0.271449 0
    outer loop
      vertex -13.6132 -3.26823 23
      vertex -13.3148 -4.32624 3
      vertex -13.3148 -4.32624 23
    endloop
  endfacet
  facet normal -0.0392985 0.999228 0
    outer loop
      vertex 0 14 3
      vertex -1.09843 13.9568 23
      vertex 0 14 23
    endloop
  endfacet
  facet normal -0.0392985 0.999228 0
    outer loop
      vertex -1.09843 13.9568 23
      vertex 0 14 3
      vertex -1.09843 13.9568 3
    endloop
  endfacet
  facet normal 0.346135 -0.938185 0
    outer loop
      vertex 4.32624 -13.3148 3
      vertex 5.35757 -12.9343 23
      vertex 4.32624 -13.3148 23
    endloop
  endfacet
  facet normal 0.346135 -0.938185 0
    outer loop
      vertex 5.35757 -12.9343 23
      vertex 4.32624 -13.3148 3
      vertex 5.35757 -12.9343 3
    endloop
  endfacet
  facet normal 0.908151 -0.418643 0
    outer loop
      vertex 12.4741 -6.35587 23
      vertex 12.9343 -5.35757 3
      vertex 12.9343 -5.35757 23
    endloop
  endfacet
  facet normal 0.908151 -0.418643 0
    outer loop
      vertex 12.9343 -5.35757 3
      vertex 12.4741 -6.35587 23
      vertex 12.4741 -6.35587 3
    endloop
  endfacet
  facet normal -0.734312 -0.678812 0
    outer loop
      vertex -9.89949 -9.89949 3
      vertex -10.6457 -9.09227 23
      vertex -10.6457 -9.09227 3
    endloop
  endfacet
  facet normal -0.734312 -0.678812 0
    outer loop
      vertex -10.6457 -9.09227 23
      vertex -9.89949 -9.89949 3
      vertex -9.89949 -9.89949 23
    endloop
  endfacet
  facet normal -0.993069 0.117533 0
    outer loop
      vertex -13.9568 1.09843 3
      vertex -13.8276 2.19008 23
      vertex -13.8276 2.19008 3
    endloop
  endfacet
  facet normal -0.993069 0.117533 0
    outer loop
      vertex -13.8276 2.19008 23
      vertex -13.9568 1.09843 3
      vertex -13.9568 1.09843 23
    endloop
  endfacet
  facet normal -0.993069 -0.117533 0
    outer loop
      vertex -13.8276 -2.19008 3
      vertex -13.9568 -1.09843 23
      vertex -13.9568 -1.09843 3
    endloop
  endfacet
  facet normal -0.993069 -0.117533 0
    outer loop
      vertex -13.9568 -1.09843 23
      vertex -13.8276 -2.19008 3
      vertex -13.8276 -2.19008 23
    endloop
  endfacet
  facet normal -0.117533 -0.993069 0
    outer loop
      vertex -2.19008 -13.8276 3
      vertex -1.09843 -13.9568 23
      vertex -2.19008 -13.8276 23
    endloop
  endfacet
  facet normal -0.117533 -0.993069 -0
    outer loop
      vertex -1.09843 -13.9568 23
      vertex -2.19008 -13.8276 3
      vertex -1.09843 -13.9568 3
    endloop
  endfacet
  facet normal 0 0 -1
    outer loop
      vertex 15.9507 1.25535 2.99
      vertex 16 2 2.99
      vertex 16 0 2.99
    endloop
  endfacet
  facet normal -0 0 -1
    outer loop
      vertex 16 2 2.99
      vertex 15.9507 1.25535 2.99
      vertex 15.8625 2 2.99
    endloop
  endfacet
  facet normal 0 0 -1
    outer loop
      vertex 16 -2 2.99
      vertex 15.9507 -1.25535 2.99
      vertex 16 0 2.99
    endloop
  endfacet
  facet normal 0 -0 -1
    outer loop
      vertex 15.9507 -1.25535 2.99
      vertex 16 -2 2.99
      vertex 15.8625 -2 2.99
    endloop
  endfacet
  facet normal -0.872507 0.488602 0
    outer loop
      vertex -12.4741 6.35587 3
      vertex -11.937 7.31498 23
      vertex -11.937 7.31498 3
    endloop
  endfacet
  facet normal -0.872507 0.488602 0
    outer loop
      vertex -11.937 7.31498 23
      vertex -12.4741 6.35587 3
      vertex -12.4741 6.35587 23
    endloop
  endfacet
  facet normal -0.980795 0.19504 0
    outer loop
      vertex -13.8276 2.19008 3
      vertex -13.6132 3.26823 23
      vertex -13.6132 3.26823 3
    endloop
  endfacet
  facet normal -0.980795 0.19504 0
    outer loop
      vertex -13.6132 3.26823 23
      vertex -13.8276 2.19008 3
      vertex -13.8276 2.19008 23
    endloop
  endfacet
  facet normal -0.872507 -0.488602 0
    outer loop
      vertex -11.937 -7.31498 3
      vertex -12.4741 -6.35587 23
      vertex -12.4741 -6.35587 3
    endloop
  endfacet
  facet normal -0.872507 -0.488602 0
    outer loop
      vertex -12.4741 -6.35587 23
      vertex -11.937 -7.31498 3
      vertex -11.937 -7.31498 23
    endloop
  endfacet
  facet normal 0.271449 0.962453 -0
    outer loop
      vertex 4.32624 13.3148 3
      vertex 3.26823 13.6132 23
      vertex 4.32624 13.3148 23
    endloop
  endfacet
  facet normal 0.271449 0.962453 0
    outer loop
      vertex 3.26823 13.6132 23
      vertex 4.32624 13.3148 3
      vertex 3.26823 13.6132 3
    endloop
  endfacet
  facet normal 0.488602 -0.872507 0
    outer loop
      vertex 6.35587 -12.4741 3
      vertex 7.31498 -11.937 23
      vertex 6.35587 -12.4741 23
    endloop
  endfacet
  facet normal 0.488602 -0.872507 0
    outer loop
      vertex 7.31498 -11.937 23
      vertex 6.35587 -12.4741 3
      vertex 7.31498 -11.937 3
    endloop
  endfacet
  facet normal -0.831437 -0.555619 0
    outer loop
      vertex -11.3262 -8.22899 3
      vertex -11.937 -7.31498 23
      vertex -11.937 -7.31498 3
    endloop
  endfacet
  facet normal -0.831437 -0.555619 0
    outer loop
      vertex -11.937 -7.31498 23
      vertex -11.3262 -8.22899 3
      vertex -11.3262 -8.22899 23
    endloop
  endfacet
  facet normal -0.831437 0.555619 0
    outer loop
      vertex -11.937 7.31498 3
      vertex -11.3262 8.22899 23
      vertex -11.3262 8.22899 3
    endloop
  endfacet
  facet normal -0.831437 0.555619 0
    outer loop
      vertex -11.3262 8.22899 23
      vertex -11.937 7.31498 3
      vertex -11.937 7.31498 23
    endloop
  endfacet
  facet normal 0.980795 0.19504 0
    outer loop
      vertex 13.8276 2.19008 23
      vertex 13.6132 3.26823 3
      vertex 13.6132 3.26823 23
    endloop
  endfacet
  facet normal 0.980795 0.19504 0
    outer loop
      vertex 13.6132 3.26823 3
      vertex 13.8276 2.19008 23
      vertex 13.8276 2.19008 3
    endloop
  endfacet
  facet normal -0.908151 0.418643 0
    outer loop
      vertex -12.9343 5.35757 3
      vertex -12.4741 6.35587 23
      vertex -12.4741 6.35587 3
    endloop
  endfacet
  facet normal -0.908151 0.418643 0
    outer loop
      vertex -12.4741 6.35587 23
      vertex -12.9343 5.35757 3
      vertex -12.9343 5.35757 23
    endloop
  endfacet
  facet normal -0.271449 0.962453 0
    outer loop
      vertex -3.26823 13.6132 3
      vertex -4.32624 13.3148 23
      vertex -3.26823 13.6132 23
    endloop
  endfacet
  facet normal -0.271449 0.962453 0
    outer loop
      vertex -4.32624 13.3148 23
      vertex -3.26823 13.6132 3
      vertex -4.32624 13.3148 3
    endloop
  endfacet
  facet normal -0.418643 0.908151 0
    outer loop
      vertex -5.35757 12.9343 3
      vertex -6.35587 12.4741 23
      vertex -5.35757 12.9343 23
    endloop
  endfacet
  facet normal -0.418643 0.908151 0
    outer loop
      vertex -6.35587 12.4741 23
      vertex -5.35757 12.9343 3
      vertex -6.35587 12.4741 3
    endloop
  endfacet
  facet normal -0.999228 0.0392985 0
    outer loop
      vertex -14 0 3
      vertex -13.9568 1.09843 23
      vertex -13.9568 1.09843 3
    endloop
  endfacet
  facet normal -0.999228 0.0392985 0
    outer loop
      vertex -13.9568 1.09843 23
      vertex -14 0 3
      vertex -14 0 23
    endloop
  endfacet
  facet normal -0.0392985 -0.999228 0
    outer loop
      vertex -1.09843 -13.9568 3
      vertex 0 -14 23
      vertex -1.09843 -13.9568 23
    endloop
  endfacet
  facet normal -0.0392985 -0.999228 -0
    outer loop
      vertex 0 -14 23
      vertex -1.09843 -13.9568 3
      vertex 0 -14 3
    endloop
  endfacet
  facet normal -0.678812 -0.734312 0
    outer loop
      vertex -9.89949 -9.89949 3
      vertex -9.09227 -10.6457 23
      vertex -9.89949 -9.89949 23
    endloop
  endfacet
  facet normal -0.678812 -0.734312 -0
    outer loop
      vertex -9.09227 -10.6457 23
      vertex -9.89949 -9.89949 3
      vertex -9.09227 -10.6457 3
    endloop
  endfacet
  facet normal 0.619063 -0.785341 0
    outer loop
      vertex 8.22899 -11.3262 3
      vertex 9.09227 -10.6457 23
      vertex 8.22899 -11.3262 23
    endloop
  endfacet
  facet normal 0.619063 -0.785341 0
    outer loop
      vertex 9.09227 -10.6457 23
      vertex 8.22899 -11.3262 3
      vertex 9.09227 -10.6457 3
    endloop
  endfacet
  facet normal -0.785341 0.619063 0
    outer loop
      vertex -11.3262 8.22899 3
      vertex -10.6457 9.09227 23
      vertex -10.6457 9.09227 3
    endloop
  endfacet
  facet normal -0.785341 0.619063 0
    outer loop
      vertex -10.6457 9.09227 23
      vertex -11.3262 8.22899 3
      vertex -11.3262 8.22899 23
    endloop
  endfacet
  facet normal 0.418643 0.908151 -0
    outer loop
      vertex 6.35587 12.4741 3
      vertex 5.35757 12.9343 23
      vertex 6.35587 12.4741 23
    endloop
  endfacet
  facet normal 0.418643 0.908151 0
    outer loop
      vertex 5.35757 12.9343 23
      vertex 6.35587 12.4741 3
      vertex 5.35757 12.9343 3
    endloop
  endfacet
  facet normal -0.488602 -0.872507 0
    outer loop
      vertex -7.31498 -11.937 3
      vertex -6.35587 -12.4741 23
      vertex -7.31498 -11.937 23
    endloop
  endfacet
  facet normal -0.488602 -0.872507 -0
    outer loop
      vertex -6.35587 -12.4741 23
      vertex -7.31498 -11.937 3
      vertex -6.35587 -12.4741 3
    endloop
  endfacet
  facet normal -0.488602 0.872507 0
    outer loop
      vertex -6.35587 12.4741 3
      vertex -7.31498 11.937 23
      vertex -6.35587 12.4741 23
    endloop
  endfacet
  facet normal -0.488602 0.872507 0
    outer loop
      vertex -7.31498 11.937 23
      vertex -6.35587 12.4741 3
      vertex -7.31498 11.937 3
    endloop
  endfacet
  facet normal -0.418643 -0.908151 0
    outer loop
      vertex -6.35587 -12.4741 3
      vertex -5.35757 -12.9343 23
      vertex -6.35587 -12.4741 23
    endloop
  endfacet
  facet normal -0.418643 -0.908151 -0
    outer loop
      vertex -5.35757 -12.9343 23
      vertex -6.35587 -12.4741 3
      vertex -5.35757 -12.9343 3
    endloop
  endfacet
  facet normal 1 0 0
    outer loop
      vertex 16 2 23
      vertex 16 0 2.99
      vertex 16 2 2.99
    endloop
  endfacet
  facet normal 1 -0 0
    outer loop
      vertex 16 -2 23
      vertex 16 0 2.99
      vertex 16 2 23
    endloop
  endfacet
  facet normal 1 0 0
    outer loop
      vertex 16 0 2.99
      vertex 16 -2 23
      vertex 16 -2 2.99
    endloop
  endfacet
  facet normal 0 1 0
    outer loop
      vertex 16 2 23
      vertex 15.8625 2 3
      vertex 13.8501 2 23
    endloop
  endfacet
  facet normal 0 1 -0
    outer loop
      vertex 16 2 2.99
      vertex 15.8625 2 3
      vertex 16 2 23
    endloop
  endfacet
  facet normal 0 1 0
    outer loop
      vertex 15.8625 2 3
      vertex 16 2 2.99
      vertex 15.8625 2 2.99
    endloop
  endfacet
  facet normal 0 1 0
    outer loop
      vertex 13.8501 2 23
      vertex 15.8625 2 3
      vertex 13.8501 2 3
    endloop
  endfacet
  facet normal 0 -1 0
    outer loop
      vertex 13.8501 -2 3
      vertex 16 -2 23
      vertex 13.8501 -2 23
    endloop
  endfacet
  facet normal 0 -1 0
    outer loop
      vertex 15.8625 -2 3
      vertex 16 -2 23
      vertex 13.8501 -2 3
    endloop
  endfacet
  facet normal 0 -1 0
    outer loop
      vertex 16 -2 2.99
      vertex 15.8625 -2 3
      vertex 15.8625 -2 2.99
    endloop
  endfacet
  facet normal 0 -1 0
    outer loop
      vertex 15.8625 -2 3
      vertex 16 -2 2.99
      vertex 16 -2 23
    endloop
  endfacet
  facet normal -0.938198 0.3461 0
    outer loop
      vertex 4.6194 -1.91342 0
      vertex 4.75528 -1.54508 9.5
      vertex 4.75528 -1.54508 0
    endloop
  endfacet
  facet normal -0.938198 0.3461 0
    outer loop
      vertex 4.75528 -1.54508 9.5
      vertex 4.6194 -1.91342 0
      vertex 4.6194 -1.91342 9.5
    endloop
  endfacet
  facet normal -0.993067 -0.11755 0
    outer loop
      vertex 4.98459 0.392295 0
      vertex 4.93844 0.782172 9.5
      vertex 4.93844 0.782172 0
    endloop
  endfacet
  facet normal -0.993067 -0.11755 0
    outer loop
      vertex 4.93844 0.782172 9.5
      vertex 4.98459 0.392295 0
      vertex 4.98459 0.392295 9.5
    endloop
  endfacet
  facet normal -0.999229 -0.0392514 0
    outer loop
      vertex 5 0 0
      vertex 4.98459 0.392295 9.5
      vertex 4.98459 0.392295 0
    endloop
  endfacet
  facet normal -0.999229 -0.0392514 0
    outer loop
      vertex 4.98459 0.392295 9.5
      vertex 5 0 0
      vertex 5 0 9.5
    endloop
  endfacet
  facet normal -0.980787 -0.195083 0
    outer loop
      vertex 4.93844 0.782172 0
      vertex 4.86185 1.16723 9.5
      vertex 4.86185 1.16723 0
    endloop
  endfacet
  facet normal -0.980787 -0.195083 0
    outer loop
      vertex 4.86185 1.16723 9.5
      vertex 4.93844 0.782172 0
      vertex 4.93844 0.782172 9.5
    endloop
  endfacet
  facet normal 0.83147 -0.55557 0
    outer loop
      vertex -4.2632 2.61249 9.5
      vertex -4.04508 2.93893 0
      vertex -4.04508 2.93893 9.5
    endloop
  endfacet
  facet normal 0.83147 -0.55557 0
    outer loop
      vertex -4.04508 2.93893 0
      vertex -4.2632 2.61249 9.5
      vertex -4.2632 2.61249 0
    endloop
  endfacet
  facet normal -0.785319 0.619091 0
    outer loop
      vertex 3.80203 -3.24724 0
      vertex 4.04508 -2.93893 9.5
      vertex 4.04508 -2.93893 0
    endloop
  endfacet
  facet normal -0.785319 0.619091 0
    outer loop
      vertex 4.04508 -2.93893 9.5
      vertex 3.80203 -3.24724 0
      vertex 3.80203 -3.24724 9.5
    endloop
  endfacet
  facet normal -0.619091 -0.785319 0
    outer loop
      vertex 2.93893 4.04508 0
      vertex 3.24724 3.80203 9.5
      vertex 2.93893 4.04508 9.5
    endloop
  endfacet
  facet normal -0.619091 -0.785319 -0
    outer loop
      vertex 3.24724 3.80203 9.5
      vertex 2.93893 4.04508 0
      vertex 3.24724 3.80203 0
    endloop
  endfacet
  facet normal -0.908136 0.418675 0
    outer loop
      vertex 4.45503 -2.26995 0
      vertex 4.6194 -1.91342 9.5
      vertex 4.6194 -1.91342 0
    endloop
  endfacet
  facet normal -0.908136 0.418675 0
    outer loop
      vertex 4.6194 -1.91342 9.5
      vertex 4.45503 -2.26995 0
      vertex 4.45503 -2.26995 9.5
    endloop
  endfacet
  facet normal -0.271453 -0.962452 0
    outer loop
      vertex 1.16723 4.86185 0
      vertex 1.54508 4.75528 9.5
      vertex 1.16723 4.86185 9.5
    endloop
  endfacet
  facet normal -0.271453 -0.962452 -0
    outer loop
      vertex 1.54508 4.75528 9.5
      vertex 1.16723 4.86185 0
      vertex 1.54508 4.75528 0
    endloop
  endfacet
  facet normal 0.678811 0.734313 -0
    outer loop
      vertex -3.24724 -3.80203 0
      vertex -3.53553 -3.53553 9.5
      vertex -3.24724 -3.80203 9.5
    endloop
  endfacet
  facet normal 0.678811 0.734313 0
    outer loop
      vertex -3.53553 -3.53553 9.5
      vertex -3.24724 -3.80203 0
      vertex -3.53553 -3.53553 0
    endloop
  endfacet
  facet normal 0.271453 -0.962452 0
    outer loop
      vertex -1.54508 4.75528 0
      vertex -1.16723 4.86185 9.5
      vertex -1.54508 4.75528 9.5
    endloop
  endfacet
  facet normal 0.271453 -0.962452 0
    outer loop
      vertex -1.16723 4.86185 9.5
      vertex -1.54508 4.75528 0
      vertex -1.16723 4.86185 0
    endloop
  endfacet
  facet normal 0.619091 0.785319 -0
    outer loop
      vertex -2.93893 -4.04508 0
      vertex -3.24724 -3.80203 9.5
      vertex -2.93893 -4.04508 9.5
    endloop
  endfacet
  facet normal 0.619091 0.785319 0
    outer loop
      vertex -3.24724 -3.80203 9.5
      vertex -2.93893 -4.04508 0
      vertex -3.24724 -3.80203 0
    endloop
  endfacet
  facet normal -0.55557 0.83147 0
    outer loop
      vertex 2.93893 -4.04508 0
      vertex 2.61249 -4.2632 9.5
      vertex 2.93893 -4.04508 9.5
    endloop
  endfacet
  facet normal -0.55557 0.83147 0
    outer loop
      vertex 2.61249 -4.2632 9.5
      vertex 2.93893 -4.04508 0
      vertex 2.61249 -4.2632 0
    endloop
  endfacet
  facet normal -0.734313 0.678811 0
    outer loop
      vertex 3.53553 -3.53553 0
      vertex 3.80203 -3.24724 9.5
      vertex 3.80203 -3.24724 0
    endloop
  endfacet
  facet normal -0.734313 0.678811 0
    outer loop
      vertex 3.80203 -3.24724 9.5
      vertex 3.53553 -3.53553 0
      vertex 3.53553 -3.53553 9.5
    endloop
  endfacet
  facet normal -0.11755 0.993067 0
    outer loop
      vertex 0.782172 -4.93844 0
      vertex 0.392295 -4.98459 9.5
      vertex 0.782172 -4.93844 9.5
    endloop
  endfacet
  facet normal -0.11755 0.993067 0
    outer loop
      vertex 0.392295 -4.98459 9.5
      vertex 0.782172 -4.93844 0
      vertex 0.392295 -4.98459 0
    endloop
  endfacet
  facet normal 0.488618 -0.872498 0
    outer loop
      vertex -2.61249 4.2632 0
      vertex -2.26995 4.45503 9.5
      vertex -2.61249 4.2632 9.5
    endloop
  endfacet
  facet normal 0.488618 -0.872498 0
    outer loop
      vertex -2.26995 4.45503 9.5
      vertex -2.61249 4.2632 0
      vertex -2.26995 4.45503 0
    endloop
  endfacet
  facet normal 0.908136 -0.418675 0
    outer loop
      vertex -4.6194 1.91342 9.5
      vertex -4.45503 2.26995 0
      vertex -4.45503 2.26995 9.5
    endloop
  endfacet
  facet normal 0.908136 -0.418675 0
    outer loop
      vertex -4.45503 2.26995 0
      vertex -4.6194 1.91342 9.5
      vertex -4.6194 1.91342 0
    endloop
  endfacet
  facet normal 0.678811 -0.734313 0
    outer loop
      vertex -3.53553 3.53553 0
      vertex -3.24724 3.80203 9.5
      vertex -3.53553 3.53553 9.5
    endloop
  endfacet
  facet normal 0.678811 -0.734313 0
    outer loop
      vertex -3.24724 3.80203 9.5
      vertex -3.53553 3.53553 0
      vertex -3.24724 3.80203 0
    endloop
  endfacet
  facet normal 0.938198 0.3461 0
    outer loop
      vertex -4.6194 -1.91342 9.5
      vertex -4.75528 -1.54508 0
      vertex -4.75528 -1.54508 9.5
    endloop
  endfacet
  facet normal 0.938198 0.3461 0
    outer loop
      vertex -4.75528 -1.54508 0
      vertex -4.6194 -1.91342 9.5
      vertex -4.6194 -1.91342 0
    endloop
  endfacet
  facet normal -0.980787 0.195083 0
    outer loop
      vertex 4.86185 -1.16723 0
      vertex 4.93844 -0.782172 9.5
      vertex 4.93844 -0.782172 0
    endloop
  endfacet
  facet normal -0.980787 0.195083 0
    outer loop
      vertex 4.93844 -0.782172 9.5
      vertex 4.86185 -1.16723 0
      vertex 4.86185 -1.16723 9.5
    endloop
  endfacet
  facet normal -0.999229 0.0392514 0
    outer loop
      vertex 4.98459 -0.392295 0
      vertex 5 0 9.5
      vertex 5 0 0
    endloop
  endfacet
  facet normal -0.999229 0.0392514 0
    outer loop
      vertex 5 0 9.5
      vertex 4.98459 -0.392295 0
      vertex 4.98459 -0.392295 9.5
    endloop
  endfacet
  facet normal -0.962452 -0.271453 0
    outer loop
      vertex 4.86185 1.16723 0
      vertex 4.75528 1.54508 9.5
      vertex 4.75528 1.54508 0
    endloop
  endfacet
  facet normal -0.962452 -0.271453 0
    outer loop
      vertex 4.75528 1.54508 9.5
      vertex 4.86185 1.16723 0
      vertex 4.86185 1.16723 9.5
    endloop
  endfacet
  facet normal 0.993067 0.11755 0
    outer loop
      vertex -4.93844 -0.782172 9.5
      vertex -4.98459 -0.392295 0
      vertex -4.98459 -0.392295 9.5
    endloop
  endfacet
  facet normal 0.993067 0.11755 0
    outer loop
      vertex -4.98459 -0.392295 0
      vertex -4.93844 -0.782172 9.5
      vertex -4.93844 -0.782172 0
    endloop
  endfacet
  facet normal -0.11755 -0.993067 0
    outer loop
      vertex 0.392295 4.98459 0
      vertex 0.782172 4.93844 9.5
      vertex 0.392295 4.98459 9.5
    endloop
  endfacet
  facet normal -0.11755 -0.993067 -0
    outer loop
      vertex 0.782172 4.93844 9.5
      vertex 0.392295 4.98459 0
      vertex 0.782172 4.93844 0
    endloop
  endfacet
  facet normal 0.11755 0.993067 -0
    outer loop
      vertex -0.392295 -4.98459 0
      vertex -0.782172 -4.93844 9.5
      vertex -0.392295 -4.98459 9.5
    endloop
  endfacet
  facet normal 0.11755 0.993067 0
    outer loop
      vertex -0.782172 -4.93844 9.5
      vertex -0.392295 -4.98459 0
      vertex -0.782172 -4.93844 0
    endloop
  endfacet
  facet normal 0.872498 0.488618 0
    outer loop
      vertex -4.2632 -2.61249 9.5
      vertex -4.45503 -2.26995 0
      vertex -4.45503 -2.26995 9.5
    endloop
  endfacet
  facet normal 0.872498 0.488618 0
    outer loop
      vertex -4.45503 -2.26995 0
      vertex -4.2632 -2.61249 9.5
      vertex -4.2632 -2.61249 0
    endloop
  endfacet
  facet normal -0.872498 -0.488618 0
    outer loop
      vertex 4.45503 2.26995 0
      vertex 4.2632 2.61249 9.5
      vertex 4.2632 2.61249 0
    endloop
  endfacet
  facet normal -0.872498 -0.488618 0
    outer loop
      vertex 4.2632 2.61249 9.5
      vertex 4.45503 2.26995 0
      vertex 4.45503 2.26995 9.5
    endloop
  endfacet
  facet normal -0.962452 0.271453 0
    outer loop
      vertex 4.75528 -1.54508 0
      vertex 4.86185 -1.16723 9.5
      vertex 4.86185 -1.16723 0
    endloop
  endfacet
  facet normal -0.962452 0.271453 0
    outer loop
      vertex 4.86185 -1.16723 9.5
      vertex 4.75528 -1.54508 0
      vertex 4.75528 -1.54508 9.5
    endloop
  endfacet
  facet normal -0.418675 0.908136 0
    outer loop
      vertex 2.26995 -4.45503 0
      vertex 1.91342 -4.6194 9.5
      vertex 2.26995 -4.45503 9.5
    endloop
  endfacet
  facet normal -0.418675 0.908136 0
    outer loop
      vertex 1.91342 -4.6194 9.5
      vertex 2.26995 -4.45503 0
      vertex 1.91342 -4.6194 0
    endloop
  endfacet
  facet normal -0.678811 0.734313 0
    outer loop
      vertex 3.53553 -3.53553 0
      vertex 3.24724 -3.80203 9.5
      vertex 3.53553 -3.53553 9.5
    endloop
  endfacet
  facet normal -0.678811 0.734313 0
    outer loop
      vertex 3.24724 -3.80203 9.5
      vertex 3.53553 -3.53553 0
      vertex 3.24724 -3.80203 0
    endloop
  endfacet
  facet normal 0.55557 -0.83147 0
    outer loop
      vertex -2.93893 4.04508 0
      vertex -2.61249 4.2632 9.5
      vertex -2.93893 4.04508 9.5
    endloop
  endfacet
  facet normal 0.55557 -0.83147 0
    outer loop
      vertex -2.61249 4.2632 9.5
      vertex -2.93893 4.04508 0
      vertex -2.61249 4.2632 0
    endloop
  endfacet
  facet normal 0.785319 0.619091 0
    outer loop
      vertex -3.80203 -3.24724 9.5
      vertex -4.04508 -2.93893 0
      vertex -4.04508 -2.93893 9.5
    endloop
  endfacet
  facet normal 0.785319 0.619091 0
    outer loop
      vertex -4.04508 -2.93893 0
      vertex -3.80203 -3.24724 9.5
      vertex -3.80203 -3.24724 0
    endloop
  endfacet
  facet normal 0.55557 0.83147 -0
    outer loop
      vertex -2.61249 -4.2632 0
      vertex -2.93893 -4.04508 9.5
      vertex -2.61249 -4.2632 9.5
    endloop
  endfacet
  facet normal 0.55557 0.83147 0
    outer loop
      vertex -2.93893 -4.04508 9.5
      vertex -2.61249 -4.2632 0
      vertex -2.93893 -4.04508 0
    endloop
  endfacet
  facet normal 0.0392514 -0.999229 0
    outer loop
      vertex -0.392295 4.98459 0
      vertex 0 5 9.5
      vertex -0.392295 4.98459 9.5
    endloop
  endfacet
  facet normal 0.0392514 -0.999229 0
    outer loop
      vertex 0 5 9.5
      vertex -0.392295 4.98459 0
      vertex 0 5 0
    endloop
  endfacet
  facet normal -0.418675 -0.908136 0
    outer loop
      vertex 1.91342 4.6194 0
      vertex 2.26995 4.45503 9.5
      vertex 1.91342 4.6194 9.5
    endloop
  endfacet
  facet normal -0.418675 -0.908136 -0
    outer loop
      vertex 2.26995 4.45503 9.5
      vertex 1.91342 4.6194 0
      vertex 2.26995 4.45503 0
    endloop
  endfacet
  facet normal 0.195083 0.980787 -0
    outer loop
      vertex -0.782172 -4.93844 0
      vertex -1.16723 -4.86185 9.5
      vertex -0.782172 -4.93844 9.5
    endloop
  endfacet
  facet normal 0.195083 0.980787 0
    outer loop
      vertex -1.16723 -4.86185 9.5
      vertex -0.782172 -4.93844 0
      vertex -1.16723 -4.86185 0
    endloop
  endfacet
  facet normal -0.488618 0.872498 0
    outer loop
      vertex 2.61249 -4.2632 0
      vertex 2.26995 -4.45503 9.5
      vertex 2.61249 -4.2632 9.5
    endloop
  endfacet
  facet normal -0.488618 0.872498 0
    outer loop
      vertex 2.26995 -4.45503 9.5
      vertex 2.61249 -4.2632 0
      vertex 2.26995 -4.45503 0
    endloop
  endfacet
  facet normal -0.55557 -0.83147 0
    outer loop
      vertex 2.61249 4.2632 0
      vertex 2.93893 4.04508 9.5
      vertex 2.61249 4.2632 9.5
    endloop
  endfacet
  facet normal -0.55557 -0.83147 -0
    outer loop
      vertex 2.93893 4.04508 9.5
      vertex 2.61249 4.2632 0
      vertex 2.93893 4.04508 0
    endloop
  endfacet
  facet normal 0.980787 -0.195083 0
    outer loop
      vertex -4.93844 0.782172 9.5
      vertex -4.86185 1.16723 0
      vertex -4.86185 1.16723 9.5
    endloop
  endfacet
  facet normal 0.980787 -0.195083 0
    outer loop
      vertex -4.86185 1.16723 0
      vertex -4.93844 0.782172 9.5
      vertex -4.93844 0.782172 0
    endloop
  endfacet
  facet normal -0.488618 -0.872498 0
    outer loop
      vertex 2.26995 4.45503 0
      vertex 2.61249 4.2632 9.5
      vertex 2.26995 4.45503 9.5
    endloop
  endfacet
  facet normal -0.488618 -0.872498 -0
    outer loop
      vertex 2.61249 4.2632 9.5
      vertex 2.26995 4.45503 0
      vertex 2.61249 4.2632 0
    endloop
  endfacet
  facet normal -0.0392514 0.999229 0
    outer loop
      vertex 0.392295 -4.98459 0
      vertex 0 -5 9.5
      vertex 0.392295 -4.98459 9.5
    endloop
  endfacet
  facet normal -0.0392514 0.999229 0
    outer loop
      vertex 0 -5 9.5
      vertex 0.392295 -4.98459 0
      vertex 0 -5 0
    endloop
  endfacet
  facet normal -0.83147 0.55557 0
    outer loop
      vertex 4.04508 -2.93893 0
      vertex 4.2632 -2.61249 9.5
      vertex 4.2632 -2.61249 0
    endloop
  endfacet
  facet normal -0.83147 0.55557 0
    outer loop
      vertex 4.2632 -2.61249 9.5
      vertex 4.04508 -2.93893 0
      vertex 4.04508 -2.93893 9.5
    endloop
  endfacet
  facet normal -0.195083 0.980787 0
    outer loop
      vertex 1.16723 -4.86185 0
      vertex 0.782172 -4.93844 9.5
      vertex 1.16723 -4.86185 9.5
    endloop
  endfacet
  facet normal -0.195083 0.980787 0
    outer loop
      vertex 0.782172 -4.93844 9.5
      vertex 1.16723 -4.86185 0
      vertex 0.782172 -4.93844 0
    endloop
  endfacet
  facet normal 0.3461 -0.938198 0
    outer loop
      vertex -1.91342 4.6194 0
      vertex -1.54508 4.75528 9.5
      vertex -1.91342 4.6194 9.5
    endloop
  endfacet
  facet normal 0.3461 -0.938198 0
    outer loop
      vertex -1.54508 4.75528 9.5
      vertex -1.91342 4.6194 0
      vertex -1.54508 4.75528 0
    endloop
  endfacet
  facet normal -0.993067 0.11755 0
    outer loop
      vertex 4.93844 -0.782172 0
      vertex 4.98459 -0.392295 9.5
      vertex 4.98459 -0.392295 0
    endloop
  endfacet
  facet normal -0.993067 0.11755 0
    outer loop
      vertex 4.98459 -0.392295 9.5
      vertex 4.93844 -0.782172 0
      vertex 4.93844 -0.782172 9.5
    endloop
  endfacet
  facet normal -0.678811 -0.734313 0
    outer loop
      vertex 3.24724 3.80203 0
      vertex 3.53553 3.53553 9.5
      vertex 3.24724 3.80203 9.5
    endloop
  endfacet
  facet normal -0.678811 -0.734313 -0
    outer loop
      vertex 3.53553 3.53553 9.5
      vertex 3.24724 3.80203 0
      vertex 3.53553 3.53553 0
    endloop
  endfacet
  facet normal -0.938198 -0.3461 0
    outer loop
      vertex 4.75528 1.54508 0
      vertex 4.6194 1.91342 9.5
      vertex 4.6194 1.91342 0
    endloop
  endfacet
  facet normal -0.938198 -0.3461 0
    outer loop
      vertex 4.6194 1.91342 9.5
      vertex 4.75528 1.54508 0
      vertex 4.75528 1.54508 9.5
    endloop
  endfacet
  facet normal 0.908136 0.418675 0
    outer loop
      vertex -4.45503 -2.26995 9.5
      vertex -4.6194 -1.91342 0
      vertex -4.6194 -1.91342 9.5
    endloop
  endfacet
  facet normal 0.908136 0.418675 0
    outer loop
      vertex -4.6194 -1.91342 0
      vertex -4.45503 -2.26995 9.5
      vertex -4.45503 -2.26995 0
    endloop
  endfacet
  facet normal -0.908136 -0.418675 0
    outer loop
      vertex 4.6194 1.91342 0
      vertex 4.45503 2.26995 9.5
      vertex 4.45503 2.26995 0
    endloop
  endfacet
  facet normal -0.908136 -0.418675 0
    outer loop
      vertex 4.45503 2.26995 9.5
      vertex 4.6194 1.91342 0
      vertex 4.6194 1.91342 9.5
    endloop
  endfacet
  facet normal 0.195083 -0.980787 0
    outer loop
      vertex -1.16723 4.86185 0
      vertex -0.782172 4.93844 9.5
      vertex -1.16723 4.86185 9.5
    endloop
  endfacet
  facet normal 0.195083 -0.980787 0
    outer loop
      vertex -0.782172 4.93844 9.5
      vertex -1.16723 4.86185 0
      vertex -0.782172 4.93844 0
    endloop
  endfacet
  facet normal -0.734313 -0.678811 0
    outer loop
      vertex 3.80203 3.24724 0
      vertex 3.53553 3.53553 9.5
      vertex 3.53553 3.53553 0
    endloop
  endfacet
  facet normal -0.734313 -0.678811 0
    outer loop
      vertex 3.53553 3.53553 9.5
      vertex 3.80203 3.24724 0
      vertex 3.80203 3.24724 9.5
    endloop
  endfacet
  facet normal 0.83147 0.55557 0
    outer loop
      vertex -4.04508 -2.93893 9.5
      vertex -4.2632 -2.61249 0
      vertex -4.2632 -2.61249 9.5
    endloop
  endfacet
  facet normal 0.83147 0.55557 0
    outer loop
      vertex -4.2632 -2.61249 0
      vertex -4.04508 -2.93893 9.5
      vertex -4.04508 -2.93893 0
    endloop
  endfacet
  facet normal -0.785319 -0.619091 0
    outer loop
      vertex 4.04508 2.93893 0
      vertex 3.80203 3.24724 9.5
      vertex 3.80203 3.24724 0
    endloop
  endfacet
  facet normal -0.785319 -0.619091 0
    outer loop
      vertex 3.80203 3.24724 9.5
      vertex 4.04508 2.93893 0
      vertex 4.04508 2.93893 9.5
    endloop
  endfacet
  facet normal 0.999229 0.0392514 0
    outer loop
      vertex -4.98459 -0.392295 9.5
      vertex -5 0 0
      vertex -5 0 9.5
    endloop
  endfacet
  facet normal 0.999229 0.0392514 0
    outer loop
      vertex -5 0 0
      vertex -4.98459 -0.392295 9.5
      vertex -4.98459 -0.392295 0
    endloop
  endfacet
  facet normal 0.11755 -0.993067 0
    outer loop
      vertex -0.782172 4.93844 0
      vertex -0.392295 4.98459 9.5
      vertex -0.782172 4.93844 9.5
    endloop
  endfacet
  facet normal 0.11755 -0.993067 0
    outer loop
      vertex -0.392295 4.98459 9.5
      vertex -0.782172 4.93844 0
      vertex -0.392295 4.98459 0
    endloop
  endfacet
  facet normal 0.938198 -0.3461 0
    outer loop
      vertex -4.75528 1.54508 9.5
      vertex -4.6194 1.91342 0
      vertex -4.6194 1.91342 9.5
    endloop
  endfacet
  facet normal 0.938198 -0.3461 0
    outer loop
      vertex -4.6194 1.91342 0
      vertex -4.75528 1.54508 9.5
      vertex -4.75528 1.54508 0
    endloop
  endfacet
  facet normal -0.3461 0.938198 0
    outer loop
      vertex 1.91342 -4.6194 0
      vertex 1.54508 -4.75528 9.5
      vertex 1.91342 -4.6194 9.5
    endloop
  endfacet
  facet normal -0.3461 0.938198 0
    outer loop
      vertex 1.54508 -4.75528 9.5
      vertex 1.91342 -4.6194 0
      vertex 1.54508 -4.75528 0
    endloop
  endfacet
  facet normal 0.619091 -0.785319 0
    outer loop
      vertex -3.24724 3.80203 0
      vertex -2.93893 4.04508 9.5
      vertex -3.24724 3.80203 9.5
    endloop
  endfacet
  facet normal 0.619091 -0.785319 0
    outer loop
      vertex -2.93893 4.04508 9.5
      vertex -3.24724 3.80203 0
      vertex -2.93893 4.04508 0
    endloop
  endfacet
  facet normal 0.993067 -0.11755 0
    outer loop
      vertex -4.98459 0.392295 9.5
      vertex -4.93844 0.782172 0
      vertex -4.93844 0.782172 9.5
    endloop
  endfacet
  facet normal 0.993067 -0.11755 0
    outer loop
      vertex -4.93844 0.782172 0
      vertex -4.98459 0.392295 9.5
      vertex -4.98459 0.392295 0
    endloop
  endfacet
  facet normal -0.0392514 -0.999229 0
    outer loop
      vertex 0 5 0
      vertex 0.392295 4.98459 9.5
      vertex 0 5 9.5
    endloop
  endfacet
  facet normal -0.0392514 -0.999229 -0
    outer loop
      vertex 0.392295 4.98459 9.5
      vertex 0 5 0
      vertex 0.392295 4.98459 0
    endloop
  endfacet
  facet normal 0.418675 -0.908136 0
    outer loop
      vertex -2.26995 4.45503 0
      vertex -1.91342 4.6194 9.5
      vertex -2.26995 4.45503 9.5
    endloop
  endfacet
  facet normal 0.418675 -0.908136 0
    outer loop
      vertex -1.91342 4.6194 9.5
      vertex -2.26995 4.45503 0
      vertex -1.91342 4.6194 0
    endloop
  endfacet
  facet normal -0.872498 0.488618 0
    outer loop
      vertex 4.2632 -2.61249 0
      vertex 4.45503 -2.26995 9.5
      vertex 4.45503 -2.26995 0
    endloop
  endfacet
  facet normal -0.872498 0.488618 0
    outer loop
      vertex 4.45503 -2.26995 9.5
      vertex 4.2632 -2.61249 0
      vertex 4.2632 -2.61249 9.5
    endloop
  endfacet
  facet normal 0.418675 0.908136 -0
    outer loop
      vertex -1.91342 -4.6194 0
      vertex -2.26995 -4.45503 9.5
      vertex -1.91342 -4.6194 9.5
    endloop
  endfacet
  facet normal 0.418675 0.908136 0
    outer loop
      vertex -2.26995 -4.45503 9.5
      vertex -1.91342 -4.6194 0
      vertex -2.26995 -4.45503 0
    endloop
  endfacet
  facet normal 0.980787 0.195083 0
    outer loop
      vertex -4.86185 -1.16723 9.5
      vertex -4.93844 -0.782172 0
      vertex -4.93844 -0.782172 9.5
    endloop
  endfacet
  facet normal 0.980787 0.195083 0
    outer loop
      vertex -4.93844 -0.782172 0
      vertex -4.86185 -1.16723 9.5
      vertex -4.86185 -1.16723 0
    endloop
  endfacet
  facet normal -0.83147 -0.55557 0
    outer loop
      vertex 4.2632 2.61249 0
      vertex 4.04508 2.93893 9.5
      vertex 4.04508 2.93893 0
    endloop
  endfacet
  facet normal -0.83147 -0.55557 0
    outer loop
      vertex 4.04508 2.93893 9.5
      vertex 4.2632 2.61249 0
      vertex 4.2632 2.61249 9.5
    endloop
  endfacet
  facet normal 0.3461 0.938198 -0
    outer loop
      vertex -1.54508 -4.75528 0
      vertex -1.91342 -4.6194 9.5
      vertex -1.54508 -4.75528 9.5
    endloop
  endfacet
  facet normal 0.3461 0.938198 0
    outer loop
      vertex -1.91342 -4.6194 9.5
      vertex -1.54508 -4.75528 0
      vertex -1.91342 -4.6194 0
    endloop
  endfacet
  facet normal -0.271453 0.962452 0
    outer loop
      vertex 1.54508 -4.75528 0
      vertex 1.16723 -4.86185 9.5
      vertex 1.54508 -4.75528 9.5
    endloop
  endfacet
  facet normal -0.271453 0.962452 0
    outer loop
      vertex 1.16723 -4.86185 9.5
      vertex 1.54508 -4.75528 0
      vertex 1.16723 -4.86185 0
    endloop
  endfacet
  facet normal 0.962452 0.271453 0
    outer loop
      vertex -4.75528 -1.54508 9.5
      vertex -4.86185 -1.16723 0
      vertex -4.86185 -1.16723 9.5
    endloop
  endfacet
  facet normal 0.962452 0.271453 0
    outer loop
      vertex -4.86185 -1.16723 0
      vertex -4.75528 -1.54508 9.5
      vertex -4.75528 -1.54508 0
    endloop
  endfacet
  facet normal -0.3461 -0.938198 0
    outer loop
      vertex 1.54508 4.75528 0
      vertex 1.91342 4.6194 9.5
      vertex 1.54508 4.75528 9.5
    endloop
  endfacet
  facet normal -0.3461 -0.938198 -0
    outer loop
      vertex 1.91342 4.6194 9.5
      vertex 1.54508 4.75528 0
      vertex 1.91342 4.6194 0
    endloop
  endfacet
  facet normal 0.0392514 0.999229 -0
    outer loop
      vertex 0 -5 0
      vertex -0.392295 -4.98459 9.5
      vertex 0 -5 9.5
    endloop
  endfacet
  facet normal 0.0392514 0.999229 0
    outer loop
      vertex -0.392295 -4.98459 9.5
      vertex 0 -5 0
      vertex -0.392295 -4.98459 0
    endloop
  endfacet
  facet normal 0.872498 -0.488618 0
    outer loop
      vertex -4.45503 2.26995 9.5
      vertex -4.2632 2.61249 0
      vertex -4.2632 2.61249 9.5
    endloop
  endfacet
  facet normal 0.872498 -0.488618 0
    outer loop
      vertex -4.2632 2.61249 0
      vertex -4.45503 2.26995 9.5
      vertex -4.45503 2.26995 0
    endloop
  endfacet
  facet normal 0.999229 -0.0392514 0
    outer loop
      vertex -5 0 9.5
      vertex -4.98459 0.392295 0
      vertex -4.98459 0.392295 9.5
    endloop
  endfacet
  facet normal 0.999229 -0.0392514 0
    outer loop
      vertex -4.98459 0.392295 0
      vertex -5 0 9.5
      vertex -5 0 0
    endloop
  endfacet
  facet normal 0.734313 0.678811 0
    outer loop
      vertex -3.53553 -3.53553 9.5
      vertex -3.80203 -3.24724 0
      vertex -3.80203 -3.24724 9.5
    endloop
  endfacet
  facet normal 0.734313 0.678811 0
    outer loop
      vertex -3.80203 -3.24724 0
      vertex -3.53553 -3.53553 9.5
      vertex -3.53553 -3.53553 0
    endloop
  endfacet
  facet normal 0.962452 -0.271453 0
    outer loop
      vertex -4.86185 1.16723 9.5
      vertex -4.75528 1.54508 0
      vertex -4.75528 1.54508 9.5
    endloop
  endfacet
  facet normal 0.962452 -0.271453 0
    outer loop
      vertex -4.75528 1.54508 0
      vertex -4.86185 1.16723 9.5
      vertex -4.86185 1.16723 0
    endloop
  endfacet
  facet normal 0.271453 0.962452 -0
    outer loop
      vertex -1.16723 -4.86185 0
      vertex -1.54508 -4.75528 9.5
      vertex -1.16723 -4.86185 9.5
    endloop
  endfacet
  facet normal 0.271453 0.962452 0
    outer loop
      vertex -1.54508 -4.75528 9.5
      vertex -1.16723 -4.86185 0
      vertex -1.54508 -4.75528 0
    endloop
  endfacet
  facet normal 0.734313 -0.678811 0
    outer loop
      vertex -3.80203 3.24724 9.5
      vertex -3.53553 3.53553 0
      vertex -3.53553 3.53553 9.5
    endloop
  endfacet
  facet normal 0.734313 -0.678811 0
    outer loop
      vertex -3.53553 3.53553 0
      vertex -3.80203 3.24724 9.5
      vertex -3.80203 3.24724 0
    endloop
  endfacet
  facet normal 0.785319 -0.619091 0
    outer loop
      vertex -4.04508 2.93893 9.5
      vertex -3.80203 3.24724 0
      vertex -3.80203 3.24724 9.5
    endloop
  endfacet
  facet normal 0.785319 -0.619091 0
    outer loop
      vertex -3.80203 3.24724 0
      vertex -4.04508 2.93893 9.5
      vertex -4.04508 2.93893 0
    endloop
  endfacet
  facet normal 0.488618 0.872498 -0
    outer loop
      vertex -2.26995 -4.45503 0
      vertex -2.61249 -4.2632 9.5
      vertex -2.26995 -4.45503 9.5
    endloop
  endfacet
  facet normal 0.488618 0.872498 0
    outer loop
      vertex -2.61249 -4.2632 9.5
      vertex -2.26995 -4.45503 0
      vertex -2.61249 -4.2632 0
    endloop
  endfacet
  facet normal -0.195083 -0.980787 0
    outer loop
      vertex 0.782172 4.93844 0
      vertex 1.16723 4.86185 9.5
      vertex 0.782172 4.93844 9.5
    endloop
  endfacet
  facet normal -0.195083 -0.980787 -0
    outer loop
      vertex 1.16723 4.86185 9.5
      vertex 0.782172 4.93844 0
      vertex 1.16723 4.86185 0
    endloop
  endfacet
  facet normal -0.619091 0.785319 0
    outer loop
      vertex 3.24724 -3.80203 0
      vertex 2.93893 -4.04508 9.5
      vertex 3.24724 -3.80203 9.5
    endloop
  endfacet
  facet normal -0.619091 0.785319 0
    outer loop
      vertex 2.93893 -4.04508 9.5
      vertex 3.24724 -3.80203 0
      vertex 2.93893 -4.04508 0
    endloop
  endfacet
  facet normal 0 1 -0
    outer loop
      vertex 5.02295 -8.7 9.5
      vertex -5.02295 -8.7 22
      vertex 5.02295 -8.7 22
    endloop
  endfacet
  facet normal 0 1 0
    outer loop
      vertex -5.02295 -8.7 22
      vertex 5.02295 -8.7 9.5
      vertex -5.02295 -8.7 9.5
    endloop
  endfacet
  facet normal -0.866025 0.5 0
    outer loop
      vertex 5.02295 -8.7 9.5
      vertex 10.0459 0 22
      vertex 10.0459 0 9.5
    endloop
  endfacet
  facet normal -0.866025 0.5 0
    outer loop
      vertex 10.0459 0 22
      vertex 5.02295 -8.7 9.5
      vertex 5.02295 -8.7 22
    endloop
  endfacet
  facet normal 0 -1 0
    outer loop
      vertex -5.02295 8.7 9.5
      vertex 5.02295 8.7 22
      vertex -5.02295 8.7 22
    endloop
  endfacet
  facet normal 0 -1 -0
    outer loop
      vertex 5.02295 8.7 22
      vertex -5.02295 8.7 9.5
      vertex 5.02295 8.7 9.5
    endloop
  endfacet
  facet normal -0.866025 -0.5 0
    outer loop
      vertex 10.0459 0 9.5
      vertex 5.02295 8.7 22
      vertex 5.02295 8.7 9.5
    endloop
  endfacet
  facet normal -0.866025 -0.5 0
    outer loop
      vertex 5.02295 8.7 22
      vertex 10.0459 0 9.5
      vertex 10.0459 0 22
    endloop
  endfacet
  facet normal 0.866025 -0.5 0
    outer loop
      vertex -10.0459 0 22
      vertex -5.02295 8.7 9.5
      vertex -5.02295 8.7 22
    endloop
  endfacet
  facet normal 0.866025 -0.5 0
    outer loop
      vertex -5.02295 8.7 9.5
      vertex -10.0459 0 22
      vertex -10.0459 0 9.5
    endloop
  endfacet
  facet normal 0.866025 0.5 0
    outer loop
      vertex -5.02295 -8.7 22
      vertex -10.0459 0 9.5
      vertex -10.0459 0 22
    endloop
  endfacet
  facet normal 0.866025 0.5 0
    outer loop
      vertex -10.0459 0 9.5
      vertex -5.02295 -8.7 22
      vertex -5.02295 -8.7 9.5
    endloop
  endfacet
  facet normal -0 0 1
    outer loop
      vertex 4.2632 2.61249 9.5
      vertex 10.0459 0 9.5
      vertex 5.02295 8.7 9.5
    endloop
  endfacet
  facet normal 0 0 1
    outer loop
      vertex 4.98459 -0.392295 9.5
      vertex 10.0459 0 9.5
      vertex 5 0 9.5
    endloop
  endfacet
  facet normal 0 0 1
    outer loop
      vertex 10.0459 0 9.5
      vertex 4.98459 0.392295 9.5
      vertex 5 0 9.5
    endloop
  endfacet
  facet normal 0 0 1
    outer loop
      vertex 10.0459 0 9.5
      vertex 4.93844 0.782172 9.5
      vertex 4.98459 0.392295 9.5
    endloop
  endfacet
  facet normal 0 0 1
    outer loop
      vertex 10.0459 0 9.5
      vertex 4.86185 1.16723 9.5
      vertex 4.93844 0.782172 9.5
    endloop
  endfacet
  facet normal 0 0 1
    outer loop
      vertex 10.0459 0 9.5
      vertex 4.75528 1.54508 9.5
      vertex 4.86185 1.16723 9.5
    endloop
  endfacet
  facet normal 0 0 1
    outer loop
      vertex 10.0459 0 9.5
      vertex 4.6194 1.91342 9.5
      vertex 4.75528 1.54508 9.5
    endloop
  endfacet
  facet normal 0 0 1
    outer loop
      vertex 10.0459 0 9.5
      vertex 4.45503 2.26995 9.5
      vertex 4.6194 1.91342 9.5
    endloop
  endfacet
  facet normal 0 0 1
    outer loop
      vertex 10.0459 0 9.5
      vertex 4.2632 2.61249 9.5
      vertex 4.45503 2.26995 9.5
    endloop
  endfacet
  facet normal 0 0 1
    outer loop
      vertex 5.02295 8.7 9.5
      vertex 4.04508 2.93893 9.5
      vertex 4.2632 2.61249 9.5
    endloop
  endfacet
  facet normal 0 0 1
    outer loop
      vertex 5.02295 8.7 9.5
      vertex 3.80203 3.24724 9.5
      vertex 4.04508 2.93893 9.5
    endloop
  endfacet
  facet normal 0 0 1
    outer loop
      vertex 5.02295 8.7 9.5
      vertex 3.53553 3.53553 9.5
      vertex 3.80203 3.24724 9.5
    endloop
  endfacet
  facet normal 0 0 1
    outer loop
      vertex 5.02295 8.7 9.5
      vertex 3.24724 3.80203 9.5
      vertex 3.53553 3.53553 9.5
    endloop
  endfacet
  facet normal 0 0 1
    outer loop
      vertex 5.02295 8.7 9.5
      vertex 2.93893 4.04508 9.5
      vertex 3.24724 3.80203 9.5
    endloop
  endfacet
  facet normal 0 0 1
    outer loop
      vertex 5.02295 8.7 9.5
      vertex 2.61249 4.2632 9.5
      vertex 2.93893 4.04508 9.5
    endloop
  endfacet
  facet normal 0 0 1
    outer loop
      vertex 5.02295 8.7 9.5
      vertex 2.26995 4.45503 9.5
      vertex 2.61249 4.2632 9.5
    endloop
  endfacet
  facet normal 0 0 1
    outer loop
      vertex 5.02295 8.7 9.5
      vertex 1.91342 4.6194 9.5
      vertex 2.26995 4.45503 9.5
    endloop
  endfacet
  facet normal 0 0 1
    outer loop
      vertex 5.02295 8.7 9.5
      vertex 1.54508 4.75528 9.5
      vertex 1.91342 4.6194 9.5
    endloop
  endfacet
  facet normal 0 0 1
    outer loop
      vertex 5.02295 8.7 9.5
      vertex 1.16723 4.86185 9.5
      vertex 1.54508 4.75528 9.5
    endloop
  endfacet
  facet normal 0 0 1
    outer loop
      vertex 5.02295 8.7 9.5
      vertex 0.782172 4.93844 9.5
      vertex 1.16723 4.86185 9.5
    endloop
  endfacet
  facet normal 0 0 1
    outer loop
      vertex 5.02295 8.7 9.5
      vertex 0.392295 4.98459 9.5
      vertex 0.782172 4.93844 9.5
    endloop
  endfacet
  facet normal 0 0 1
    outer loop
      vertex 5.02295 8.7 9.5
      vertex 0 5 9.5
      vertex 0.392295 4.98459 9.5
    endloop
  endfacet
  facet normal -0 0 1
    outer loop
      vertex -5.02295 8.7 9.5
      vertex 0 5 9.5
      vertex 5.02295 8.7 9.5
    endloop
  endfacet
  facet normal 0 0 1
    outer loop
      vertex 0 5 9.5
      vertex -5.02295 8.7 9.5
      vertex -0.392295 4.98459 9.5
    endloop
  endfacet
  facet normal 0 0 1
    outer loop
      vertex -0.392295 4.98459 9.5
      vertex -5.02295 8.7 9.5
      vertex -0.782172 4.93844 9.5
    endloop
  endfacet
  facet normal 0 0 1
    outer loop
      vertex -0.782172 4.93844 9.5
      vertex -5.02295 8.7 9.5
      vertex -1.16723 4.86185 9.5
    endloop
  endfacet
  facet normal 0 0 1
    outer loop
      vertex -1.16723 4.86185 9.5
      vertex -5.02295 8.7 9.5
      vertex -1.54508 4.75528 9.5
    endloop
  endfacet
  facet normal 0 0 1
    outer loop
      vertex -1.54508 4.75528 9.5
      vertex -5.02295 8.7 9.5
      vertex -1.91342 4.6194 9.5
    endloop
  endfacet
  facet normal 0 0 1
    outer loop
      vertex -1.91342 4.6194 9.5
      vertex -5.02295 8.7 9.5
      vertex -2.26995 4.45503 9.5
    endloop
  endfacet
  facet normal 0 0 1
    outer loop
      vertex -4.93844 0.782172 9.5
      vertex -10.0459 0 9.5
      vertex -4.98459 0.392295 9.5
    endloop
  endfacet
  facet normal 0 0 1
    outer loop
      vertex -4.86185 1.16723 9.5
      vertex -10.0459 0 9.5
      vertex -4.93844 0.782172 9.5
    endloop
  endfacet
  facet normal 0 0 1
    outer loop
      vertex -4.75528 1.54508 9.5
      vertex -10.0459 0 9.5
      vertex -4.86185 1.16723 9.5
    endloop
  endfacet
  facet normal 0 0 1
    outer loop
      vertex -4.6194 1.91342 9.5
      vertex -10.0459 0 9.5
      vertex -4.75528 1.54508 9.5
    endloop
  endfacet
  facet normal 0 0 1
    outer loop
      vertex -4.45503 2.26995 9.5
      vertex -10.0459 0 9.5
      vertex -4.6194 1.91342 9.5
    endloop
  endfacet
  facet normal 0 0 1
    outer loop
      vertex -4.2632 2.61249 9.5
      vertex -10.0459 0 9.5
      vertex -4.45503 2.26995 9.5
    endloop
  endfacet
  facet normal 0 0 1
    outer loop
      vertex -10.0459 0 9.5
      vertex -4.2632 2.61249 9.5
      vertex -5.02295 8.7 9.5
    endloop
  endfacet
  facet normal 0 0 1
    outer loop
      vertex -4.04508 2.93893 9.5
      vertex -5.02295 8.7 9.5
      vertex -4.2632 2.61249 9.5
    endloop
  endfacet
  facet normal 0 0 1
    outer loop
      vertex -3.80203 3.24724 9.5
      vertex -5.02295 8.7 9.5
      vertex -4.04508 2.93893 9.5
    endloop
  endfacet
  facet normal 0 0 1
    outer loop
      vertex -3.53553 3.53553 9.5
      vertex -5.02295 8.7 9.5
      vertex -3.80203 3.24724 9.5
    endloop
  endfacet
  facet normal 0 0 1
    outer loop
      vertex -3.24724 3.80203 9.5
      vertex -5.02295 8.7 9.5
      vertex -3.53553 3.53553 9.5
    endloop
  endfacet
  facet normal 0 0 1
    outer loop
      vertex -2.93893 4.04508 9.5
      vertex -5.02295 8.7 9.5
      vertex -3.24724 3.80203 9.5
    endloop
  endfacet
  facet normal 0 0 1
    outer loop
      vertex -2.61249 4.2632 9.5
      vertex -5.02295 8.7 9.5
      vertex -2.93893 4.04508 9.5
    endloop
  endfacet
  facet normal 0 0 1
    outer loop
      vertex -2.26995 4.45503 9.5
      vertex -5.02295 8.7 9.5
      vertex -2.61249 4.2632 9.5
    endloop
  endfacet
  facet normal 0 0 1
    outer loop
      vertex 4.93844 -0.782172 9.5
      vertex 10.0459 0 9.5
      vertex 4.98459 -0.392295 9.5
    endloop
  endfacet
  facet normal 0 0 1
    outer loop
      vertex 4.86185 -1.16723 9.5
      vertex 10.0459 0 9.5
      vertex 4.93844 -0.782172 9.5
    endloop
  endfacet
  facet normal 0 0 1
    outer loop
      vertex 4.75528 -1.54508 9.5
      vertex 10.0459 0 9.5
      vertex 4.86185 -1.16723 9.5
    endloop
  endfacet
  facet normal 0 0 1
    outer loop
      vertex 4.6194 -1.91342 9.5
      vertex 10.0459 0 9.5
      vertex 4.75528 -1.54508 9.5
    endloop
  endfacet
  facet normal 0 0 1
    outer loop
      vertex 4.45503 -2.26995 9.5
      vertex 10.0459 0 9.5
      vertex 4.6194 -1.91342 9.5
    endloop
  endfacet
  facet normal 0 0 1
    outer loop
      vertex 4.2632 -2.61249 9.5
      vertex 10.0459 0 9.5
      vertex 4.45503 -2.26995 9.5
    endloop
  endfacet
  facet normal 0 0 1
    outer loop
      vertex 10.0459 0 9.5
      vertex 4.2632 -2.61249 9.5
      vertex 5.02295 -8.7 9.5
    endloop
  endfacet
  facet normal -0 0 1
    outer loop
      vertex 4.04508 -2.93893 9.5
      vertex 5.02295 -8.7 9.5
      vertex 4.2632 -2.61249 9.5
    endloop
  endfacet
  facet normal -0 0 1
    outer loop
      vertex 3.80203 -3.24724 9.5
      vertex 5.02295 -8.7 9.5
      vertex 4.04508 -2.93893 9.5
    endloop
  endfacet
  facet normal -0 0 1
    outer loop
      vertex 3.53553 -3.53553 9.5
      vertex 5.02295 -8.7 9.5
      vertex 3.80203 -3.24724 9.5
    endloop
  endfacet
  facet normal -0 0 1
    outer loop
      vertex 3.24724 -3.80203 9.5
      vertex 5.02295 -8.7 9.5
      vertex 3.53553 -3.53553 9.5
    endloop
  endfacet
  facet normal -0 0 1
    outer loop
      vertex 2.93893 -4.04508 9.5
      vertex 5.02295 -8.7 9.5
      vertex 3.24724 -3.80203 9.5
    endloop
  endfacet
  facet normal -0 0 1
    outer loop
      vertex 2.61249 -4.2632 9.5
      vertex 5.02295 -8.7 9.5
      vertex 2.93893 -4.04508 9.5
    endloop
  endfacet
  facet normal -0 0 1
    outer loop
      vertex 2.26995 -4.45503 9.5
      vertex 5.02295 -8.7 9.5
      vertex 2.61249 -4.2632 9.5
    endloop
  endfacet
  facet normal -0 0 1
    outer loop
      vertex 1.91342 -4.6194 9.5
      vertex 5.02295 -8.7 9.5
      vertex 2.26995 -4.45503 9.5
    endloop
  endfacet
  facet normal -0 0 1
    outer loop
      vertex 1.54508 -4.75528 9.5
      vertex 5.02295 -8.7 9.5
      vertex 1.91342 -4.6194 9.5
    endloop
  endfacet
  facet normal -0 0 1
    outer loop
      vertex 1.16723 -4.86185 9.5
      vertex 5.02295 -8.7 9.5
      vertex 1.54508 -4.75528 9.5
    endloop
  endfacet
  facet normal -0 0 1
    outer loop
      vertex 0.782172 -4.93844 9.5
      vertex 5.02295 -8.7 9.5
      vertex 1.16723 -4.86185 9.5
    endloop
  endfacet
  facet normal -0 0 1
    outer loop
      vertex 0.392295 -4.98459 9.5
      vertex 5.02295 -8.7 9.5
      vertex 0.782172 -4.93844 9.5
    endloop
  endfacet
  facet normal -0 0 1
    outer loop
      vertex 0 -5 9.5
      vertex 5.02295 -8.7 9.5
      vertex 0.392295 -4.98459 9.5
    endloop
  endfacet
  facet normal 0 0 1
    outer loop
      vertex -5.02295 -8.7 9.5
      vertex 0 -5 9.5
      vertex -0.392295 -4.98459 9.5
    endloop
  endfacet
  facet normal 0 0 1
    outer loop
      vertex -5.02295 -8.7 9.5
      vertex -0.392295 -4.98459 9.5
      vertex -0.782172 -4.93844 9.5
    endloop
  endfacet
  facet normal 0 0 1
    outer loop
      vertex -5.02295 -8.7 9.5
      vertex -0.782172 -4.93844 9.5
      vertex -1.16723 -4.86185 9.5
    endloop
  endfacet
  facet normal 0 0 1
    outer loop
      vertex -5.02295 -8.7 9.5
      vertex -1.16723 -4.86185 9.5
      vertex -1.54508 -4.75528 9.5
    endloop
  endfacet
  facet normal 0 0 1
    outer loop
      vertex -5.02295 -8.7 9.5
      vertex -1.54508 -4.75528 9.5
      vertex -1.91342 -4.6194 9.5
    endloop
  endfacet
  facet normal 0 0 1
    outer loop
      vertex -5.02295 -8.7 9.5
      vertex -1.91342 -4.6194 9.5
      vertex -2.26995 -4.45503 9.5
    endloop
  endfacet
  facet normal 0 0 1
    outer loop
      vertex -5.02295 -8.7 9.5
      vertex -2.26995 -4.45503 9.5
      vertex -2.61249 -4.2632 9.5
    endloop
  endfacet
  facet normal 0 0 1
    outer loop
      vertex 0 -5 9.5
      vertex -5.02295 -8.7 9.5
      vertex 5.02295 -8.7 9.5
    endloop
  endfacet
  facet normal 0 0 1
    outer loop
      vertex -2.93893 -4.04508 9.5
      vertex -5.02295 -8.7 9.5
      vertex -2.61249 -4.2632 9.5
    endloop
  endfacet
  facet normal 0 0 1
    outer loop
      vertex -3.24724 -3.80203 9.5
      vertex -5.02295 -8.7 9.5
      vertex -2.93893 -4.04508 9.5
    endloop
  endfacet
  facet normal 0 0 1
    outer loop
      vertex -3.53553 -3.53553 9.5
      vertex -5.02295 -8.7 9.5
      vertex -3.24724 -3.80203 9.5
    endloop
  endfacet
  facet normal 0 0 1
    outer loop
      vertex -3.80203 -3.24724 9.5
      vertex -5.02295 -8.7 9.5
      vertex -3.53553 -3.53553 9.5
    endloop
  endfacet
  facet normal 0 0 1
    outer loop
      vertex -4.04508 -2.93893 9.5
      vertex -5.02295 -8.7 9.5
      vertex -3.80203 -3.24724 9.5
    endloop
  endfacet
  facet normal 0 0 1
    outer loop
      vertex -4.2632 -2.61249 9.5
      vertex -5.02295 -8.7 9.5
      vertex -4.04508 -2.93893 9.5
    endloop
  endfacet
  facet normal 0 0 1
    outer loop
      vertex -10.0459 0 9.5
      vertex -4.2632 -2.61249 9.5
      vertex -4.45503 -2.26995 9.5
    endloop
  endfacet
  facet normal 0 0 1
    outer loop
      vertex -10.0459 0 9.5
      vertex -4.45503 -2.26995 9.5
      vertex -4.6194 -1.91342 9.5
    endloop
  endfacet
  facet normal 0 0 1
    outer loop
      vertex -10.0459 0 9.5
      vertex -4.6194 -1.91342 9.5
      vertex -4.75528 -1.54508 9.5
    endloop
  endfacet
  facet normal 0 0 1
    outer loop
      vertex -10.0459 0 9.5
      vertex -4.75528 -1.54508 9.5
      vertex -4.86185 -1.16723 9.5
    endloop
  endfacet
  facet normal 0 0 1
    outer loop
      vertex -10.0459 0 9.5
      vertex -4.86185 -1.16723 9.5
      vertex -4.93844 -0.782172 9.5
    endloop
  endfacet
  facet normal 0 0 1
    outer loop
      vertex -10.0459 0 9.5
      vertex -4.93844 -0.782172 9.5
      vertex -4.98459 -0.392295 9.5
    endloop
  endfacet
  facet normal -0 0 1
    outer loop
      vertex -10.0459 0 9.5
      vertex -4.98459 -0.392295 9.5
      vertex -5 0 9.5
    endloop
  endfacet
  facet normal 0 0 1
    outer loop
      vertex -4.98459 0.392295 9.5
      vertex -10.0459 0 9.5
      vertex -5 0 9.5
    endloop
  endfacet
  facet normal 0 0 1
    outer loop
      vertex -4.2632 -2.61249 9.5
      vertex -10.0459 0 9.5
      vertex -5.02295 -8.7 9.5
    endloop
  endfacet
  facet normal -0.615291 -0.355749 0.703462
    outer loop
      vertex 11.1394 0.0861324 23
      vertex 10.0459 0 22
      vertex 11.1892 0 23
    endloop
  endfacet
  facet normal -0.615422 -0.355314 0.703568
    outer loop
      vertex 10.0459 0 22
      vertex 11.1394 0.0861324 23
      vertex 5.02295 8.7 22
    endloop
  endfacet
  facet normal -0.615291 0.355749 0.703462
    outer loop
      vertex 10.0459 0 22
      vertex 11.1394 -0.0861324 23
      vertex 11.1892 0 23
    endloop
  endfacet
  facet normal -0.615422 0.355314 0.703568
    outer loop
      vertex 11.1394 -0.0861324 23
      vertex 10.0459 0 22
      vertex 5.02295 -8.7 22
    endloop
  endfacet
  facet normal 0.615414 0.355307 0.703579
    outer loop
      vertex -5.59458 -9.6901 23
      vertex -5.02295 -8.7 22
      vertex -11.1394 -0.0861324 23
    endloop
  endfacet
  facet normal 0.615414 -0.355307 0.703579
    outer loop
      vertex -5.02295 8.7 22
      vertex -5.59458 9.6901 23
      vertex -11.1394 0.0861324 23
    endloop
  endfacet
  facet normal -0.615414 -0.355307 0.703579
    outer loop
      vertex 11.1394 0.0861324 23
      vertex 5.59458 9.6901 23
      vertex 5.02295 8.7 22
    endloop
  endfacet
  facet normal -0.615414 0.355307 0.703579
    outer loop
      vertex 5.59458 -9.6901 23
      vertex 11.1394 -0.0861324 23
      vertex 5.02295 -8.7 22
    endloop
  endfacet
  facet normal 0 0.710616 0.70358
    outer loop
      vertex 5.02295 -8.7 22
      vertex -5.59458 -9.6901 23
      vertex 5.59458 -9.6901 23
    endloop
  endfacet
  facet normal 0 0.710616 0.70358
    outer loop
      vertex -5.59458 -9.6901 23
      vertex 5.02295 -8.7 22
      vertex -5.02295 -8.7 22
    endloop
  endfacet
  facet normal 0.615422 0.355314 0.703568
    outer loop
      vertex -10.0459 0 22
      vertex -11.1394 -0.0861324 23
      vertex -5.02295 -8.7 22
    endloop
  endfacet
  facet normal 0.615291 0.355749 0.703462
    outer loop
      vertex -11.1394 -0.0861324 23
      vertex -10.0459 0 22
      vertex -11.1892 0 23
    endloop
  endfacet
  facet normal 0.615422 -0.355314 0.703568
    outer loop
      vertex -11.1394 0.0861324 23
      vertex -10.0459 0 22
      vertex -5.02295 8.7 22
    endloop
  endfacet
  facet normal 0.615291 -0.355749 0.703462
    outer loop
      vertex -10.0459 0 22
      vertex -11.1394 0.0861324 23
      vertex -11.1892 0 23
    endloop
  endfacet
  facet normal 0 -0.710616 0.70358
    outer loop
      vertex -5.02295 8.7 22
      vertex 5.59458 9.6901 23
      vertex -5.59458 9.6901 23
    endloop
  endfacet
  facet normal 0 -0.710616 0.70358
    outer loop
      vertex 5.59458 9.6901 23
      vertex -5.02295 8.7 22
      vertex 5.02295 8.7 22
    endloop
  endfacet
endsolid OpenSCAD_Model
