solid OpenSCAD_Model
  facet normal 0.993063 0.117581 0
    outer loop
      vertex -51.4265 0.674747 33
      vertex -51.5059 1.34534 6
      vertex -51.5059 1.34534 33
    endloop
  endfacet
  facet normal 0.993063 0.117581 0
    outer loop
      vertex -51.5059 1.34534 6
      vertex -51.4265 0.674747 33
      vertex -51.4265 0.674747 6
    endloop
  endfacet
  facet normal -0.619099 -0.785313 0
    outer loop
      vertex -65.5853 -6.53949 6
      vertex -65.055 -6.95755 33
      vertex -65.5853 -6.53949 33
    endloop
  endfacet
  facet normal -0.619099 -0.785313 -0
    outer loop
      vertex -65.055 -6.95755 33
      vertex -65.5853 -6.53949 6
      vertex -65.055 -6.95755 6
    endloop
  endfacet
  facet normal 0.0392612 -0.999229 0
    outer loop
      vertex -60 -8.6 6
      vertex -59.3253 -8.57349 33
      vertex -60 -8.6 33
    endloop
  endfacet
  facet normal 0.0392612 -0.999229 0
    outer loop
      vertex -59.3253 -8.57349 33
      vertex -60 -8.6 6
      vertex -59.3253 -8.57349 6
    endloop
  endfacet
  facet normal -0.962454 0.271445 0
    outer loop
      vertex -68.3624 2.00763 6
      vertex -68.1791 2.65755 33
      vertex -68.1791 2.65755 6
    endloop
  endfacet
  facet normal -0.962454 0.271445 0
    outer loop
      vertex -68.1791 2.65755 33
      vertex -68.3624 2.00763 6
      vertex -68.3624 2.00763 33
    endloop
  endfacet
  facet normal 0.195091 -0.980785 0
    outer loop
      vertex -58.6547 -8.49412 6
      vertex -57.9924 -8.36238 33
      vertex -58.6547 -8.49412 33
    endloop
  endfacet
  facet normal 0.195091 -0.980785 0
    outer loop
      vertex -57.9924 -8.36238 33
      vertex -58.6547 -8.49412 6
      vertex -57.9924 -8.36238 6
    endloop
  endfacet
  facet normal 0.908147 0.418651 0
    outer loop
      vertex -52.0546 3.29108 33
      vertex -52.3373 3.90432 6
      vertex -52.3373 3.90432 33
    endloop
  endfacet
  facet normal 0.908147 0.418651 0
    outer loop
      vertex -52.3373 3.90432 6
      vertex -52.0546 3.29108 33
      vertex -52.0546 3.29108 6
    endloop
  endfacet
  facet normal 0.488612 0.872501 -0
    outer loop
      vertex -55.5065 7.3327 6
      vertex -56.0957 7.66266 33
      vertex -55.5065 7.3327 33
    endloop
  endfacet
  facet normal 0.488612 0.872501 0
    outer loop
      vertex -56.0957 7.66266 33
      vertex -55.5065 7.3327 6
      vertex -56.0957 7.66266 6
    endloop
  endfacet
  facet normal -0.831439 0.555616 0
    outer loop
      vertex -67.3327 4.49349 6
      vertex -66.9575 5.05495 33
      vertex -66.9575 5.05495 6
    endloop
  endfacet
  facet normal -0.831439 0.555616 0
    outer loop
      vertex -66.9575 5.05495 33
      vertex -67.3327 4.49349 6
      vertex -67.3327 4.49349 33
    endloop
  endfacet
  facet normal 0.938202 0.346089 0
    outer loop
      vertex -51.8209 2.65755 33
      vertex -52.0546 3.29108 6
      vertex -52.0546 3.29108 33
    endloop
  endfacet
  facet normal 0.938202 0.346089 0
    outer loop
      vertex -52.0546 3.29108 6
      vertex -51.8209 2.65755 33
      vertex -51.8209 2.65755 6
    endloop
  endfacet
  facet normal 0.872465 0.488676 0
    outer loop
      vertex -52.3373 3.90432 33
      vertex -52.6673 4.49349 6
      vertex -52.6673 4.49349 33
    endloop
  endfacet
  facet normal 0.872465 0.488676 0
    outer loop
      vertex -52.6673 4.49349 6
      vertex -52.3373 3.90432 33
      vertex -52.3373 3.90432 6
    endloop
  endfacet
  facet normal 0.555537 0.831492 -0
    outer loop
      vertex -54.945 6.95755 6
      vertex -55.5065 7.3327 33
      vertex -54.945 6.95755 33
    endloop
  endfacet
  facet normal 0.555537 0.831492 0
    outer loop
      vertex -55.5065 7.3327 33
      vertex -54.945 6.95755 6
      vertex -55.5065 7.3327 6
    endloop
  endfacet
  facet normal -0.195091 -0.980785 0
    outer loop
      vertex -62.0076 -8.36238 6
      vertex -61.3453 -8.49412 33
      vertex -62.0076 -8.36238 33
    endloop
  endfacet
  facet normal -0.195091 -0.980785 -0
    outer loop
      vertex -61.3453 -8.49412 33
      vertex -62.0076 -8.36238 6
      vertex -61.3453 -8.49412 6
    endloop
  endfacet
  facet normal 0.962454 0.271445 0
    outer loop
      vertex -51.6376 2.00763 33
      vertex -51.8209 2.65755 6
      vertex -51.8209 2.65755 33
    endloop
  endfacet
  facet normal 0.962454 0.271445 0
    outer loop
      vertex -51.8209 2.65755 6
      vertex -51.6376 2.00763 33
      vertex -51.6376 2.00763 6
    endloop
  endfacet
  facet normal 0.980796 -0.195037 0
    outer loop
      vertex -51.6376 -2.00763 33
      vertex -51.5059 -1.34534 6
      vertex -51.5059 -1.34534 33
    endloop
  endfacet
  facet normal 0.980796 -0.195037 0
    outer loop
      vertex -51.5059 -1.34534 6
      vertex -51.6376 -2.00763 33
      vertex -51.6376 -2.00763 6
    endloop
  endfacet
  facet normal 0.908147 -0.418651 0
    outer loop
      vertex -52.3373 -3.90432 33
      vertex -52.0546 -3.29108 6
      vertex -52.0546 -3.29108 33
    endloop
  endfacet
  facet normal 0.908147 -0.418651 0
    outer loop
      vertex -52.0546 -3.29108 6
      vertex -52.3373 -3.90432 33
      vertex -52.3373 -3.90432 6
    endloop
  endfacet
  facet normal -0.872465 -0.488676 0
    outer loop
      vertex -67.3327 -4.49349 6
      vertex -67.6627 -3.90432 33
      vertex -67.6627 -3.90432 6
    endloop
  endfacet
  facet normal -0.872465 -0.488676 0
    outer loop
      vertex -67.6627 -3.90432 33
      vertex -67.3327 -4.49349 6
      vertex -67.3327 -4.49349 33
    endloop
  endfacet
  facet normal 0.678846 -0.73428 0
    outer loop
      vertex -54.4147 -6.53949 6
      vertex -53.9189 -6.08112 33
      vertex -54.4147 -6.53949 33
    endloop
  endfacet
  facet normal 0.678846 -0.73428 0
    outer loop
      vertex -53.9189 -6.08112 33
      vertex -54.4147 -6.53949 6
      vertex -53.9189 -6.08112 6
    endloop
  endfacet
  facet normal 0.99923 0.0392437 0
    outer loop
      vertex -51.4 0 33
      vertex -51.4265 0.674747 6
      vertex -51.4265 0.674747 33
    endloop
  endfacet
  facet normal 0.99923 0.0392437 0
    outer loop
      vertex -51.4265 0.674747 6
      vertex -51.4 0 33
      vertex -51.4 0 6
    endloop
  endfacet
  facet normal 0.418673 -0.908137 0
    outer loop
      vertex -56.7089 -7.94536 6
      vertex -56.0957 -7.66266 33
      vertex -56.7089 -7.94536 33
    endloop
  endfacet
  facet normal 0.418673 -0.908137 0
    outer loop
      vertex -56.0957 -7.66266 33
      vertex -56.7089 -7.94536 6
      vertex -56.0957 -7.66266 6
    endloop
  endfacet
  facet normal -0.993063 0.117581 0
    outer loop
      vertex -68.5735 0.674747 6
      vertex -68.4941 1.34534 33
      vertex -68.4941 1.34534 6
    endloop
  endfacet
  facet normal -0.993063 0.117581 0
    outer loop
      vertex -68.4941 1.34534 33
      vertex -68.5735 0.674747 6
      vertex -68.5735 0.674747 33
    endloop
  endfacet
  facet normal -0.117536 0.993069 0
    outer loop
      vertex -60.6747 8.57349 6
      vertex -61.3453 8.49412 33
      vertex -60.6747 8.57349 33
    endloop
  endfacet
  facet normal -0.117536 0.993069 0
    outer loop
      vertex -61.3453 8.49412 33
      vertex -60.6747 8.57349 6
      vertex -61.3453 8.49412 6
    endloop
  endfacet
  facet normal 0.99923 -0.0392437 0
    outer loop
      vertex -51.4265 -0.674747 33
      vertex -51.4 0 6
      vertex -51.4 0 33
    endloop
  endfacet
  facet normal 0.99923 -0.0392437 0
    outer loop
      vertex -51.4 0 6
      vertex -51.4265 -0.674747 33
      vertex -51.4265 -0.674747 6
    endloop
  endfacet
  facet normal 0.785356 0.619044 0
    outer loop
      vertex -53.0425 5.05495 33
      vertex -53.4605 5.58525 6
      vertex -53.4605 5.58525 33
    endloop
  endfacet
  facet normal 0.785356 0.619044 0
    outer loop
      vertex -53.4605 5.58525 6
      vertex -53.0425 5.05495 33
      vertex -53.0425 5.05495 6
    endloop
  endfacet
  facet normal -0.0392612 -0.999229 0
    outer loop
      vertex -60.6747 -8.57349 6
      vertex -60 -8.6 33
      vertex -60.6747 -8.57349 33
    endloop
  endfacet
  facet normal -0.0392612 -0.999229 -0
    outer loop
      vertex -60 -8.6 33
      vertex -60.6747 -8.57349 6
      vertex -60 -8.6 6
    endloop
  endfacet
  facet normal 0.0392612 0.999229 -0
    outer loop
      vertex -59.3253 8.57349 6
      vertex -60 8.6 33
      vertex -59.3253 8.57349 33
    endloop
  endfacet
  facet normal 0.0392612 0.999229 0
    outer loop
      vertex -60 8.6 33
      vertex -59.3253 8.57349 6
      vertex -60 8.6 6
    endloop
  endfacet
  facet normal 0.980796 0.195037 0
    outer loop
      vertex -51.5059 1.34534 33
      vertex -51.6376 2.00763 6
      vertex -51.6376 2.00763 33
    endloop
  endfacet
  facet normal 0.980796 0.195037 0
    outer loop
      vertex -51.6376 2.00763 6
      vertex -51.5059 1.34534 33
      vertex -51.5059 1.34534 6
    endloop
  endfacet
  facet normal -0.99923 -0.0392437 0
    outer loop
      vertex -68.5735 -0.674747 6
      vertex -68.6 0 33
      vertex -68.6 0 6
    endloop
  endfacet
  facet normal -0.99923 -0.0392437 0
    outer loop
      vertex -68.6 0 33
      vertex -68.5735 -0.674747 6
      vertex -68.5735 -0.674747 33
    endloop
  endfacet
  facet normal 0.734306 0.678819 0
    outer loop
      vertex -53.4605 5.58525 33
      vertex -53.9189 6.08112 6
      vertex -53.9189 6.08112 33
    endloop
  endfacet
  facet normal 0.734306 0.678819 0
    outer loop
      vertex -53.9189 6.08112 6
      vertex -53.4605 5.58525 33
      vertex -53.4605 5.58525 6
    endloop
  endfacet
  facet normal 0.117536 0.993069 -0
    outer loop
      vertex -58.6547 8.49412 6
      vertex -59.3253 8.57349 33
      vertex -58.6547 8.49412 33
    endloop
  endfacet
  facet normal 0.117536 0.993069 0
    outer loop
      vertex -59.3253 8.57349 33
      vertex -58.6547 8.49412 6
      vertex -59.3253 8.57349 6
    endloop
  endfacet
  facet normal 0.619099 -0.785313 0
    outer loop
      vertex -54.945 -6.95755 6
      vertex -54.4147 -6.53949 33
      vertex -54.945 -6.95755 33
    endloop
  endfacet
  facet normal 0.619099 -0.785313 0
    outer loop
      vertex -54.4147 -6.53949 33
      vertex -54.945 -6.95755 6
      vertex -54.4147 -6.53949 6
    endloop
  endfacet
  facet normal 0.734306 -0.678819 0
    outer loop
      vertex -53.9189 -6.08112 33
      vertex -53.4605 -5.58525 6
      vertex -53.4605 -5.58525 33
    endloop
  endfacet
  facet normal 0.734306 -0.678819 0
    outer loop
      vertex -53.4605 -5.58525 6
      vertex -53.9189 -6.08112 33
      vertex -53.9189 -6.08112 6
    endloop
  endfacet
  facet normal 0.678846 0.73428 -0
    outer loop
      vertex -53.9189 6.08112 6
      vertex -54.4147 6.53949 33
      vertex -53.9189 6.08112 33
    endloop
  endfacet
  facet normal 0.678846 0.73428 0
    outer loop
      vertex -54.4147 6.53949 33
      vertex -53.9189 6.08112 6
      vertex -54.4147 6.53949 6
    endloop
  endfacet
  facet normal -0.555537 -0.831492 0
    outer loop
      vertex -65.055 -6.95755 6
      vertex -64.4935 -7.3327 33
      vertex -65.055 -6.95755 33
    endloop
  endfacet
  facet normal -0.555537 -0.831492 -0
    outer loop
      vertex -64.4935 -7.3327 33
      vertex -65.055 -6.95755 6
      vertex -64.4935 -7.3327 6
    endloop
  endfacet
  facet normal -0.993063 -0.117581 0
    outer loop
      vertex -68.4941 -1.34534 6
      vertex -68.5735 -0.674747 33
      vertex -68.5735 -0.674747 6
    endloop
  endfacet
  facet normal -0.993063 -0.117581 0
    outer loop
      vertex -68.5735 -0.674747 33
      vertex -68.4941 -1.34534 6
      vertex -68.4941 -1.34534 33
    endloop
  endfacet
  facet normal 0.993063 -0.117581 0
    outer loop
      vertex -51.5059 -1.34534 33
      vertex -51.4265 -0.674747 6
      vertex -51.4265 -0.674747 33
    endloop
  endfacet
  facet normal 0.993063 -0.117581 0
    outer loop
      vertex -51.4265 -0.674747 6
      vertex -51.5059 -1.34534 33
      vertex -51.5059 -1.34534 6
    endloop
  endfacet
  facet normal -0.734306 -0.678819 0
    outer loop
      vertex -66.0811 -6.08112 6
      vertex -66.5395 -5.58525 33
      vertex -66.5395 -5.58525 6
    endloop
  endfacet
  facet normal -0.734306 -0.678819 0
    outer loop
      vertex -66.5395 -5.58525 33
      vertex -66.0811 -6.08112 6
      vertex -66.0811 -6.08112 33
    endloop
  endfacet
  facet normal -0.938202 -0.346089 0
    outer loop
      vertex -67.9454 -3.29108 6
      vertex -68.1791 -2.65755 33
      vertex -68.1791 -2.65755 6
    endloop
  endfacet
  facet normal -0.938202 -0.346089 0
    outer loop
      vertex -68.1791 -2.65755 33
      vertex -67.9454 -3.29108 6
      vertex -67.9454 -3.29108 33
    endloop
  endfacet
  facet normal 0.271439 -0.962456 0
    outer loop
      vertex -57.9924 -8.36238 6
      vertex -57.3425 -8.17909 33
      vertex -57.9924 -8.36238 33
    endloop
  endfacet
  facet normal 0.271439 -0.962456 0
    outer loop
      vertex -57.3425 -8.17909 33
      vertex -57.9924 -8.36238 6
      vertex -57.3425 -8.17909 6
    endloop
  endfacet
  facet normal -0.678846 0.73428 0
    outer loop
      vertex -65.5853 6.53949 6
      vertex -66.0811 6.08112 33
      vertex -65.5853 6.53949 33
    endloop
  endfacet
  facet normal -0.678846 0.73428 0
    outer loop
      vertex -66.0811 6.08112 33
      vertex -65.5853 6.53949 6
      vertex -66.0811 6.08112 6
    endloop
  endfacet
  facet normal -0.872465 0.488676 0
    outer loop
      vertex -67.6627 3.90432 6
      vertex -67.3327 4.49349 33
      vertex -67.3327 4.49349 6
    endloop
  endfacet
  facet normal -0.872465 0.488676 0
    outer loop
      vertex -67.3327 4.49349 33
      vertex -67.6627 3.90432 6
      vertex -67.6627 3.90432 33
    endloop
  endfacet
  facet normal 0.346094 0.9382 -0
    outer loop
      vertex -56.7089 7.94536 6
      vertex -57.3425 8.17909 33
      vertex -56.7089 7.94536 33
    endloop
  endfacet
  facet normal 0.346094 0.9382 0
    outer loop
      vertex -57.3425 8.17909 33
      vertex -56.7089 7.94536 6
      vertex -57.3425 8.17909 6
    endloop
  endfacet
  facet normal 0.418673 0.908137 -0
    outer loop
      vertex -56.0957 7.66266 6
      vertex -56.7089 7.94536 33
      vertex -56.0957 7.66266 33
    endloop
  endfacet
  facet normal 0.418673 0.908137 0
    outer loop
      vertex -56.7089 7.94536 33
      vertex -56.0957 7.66266 6
      vertex -56.7089 7.94536 6
    endloop
  endfacet
  facet normal 0.962454 -0.271445 0
    outer loop
      vertex -51.8209 -2.65755 33
      vertex -51.6376 -2.00763 6
      vertex -51.6376 -2.00763 33
    endloop
  endfacet
  facet normal 0.962454 -0.271445 0
    outer loop
      vertex -51.6376 -2.00763 6
      vertex -51.8209 -2.65755 33
      vertex -51.8209 -2.65755 6
    endloop
  endfacet
  facet normal 0.938202 -0.346089 0
    outer loop
      vertex -52.0546 -3.29108 33
      vertex -51.8209 -2.65755 6
      vertex -51.8209 -2.65755 33
    endloop
  endfacet
  facet normal 0.938202 -0.346089 0
    outer loop
      vertex -51.8209 -2.65755 6
      vertex -52.0546 -3.29108 33
      vertex -52.0546 -3.29108 6
    endloop
  endfacet
  facet normal -0.488612 -0.872501 0
    outer loop
      vertex -64.4935 -7.3327 6
      vertex -63.9043 -7.66266 33
      vertex -64.4935 -7.3327 33
    endloop
  endfacet
  facet normal -0.488612 -0.872501 -0
    outer loop
      vertex -63.9043 -7.66266 33
      vertex -64.4935 -7.3327 6
      vertex -63.9043 -7.66266 6
    endloop
  endfacet
  facet normal 0.195091 0.980785 -0
    outer loop
      vertex -57.9924 8.36238 6
      vertex -58.6547 8.49412 33
      vertex -57.9924 8.36238 33
    endloop
  endfacet
  facet normal 0.195091 0.980785 0
    outer loop
      vertex -58.6547 8.49412 33
      vertex -57.9924 8.36238 6
      vertex -58.6547 8.49412 6
    endloop
  endfacet
  facet normal -0.117536 -0.993069 0
    outer loop
      vertex -61.3453 -8.49412 6
      vertex -60.6747 -8.57349 33
      vertex -61.3453 -8.49412 33
    endloop
  endfacet
  facet normal -0.117536 -0.993069 -0
    outer loop
      vertex -60.6747 -8.57349 33
      vertex -61.3453 -8.49412 6
      vertex -60.6747 -8.57349 6
    endloop
  endfacet
  facet normal 0.117536 -0.993069 0
    outer loop
      vertex -59.3253 -8.57349 6
      vertex -58.6547 -8.49412 33
      vertex -59.3253 -8.57349 33
    endloop
  endfacet
  facet normal 0.117536 -0.993069 0
    outer loop
      vertex -58.6547 -8.49412 33
      vertex -59.3253 -8.57349 6
      vertex -58.6547 -8.49412 6
    endloop
  endfacet
  facet normal -0.271439 0.962456 0
    outer loop
      vertex -62.0076 8.36238 6
      vertex -62.6575 8.17909 33
      vertex -62.0076 8.36238 33
    endloop
  endfacet
  facet normal -0.271439 0.962456 0
    outer loop
      vertex -62.6575 8.17909 33
      vertex -62.0076 8.36238 6
      vertex -62.6575 8.17909 6
    endloop
  endfacet
  facet normal 0.619099 0.785313 -0
    outer loop
      vertex -54.4147 6.53949 6
      vertex -54.945 6.95755 33
      vertex -54.4147 6.53949 33
    endloop
  endfacet
  facet normal 0.619099 0.785313 0
    outer loop
      vertex -54.945 6.95755 33
      vertex -54.4147 6.53949 6
      vertex -54.945 6.95755 6
    endloop
  endfacet
  facet normal -0.0392612 0.999229 0
    outer loop
      vertex -60 8.6 6
      vertex -60.6747 8.57349 33
      vertex -60 8.6 33
    endloop
  endfacet
  facet normal -0.0392612 0.999229 0
    outer loop
      vertex -60.6747 8.57349 33
      vertex -60 8.6 6
      vertex -60.6747 8.57349 6
    endloop
  endfacet
  facet normal -0.908147 0.418651 0
    outer loop
      vertex -67.9454 3.29108 6
      vertex -67.6627 3.90432 33
      vertex -67.6627 3.90432 6
    endloop
  endfacet
  facet normal -0.908147 0.418651 0
    outer loop
      vertex -67.6627 3.90432 33
      vertex -67.9454 3.29108 6
      vertex -67.9454 3.29108 33
    endloop
  endfacet
  facet normal -0.346094 -0.9382 0
    outer loop
      vertex -63.2911 -7.94536 6
      vertex -62.6575 -8.17909 33
      vertex -63.2911 -7.94536 33
    endloop
  endfacet
  facet normal -0.346094 -0.9382 -0
    outer loop
      vertex -62.6575 -8.17909 33
      vertex -63.2911 -7.94536 6
      vertex -62.6575 -8.17909 6
    endloop
  endfacet
  facet normal 0.872465 -0.488676 0
    outer loop
      vertex -52.6673 -4.49349 33
      vertex -52.3373 -3.90432 6
      vertex -52.3373 -3.90432 33
    endloop
  endfacet
  facet normal 0.872465 -0.488676 0
    outer loop
      vertex -52.3373 -3.90432 6
      vertex -52.6673 -4.49349 33
      vertex -52.6673 -4.49349 6
    endloop
  endfacet
  facet normal -0.908147 -0.418651 0
    outer loop
      vertex -67.6627 -3.90432 6
      vertex -67.9454 -3.29108 33
      vertex -67.9454 -3.29108 6
    endloop
  endfacet
  facet normal -0.908147 -0.418651 0
    outer loop
      vertex -67.9454 -3.29108 33
      vertex -67.6627 -3.90432 6
      vertex -67.6627 -3.90432 33
    endloop
  endfacet
  facet normal -0.555537 0.831492 0
    outer loop
      vertex -64.4935 7.3327 6
      vertex -65.055 6.95755 33
      vertex -64.4935 7.3327 33
    endloop
  endfacet
  facet normal -0.555537 0.831492 0
    outer loop
      vertex -65.055 6.95755 33
      vertex -64.4935 7.3327 6
      vertex -65.055 6.95755 6
    endloop
  endfacet
  facet normal -0.980796 -0.195037 0
    outer loop
      vertex -68.3624 -2.00763 6
      vertex -68.4941 -1.34534 33
      vertex -68.4941 -1.34534 6
    endloop
  endfacet
  facet normal -0.980796 -0.195037 0
    outer loop
      vertex -68.4941 -1.34534 33
      vertex -68.3624 -2.00763 6
      vertex -68.3624 -2.00763 33
    endloop
  endfacet
  facet normal 0.346094 -0.9382 0
    outer loop
      vertex -57.3425 -8.17909 6
      vertex -56.7089 -7.94536 33
      vertex -57.3425 -8.17909 33
    endloop
  endfacet
  facet normal 0.346094 -0.9382 0
    outer loop
      vertex -56.7089 -7.94536 33
      vertex -57.3425 -8.17909 6
      vertex -56.7089 -7.94536 6
    endloop
  endfacet
  facet normal -0.346094 0.9382 0
    outer loop
      vertex -62.6575 8.17909 6
      vertex -63.2911 7.94536 33
      vertex -62.6575 8.17909 33
    endloop
  endfacet
  facet normal -0.346094 0.9382 0
    outer loop
      vertex -63.2911 7.94536 33
      vertex -62.6575 8.17909 6
      vertex -63.2911 7.94536 6
    endloop
  endfacet
  facet normal -0.418673 -0.908137 0
    outer loop
      vertex -63.9043 -7.66266 6
      vertex -63.2911 -7.94536 33
      vertex -63.9043 -7.66266 33
    endloop
  endfacet
  facet normal -0.418673 -0.908137 -0
    outer loop
      vertex -63.2911 -7.94536 33
      vertex -63.9043 -7.66266 6
      vertex -63.2911 -7.94536 6
    endloop
  endfacet
  facet normal -0.734306 0.678819 0
    outer loop
      vertex -66.5395 5.58525 6
      vertex -66.0811 6.08112 33
      vertex -66.0811 6.08112 6
    endloop
  endfacet
  facet normal -0.734306 0.678819 0
    outer loop
      vertex -66.0811 6.08112 33
      vertex -66.5395 5.58525 6
      vertex -66.5395 5.58525 33
    endloop
  endfacet
  facet normal -0.619099 0.785313 0
    outer loop
      vertex -65.055 6.95755 6
      vertex -65.5853 6.53949 33
      vertex -65.055 6.95755 33
    endloop
  endfacet
  facet normal -0.619099 0.785313 0
    outer loop
      vertex -65.5853 6.53949 33
      vertex -65.055 6.95755 6
      vertex -65.5853 6.53949 6
    endloop
  endfacet
  facet normal -0.678846 -0.73428 0
    outer loop
      vertex -66.0811 -6.08112 6
      vertex -65.5853 -6.53949 33
      vertex -66.0811 -6.08112 33
    endloop
  endfacet
  facet normal -0.678846 -0.73428 -0
    outer loop
      vertex -65.5853 -6.53949 33
      vertex -66.0811 -6.08112 6
      vertex -65.5853 -6.53949 6
    endloop
  endfacet
  facet normal 0.555537 -0.831492 0
    outer loop
      vertex -55.5065 -7.3327 6
      vertex -54.945 -6.95755 33
      vertex -55.5065 -7.3327 33
    endloop
  endfacet
  facet normal 0.555537 -0.831492 0
    outer loop
      vertex -54.945 -6.95755 33
      vertex -55.5065 -7.3327 6
      vertex -54.945 -6.95755 6
    endloop
  endfacet
  facet normal -0.99923 0.0392437 0
    outer loop
      vertex -68.6 0 6
      vertex -68.5735 0.674747 33
      vertex -68.5735 0.674747 6
    endloop
  endfacet
  facet normal -0.99923 0.0392437 0
    outer loop
      vertex -68.5735 0.674747 33
      vertex -68.6 0 6
      vertex -68.6 0 33
    endloop
  endfacet
  facet normal -0.195091 0.980785 0
    outer loop
      vertex -61.3453 8.49412 6
      vertex -62.0076 8.36238 33
      vertex -61.3453 8.49412 33
    endloop
  endfacet
  facet normal -0.195091 0.980785 0
    outer loop
      vertex -62.0076 8.36238 33
      vertex -61.3453 8.49412 6
      vertex -62.0076 8.36238 6
    endloop
  endfacet
  facet normal 0.488612 -0.872501 0
    outer loop
      vertex -56.0957 -7.66266 6
      vertex -55.5065 -7.3327 33
      vertex -56.0957 -7.66266 33
    endloop
  endfacet
  facet normal 0.488612 -0.872501 0
    outer loop
      vertex -55.5065 -7.3327 33
      vertex -56.0957 -7.66266 6
      vertex -55.5065 -7.3327 6
    endloop
  endfacet
  facet normal -0.488612 0.872501 0
    outer loop
      vertex -63.9043 7.66266 6
      vertex -64.4935 7.3327 33
      vertex -63.9043 7.66266 33
    endloop
  endfacet
  facet normal -0.488612 0.872501 0
    outer loop
      vertex -64.4935 7.3327 33
      vertex -63.9043 7.66266 6
      vertex -64.4935 7.3327 6
    endloop
  endfacet
  facet normal 0.831439 0.555616 0
    outer loop
      vertex -52.6673 4.49349 33
      vertex -53.0425 5.05495 6
      vertex -53.0425 5.05495 33
    endloop
  endfacet
  facet normal 0.831439 0.555616 0
    outer loop
      vertex -53.0425 5.05495 6
      vertex -52.6673 4.49349 33
      vertex -52.6673 4.49349 6
    endloop
  endfacet
  facet normal -0.271439 -0.962456 0
    outer loop
      vertex -62.6575 -8.17909 6
      vertex -62.0076 -8.36238 33
      vertex -62.6575 -8.17909 33
    endloop
  endfacet
  facet normal -0.271439 -0.962456 -0
    outer loop
      vertex -62.0076 -8.36238 33
      vertex -62.6575 -8.17909 6
      vertex -62.0076 -8.36238 6
    endloop
  endfacet
  facet normal 0.785356 -0.619044 0
    outer loop
      vertex -53.4605 -5.58525 33
      vertex -53.0425 -5.05495 6
      vertex -53.0425 -5.05495 33
    endloop
  endfacet
  facet normal 0.785356 -0.619044 0
    outer loop
      vertex -53.0425 -5.05495 6
      vertex -53.4605 -5.58525 33
      vertex -53.4605 -5.58525 6
    endloop
  endfacet
  facet normal -0.938202 0.346089 0
    outer loop
      vertex -68.1791 2.65755 6
      vertex -67.9454 3.29108 33
      vertex -67.9454 3.29108 6
    endloop
  endfacet
  facet normal -0.938202 0.346089 0
    outer loop
      vertex -67.9454 3.29108 33
      vertex -68.1791 2.65755 6
      vertex -68.1791 2.65755 33
    endloop
  endfacet
  facet normal -0.831439 -0.555616 0
    outer loop
      vertex -66.9575 -5.05495 6
      vertex -67.3327 -4.49349 33
      vertex -67.3327 -4.49349 6
    endloop
  endfacet
  facet normal -0.831439 -0.555616 0
    outer loop
      vertex -67.3327 -4.49349 33
      vertex -66.9575 -5.05495 6
      vertex -66.9575 -5.05495 33
    endloop
  endfacet
  facet normal 0.831439 -0.555616 0
    outer loop
      vertex -53.0425 -5.05495 33
      vertex -52.6673 -4.49349 6
      vertex -52.6673 -4.49349 33
    endloop
  endfacet
  facet normal 0.831439 -0.555616 0
    outer loop
      vertex -52.6673 -4.49349 6
      vertex -53.0425 -5.05495 33
      vertex -53.0425 -5.05495 6
    endloop
  endfacet
  facet normal 0.271439 0.962456 -0
    outer loop
      vertex -57.3425 8.17909 6
      vertex -57.9924 8.36238 33
      vertex -57.3425 8.17909 33
    endloop
  endfacet
  facet normal 0.271439 0.962456 0
    outer loop
      vertex -57.9924 8.36238 33
      vertex -57.3425 8.17909 6
      vertex -57.9924 8.36238 6
    endloop
  endfacet
  facet normal -0.418673 0.908137 0
    outer loop
      vertex -63.2911 7.94536 6
      vertex -63.9043 7.66266 33
      vertex -63.2911 7.94536 33
    endloop
  endfacet
  facet normal -0.418673 0.908137 0
    outer loop
      vertex -63.9043 7.66266 33
      vertex -63.2911 7.94536 6
      vertex -63.9043 7.66266 6
    endloop
  endfacet
  facet normal 0 0 1
    outer loop
      vertex -55 0 33
      vertex -51.4 0 33
      vertex -51.4265 0.674747 33
    endloop
  endfacet
  facet normal 0 0 1
    outer loop
      vertex -55.0154 0.392295 33
      vertex -51.4265 0.674747 33
      vertex -51.5059 1.34534 33
    endloop
  endfacet
  facet normal 0 0 1
    outer loop
      vertex -51.4 0 33
      vertex -55 0 33
      vertex -51.4265 -0.674747 33
    endloop
  endfacet
  facet normal 0 0 1
    outer loop
      vertex -55.0616 0.782172 33
      vertex -51.5059 1.34534 33
      vertex -51.6376 2.00763 33
    endloop
  endfacet
  facet normal -0 0 1
    outer loop
      vertex -55.0154 -0.392295 33
      vertex -51.4265 -0.674747 33
      vertex -55 0 33
    endloop
  endfacet
  facet normal 0 0 1
    outer loop
      vertex -55.1381 1.16723 33
      vertex -51.6376 2.00763 33
      vertex -51.8209 2.65755 33
    endloop
  endfacet
  facet normal 0 0 1
    outer loop
      vertex -51.4265 -0.674747 33
      vertex -55.0154 -0.392295 33
      vertex -51.5059 -1.34534 33
    endloop
  endfacet
  facet normal 0 0 1
    outer loop
      vertex -55.2447 1.54508 33
      vertex -51.8209 2.65755 33
      vertex -52.0546 3.29108 33
    endloop
  endfacet
  facet normal -0 0 1
    outer loop
      vertex -55.0616 -0.782172 33
      vertex -51.5059 -1.34534 33
      vertex -55.0154 -0.392295 33
    endloop
  endfacet
  facet normal 0 0 1
    outer loop
      vertex -55.3806 1.91342 33
      vertex -52.0546 3.29108 33
      vertex -52.3373 3.90432 33
    endloop
  endfacet
  facet normal 0 0 1
    outer loop
      vertex -51.5059 -1.34534 33
      vertex -55.0616 -0.782172 33
      vertex -51.6376 -2.00763 33
    endloop
  endfacet
  facet normal 0 0 1
    outer loop
      vertex -55.545 2.26995 33
      vertex -52.3373 3.90432 33
      vertex -52.6673 4.49349 33
    endloop
  endfacet
  facet normal -0 0 1
    outer loop
      vertex -55.1381 -1.16723 33
      vertex -51.6376 -2.00763 33
      vertex -55.0616 -0.782172 33
    endloop
  endfacet
  facet normal 0 0 1
    outer loop
      vertex -55.7368 2.61249 33
      vertex -52.6673 4.49349 33
      vertex -53.0425 5.05495 33
    endloop
  endfacet
  facet normal 0 0 1
    outer loop
      vertex -51.6376 -2.00763 33
      vertex -55.1381 -1.16723 33
      vertex -51.8209 -2.65755 33
    endloop
  endfacet
  facet normal 0 0 1
    outer loop
      vertex -55.9549 2.93893 33
      vertex -53.0425 5.05495 33
      vertex -53.4605 5.58525 33
    endloop
  endfacet
  facet normal -0 0 1
    outer loop
      vertex -55.2447 -1.54508 33
      vertex -51.8209 -2.65755 33
      vertex -55.1381 -1.16723 33
    endloop
  endfacet
  facet normal 0 0 1
    outer loop
      vertex -56.198 3.24724 33
      vertex -53.4605 5.58525 33
      vertex -53.9189 6.08112 33
    endloop
  endfacet
  facet normal 0 0 1
    outer loop
      vertex -51.8209 -2.65755 33
      vertex -55.2447 -1.54508 33
      vertex -52.0546 -3.29108 33
    endloop
  endfacet
  facet normal 0 0 1
    outer loop
      vertex -56.4645 3.53553 33
      vertex -53.9189 6.08112 33
      vertex -54.4147 6.53949 33
    endloop
  endfacet
  facet normal -0 0 1
    outer loop
      vertex -55.3806 -1.91342 33
      vertex -52.0546 -3.29108 33
      vertex -55.2447 -1.54508 33
    endloop
  endfacet
  facet normal 0 0 1
    outer loop
      vertex -56.7528 3.80203 33
      vertex -54.4147 6.53949 33
      vertex -54.945 6.95755 33
    endloop
  endfacet
  facet normal 0 0 1
    outer loop
      vertex -52.0546 -3.29108 33
      vertex -55.3806 -1.91342 33
      vertex -52.3373 -3.90432 33
    endloop
  endfacet
  facet normal -0 0 1
    outer loop
      vertex -55.545 -2.26995 33
      vertex -52.3373 -3.90432 33
      vertex -55.3806 -1.91342 33
    endloop
  endfacet
  facet normal 0 0 1
    outer loop
      vertex -51.4265 0.674747 33
      vertex -55.0154 0.392295 33
      vertex -55 0 33
    endloop
  endfacet
  facet normal 0 0 1
    outer loop
      vertex -51.5059 1.34534 33
      vertex -55.0616 0.782172 33
      vertex -55.0154 0.392295 33
    endloop
  endfacet
  facet normal 0 0 1
    outer loop
      vertex -51.6376 2.00763 33
      vertex -55.1381 1.16723 33
      vertex -55.0616 0.782172 33
    endloop
  endfacet
  facet normal 0 0 1
    outer loop
      vertex -51.8209 2.65755 33
      vertex -55.2447 1.54508 33
      vertex -55.1381 1.16723 33
    endloop
  endfacet
  facet normal 0 0 1
    outer loop
      vertex -52.0546 3.29108 33
      vertex -55.3806 1.91342 33
      vertex -55.2447 1.54508 33
    endloop
  endfacet
  facet normal 0 0 1
    outer loop
      vertex -57.0611 4.04508 33
      vertex -54.945 6.95755 33
      vertex -55.5065 7.3327 33
    endloop
  endfacet
  facet normal 0 0 1
    outer loop
      vertex -52.3373 3.90432 33
      vertex -55.545 2.26995 33
      vertex -55.3806 1.91342 33
    endloop
  endfacet
  facet normal 0 0 1
    outer loop
      vertex -52.6673 4.49349 33
      vertex -55.7368 2.61249 33
      vertex -55.545 2.26995 33
    endloop
  endfacet
  facet normal 0 0 1
    outer loop
      vertex -53.0425 5.05495 33
      vertex -55.9549 2.93893 33
      vertex -55.7368 2.61249 33
    endloop
  endfacet
  facet normal 0 0 1
    outer loop
      vertex -57.3875 4.2632 33
      vertex -55.5065 7.3327 33
      vertex -56.0957 7.66266 33
    endloop
  endfacet
  facet normal 0 0 1
    outer loop
      vertex -53.4605 5.58525 33
      vertex -56.198 3.24724 33
      vertex -55.9549 2.93893 33
    endloop
  endfacet
  facet normal 0 0 1
    outer loop
      vertex -53.9189 6.08112 33
      vertex -56.4645 3.53553 33
      vertex -56.198 3.24724 33
    endloop
  endfacet
  facet normal 0 0 1
    outer loop
      vertex -57.73 4.45503 33
      vertex -56.0957 7.66266 33
      vertex -56.7089 7.94536 33
    endloop
  endfacet
  facet normal 0 0 1
    outer loop
      vertex -54.4147 6.53949 33
      vertex -56.7528 3.80203 33
      vertex -56.4645 3.53553 33
    endloop
  endfacet
  facet normal 0 0 1
    outer loop
      vertex -54.945 6.95755 33
      vertex -57.0611 4.04508 33
      vertex -56.7528 3.80203 33
    endloop
  endfacet
  facet normal 0 0 1
    outer loop
      vertex -58.0866 4.6194 33
      vertex -56.7089 7.94536 33
      vertex -57.3425 8.17909 33
    endloop
  endfacet
  facet normal 0 0 1
    outer loop
      vertex -55.5065 7.3327 33
      vertex -57.3875 4.2632 33
      vertex -57.0611 4.04508 33
    endloop
  endfacet
  facet normal 0 0 1
    outer loop
      vertex -56.0957 7.66266 33
      vertex -57.73 4.45503 33
      vertex -57.3875 4.2632 33
    endloop
  endfacet
  facet normal 0 0 1
    outer loop
      vertex -58.4549 4.75528 33
      vertex -57.3425 8.17909 33
      vertex -57.9924 8.36238 33
    endloop
  endfacet
  facet normal 0 0 1
    outer loop
      vertex -56.7089 7.94536 33
      vertex -58.0866 4.6194 33
      vertex -57.73 4.45503 33
    endloop
  endfacet
  facet normal 0 0 1
    outer loop
      vertex -57.3425 8.17909 33
      vertex -58.4549 4.75528 33
      vertex -58.0866 4.6194 33
    endloop
  endfacet
  facet normal 0 0 1
    outer loop
      vertex -58.8328 4.86185 33
      vertex -57.9924 8.36238 33
      vertex -58.6547 8.49412 33
    endloop
  endfacet
  facet normal 0 0 1
    outer loop
      vertex -57.9924 8.36238 33
      vertex -58.8328 4.86185 33
      vertex -58.4549 4.75528 33
    endloop
  endfacet
  facet normal 0 0 1
    outer loop
      vertex -58.6547 8.49412 33
      vertex -59.2178 4.93844 33
      vertex -58.8328 4.86185 33
    endloop
  endfacet
  facet normal 0 0 1
    outer loop
      vertex -59.3253 8.57349 33
      vertex -59.2178 4.93844 33
      vertex -58.6547 8.49412 33
    endloop
  endfacet
  facet normal 0 0 1
    outer loop
      vertex -59.3253 8.57349 33
      vertex -59.6077 4.98459 33
      vertex -59.2178 4.93844 33
    endloop
  endfacet
  facet normal 0 0 1
    outer loop
      vertex -60 8.6 33
      vertex -59.6077 4.98459 33
      vertex -59.3253 8.57349 33
    endloop
  endfacet
  facet normal 0 0 1
    outer loop
      vertex -60 8.6 33
      vertex -60 5 33
      vertex -59.6077 4.98459 33
    endloop
  endfacet
  facet normal 0 0 1
    outer loop
      vertex -60 8.6 33
      vertex -60.3923 4.98459 33
      vertex -60 5 33
    endloop
  endfacet
  facet normal -0 0 1
    outer loop
      vertex -60.6747 8.57349 33
      vertex -60.3923 4.98459 33
      vertex -60 8.6 33
    endloop
  endfacet
  facet normal 0 0 1
    outer loop
      vertex -60.6747 8.57349 33
      vertex -60.7822 4.93844 33
      vertex -60.3923 4.98459 33
    endloop
  endfacet
  facet normal -0 0 1
    outer loop
      vertex -61.3453 8.49412 33
      vertex -60.7822 4.93844 33
      vertex -60.6747 8.57349 33
    endloop
  endfacet
  facet normal 0 0 1
    outer loop
      vertex -60.7822 4.93844 33
      vertex -61.3453 8.49412 33
      vertex -61.1672 4.86185 33
    endloop
  endfacet
  facet normal -0 0 1
    outer loop
      vertex -62.0076 8.36238 33
      vertex -61.1672 4.86185 33
      vertex -61.3453 8.49412 33
    endloop
  endfacet
  facet normal 0 0 1
    outer loop
      vertex -61.1672 4.86185 33
      vertex -62.0076 8.36238 33
      vertex -61.5451 4.75528 33
    endloop
  endfacet
  facet normal -0 0 1
    outer loop
      vertex -62.6575 8.17909 33
      vertex -61.5451 4.75528 33
      vertex -62.0076 8.36238 33
    endloop
  endfacet
  facet normal 0 0 1
    outer loop
      vertex -61.5451 4.75528 33
      vertex -62.6575 8.17909 33
      vertex -61.9134 4.6194 33
    endloop
  endfacet
  facet normal -0 0 1
    outer loop
      vertex -63.2911 7.94536 33
      vertex -61.9134 4.6194 33
      vertex -62.6575 8.17909 33
    endloop
  endfacet
  facet normal 0 0 1
    outer loop
      vertex -61.9134 4.6194 33
      vertex -63.2911 7.94536 33
      vertex -62.27 4.45503 33
    endloop
  endfacet
  facet normal -0 0 1
    outer loop
      vertex -63.9043 7.66266 33
      vertex -62.27 4.45503 33
      vertex -63.2911 7.94536 33
    endloop
  endfacet
  facet normal 0 0 1
    outer loop
      vertex -62.27 4.45503 33
      vertex -63.9043 7.66266 33
      vertex -62.6125 4.2632 33
    endloop
  endfacet
  facet normal -0 0 1
    outer loop
      vertex -64.4935 7.3327 33
      vertex -62.6125 4.2632 33
      vertex -63.9043 7.66266 33
    endloop
  endfacet
  facet normal 0 0 1
    outer loop
      vertex -62.6125 4.2632 33
      vertex -64.4935 7.3327 33
      vertex -62.9389 4.04508 33
    endloop
  endfacet
  facet normal -0 0 1
    outer loop
      vertex -65.055 6.95755 33
      vertex -62.9389 4.04508 33
      vertex -64.4935 7.3327 33
    endloop
  endfacet
  facet normal 0 0 1
    outer loop
      vertex -62.9389 4.04508 33
      vertex -65.055 6.95755 33
      vertex -63.2472 3.80203 33
    endloop
  endfacet
  facet normal -0 0 1
    outer loop
      vertex -65.5853 6.53949 33
      vertex -63.2472 3.80203 33
      vertex -65.055 6.95755 33
    endloop
  endfacet
  facet normal 0 0 1
    outer loop
      vertex -63.2472 3.80203 33
      vertex -65.5853 6.53949 33
      vertex -63.5355 3.53553 33
    endloop
  endfacet
  facet normal -0 0 1
    outer loop
      vertex -66.0811 6.08112 33
      vertex -63.5355 3.53553 33
      vertex -65.5853 6.53949 33
    endloop
  endfacet
  facet normal 0 0 1
    outer loop
      vertex -63.5355 3.53553 33
      vertex -66.0811 6.08112 33
      vertex -63.802 3.24724 33
    endloop
  endfacet
  facet normal -0 0 1
    outer loop
      vertex -66.5395 5.58525 33
      vertex -63.802 3.24724 33
      vertex -66.0811 6.08112 33
    endloop
  endfacet
  facet normal 0 0 1
    outer loop
      vertex -63.802 3.24724 33
      vertex -66.5395 5.58525 33
      vertex -64.0451 2.93893 33
    endloop
  endfacet
  facet normal -0 0 1
    outer loop
      vertex -66.9575 5.05495 33
      vertex -64.0451 2.93893 33
      vertex -66.5395 5.58525 33
    endloop
  endfacet
  facet normal 0 0 1
    outer loop
      vertex -64.0451 2.93893 33
      vertex -66.9575 5.05495 33
      vertex -64.2632 2.61249 33
    endloop
  endfacet
  facet normal -0 0 1
    outer loop
      vertex -67.3327 4.49349 33
      vertex -64.2632 2.61249 33
      vertex -66.9575 5.05495 33
    endloop
  endfacet
  facet normal -0 0 1
    outer loop
      vertex -67.6627 3.90432 33
      vertex -64.455 2.26995 33
      vertex -67.3327 4.49349 33
    endloop
  endfacet
  facet normal 0 0 1
    outer loop
      vertex -64.2632 2.61249 33
      vertex -67.3327 4.49349 33
      vertex -64.455 2.26995 33
    endloop
  endfacet
  facet normal 0 0 1
    outer loop
      vertex -52.3373 -3.90432 33
      vertex -55.545 -2.26995 33
      vertex -52.6673 -4.49349 33
    endloop
  endfacet
  facet normal -0 0 1
    outer loop
      vertex -55.7368 -2.61249 33
      vertex -52.6673 -4.49349 33
      vertex -55.545 -2.26995 33
    endloop
  endfacet
  facet normal 0 0 1
    outer loop
      vertex -52.6673 -4.49349 33
      vertex -55.7368 -2.61249 33
      vertex -53.0425 -5.05495 33
    endloop
  endfacet
  facet normal -0 0 1
    outer loop
      vertex -55.9549 -2.93893 33
      vertex -53.0425 -5.05495 33
      vertex -55.7368 -2.61249 33
    endloop
  endfacet
  facet normal 0 0 1
    outer loop
      vertex -53.0425 -5.05495 33
      vertex -55.9549 -2.93893 33
      vertex -53.4605 -5.58525 33
    endloop
  endfacet
  facet normal -0 0 1
    outer loop
      vertex -56.198 -3.24724 33
      vertex -53.4605 -5.58525 33
      vertex -55.9549 -2.93893 33
    endloop
  endfacet
  facet normal 0 0 1
    outer loop
      vertex -53.4605 -5.58525 33
      vertex -56.198 -3.24724 33
      vertex -53.9189 -6.08112 33
    endloop
  endfacet
  facet normal -0 0 1
    outer loop
      vertex -56.4645 -3.53553 33
      vertex -53.9189 -6.08112 33
      vertex -56.198 -3.24724 33
    endloop
  endfacet
  facet normal 0 0 1
    outer loop
      vertex -53.9189 -6.08112 33
      vertex -56.4645 -3.53553 33
      vertex -54.4147 -6.53949 33
    endloop
  endfacet
  facet normal -0 0 1
    outer loop
      vertex -56.7528 -3.80203 33
      vertex -54.4147 -6.53949 33
      vertex -56.4645 -3.53553 33
    endloop
  endfacet
  facet normal 0 0 1
    outer loop
      vertex -54.4147 -6.53949 33
      vertex -56.7528 -3.80203 33
      vertex -54.945 -6.95755 33
    endloop
  endfacet
  facet normal -0 0 1
    outer loop
      vertex -57.0611 -4.04508 33
      vertex -54.945 -6.95755 33
      vertex -56.7528 -3.80203 33
    endloop
  endfacet
  facet normal 0 0 1
    outer loop
      vertex -54.945 -6.95755 33
      vertex -57.0611 -4.04508 33
      vertex -55.5065 -7.3327 33
    endloop
  endfacet
  facet normal -0 0 1
    outer loop
      vertex -57.3875 -4.2632 33
      vertex -55.5065 -7.3327 33
      vertex -57.0611 -4.04508 33
    endloop
  endfacet
  facet normal 0 0 1
    outer loop
      vertex -55.5065 -7.3327 33
      vertex -57.3875 -4.2632 33
      vertex -56.0957 -7.66266 33
    endloop
  endfacet
  facet normal -0 0 1
    outer loop
      vertex -57.73 -4.45503 33
      vertex -56.0957 -7.66266 33
      vertex -57.3875 -4.2632 33
    endloop
  endfacet
  facet normal 0 0 1
    outer loop
      vertex -56.0957 -7.66266 33
      vertex -57.73 -4.45503 33
      vertex -56.7089 -7.94536 33
    endloop
  endfacet
  facet normal -0 0 1
    outer loop
      vertex -58.0866 -4.6194 33
      vertex -56.7089 -7.94536 33
      vertex -57.73 -4.45503 33
    endloop
  endfacet
  facet normal 0 0 1
    outer loop
      vertex -56.7089 -7.94536 33
      vertex -58.0866 -4.6194 33
      vertex -57.3425 -8.17909 33
    endloop
  endfacet
  facet normal -0 0 1
    outer loop
      vertex -58.4549 -4.75528 33
      vertex -57.3425 -8.17909 33
      vertex -58.0866 -4.6194 33
    endloop
  endfacet
  facet normal 0 0 1
    outer loop
      vertex -57.3425 -8.17909 33
      vertex -58.4549 -4.75528 33
      vertex -57.9924 -8.36238 33
    endloop
  endfacet
  facet normal -0 0 1
    outer loop
      vertex -58.8328 -4.86185 33
      vertex -57.9924 -8.36238 33
      vertex -58.4549 -4.75528 33
    endloop
  endfacet
  facet normal 0 0 1
    outer loop
      vertex -57.9924 -8.36238 33
      vertex -58.8328 -4.86185 33
      vertex -58.6547 -8.49412 33
    endloop
  endfacet
  facet normal -0 0 1
    outer loop
      vertex -59.2178 -4.93844 33
      vertex -58.6547 -8.49412 33
      vertex -58.8328 -4.86185 33
    endloop
  endfacet
  facet normal 0 0 1
    outer loop
      vertex -59.2178 -4.93844 33
      vertex -59.3253 -8.57349 33
      vertex -58.6547 -8.49412 33
    endloop
  endfacet
  facet normal -0 0 1
    outer loop
      vertex -59.6077 -4.98459 33
      vertex -59.3253 -8.57349 33
      vertex -59.2178 -4.93844 33
    endloop
  endfacet
  facet normal -0 0 1
    outer loop
      vertex -60 -5 33
      vertex -59.3253 -8.57349 33
      vertex -59.6077 -4.98459 33
    endloop
  endfacet
  facet normal 0 0 1
    outer loop
      vertex -60 -5 33
      vertex -60 -8.6 33
      vertex -59.3253 -8.57349 33
    endloop
  endfacet
  facet normal 0 0 1
    outer loop
      vertex -60.3923 -4.98459 33
      vertex -60 -8.6 33
      vertex -60 -5 33
    endloop
  endfacet
  facet normal 0 0 1
    outer loop
      vertex -60.3923 -4.98459 33
      vertex -60.6747 -8.57349 33
      vertex -60 -8.6 33
    endloop
  endfacet
  facet normal 0 0 1
    outer loop
      vertex -60.7822 -4.93844 33
      vertex -60.6747 -8.57349 33
      vertex -60.3923 -4.98459 33
    endloop
  endfacet
  facet normal 0 0 1
    outer loop
      vertex -61.3453 -8.49412 33
      vertex -60.7822 -4.93844 33
      vertex -61.1672 -4.86185 33
    endloop
  endfacet
  facet normal 0 0 1
    outer loop
      vertex -60.7822 -4.93844 33
      vertex -61.3453 -8.49412 33
      vertex -60.6747 -8.57349 33
    endloop
  endfacet
  facet normal 0 0 1
    outer loop
      vertex -62.0076 -8.36238 33
      vertex -61.1672 -4.86185 33
      vertex -61.5451 -4.75528 33
    endloop
  endfacet
  facet normal 0 0 1
    outer loop
      vertex -62.6575 -8.17909 33
      vertex -61.5451 -4.75528 33
      vertex -61.9134 -4.6194 33
    endloop
  endfacet
  facet normal 0 0 1
    outer loop
      vertex -61.1672 -4.86185 33
      vertex -62.0076 -8.36238 33
      vertex -61.3453 -8.49412 33
    endloop
  endfacet
  facet normal 0 0 1
    outer loop
      vertex -63.2911 -7.94536 33
      vertex -61.9134 -4.6194 33
      vertex -62.27 -4.45503 33
    endloop
  endfacet
  facet normal 0 0 1
    outer loop
      vertex -63.9043 -7.66266 33
      vertex -62.27 -4.45503 33
      vertex -62.6125 -4.2632 33
    endloop
  endfacet
  facet normal 0 0 1
    outer loop
      vertex -61.5451 -4.75528 33
      vertex -62.6575 -8.17909 33
      vertex -62.0076 -8.36238 33
    endloop
  endfacet
  facet normal 0 0 1
    outer loop
      vertex -64.4935 -7.3327 33
      vertex -62.6125 -4.2632 33
      vertex -62.9389 -4.04508 33
    endloop
  endfacet
  facet normal 0 0 1
    outer loop
      vertex -65.055 -6.95755 33
      vertex -62.9389 -4.04508 33
      vertex -63.2472 -3.80203 33
    endloop
  endfacet
  facet normal 0 0 1
    outer loop
      vertex -61.9134 -4.6194 33
      vertex -63.2911 -7.94536 33
      vertex -62.6575 -8.17909 33
    endloop
  endfacet
  facet normal 0 0 1
    outer loop
      vertex -65.5853 -6.53949 33
      vertex -63.2472 -3.80203 33
      vertex -63.5355 -3.53553 33
    endloop
  endfacet
  facet normal 0 0 1
    outer loop
      vertex -66.0811 -6.08112 33
      vertex -63.5355 -3.53553 33
      vertex -63.802 -3.24724 33
    endloop
  endfacet
  facet normal 0 0 1
    outer loop
      vertex -62.27 -4.45503 33
      vertex -63.9043 -7.66266 33
      vertex -63.2911 -7.94536 33
    endloop
  endfacet
  facet normal 0 0 1
    outer loop
      vertex -66.5395 -5.58525 33
      vertex -63.802 -3.24724 33
      vertex -64.0451 -2.93893 33
    endloop
  endfacet
  facet normal 0 0 1
    outer loop
      vertex -66.9575 -5.05495 33
      vertex -64.0451 -2.93893 33
      vertex -64.2632 -2.61249 33
    endloop
  endfacet
  facet normal 0 0 1
    outer loop
      vertex -67.3327 -4.49349 33
      vertex -64.2632 -2.61249 33
      vertex -64.455 -2.26995 33
    endloop
  endfacet
  facet normal 0 0 1
    outer loop
      vertex -62.6125 -4.2632 33
      vertex -64.4935 -7.3327 33
      vertex -63.9043 -7.66266 33
    endloop
  endfacet
  facet normal 0 0 1
    outer loop
      vertex -67.6627 -3.90432 33
      vertex -64.455 -2.26995 33
      vertex -64.6194 -1.91342 33
    endloop
  endfacet
  facet normal 0 0 1
    outer loop
      vertex -67.9454 -3.29108 33
      vertex -64.6194 -1.91342 33
      vertex -64.7553 -1.54508 33
    endloop
  endfacet
  facet normal 0 0 1
    outer loop
      vertex -68.1791 -2.65755 33
      vertex -64.7553 -1.54508 33
      vertex -64.8618 -1.16723 33
    endloop
  endfacet
  facet normal 0 0 1
    outer loop
      vertex -68.3624 -2.00763 33
      vertex -64.8618 -1.16723 33
      vertex -64.9384 -0.782172 33
    endloop
  endfacet
  facet normal 0 0 1
    outer loop
      vertex -68.4941 -1.34534 33
      vertex -64.9384 -0.782172 33
      vertex -64.9846 -0.392295 33
    endloop
  endfacet
  facet normal 0 0 1
    outer loop
      vertex -62.9389 -4.04508 33
      vertex -65.055 -6.95755 33
      vertex -64.4935 -7.3327 33
    endloop
  endfacet
  facet normal 0 0 1
    outer loop
      vertex -68.5735 -0.674747 33
      vertex -64.9846 -0.392295 33
      vertex -65 0 33
    endloop
  endfacet
  facet normal 0 0 1
    outer loop
      vertex -64.455 2.26995 33
      vertex -67.6627 3.90432 33
      vertex -64.6194 1.91342 33
    endloop
  endfacet
  facet normal -0 0 1
    outer loop
      vertex -67.9454 3.29108 33
      vertex -64.6194 1.91342 33
      vertex -67.6627 3.90432 33
    endloop
  endfacet
  facet normal 0 0 1
    outer loop
      vertex -63.2472 -3.80203 33
      vertex -65.5853 -6.53949 33
      vertex -65.055 -6.95755 33
    endloop
  endfacet
  facet normal 0 0 1
    outer loop
      vertex -64.6194 1.91342 33
      vertex -67.9454 3.29108 33
      vertex -64.7553 1.54508 33
    endloop
  endfacet
  facet normal 0 0 1
    outer loop
      vertex -63.5355 -3.53553 33
      vertex -66.0811 -6.08112 33
      vertex -65.5853 -6.53949 33
    endloop
  endfacet
  facet normal -0 0 1
    outer loop
      vertex -68.1791 2.65755 33
      vertex -64.7553 1.54508 33
      vertex -67.9454 3.29108 33
    endloop
  endfacet
  facet normal 0 0 1
    outer loop
      vertex -63.802 -3.24724 33
      vertex -66.5395 -5.58525 33
      vertex -66.0811 -6.08112 33
    endloop
  endfacet
  facet normal 0 0 1
    outer loop
      vertex -64.7553 1.54508 33
      vertex -68.1791 2.65755 33
      vertex -64.8618 1.16723 33
    endloop
  endfacet
  facet normal 0 0 1
    outer loop
      vertex -64.0451 -2.93893 33
      vertex -66.9575 -5.05495 33
      vertex -66.5395 -5.58525 33
    endloop
  endfacet
  facet normal -0 0 1
    outer loop
      vertex -68.3624 2.00763 33
      vertex -64.8618 1.16723 33
      vertex -68.1791 2.65755 33
    endloop
  endfacet
  facet normal 0 0 1
    outer loop
      vertex -64.2632 -2.61249 33
      vertex -67.3327 -4.49349 33
      vertex -66.9575 -5.05495 33
    endloop
  endfacet
  facet normal 0 0 1
    outer loop
      vertex -64.8618 1.16723 33
      vertex -68.3624 2.00763 33
      vertex -64.9384 0.782172 33
    endloop
  endfacet
  facet normal 0 0 1
    outer loop
      vertex -64.455 -2.26995 33
      vertex -67.6627 -3.90432 33
      vertex -67.3327 -4.49349 33
    endloop
  endfacet
  facet normal -0 0 1
    outer loop
      vertex -68.4941 1.34534 33
      vertex -64.9384 0.782172 33
      vertex -68.3624 2.00763 33
    endloop
  endfacet
  facet normal 0 0 1
    outer loop
      vertex -64.6194 -1.91342 33
      vertex -67.9454 -3.29108 33
      vertex -67.6627 -3.90432 33
    endloop
  endfacet
  facet normal 0 0 1
    outer loop
      vertex -64.9384 0.782172 33
      vertex -68.4941 1.34534 33
      vertex -64.9846 0.392295 33
    endloop
  endfacet
  facet normal 0 0 1
    outer loop
      vertex -64.7553 -1.54508 33
      vertex -68.1791 -2.65755 33
      vertex -67.9454 -3.29108 33
    endloop
  endfacet
  facet normal -0 0 1
    outer loop
      vertex -68.5735 0.674747 33
      vertex -64.9846 0.392295 33
      vertex -68.4941 1.34534 33
    endloop
  endfacet
  facet normal 0 0 1
    outer loop
      vertex -64.8618 -1.16723 33
      vertex -68.3624 -2.00763 33
      vertex -68.1791 -2.65755 33
    endloop
  endfacet
  facet normal 0 0 1
    outer loop
      vertex -64.9846 0.392295 33
      vertex -68.5735 0.674747 33
      vertex -65 0 33
    endloop
  endfacet
  facet normal 0 0 1
    outer loop
      vertex -64.9384 -0.782172 33
      vertex -68.4941 -1.34534 33
      vertex -68.3624 -2.00763 33
    endloop
  endfacet
  facet normal 0 0 1
    outer loop
      vertex -68.6 0 33
      vertex -65 0 33
      vertex -68.5735 0.674747 33
    endloop
  endfacet
  facet normal 0 0 1
    outer loop
      vertex -64.9846 -0.392295 33
      vertex -68.5735 -0.674747 33
      vertex -68.4941 -1.34534 33
    endloop
  endfacet
  facet normal 0 0 1
    outer loop
      vertex -65 0 33
      vertex -68.6 0 33
      vertex -68.5735 -0.674747 33
    endloop
  endfacet
  facet normal -0.785356 -0.619044 0
    outer loop
      vertex -66.5395 -5.58525 6
      vertex -66.9575 -5.05495 33
      vertex -66.9575 -5.05495 6
    endloop
  endfacet
  facet normal -0.785356 -0.619044 0
    outer loop
      vertex -66.9575 -5.05495 33
      vertex -66.5395 -5.58525 6
      vertex -66.5395 -5.58525 33
    endloop
  endfacet
  facet normal -0.980796 0.195037 0
    outer loop
      vertex -68.4941 1.34534 6
      vertex -68.3624 2.00763 33
      vertex -68.3624 2.00763 6
    endloop
  endfacet
  facet normal -0.980796 0.195037 0
    outer loop
      vertex -68.3624 2.00763 33
      vertex -68.4941 1.34534 6
      vertex -68.4941 1.34534 33
    endloop
  endfacet
  facet normal -0.785356 0.619044 0
    outer loop
      vertex -66.9575 5.05495 6
      vertex -66.5395 5.58525 33
      vertex -66.5395 5.58525 6
    endloop
  endfacet
  facet normal -0.785356 0.619044 0
    outer loop
      vertex -66.5395 5.58525 33
      vertex -66.9575 5.05495 6
      vertex -66.9575 5.05495 33
    endloop
  endfacet
  facet normal -0.962454 -0.271445 0
    outer loop
      vertex -68.1791 -2.65755 6
      vertex -68.3624 -2.00763 33
      vertex -68.3624 -2.00763 6
    endloop
  endfacet
  facet normal -0.962454 -0.271445 0
    outer loop
      vertex -68.3624 -2.00763 33
      vertex -68.1791 -2.65755 6
      vertex -68.1791 -2.65755 33
    endloop
  endfacet
  facet normal 0.993063 0.117581 0
    outer loop
      vertex -11.4265 0.674747 33
      vertex -11.5059 1.34534 6
      vertex -11.5059 1.34534 33
    endloop
  endfacet
  facet normal 0.993063 0.117581 0
    outer loop
      vertex -11.5059 1.34534 6
      vertex -11.4265 0.674747 33
      vertex -11.4265 0.674747 6
    endloop
  endfacet
  facet normal 0.99923 0.0392437 0
    outer loop
      vertex -11.4 0 33
      vertex -11.4265 0.674747 6
      vertex -11.4265 0.674747 33
    endloop
  endfacet
  facet normal 0.99923 0.0392437 0
    outer loop
      vertex -11.4265 0.674747 6
      vertex -11.4 0 33
      vertex -11.4 0 6
    endloop
  endfacet
  facet normal 0.117536 -0.993069 0
    outer loop
      vertex -19.3253 -8.57349 6
      vertex -18.6547 -8.49412 33
      vertex -19.3253 -8.57349 33
    endloop
  endfacet
  facet normal 0.117536 -0.993069 0
    outer loop
      vertex -18.6547 -8.49412 33
      vertex -19.3253 -8.57349 6
      vertex -18.6547 -8.49412 6
    endloop
  endfacet
  facet normal -0.938202 0.346089 0
    outer loop
      vertex -28.1791 2.65755 6
      vertex -27.9454 3.29108 33
      vertex -27.9454 3.29108 6
    endloop
  endfacet
  facet normal -0.938202 0.346089 0
    outer loop
      vertex -27.9454 3.29108 33
      vertex -28.1791 2.65755 6
      vertex -28.1791 2.65755 33
    endloop
  endfacet
  facet normal 0.271439 -0.962456 0
    outer loop
      vertex -17.9924 -8.36238 6
      vertex -17.3425 -8.17909 33
      vertex -17.9924 -8.36238 33
    endloop
  endfacet
  facet normal 0.271439 -0.962456 0
    outer loop
      vertex -17.3425 -8.17909 33
      vertex -17.9924 -8.36238 6
      vertex -17.3425 -8.17909 6
    endloop
  endfacet
  facet normal 0.488612 -0.872501 0
    outer loop
      vertex -16.0957 -7.66266 6
      vertex -15.5065 -7.3327 33
      vertex -16.0957 -7.66266 33
    endloop
  endfacet
  facet normal 0.488612 -0.872501 0
    outer loop
      vertex -15.5065 -7.3327 33
      vertex -16.0957 -7.66266 6
      vertex -15.5065 -7.3327 6
    endloop
  endfacet
  facet normal 0.117536 0.993069 -0
    outer loop
      vertex -18.6547 8.49412 6
      vertex -19.3253 8.57349 33
      vertex -18.6547 8.49412 33
    endloop
  endfacet
  facet normal 0.117536 0.993069 0
    outer loop
      vertex -19.3253 8.57349 33
      vertex -18.6547 8.49412 6
      vertex -19.3253 8.57349 6
    endloop
  endfacet
  facet normal -0.734306 0.678819 0
    outer loop
      vertex -26.5395 5.58525 6
      vertex -26.0811 6.08112 33
      vertex -26.0811 6.08112 6
    endloop
  endfacet
  facet normal -0.734306 0.678819 0
    outer loop
      vertex -26.0811 6.08112 33
      vertex -26.5395 5.58525 6
      vertex -26.5395 5.58525 33
    endloop
  endfacet
  facet normal 0.195091 -0.980785 0
    outer loop
      vertex -18.6547 -8.49412 6
      vertex -17.9924 -8.36238 33
      vertex -18.6547 -8.49412 33
    endloop
  endfacet
  facet normal 0.195091 -0.980785 0
    outer loop
      vertex -17.9924 -8.36238 33
      vertex -18.6547 -8.49412 6
      vertex -17.9924 -8.36238 6
    endloop
  endfacet
  facet normal -0.0392612 0.999229 0
    outer loop
      vertex -20 8.6 6
      vertex -20.6747 8.57349 33
      vertex -20 8.6 33
    endloop
  endfacet
  facet normal -0.0392612 0.999229 0
    outer loop
      vertex -20.6747 8.57349 33
      vertex -20 8.6 6
      vertex -20.6747 8.57349 6
    endloop
  endfacet
  facet normal 0.962454 0.271445 0
    outer loop
      vertex -11.6376 2.00763 33
      vertex -11.8209 2.65755 6
      vertex -11.8209 2.65755 33
    endloop
  endfacet
  facet normal 0.962454 0.271445 0
    outer loop
      vertex -11.8209 2.65755 6
      vertex -11.6376 2.00763 33
      vertex -11.6376 2.00763 6
    endloop
  endfacet
  facet normal -0.346094 0.9382 0
    outer loop
      vertex -22.6575 8.17909 6
      vertex -23.2911 7.94536 33
      vertex -22.6575 8.17909 33
    endloop
  endfacet
  facet normal -0.346094 0.9382 0
    outer loop
      vertex -23.2911 7.94536 33
      vertex -22.6575 8.17909 6
      vertex -23.2911 7.94536 6
    endloop
  endfacet
  facet normal 0.488612 0.872501 -0
    outer loop
      vertex -15.5065 7.3327 6
      vertex -16.0957 7.66266 33
      vertex -15.5065 7.3327 33
    endloop
  endfacet
  facet normal 0.488612 0.872501 0
    outer loop
      vertex -16.0957 7.66266 33
      vertex -15.5065 7.3327 6
      vertex -16.0957 7.66266 6
    endloop
  endfacet
  facet normal -0.938202 -0.346089 0
    outer loop
      vertex -27.9454 -3.29108 6
      vertex -28.1791 -2.65755 33
      vertex -28.1791 -2.65755 6
    endloop
  endfacet
  facet normal -0.938202 -0.346089 0
    outer loop
      vertex -28.1791 -2.65755 33
      vertex -27.9454 -3.29108 6
      vertex -27.9454 -3.29108 33
    endloop
  endfacet
  facet normal -0.734306 -0.678819 0
    outer loop
      vertex -26.0811 -6.08112 6
      vertex -26.5395 -5.58525 33
      vertex -26.5395 -5.58525 6
    endloop
  endfacet
  facet normal -0.734306 -0.678819 0
    outer loop
      vertex -26.5395 -5.58525 33
      vertex -26.0811 -6.08112 6
      vertex -26.0811 -6.08112 33
    endloop
  endfacet
  facet normal -0.555537 0.831492 0
    outer loop
      vertex -24.4935 7.3327 6
      vertex -25.055 6.95755 33
      vertex -24.4935 7.3327 33
    endloop
  endfacet
  facet normal -0.555537 0.831492 0
    outer loop
      vertex -25.055 6.95755 33
      vertex -24.4935 7.3327 6
      vertex -25.055 6.95755 6
    endloop
  endfacet
  facet normal -0.831439 0.555616 0
    outer loop
      vertex -27.3327 4.49349 6
      vertex -26.9575 5.05495 33
      vertex -26.9575 5.05495 6
    endloop
  endfacet
  facet normal -0.831439 0.555616 0
    outer loop
      vertex -26.9575 5.05495 33
      vertex -27.3327 4.49349 6
      vertex -27.3327 4.49349 33
    endloop
  endfacet
  facet normal 0.346094 0.9382 -0
    outer loop
      vertex -16.7089 7.94536 6
      vertex -17.3425 8.17909 33
      vertex -16.7089 7.94536 33
    endloop
  endfacet
  facet normal 0.346094 0.9382 0
    outer loop
      vertex -17.3425 8.17909 33
      vertex -16.7089 7.94536 6
      vertex -17.3425 8.17909 6
    endloop
  endfacet
  facet normal 0.0392612 -0.999229 0
    outer loop
      vertex -20 -8.6 6
      vertex -19.3253 -8.57349 33
      vertex -20 -8.6 33
    endloop
  endfacet
  facet normal 0.0392612 -0.999229 0
    outer loop
      vertex -19.3253 -8.57349 33
      vertex -20 -8.6 6
      vertex -19.3253 -8.57349 6
    endloop
  endfacet
  facet normal -0.99923 -0.0392437 0
    outer loop
      vertex -28.5735 -0.674747 6
      vertex -28.6 0 33
      vertex -28.6 0 6
    endloop
  endfacet
  facet normal -0.99923 -0.0392437 0
    outer loop
      vertex -28.6 0 33
      vertex -28.5735 -0.674747 6
      vertex -28.5735 -0.674747 33
    endloop
  endfacet
  facet normal 0.938202 0.346089 0
    outer loop
      vertex -11.8209 2.65755 33
      vertex -12.0546 3.29108 6
      vertex -12.0546 3.29108 33
    endloop
  endfacet
  facet normal 0.938202 0.346089 0
    outer loop
      vertex -12.0546 3.29108 6
      vertex -11.8209 2.65755 33
      vertex -11.8209 2.65755 6
    endloop
  endfacet
  facet normal 0 0 1
    outer loop
      vertex -15 0 33
      vertex -11.4 0 33
      vertex -11.4265 0.674747 33
    endloop
  endfacet
  facet normal 0 0 1
    outer loop
      vertex -15.0154 0.392295 33
      vertex -11.4265 0.674747 33
      vertex -11.5059 1.34534 33
    endloop
  endfacet
  facet normal 0 0 1
    outer loop
      vertex -11.4 0 33
      vertex -15 0 33
      vertex -11.4265 -0.674747 33
    endloop
  endfacet
  facet normal 0 0 1
    outer loop
      vertex -15.0616 0.782172 33
      vertex -11.5059 1.34534 33
      vertex -11.6376 2.00763 33
    endloop
  endfacet
  facet normal -0 0 1
    outer loop
      vertex -15.0154 -0.392295 33
      vertex -11.4265 -0.674747 33
      vertex -15 0 33
    endloop
  endfacet
  facet normal 0 0 1
    outer loop
      vertex -15.1382 1.16723 33
      vertex -11.6376 2.00763 33
      vertex -11.8209 2.65755 33
    endloop
  endfacet
  facet normal 0 0 1
    outer loop
      vertex -11.4265 -0.674747 33
      vertex -15.0154 -0.392295 33
      vertex -11.5059 -1.34534 33
    endloop
  endfacet
  facet normal 0 0 1
    outer loop
      vertex -15.2447 1.54508 33
      vertex -11.8209 2.65755 33
      vertex -12.0546 3.29108 33
    endloop
  endfacet
  facet normal -0 0 1
    outer loop
      vertex -15.0616 -0.782172 33
      vertex -11.5059 -1.34534 33
      vertex -15.0154 -0.392295 33
    endloop
  endfacet
  facet normal 0 0 1
    outer loop
      vertex -15.3806 1.91342 33
      vertex -12.0546 3.29108 33
      vertex -12.3373 3.90432 33
    endloop
  endfacet
  facet normal 0 0 1
    outer loop
      vertex -11.5059 -1.34534 33
      vertex -15.0616 -0.782172 33
      vertex -11.6376 -2.00763 33
    endloop
  endfacet
  facet normal 0 0 1
    outer loop
      vertex -15.545 2.26995 33
      vertex -12.3373 3.90432 33
      vertex -12.6673 4.49349 33
    endloop
  endfacet
  facet normal -0 0 1
    outer loop
      vertex -15.1382 -1.16723 33
      vertex -11.6376 -2.00763 33
      vertex -15.0616 -0.782172 33
    endloop
  endfacet
  facet normal 0 0 1
    outer loop
      vertex -15.7368 2.61249 33
      vertex -12.6673 4.49349 33
      vertex -13.0425 5.05495 33
    endloop
  endfacet
  facet normal 0 0 1
    outer loop
      vertex -11.6376 -2.00763 33
      vertex -15.1382 -1.16723 33
      vertex -11.8209 -2.65755 33
    endloop
  endfacet
  facet normal 0 0 1
    outer loop
      vertex -15.9549 2.93893 33
      vertex -13.0425 5.05495 33
      vertex -13.4605 5.58525 33
    endloop
  endfacet
  facet normal -0 0 1
    outer loop
      vertex -15.2447 -1.54508 33
      vertex -11.8209 -2.65755 33
      vertex -15.1382 -1.16723 33
    endloop
  endfacet
  facet normal 0 0 1
    outer loop
      vertex -16.198 3.24724 33
      vertex -13.4605 5.58525 33
      vertex -13.9189 6.08112 33
    endloop
  endfacet
  facet normal 0 0 1
    outer loop
      vertex -11.8209 -2.65755 33
      vertex -15.2447 -1.54508 33
      vertex -12.0546 -3.29108 33
    endloop
  endfacet
  facet normal 0 0 1
    outer loop
      vertex -16.4645 3.53553 33
      vertex -13.9189 6.08112 33
      vertex -14.4147 6.53949 33
    endloop
  endfacet
  facet normal -0 0 1
    outer loop
      vertex -15.3806 -1.91342 33
      vertex -12.0546 -3.29108 33
      vertex -15.2447 -1.54508 33
    endloop
  endfacet
  facet normal 0 0 1
    outer loop
      vertex -16.7528 3.80203 33
      vertex -14.4147 6.53949 33
      vertex -14.945 6.95755 33
    endloop
  endfacet
  facet normal 0 0 1
    outer loop
      vertex -12.0546 -3.29108 33
      vertex -15.3806 -1.91342 33
      vertex -12.3373 -3.90432 33
    endloop
  endfacet
  facet normal -0 0 1
    outer loop
      vertex -15.545 -2.26995 33
      vertex -12.3373 -3.90432 33
      vertex -15.3806 -1.91342 33
    endloop
  endfacet
  facet normal 0 0 1
    outer loop
      vertex -11.4265 0.674747 33
      vertex -15.0154 0.392295 33
      vertex -15 0 33
    endloop
  endfacet
  facet normal 0 0 1
    outer loop
      vertex -11.5059 1.34534 33
      vertex -15.0616 0.782172 33
      vertex -15.0154 0.392295 33
    endloop
  endfacet
  facet normal 0 0 1
    outer loop
      vertex -11.6376 2.00763 33
      vertex -15.1382 1.16723 33
      vertex -15.0616 0.782172 33
    endloop
  endfacet
  facet normal 0 0 1
    outer loop
      vertex -11.8209 2.65755 33
      vertex -15.2447 1.54508 33
      vertex -15.1382 1.16723 33
    endloop
  endfacet
  facet normal 0 0 1
    outer loop
      vertex -12.0546 3.29108 33
      vertex -15.3806 1.91342 33
      vertex -15.2447 1.54508 33
    endloop
  endfacet
  facet normal 0 0 1
    outer loop
      vertex -17.0611 4.04508 33
      vertex -14.945 6.95755 33
      vertex -15.5065 7.3327 33
    endloop
  endfacet
  facet normal 0 0 1
    outer loop
      vertex -12.3373 3.90432 33
      vertex -15.545 2.26995 33
      vertex -15.3806 1.91342 33
    endloop
  endfacet
  facet normal 0 0 1
    outer loop
      vertex -12.6673 4.49349 33
      vertex -15.7368 2.61249 33
      vertex -15.545 2.26995 33
    endloop
  endfacet
  facet normal 0 0 1
    outer loop
      vertex -13.0425 5.05495 33
      vertex -15.9549 2.93893 33
      vertex -15.7368 2.61249 33
    endloop
  endfacet
  facet normal 0 0 1
    outer loop
      vertex -17.3875 4.2632 33
      vertex -15.5065 7.3327 33
      vertex -16.0957 7.66266 33
    endloop
  endfacet
  facet normal 0 0 1
    outer loop
      vertex -13.4605 5.58525 33
      vertex -16.198 3.24724 33
      vertex -15.9549 2.93893 33
    endloop
  endfacet
  facet normal 0 0 1
    outer loop
      vertex -13.9189 6.08112 33
      vertex -16.4645 3.53553 33
      vertex -16.198 3.24724 33
    endloop
  endfacet
  facet normal 0 0 1
    outer loop
      vertex -17.73 4.45503 33
      vertex -16.0957 7.66266 33
      vertex -16.7089 7.94536 33
    endloop
  endfacet
  facet normal 0 0 1
    outer loop
      vertex -14.4147 6.53949 33
      vertex -16.7528 3.80203 33
      vertex -16.4645 3.53553 33
    endloop
  endfacet
  facet normal 0 0 1
    outer loop
      vertex -14.945 6.95755 33
      vertex -17.0611 4.04508 33
      vertex -16.7528 3.80203 33
    endloop
  endfacet
  facet normal 0 0 1
    outer loop
      vertex -18.0866 4.6194 33
      vertex -16.7089 7.94536 33
      vertex -17.3425 8.17909 33
    endloop
  endfacet
  facet normal 0 0 1
    outer loop
      vertex -15.5065 7.3327 33
      vertex -17.3875 4.2632 33
      vertex -17.0611 4.04508 33
    endloop
  endfacet
  facet normal 0 0 1
    outer loop
      vertex -16.0957 7.66266 33
      vertex -17.73 4.45503 33
      vertex -17.3875 4.2632 33
    endloop
  endfacet
  facet normal 0 0 1
    outer loop
      vertex -18.4549 4.75528 33
      vertex -17.3425 8.17909 33
      vertex -17.9924 8.36238 33
    endloop
  endfacet
  facet normal 0 0 1
    outer loop
      vertex -16.7089 7.94536 33
      vertex -18.0866 4.6194 33
      vertex -17.73 4.45503 33
    endloop
  endfacet
  facet normal 0 0 1
    outer loop
      vertex -17.3425 8.17909 33
      vertex -18.4549 4.75528 33
      vertex -18.0866 4.6194 33
    endloop
  endfacet
  facet normal 0 0 1
    outer loop
      vertex -18.8328 4.86185 33
      vertex -17.9924 8.36238 33
      vertex -18.6547 8.49412 33
    endloop
  endfacet
  facet normal 0 0 1
    outer loop
      vertex -17.9924 8.36238 33
      vertex -18.8328 4.86185 33
      vertex -18.4549 4.75528 33
    endloop
  endfacet
  facet normal 0 0 1
    outer loop
      vertex -18.6547 8.49412 33
      vertex -19.2178 4.93844 33
      vertex -18.8328 4.86185 33
    endloop
  endfacet
  facet normal 0 0 1
    outer loop
      vertex -19.3253 8.57349 33
      vertex -19.2178 4.93844 33
      vertex -18.6547 8.49412 33
    endloop
  endfacet
  facet normal 0 0 1
    outer loop
      vertex -19.3253 8.57349 33
      vertex -19.6077 4.98459 33
      vertex -19.2178 4.93844 33
    endloop
  endfacet
  facet normal 0 0 1
    outer loop
      vertex -20 8.6 33
      vertex -19.6077 4.98459 33
      vertex -19.3253 8.57349 33
    endloop
  endfacet
  facet normal 0 0 1
    outer loop
      vertex -20 8.6 33
      vertex -20 5 33
      vertex -19.6077 4.98459 33
    endloop
  endfacet
  facet normal 0 0 1
    outer loop
      vertex -20 8.6 33
      vertex -20.3923 4.98459 33
      vertex -20 5 33
    endloop
  endfacet
  facet normal -0 0 1
    outer loop
      vertex -20.6747 8.57349 33
      vertex -20.3923 4.98459 33
      vertex -20 8.6 33
    endloop
  endfacet
  facet normal 0 0 1
    outer loop
      vertex -20.6747 8.57349 33
      vertex -20.7822 4.93844 33
      vertex -20.3923 4.98459 33
    endloop
  endfacet
  facet normal -0 0 1
    outer loop
      vertex -21.3453 8.49412 33
      vertex -20.7822 4.93844 33
      vertex -20.6747 8.57349 33
    endloop
  endfacet
  facet normal 0 0 1
    outer loop
      vertex -20.7822 4.93844 33
      vertex -21.3453 8.49412 33
      vertex -21.1672 4.86185 33
    endloop
  endfacet
  facet normal -0 0 1
    outer loop
      vertex -22.0076 8.36238 33
      vertex -21.1672 4.86185 33
      vertex -21.3453 8.49412 33
    endloop
  endfacet
  facet normal 0 0 1
    outer loop
      vertex -21.1672 4.86185 33
      vertex -22.0076 8.36238 33
      vertex -21.5451 4.75528 33
    endloop
  endfacet
  facet normal -0 0 1
    outer loop
      vertex -22.6575 8.17909 33
      vertex -21.5451 4.75528 33
      vertex -22.0076 8.36238 33
    endloop
  endfacet
  facet normal 0 0 1
    outer loop
      vertex -21.5451 4.75528 33
      vertex -22.6575 8.17909 33
      vertex -21.9134 4.6194 33
    endloop
  endfacet
  facet normal -0 0 1
    outer loop
      vertex -23.2911 7.94536 33
      vertex -21.9134 4.6194 33
      vertex -22.6575 8.17909 33
    endloop
  endfacet
  facet normal 0 0 1
    outer loop
      vertex -21.9134 4.6194 33
      vertex -23.2911 7.94536 33
      vertex -22.27 4.45503 33
    endloop
  endfacet
  facet normal -0 0 1
    outer loop
      vertex -23.9043 7.66266 33
      vertex -22.27 4.45503 33
      vertex -23.2911 7.94536 33
    endloop
  endfacet
  facet normal 0 0 1
    outer loop
      vertex -22.27 4.45503 33
      vertex -23.9043 7.66266 33
      vertex -22.6125 4.2632 33
    endloop
  endfacet
  facet normal -0 0 1
    outer loop
      vertex -24.4935 7.3327 33
      vertex -22.6125 4.2632 33
      vertex -23.9043 7.66266 33
    endloop
  endfacet
  facet normal 0 0 1
    outer loop
      vertex -22.6125 4.2632 33
      vertex -24.4935 7.3327 33
      vertex -22.9389 4.04508 33
    endloop
  endfacet
  facet normal -0 0 1
    outer loop
      vertex -25.055 6.95755 33
      vertex -22.9389 4.04508 33
      vertex -24.4935 7.3327 33
    endloop
  endfacet
  facet normal 0 0 1
    outer loop
      vertex -22.9389 4.04508 33
      vertex -25.055 6.95755 33
      vertex -23.2472 3.80203 33
    endloop
  endfacet
  facet normal -0 0 1
    outer loop
      vertex -25.5853 6.53949 33
      vertex -23.2472 3.80203 33
      vertex -25.055 6.95755 33
    endloop
  endfacet
  facet normal 0 0 1
    outer loop
      vertex -23.2472 3.80203 33
      vertex -25.5853 6.53949 33
      vertex -23.5355 3.53553 33
    endloop
  endfacet
  facet normal -0 0 1
    outer loop
      vertex -26.0811 6.08112 33
      vertex -23.5355 3.53553 33
      vertex -25.5853 6.53949 33
    endloop
  endfacet
  facet normal 0 0 1
    outer loop
      vertex -23.5355 3.53553 33
      vertex -26.0811 6.08112 33
      vertex -23.802 3.24724 33
    endloop
  endfacet
  facet normal -0 0 1
    outer loop
      vertex -26.5395 5.58525 33
      vertex -23.802 3.24724 33
      vertex -26.0811 6.08112 33
    endloop
  endfacet
  facet normal 0 0 1
    outer loop
      vertex -23.802 3.24724 33
      vertex -26.5395 5.58525 33
      vertex -24.0451 2.93893 33
    endloop
  endfacet
  facet normal -0 0 1
    outer loop
      vertex -26.9575 5.05495 33
      vertex -24.0451 2.93893 33
      vertex -26.5395 5.58525 33
    endloop
  endfacet
  facet normal 0 0 1
    outer loop
      vertex -24.0451 2.93893 33
      vertex -26.9575 5.05495 33
      vertex -24.2632 2.61249 33
    endloop
  endfacet
  facet normal -0 0 1
    outer loop
      vertex -27.3327 4.49349 33
      vertex -24.2632 2.61249 33
      vertex -26.9575 5.05495 33
    endloop
  endfacet
  facet normal -0 0 1
    outer loop
      vertex -27.6627 3.90432 33
      vertex -24.455 2.26995 33
      vertex -27.3327 4.49349 33
    endloop
  endfacet
  facet normal 0 0 1
    outer loop
      vertex -24.2632 2.61249 33
      vertex -27.3327 4.49349 33
      vertex -24.455 2.26995 33
    endloop
  endfacet
  facet normal 0 0 1
    outer loop
      vertex -12.3373 -3.90432 33
      vertex -15.545 -2.26995 33
      vertex -12.6673 -4.49349 33
    endloop
  endfacet
  facet normal -0 0 1
    outer loop
      vertex -15.7368 -2.61249 33
      vertex -12.6673 -4.49349 33
      vertex -15.545 -2.26995 33
    endloop
  endfacet
  facet normal 0 0 1
    outer loop
      vertex -12.6673 -4.49349 33
      vertex -15.7368 -2.61249 33
      vertex -13.0425 -5.05495 33
    endloop
  endfacet
  facet normal -0 0 1
    outer loop
      vertex -15.9549 -2.93893 33
      vertex -13.0425 -5.05495 33
      vertex -15.7368 -2.61249 33
    endloop
  endfacet
  facet normal 0 0 1
    outer loop
      vertex -13.0425 -5.05495 33
      vertex -15.9549 -2.93893 33
      vertex -13.4605 -5.58525 33
    endloop
  endfacet
  facet normal -0 0 1
    outer loop
      vertex -16.198 -3.24724 33
      vertex -13.4605 -5.58525 33
      vertex -15.9549 -2.93893 33
    endloop
  endfacet
  facet normal 0 0 1
    outer loop
      vertex -13.4605 -5.58525 33
      vertex -16.198 -3.24724 33
      vertex -13.9189 -6.08112 33
    endloop
  endfacet
  facet normal -0 0 1
    outer loop
      vertex -16.4645 -3.53553 33
      vertex -13.9189 -6.08112 33
      vertex -16.198 -3.24724 33
    endloop
  endfacet
  facet normal 0 0 1
    outer loop
      vertex -13.9189 -6.08112 33
      vertex -16.4645 -3.53553 33
      vertex -14.4147 -6.53949 33
    endloop
  endfacet
  facet normal -0 0 1
    outer loop
      vertex -16.7528 -3.80203 33
      vertex -14.4147 -6.53949 33
      vertex -16.4645 -3.53553 33
    endloop
  endfacet
  facet normal 0 0 1
    outer loop
      vertex -14.4147 -6.53949 33
      vertex -16.7528 -3.80203 33
      vertex -14.945 -6.95755 33
    endloop
  endfacet
  facet normal -0 0 1
    outer loop
      vertex -17.0611 -4.04508 33
      vertex -14.945 -6.95755 33
      vertex -16.7528 -3.80203 33
    endloop
  endfacet
  facet normal 0 0 1
    outer loop
      vertex -14.945 -6.95755 33
      vertex -17.0611 -4.04508 33
      vertex -15.5065 -7.3327 33
    endloop
  endfacet
  facet normal -0 0 1
    outer loop
      vertex -17.3875 -4.2632 33
      vertex -15.5065 -7.3327 33
      vertex -17.0611 -4.04508 33
    endloop
  endfacet
  facet normal 0 0 1
    outer loop
      vertex -15.5065 -7.3327 33
      vertex -17.3875 -4.2632 33
      vertex -16.0957 -7.66266 33
    endloop
  endfacet
  facet normal -0 0 1
    outer loop
      vertex -17.73 -4.45503 33
      vertex -16.0957 -7.66266 33
      vertex -17.3875 -4.2632 33
    endloop
  endfacet
  facet normal 0 0 1
    outer loop
      vertex -16.0957 -7.66266 33
      vertex -17.73 -4.45503 33
      vertex -16.7089 -7.94536 33
    endloop
  endfacet
  facet normal -0 0 1
    outer loop
      vertex -18.0866 -4.6194 33
      vertex -16.7089 -7.94536 33
      vertex -17.73 -4.45503 33
    endloop
  endfacet
  facet normal 0 0 1
    outer loop
      vertex -16.7089 -7.94536 33
      vertex -18.0866 -4.6194 33
      vertex -17.3425 -8.17909 33
    endloop
  endfacet
  facet normal -0 0 1
    outer loop
      vertex -18.4549 -4.75528 33
      vertex -17.3425 -8.17909 33
      vertex -18.0866 -4.6194 33
    endloop
  endfacet
  facet normal 0 0 1
    outer loop
      vertex -17.3425 -8.17909 33
      vertex -18.4549 -4.75528 33
      vertex -17.9924 -8.36238 33
    endloop
  endfacet
  facet normal -0 0 1
    outer loop
      vertex -18.8328 -4.86185 33
      vertex -17.9924 -8.36238 33
      vertex -18.4549 -4.75528 33
    endloop
  endfacet
  facet normal 0 0 1
    outer loop
      vertex -17.9924 -8.36238 33
      vertex -18.8328 -4.86185 33
      vertex -18.6547 -8.49412 33
    endloop
  endfacet
  facet normal -0 0 1
    outer loop
      vertex -19.2178 -4.93844 33
      vertex -18.6547 -8.49412 33
      vertex -18.8328 -4.86185 33
    endloop
  endfacet
  facet normal 0 0 1
    outer loop
      vertex -19.2178 -4.93844 33
      vertex -19.3253 -8.57349 33
      vertex -18.6547 -8.49412 33
    endloop
  endfacet
  facet normal -0 0 1
    outer loop
      vertex -19.6077 -4.98459 33
      vertex -19.3253 -8.57349 33
      vertex -19.2178 -4.93844 33
    endloop
  endfacet
  facet normal -0 0 1
    outer loop
      vertex -20 -5 33
      vertex -19.3253 -8.57349 33
      vertex -19.6077 -4.98459 33
    endloop
  endfacet
  facet normal 0 0 1
    outer loop
      vertex -20 -5 33
      vertex -20 -8.6 33
      vertex -19.3253 -8.57349 33
    endloop
  endfacet
  facet normal 0 0 1
    outer loop
      vertex -20.3923 -4.98459 33
      vertex -20 -8.6 33
      vertex -20 -5 33
    endloop
  endfacet
  facet normal 0 0 1
    outer loop
      vertex -20.3923 -4.98459 33
      vertex -20.6747 -8.57349 33
      vertex -20 -8.6 33
    endloop
  endfacet
  facet normal 0 0 1
    outer loop
      vertex -20.7822 -4.93844 33
      vertex -20.6747 -8.57349 33
      vertex -20.3923 -4.98459 33
    endloop
  endfacet
  facet normal 0 0 1
    outer loop
      vertex -21.3453 -8.49412 33
      vertex -20.7822 -4.93844 33
      vertex -21.1672 -4.86185 33
    endloop
  endfacet
  facet normal 0 0 1
    outer loop
      vertex -20.7822 -4.93844 33
      vertex -21.3453 -8.49412 33
      vertex -20.6747 -8.57349 33
    endloop
  endfacet
  facet normal 0 0 1
    outer loop
      vertex -22.0076 -8.36238 33
      vertex -21.1672 -4.86185 33
      vertex -21.5451 -4.75528 33
    endloop
  endfacet
  facet normal 0 0 1
    outer loop
      vertex -22.6575 -8.17909 33
      vertex -21.5451 -4.75528 33
      vertex -21.9134 -4.6194 33
    endloop
  endfacet
  facet normal 0 0 1
    outer loop
      vertex -21.1672 -4.86185 33
      vertex -22.0076 -8.36238 33
      vertex -21.3453 -8.49412 33
    endloop
  endfacet
  facet normal 0 0 1
    outer loop
      vertex -23.2911 -7.94536 33
      vertex -21.9134 -4.6194 33
      vertex -22.27 -4.45503 33
    endloop
  endfacet
  facet normal 0 0 1
    outer loop
      vertex -23.9043 -7.66266 33
      vertex -22.27 -4.45503 33
      vertex -22.6125 -4.2632 33
    endloop
  endfacet
  facet normal 0 0 1
    outer loop
      vertex -21.5451 -4.75528 33
      vertex -22.6575 -8.17909 33
      vertex -22.0076 -8.36238 33
    endloop
  endfacet
  facet normal 0 0 1
    outer loop
      vertex -24.4935 -7.3327 33
      vertex -22.6125 -4.2632 33
      vertex -22.9389 -4.04508 33
    endloop
  endfacet
  facet normal 0 0 1
    outer loop
      vertex -25.055 -6.95755 33
      vertex -22.9389 -4.04508 33
      vertex -23.2472 -3.80203 33
    endloop
  endfacet
  facet normal 0 0 1
    outer loop
      vertex -21.9134 -4.6194 33
      vertex -23.2911 -7.94536 33
      vertex -22.6575 -8.17909 33
    endloop
  endfacet
  facet normal 0 0 1
    outer loop
      vertex -25.5853 -6.53949 33
      vertex -23.2472 -3.80203 33
      vertex -23.5355 -3.53553 33
    endloop
  endfacet
  facet normal 0 0 1
    outer loop
      vertex -26.0811 -6.08112 33
      vertex -23.5355 -3.53553 33
      vertex -23.802 -3.24724 33
    endloop
  endfacet
  facet normal 0 0 1
    outer loop
      vertex -22.27 -4.45503 33
      vertex -23.9043 -7.66266 33
      vertex -23.2911 -7.94536 33
    endloop
  endfacet
  facet normal 0 0 1
    outer loop
      vertex -26.5395 -5.58525 33
      vertex -23.802 -3.24724 33
      vertex -24.0451 -2.93893 33
    endloop
  endfacet
  facet normal 0 0 1
    outer loop
      vertex -26.9575 -5.05495 33
      vertex -24.0451 -2.93893 33
      vertex -24.2632 -2.61249 33
    endloop
  endfacet
  facet normal 0 0 1
    outer loop
      vertex -27.3327 -4.49349 33
      vertex -24.2632 -2.61249 33
      vertex -24.455 -2.26995 33
    endloop
  endfacet
  facet normal 0 0 1
    outer loop
      vertex -22.6125 -4.2632 33
      vertex -24.4935 -7.3327 33
      vertex -23.9043 -7.66266 33
    endloop
  endfacet
  facet normal 0 0 1
    outer loop
      vertex -27.6627 -3.90432 33
      vertex -24.455 -2.26995 33
      vertex -24.6194 -1.91342 33
    endloop
  endfacet
  facet normal 0 0 1
    outer loop
      vertex -27.9454 -3.29108 33
      vertex -24.6194 -1.91342 33
      vertex -24.7553 -1.54508 33
    endloop
  endfacet
  facet normal 0 0 1
    outer loop
      vertex -28.1791 -2.65755 33
      vertex -24.7553 -1.54508 33
      vertex -24.8618 -1.16723 33
    endloop
  endfacet
  facet normal 0 0 1
    outer loop
      vertex -28.3624 -2.00763 33
      vertex -24.8618 -1.16723 33
      vertex -24.9384 -0.782172 33
    endloop
  endfacet
  facet normal 0 0 1
    outer loop
      vertex -28.4941 -1.34534 33
      vertex -24.9384 -0.782172 33
      vertex -24.9846 -0.392295 33
    endloop
  endfacet
  facet normal 0 0 1
    outer loop
      vertex -22.9389 -4.04508 33
      vertex -25.055 -6.95755 33
      vertex -24.4935 -7.3327 33
    endloop
  endfacet
  facet normal 0 0 1
    outer loop
      vertex -28.5735 -0.674747 33
      vertex -24.9846 -0.392295 33
      vertex -25 0 33
    endloop
  endfacet
  facet normal 0 0 1
    outer loop
      vertex -24.455 2.26995 33
      vertex -27.6627 3.90432 33
      vertex -24.6194 1.91342 33
    endloop
  endfacet
  facet normal -0 0 1
    outer loop
      vertex -27.9454 3.29108 33
      vertex -24.6194 1.91342 33
      vertex -27.6627 3.90432 33
    endloop
  endfacet
  facet normal 0 0 1
    outer loop
      vertex -23.2472 -3.80203 33
      vertex -25.5853 -6.53949 33
      vertex -25.055 -6.95755 33
    endloop
  endfacet
  facet normal 0 0 1
    outer loop
      vertex -24.6194 1.91342 33
      vertex -27.9454 3.29108 33
      vertex -24.7553 1.54508 33
    endloop
  endfacet
  facet normal 0 0 1
    outer loop
      vertex -23.5355 -3.53553 33
      vertex -26.0811 -6.08112 33
      vertex -25.5853 -6.53949 33
    endloop
  endfacet
  facet normal -0 0 1
    outer loop
      vertex -28.1791 2.65755 33
      vertex -24.7553 1.54508 33
      vertex -27.9454 3.29108 33
    endloop
  endfacet
  facet normal 0 0 1
    outer loop
      vertex -23.802 -3.24724 33
      vertex -26.5395 -5.58525 33
      vertex -26.0811 -6.08112 33
    endloop
  endfacet
  facet normal 0 0 1
    outer loop
      vertex -24.7553 1.54508 33
      vertex -28.1791 2.65755 33
      vertex -24.8618 1.16723 33
    endloop
  endfacet
  facet normal 0 0 1
    outer loop
      vertex -24.0451 -2.93893 33
      vertex -26.9575 -5.05495 33
      vertex -26.5395 -5.58525 33
    endloop
  endfacet
  facet normal -0 0 1
    outer loop
      vertex -28.3624 2.00763 33
      vertex -24.8618 1.16723 33
      vertex -28.1791 2.65755 33
    endloop
  endfacet
  facet normal 0 0 1
    outer loop
      vertex -24.2632 -2.61249 33
      vertex -27.3327 -4.49349 33
      vertex -26.9575 -5.05495 33
    endloop
  endfacet
  facet normal 0 0 1
    outer loop
      vertex -24.8618 1.16723 33
      vertex -28.3624 2.00763 33
      vertex -24.9384 0.782172 33
    endloop
  endfacet
  facet normal 0 0 1
    outer loop
      vertex -24.455 -2.26995 33
      vertex -27.6627 -3.90432 33
      vertex -27.3327 -4.49349 33
    endloop
  endfacet
  facet normal -0 0 1
    outer loop
      vertex -28.4941 1.34534 33
      vertex -24.9384 0.782172 33
      vertex -28.3624 2.00763 33
    endloop
  endfacet
  facet normal 0 0 1
    outer loop
      vertex -24.6194 -1.91342 33
      vertex -27.9454 -3.29108 33
      vertex -27.6627 -3.90432 33
    endloop
  endfacet
  facet normal 0 0 1
    outer loop
      vertex -24.9384 0.782172 33
      vertex -28.4941 1.34534 33
      vertex -24.9846 0.392295 33
    endloop
  endfacet
  facet normal 0 0 1
    outer loop
      vertex -24.7553 -1.54508 33
      vertex -28.1791 -2.65755 33
      vertex -27.9454 -3.29108 33
    endloop
  endfacet
  facet normal -0 0 1
    outer loop
      vertex -28.5735 0.674747 33
      vertex -24.9846 0.392295 33
      vertex -28.4941 1.34534 33
    endloop
  endfacet
  facet normal 0 0 1
    outer loop
      vertex -24.8618 -1.16723 33
      vertex -28.3624 -2.00763 33
      vertex -28.1791 -2.65755 33
    endloop
  endfacet
  facet normal 0 0 1
    outer loop
      vertex -24.9846 0.392295 33
      vertex -28.5735 0.674747 33
      vertex -25 0 33
    endloop
  endfacet
  facet normal 0 0 1
    outer loop
      vertex -24.9384 -0.782172 33
      vertex -28.4941 -1.34534 33
      vertex -28.3624 -2.00763 33
    endloop
  endfacet
  facet normal 0 0 1
    outer loop
      vertex -28.6 0 33
      vertex -25 0 33
      vertex -28.5735 0.674747 33
    endloop
  endfacet
  facet normal 0 0 1
    outer loop
      vertex -24.9846 -0.392295 33
      vertex -28.5735 -0.674747 33
      vertex -28.4941 -1.34534 33
    endloop
  endfacet
  facet normal 0 0 1
    outer loop
      vertex -25 0 33
      vertex -28.6 0 33
      vertex -28.5735 -0.674747 33
    endloop
  endfacet
  facet normal 0.418673 0.908137 -0
    outer loop
      vertex -16.0957 7.66266 6
      vertex -16.7089 7.94536 33
      vertex -16.0957 7.66266 33
    endloop
  endfacet
  facet normal 0.418673 0.908137 0
    outer loop
      vertex -16.7089 7.94536 33
      vertex -16.0957 7.66266 6
      vertex -16.7089 7.94536 6
    endloop
  endfacet
  facet normal 0.831439 -0.555616 0
    outer loop
      vertex -13.0425 -5.05495 33
      vertex -12.6673 -4.49349 6
      vertex -12.6673 -4.49349 33
    endloop
  endfacet
  facet normal 0.831439 -0.555616 0
    outer loop
      vertex -12.6673 -4.49349 6
      vertex -13.0425 -5.05495 33
      vertex -13.0425 -5.05495 6
    endloop
  endfacet
  facet normal 0.962454 -0.271445 0
    outer loop
      vertex -11.8209 -2.65755 33
      vertex -11.6376 -2.00763 6
      vertex -11.6376 -2.00763 33
    endloop
  endfacet
  facet normal 0.962454 -0.271445 0
    outer loop
      vertex -11.6376 -2.00763 6
      vertex -11.8209 -2.65755 33
      vertex -11.8209 -2.65755 6
    endloop
  endfacet
  facet normal -0.678846 0.73428 0
    outer loop
      vertex -25.5853 6.53949 6
      vertex -26.0811 6.08112 33
      vertex -25.5853 6.53949 33
    endloop
  endfacet
  facet normal -0.678846 0.73428 0
    outer loop
      vertex -26.0811 6.08112 33
      vertex -25.5853 6.53949 6
      vertex -26.0811 6.08112 6
    endloop
  endfacet
  facet normal 0.734306 0.678819 0
    outer loop
      vertex -13.4605 5.58525 33
      vertex -13.9189 6.08112 6
      vertex -13.9189 6.08112 33
    endloop
  endfacet
  facet normal 0.734306 0.678819 0
    outer loop
      vertex -13.9189 6.08112 6
      vertex -13.4605 5.58525 33
      vertex -13.4605 5.58525 6
    endloop
  endfacet
  facet normal -0.0392612 -0.999229 0
    outer loop
      vertex -20.6747 -8.57349 6
      vertex -20 -8.6 33
      vertex -20.6747 -8.57349 33
    endloop
  endfacet
  facet normal -0.0392612 -0.999229 -0
    outer loop
      vertex -20 -8.6 33
      vertex -20.6747 -8.57349 6
      vertex -20 -8.6 6
    endloop
  endfacet
  facet normal -0.962454 0.271445 0
    outer loop
      vertex -28.3624 2.00763 6
      vertex -28.1791 2.65755 33
      vertex -28.1791 2.65755 6
    endloop
  endfacet
  facet normal -0.962454 0.271445 0
    outer loop
      vertex -28.1791 2.65755 33
      vertex -28.3624 2.00763 6
      vertex -28.3624 2.00763 33
    endloop
  endfacet
  facet normal -0.785356 0.619044 0
    outer loop
      vertex -26.9575 5.05495 6
      vertex -26.5395 5.58525 33
      vertex -26.5395 5.58525 6
    endloop
  endfacet
  facet normal -0.785356 0.619044 0
    outer loop
      vertex -26.5395 5.58525 33
      vertex -26.9575 5.05495 6
      vertex -26.9575 5.05495 33
    endloop
  endfacet
  facet normal 0.785356 0.619044 0
    outer loop
      vertex -13.0425 5.05495 33
      vertex -13.4605 5.58525 6
      vertex -13.4605 5.58525 33
    endloop
  endfacet
  facet normal 0.785356 0.619044 0
    outer loop
      vertex -13.4605 5.58525 6
      vertex -13.0425 5.05495 33
      vertex -13.0425 5.05495 6
    endloop
  endfacet
  facet normal -0.908147 -0.418651 0
    outer loop
      vertex -27.6627 -3.90432 6
      vertex -27.9454 -3.29108 33
      vertex -27.9454 -3.29108 6
    endloop
  endfacet
  facet normal -0.908147 -0.418651 0
    outer loop
      vertex -27.9454 -3.29108 33
      vertex -27.6627 -3.90432 6
      vertex -27.6627 -3.90432 33
    endloop
  endfacet
  facet normal -0.555537 -0.831492 0
    outer loop
      vertex -25.055 -6.95755 6
      vertex -24.4935 -7.3327 33
      vertex -25.055 -6.95755 33
    endloop
  endfacet
  facet normal -0.555537 -0.831492 -0
    outer loop
      vertex -24.4935 -7.3327 33
      vertex -25.055 -6.95755 6
      vertex -24.4935 -7.3327 6
    endloop
  endfacet
  facet normal -0.117536 0.993069 0
    outer loop
      vertex -20.6747 8.57349 6
      vertex -21.3453 8.49412 33
      vertex -20.6747 8.57349 33
    endloop
  endfacet
  facet normal -0.117536 0.993069 0
    outer loop
      vertex -21.3453 8.49412 33
      vertex -20.6747 8.57349 6
      vertex -21.3453 8.49412 6
    endloop
  endfacet
  facet normal 0.980796 -0.195037 0
    outer loop
      vertex -11.6376 -2.00763 33
      vertex -11.5059 -1.34534 6
      vertex -11.5059 -1.34534 33
    endloop
  endfacet
  facet normal 0.980796 -0.195037 0
    outer loop
      vertex -11.5059 -1.34534 6
      vertex -11.6376 -2.00763 33
      vertex -11.6376 -2.00763 6
    endloop
  endfacet
  facet normal -0.785356 -0.619044 0
    outer loop
      vertex -26.5395 -5.58525 6
      vertex -26.9575 -5.05495 33
      vertex -26.9575 -5.05495 6
    endloop
  endfacet
  facet normal -0.785356 -0.619044 0
    outer loop
      vertex -26.9575 -5.05495 33
      vertex -26.5395 -5.58525 6
      vertex -26.5395 -5.58525 33
    endloop
  endfacet
  facet normal 0.271439 0.962456 -0
    outer loop
      vertex -17.3425 8.17909 6
      vertex -17.9924 8.36238 33
      vertex -17.3425 8.17909 33
    endloop
  endfacet
  facet normal 0.271439 0.962456 0
    outer loop
      vertex -17.9924 8.36238 33
      vertex -17.3425 8.17909 6
      vertex -17.9924 8.36238 6
    endloop
  endfacet
  facet normal 0.908147 -0.418651 0
    outer loop
      vertex -12.3373 -3.90432 33
      vertex -12.0546 -3.29108 6
      vertex -12.0546 -3.29108 33
    endloop
  endfacet
  facet normal 0.908147 -0.418651 0
    outer loop
      vertex -12.0546 -3.29108 6
      vertex -12.3373 -3.90432 33
      vertex -12.3373 -3.90432 6
    endloop
  endfacet
  facet normal -0.980796 -0.195037 0
    outer loop
      vertex -28.3624 -2.00763 6
      vertex -28.4941 -1.34534 33
      vertex -28.4941 -1.34534 6
    endloop
  endfacet
  facet normal -0.980796 -0.195037 0
    outer loop
      vertex -28.4941 -1.34534 33
      vertex -28.3624 -2.00763 6
      vertex -28.3624 -2.00763 33
    endloop
  endfacet
  facet normal 0.0392612 0.999229 -0
    outer loop
      vertex -19.3253 8.57349 6
      vertex -20 8.6 33
      vertex -19.3253 8.57349 33
    endloop
  endfacet
  facet normal 0.0392612 0.999229 0
    outer loop
      vertex -20 8.6 33
      vertex -19.3253 8.57349 6
      vertex -20 8.6 6
    endloop
  endfacet
  facet normal 0.872465 -0.488676 0
    outer loop
      vertex -12.6673 -4.49349 33
      vertex -12.3373 -3.90432 6
      vertex -12.3373 -3.90432 33
    endloop
  endfacet
  facet normal 0.872465 -0.488676 0
    outer loop
      vertex -12.3373 -3.90432 6
      vertex -12.6673 -4.49349 33
      vertex -12.6673 -4.49349 6
    endloop
  endfacet
  facet normal -0.195091 0.980785 0
    outer loop
      vertex -21.3453 8.49412 6
      vertex -22.0076 8.36238 33
      vertex -21.3453 8.49412 33
    endloop
  endfacet
  facet normal -0.195091 0.980785 0
    outer loop
      vertex -22.0076 8.36238 33
      vertex -21.3453 8.49412 6
      vertex -22.0076 8.36238 6
    endloop
  endfacet
  facet normal -0.99923 0.0392437 0
    outer loop
      vertex -28.6 0 6
      vertex -28.5735 0.674747 33
      vertex -28.5735 0.674747 6
    endloop
  endfacet
  facet normal -0.99923 0.0392437 0
    outer loop
      vertex -28.5735 0.674747 33
      vertex -28.6 0 6
      vertex -28.6 0 33
    endloop
  endfacet
  facet normal 0.980796 0.195037 0
    outer loop
      vertex -11.5059 1.34534 33
      vertex -11.6376 2.00763 6
      vertex -11.6376 2.00763 33
    endloop
  endfacet
  facet normal 0.980796 0.195037 0
    outer loop
      vertex -11.6376 2.00763 6
      vertex -11.5059 1.34534 33
      vertex -11.5059 1.34534 6
    endloop
  endfacet
  facet normal 0.908147 0.418651 0
    outer loop
      vertex -12.0546 3.29108 33
      vertex -12.3373 3.90432 6
      vertex -12.3373 3.90432 33
    endloop
  endfacet
  facet normal 0.908147 0.418651 0
    outer loop
      vertex -12.3373 3.90432 6
      vertex -12.0546 3.29108 33
      vertex -12.0546 3.29108 6
    endloop
  endfacet
  facet normal -0.488612 0.872501 0
    outer loop
      vertex -23.9043 7.66266 6
      vertex -24.4935 7.3327 33
      vertex -23.9043 7.66266 33
    endloop
  endfacet
  facet normal -0.488612 0.872501 0
    outer loop
      vertex -24.4935 7.3327 33
      vertex -23.9043 7.66266 6
      vertex -24.4935 7.3327 6
    endloop
  endfacet
  facet normal -0.271439 0.962456 0
    outer loop
      vertex -22.0076 8.36238 6
      vertex -22.6575 8.17909 33
      vertex -22.0076 8.36238 33
    endloop
  endfacet
  facet normal -0.271439 0.962456 0
    outer loop
      vertex -22.6575 8.17909 33
      vertex -22.0076 8.36238 6
      vertex -22.6575 8.17909 6
    endloop
  endfacet
  facet normal -0.993063 -0.117581 0
    outer loop
      vertex -28.4941 -1.34534 6
      vertex -28.5735 -0.674747 33
      vertex -28.5735 -0.674747 6
    endloop
  endfacet
  facet normal -0.993063 -0.117581 0
    outer loop
      vertex -28.5735 -0.674747 33
      vertex -28.4941 -1.34534 6
      vertex -28.4941 -1.34534 33
    endloop
  endfacet
  facet normal 0.872465 0.488676 0
    outer loop
      vertex -12.3373 3.90432 33
      vertex -12.6673 4.49349 6
      vertex -12.6673 4.49349 33
    endloop
  endfacet
  facet normal 0.872465 0.488676 0
    outer loop
      vertex -12.6673 4.49349 6
      vertex -12.3373 3.90432 33
      vertex -12.3373 3.90432 6
    endloop
  endfacet
  facet normal 0.734306 -0.678819 0
    outer loop
      vertex -13.9189 -6.08112 33
      vertex -13.4605 -5.58525 6
      vertex -13.4605 -5.58525 33
    endloop
  endfacet
  facet normal 0.734306 -0.678819 0
    outer loop
      vertex -13.4605 -5.58525 6
      vertex -13.9189 -6.08112 33
      vertex -13.9189 -6.08112 6
    endloop
  endfacet
  facet normal -0.962454 -0.271445 0
    outer loop
      vertex -28.1791 -2.65755 6
      vertex -28.3624 -2.00763 33
      vertex -28.3624 -2.00763 6
    endloop
  endfacet
  facet normal -0.962454 -0.271445 0
    outer loop
      vertex -28.3624 -2.00763 33
      vertex -28.1791 -2.65755 6
      vertex -28.1791 -2.65755 33
    endloop
  endfacet
  facet normal 0.555537 -0.831492 0
    outer loop
      vertex -15.5065 -7.3327 6
      vertex -14.945 -6.95755 33
      vertex -15.5065 -7.3327 33
    endloop
  endfacet
  facet normal 0.555537 -0.831492 0
    outer loop
      vertex -14.945 -6.95755 33
      vertex -15.5065 -7.3327 6
      vertex -14.945 -6.95755 6
    endloop
  endfacet
  facet normal -0.831439 -0.555616 0
    outer loop
      vertex -26.9575 -5.05495 6
      vertex -27.3327 -4.49349 33
      vertex -27.3327 -4.49349 6
    endloop
  endfacet
  facet normal -0.831439 -0.555616 0
    outer loop
      vertex -27.3327 -4.49349 33
      vertex -26.9575 -5.05495 6
      vertex -26.9575 -5.05495 33
    endloop
  endfacet
  facet normal 0.555537 0.831492 -0
    outer loop
      vertex -14.945 6.95755 6
      vertex -15.5065 7.3327 33
      vertex -14.945 6.95755 33
    endloop
  endfacet
  facet normal 0.555537 0.831492 0
    outer loop
      vertex -15.5065 7.3327 33
      vertex -14.945 6.95755 6
      vertex -15.5065 7.3327 6
    endloop
  endfacet
  facet normal 0.99923 -0.0392437 0
    outer loop
      vertex -11.4265 -0.674747 33
      vertex -11.4 0 6
      vertex -11.4 0 33
    endloop
  endfacet
  facet normal 0.99923 -0.0392437 0
    outer loop
      vertex -11.4 0 6
      vertex -11.4265 -0.674747 33
      vertex -11.4265 -0.674747 6
    endloop
  endfacet
  facet normal -0.418673 0.908137 0
    outer loop
      vertex -23.2911 7.94536 6
      vertex -23.9043 7.66266 33
      vertex -23.2911 7.94536 33
    endloop
  endfacet
  facet normal -0.418673 0.908137 0
    outer loop
      vertex -23.9043 7.66266 33
      vertex -23.2911 7.94536 6
      vertex -23.9043 7.66266 6
    endloop
  endfacet
  facet normal 0.346094 -0.9382 0
    outer loop
      vertex -17.3425 -8.17909 6
      vertex -16.7089 -7.94536 33
      vertex -17.3425 -8.17909 33
    endloop
  endfacet
  facet normal 0.346094 -0.9382 0
    outer loop
      vertex -16.7089 -7.94536 33
      vertex -17.3425 -8.17909 6
      vertex -16.7089 -7.94536 6
    endloop
  endfacet
  facet normal -0.418673 -0.908137 0
    outer loop
      vertex -23.9043 -7.66266 6
      vertex -23.2911 -7.94536 33
      vertex -23.9043 -7.66266 33
    endloop
  endfacet
  facet normal -0.418673 -0.908137 -0
    outer loop
      vertex -23.2911 -7.94536 33
      vertex -23.9043 -7.66266 6
      vertex -23.2911 -7.94536 6
    endloop
  endfacet
  facet normal 0.785356 -0.619044 0
    outer loop
      vertex -13.4605 -5.58525 33
      vertex -13.0425 -5.05495 6
      vertex -13.0425 -5.05495 33
    endloop
  endfacet
  facet normal 0.785356 -0.619044 0
    outer loop
      vertex -13.0425 -5.05495 6
      vertex -13.4605 -5.58525 33
      vertex -13.4605 -5.58525 6
    endloop
  endfacet
  facet normal -0.872465 -0.488676 0
    outer loop
      vertex -27.3327 -4.49349 6
      vertex -27.6627 -3.90432 33
      vertex -27.6627 -3.90432 6
    endloop
  endfacet
  facet normal -0.872465 -0.488676 0
    outer loop
      vertex -27.6627 -3.90432 33
      vertex -27.3327 -4.49349 6
      vertex -27.3327 -4.49349 33
    endloop
  endfacet
  facet normal 0.993063 -0.117581 0
    outer loop
      vertex -11.5059 -1.34534 33
      vertex -11.4265 -0.674747 6
      vertex -11.4265 -0.674747 33
    endloop
  endfacet
  facet normal 0.993063 -0.117581 0
    outer loop
      vertex -11.4265 -0.674747 6
      vertex -11.5059 -1.34534 33
      vertex -11.5059 -1.34534 6
    endloop
  endfacet
  facet normal 0.938202 -0.346089 0
    outer loop
      vertex -12.0546 -3.29108 33
      vertex -11.8209 -2.65755 6
      vertex -11.8209 -2.65755 33
    endloop
  endfacet
  facet normal 0.938202 -0.346089 0
    outer loop
      vertex -11.8209 -2.65755 6
      vertex -12.0546 -3.29108 33
      vertex -12.0546 -3.29108 6
    endloop
  endfacet
  facet normal 0.195091 0.980785 -0
    outer loop
      vertex -17.9924 8.36238 6
      vertex -18.6547 8.49412 33
      vertex -17.9924 8.36238 33
    endloop
  endfacet
  facet normal 0.195091 0.980785 0
    outer loop
      vertex -18.6547 8.49412 33
      vertex -17.9924 8.36238 6
      vertex -18.6547 8.49412 6
    endloop
  endfacet
  facet normal -0.619099 0.785313 0
    outer loop
      vertex -25.055 6.95755 6
      vertex -25.5853 6.53949 33
      vertex -25.055 6.95755 33
    endloop
  endfacet
  facet normal -0.619099 0.785313 0
    outer loop
      vertex -25.5853 6.53949 33
      vertex -25.055 6.95755 6
      vertex -25.5853 6.53949 6
    endloop
  endfacet
  facet normal 0.619099 0.785313 -0
    outer loop
      vertex -14.4147 6.53949 6
      vertex -14.945 6.95755 33
      vertex -14.4147 6.53949 33
    endloop
  endfacet
  facet normal 0.619099 0.785313 0
    outer loop
      vertex -14.945 6.95755 33
      vertex -14.4147 6.53949 6
      vertex -14.945 6.95755 6
    endloop
  endfacet
  facet normal 0.678846 0.73428 -0
    outer loop
      vertex -13.9189 6.08112 6
      vertex -14.4147 6.53949 33
      vertex -13.9189 6.08112 33
    endloop
  endfacet
  facet normal 0.678846 0.73428 0
    outer loop
      vertex -14.4147 6.53949 33
      vertex -13.9189 6.08112 6
      vertex -14.4147 6.53949 6
    endloop
  endfacet
  facet normal 0.831439 0.555616 0
    outer loop
      vertex -12.6673 4.49349 33
      vertex -13.0425 5.05495 6
      vertex -13.0425 5.05495 33
    endloop
  endfacet
  facet normal 0.831439 0.555616 0
    outer loop
      vertex -13.0425 5.05495 6
      vertex -12.6673 4.49349 33
      vertex -12.6673 4.49349 6
    endloop
  endfacet
  facet normal 0.418673 -0.908137 0
    outer loop
      vertex -16.7089 -7.94536 6
      vertex -16.0957 -7.66266 33
      vertex -16.7089 -7.94536 33
    endloop
  endfacet
  facet normal 0.418673 -0.908137 0
    outer loop
      vertex -16.0957 -7.66266 33
      vertex -16.7089 -7.94536 6
      vertex -16.0957 -7.66266 6
    endloop
  endfacet
  facet normal -0.993063 0.117581 0
    outer loop
      vertex -28.5735 0.674747 6
      vertex -28.4941 1.34534 33
      vertex -28.4941 1.34534 6
    endloop
  endfacet
  facet normal -0.993063 0.117581 0
    outer loop
      vertex -28.4941 1.34534 33
      vertex -28.5735 0.674747 6
      vertex -28.5735 0.674747 33
    endloop
  endfacet
  facet normal -0.346094 -0.9382 0
    outer loop
      vertex -23.2911 -7.94536 6
      vertex -22.6575 -8.17909 33
      vertex -23.2911 -7.94536 33
    endloop
  endfacet
  facet normal -0.346094 -0.9382 -0
    outer loop
      vertex -22.6575 -8.17909 33
      vertex -23.2911 -7.94536 6
      vertex -22.6575 -8.17909 6
    endloop
  endfacet
  facet normal -0.678846 -0.73428 0
    outer loop
      vertex -26.0811 -6.08112 6
      vertex -25.5853 -6.53949 33
      vertex -26.0811 -6.08112 33
    endloop
  endfacet
  facet normal -0.678846 -0.73428 -0
    outer loop
      vertex -25.5853 -6.53949 33
      vertex -26.0811 -6.08112 6
      vertex -25.5853 -6.53949 6
    endloop
  endfacet
  facet normal -0.117536 -0.993069 0
    outer loop
      vertex -21.3453 -8.49412 6
      vertex -20.6747 -8.57349 33
      vertex -21.3453 -8.49412 33
    endloop
  endfacet
  facet normal -0.117536 -0.993069 -0
    outer loop
      vertex -20.6747 -8.57349 33
      vertex -21.3453 -8.49412 6
      vertex -20.6747 -8.57349 6
    endloop
  endfacet
  facet normal 0.619099 -0.785313 0
    outer loop
      vertex -14.945 -6.95755 6
      vertex -14.4147 -6.53949 33
      vertex -14.945 -6.95755 33
    endloop
  endfacet
  facet normal 0.619099 -0.785313 0
    outer loop
      vertex -14.4147 -6.53949 33
      vertex -14.945 -6.95755 6
      vertex -14.4147 -6.53949 6
    endloop
  endfacet
  facet normal 0.678846 -0.73428 0
    outer loop
      vertex -14.4147 -6.53949 6
      vertex -13.9189 -6.08112 33
      vertex -14.4147 -6.53949 33
    endloop
  endfacet
  facet normal 0.678846 -0.73428 0
    outer loop
      vertex -13.9189 -6.08112 33
      vertex -14.4147 -6.53949 6
      vertex -13.9189 -6.08112 6
    endloop
  endfacet
  facet normal -0.619099 -0.785313 0
    outer loop
      vertex -25.5853 -6.53949 6
      vertex -25.055 -6.95755 33
      vertex -25.5853 -6.53949 33
    endloop
  endfacet
  facet normal -0.619099 -0.785313 -0
    outer loop
      vertex -25.055 -6.95755 33
      vertex -25.5853 -6.53949 6
      vertex -25.055 -6.95755 6
    endloop
  endfacet
  facet normal -0.908147 0.418651 0
    outer loop
      vertex -27.9454 3.29108 6
      vertex -27.6627 3.90432 33
      vertex -27.6627 3.90432 6
    endloop
  endfacet
  facet normal -0.908147 0.418651 0
    outer loop
      vertex -27.6627 3.90432 33
      vertex -27.9454 3.29108 6
      vertex -27.9454 3.29108 33
    endloop
  endfacet
  facet normal -0.195091 -0.980785 0
    outer loop
      vertex -22.0076 -8.36238 6
      vertex -21.3453 -8.49412 33
      vertex -22.0076 -8.36238 33
    endloop
  endfacet
  facet normal -0.195091 -0.980785 -0
    outer loop
      vertex -21.3453 -8.49412 33
      vertex -22.0076 -8.36238 6
      vertex -21.3453 -8.49412 6
    endloop
  endfacet
  facet normal -0.872465 0.488676 0
    outer loop
      vertex -27.6627 3.90432 6
      vertex -27.3327 4.49349 33
      vertex -27.3327 4.49349 6
    endloop
  endfacet
  facet normal -0.872465 0.488676 0
    outer loop
      vertex -27.3327 4.49349 33
      vertex -27.6627 3.90432 6
      vertex -27.6627 3.90432 33
    endloop
  endfacet
  facet normal -0.271439 -0.962456 0
    outer loop
      vertex -22.6575 -8.17909 6
      vertex -22.0076 -8.36238 33
      vertex -22.6575 -8.17909 33
    endloop
  endfacet
  facet normal -0.271439 -0.962456 -0
    outer loop
      vertex -22.0076 -8.36238 33
      vertex -22.6575 -8.17909 6
      vertex -22.0076 -8.36238 6
    endloop
  endfacet
  facet normal -0.980796 0.195037 0
    outer loop
      vertex -28.4941 1.34534 6
      vertex -28.3624 2.00763 33
      vertex -28.3624 2.00763 6
    endloop
  endfacet
  facet normal -0.980796 0.195037 0
    outer loop
      vertex -28.3624 2.00763 33
      vertex -28.4941 1.34534 6
      vertex -28.4941 1.34534 33
    endloop
  endfacet
  facet normal -0.488612 -0.872501 0
    outer loop
      vertex -24.4935 -7.3327 6
      vertex -23.9043 -7.66266 33
      vertex -24.4935 -7.3327 33
    endloop
  endfacet
  facet normal -0.488612 -0.872501 -0
    outer loop
      vertex -23.9043 -7.66266 33
      vertex -24.4935 -7.3327 6
      vertex -23.9043 -7.66266 6
    endloop
  endfacet
  facet normal 0.993063 0.117581 0
    outer loop
      vertex 28.5735 0.674747 33
      vertex 28.4941 1.34534 6
      vertex 28.4941 1.34534 33
    endloop
  endfacet
  facet normal 0.993063 0.117581 0
    outer loop
      vertex 28.4941 1.34534 6
      vertex 28.5735 0.674747 33
      vertex 28.5735 0.674747 6
    endloop
  endfacet
  facet normal 0.99923 0.0392437 0
    outer loop
      vertex 28.6 0 33
      vertex 28.5735 0.674747 6
      vertex 28.5735 0.674747 33
    endloop
  endfacet
  facet normal 0.99923 0.0392437 0
    outer loop
      vertex 28.5735 0.674747 6
      vertex 28.6 0 33
      vertex 28.6 0 6
    endloop
  endfacet
  facet normal 0.117536 -0.993069 0
    outer loop
      vertex 20.6747 -8.57349 6
      vertex 21.3453 -8.49412 33
      vertex 20.6747 -8.57349 33
    endloop
  endfacet
  facet normal 0.117536 -0.993069 0
    outer loop
      vertex 21.3453 -8.49412 33
      vertex 20.6747 -8.57349 6
      vertex 21.3453 -8.49412 6
    endloop
  endfacet
  facet normal 0.678846 0.73428 -0
    outer loop
      vertex 26.0811 6.08112 6
      vertex 25.5853 6.53949 33
      vertex 26.0811 6.08112 33
    endloop
  endfacet
  facet normal 0.678846 0.73428 0
    outer loop
      vertex 25.5853 6.53949 33
      vertex 26.0811 6.08112 6
      vertex 25.5853 6.53949 6
    endloop
  endfacet
  facet normal -0.938202 0.346089 0
    outer loop
      vertex 11.8209 2.65755 6
      vertex 12.0546 3.29108 33
      vertex 12.0546 3.29108 6
    endloop
  endfacet
  facet normal -0.938202 0.346089 0
    outer loop
      vertex 12.0546 3.29108 33
      vertex 11.8209 2.65755 6
      vertex 11.8209 2.65755 33
    endloop
  endfacet
  facet normal 0.271439 -0.962456 0
    outer loop
      vertex 22.0076 -8.36238 6
      vertex 22.6575 -8.17909 33
      vertex 22.0076 -8.36238 33
    endloop
  endfacet
  facet normal 0.271439 -0.962456 0
    outer loop
      vertex 22.6575 -8.17909 33
      vertex 22.0076 -8.36238 6
      vertex 22.6575 -8.17909 6
    endloop
  endfacet
  facet normal 0.488612 -0.872501 0
    outer loop
      vertex 23.9043 -7.66266 6
      vertex 24.4935 -7.3327 33
      vertex 23.9043 -7.66266 33
    endloop
  endfacet
  facet normal 0.488612 -0.872501 0
    outer loop
      vertex 24.4935 -7.3327 33
      vertex 23.9043 -7.66266 6
      vertex 24.4935 -7.3327 6
    endloop
  endfacet
  facet normal 0.117536 0.993069 -0
    outer loop
      vertex 21.3453 8.49412 6
      vertex 20.6747 8.57349 33
      vertex 21.3453 8.49412 33
    endloop
  endfacet
  facet normal 0.117536 0.993069 0
    outer loop
      vertex 20.6747 8.57349 33
      vertex 21.3453 8.49412 6
      vertex 20.6747 8.57349 6
    endloop
  endfacet
  facet normal -0.734306 0.678819 0
    outer loop
      vertex 13.4605 5.58525 6
      vertex 13.9189 6.08112 33
      vertex 13.9189 6.08112 6
    endloop
  endfacet
  facet normal -0.734306 0.678819 0
    outer loop
      vertex 13.9189 6.08112 33
      vertex 13.4605 5.58525 6
      vertex 13.4605 5.58525 33
    endloop
  endfacet
  facet normal 0.195091 -0.980785 0
    outer loop
      vertex 21.3453 -8.49412 6
      vertex 22.0076 -8.36238 33
      vertex 21.3453 -8.49412 33
    endloop
  endfacet
  facet normal 0.195091 -0.980785 0
    outer loop
      vertex 22.0076 -8.36238 33
      vertex 21.3453 -8.49412 6
      vertex 22.0076 -8.36238 6
    endloop
  endfacet
  facet normal -0.0392612 0.999229 0
    outer loop
      vertex 20 8.6 6
      vertex 19.3253 8.57349 33
      vertex 20 8.6 33
    endloop
  endfacet
  facet normal -0.0392612 0.999229 0
    outer loop
      vertex 19.3253 8.57349 33
      vertex 20 8.6 6
      vertex 19.3253 8.57349 6
    endloop
  endfacet
  facet normal 0.962454 0.271445 0
    outer loop
      vertex 28.3624 2.00763 33
      vertex 28.1791 2.65755 6
      vertex 28.1791 2.65755 33
    endloop
  endfacet
  facet normal 0.962454 0.271445 0
    outer loop
      vertex 28.1791 2.65755 6
      vertex 28.3624 2.00763 33
      vertex 28.3624 2.00763 6
    endloop
  endfacet
  facet normal -0.346094 0.9382 0
    outer loop
      vertex 17.3425 8.17909 6
      vertex 16.7089 7.94536 33
      vertex 17.3425 8.17909 33
    endloop
  endfacet
  facet normal -0.346094 0.9382 0
    outer loop
      vertex 16.7089 7.94536 33
      vertex 17.3425 8.17909 6
      vertex 16.7089 7.94536 6
    endloop
  endfacet
  facet normal 0.488612 0.872501 -0
    outer loop
      vertex 24.4935 7.3327 6
      vertex 23.9043 7.66266 33
      vertex 24.4935 7.3327 33
    endloop
  endfacet
  facet normal 0.488612 0.872501 0
    outer loop
      vertex 23.9043 7.66266 33
      vertex 24.4935 7.3327 6
      vertex 23.9043 7.66266 6
    endloop
  endfacet
  facet normal -0.938202 -0.346089 0
    outer loop
      vertex 12.0546 -3.29108 6
      vertex 11.8209 -2.65755 33
      vertex 11.8209 -2.65755 6
    endloop
  endfacet
  facet normal -0.938202 -0.346089 0
    outer loop
      vertex 11.8209 -2.65755 33
      vertex 12.0546 -3.29108 6
      vertex 12.0546 -3.29108 33
    endloop
  endfacet
  facet normal -0.734306 -0.678819 0
    outer loop
      vertex 13.9189 -6.08112 6
      vertex 13.4605 -5.58525 33
      vertex 13.4605 -5.58525 6
    endloop
  endfacet
  facet normal -0.734306 -0.678819 0
    outer loop
      vertex 13.4605 -5.58525 33
      vertex 13.9189 -6.08112 6
      vertex 13.9189 -6.08112 33
    endloop
  endfacet
  facet normal -0.555537 0.831492 0
    outer loop
      vertex 15.5065 7.3327 6
      vertex 14.945 6.95755 33
      vertex 15.5065 7.3327 33
    endloop
  endfacet
  facet normal -0.555537 0.831492 0
    outer loop
      vertex 14.945 6.95755 33
      vertex 15.5065 7.3327 6
      vertex 14.945 6.95755 6
    endloop
  endfacet
  facet normal -0.831439 0.555616 0
    outer loop
      vertex 12.6673 4.49349 6
      vertex 13.0425 5.05495 33
      vertex 13.0425 5.05495 6
    endloop
  endfacet
  facet normal -0.831439 0.555616 0
    outer loop
      vertex 13.0425 5.05495 33
      vertex 12.6673 4.49349 6
      vertex 12.6673 4.49349 33
    endloop
  endfacet
  facet normal 0.346094 0.9382 -0
    outer loop
      vertex 23.2911 7.94536 6
      vertex 22.6575 8.17909 33
      vertex 23.2911 7.94536 33
    endloop
  endfacet
  facet normal 0.346094 0.9382 0
    outer loop
      vertex 22.6575 8.17909 33
      vertex 23.2911 7.94536 6
      vertex 22.6575 8.17909 6
    endloop
  endfacet
  facet normal 0.0392612 -0.999229 0
    outer loop
      vertex 20 -8.6 6
      vertex 20.6747 -8.57349 33
      vertex 20 -8.6 33
    endloop
  endfacet
  facet normal 0.0392612 -0.999229 0
    outer loop
      vertex 20.6747 -8.57349 33
      vertex 20 -8.6 6
      vertex 20.6747 -8.57349 6
    endloop
  endfacet
  facet normal -0.99923 -0.0392437 0
    outer loop
      vertex 11.4265 -0.674747 6
      vertex 11.4 0 33
      vertex 11.4 0 6
    endloop
  endfacet
  facet normal -0.99923 -0.0392437 0
    outer loop
      vertex 11.4 0 33
      vertex 11.4265 -0.674747 6
      vertex 11.4265 -0.674747 33
    endloop
  endfacet
  facet normal 0.938202 0.346089 0
    outer loop
      vertex 28.1791 2.65755 33
      vertex 27.9454 3.29108 6
      vertex 27.9454 3.29108 33
    endloop
  endfacet
  facet normal 0.938202 0.346089 0
    outer loop
      vertex 27.9454 3.29108 6
      vertex 28.1791 2.65755 33
      vertex 28.1791 2.65755 6
    endloop
  endfacet
  facet normal 0 0 1
    outer loop
      vertex 25 0 33
      vertex 28.6 0 33
      vertex 28.5735 0.674747 33
    endloop
  endfacet
  facet normal 0 0 1
    outer loop
      vertex 24.9846 0.392295 33
      vertex 28.5735 0.674747 33
      vertex 28.4941 1.34534 33
    endloop
  endfacet
  facet normal 0 0 1
    outer loop
      vertex 28.6 0 33
      vertex 25 0 33
      vertex 28.5735 -0.674747 33
    endloop
  endfacet
  facet normal 0 0 1
    outer loop
      vertex 24.9384 0.782172 33
      vertex 28.4941 1.34534 33
      vertex 28.3624 2.00763 33
    endloop
  endfacet
  facet normal -0 0 1
    outer loop
      vertex 24.9846 -0.392295 33
      vertex 28.5735 -0.674747 33
      vertex 25 0 33
    endloop
  endfacet
  facet normal 0 0 1
    outer loop
      vertex 24.8618 1.16723 33
      vertex 28.3624 2.00763 33
      vertex 28.1791 2.65755 33
    endloop
  endfacet
  facet normal 0 0 1
    outer loop
      vertex 28.5735 -0.674747 33
      vertex 24.9846 -0.392295 33
      vertex 28.4941 -1.34534 33
    endloop
  endfacet
  facet normal 0 0 1
    outer loop
      vertex 24.7553 1.54508 33
      vertex 28.1791 2.65755 33
      vertex 27.9454 3.29108 33
    endloop
  endfacet
  facet normal -0 0 1
    outer loop
      vertex 24.9384 -0.782172 33
      vertex 28.4941 -1.34534 33
      vertex 24.9846 -0.392295 33
    endloop
  endfacet
  facet normal 0 0 1
    outer loop
      vertex 24.6194 1.91342 33
      vertex 27.9454 3.29108 33
      vertex 27.6627 3.90432 33
    endloop
  endfacet
  facet normal 0 0 1
    outer loop
      vertex 28.4941 -1.34534 33
      vertex 24.9384 -0.782172 33
      vertex 28.3624 -2.00763 33
    endloop
  endfacet
  facet normal 0 0 1
    outer loop
      vertex 24.455 2.26995 33
      vertex 27.6627 3.90432 33
      vertex 27.3327 4.49349 33
    endloop
  endfacet
  facet normal -0 0 1
    outer loop
      vertex 24.8618 -1.16723 33
      vertex 28.3624 -2.00763 33
      vertex 24.9384 -0.782172 33
    endloop
  endfacet
  facet normal 0 0 1
    outer loop
      vertex 24.2632 2.61249 33
      vertex 27.3327 4.49349 33
      vertex 26.9575 5.05495 33
    endloop
  endfacet
  facet normal 0 0 1
    outer loop
      vertex 28.3624 -2.00763 33
      vertex 24.8618 -1.16723 33
      vertex 28.1791 -2.65755 33
    endloop
  endfacet
  facet normal 0 0 1
    outer loop
      vertex 24.0451 2.93893 33
      vertex 26.9575 5.05495 33
      vertex 26.5395 5.58525 33
    endloop
  endfacet
  facet normal -0 0 1
    outer loop
      vertex 24.7553 -1.54508 33
      vertex 28.1791 -2.65755 33
      vertex 24.8618 -1.16723 33
    endloop
  endfacet
  facet normal 0 0 1
    outer loop
      vertex 23.802 3.24724 33
      vertex 26.5395 5.58525 33
      vertex 26.0811 6.08112 33
    endloop
  endfacet
  facet normal 0 0 1
    outer loop
      vertex 28.1791 -2.65755 33
      vertex 24.7553 -1.54508 33
      vertex 27.9454 -3.29108 33
    endloop
  endfacet
  facet normal 0 0 1
    outer loop
      vertex 23.5355 3.53553 33
      vertex 26.0811 6.08112 33
      vertex 25.5853 6.53949 33
    endloop
  endfacet
  facet normal -0 0 1
    outer loop
      vertex 24.6194 -1.91342 33
      vertex 27.9454 -3.29108 33
      vertex 24.7553 -1.54508 33
    endloop
  endfacet
  facet normal 0 0 1
    outer loop
      vertex 23.2472 3.80203 33
      vertex 25.5853 6.53949 33
      vertex 25.055 6.95755 33
    endloop
  endfacet
  facet normal 0 0 1
    outer loop
      vertex 27.9454 -3.29108 33
      vertex 24.6194 -1.91342 33
      vertex 27.6627 -3.90432 33
    endloop
  endfacet
  facet normal -0 0 1
    outer loop
      vertex 24.455 -2.26995 33
      vertex 27.6627 -3.90432 33
      vertex 24.6194 -1.91342 33
    endloop
  endfacet
  facet normal 0 0 1
    outer loop
      vertex 28.5735 0.674747 33
      vertex 24.9846 0.392295 33
      vertex 25 0 33
    endloop
  endfacet
  facet normal 0 0 1
    outer loop
      vertex 28.4941 1.34534 33
      vertex 24.9384 0.782172 33
      vertex 24.9846 0.392295 33
    endloop
  endfacet
  facet normal 0 0 1
    outer loop
      vertex 28.3624 2.00763 33
      vertex 24.8618 1.16723 33
      vertex 24.9384 0.782172 33
    endloop
  endfacet
  facet normal 0 0 1
    outer loop
      vertex 28.1791 2.65755 33
      vertex 24.7553 1.54508 33
      vertex 24.8618 1.16723 33
    endloop
  endfacet
  facet normal 0 0 1
    outer loop
      vertex 27.9454 3.29108 33
      vertex 24.6194 1.91342 33
      vertex 24.7553 1.54508 33
    endloop
  endfacet
  facet normal 0 0 1
    outer loop
      vertex 22.9389 4.04508 33
      vertex 25.055 6.95755 33
      vertex 24.4935 7.3327 33
    endloop
  endfacet
  facet normal 0 0 1
    outer loop
      vertex 27.6627 3.90432 33
      vertex 24.455 2.26995 33
      vertex 24.6194 1.91342 33
    endloop
  endfacet
  facet normal 0 0 1
    outer loop
      vertex 27.3327 4.49349 33
      vertex 24.2632 2.61249 33
      vertex 24.455 2.26995 33
    endloop
  endfacet
  facet normal 0 0 1
    outer loop
      vertex 26.9575 5.05495 33
      vertex 24.0451 2.93893 33
      vertex 24.2632 2.61249 33
    endloop
  endfacet
  facet normal 0 0 1
    outer loop
      vertex 22.6125 4.2632 33
      vertex 24.4935 7.3327 33
      vertex 23.9043 7.66266 33
    endloop
  endfacet
  facet normal 0 0 1
    outer loop
      vertex 26.5395 5.58525 33
      vertex 23.802 3.24724 33
      vertex 24.0451 2.93893 33
    endloop
  endfacet
  facet normal 0 0 1
    outer loop
      vertex 26.0811 6.08112 33
      vertex 23.5355 3.53553 33
      vertex 23.802 3.24724 33
    endloop
  endfacet
  facet normal 0 0 1
    outer loop
      vertex 22.27 4.45503 33
      vertex 23.9043 7.66266 33
      vertex 23.2911 7.94536 33
    endloop
  endfacet
  facet normal 0 0 1
    outer loop
      vertex 25.5853 6.53949 33
      vertex 23.2472 3.80203 33
      vertex 23.5355 3.53553 33
    endloop
  endfacet
  facet normal 0 0 1
    outer loop
      vertex 25.055 6.95755 33
      vertex 22.9389 4.04508 33
      vertex 23.2472 3.80203 33
    endloop
  endfacet
  facet normal 0 0 1
    outer loop
      vertex 21.9134 4.6194 33
      vertex 23.2911 7.94536 33
      vertex 22.6575 8.17909 33
    endloop
  endfacet
  facet normal 0 0 1
    outer loop
      vertex 24.4935 7.3327 33
      vertex 22.6125 4.2632 33
      vertex 22.9389 4.04508 33
    endloop
  endfacet
  facet normal 0 0 1
    outer loop
      vertex 23.9043 7.66266 33
      vertex 22.27 4.45503 33
      vertex 22.6125 4.2632 33
    endloop
  endfacet
  facet normal 0 0 1
    outer loop
      vertex 21.5451 4.75528 33
      vertex 22.6575 8.17909 33
      vertex 22.0076 8.36238 33
    endloop
  endfacet
  facet normal 0 0 1
    outer loop
      vertex 23.2911 7.94536 33
      vertex 21.9134 4.6194 33
      vertex 22.27 4.45503 33
    endloop
  endfacet
  facet normal 0 0 1
    outer loop
      vertex 22.6575 8.17909 33
      vertex 21.5451 4.75528 33
      vertex 21.9134 4.6194 33
    endloop
  endfacet
  facet normal 0 0 1
    outer loop
      vertex 21.1672 4.86185 33
      vertex 22.0076 8.36238 33
      vertex 21.3453 8.49412 33
    endloop
  endfacet
  facet normal 0 0 1
    outer loop
      vertex 22.0076 8.36238 33
      vertex 21.1672 4.86185 33
      vertex 21.5451 4.75528 33
    endloop
  endfacet
  facet normal 0 0 1
    outer loop
      vertex 21.3453 8.49412 33
      vertex 20.7822 4.93844 33
      vertex 21.1672 4.86185 33
    endloop
  endfacet
  facet normal 0 0 1
    outer loop
      vertex 20.6747 8.57349 33
      vertex 20.7822 4.93844 33
      vertex 21.3453 8.49412 33
    endloop
  endfacet
  facet normal 0 0 1
    outer loop
      vertex 20.6747 8.57349 33
      vertex 20.3923 4.98459 33
      vertex 20.7822 4.93844 33
    endloop
  endfacet
  facet normal 0 0 1
    outer loop
      vertex 20 8.6 33
      vertex 20.3923 4.98459 33
      vertex 20.6747 8.57349 33
    endloop
  endfacet
  facet normal 0 0 1
    outer loop
      vertex 20 8.6 33
      vertex 20 5 33
      vertex 20.3923 4.98459 33
    endloop
  endfacet
  facet normal 0 0 1
    outer loop
      vertex 20 8.6 33
      vertex 19.6077 4.98459 33
      vertex 20 5 33
    endloop
  endfacet
  facet normal -0 0 1
    outer loop
      vertex 19.3253 8.57349 33
      vertex 19.6077 4.98459 33
      vertex 20 8.6 33
    endloop
  endfacet
  facet normal 0 0 1
    outer loop
      vertex 19.3253 8.57349 33
      vertex 19.2178 4.93844 33
      vertex 19.6077 4.98459 33
    endloop
  endfacet
  facet normal -0 0 1
    outer loop
      vertex 18.6547 8.49412 33
      vertex 19.2178 4.93844 33
      vertex 19.3253 8.57349 33
    endloop
  endfacet
  facet normal 0 0 1
    outer loop
      vertex 19.2178 4.93844 33
      vertex 18.6547 8.49412 33
      vertex 18.8328 4.86185 33
    endloop
  endfacet
  facet normal -0 0 1
    outer loop
      vertex 17.9924 8.36238 33
      vertex 18.8328 4.86185 33
      vertex 18.6547 8.49412 33
    endloop
  endfacet
  facet normal 0 0 1
    outer loop
      vertex 18.8328 4.86185 33
      vertex 17.9924 8.36238 33
      vertex 18.4549 4.75528 33
    endloop
  endfacet
  facet normal -0 0 1
    outer loop
      vertex 17.3425 8.17909 33
      vertex 18.4549 4.75528 33
      vertex 17.9924 8.36238 33
    endloop
  endfacet
  facet normal 0 0 1
    outer loop
      vertex 18.4549 4.75528 33
      vertex 17.3425 8.17909 33
      vertex 18.0866 4.6194 33
    endloop
  endfacet
  facet normal -0 0 1
    outer loop
      vertex 16.7089 7.94536 33
      vertex 18.0866 4.6194 33
      vertex 17.3425 8.17909 33
    endloop
  endfacet
  facet normal 0 0 1
    outer loop
      vertex 18.0866 4.6194 33
      vertex 16.7089 7.94536 33
      vertex 17.73 4.45503 33
    endloop
  endfacet
  facet normal -0 0 1
    outer loop
      vertex 16.0957 7.66266 33
      vertex 17.73 4.45503 33
      vertex 16.7089 7.94536 33
    endloop
  endfacet
  facet normal 0 0 1
    outer loop
      vertex 17.73 4.45503 33
      vertex 16.0957 7.66266 33
      vertex 17.3875 4.2632 33
    endloop
  endfacet
  facet normal -0 0 1
    outer loop
      vertex 15.5065 7.3327 33
      vertex 17.3875 4.2632 33
      vertex 16.0957 7.66266 33
    endloop
  endfacet
  facet normal 0 0 1
    outer loop
      vertex 17.3875 4.2632 33
      vertex 15.5065 7.3327 33
      vertex 17.0611 4.04508 33
    endloop
  endfacet
  facet normal -0 0 1
    outer loop
      vertex 14.945 6.95755 33
      vertex 17.0611 4.04508 33
      vertex 15.5065 7.3327 33
    endloop
  endfacet
  facet normal 0 0 1
    outer loop
      vertex 17.0611 4.04508 33
      vertex 14.945 6.95755 33
      vertex 16.7528 3.80203 33
    endloop
  endfacet
  facet normal -0 0 1
    outer loop
      vertex 14.4147 6.53949 33
      vertex 16.7528 3.80203 33
      vertex 14.945 6.95755 33
    endloop
  endfacet
  facet normal 0 0 1
    outer loop
      vertex 16.7528 3.80203 33
      vertex 14.4147 6.53949 33
      vertex 16.4645 3.53553 33
    endloop
  endfacet
  facet normal -0 0 1
    outer loop
      vertex 13.9189 6.08112 33
      vertex 16.4645 3.53553 33
      vertex 14.4147 6.53949 33
    endloop
  endfacet
  facet normal 0 0 1
    outer loop
      vertex 16.4645 3.53553 33
      vertex 13.9189 6.08112 33
      vertex 16.198 3.24724 33
    endloop
  endfacet
  facet normal -0 0 1
    outer loop
      vertex 13.4605 5.58525 33
      vertex 16.198 3.24724 33
      vertex 13.9189 6.08112 33
    endloop
  endfacet
  facet normal 0 0 1
    outer loop
      vertex 16.198 3.24724 33
      vertex 13.4605 5.58525 33
      vertex 15.9549 2.93893 33
    endloop
  endfacet
  facet normal -0 0 1
    outer loop
      vertex 13.0425 5.05495 33
      vertex 15.9549 2.93893 33
      vertex 13.4605 5.58525 33
    endloop
  endfacet
  facet normal 0 0 1
    outer loop
      vertex 15.9549 2.93893 33
      vertex 13.0425 5.05495 33
      vertex 15.7368 2.61249 33
    endloop
  endfacet
  facet normal -0 0 1
    outer loop
      vertex 12.6673 4.49349 33
      vertex 15.7368 2.61249 33
      vertex 13.0425 5.05495 33
    endloop
  endfacet
  facet normal -0 0 1
    outer loop
      vertex 12.3373 3.90432 33
      vertex 15.545 2.26995 33
      vertex 12.6673 4.49349 33
    endloop
  endfacet
  facet normal 0 0 1
    outer loop
      vertex 15.7368 2.61249 33
      vertex 12.6673 4.49349 33
      vertex 15.545 2.26995 33
    endloop
  endfacet
  facet normal 0 0 1
    outer loop
      vertex 27.6627 -3.90432 33
      vertex 24.455 -2.26995 33
      vertex 27.3327 -4.49349 33
    endloop
  endfacet
  facet normal -0 0 1
    outer loop
      vertex 24.2632 -2.61249 33
      vertex 27.3327 -4.49349 33
      vertex 24.455 -2.26995 33
    endloop
  endfacet
  facet normal 0 0 1
    outer loop
      vertex 27.3327 -4.49349 33
      vertex 24.2632 -2.61249 33
      vertex 26.9575 -5.05495 33
    endloop
  endfacet
  facet normal -0 0 1
    outer loop
      vertex 24.0451 -2.93893 33
      vertex 26.9575 -5.05495 33
      vertex 24.2632 -2.61249 33
    endloop
  endfacet
  facet normal 0 0 1
    outer loop
      vertex 26.9575 -5.05495 33
      vertex 24.0451 -2.93893 33
      vertex 26.5395 -5.58525 33
    endloop
  endfacet
  facet normal -0 0 1
    outer loop
      vertex 23.802 -3.24724 33
      vertex 26.5395 -5.58525 33
      vertex 24.0451 -2.93893 33
    endloop
  endfacet
  facet normal 0 0 1
    outer loop
      vertex 26.5395 -5.58525 33
      vertex 23.802 -3.24724 33
      vertex 26.0811 -6.08112 33
    endloop
  endfacet
  facet normal -0 0 1
    outer loop
      vertex 23.5355 -3.53553 33
      vertex 26.0811 -6.08112 33
      vertex 23.802 -3.24724 33
    endloop
  endfacet
  facet normal 0 0 1
    outer loop
      vertex 26.0811 -6.08112 33
      vertex 23.5355 -3.53553 33
      vertex 25.5853 -6.53949 33
    endloop
  endfacet
  facet normal -0 0 1
    outer loop
      vertex 23.2472 -3.80203 33
      vertex 25.5853 -6.53949 33
      vertex 23.5355 -3.53553 33
    endloop
  endfacet
  facet normal 0 0 1
    outer loop
      vertex 25.5853 -6.53949 33
      vertex 23.2472 -3.80203 33
      vertex 25.055 -6.95755 33
    endloop
  endfacet
  facet normal -0 0 1
    outer loop
      vertex 22.9389 -4.04508 33
      vertex 25.055 -6.95755 33
      vertex 23.2472 -3.80203 33
    endloop
  endfacet
  facet normal 0 0 1
    outer loop
      vertex 25.055 -6.95755 33
      vertex 22.9389 -4.04508 33
      vertex 24.4935 -7.3327 33
    endloop
  endfacet
  facet normal -0 0 1
    outer loop
      vertex 22.6125 -4.2632 33
      vertex 24.4935 -7.3327 33
      vertex 22.9389 -4.04508 33
    endloop
  endfacet
  facet normal 0 0 1
    outer loop
      vertex 24.4935 -7.3327 33
      vertex 22.6125 -4.2632 33
      vertex 23.9043 -7.66266 33
    endloop
  endfacet
  facet normal -0 0 1
    outer loop
      vertex 22.27 -4.45503 33
      vertex 23.9043 -7.66266 33
      vertex 22.6125 -4.2632 33
    endloop
  endfacet
  facet normal 0 0 1
    outer loop
      vertex 23.9043 -7.66266 33
      vertex 22.27 -4.45503 33
      vertex 23.2911 -7.94536 33
    endloop
  endfacet
  facet normal -0 0 1
    outer loop
      vertex 21.9134 -4.6194 33
      vertex 23.2911 -7.94536 33
      vertex 22.27 -4.45503 33
    endloop
  endfacet
  facet normal 0 0 1
    outer loop
      vertex 23.2911 -7.94536 33
      vertex 21.9134 -4.6194 33
      vertex 22.6575 -8.17909 33
    endloop
  endfacet
  facet normal -0 0 1
    outer loop
      vertex 21.5451 -4.75528 33
      vertex 22.6575 -8.17909 33
      vertex 21.9134 -4.6194 33
    endloop
  endfacet
  facet normal 0 0 1
    outer loop
      vertex 22.6575 -8.17909 33
      vertex 21.5451 -4.75528 33
      vertex 22.0076 -8.36238 33
    endloop
  endfacet
  facet normal -0 0 1
    outer loop
      vertex 21.1672 -4.86185 33
      vertex 22.0076 -8.36238 33
      vertex 21.5451 -4.75528 33
    endloop
  endfacet
  facet normal 0 0 1
    outer loop
      vertex 22.0076 -8.36238 33
      vertex 21.1672 -4.86185 33
      vertex 21.3453 -8.49412 33
    endloop
  endfacet
  facet normal -0 0 1
    outer loop
      vertex 20.7822 -4.93844 33
      vertex 21.3453 -8.49412 33
      vertex 21.1672 -4.86185 33
    endloop
  endfacet
  facet normal 0 0 1
    outer loop
      vertex 20.7822 -4.93844 33
      vertex 20.6747 -8.57349 33
      vertex 21.3453 -8.49412 33
    endloop
  endfacet
  facet normal -0 0 1
    outer loop
      vertex 20.3923 -4.98459 33
      vertex 20.6747 -8.57349 33
      vertex 20.7822 -4.93844 33
    endloop
  endfacet
  facet normal -0 0 1
    outer loop
      vertex 20 -5 33
      vertex 20.6747 -8.57349 33
      vertex 20.3923 -4.98459 33
    endloop
  endfacet
  facet normal 0 0 1
    outer loop
      vertex 20 -5 33
      vertex 20 -8.6 33
      vertex 20.6747 -8.57349 33
    endloop
  endfacet
  facet normal 0 0 1
    outer loop
      vertex 19.6077 -4.98459 33
      vertex 20 -8.6 33
      vertex 20 -5 33
    endloop
  endfacet
  facet normal 0 0 1
    outer loop
      vertex 19.6077 -4.98459 33
      vertex 19.3253 -8.57349 33
      vertex 20 -8.6 33
    endloop
  endfacet
  facet normal 0 0 1
    outer loop
      vertex 19.2178 -4.93844 33
      vertex 19.3253 -8.57349 33
      vertex 19.6077 -4.98459 33
    endloop
  endfacet
  facet normal 0 0 1
    outer loop
      vertex 18.6547 -8.49412 33
      vertex 19.2178 -4.93844 33
      vertex 18.8328 -4.86185 33
    endloop
  endfacet
  facet normal 0 0 1
    outer loop
      vertex 19.2178 -4.93844 33
      vertex 18.6547 -8.49412 33
      vertex 19.3253 -8.57349 33
    endloop
  endfacet
  facet normal 0 0 1
    outer loop
      vertex 17.9924 -8.36238 33
      vertex 18.8328 -4.86185 33
      vertex 18.4549 -4.75528 33
    endloop
  endfacet
  facet normal 0 0 1
    outer loop
      vertex 17.3425 -8.17909 33
      vertex 18.4549 -4.75528 33
      vertex 18.0866 -4.6194 33
    endloop
  endfacet
  facet normal 0 0 1
    outer loop
      vertex 18.8328 -4.86185 33
      vertex 17.9924 -8.36238 33
      vertex 18.6547 -8.49412 33
    endloop
  endfacet
  facet normal 0 0 1
    outer loop
      vertex 16.7089 -7.94536 33
      vertex 18.0866 -4.6194 33
      vertex 17.73 -4.45503 33
    endloop
  endfacet
  facet normal 0 0 1
    outer loop
      vertex 16.0957 -7.66266 33
      vertex 17.73 -4.45503 33
      vertex 17.3875 -4.2632 33
    endloop
  endfacet
  facet normal 0 0 1
    outer loop
      vertex 18.4549 -4.75528 33
      vertex 17.3425 -8.17909 33
      vertex 17.9924 -8.36238 33
    endloop
  endfacet
  facet normal 0 0 1
    outer loop
      vertex 15.5065 -7.3327 33
      vertex 17.3875 -4.2632 33
      vertex 17.0611 -4.04508 33
    endloop
  endfacet
  facet normal 0 0 1
    outer loop
      vertex 14.945 -6.95755 33
      vertex 17.0611 -4.04508 33
      vertex 16.7528 -3.80203 33
    endloop
  endfacet
  facet normal 0 0 1
    outer loop
      vertex 18.0866 -4.6194 33
      vertex 16.7089 -7.94536 33
      vertex 17.3425 -8.17909 33
    endloop
  endfacet
  facet normal 0 0 1
    outer loop
      vertex 14.4147 -6.53949 33
      vertex 16.7528 -3.80203 33
      vertex 16.4645 -3.53553 33
    endloop
  endfacet
  facet normal 0 0 1
    outer loop
      vertex 13.9189 -6.08112 33
      vertex 16.4645 -3.53553 33
      vertex 16.198 -3.24724 33
    endloop
  endfacet
  facet normal 0 0 1
    outer loop
      vertex 17.73 -4.45503 33
      vertex 16.0957 -7.66266 33
      vertex 16.7089 -7.94536 33
    endloop
  endfacet
  facet normal 0 0 1
    outer loop
      vertex 13.4605 -5.58525 33
      vertex 16.198 -3.24724 33
      vertex 15.9549 -2.93893 33
    endloop
  endfacet
  facet normal 0 0 1
    outer loop
      vertex 13.0425 -5.05495 33
      vertex 15.9549 -2.93893 33
      vertex 15.7368 -2.61249 33
    endloop
  endfacet
  facet normal 0 0 1
    outer loop
      vertex 12.6673 -4.49349 33
      vertex 15.7368 -2.61249 33
      vertex 15.545 -2.26995 33
    endloop
  endfacet
  facet normal 0 0 1
    outer loop
      vertex 17.3875 -4.2632 33
      vertex 15.5065 -7.3327 33
      vertex 16.0957 -7.66266 33
    endloop
  endfacet
  facet normal 0 0 1
    outer loop
      vertex 12.3373 -3.90432 33
      vertex 15.545 -2.26995 33
      vertex 15.3806 -1.91342 33
    endloop
  endfacet
  facet normal 0 0 1
    outer loop
      vertex 12.0546 -3.29108 33
      vertex 15.3806 -1.91342 33
      vertex 15.2447 -1.54508 33
    endloop
  endfacet
  facet normal 0 0 1
    outer loop
      vertex 11.8209 -2.65755 33
      vertex 15.2447 -1.54508 33
      vertex 15.1382 -1.16723 33
    endloop
  endfacet
  facet normal 0 0 1
    outer loop
      vertex 11.6376 -2.00763 33
      vertex 15.1382 -1.16723 33
      vertex 15.0616 -0.782172 33
    endloop
  endfacet
  facet normal 0 0 1
    outer loop
      vertex 11.5059 -1.34534 33
      vertex 15.0616 -0.782172 33
      vertex 15.0154 -0.392295 33
    endloop
  endfacet
  facet normal 0 0 1
    outer loop
      vertex 17.0611 -4.04508 33
      vertex 14.945 -6.95755 33
      vertex 15.5065 -7.3327 33
    endloop
  endfacet
  facet normal 0 0 1
    outer loop
      vertex 11.4265 -0.674747 33
      vertex 15.0154 -0.392295 33
      vertex 15 0 33
    endloop
  endfacet
  facet normal 0 0 1
    outer loop
      vertex 15.545 2.26995 33
      vertex 12.3373 3.90432 33
      vertex 15.3806 1.91342 33
    endloop
  endfacet
  facet normal -0 0 1
    outer loop
      vertex 12.0546 3.29108 33
      vertex 15.3806 1.91342 33
      vertex 12.3373 3.90432 33
    endloop
  endfacet
  facet normal 0 0 1
    outer loop
      vertex 16.7528 -3.80203 33
      vertex 14.4147 -6.53949 33
      vertex 14.945 -6.95755 33
    endloop
  endfacet
  facet normal 0 0 1
    outer loop
      vertex 15.3806 1.91342 33
      vertex 12.0546 3.29108 33
      vertex 15.2447 1.54508 33
    endloop
  endfacet
  facet normal 0 0 1
    outer loop
      vertex 16.4645 -3.53553 33
      vertex 13.9189 -6.08112 33
      vertex 14.4147 -6.53949 33
    endloop
  endfacet
  facet normal -0 0 1
    outer loop
      vertex 11.8209 2.65755 33
      vertex 15.2447 1.54508 33
      vertex 12.0546 3.29108 33
    endloop
  endfacet
  facet normal 0 0 1
    outer loop
      vertex 16.198 -3.24724 33
      vertex 13.4605 -5.58525 33
      vertex 13.9189 -6.08112 33
    endloop
  endfacet
  facet normal 0 0 1
    outer loop
      vertex 15.2447 1.54508 33
      vertex 11.8209 2.65755 33
      vertex 15.1382 1.16723 33
    endloop
  endfacet
  facet normal 0 0 1
    outer loop
      vertex 15.9549 -2.93893 33
      vertex 13.0425 -5.05495 33
      vertex 13.4605 -5.58525 33
    endloop
  endfacet
  facet normal -0 0 1
    outer loop
      vertex 11.6376 2.00763 33
      vertex 15.1382 1.16723 33
      vertex 11.8209 2.65755 33
    endloop
  endfacet
  facet normal 0 0 1
    outer loop
      vertex 15.7368 -2.61249 33
      vertex 12.6673 -4.49349 33
      vertex 13.0425 -5.05495 33
    endloop
  endfacet
  facet normal 0 0 1
    outer loop
      vertex 15.1382 1.16723 33
      vertex 11.6376 2.00763 33
      vertex 15.0616 0.782172 33
    endloop
  endfacet
  facet normal 0 0 1
    outer loop
      vertex 15.545 -2.26995 33
      vertex 12.3373 -3.90432 33
      vertex 12.6673 -4.49349 33
    endloop
  endfacet
  facet normal -0 0 1
    outer loop
      vertex 11.5059 1.34534 33
      vertex 15.0616 0.782172 33
      vertex 11.6376 2.00763 33
    endloop
  endfacet
  facet normal 0 0 1
    outer loop
      vertex 15.3806 -1.91342 33
      vertex 12.0546 -3.29108 33
      vertex 12.3373 -3.90432 33
    endloop
  endfacet
  facet normal 0 0 1
    outer loop
      vertex 15.0616 0.782172 33
      vertex 11.5059 1.34534 33
      vertex 15.0154 0.392295 33
    endloop
  endfacet
  facet normal 0 0 1
    outer loop
      vertex 15.2447 -1.54508 33
      vertex 11.8209 -2.65755 33
      vertex 12.0546 -3.29108 33
    endloop
  endfacet
  facet normal -0 0 1
    outer loop
      vertex 11.4265 0.674747 33
      vertex 15.0154 0.392295 33
      vertex 11.5059 1.34534 33
    endloop
  endfacet
  facet normal 0 0 1
    outer loop
      vertex 15.1382 -1.16723 33
      vertex 11.6376 -2.00763 33
      vertex 11.8209 -2.65755 33
    endloop
  endfacet
  facet normal 0 0 1
    outer loop
      vertex 15.0154 0.392295 33
      vertex 11.4265 0.674747 33
      vertex 15 0 33
    endloop
  endfacet
  facet normal 0 0 1
    outer loop
      vertex 15.0616 -0.782172 33
      vertex 11.5059 -1.34534 33
      vertex 11.6376 -2.00763 33
    endloop
  endfacet
  facet normal 0 0 1
    outer loop
      vertex 11.4 0 33
      vertex 15 0 33
      vertex 11.4265 0.674747 33
    endloop
  endfacet
  facet normal 0 0 1
    outer loop
      vertex 15.0154 -0.392295 33
      vertex 11.4265 -0.674747 33
      vertex 11.5059 -1.34534 33
    endloop
  endfacet
  facet normal 0 0 1
    outer loop
      vertex 15 0 33
      vertex 11.4 0 33
      vertex 11.4265 -0.674747 33
    endloop
  endfacet
  facet normal 0.418673 0.908137 -0
    outer loop
      vertex 23.9043 7.66266 6
      vertex 23.2911 7.94536 33
      vertex 23.9043 7.66266 33
    endloop
  endfacet
  facet normal 0.418673 0.908137 0
    outer loop
      vertex 23.2911 7.94536 33
      vertex 23.9043 7.66266 6
      vertex 23.2911 7.94536 6
    endloop
  endfacet
  facet normal 0.831439 -0.555616 0
    outer loop
      vertex 26.9575 -5.05495 33
      vertex 27.3327 -4.49349 6
      vertex 27.3327 -4.49349 33
    endloop
  endfacet
  facet normal 0.831439 -0.555616 0
    outer loop
      vertex 27.3327 -4.49349 6
      vertex 26.9575 -5.05495 33
      vertex 26.9575 -5.05495 6
    endloop
  endfacet
  facet normal 0.962454 -0.271445 0
    outer loop
      vertex 28.1791 -2.65755 33
      vertex 28.3624 -2.00763 6
      vertex 28.3624 -2.00763 33
    endloop
  endfacet
  facet normal 0.962454 -0.271445 0
    outer loop
      vertex 28.3624 -2.00763 6
      vertex 28.1791 -2.65755 33
      vertex 28.1791 -2.65755 6
    endloop
  endfacet
  facet normal -0.678846 0.73428 0
    outer loop
      vertex 14.4147 6.53949 6
      vertex 13.9189 6.08112 33
      vertex 14.4147 6.53949 33
    endloop
  endfacet
  facet normal -0.678846 0.73428 0
    outer loop
      vertex 13.9189 6.08112 33
      vertex 14.4147 6.53949 6
      vertex 13.9189 6.08112 6
    endloop
  endfacet
  facet normal 0.734306 0.678819 0
    outer loop
      vertex 26.5395 5.58525 33
      vertex 26.0811 6.08112 6
      vertex 26.0811 6.08112 33
    endloop
  endfacet
  facet normal 0.734306 0.678819 0
    outer loop
      vertex 26.0811 6.08112 6
      vertex 26.5395 5.58525 33
      vertex 26.5395 5.58525 6
    endloop
  endfacet
  facet normal -0.0392612 -0.999229 0
    outer loop
      vertex 19.3253 -8.57349 6
      vertex 20 -8.6 33
      vertex 19.3253 -8.57349 33
    endloop
  endfacet
  facet normal -0.0392612 -0.999229 -0
    outer loop
      vertex 20 -8.6 33
      vertex 19.3253 -8.57349 6
      vertex 20 -8.6 6
    endloop
  endfacet
  facet normal -0.962454 0.271445 0
    outer loop
      vertex 11.6376 2.00763 6
      vertex 11.8209 2.65755 33
      vertex 11.8209 2.65755 6
    endloop
  endfacet
  facet normal -0.962454 0.271445 0
    outer loop
      vertex 11.8209 2.65755 33
      vertex 11.6376 2.00763 6
      vertex 11.6376 2.00763 33
    endloop
  endfacet
  facet normal -0.785356 0.619044 0
    outer loop
      vertex 13.0425 5.05495 6
      vertex 13.4605 5.58525 33
      vertex 13.4605 5.58525 6
    endloop
  endfacet
  facet normal -0.785356 0.619044 0
    outer loop
      vertex 13.4605 5.58525 33
      vertex 13.0425 5.05495 6
      vertex 13.0425 5.05495 33
    endloop
  endfacet
  facet normal 0.785356 0.619044 0
    outer loop
      vertex 26.9575 5.05495 33
      vertex 26.5395 5.58525 6
      vertex 26.5395 5.58525 33
    endloop
  endfacet
  facet normal 0.785356 0.619044 0
    outer loop
      vertex 26.5395 5.58525 6
      vertex 26.9575 5.05495 33
      vertex 26.9575 5.05495 6
    endloop
  endfacet
  facet normal -0.908147 -0.418651 0
    outer loop
      vertex 12.3373 -3.90432 6
      vertex 12.0546 -3.29108 33
      vertex 12.0546 -3.29108 6
    endloop
  endfacet
  facet normal -0.908147 -0.418651 0
    outer loop
      vertex 12.0546 -3.29108 33
      vertex 12.3373 -3.90432 6
      vertex 12.3373 -3.90432 33
    endloop
  endfacet
  facet normal -0.555537 -0.831492 0
    outer loop
      vertex 14.945 -6.95755 6
      vertex 15.5065 -7.3327 33
      vertex 14.945 -6.95755 33
    endloop
  endfacet
  facet normal -0.555537 -0.831492 -0
    outer loop
      vertex 15.5065 -7.3327 33
      vertex 14.945 -6.95755 6
      vertex 15.5065 -7.3327 6
    endloop
  endfacet
  facet normal -0.117536 0.993069 0
    outer loop
      vertex 19.3253 8.57349 6
      vertex 18.6547 8.49412 33
      vertex 19.3253 8.57349 33
    endloop
  endfacet
  facet normal -0.117536 0.993069 0
    outer loop
      vertex 18.6547 8.49412 33
      vertex 19.3253 8.57349 6
      vertex 18.6547 8.49412 6
    endloop
  endfacet
  facet normal 0.980796 -0.195037 0
    outer loop
      vertex 28.3624 -2.00763 33
      vertex 28.4941 -1.34534 6
      vertex 28.4941 -1.34534 33
    endloop
  endfacet
  facet normal 0.980796 -0.195037 0
    outer loop
      vertex 28.4941 -1.34534 6
      vertex 28.3624 -2.00763 33
      vertex 28.3624 -2.00763 6
    endloop
  endfacet
  facet normal -0.785356 -0.619044 0
    outer loop
      vertex 13.4605 -5.58525 6
      vertex 13.0425 -5.05495 33
      vertex 13.0425 -5.05495 6
    endloop
  endfacet
  facet normal -0.785356 -0.619044 0
    outer loop
      vertex 13.0425 -5.05495 33
      vertex 13.4605 -5.58525 6
      vertex 13.4605 -5.58525 33
    endloop
  endfacet
  facet normal 0.271439 0.962456 -0
    outer loop
      vertex 22.6575 8.17909 6
      vertex 22.0076 8.36238 33
      vertex 22.6575 8.17909 33
    endloop
  endfacet
  facet normal 0.271439 0.962456 0
    outer loop
      vertex 22.0076 8.36238 33
      vertex 22.6575 8.17909 6
      vertex 22.0076 8.36238 6
    endloop
  endfacet
  facet normal 0.908147 -0.418651 0
    outer loop
      vertex 27.6627 -3.90432 33
      vertex 27.9454 -3.29108 6
      vertex 27.9454 -3.29108 33
    endloop
  endfacet
  facet normal 0.908147 -0.418651 0
    outer loop
      vertex 27.9454 -3.29108 6
      vertex 27.6627 -3.90432 33
      vertex 27.6627 -3.90432 6
    endloop
  endfacet
  facet normal -0.980796 -0.195037 0
    outer loop
      vertex 11.6376 -2.00763 6
      vertex 11.5059 -1.34534 33
      vertex 11.5059 -1.34534 6
    endloop
  endfacet
  facet normal -0.980796 -0.195037 0
    outer loop
      vertex 11.5059 -1.34534 33
      vertex 11.6376 -2.00763 6
      vertex 11.6376 -2.00763 33
    endloop
  endfacet
  facet normal 0.0392612 0.999229 -0
    outer loop
      vertex 20.6747 8.57349 6
      vertex 20 8.6 33
      vertex 20.6747 8.57349 33
    endloop
  endfacet
  facet normal 0.0392612 0.999229 0
    outer loop
      vertex 20 8.6 33
      vertex 20.6747 8.57349 6
      vertex 20 8.6 6
    endloop
  endfacet
  facet normal 0.872465 -0.488676 0
    outer loop
      vertex 27.3327 -4.49349 33
      vertex 27.6627 -3.90432 6
      vertex 27.6627 -3.90432 33
    endloop
  endfacet
  facet normal 0.872465 -0.488676 0
    outer loop
      vertex 27.6627 -3.90432 6
      vertex 27.3327 -4.49349 33
      vertex 27.3327 -4.49349 6
    endloop
  endfacet
  facet normal -0.195091 0.980785 0
    outer loop
      vertex 18.6547 8.49412 6
      vertex 17.9924 8.36238 33
      vertex 18.6547 8.49412 33
    endloop
  endfacet
  facet normal -0.195091 0.980785 0
    outer loop
      vertex 17.9924 8.36238 33
      vertex 18.6547 8.49412 6
      vertex 17.9924 8.36238 6
    endloop
  endfacet
  facet normal -0.99923 0.0392437 0
    outer loop
      vertex 11.4 0 6
      vertex 11.4265 0.674747 33
      vertex 11.4265 0.674747 6
    endloop
  endfacet
  facet normal -0.99923 0.0392437 0
    outer loop
      vertex 11.4265 0.674747 33
      vertex 11.4 0 6
      vertex 11.4 0 33
    endloop
  endfacet
  facet normal 0.980796 0.195037 0
    outer loop
      vertex 28.4941 1.34534 33
      vertex 28.3624 2.00763 6
      vertex 28.3624 2.00763 33
    endloop
  endfacet
  facet normal 0.980796 0.195037 0
    outer loop
      vertex 28.3624 2.00763 6
      vertex 28.4941 1.34534 33
      vertex 28.4941 1.34534 6
    endloop
  endfacet
  facet normal 0.908147 0.418651 0
    outer loop
      vertex 27.9454 3.29108 33
      vertex 27.6627 3.90432 6
      vertex 27.6627 3.90432 33
    endloop
  endfacet
  facet normal 0.908147 0.418651 0
    outer loop
      vertex 27.6627 3.90432 6
      vertex 27.9454 3.29108 33
      vertex 27.9454 3.29108 6
    endloop
  endfacet
  facet normal -0.488612 0.872501 0
    outer loop
      vertex 16.0957 7.66266 6
      vertex 15.5065 7.3327 33
      vertex 16.0957 7.66266 33
    endloop
  endfacet
  facet normal -0.488612 0.872501 0
    outer loop
      vertex 15.5065 7.3327 33
      vertex 16.0957 7.66266 6
      vertex 15.5065 7.3327 6
    endloop
  endfacet
  facet normal -0.271439 0.962456 0
    outer loop
      vertex 17.9924 8.36238 6
      vertex 17.3425 8.17909 33
      vertex 17.9924 8.36238 33
    endloop
  endfacet
  facet normal -0.271439 0.962456 0
    outer loop
      vertex 17.3425 8.17909 33
      vertex 17.9924 8.36238 6
      vertex 17.3425 8.17909 6
    endloop
  endfacet
  facet normal -0.993063 -0.117581 0
    outer loop
      vertex 11.5059 -1.34534 6
      vertex 11.4265 -0.674747 33
      vertex 11.4265 -0.674747 6
    endloop
  endfacet
  facet normal -0.993063 -0.117581 0
    outer loop
      vertex 11.4265 -0.674747 33
      vertex 11.5059 -1.34534 6
      vertex 11.5059 -1.34534 33
    endloop
  endfacet
  facet normal 0.872465 0.488676 0
    outer loop
      vertex 27.6627 3.90432 33
      vertex 27.3327 4.49349 6
      vertex 27.3327 4.49349 33
    endloop
  endfacet
  facet normal 0.872465 0.488676 0
    outer loop
      vertex 27.3327 4.49349 6
      vertex 27.6627 3.90432 33
      vertex 27.6627 3.90432 6
    endloop
  endfacet
  facet normal 0.734306 -0.678819 0
    outer loop
      vertex 26.0811 -6.08112 33
      vertex 26.5395 -5.58525 6
      vertex 26.5395 -5.58525 33
    endloop
  endfacet
  facet normal 0.734306 -0.678819 0
    outer loop
      vertex 26.5395 -5.58525 6
      vertex 26.0811 -6.08112 33
      vertex 26.0811 -6.08112 6
    endloop
  endfacet
  facet normal -0.962454 -0.271445 0
    outer loop
      vertex 11.8209 -2.65755 6
      vertex 11.6376 -2.00763 33
      vertex 11.6376 -2.00763 6
    endloop
  endfacet
  facet normal -0.962454 -0.271445 0
    outer loop
      vertex 11.6376 -2.00763 33
      vertex 11.8209 -2.65755 6
      vertex 11.8209 -2.65755 33
    endloop
  endfacet
  facet normal 0.555537 -0.831492 0
    outer loop
      vertex 24.4935 -7.3327 6
      vertex 25.055 -6.95755 33
      vertex 24.4935 -7.3327 33
    endloop
  endfacet
  facet normal 0.555537 -0.831492 0
    outer loop
      vertex 25.055 -6.95755 33
      vertex 24.4935 -7.3327 6
      vertex 25.055 -6.95755 6
    endloop
  endfacet
  facet normal -0.831439 -0.555616 0
    outer loop
      vertex 13.0425 -5.05495 6
      vertex 12.6673 -4.49349 33
      vertex 12.6673 -4.49349 6
    endloop
  endfacet
  facet normal -0.831439 -0.555616 0
    outer loop
      vertex 12.6673 -4.49349 33
      vertex 13.0425 -5.05495 6
      vertex 13.0425 -5.05495 33
    endloop
  endfacet
  facet normal 0.555537 0.831492 -0
    outer loop
      vertex 25.055 6.95755 6
      vertex 24.4935 7.3327 33
      vertex 25.055 6.95755 33
    endloop
  endfacet
  facet normal 0.555537 0.831492 0
    outer loop
      vertex 24.4935 7.3327 33
      vertex 25.055 6.95755 6
      vertex 24.4935 7.3327 6
    endloop
  endfacet
  facet normal 0.99923 -0.0392437 0
    outer loop
      vertex 28.5735 -0.674747 33
      vertex 28.6 0 6
      vertex 28.6 0 33
    endloop
  endfacet
  facet normal 0.99923 -0.0392437 0
    outer loop
      vertex 28.6 0 6
      vertex 28.5735 -0.674747 33
      vertex 28.5735 -0.674747 6
    endloop
  endfacet
  facet normal -0.418673 0.908137 0
    outer loop
      vertex 16.7089 7.94536 6
      vertex 16.0957 7.66266 33
      vertex 16.7089 7.94536 33
    endloop
  endfacet
  facet normal -0.418673 0.908137 0
    outer loop
      vertex 16.0957 7.66266 33
      vertex 16.7089 7.94536 6
      vertex 16.0957 7.66266 6
    endloop
  endfacet
  facet normal 0.346094 -0.9382 0
    outer loop
      vertex 22.6575 -8.17909 6
      vertex 23.2911 -7.94536 33
      vertex 22.6575 -8.17909 33
    endloop
  endfacet
  facet normal 0.346094 -0.9382 0
    outer loop
      vertex 23.2911 -7.94536 33
      vertex 22.6575 -8.17909 6
      vertex 23.2911 -7.94536 6
    endloop
  endfacet
  facet normal -0.418673 -0.908137 0
    outer loop
      vertex 16.0957 -7.66266 6
      vertex 16.7089 -7.94536 33
      vertex 16.0957 -7.66266 33
    endloop
  endfacet
  facet normal -0.418673 -0.908137 -0
    outer loop
      vertex 16.7089 -7.94536 33
      vertex 16.0957 -7.66266 6
      vertex 16.7089 -7.94536 6
    endloop
  endfacet
  facet normal 0.785356 -0.619044 0
    outer loop
      vertex 26.5395 -5.58525 33
      vertex 26.9575 -5.05495 6
      vertex 26.9575 -5.05495 33
    endloop
  endfacet
  facet normal 0.785356 -0.619044 0
    outer loop
      vertex 26.9575 -5.05495 6
      vertex 26.5395 -5.58525 33
      vertex 26.5395 -5.58525 6
    endloop
  endfacet
  facet normal -0.872465 -0.488676 0
    outer loop
      vertex 12.6673 -4.49349 6
      vertex 12.3373 -3.90432 33
      vertex 12.3373 -3.90432 6
    endloop
  endfacet
  facet normal -0.872465 -0.488676 0
    outer loop
      vertex 12.3373 -3.90432 33
      vertex 12.6673 -4.49349 6
      vertex 12.6673 -4.49349 33
    endloop
  endfacet
  facet normal 0.993063 -0.117581 0
    outer loop
      vertex 28.4941 -1.34534 33
      vertex 28.5735 -0.674747 6
      vertex 28.5735 -0.674747 33
    endloop
  endfacet
  facet normal 0.993063 -0.117581 0
    outer loop
      vertex 28.5735 -0.674747 6
      vertex 28.4941 -1.34534 33
      vertex 28.4941 -1.34534 6
    endloop
  endfacet
  facet normal 0.938202 -0.346089 0
    outer loop
      vertex 27.9454 -3.29108 33
      vertex 28.1791 -2.65755 6
      vertex 28.1791 -2.65755 33
    endloop
  endfacet
  facet normal 0.938202 -0.346089 0
    outer loop
      vertex 28.1791 -2.65755 6
      vertex 27.9454 -3.29108 33
      vertex 27.9454 -3.29108 6
    endloop
  endfacet
  facet normal 0.195091 0.980785 -0
    outer loop
      vertex 22.0076 8.36238 6
      vertex 21.3453 8.49412 33
      vertex 22.0076 8.36238 33
    endloop
  endfacet
  facet normal 0.195091 0.980785 0
    outer loop
      vertex 21.3453 8.49412 33
      vertex 22.0076 8.36238 6
      vertex 21.3453 8.49412 6
    endloop
  endfacet
  facet normal -0.619099 0.785313 0
    outer loop
      vertex 14.945 6.95755 6
      vertex 14.4147 6.53949 33
      vertex 14.945 6.95755 33
    endloop
  endfacet
  facet normal -0.619099 0.785313 0
    outer loop
      vertex 14.4147 6.53949 33
      vertex 14.945 6.95755 6
      vertex 14.4147 6.53949 6
    endloop
  endfacet
  facet normal 0.619099 0.785313 -0
    outer loop
      vertex 25.5853 6.53949 6
      vertex 25.055 6.95755 33
      vertex 25.5853 6.53949 33
    endloop
  endfacet
  facet normal 0.619099 0.785313 0
    outer loop
      vertex 25.055 6.95755 33
      vertex 25.5853 6.53949 6
      vertex 25.055 6.95755 6
    endloop
  endfacet
  facet normal 0.831439 0.555616 0
    outer loop
      vertex 27.3327 4.49349 33
      vertex 26.9575 5.05495 6
      vertex 26.9575 5.05495 33
    endloop
  endfacet
  facet normal 0.831439 0.555616 0
    outer loop
      vertex 26.9575 5.05495 6
      vertex 27.3327 4.49349 33
      vertex 27.3327 4.49349 6
    endloop
  endfacet
  facet normal 0.418673 -0.908137 0
    outer loop
      vertex 23.2911 -7.94536 6
      vertex 23.9043 -7.66266 33
      vertex 23.2911 -7.94536 33
    endloop
  endfacet
  facet normal 0.418673 -0.908137 0
    outer loop
      vertex 23.9043 -7.66266 33
      vertex 23.2911 -7.94536 6
      vertex 23.9043 -7.66266 6
    endloop
  endfacet
  facet normal -0.993063 0.117581 0
    outer loop
      vertex 11.4265 0.674747 6
      vertex 11.5059 1.34534 33
      vertex 11.5059 1.34534 6
    endloop
  endfacet
  facet normal -0.993063 0.117581 0
    outer loop
      vertex 11.5059 1.34534 33
      vertex 11.4265 0.674747 6
      vertex 11.4265 0.674747 33
    endloop
  endfacet
  facet normal -0.346094 -0.9382 0
    outer loop
      vertex 16.7089 -7.94536 6
      vertex 17.3425 -8.17909 33
      vertex 16.7089 -7.94536 33
    endloop
  endfacet
  facet normal -0.346094 -0.9382 -0
    outer loop
      vertex 17.3425 -8.17909 33
      vertex 16.7089 -7.94536 6
      vertex 17.3425 -8.17909 6
    endloop
  endfacet
  facet normal -0.678846 -0.73428 0
    outer loop
      vertex 13.9189 -6.08112 6
      vertex 14.4147 -6.53949 33
      vertex 13.9189 -6.08112 33
    endloop
  endfacet
  facet normal -0.678846 -0.73428 -0
    outer loop
      vertex 14.4147 -6.53949 33
      vertex 13.9189 -6.08112 6
      vertex 14.4147 -6.53949 6
    endloop
  endfacet
  facet normal -0.117536 -0.993069 0
    outer loop
      vertex 18.6547 -8.49412 6
      vertex 19.3253 -8.57349 33
      vertex 18.6547 -8.49412 33
    endloop
  endfacet
  facet normal -0.117536 -0.993069 -0
    outer loop
      vertex 19.3253 -8.57349 33
      vertex 18.6547 -8.49412 6
      vertex 19.3253 -8.57349 6
    endloop
  endfacet
  facet normal 0.619099 -0.785313 0
    outer loop
      vertex 25.055 -6.95755 6
      vertex 25.5853 -6.53949 33
      vertex 25.055 -6.95755 33
    endloop
  endfacet
  facet normal 0.619099 -0.785313 0
    outer loop
      vertex 25.5853 -6.53949 33
      vertex 25.055 -6.95755 6
      vertex 25.5853 -6.53949 6
    endloop
  endfacet
  facet normal 0.678846 -0.73428 0
    outer loop
      vertex 25.5853 -6.53949 6
      vertex 26.0811 -6.08112 33
      vertex 25.5853 -6.53949 33
    endloop
  endfacet
  facet normal 0.678846 -0.73428 0
    outer loop
      vertex 26.0811 -6.08112 33
      vertex 25.5853 -6.53949 6
      vertex 26.0811 -6.08112 6
    endloop
  endfacet
  facet normal -0.619099 -0.785313 0
    outer loop
      vertex 14.4147 -6.53949 6
      vertex 14.945 -6.95755 33
      vertex 14.4147 -6.53949 33
    endloop
  endfacet
  facet normal -0.619099 -0.785313 -0
    outer loop
      vertex 14.945 -6.95755 33
      vertex 14.4147 -6.53949 6
      vertex 14.945 -6.95755 6
    endloop
  endfacet
  facet normal -0.195091 -0.980785 0
    outer loop
      vertex 17.9924 -8.36238 6
      vertex 18.6547 -8.49412 33
      vertex 17.9924 -8.36238 33
    endloop
  endfacet
  facet normal -0.195091 -0.980785 -0
    outer loop
      vertex 18.6547 -8.49412 33
      vertex 17.9924 -8.36238 6
      vertex 18.6547 -8.49412 6
    endloop
  endfacet
  facet normal -0.872465 0.488676 0
    outer loop
      vertex 12.3373 3.90432 6
      vertex 12.6673 4.49349 33
      vertex 12.6673 4.49349 6
    endloop
  endfacet
  facet normal -0.872465 0.488676 0
    outer loop
      vertex 12.6673 4.49349 33
      vertex 12.3373 3.90432 6
      vertex 12.3373 3.90432 33
    endloop
  endfacet
  facet normal -0.271439 -0.962456 0
    outer loop
      vertex 17.3425 -8.17909 6
      vertex 17.9924 -8.36238 33
      vertex 17.3425 -8.17909 33
    endloop
  endfacet
  facet normal -0.271439 -0.962456 -0
    outer loop
      vertex 17.9924 -8.36238 33
      vertex 17.3425 -8.17909 6
      vertex 17.9924 -8.36238 6
    endloop
  endfacet
  facet normal -0.980796 0.195037 0
    outer loop
      vertex 11.5059 1.34534 6
      vertex 11.6376 2.00763 33
      vertex 11.6376 2.00763 6
    endloop
  endfacet
  facet normal -0.980796 0.195037 0
    outer loop
      vertex 11.6376 2.00763 33
      vertex 11.5059 1.34534 6
      vertex 11.5059 1.34534 33
    endloop
  endfacet
  facet normal -0.908147 0.418651 0
    outer loop
      vertex 12.0546 3.29108 6
      vertex 12.3373 3.90432 33
      vertex 12.3373 3.90432 6
    endloop
  endfacet
  facet normal -0.908147 0.418651 0
    outer loop
      vertex 12.3373 3.90432 33
      vertex 12.0546 3.29108 6
      vertex 12.0546 3.29108 33
    endloop
  endfacet
  facet normal -0.488612 -0.872501 0
    outer loop
      vertex 15.5065 -7.3327 6
      vertex 16.0957 -7.66266 33
      vertex 15.5065 -7.3327 33
    endloop
  endfacet
  facet normal -0.488612 -0.872501 -0
    outer loop
      vertex 16.0957 -7.66266 33
      vertex 15.5065 -7.3327 6
      vertex 16.0957 -7.66266 6
    endloop
  endfacet
  facet normal 0.993063 0.117581 0
    outer loop
      vertex 68.5735 0.674747 33
      vertex 68.4941 1.34534 6
      vertex 68.4941 1.34534 33
    endloop
  endfacet
  facet normal 0.993063 0.117581 0
    outer loop
      vertex 68.4941 1.34534 6
      vertex 68.5735 0.674747 33
      vertex 68.5735 0.674747 6
    endloop
  endfacet
  facet normal 0.99923 0.0392437 0
    outer loop
      vertex 68.6 0 33
      vertex 68.5735 0.674747 6
      vertex 68.5735 0.674747 33
    endloop
  endfacet
  facet normal 0.99923 0.0392437 0
    outer loop
      vertex 68.5735 0.674747 6
      vertex 68.6 0 33
      vertex 68.6 0 6
    endloop
  endfacet
  facet normal 0.117536 -0.993069 0
    outer loop
      vertex 60.6747 -8.57349 6
      vertex 61.3453 -8.49412 33
      vertex 60.6747 -8.57349 33
    endloop
  endfacet
  facet normal 0.117536 -0.993069 0
    outer loop
      vertex 61.3453 -8.49412 33
      vertex 60.6747 -8.57349 6
      vertex 61.3453 -8.49412 6
    endloop
  endfacet
  facet normal -0.195091 -0.980785 0
    outer loop
      vertex 57.9924 -8.36238 6
      vertex 58.6547 -8.49412 33
      vertex 57.9924 -8.36238 33
    endloop
  endfacet
  facet normal -0.195091 -0.980785 -0
    outer loop
      vertex 58.6547 -8.49412 33
      vertex 57.9924 -8.36238 6
      vertex 58.6547 -8.49412 6
    endloop
  endfacet
  facet normal -0.938202 0.346089 0
    outer loop
      vertex 51.8209 2.65755 6
      vertex 52.0546 3.29108 33
      vertex 52.0546 3.29108 6
    endloop
  endfacet
  facet normal -0.938202 0.346089 0
    outer loop
      vertex 52.0546 3.29108 33
      vertex 51.8209 2.65755 6
      vertex 51.8209 2.65755 33
    endloop
  endfacet
  facet normal 0.271439 -0.962456 0
    outer loop
      vertex 62.0076 -8.36238 6
      vertex 62.6575 -8.17909 33
      vertex 62.0076 -8.36238 33
    endloop
  endfacet
  facet normal 0.271439 -0.962456 0
    outer loop
      vertex 62.6575 -8.17909 33
      vertex 62.0076 -8.36238 6
      vertex 62.6575 -8.17909 6
    endloop
  endfacet
  facet normal 0.488612 -0.872501 0
    outer loop
      vertex 63.9043 -7.66266 6
      vertex 64.4935 -7.3327 33
      vertex 63.9043 -7.66266 33
    endloop
  endfacet
  facet normal 0.488612 -0.872501 0
    outer loop
      vertex 64.4935 -7.3327 33
      vertex 63.9043 -7.66266 6
      vertex 64.4935 -7.3327 6
    endloop
  endfacet
  facet normal 0.117536 0.993069 -0
    outer loop
      vertex 61.3453 8.49412 6
      vertex 60.6747 8.57349 33
      vertex 61.3453 8.49412 33
    endloop
  endfacet
  facet normal 0.117536 0.993069 0
    outer loop
      vertex 60.6747 8.57349 33
      vertex 61.3453 8.49412 6
      vertex 60.6747 8.57349 6
    endloop
  endfacet
  facet normal -0.734306 0.678819 0
    outer loop
      vertex 53.4605 5.58525 6
      vertex 53.9189 6.08112 33
      vertex 53.9189 6.08112 6
    endloop
  endfacet
  facet normal -0.734306 0.678819 0
    outer loop
      vertex 53.9189 6.08112 33
      vertex 53.4605 5.58525 6
      vertex 53.4605 5.58525 33
    endloop
  endfacet
  facet normal 0.195091 -0.980785 0
    outer loop
      vertex 61.3453 -8.49412 6
      vertex 62.0076 -8.36238 33
      vertex 61.3453 -8.49412 33
    endloop
  endfacet
  facet normal 0.195091 -0.980785 0
    outer loop
      vertex 62.0076 -8.36238 33
      vertex 61.3453 -8.49412 6
      vertex 62.0076 -8.36238 6
    endloop
  endfacet
  facet normal -0.0392612 0.999229 0
    outer loop
      vertex 60 8.6 6
      vertex 59.3253 8.57349 33
      vertex 60 8.6 33
    endloop
  endfacet
  facet normal -0.0392612 0.999229 0
    outer loop
      vertex 59.3253 8.57349 33
      vertex 60 8.6 6
      vertex 59.3253 8.57349 6
    endloop
  endfacet
  facet normal 0.962454 0.271445 0
    outer loop
      vertex 68.3624 2.00763 33
      vertex 68.1791 2.65755 6
      vertex 68.1791 2.65755 33
    endloop
  endfacet
  facet normal 0.962454 0.271445 0
    outer loop
      vertex 68.1791 2.65755 6
      vertex 68.3624 2.00763 33
      vertex 68.3624 2.00763 6
    endloop
  endfacet
  facet normal -0.346094 0.9382 0
    outer loop
      vertex 57.3425 8.17909 6
      vertex 56.7089 7.94536 33
      vertex 57.3425 8.17909 33
    endloop
  endfacet
  facet normal -0.346094 0.9382 0
    outer loop
      vertex 56.7089 7.94536 33
      vertex 57.3425 8.17909 6
      vertex 56.7089 7.94536 6
    endloop
  endfacet
  facet normal 0.488612 0.872501 -0
    outer loop
      vertex 64.4935 7.3327 6
      vertex 63.9043 7.66266 33
      vertex 64.4935 7.3327 33
    endloop
  endfacet
  facet normal 0.488612 0.872501 0
    outer loop
      vertex 63.9043 7.66266 33
      vertex 64.4935 7.3327 6
      vertex 63.9043 7.66266 6
    endloop
  endfacet
  facet normal -0.938202 -0.346089 0
    outer loop
      vertex 52.0546 -3.29108 6
      vertex 51.8209 -2.65755 33
      vertex 51.8209 -2.65755 6
    endloop
  endfacet
  facet normal -0.938202 -0.346089 0
    outer loop
      vertex 51.8209 -2.65755 33
      vertex 52.0546 -3.29108 6
      vertex 52.0546 -3.29108 33
    endloop
  endfacet
  facet normal -0.734306 -0.678819 0
    outer loop
      vertex 53.9189 -6.08112 6
      vertex 53.4605 -5.58525 33
      vertex 53.4605 -5.58525 6
    endloop
  endfacet
  facet normal -0.734306 -0.678819 0
    outer loop
      vertex 53.4605 -5.58525 33
      vertex 53.9189 -6.08112 6
      vertex 53.9189 -6.08112 33
    endloop
  endfacet
  facet normal -0.555537 0.831492 0
    outer loop
      vertex 55.5065 7.3327 6
      vertex 54.945 6.95755 33
      vertex 55.5065 7.3327 33
    endloop
  endfacet
  facet normal -0.555537 0.831492 0
    outer loop
      vertex 54.945 6.95755 33
      vertex 55.5065 7.3327 6
      vertex 54.945 6.95755 6
    endloop
  endfacet
  facet normal -0.831439 0.555616 0
    outer loop
      vertex 52.6673 4.49349 6
      vertex 53.0425 5.05495 33
      vertex 53.0425 5.05495 6
    endloop
  endfacet
  facet normal -0.831439 0.555616 0
    outer loop
      vertex 53.0425 5.05495 33
      vertex 52.6673 4.49349 6
      vertex 52.6673 4.49349 33
    endloop
  endfacet
  facet normal 0.346094 0.9382 -0
    outer loop
      vertex 63.2911 7.94536 6
      vertex 62.6575 8.17909 33
      vertex 63.2911 7.94536 33
    endloop
  endfacet
  facet normal 0.346094 0.9382 0
    outer loop
      vertex 62.6575 8.17909 33
      vertex 63.2911 7.94536 6
      vertex 62.6575 8.17909 6
    endloop
  endfacet
  facet normal 0.0392612 -0.999229 0
    outer loop
      vertex 60 -8.6 6
      vertex 60.6747 -8.57349 33
      vertex 60 -8.6 33
    endloop
  endfacet
  facet normal 0.0392612 -0.999229 0
    outer loop
      vertex 60.6747 -8.57349 33
      vertex 60 -8.6 6
      vertex 60.6747 -8.57349 6
    endloop
  endfacet
  facet normal -0.99923 -0.0392437 0
    outer loop
      vertex 51.4265 -0.674747 6
      vertex 51.4 0 33
      vertex 51.4 0 6
    endloop
  endfacet
  facet normal -0.99923 -0.0392437 0
    outer loop
      vertex 51.4 0 33
      vertex 51.4265 -0.674747 6
      vertex 51.4265 -0.674747 33
    endloop
  endfacet
  facet normal 0.938202 0.346089 0
    outer loop
      vertex 68.1791 2.65755 33
      vertex 67.9454 3.29108 6
      vertex 67.9454 3.29108 33
    endloop
  endfacet
  facet normal 0.938202 0.346089 0
    outer loop
      vertex 67.9454 3.29108 6
      vertex 68.1791 2.65755 33
      vertex 68.1791 2.65755 6
    endloop
  endfacet
  facet normal 0 0 1
    outer loop
      vertex 65 0 33
      vertex 68.6 0 33
      vertex 68.5735 0.674747 33
    endloop
  endfacet
  facet normal 0 0 1
    outer loop
      vertex 64.9846 0.392295 33
      vertex 68.5735 0.674747 33
      vertex 68.4941 1.34534 33
    endloop
  endfacet
  facet normal 0 0 1
    outer loop
      vertex 68.6 0 33
      vertex 65 0 33
      vertex 68.5735 -0.674747 33
    endloop
  endfacet
  facet normal 0 0 1
    outer loop
      vertex 64.9384 0.782172 33
      vertex 68.4941 1.34534 33
      vertex 68.3624 2.00763 33
    endloop
  endfacet
  facet normal -0 0 1
    outer loop
      vertex 64.9846 -0.392295 33
      vertex 68.5735 -0.674747 33
      vertex 65 0 33
    endloop
  endfacet
  facet normal 0 0 1
    outer loop
      vertex 64.8618 1.16723 33
      vertex 68.3624 2.00763 33
      vertex 68.1791 2.65755 33
    endloop
  endfacet
  facet normal 0 0 1
    outer loop
      vertex 68.5735 -0.674747 33
      vertex 64.9846 -0.392295 33
      vertex 68.4941 -1.34534 33
    endloop
  endfacet
  facet normal 0 0 1
    outer loop
      vertex 64.7553 1.54508 33
      vertex 68.1791 2.65755 33
      vertex 67.9454 3.29108 33
    endloop
  endfacet
  facet normal -0 0 1
    outer loop
      vertex 64.9384 -0.782172 33
      vertex 68.4941 -1.34534 33
      vertex 64.9846 -0.392295 33
    endloop
  endfacet
  facet normal 0 0 1
    outer loop
      vertex 64.6194 1.91342 33
      vertex 67.9454 3.29108 33
      vertex 67.6627 3.90432 33
    endloop
  endfacet
  facet normal 0 0 1
    outer loop
      vertex 68.4941 -1.34534 33
      vertex 64.9384 -0.782172 33
      vertex 68.3624 -2.00763 33
    endloop
  endfacet
  facet normal 0 0 1
    outer loop
      vertex 64.455 2.26995 33
      vertex 67.6627 3.90432 33
      vertex 67.3327 4.49349 33
    endloop
  endfacet
  facet normal -0 0 1
    outer loop
      vertex 64.8618 -1.16723 33
      vertex 68.3624 -2.00763 33
      vertex 64.9384 -0.782172 33
    endloop
  endfacet
  facet normal 0 0 1
    outer loop
      vertex 64.2632 2.61249 33
      vertex 67.3327 4.49349 33
      vertex 66.9575 5.05495 33
    endloop
  endfacet
  facet normal 0 0 1
    outer loop
      vertex 68.3624 -2.00763 33
      vertex 64.8618 -1.16723 33
      vertex 68.1791 -2.65755 33
    endloop
  endfacet
  facet normal 0 0 1
    outer loop
      vertex 64.0451 2.93893 33
      vertex 66.9575 5.05495 33
      vertex 66.5395 5.58525 33
    endloop
  endfacet
  facet normal -0 0 1
    outer loop
      vertex 64.7553 -1.54508 33
      vertex 68.1791 -2.65755 33
      vertex 64.8618 -1.16723 33
    endloop
  endfacet
  facet normal 0 0 1
    outer loop
      vertex 63.802 3.24724 33
      vertex 66.5395 5.58525 33
      vertex 66.0811 6.08112 33
    endloop
  endfacet
  facet normal 0 0 1
    outer loop
      vertex 68.1791 -2.65755 33
      vertex 64.7553 -1.54508 33
      vertex 67.9454 -3.29108 33
    endloop
  endfacet
  facet normal 0 0 1
    outer loop
      vertex 63.5355 3.53553 33
      vertex 66.0811 6.08112 33
      vertex 65.5853 6.53949 33
    endloop
  endfacet
  facet normal -0 0 1
    outer loop
      vertex 64.6194 -1.91342 33
      vertex 67.9454 -3.29108 33
      vertex 64.7553 -1.54508 33
    endloop
  endfacet
  facet normal 0 0 1
    outer loop
      vertex 63.2472 3.80203 33
      vertex 65.5853 6.53949 33
      vertex 65.055 6.95755 33
    endloop
  endfacet
  facet normal 0 0 1
    outer loop
      vertex 67.9454 -3.29108 33
      vertex 64.6194 -1.91342 33
      vertex 67.6627 -3.90432 33
    endloop
  endfacet
  facet normal -0 0 1
    outer loop
      vertex 64.455 -2.26995 33
      vertex 67.6627 -3.90432 33
      vertex 64.6194 -1.91342 33
    endloop
  endfacet
  facet normal 0 0 1
    outer loop
      vertex 68.5735 0.674747 33
      vertex 64.9846 0.392295 33
      vertex 65 0 33
    endloop
  endfacet
  facet normal 0 0 1
    outer loop
      vertex 68.4941 1.34534 33
      vertex 64.9384 0.782172 33
      vertex 64.9846 0.392295 33
    endloop
  endfacet
  facet normal 0 0 1
    outer loop
      vertex 68.3624 2.00763 33
      vertex 64.8618 1.16723 33
      vertex 64.9384 0.782172 33
    endloop
  endfacet
  facet normal 0 0 1
    outer loop
      vertex 68.1791 2.65755 33
      vertex 64.7553 1.54508 33
      vertex 64.8618 1.16723 33
    endloop
  endfacet
  facet normal 0 0 1
    outer loop
      vertex 67.9454 3.29108 33
      vertex 64.6194 1.91342 33
      vertex 64.7553 1.54508 33
    endloop
  endfacet
  facet normal 0 0 1
    outer loop
      vertex 62.9389 4.04508 33
      vertex 65.055 6.95755 33
      vertex 64.4935 7.3327 33
    endloop
  endfacet
  facet normal 0 0 1
    outer loop
      vertex 67.6627 3.90432 33
      vertex 64.455 2.26995 33
      vertex 64.6194 1.91342 33
    endloop
  endfacet
  facet normal 0 0 1
    outer loop
      vertex 67.3327 4.49349 33
      vertex 64.2632 2.61249 33
      vertex 64.455 2.26995 33
    endloop
  endfacet
  facet normal 0 0 1
    outer loop
      vertex 66.9575 5.05495 33
      vertex 64.0451 2.93893 33
      vertex 64.2632 2.61249 33
    endloop
  endfacet
  facet normal 0 0 1
    outer loop
      vertex 62.6125 4.2632 33
      vertex 64.4935 7.3327 33
      vertex 63.9043 7.66266 33
    endloop
  endfacet
  facet normal 0 0 1
    outer loop
      vertex 66.5395 5.58525 33
      vertex 63.802 3.24724 33
      vertex 64.0451 2.93893 33
    endloop
  endfacet
  facet normal 0 0 1
    outer loop
      vertex 66.0811 6.08112 33
      vertex 63.5355 3.53553 33
      vertex 63.802 3.24724 33
    endloop
  endfacet
  facet normal 0 0 1
    outer loop
      vertex 62.27 4.45503 33
      vertex 63.9043 7.66266 33
      vertex 63.2911 7.94536 33
    endloop
  endfacet
  facet normal 0 0 1
    outer loop
      vertex 65.5853 6.53949 33
      vertex 63.2472 3.80203 33
      vertex 63.5355 3.53553 33
    endloop
  endfacet
  facet normal 0 0 1
    outer loop
      vertex 65.055 6.95755 33
      vertex 62.9389 4.04508 33
      vertex 63.2472 3.80203 33
    endloop
  endfacet
  facet normal 0 0 1
    outer loop
      vertex 61.9134 4.6194 33
      vertex 63.2911 7.94536 33
      vertex 62.6575 8.17909 33
    endloop
  endfacet
  facet normal 0 0 1
    outer loop
      vertex 64.4935 7.3327 33
      vertex 62.6125 4.2632 33
      vertex 62.9389 4.04508 33
    endloop
  endfacet
  facet normal 0 0 1
    outer loop
      vertex 63.9043 7.66266 33
      vertex 62.27 4.45503 33
      vertex 62.6125 4.2632 33
    endloop
  endfacet
  facet normal 0 0 1
    outer loop
      vertex 61.5451 4.75528 33
      vertex 62.6575 8.17909 33
      vertex 62.0076 8.36238 33
    endloop
  endfacet
  facet normal 0 0 1
    outer loop
      vertex 63.2911 7.94536 33
      vertex 61.9134 4.6194 33
      vertex 62.27 4.45503 33
    endloop
  endfacet
  facet normal 0 0 1
    outer loop
      vertex 62.6575 8.17909 33
      vertex 61.5451 4.75528 33
      vertex 61.9134 4.6194 33
    endloop
  endfacet
  facet normal 0 0 1
    outer loop
      vertex 61.1672 4.86185 33
      vertex 62.0076 8.36238 33
      vertex 61.3453 8.49412 33
    endloop
  endfacet
  facet normal 0 0 1
    outer loop
      vertex 62.0076 8.36238 33
      vertex 61.1672 4.86185 33
      vertex 61.5451 4.75528 33
    endloop
  endfacet
  facet normal 0 0 1
    outer loop
      vertex 61.3453 8.49412 33
      vertex 60.7822 4.93844 33
      vertex 61.1672 4.86185 33
    endloop
  endfacet
  facet normal 0 0 1
    outer loop
      vertex 60.6747 8.57349 33
      vertex 60.7822 4.93844 33
      vertex 61.3453 8.49412 33
    endloop
  endfacet
  facet normal 0 0 1
    outer loop
      vertex 60.6747 8.57349 33
      vertex 60.3923 4.98459 33
      vertex 60.7822 4.93844 33
    endloop
  endfacet
  facet normal 0 0 1
    outer loop
      vertex 60 8.6 33
      vertex 60.3923 4.98459 33
      vertex 60.6747 8.57349 33
    endloop
  endfacet
  facet normal 0 0 1
    outer loop
      vertex 60 8.6 33
      vertex 60 5 33
      vertex 60.3923 4.98459 33
    endloop
  endfacet
  facet normal 0 0 1
    outer loop
      vertex 60 8.6 33
      vertex 59.6077 4.98459 33
      vertex 60 5 33
    endloop
  endfacet
  facet normal -0 0 1
    outer loop
      vertex 59.3253 8.57349 33
      vertex 59.6077 4.98459 33
      vertex 60 8.6 33
    endloop
  endfacet
  facet normal 0 0 1
    outer loop
      vertex 59.3253 8.57349 33
      vertex 59.2178 4.93844 33
      vertex 59.6077 4.98459 33
    endloop
  endfacet
  facet normal -0 0 1
    outer loop
      vertex 58.6547 8.49412 33
      vertex 59.2178 4.93844 33
      vertex 59.3253 8.57349 33
    endloop
  endfacet
  facet normal 0 0 1
    outer loop
      vertex 59.2178 4.93844 33
      vertex 58.6547 8.49412 33
      vertex 58.8328 4.86185 33
    endloop
  endfacet
  facet normal -0 0 1
    outer loop
      vertex 57.9924 8.36238 33
      vertex 58.8328 4.86185 33
      vertex 58.6547 8.49412 33
    endloop
  endfacet
  facet normal 0 0 1
    outer loop
      vertex 58.8328 4.86185 33
      vertex 57.9924 8.36238 33
      vertex 58.4549 4.75528 33
    endloop
  endfacet
  facet normal -0 0 1
    outer loop
      vertex 57.3425 8.17909 33
      vertex 58.4549 4.75528 33
      vertex 57.9924 8.36238 33
    endloop
  endfacet
  facet normal 0 0 1
    outer loop
      vertex 58.4549 4.75528 33
      vertex 57.3425 8.17909 33
      vertex 58.0866 4.6194 33
    endloop
  endfacet
  facet normal -0 0 1
    outer loop
      vertex 56.7089 7.94536 33
      vertex 58.0866 4.6194 33
      vertex 57.3425 8.17909 33
    endloop
  endfacet
  facet normal 0 0 1
    outer loop
      vertex 58.0866 4.6194 33
      vertex 56.7089 7.94536 33
      vertex 57.73 4.45503 33
    endloop
  endfacet
  facet normal -0 0 1
    outer loop
      vertex 56.0957 7.66266 33
      vertex 57.73 4.45503 33
      vertex 56.7089 7.94536 33
    endloop
  endfacet
  facet normal 0 0 1
    outer loop
      vertex 57.73 4.45503 33
      vertex 56.0957 7.66266 33
      vertex 57.3875 4.2632 33
    endloop
  endfacet
  facet normal -0 0 1
    outer loop
      vertex 55.5065 7.3327 33
      vertex 57.3875 4.2632 33
      vertex 56.0957 7.66266 33
    endloop
  endfacet
  facet normal 0 0 1
    outer loop
      vertex 57.3875 4.2632 33
      vertex 55.5065 7.3327 33
      vertex 57.0611 4.04508 33
    endloop
  endfacet
  facet normal -0 0 1
    outer loop
      vertex 54.945 6.95755 33
      vertex 57.0611 4.04508 33
      vertex 55.5065 7.3327 33
    endloop
  endfacet
  facet normal 0 0 1
    outer loop
      vertex 57.0611 4.04508 33
      vertex 54.945 6.95755 33
      vertex 56.7528 3.80203 33
    endloop
  endfacet
  facet normal -0 0 1
    outer loop
      vertex 54.4147 6.53949 33
      vertex 56.7528 3.80203 33
      vertex 54.945 6.95755 33
    endloop
  endfacet
  facet normal 0 0 1
    outer loop
      vertex 56.7528 3.80203 33
      vertex 54.4147 6.53949 33
      vertex 56.4645 3.53553 33
    endloop
  endfacet
  facet normal -0 0 1
    outer loop
      vertex 53.9189 6.08112 33
      vertex 56.4645 3.53553 33
      vertex 54.4147 6.53949 33
    endloop
  endfacet
  facet normal 0 0 1
    outer loop
      vertex 56.4645 3.53553 33
      vertex 53.9189 6.08112 33
      vertex 56.198 3.24724 33
    endloop
  endfacet
  facet normal -0 0 1
    outer loop
      vertex 53.4605 5.58525 33
      vertex 56.198 3.24724 33
      vertex 53.9189 6.08112 33
    endloop
  endfacet
  facet normal 0 0 1
    outer loop
      vertex 56.198 3.24724 33
      vertex 53.4605 5.58525 33
      vertex 55.9549 2.93893 33
    endloop
  endfacet
  facet normal -0 0 1
    outer loop
      vertex 53.0425 5.05495 33
      vertex 55.9549 2.93893 33
      vertex 53.4605 5.58525 33
    endloop
  endfacet
  facet normal 0 0 1
    outer loop
      vertex 55.9549 2.93893 33
      vertex 53.0425 5.05495 33
      vertex 55.7368 2.61249 33
    endloop
  endfacet
  facet normal -0 0 1
    outer loop
      vertex 52.6673 4.49349 33
      vertex 55.7368 2.61249 33
      vertex 53.0425 5.05495 33
    endloop
  endfacet
  facet normal -0 0 1
    outer loop
      vertex 52.3373 3.90432 33
      vertex 55.545 2.26995 33
      vertex 52.6673 4.49349 33
    endloop
  endfacet
  facet normal 0 0 1
    outer loop
      vertex 55.7368 2.61249 33
      vertex 52.6673 4.49349 33
      vertex 55.545 2.26995 33
    endloop
  endfacet
  facet normal 0 0 1
    outer loop
      vertex 67.6627 -3.90432 33
      vertex 64.455 -2.26995 33
      vertex 67.3327 -4.49349 33
    endloop
  endfacet
  facet normal -0 0 1
    outer loop
      vertex 64.2632 -2.61249 33
      vertex 67.3327 -4.49349 33
      vertex 64.455 -2.26995 33
    endloop
  endfacet
  facet normal 0 0 1
    outer loop
      vertex 67.3327 -4.49349 33
      vertex 64.2632 -2.61249 33
      vertex 66.9575 -5.05495 33
    endloop
  endfacet
  facet normal -0 0 1
    outer loop
      vertex 64.0451 -2.93893 33
      vertex 66.9575 -5.05495 33
      vertex 64.2632 -2.61249 33
    endloop
  endfacet
  facet normal 0 0 1
    outer loop
      vertex 66.9575 -5.05495 33
      vertex 64.0451 -2.93893 33
      vertex 66.5395 -5.58525 33
    endloop
  endfacet
  facet normal -0 0 1
    outer loop
      vertex 63.802 -3.24724 33
      vertex 66.5395 -5.58525 33
      vertex 64.0451 -2.93893 33
    endloop
  endfacet
  facet normal 0 0 1
    outer loop
      vertex 66.5395 -5.58525 33
      vertex 63.802 -3.24724 33
      vertex 66.0811 -6.08112 33
    endloop
  endfacet
  facet normal -0 0 1
    outer loop
      vertex 63.5355 -3.53553 33
      vertex 66.0811 -6.08112 33
      vertex 63.802 -3.24724 33
    endloop
  endfacet
  facet normal 0 0 1
    outer loop
      vertex 66.0811 -6.08112 33
      vertex 63.5355 -3.53553 33
      vertex 65.5853 -6.53949 33
    endloop
  endfacet
  facet normal -0 0 1
    outer loop
      vertex 63.2472 -3.80203 33
      vertex 65.5853 -6.53949 33
      vertex 63.5355 -3.53553 33
    endloop
  endfacet
  facet normal 0 0 1
    outer loop
      vertex 65.5853 -6.53949 33
      vertex 63.2472 -3.80203 33
      vertex 65.055 -6.95755 33
    endloop
  endfacet
  facet normal -0 0 1
    outer loop
      vertex 62.9389 -4.04508 33
      vertex 65.055 -6.95755 33
      vertex 63.2472 -3.80203 33
    endloop
  endfacet
  facet normal 0 0 1
    outer loop
      vertex 65.055 -6.95755 33
      vertex 62.9389 -4.04508 33
      vertex 64.4935 -7.3327 33
    endloop
  endfacet
  facet normal -0 0 1
    outer loop
      vertex 62.6125 -4.2632 33
      vertex 64.4935 -7.3327 33
      vertex 62.9389 -4.04508 33
    endloop
  endfacet
  facet normal 0 0 1
    outer loop
      vertex 64.4935 -7.3327 33
      vertex 62.6125 -4.2632 33
      vertex 63.9043 -7.66266 33
    endloop
  endfacet
  facet normal -0 0 1
    outer loop
      vertex 62.27 -4.45503 33
      vertex 63.9043 -7.66266 33
      vertex 62.6125 -4.2632 33
    endloop
  endfacet
  facet normal 0 0 1
    outer loop
      vertex 63.9043 -7.66266 33
      vertex 62.27 -4.45503 33
      vertex 63.2911 -7.94536 33
    endloop
  endfacet
  facet normal -0 0 1
    outer loop
      vertex 61.9134 -4.6194 33
      vertex 63.2911 -7.94536 33
      vertex 62.27 -4.45503 33
    endloop
  endfacet
  facet normal 0 0 1
    outer loop
      vertex 63.2911 -7.94536 33
      vertex 61.9134 -4.6194 33
      vertex 62.6575 -8.17909 33
    endloop
  endfacet
  facet normal -0 0 1
    outer loop
      vertex 61.5451 -4.75528 33
      vertex 62.6575 -8.17909 33
      vertex 61.9134 -4.6194 33
    endloop
  endfacet
  facet normal 0 0 1
    outer loop
      vertex 62.6575 -8.17909 33
      vertex 61.5451 -4.75528 33
      vertex 62.0076 -8.36238 33
    endloop
  endfacet
  facet normal -0 0 1
    outer loop
      vertex 61.1672 -4.86185 33
      vertex 62.0076 -8.36238 33
      vertex 61.5451 -4.75528 33
    endloop
  endfacet
  facet normal 0 0 1
    outer loop
      vertex 62.0076 -8.36238 33
      vertex 61.1672 -4.86185 33
      vertex 61.3453 -8.49412 33
    endloop
  endfacet
  facet normal -0 0 1
    outer loop
      vertex 60.7822 -4.93844 33
      vertex 61.3453 -8.49412 33
      vertex 61.1672 -4.86185 33
    endloop
  endfacet
  facet normal 0 0 1
    outer loop
      vertex 60.7822 -4.93844 33
      vertex 60.6747 -8.57349 33
      vertex 61.3453 -8.49412 33
    endloop
  endfacet
  facet normal -0 0 1
    outer loop
      vertex 60.3923 -4.98459 33
      vertex 60.6747 -8.57349 33
      vertex 60.7822 -4.93844 33
    endloop
  endfacet
  facet normal -0 0 1
    outer loop
      vertex 60 -5 33
      vertex 60.6747 -8.57349 33
      vertex 60.3923 -4.98459 33
    endloop
  endfacet
  facet normal 0 0 1
    outer loop
      vertex 60 -5 33
      vertex 60 -8.6 33
      vertex 60.6747 -8.57349 33
    endloop
  endfacet
  facet normal 0 0 1
    outer loop
      vertex 59.6077 -4.98459 33
      vertex 60 -8.6 33
      vertex 60 -5 33
    endloop
  endfacet
  facet normal 0 0 1
    outer loop
      vertex 59.6077 -4.98459 33
      vertex 59.3253 -8.57349 33
      vertex 60 -8.6 33
    endloop
  endfacet
  facet normal 0 0 1
    outer loop
      vertex 59.2178 -4.93844 33
      vertex 59.3253 -8.57349 33
      vertex 59.6077 -4.98459 33
    endloop
  endfacet
  facet normal 0 0 1
    outer loop
      vertex 58.6547 -8.49412 33
      vertex 59.2178 -4.93844 33
      vertex 58.8328 -4.86185 33
    endloop
  endfacet
  facet normal 0 0 1
    outer loop
      vertex 59.2178 -4.93844 33
      vertex 58.6547 -8.49412 33
      vertex 59.3253 -8.57349 33
    endloop
  endfacet
  facet normal 0 0 1
    outer loop
      vertex 57.9924 -8.36238 33
      vertex 58.8328 -4.86185 33
      vertex 58.4549 -4.75528 33
    endloop
  endfacet
  facet normal 0 0 1
    outer loop
      vertex 57.3425 -8.17909 33
      vertex 58.4549 -4.75528 33
      vertex 58.0866 -4.6194 33
    endloop
  endfacet
  facet normal 0 0 1
    outer loop
      vertex 58.8328 -4.86185 33
      vertex 57.9924 -8.36238 33
      vertex 58.6547 -8.49412 33
    endloop
  endfacet
  facet normal 0 0 1
    outer loop
      vertex 56.7089 -7.94536 33
      vertex 58.0866 -4.6194 33
      vertex 57.73 -4.45503 33
    endloop
  endfacet
  facet normal 0 0 1
    outer loop
      vertex 56.0957 -7.66266 33
      vertex 57.73 -4.45503 33
      vertex 57.3875 -4.2632 33
    endloop
  endfacet
  facet normal 0 0 1
    outer loop
      vertex 58.4549 -4.75528 33
      vertex 57.3425 -8.17909 33
      vertex 57.9924 -8.36238 33
    endloop
  endfacet
  facet normal 0 0 1
    outer loop
      vertex 55.5065 -7.3327 33
      vertex 57.3875 -4.2632 33
      vertex 57.0611 -4.04508 33
    endloop
  endfacet
  facet normal 0 0 1
    outer loop
      vertex 54.945 -6.95755 33
      vertex 57.0611 -4.04508 33
      vertex 56.7528 -3.80203 33
    endloop
  endfacet
  facet normal 0 0 1
    outer loop
      vertex 58.0866 -4.6194 33
      vertex 56.7089 -7.94536 33
      vertex 57.3425 -8.17909 33
    endloop
  endfacet
  facet normal 0 0 1
    outer loop
      vertex 54.4147 -6.53949 33
      vertex 56.7528 -3.80203 33
      vertex 56.4645 -3.53553 33
    endloop
  endfacet
  facet normal 0 0 1
    outer loop
      vertex 53.9189 -6.08112 33
      vertex 56.4645 -3.53553 33
      vertex 56.198 -3.24724 33
    endloop
  endfacet
  facet normal 0 0 1
    outer loop
      vertex 57.73 -4.45503 33
      vertex 56.0957 -7.66266 33
      vertex 56.7089 -7.94536 33
    endloop
  endfacet
  facet normal 0 0 1
    outer loop
      vertex 53.4605 -5.58525 33
      vertex 56.198 -3.24724 33
      vertex 55.9549 -2.93893 33
    endloop
  endfacet
  facet normal 0 0 1
    outer loop
      vertex 53.0425 -5.05495 33
      vertex 55.9549 -2.93893 33
      vertex 55.7368 -2.61249 33
    endloop
  endfacet
  facet normal 0 0 1
    outer loop
      vertex 52.6673 -4.49349 33
      vertex 55.7368 -2.61249 33
      vertex 55.545 -2.26995 33
    endloop
  endfacet
  facet normal 0 0 1
    outer loop
      vertex 57.3875 -4.2632 33
      vertex 55.5065 -7.3327 33
      vertex 56.0957 -7.66266 33
    endloop
  endfacet
  facet normal 0 0 1
    outer loop
      vertex 52.3373 -3.90432 33
      vertex 55.545 -2.26995 33
      vertex 55.3806 -1.91342 33
    endloop
  endfacet
  facet normal 0 0 1
    outer loop
      vertex 52.0546 -3.29108 33
      vertex 55.3806 -1.91342 33
      vertex 55.2447 -1.54508 33
    endloop
  endfacet
  facet normal 0 0 1
    outer loop
      vertex 51.8209 -2.65755 33
      vertex 55.2447 -1.54508 33
      vertex 55.1381 -1.16723 33
    endloop
  endfacet
  facet normal 0 0 1
    outer loop
      vertex 51.6376 -2.00763 33
      vertex 55.1381 -1.16723 33
      vertex 55.0616 -0.782172 33
    endloop
  endfacet
  facet normal 0 0 1
    outer loop
      vertex 51.5059 -1.34534 33
      vertex 55.0616 -0.782172 33
      vertex 55.0154 -0.392295 33
    endloop
  endfacet
  facet normal 0 0 1
    outer loop
      vertex 57.0611 -4.04508 33
      vertex 54.945 -6.95755 33
      vertex 55.5065 -7.3327 33
    endloop
  endfacet
  facet normal 0 0 1
    outer loop
      vertex 51.4265 -0.674747 33
      vertex 55.0154 -0.392295 33
      vertex 55 0 33
    endloop
  endfacet
  facet normal 0 0 1
    outer loop
      vertex 55.545 2.26995 33
      vertex 52.3373 3.90432 33
      vertex 55.3806 1.91342 33
    endloop
  endfacet
  facet normal -0 0 1
    outer loop
      vertex 52.0546 3.29108 33
      vertex 55.3806 1.91342 33
      vertex 52.3373 3.90432 33
    endloop
  endfacet
  facet normal 0 0 1
    outer loop
      vertex 56.7528 -3.80203 33
      vertex 54.4147 -6.53949 33
      vertex 54.945 -6.95755 33
    endloop
  endfacet
  facet normal 0 0 1
    outer loop
      vertex 55.3806 1.91342 33
      vertex 52.0546 3.29108 33
      vertex 55.2447 1.54508 33
    endloop
  endfacet
  facet normal 0 0 1
    outer loop
      vertex 56.4645 -3.53553 33
      vertex 53.9189 -6.08112 33
      vertex 54.4147 -6.53949 33
    endloop
  endfacet
  facet normal -0 0 1
    outer loop
      vertex 51.8209 2.65755 33
      vertex 55.2447 1.54508 33
      vertex 52.0546 3.29108 33
    endloop
  endfacet
  facet normal 0 0 1
    outer loop
      vertex 56.198 -3.24724 33
      vertex 53.4605 -5.58525 33
      vertex 53.9189 -6.08112 33
    endloop
  endfacet
  facet normal 0 0 1
    outer loop
      vertex 55.2447 1.54508 33
      vertex 51.8209 2.65755 33
      vertex 55.1381 1.16723 33
    endloop
  endfacet
  facet normal 0 0 1
    outer loop
      vertex 55.9549 -2.93893 33
      vertex 53.0425 -5.05495 33
      vertex 53.4605 -5.58525 33
    endloop
  endfacet
  facet normal -0 0 1
    outer loop
      vertex 51.6376 2.00763 33
      vertex 55.1381 1.16723 33
      vertex 51.8209 2.65755 33
    endloop
  endfacet
  facet normal 0 0 1
    outer loop
      vertex 55.7368 -2.61249 33
      vertex 52.6673 -4.49349 33
      vertex 53.0425 -5.05495 33
    endloop
  endfacet
  facet normal 0 0 1
    outer loop
      vertex 55.1381 1.16723 33
      vertex 51.6376 2.00763 33
      vertex 55.0616 0.782172 33
    endloop
  endfacet
  facet normal 0 0 1
    outer loop
      vertex 55.545 -2.26995 33
      vertex 52.3373 -3.90432 33
      vertex 52.6673 -4.49349 33
    endloop
  endfacet
  facet normal -0 0 1
    outer loop
      vertex 51.5059 1.34534 33
      vertex 55.0616 0.782172 33
      vertex 51.6376 2.00763 33
    endloop
  endfacet
  facet normal 0 0 1
    outer loop
      vertex 55.3806 -1.91342 33
      vertex 52.0546 -3.29108 33
      vertex 52.3373 -3.90432 33
    endloop
  endfacet
  facet normal 0 0 1
    outer loop
      vertex 55.0616 0.782172 33
      vertex 51.5059 1.34534 33
      vertex 55.0154 0.392295 33
    endloop
  endfacet
  facet normal 0 0 1
    outer loop
      vertex 55.2447 -1.54508 33
      vertex 51.8209 -2.65755 33
      vertex 52.0546 -3.29108 33
    endloop
  endfacet
  facet normal -0 0 1
    outer loop
      vertex 51.4265 0.674747 33
      vertex 55.0154 0.392295 33
      vertex 51.5059 1.34534 33
    endloop
  endfacet
  facet normal 0 0 1
    outer loop
      vertex 55.1381 -1.16723 33
      vertex 51.6376 -2.00763 33
      vertex 51.8209 -2.65755 33
    endloop
  endfacet
  facet normal 0 0 1
    outer loop
      vertex 55.0154 0.392295 33
      vertex 51.4265 0.674747 33
      vertex 55 0 33
    endloop
  endfacet
  facet normal 0 0 1
    outer loop
      vertex 55.0616 -0.782172 33
      vertex 51.5059 -1.34534 33
      vertex 51.6376 -2.00763 33
    endloop
  endfacet
  facet normal 0 0 1
    outer loop
      vertex 51.4 0 33
      vertex 55 0 33
      vertex 51.4265 0.674747 33
    endloop
  endfacet
  facet normal 0 0 1
    outer loop
      vertex 55.0154 -0.392295 33
      vertex 51.4265 -0.674747 33
      vertex 51.5059 -1.34534 33
    endloop
  endfacet
  facet normal 0 0 1
    outer loop
      vertex 55 0 33
      vertex 51.4 0 33
      vertex 51.4265 -0.674747 33
    endloop
  endfacet
  facet normal 0.418673 0.908137 -0
    outer loop
      vertex 63.9043 7.66266 6
      vertex 63.2911 7.94536 33
      vertex 63.9043 7.66266 33
    endloop
  endfacet
  facet normal 0.418673 0.908137 0
    outer loop
      vertex 63.2911 7.94536 33
      vertex 63.9043 7.66266 6
      vertex 63.2911 7.94536 6
    endloop
  endfacet
  facet normal 0.831439 -0.555616 0
    outer loop
      vertex 66.9575 -5.05495 33
      vertex 67.3327 -4.49349 6
      vertex 67.3327 -4.49349 33
    endloop
  endfacet
  facet normal 0.831439 -0.555616 0
    outer loop
      vertex 67.3327 -4.49349 6
      vertex 66.9575 -5.05495 33
      vertex 66.9575 -5.05495 6
    endloop
  endfacet
  facet normal 0.962454 -0.271445 0
    outer loop
      vertex 68.1791 -2.65755 33
      vertex 68.3624 -2.00763 6
      vertex 68.3624 -2.00763 33
    endloop
  endfacet
  facet normal 0.962454 -0.271445 0
    outer loop
      vertex 68.3624 -2.00763 6
      vertex 68.1791 -2.65755 33
      vertex 68.1791 -2.65755 6
    endloop
  endfacet
  facet normal -0.678846 0.73428 0
    outer loop
      vertex 54.4147 6.53949 6
      vertex 53.9189 6.08112 33
      vertex 54.4147 6.53949 33
    endloop
  endfacet
  facet normal -0.678846 0.73428 0
    outer loop
      vertex 53.9189 6.08112 33
      vertex 54.4147 6.53949 6
      vertex 53.9189 6.08112 6
    endloop
  endfacet
  facet normal 0.734306 0.678819 0
    outer loop
      vertex 66.5395 5.58525 33
      vertex 66.0811 6.08112 6
      vertex 66.0811 6.08112 33
    endloop
  endfacet
  facet normal 0.734306 0.678819 0
    outer loop
      vertex 66.0811 6.08112 6
      vertex 66.5395 5.58525 33
      vertex 66.5395 5.58525 6
    endloop
  endfacet
  facet normal -0.0392612 -0.999229 0
    outer loop
      vertex 59.3253 -8.57349 6
      vertex 60 -8.6 33
      vertex 59.3253 -8.57349 33
    endloop
  endfacet
  facet normal -0.0392612 -0.999229 -0
    outer loop
      vertex 60 -8.6 33
      vertex 59.3253 -8.57349 6
      vertex 60 -8.6 6
    endloop
  endfacet
  facet normal -0.962454 0.271445 0
    outer loop
      vertex 51.6376 2.00763 6
      vertex 51.8209 2.65755 33
      vertex 51.8209 2.65755 6
    endloop
  endfacet
  facet normal -0.962454 0.271445 0
    outer loop
      vertex 51.8209 2.65755 33
      vertex 51.6376 2.00763 6
      vertex 51.6376 2.00763 33
    endloop
  endfacet
  facet normal 0.785356 0.619044 0
    outer loop
      vertex 66.9575 5.05495 33
      vertex 66.5395 5.58525 6
      vertex 66.5395 5.58525 33
    endloop
  endfacet
  facet normal 0.785356 0.619044 0
    outer loop
      vertex 66.5395 5.58525 6
      vertex 66.9575 5.05495 33
      vertex 66.9575 5.05495 6
    endloop
  endfacet
  facet normal -0.908147 -0.418651 0
    outer loop
      vertex 52.3373 -3.90432 6
      vertex 52.0546 -3.29108 33
      vertex 52.0546 -3.29108 6
    endloop
  endfacet
  facet normal -0.908147 -0.418651 0
    outer loop
      vertex 52.0546 -3.29108 33
      vertex 52.3373 -3.90432 6
      vertex 52.3373 -3.90432 33
    endloop
  endfacet
  facet normal -0.555537 -0.831492 0
    outer loop
      vertex 54.945 -6.95755 6
      vertex 55.5065 -7.3327 33
      vertex 54.945 -6.95755 33
    endloop
  endfacet
  facet normal -0.555537 -0.831492 -0
    outer loop
      vertex 55.5065 -7.3327 33
      vertex 54.945 -6.95755 6
      vertex 55.5065 -7.3327 6
    endloop
  endfacet
  facet normal -0.117536 0.993069 0
    outer loop
      vertex 59.3253 8.57349 6
      vertex 58.6547 8.49412 33
      vertex 59.3253 8.57349 33
    endloop
  endfacet
  facet normal -0.117536 0.993069 0
    outer loop
      vertex 58.6547 8.49412 33
      vertex 59.3253 8.57349 6
      vertex 58.6547 8.49412 6
    endloop
  endfacet
  facet normal 0.980796 -0.195037 0
    outer loop
      vertex 68.3624 -2.00763 33
      vertex 68.4941 -1.34534 6
      vertex 68.4941 -1.34534 33
    endloop
  endfacet
  facet normal 0.980796 -0.195037 0
    outer loop
      vertex 68.4941 -1.34534 6
      vertex 68.3624 -2.00763 33
      vertex 68.3624 -2.00763 6
    endloop
  endfacet
  facet normal -0.785356 -0.619044 0
    outer loop
      vertex 53.4605 -5.58525 6
      vertex 53.0425 -5.05495 33
      vertex 53.0425 -5.05495 6
    endloop
  endfacet
  facet normal -0.785356 -0.619044 0
    outer loop
      vertex 53.0425 -5.05495 33
      vertex 53.4605 -5.58525 6
      vertex 53.4605 -5.58525 33
    endloop
  endfacet
  facet normal 0.271439 0.962456 -0
    outer loop
      vertex 62.6575 8.17909 6
      vertex 62.0076 8.36238 33
      vertex 62.6575 8.17909 33
    endloop
  endfacet
  facet normal 0.271439 0.962456 0
    outer loop
      vertex 62.0076 8.36238 33
      vertex 62.6575 8.17909 6
      vertex 62.0076 8.36238 6
    endloop
  endfacet
  facet normal 0.908147 -0.418651 0
    outer loop
      vertex 67.6627 -3.90432 33
      vertex 67.9454 -3.29108 6
      vertex 67.9454 -3.29108 33
    endloop
  endfacet
  facet normal 0.908147 -0.418651 0
    outer loop
      vertex 67.9454 -3.29108 6
      vertex 67.6627 -3.90432 33
      vertex 67.6627 -3.90432 6
    endloop
  endfacet
  facet normal -0.980796 -0.195037 0
    outer loop
      vertex 51.6376 -2.00763 6
      vertex 51.5059 -1.34534 33
      vertex 51.5059 -1.34534 6
    endloop
  endfacet
  facet normal -0.980796 -0.195037 0
    outer loop
      vertex 51.5059 -1.34534 33
      vertex 51.6376 -2.00763 6
      vertex 51.6376 -2.00763 33
    endloop
  endfacet
  facet normal 0.0392612 0.999229 -0
    outer loop
      vertex 60.6747 8.57349 6
      vertex 60 8.6 33
      vertex 60.6747 8.57349 33
    endloop
  endfacet
  facet normal 0.0392612 0.999229 0
    outer loop
      vertex 60 8.6 33
      vertex 60.6747 8.57349 6
      vertex 60 8.6 6
    endloop
  endfacet
  facet normal 0.872465 -0.488676 0
    outer loop
      vertex 67.3327 -4.49349 33
      vertex 67.6627 -3.90432 6
      vertex 67.6627 -3.90432 33
    endloop
  endfacet
  facet normal 0.872465 -0.488676 0
    outer loop
      vertex 67.6627 -3.90432 6
      vertex 67.3327 -4.49349 33
      vertex 67.3327 -4.49349 6
    endloop
  endfacet
  facet normal -0.195091 0.980785 0
    outer loop
      vertex 58.6547 8.49412 6
      vertex 57.9924 8.36238 33
      vertex 58.6547 8.49412 33
    endloop
  endfacet
  facet normal -0.195091 0.980785 0
    outer loop
      vertex 57.9924 8.36238 33
      vertex 58.6547 8.49412 6
      vertex 57.9924 8.36238 6
    endloop
  endfacet
  facet normal 0.980796 0.195037 0
    outer loop
      vertex 68.4941 1.34534 33
      vertex 68.3624 2.00763 6
      vertex 68.3624 2.00763 33
    endloop
  endfacet
  facet normal 0.980796 0.195037 0
    outer loop
      vertex 68.3624 2.00763 6
      vertex 68.4941 1.34534 33
      vertex 68.4941 1.34534 6
    endloop
  endfacet
  facet normal 0.908147 0.418651 0
    outer loop
      vertex 67.9454 3.29108 33
      vertex 67.6627 3.90432 6
      vertex 67.6627 3.90432 33
    endloop
  endfacet
  facet normal 0.908147 0.418651 0
    outer loop
      vertex 67.6627 3.90432 6
      vertex 67.9454 3.29108 33
      vertex 67.9454 3.29108 6
    endloop
  endfacet
  facet normal -0.619099 0.785313 0
    outer loop
      vertex 54.945 6.95755 6
      vertex 54.4147 6.53949 33
      vertex 54.945 6.95755 33
    endloop
  endfacet
  facet normal -0.619099 0.785313 0
    outer loop
      vertex 54.4147 6.53949 33
      vertex 54.945 6.95755 6
      vertex 54.4147 6.53949 6
    endloop
  endfacet
  facet normal -0.488612 0.872501 0
    outer loop
      vertex 56.0957 7.66266 6
      vertex 55.5065 7.3327 33
      vertex 56.0957 7.66266 33
    endloop
  endfacet
  facet normal -0.488612 0.872501 0
    outer loop
      vertex 55.5065 7.3327 33
      vertex 56.0957 7.66266 6
      vertex 55.5065 7.3327 6
    endloop
  endfacet
  facet normal -0.271439 0.962456 0
    outer loop
      vertex 57.9924 8.36238 6
      vertex 57.3425 8.17909 33
      vertex 57.9924 8.36238 33
    endloop
  endfacet
  facet normal -0.271439 0.962456 0
    outer loop
      vertex 57.3425 8.17909 33
      vertex 57.9924 8.36238 6
      vertex 57.3425 8.17909 6
    endloop
  endfacet
  facet normal -0.993063 -0.117581 0
    outer loop
      vertex 51.5059 -1.34534 6
      vertex 51.4265 -0.674747 33
      vertex 51.4265 -0.674747 6
    endloop
  endfacet
  facet normal -0.993063 -0.117581 0
    outer loop
      vertex 51.4265 -0.674747 33
      vertex 51.5059 -1.34534 6
      vertex 51.5059 -1.34534 33
    endloop
  endfacet
  facet normal 0.872465 0.488676 0
    outer loop
      vertex 67.6627 3.90432 33
      vertex 67.3327 4.49349 6
      vertex 67.3327 4.49349 33
    endloop
  endfacet
  facet normal 0.872465 0.488676 0
    outer loop
      vertex 67.3327 4.49349 6
      vertex 67.6627 3.90432 33
      vertex 67.6627 3.90432 6
    endloop
  endfacet
  facet normal 0.734306 -0.678819 0
    outer loop
      vertex 66.0811 -6.08112 33
      vertex 66.5395 -5.58525 6
      vertex 66.5395 -5.58525 33
    endloop
  endfacet
  facet normal 0.734306 -0.678819 0
    outer loop
      vertex 66.5395 -5.58525 6
      vertex 66.0811 -6.08112 33
      vertex 66.0811 -6.08112 6
    endloop
  endfacet
  facet normal -0.962454 -0.271445 0
    outer loop
      vertex 51.8209 -2.65755 6
      vertex 51.6376 -2.00763 33
      vertex 51.6376 -2.00763 6
    endloop
  endfacet
  facet normal -0.962454 -0.271445 0
    outer loop
      vertex 51.6376 -2.00763 33
      vertex 51.8209 -2.65755 6
      vertex 51.8209 -2.65755 33
    endloop
  endfacet
  facet normal 0.555537 -0.831492 0
    outer loop
      vertex 64.4935 -7.3327 6
      vertex 65.055 -6.95755 33
      vertex 64.4935 -7.3327 33
    endloop
  endfacet
  facet normal 0.555537 -0.831492 0
    outer loop
      vertex 65.055 -6.95755 33
      vertex 64.4935 -7.3327 6
      vertex 65.055 -6.95755 6
    endloop
  endfacet
  facet normal -0.831439 -0.555616 0
    outer loop
      vertex 53.0425 -5.05495 6
      vertex 52.6673 -4.49349 33
      vertex 52.6673 -4.49349 6
    endloop
  endfacet
  facet normal -0.831439 -0.555616 0
    outer loop
      vertex 52.6673 -4.49349 33
      vertex 53.0425 -5.05495 6
      vertex 53.0425 -5.05495 33
    endloop
  endfacet
  facet normal 0.555537 0.831492 -0
    outer loop
      vertex 65.055 6.95755 6
      vertex 64.4935 7.3327 33
      vertex 65.055 6.95755 33
    endloop
  endfacet
  facet normal 0.555537 0.831492 0
    outer loop
      vertex 64.4935 7.3327 33
      vertex 65.055 6.95755 6
      vertex 64.4935 7.3327 6
    endloop
  endfacet
  facet normal 0.99923 -0.0392437 0
    outer loop
      vertex 68.5735 -0.674747 33
      vertex 68.6 0 6
      vertex 68.6 0 33
    endloop
  endfacet
  facet normal 0.99923 -0.0392437 0
    outer loop
      vertex 68.6 0 6
      vertex 68.5735 -0.674747 33
      vertex 68.5735 -0.674747 6
    endloop
  endfacet
  facet normal -0.418673 0.908137 0
    outer loop
      vertex 56.7089 7.94536 6
      vertex 56.0957 7.66266 33
      vertex 56.7089 7.94536 33
    endloop
  endfacet
  facet normal -0.418673 0.908137 0
    outer loop
      vertex 56.0957 7.66266 33
      vertex 56.7089 7.94536 6
      vertex 56.0957 7.66266 6
    endloop
  endfacet
  facet normal -0.418673 -0.908137 0
    outer loop
      vertex 56.0957 -7.66266 6
      vertex 56.7089 -7.94536 33
      vertex 56.0957 -7.66266 33
    endloop
  endfacet
  facet normal -0.418673 -0.908137 -0
    outer loop
      vertex 56.7089 -7.94536 33
      vertex 56.0957 -7.66266 6
      vertex 56.7089 -7.94536 6
    endloop
  endfacet
  facet normal 0.785356 -0.619044 0
    outer loop
      vertex 66.5395 -5.58525 33
      vertex 66.9575 -5.05495 6
      vertex 66.9575 -5.05495 33
    endloop
  endfacet
  facet normal 0.785356 -0.619044 0
    outer loop
      vertex 66.9575 -5.05495 6
      vertex 66.5395 -5.58525 33
      vertex 66.5395 -5.58525 6
    endloop
  endfacet
  facet normal -0.872465 -0.488676 0
    outer loop
      vertex 52.6673 -4.49349 6
      vertex 52.3373 -3.90432 33
      vertex 52.3373 -3.90432 6
    endloop
  endfacet
  facet normal -0.872465 -0.488676 0
    outer loop
      vertex 52.3373 -3.90432 33
      vertex 52.6673 -4.49349 6
      vertex 52.6673 -4.49349 33
    endloop
  endfacet
  facet normal 0.993063 -0.117581 0
    outer loop
      vertex 68.4941 -1.34534 33
      vertex 68.5735 -0.674747 6
      vertex 68.5735 -0.674747 33
    endloop
  endfacet
  facet normal 0.993063 -0.117581 0
    outer loop
      vertex 68.5735 -0.674747 6
      vertex 68.4941 -1.34534 33
      vertex 68.4941 -1.34534 6
    endloop
  endfacet
  facet normal 0.195091 0.980785 -0
    outer loop
      vertex 62.0076 8.36238 6
      vertex 61.3453 8.49412 33
      vertex 62.0076 8.36238 33
    endloop
  endfacet
  facet normal 0.195091 0.980785 0
    outer loop
      vertex 61.3453 8.49412 33
      vertex 62.0076 8.36238 6
      vertex 61.3453 8.49412 6
    endloop
  endfacet
  facet normal 0.938202 -0.346089 0
    outer loop
      vertex 67.9454 -3.29108 33
      vertex 68.1791 -2.65755 6
      vertex 68.1791 -2.65755 33
    endloop
  endfacet
  facet normal 0.938202 -0.346089 0
    outer loop
      vertex 68.1791 -2.65755 6
      vertex 67.9454 -3.29108 33
      vertex 67.9454 -3.29108 6
    endloop
  endfacet
  facet normal 0.619099 0.785313 -0
    outer loop
      vertex 65.5853 6.53949 6
      vertex 65.055 6.95755 33
      vertex 65.5853 6.53949 33
    endloop
  endfacet
  facet normal 0.619099 0.785313 0
    outer loop
      vertex 65.055 6.95755 33
      vertex 65.5853 6.53949 6
      vertex 65.055 6.95755 6
    endloop
  endfacet
  facet normal 0.678846 0.73428 -0
    outer loop
      vertex 66.0811 6.08112 6
      vertex 65.5853 6.53949 33
      vertex 66.0811 6.08112 33
    endloop
  endfacet
  facet normal 0.678846 0.73428 0
    outer loop
      vertex 65.5853 6.53949 33
      vertex 66.0811 6.08112 6
      vertex 65.5853 6.53949 6
    endloop
  endfacet
  facet normal 0.831439 0.555616 0
    outer loop
      vertex 67.3327 4.49349 33
      vertex 66.9575 5.05495 6
      vertex 66.9575 5.05495 33
    endloop
  endfacet
  facet normal 0.831439 0.555616 0
    outer loop
      vertex 66.9575 5.05495 6
      vertex 67.3327 4.49349 33
      vertex 67.3327 4.49349 6
    endloop
  endfacet
  facet normal 0.418673 -0.908137 0
    outer loop
      vertex 63.2911 -7.94536 6
      vertex 63.9043 -7.66266 33
      vertex 63.2911 -7.94536 33
    endloop
  endfacet
  facet normal 0.418673 -0.908137 0
    outer loop
      vertex 63.9043 -7.66266 33
      vertex 63.2911 -7.94536 6
      vertex 63.9043 -7.66266 6
    endloop
  endfacet
  facet normal -0.993063 0.117581 0
    outer loop
      vertex 51.4265 0.674747 6
      vertex 51.5059 1.34534 33
      vertex 51.5059 1.34534 6
    endloop
  endfacet
  facet normal -0.993063 0.117581 0
    outer loop
      vertex 51.5059 1.34534 33
      vertex 51.4265 0.674747 6
      vertex 51.4265 0.674747 33
    endloop
  endfacet
  facet normal -0.99923 0.0392437 0
    outer loop
      vertex 51.4 0 6
      vertex 51.4265 0.674747 33
      vertex 51.4265 0.674747 6
    endloop
  endfacet
  facet normal -0.99923 0.0392437 0
    outer loop
      vertex 51.4265 0.674747 33
      vertex 51.4 0 6
      vertex 51.4 0 33
    endloop
  endfacet
  facet normal -0.346094 -0.9382 0
    outer loop
      vertex 56.7089 -7.94536 6
      vertex 57.3425 -8.17909 33
      vertex 56.7089 -7.94536 33
    endloop
  endfacet
  facet normal -0.346094 -0.9382 -0
    outer loop
      vertex 57.3425 -8.17909 33
      vertex 56.7089 -7.94536 6
      vertex 57.3425 -8.17909 6
    endloop
  endfacet
  facet normal -0.678846 -0.73428 0
    outer loop
      vertex 53.9189 -6.08112 6
      vertex 54.4147 -6.53949 33
      vertex 53.9189 -6.08112 33
    endloop
  endfacet
  facet normal -0.678846 -0.73428 -0
    outer loop
      vertex 54.4147 -6.53949 33
      vertex 53.9189 -6.08112 6
      vertex 54.4147 -6.53949 6
    endloop
  endfacet
  facet normal -0.117536 -0.993069 0
    outer loop
      vertex 58.6547 -8.49412 6
      vertex 59.3253 -8.57349 33
      vertex 58.6547 -8.49412 33
    endloop
  endfacet
  facet normal -0.117536 -0.993069 -0
    outer loop
      vertex 59.3253 -8.57349 33
      vertex 58.6547 -8.49412 6
      vertex 59.3253 -8.57349 6
    endloop
  endfacet
  facet normal 0.619099 -0.785313 0
    outer loop
      vertex 65.055 -6.95755 6
      vertex 65.5853 -6.53949 33
      vertex 65.055 -6.95755 33
    endloop
  endfacet
  facet normal 0.619099 -0.785313 0
    outer loop
      vertex 65.5853 -6.53949 33
      vertex 65.055 -6.95755 6
      vertex 65.5853 -6.53949 6
    endloop
  endfacet
  facet normal 0.678846 -0.73428 0
    outer loop
      vertex 65.5853 -6.53949 6
      vertex 66.0811 -6.08112 33
      vertex 65.5853 -6.53949 33
    endloop
  endfacet
  facet normal 0.678846 -0.73428 0
    outer loop
      vertex 66.0811 -6.08112 33
      vertex 65.5853 -6.53949 6
      vertex 66.0811 -6.08112 6
    endloop
  endfacet
  facet normal 0.346094 -0.9382 0
    outer loop
      vertex 62.6575 -8.17909 6
      vertex 63.2911 -7.94536 33
      vertex 62.6575 -8.17909 33
    endloop
  endfacet
  facet normal 0.346094 -0.9382 0
    outer loop
      vertex 63.2911 -7.94536 33
      vertex 62.6575 -8.17909 6
      vertex 63.2911 -7.94536 6
    endloop
  endfacet
  facet normal -0.619099 -0.785313 0
    outer loop
      vertex 54.4147 -6.53949 6
      vertex 54.945 -6.95755 33
      vertex 54.4147 -6.53949 33
    endloop
  endfacet
  facet normal -0.619099 -0.785313 -0
    outer loop
      vertex 54.945 -6.95755 33
      vertex 54.4147 -6.53949 6
      vertex 54.945 -6.95755 6
    endloop
  endfacet
  facet normal -0.908147 0.418651 0
    outer loop
      vertex 52.0546 3.29108 6
      vertex 52.3373 3.90432 33
      vertex 52.3373 3.90432 6
    endloop
  endfacet
  facet normal -0.908147 0.418651 0
    outer loop
      vertex 52.3373 3.90432 33
      vertex 52.0546 3.29108 6
      vertex 52.0546 3.29108 33
    endloop
  endfacet
  facet normal -0.872465 0.488676 0
    outer loop
      vertex 52.3373 3.90432 6
      vertex 52.6673 4.49349 33
      vertex 52.6673 4.49349 6
    endloop
  endfacet
  facet normal -0.872465 0.488676 0
    outer loop
      vertex 52.6673 4.49349 33
      vertex 52.3373 3.90432 6
      vertex 52.3373 3.90432 33
    endloop
  endfacet
  facet normal -0.271439 -0.962456 0
    outer loop
      vertex 57.3425 -8.17909 6
      vertex 57.9924 -8.36238 33
      vertex 57.3425 -8.17909 33
    endloop
  endfacet
  facet normal -0.271439 -0.962456 -0
    outer loop
      vertex 57.9924 -8.36238 33
      vertex 57.3425 -8.17909 6
      vertex 57.9924 -8.36238 6
    endloop
  endfacet
  facet normal -0.980796 0.195037 0
    outer loop
      vertex 51.5059 1.34534 6
      vertex 51.6376 2.00763 33
      vertex 51.6376 2.00763 6
    endloop
  endfacet
  facet normal -0.980796 0.195037 0
    outer loop
      vertex 51.6376 2.00763 33
      vertex 51.5059 1.34534 6
      vertex 51.5059 1.34534 33
    endloop
  endfacet
  facet normal -0.785356 0.619044 0
    outer loop
      vertex 53.0425 5.05495 6
      vertex 53.4605 5.58525 33
      vertex 53.4605 5.58525 6
    endloop
  endfacet
  facet normal -0.785356 0.619044 0
    outer loop
      vertex 53.4605 5.58525 33
      vertex 53.0425 5.05495 6
      vertex 53.0425 5.05495 33
    endloop
  endfacet
  facet normal -0.488612 -0.872501 0
    outer loop
      vertex 55.5065 -7.3327 6
      vertex 56.0957 -7.66266 33
      vertex 55.5065 -7.3327 33
    endloop
  endfacet
  facet normal -0.488612 -0.872501 -0
    outer loop
      vertex 56.0957 -7.66266 33
      vertex 55.5065 -7.3327 6
      vertex 56.0957 -7.66266 6
    endloop
  endfacet
  facet normal 0.0390526 -0.999237 0
    outer loop
      vertex 87 -22 0
      vertex 87.2354 -21.9908 6
      vertex 87 -22 6
    endloop
  endfacet
  facet normal 0.0390526 -0.999237 0
    outer loop
      vertex 87.2354 -21.9908 6
      vertex 87 -22 0
      vertex 87.2354 -21.9908 0
    endloop
  endfacet
  facet normal -0.87247 0.488668 0
    outer loop
      vertex -89.673 20.362 0
      vertex -89.5579 20.5675 6
      vertex -89.5579 20.5675 0
    endloop
  endfacet
  facet normal -0.87247 0.488668 0
    outer loop
      vertex -89.5579 20.5675 6
      vertex -89.673 20.362 0
      vertex -89.673 20.362 6
    endloop
  endfacet
  facet normal -0.0390526 -0.999237 0
    outer loop
      vertex -87.2354 -21.9908 0
      vertex -87 -22 6
      vertex -87.2354 -21.9908 6
    endloop
  endfacet
  facet normal -0.0390526 -0.999237 -0
    outer loop
      vertex -87 -22 6
      vertex -87.2354 -21.9908 0
      vertex -87 -22 0
    endloop
  endfacet
  facet normal 0.99306 -0.117605 0
    outer loop
      vertex 89.9631 -19.4693 6
      vertex 89.9908 -19.2354 0
      vertex 89.9908 -19.2354 6
    endloop
  endfacet
  facet normal 0.99306 -0.117605 0
    outer loop
      vertex 89.9908 -19.2354 0
      vertex 89.9631 -19.4693 6
      vertex 89.9631 -19.4693 0
    endloop
  endfacet
  facet normal 0 0 -1
    outer loop
      vertex -80.7752 -12.3836 0
      vertex -64.455 -2.26995 0
      vertex -80.6552 -12.5631 0
    endloop
  endfacet
  facet normal 0 0 -1
    outer loop
      vertex -65 0 0
      vertex -80.2585 13.7842 0
      vertex -80.25 14 0
    endloop
  endfacet
  facet normal 0 0 -1
    outer loop
      vertex -80.9089 -12.214 0
      vertex -64.455 -2.26995 0
      vertex -80.7752 -12.3836 0
    endloop
  endfacet
  facet normal 0 0 -1
    outer loop
      vertex -65 0 0
      vertex -80.2839 13.5698 0
      vertex -80.2585 13.7842 0
    endloop
  endfacet
  facet normal -0 0 -1
    outer loop
      vertex -64.455 -2.26995 0
      vertex -80.9089 -12.214 0
      vertex -64.6194 -1.91342 0
    endloop
  endfacet
  facet normal 0 0 -1
    outer loop
      vertex -65 0 0
      vertex -80.326 13.358 0
      vertex -80.2839 13.5698 0
    endloop
  endfacet
  facet normal 0 0 -1
    outer loop
      vertex -81.0555 -12.0555 0
      vertex -64.6194 -1.91342 0
      vertex -80.9089 -12.214 0
    endloop
  endfacet
  facet normal 0 0 -1
    outer loop
      vertex -65 0 0
      vertex -80.3846 13.1502 0
      vertex -80.326 13.358 0
    endloop
  endfacet
  facet normal -0 0 -1
    outer loop
      vertex -64.6194 -1.91342 0
      vertex -81.0555 -12.0555 0
      vertex -64.7553 -1.54508 0
    endloop
  endfacet
  facet normal 0 0 -1
    outer loop
      vertex -65 0 0
      vertex -80.4593 12.9476 0
      vertex -80.3846 13.1502 0
    endloop
  endfacet
  facet normal 0 0 -1
    outer loop
      vertex -81.214 -11.9089 0
      vertex -64.7553 -1.54508 0
      vertex -81.0555 -12.0555 0
    endloop
  endfacet
  facet normal 0 0 -1
    outer loop
      vertex -65 0 0
      vertex -80.5497 12.7515 0
      vertex -80.4593 12.9476 0
    endloop
  endfacet
  facet normal -0 0 -1
    outer loop
      vertex -64.7553 -1.54508 0
      vertex -81.214 -11.9089 0
      vertex -64.8618 -1.16723 0
    endloop
  endfacet
  facet normal 0 0 -1
    outer loop
      vertex -65 0 0
      vertex -80.6552 12.5631 0
      vertex -80.5497 12.7515 0
    endloop
  endfacet
  facet normal 0 0 -1
    outer loop
      vertex -81.3836 -11.7752 0
      vertex -64.8618 -1.16723 0
      vertex -81.214 -11.9089 0
    endloop
  endfacet
  facet normal 0 0 -1
    outer loop
      vertex -65 0 0
      vertex -80.7752 12.3836 0
      vertex -80.6552 12.5631 0
    endloop
  endfacet
  facet normal -0 0 -1
    outer loop
      vertex -64.8618 -1.16723 0
      vertex -81.3836 -11.7752 0
      vertex -64.9384 -0.782172 0
    endloop
  endfacet
  facet normal 0 0 -1
    outer loop
      vertex -65 0 0
      vertex -80.9089 12.214 0
      vertex -80.7752 12.3836 0
    endloop
  endfacet
  facet normal 0 0 -1
    outer loop
      vertex -81.5631 -11.6552 0
      vertex -64.9384 -0.782172 0
      vertex -81.3836 -11.7752 0
    endloop
  endfacet
  facet normal 0 0 -1
    outer loop
      vertex -65 0 0
      vertex -81.0555 12.0555 0
      vertex -80.9089 12.214 0
    endloop
  endfacet
  facet normal -0 0 -1
    outer loop
      vertex -64.9384 -0.782172 0
      vertex -81.5631 -11.6552 0
      vertex -64.9846 -0.392295 0
    endloop
  endfacet
  facet normal 0 0 -1
    outer loop
      vertex -65 0 0
      vertex -81.214 11.9089 0
      vertex -81.0555 12.0555 0
    endloop
  endfacet
  facet normal 0 0 -1
    outer loop
      vertex -81.7515 -11.5497 0
      vertex -64.9846 -0.392295 0
      vertex -81.5631 -11.6552 0
    endloop
  endfacet
  facet normal 0 0 -1
    outer loop
      vertex -65 0 0
      vertex -81.3836 11.7752 0
      vertex -81.214 11.9089 0
    endloop
  endfacet
  facet normal -0 0 -1
    outer loop
      vertex -64.9846 -0.392295 0
      vertex -81.7515 -11.5497 0
      vertex -65 0 0
    endloop
  endfacet
  facet normal 0 0 -1
    outer loop
      vertex -65 0 0
      vertex -81.5631 11.6552 0
      vertex -81.3836 11.7752 0
    endloop
  endfacet
  facet normal 0 0 -1
    outer loop
      vertex -81.9476 -11.4593 0
      vertex -65 0 0
      vertex -81.7515 -11.5497 0
    endloop
  endfacet
  facet normal 0 0 -1
    outer loop
      vertex -65 0 0
      vertex -81.7515 11.5497 0
      vertex -81.5631 11.6552 0
    endloop
  endfacet
  facet normal 0 0 -1
    outer loop
      vertex -81.9476 11.4593 0
      vertex -65 0 0
      vertex -81.9476 -11.4593 0
    endloop
  endfacet
  facet normal 0 0 -1
    outer loop
      vertex -65 0 0
      vertex -81.9476 11.4593 0
      vertex -81.7515 11.5497 0
    endloop
  endfacet
  facet normal 0 0 -1
    outer loop
      vertex -82.1502 -11.3846 0
      vertex -81.9476 11.4593 0
      vertex -81.9476 -11.4593 0
    endloop
  endfacet
  facet normal 0 0 -1
    outer loop
      vertex -82.1502 -11.3846 0
      vertex -82.1502 11.3846 0
      vertex -81.9476 11.4593 0
    endloop
  endfacet
  facet normal 0 0 -1
    outer loop
      vertex -82.358 -11.326 0
      vertex -82.1502 11.3846 0
      vertex -82.1502 -11.3846 0
    endloop
  endfacet
  facet normal 0 0 -1
    outer loop
      vertex -82.358 -11.326 0
      vertex -82.358 11.326 0
      vertex -82.1502 11.3846 0
    endloop
  endfacet
  facet normal 0 0 -1
    outer loop
      vertex -82.5698 -11.2839 0
      vertex -82.358 11.326 0
      vertex -82.358 -11.326 0
    endloop
  endfacet
  facet normal 0 0 -1
    outer loop
      vertex -82.5698 -11.2839 0
      vertex -82.5698 11.2839 0
      vertex -82.358 11.326 0
    endloop
  endfacet
  facet normal 0 0 -1
    outer loop
      vertex -82.7842 -11.2585 0
      vertex -82.5698 11.2839 0
      vertex -82.5698 -11.2839 0
    endloop
  endfacet
  facet normal 0 0 -1
    outer loop
      vertex -82.7842 -11.2585 0
      vertex -82.7842 11.2585 0
      vertex -82.5698 11.2839 0
    endloop
  endfacet
  facet normal 0 0 -1
    outer loop
      vertex -83 -11.25 0
      vertex -82.7842 11.2585 0
      vertex -82.7842 -11.2585 0
    endloop
  endfacet
  facet normal 0 0 -1
    outer loop
      vertex -83 -11.25 0
      vertex -83 11.25 0
      vertex -82.7842 11.2585 0
    endloop
  endfacet
  facet normal 0 0 -1
    outer loop
      vertex -83.2158 -11.2585 0
      vertex -83 11.25 0
      vertex -83 -11.25 0
    endloop
  endfacet
  facet normal 0 0 -1
    outer loop
      vertex -83.2158 -11.2585 0
      vertex -83.2158 11.2585 0
      vertex -83 11.25 0
    endloop
  endfacet
  facet normal 0 0 -1
    outer loop
      vertex -83.4302 -11.2839 0
      vertex -83.2158 11.2585 0
      vertex -83.2158 -11.2585 0
    endloop
  endfacet
  facet normal 0 0 -1
    outer loop
      vertex -83.4302 -11.2839 0
      vertex -83.4302 11.2839 0
      vertex -83.2158 11.2585 0
    endloop
  endfacet
  facet normal 0 0 -1
    outer loop
      vertex -83.642 -11.326 0
      vertex -83.4302 11.2839 0
      vertex -83.4302 -11.2839 0
    endloop
  endfacet
  facet normal 0 0 -1
    outer loop
      vertex -83.642 -11.326 0
      vertex -83.642 11.326 0
      vertex -83.4302 11.2839 0
    endloop
  endfacet
  facet normal 0 0 -1
    outer loop
      vertex -83.8498 -11.3846 0
      vertex -83.642 11.326 0
      vertex -83.642 -11.326 0
    endloop
  endfacet
  facet normal 0 0 -1
    outer loop
      vertex -83.8498 -11.3846 0
      vertex -83.8498 11.3846 0
      vertex -83.642 11.326 0
    endloop
  endfacet
  facet normal 0 0 -1
    outer loop
      vertex -84.0524 -11.4593 0
      vertex -83.8498 11.3846 0
      vertex -83.8498 -11.3846 0
    endloop
  endfacet
  facet normal 0 0 -1
    outer loop
      vertex -84.0524 -11.4593 0
      vertex -84.0524 11.4593 0
      vertex -83.8498 11.3846 0
    endloop
  endfacet
  facet normal 0 0 -1
    outer loop
      vertex -84.2485 -11.5497 0
      vertex -84.0524 11.4593 0
      vertex -84.0524 -11.4593 0
    endloop
  endfacet
  facet normal 0 0 -1
    outer loop
      vertex -84.2485 -11.5497 0
      vertex -84.2485 11.5497 0
      vertex -84.0524 11.4593 0
    endloop
  endfacet
  facet normal 0 0 -1
    outer loop
      vertex -84.4369 -11.6552 0
      vertex -84.2485 11.5497 0
      vertex -84.2485 -11.5497 0
    endloop
  endfacet
  facet normal 0 0 -1
    outer loop
      vertex -84.4369 -11.6552 0
      vertex -84.4369 11.6552 0
      vertex -84.2485 11.5497 0
    endloop
  endfacet
  facet normal 0 0 -1
    outer loop
      vertex -84.6164 -11.7752 0
      vertex -84.4369 11.6552 0
      vertex -84.4369 -11.6552 0
    endloop
  endfacet
  facet normal 0 0 -1
    outer loop
      vertex -84.6164 -11.7752 0
      vertex -84.6164 11.7752 0
      vertex -84.4369 11.6552 0
    endloop
  endfacet
  facet normal 0 0 -1
    outer loop
      vertex -84.786 -11.9089 0
      vertex -84.6164 11.7752 0
      vertex -84.6164 -11.7752 0
    endloop
  endfacet
  facet normal 0 0 -1
    outer loop
      vertex -84.786 -11.9089 0
      vertex -84.786 11.9089 0
      vertex -84.6164 11.7752 0
    endloop
  endfacet
  facet normal 0 0 -1
    outer loop
      vertex -84.9445 -12.0555 0
      vertex -84.786 11.9089 0
      vertex -84.786 -11.9089 0
    endloop
  endfacet
  facet normal 0 0 -1
    outer loop
      vertex -84.9445 -12.0555 0
      vertex -84.9445 12.0555 0
      vertex -84.786 11.9089 0
    endloop
  endfacet
  facet normal 0 0 -1
    outer loop
      vertex -85.0911 -12.214 0
      vertex -84.9445 12.0555 0
      vertex -84.9445 -12.0555 0
    endloop
  endfacet
  facet normal 0 0 -1
    outer loop
      vertex -85.0911 -12.214 0
      vertex -85.0911 12.214 0
      vertex -84.9445 12.0555 0
    endloop
  endfacet
  facet normal 0 0 -1
    outer loop
      vertex -85.2248 -12.3836 0
      vertex -85.0911 12.214 0
      vertex -85.0911 -12.214 0
    endloop
  endfacet
  facet normal 0 0 -1
    outer loop
      vertex -85.2248 -12.3836 0
      vertex -85.2248 12.3836 0
      vertex -85.0911 12.214 0
    endloop
  endfacet
  facet normal 0 0 -1
    outer loop
      vertex -85.3448 -12.5631 0
      vertex -85.2248 12.3836 0
      vertex -85.2248 -12.3836 0
    endloop
  endfacet
  facet normal 0 0 -1
    outer loop
      vertex -85.3448 -12.5631 0
      vertex -85.3448 12.5631 0
      vertex -85.2248 12.3836 0
    endloop
  endfacet
  facet normal 0 0 -1
    outer loop
      vertex -85.4503 -12.7515 0
      vertex -85.3448 12.5631 0
      vertex -85.3448 -12.5631 0
    endloop
  endfacet
  facet normal 0 0 -1
    outer loop
      vertex -85.4503 -12.7515 0
      vertex -85.4503 12.7515 0
      vertex -85.3448 12.5631 0
    endloop
  endfacet
  facet normal 0 0 -1
    outer loop
      vertex -90 -19 0
      vertex -85.4503 -12.7515 0
      vertex -85.5407 -12.9476 0
    endloop
  endfacet
  facet normal -0 0 -1
    outer loop
      vertex -85.4503 -12.7515 0
      vertex -90 -19 0
      vertex -85.4503 12.7515 0
    endloop
  endfacet
  facet normal 0 0 -1
    outer loop
      vertex -90 -19 0
      vertex -85.5407 -12.9476 0
      vertex -85.6154 -13.1502 0
    endloop
  endfacet
  facet normal 0 0 -1
    outer loop
      vertex -90 19 0
      vertex -85.4503 12.7515 0
      vertex -90 -19 0
    endloop
  endfacet
  facet normal 0 0 -1
    outer loop
      vertex -90 -19 0
      vertex -85.6154 -13.1502 0
      vertex -85.674 -13.358 0
    endloop
  endfacet
  facet normal 0 0 -1
    outer loop
      vertex -85.4503 12.7515 0
      vertex -90 19 0
      vertex -85.5407 12.9476 0
    endloop
  endfacet
  facet normal 0 0 -1
    outer loop
      vertex -90 -19 0
      vertex -85.674 -13.358 0
      vertex -85.7161 -13.5698 0
    endloop
  endfacet
  facet normal 0 0 -1
    outer loop
      vertex -85.5407 12.9476 0
      vertex -90 19 0
      vertex -85.6154 13.1502 0
    endloop
  endfacet
  facet normal 0 0 -1
    outer loop
      vertex -90 -19 0
      vertex -85.7161 -13.5698 0
      vertex -85.7415 -13.7842 0
    endloop
  endfacet
  facet normal 0 0 -1
    outer loop
      vertex -85.6154 13.1502 0
      vertex -90 19 0
      vertex -85.674 13.358 0
    endloop
  endfacet
  facet normal 0 0 -1
    outer loop
      vertex -90 -19 0
      vertex -85.7415 -13.7842 0
      vertex -85.75 -14 0
    endloop
  endfacet
  facet normal 0 0 -1
    outer loop
      vertex -85.674 13.358 0
      vertex -90 19 0
      vertex -85.7161 13.5698 0
    endloop
  endfacet
  facet normal 0 0 -1
    outer loop
      vertex 85.674 -13.358 0
      vertex 90 -19 0
      vertex 85.7161 -13.5698 0
    endloop
  endfacet
  facet normal 0 0 -1
    outer loop
      vertex 90 19 0
      vertex 85.7415 13.7842 0
      vertex 85.75 14 0
    endloop
  endfacet
  facet normal 0 0 -1
    outer loop
      vertex 85.6154 -13.1502 0
      vertex 90 -19 0
      vertex 85.674 -13.358 0
    endloop
  endfacet
  facet normal 0 0 -1
    outer loop
      vertex 90 19 0
      vertex 85.7161 13.5698 0
      vertex 85.7415 13.7842 0
    endloop
  endfacet
  facet normal 0 0 -1
    outer loop
      vertex 85.5407 -12.9476 0
      vertex 90 -19 0
      vertex 85.6154 -13.1502 0
    endloop
  endfacet
  facet normal 0 0 -1
    outer loop
      vertex 90 19 0
      vertex 85.674 13.358 0
      vertex 85.7161 13.5698 0
    endloop
  endfacet
  facet normal 0 0 -1
    outer loop
      vertex 85.4503 -12.7515 0
      vertex 90 -19 0
      vertex 85.5407 -12.9476 0
    endloop
  endfacet
  facet normal 0 0 -1
    outer loop
      vertex 90 19 0
      vertex 85.6154 13.1502 0
      vertex 85.674 13.358 0
    endloop
  endfacet
  facet normal 0 0 -1
    outer loop
      vertex 90 -19 0
      vertex 85.4503 -12.7515 0
      vertex 90 19 0
    endloop
  endfacet
  facet normal 0 0 -1
    outer loop
      vertex 90 19 0
      vertex 85.5407 12.9476 0
      vertex 85.6154 13.1502 0
    endloop
  endfacet
  facet normal 0 0 -1
    outer loop
      vertex 85.4503 12.7515 0
      vertex 90 19 0
      vertex 85.4503 -12.7515 0
    endloop
  endfacet
  facet normal 0 0 -1
    outer loop
      vertex 90 19 0
      vertex 85.4503 12.7515 0
      vertex 85.5407 12.9476 0
    endloop
  endfacet
  facet normal 0 0 -1
    outer loop
      vertex 85.3448 -12.5631 0
      vertex 85.4503 12.7515 0
      vertex 85.4503 -12.7515 0
    endloop
  endfacet
  facet normal 0 0 -1
    outer loop
      vertex 85.3448 -12.5631 0
      vertex 85.3448 12.5631 0
      vertex 85.4503 12.7515 0
    endloop
  endfacet
  facet normal 0 0 -1
    outer loop
      vertex 85.2248 -12.3836 0
      vertex 85.3448 12.5631 0
      vertex 85.3448 -12.5631 0
    endloop
  endfacet
  facet normal 0 0 -1
    outer loop
      vertex 85.2248 -12.3836 0
      vertex 85.2248 12.3836 0
      vertex 85.3448 12.5631 0
    endloop
  endfacet
  facet normal 0 0 -1
    outer loop
      vertex 85.0911 -12.214 0
      vertex 85.2248 12.3836 0
      vertex 85.2248 -12.3836 0
    endloop
  endfacet
  facet normal 0 0 -1
    outer loop
      vertex 85.0911 -12.214 0
      vertex 85.0911 12.214 0
      vertex 85.2248 12.3836 0
    endloop
  endfacet
  facet normal 0 0 -1
    outer loop
      vertex 84.9445 -12.0555 0
      vertex 85.0911 12.214 0
      vertex 85.0911 -12.214 0
    endloop
  endfacet
  facet normal 0 0 -1
    outer loop
      vertex 84.9445 -12.0555 0
      vertex 84.9445 12.0555 0
      vertex 85.0911 12.214 0
    endloop
  endfacet
  facet normal 0 0 -1
    outer loop
      vertex 84.786 -11.9089 0
      vertex 84.9445 12.0555 0
      vertex 84.9445 -12.0555 0
    endloop
  endfacet
  facet normal 0 0 -1
    outer loop
      vertex 84.786 -11.9089 0
      vertex 84.786 11.9089 0
      vertex 84.9445 12.0555 0
    endloop
  endfacet
  facet normal 0 0 -1
    outer loop
      vertex 84.6164 -11.7752 0
      vertex 84.786 11.9089 0
      vertex 84.786 -11.9089 0
    endloop
  endfacet
  facet normal 0 0 -1
    outer loop
      vertex 84.6164 -11.7752 0
      vertex 84.6164 11.7752 0
      vertex 84.786 11.9089 0
    endloop
  endfacet
  facet normal 0 0 -1
    outer loop
      vertex 84.4369 -11.6552 0
      vertex 84.6164 11.7752 0
      vertex 84.6164 -11.7752 0
    endloop
  endfacet
  facet normal 0 0 -1
    outer loop
      vertex 84.4369 -11.6552 0
      vertex 84.4369 11.6552 0
      vertex 84.6164 11.7752 0
    endloop
  endfacet
  facet normal 0 0 -1
    outer loop
      vertex 84.2485 -11.5497 0
      vertex 84.4369 11.6552 0
      vertex 84.4369 -11.6552 0
    endloop
  endfacet
  facet normal 0 0 -1
    outer loop
      vertex 84.2485 -11.5497 0
      vertex 84.2485 11.5497 0
      vertex 84.4369 11.6552 0
    endloop
  endfacet
  facet normal 0 0 -1
    outer loop
      vertex 84.0524 -11.4593 0
      vertex 84.2485 11.5497 0
      vertex 84.2485 -11.5497 0
    endloop
  endfacet
  facet normal 0 0 -1
    outer loop
      vertex 84.0524 -11.4593 0
      vertex 84.0524 11.4593 0
      vertex 84.2485 11.5497 0
    endloop
  endfacet
  facet normal 0 0 -1
    outer loop
      vertex 83.8498 -11.3846 0
      vertex 84.0524 11.4593 0
      vertex 84.0524 -11.4593 0
    endloop
  endfacet
  facet normal 0 0 -1
    outer loop
      vertex 83.8498 -11.3846 0
      vertex 83.8498 11.3846 0
      vertex 84.0524 11.4593 0
    endloop
  endfacet
  facet normal 0 0 -1
    outer loop
      vertex 83.642 -11.326 0
      vertex 83.8498 11.3846 0
      vertex 83.8498 -11.3846 0
    endloop
  endfacet
  facet normal 0 0 -1
    outer loop
      vertex 83.642 -11.326 0
      vertex 83.642 11.326 0
      vertex 83.8498 11.3846 0
    endloop
  endfacet
  facet normal 0 0 -1
    outer loop
      vertex 83.4302 -11.2839 0
      vertex 83.642 11.326 0
      vertex 83.642 -11.326 0
    endloop
  endfacet
  facet normal 0 0 -1
    outer loop
      vertex 83.4302 -11.2839 0
      vertex 83.4302 11.2839 0
      vertex 83.642 11.326 0
    endloop
  endfacet
  facet normal 0 0 -1
    outer loop
      vertex 83.2158 -11.2585 0
      vertex 83.4302 11.2839 0
      vertex 83.4302 -11.2839 0
    endloop
  endfacet
  facet normal 0 0 -1
    outer loop
      vertex 83.2158 -11.2585 0
      vertex 83.2158 11.2585 0
      vertex 83.4302 11.2839 0
    endloop
  endfacet
  facet normal 0 0 -1
    outer loop
      vertex 83 -11.25 0
      vertex 83.2158 11.2585 0
      vertex 83.2158 -11.2585 0
    endloop
  endfacet
  facet normal 0 0 -1
    outer loop
      vertex 83 -11.25 0
      vertex 83 11.25 0
      vertex 83.2158 11.2585 0
    endloop
  endfacet
  facet normal 0 0 -1
    outer loop
      vertex 82.7842 -11.2585 0
      vertex 83 11.25 0
      vertex 83 -11.25 0
    endloop
  endfacet
  facet normal 0 0 -1
    outer loop
      vertex 82.7842 -11.2585 0
      vertex 82.7842 11.2585 0
      vertex 83 11.25 0
    endloop
  endfacet
  facet normal 0 0 -1
    outer loop
      vertex 82.5698 -11.2839 0
      vertex 82.7842 11.2585 0
      vertex 82.7842 -11.2585 0
    endloop
  endfacet
  facet normal 0 0 -1
    outer loop
      vertex 82.5698 -11.2839 0
      vertex 82.5698 11.2839 0
      vertex 82.7842 11.2585 0
    endloop
  endfacet
  facet normal 0 0 -1
    outer loop
      vertex 82.358 -11.326 0
      vertex 82.5698 11.2839 0
      vertex 82.5698 -11.2839 0
    endloop
  endfacet
  facet normal 0 0 -1
    outer loop
      vertex 82.358 -11.326 0
      vertex 82.358 11.326 0
      vertex 82.5698 11.2839 0
    endloop
  endfacet
  facet normal 0 0 -1
    outer loop
      vertex 82.1502 -11.3846 0
      vertex 82.358 11.326 0
      vertex 82.358 -11.326 0
    endloop
  endfacet
  facet normal 0 0 -1
    outer loop
      vertex 82.1502 -11.3846 0
      vertex 82.1502 11.3846 0
      vertex 82.358 11.326 0
    endloop
  endfacet
  facet normal 0 0 -1
    outer loop
      vertex 81.9476 -11.4593 0
      vertex 82.1502 11.3846 0
      vertex 82.1502 -11.3846 0
    endloop
  endfacet
  facet normal 0 0 -1
    outer loop
      vertex 81.9476 -11.4593 0
      vertex 81.9476 11.4593 0
      vertex 82.1502 11.3846 0
    endloop
  endfacet
  facet normal 0 0 -1
    outer loop
      vertex 65 0 0
      vertex 81.9476 -11.4593 0
      vertex 81.7515 -11.5497 0
    endloop
  endfacet
  facet normal 0 0 -1
    outer loop
      vertex 81.9476 -11.4593 0
      vertex 65 0 0
      vertex 81.9476 11.4593 0
    endloop
  endfacet
  facet normal 0 0 -1
    outer loop
      vertex 64.9846 -0.392295 0
      vertex 81.7515 -11.5497 0
      vertex 81.5631 -11.6552 0
    endloop
  endfacet
  facet normal -0 0 -1
    outer loop
      vertex 81.9476 11.4593 0
      vertex 65 0 0
      vertex 81.7515 11.5497 0
    endloop
  endfacet
  facet normal 0 0 -1
    outer loop
      vertex 64.9384 -0.782172 0
      vertex 81.5631 -11.6552 0
      vertex 81.3836 -11.7752 0
    endloop
  endfacet
  facet normal 0 0 -1
    outer loop
      vertex 64.9846 0.392295 0
      vertex 81.7515 11.5497 0
      vertex 65 0 0
    endloop
  endfacet
  facet normal 0 0 -1
    outer loop
      vertex 64.8618 -1.16723 0
      vertex 81.3836 -11.7752 0
      vertex 81.214 -11.9089 0
    endloop
  endfacet
  facet normal -0 0 -1
    outer loop
      vertex 81.7515 11.5497 0
      vertex 64.9846 0.392295 0
      vertex 81.5631 11.6552 0
    endloop
  endfacet
  facet normal 0 0 -1
    outer loop
      vertex 64.7553 -1.54508 0
      vertex 81.214 -11.9089 0
      vertex 81.0555 -12.0555 0
    endloop
  endfacet
  facet normal 0 0 -1
    outer loop
      vertex 64.9384 0.782172 0
      vertex 81.5631 11.6552 0
      vertex 64.9846 0.392295 0
    endloop
  endfacet
  facet normal 0 0 -1
    outer loop
      vertex 64.6194 -1.91342 0
      vertex 81.0555 -12.0555 0
      vertex 80.9089 -12.214 0
    endloop
  endfacet
  facet normal -0 0 -1
    outer loop
      vertex 81.5631 11.6552 0
      vertex 64.9384 0.782172 0
      vertex 81.3836 11.7752 0
    endloop
  endfacet
  facet normal 0 0 -1
    outer loop
      vertex 64.455 -2.26995 0
      vertex 80.9089 -12.214 0
      vertex 80.7752 -12.3836 0
    endloop
  endfacet
  facet normal 0 0 -1
    outer loop
      vertex 64.8618 1.16723 0
      vertex 81.3836 11.7752 0
      vertex 64.9384 0.782172 0
    endloop
  endfacet
  facet normal 0 0 -1
    outer loop
      vertex 64.455 -2.26995 0
      vertex 80.7752 -12.3836 0
      vertex 80.6552 -12.5631 0
    endloop
  endfacet
  facet normal -0 0 -1
    outer loop
      vertex 81.3836 11.7752 0
      vertex 64.8618 1.16723 0
      vertex 81.214 11.9089 0
    endloop
  endfacet
  facet normal 0 0 -1
    outer loop
      vertex 64.2632 -2.61249 0
      vertex 80.6552 -12.5631 0
      vertex 80.5497 -12.7515 0
    endloop
  endfacet
  facet normal 0 0 -1
    outer loop
      vertex 64.7553 1.54508 0
      vertex 81.214 11.9089 0
      vertex 64.8618 1.16723 0
    endloop
  endfacet
  facet normal 0 0 -1
    outer loop
      vertex 64.0451 -2.93893 0
      vertex 80.5497 -12.7515 0
      vertex 80.4593 -12.9476 0
    endloop
  endfacet
  facet normal -0 0 -1
    outer loop
      vertex 81.214 11.9089 0
      vertex 64.7553 1.54508 0
      vertex 81.0555 12.0555 0
    endloop
  endfacet
  facet normal 0 0 -1
    outer loop
      vertex 63.802 -3.24724 0
      vertex 80.4593 -12.9476 0
      vertex 80.3846 -13.1502 0
    endloop
  endfacet
  facet normal 0 0 -1
    outer loop
      vertex 64.6194 1.91342 0
      vertex 81.0555 12.0555 0
      vertex 64.7553 1.54508 0
    endloop
  endfacet
  facet normal 0 0 -1
    outer loop
      vertex 63.5355 -3.53553 0
      vertex 80.3846 -13.1502 0
      vertex 80.326 -13.358 0
    endloop
  endfacet
  facet normal -0 0 -1
    outer loop
      vertex 81.0555 12.0555 0
      vertex 64.6194 1.91342 0
      vertex 80.9089 12.214 0
    endloop
  endfacet
  facet normal 0 0 -1
    outer loop
      vertex 63.2472 -3.80203 0
      vertex 80.326 -13.358 0
      vertex 80.2839 -13.5698 0
    endloop
  endfacet
  facet normal 0 0 -1
    outer loop
      vertex 64.455 2.26995 0
      vertex 80.9089 12.214 0
      vertex 64.6194 1.91342 0
    endloop
  endfacet
  facet normal 0 0 -1
    outer loop
      vertex 62.9389 -4.04508 0
      vertex 80.2839 -13.5698 0
      vertex 80.2585 -13.7842 0
    endloop
  endfacet
  facet normal -0 0 -1
    outer loop
      vertex 80.9089 12.214 0
      vertex 64.455 2.26995 0
      vertex 80.7752 12.3836 0
    endloop
  endfacet
  facet normal 0 0 -1
    outer loop
      vertex 62.9389 -4.04508 0
      vertex 80.2585 -13.7842 0
      vertex 80.25 -14 0
    endloop
  endfacet
  facet normal -0 0 -1
    outer loop
      vertex 80.7752 12.3836 0
      vertex 64.455 2.26995 0
      vertex 80.6552 12.5631 0
    endloop
  endfacet
  facet normal 0 0 -1
    outer loop
      vertex 84.786 -16.0911 0
      vertex 90 -19 0
      vertex 89.9908 -19.2354 0
    endloop
  endfacet
  facet normal 0 0 -1
    outer loop
      vertex 85.7415 -13.7842 0
      vertex 90 -19 0
      vertex 85.75 -14 0
    endloop
  endfacet
  facet normal 0 0 -1
    outer loop
      vertex 84.786 -16.0911 0
      vertex 89.9908 -19.2354 0
      vertex 89.9631 -19.4693 0
    endloop
  endfacet
  facet normal 0 0 -1
    outer loop
      vertex 85.7161 -13.5698 0
      vertex 90 -19 0
      vertex 85.7415 -13.7842 0
    endloop
  endfacet
  facet normal 0 0 -1
    outer loop
      vertex 84.786 -16.0911 0
      vertex 89.9631 -19.4693 0
      vertex 89.9171 -19.7003 0
    endloop
  endfacet
  facet normal 0 0 -1
    outer loop
      vertex 85.7415 14.2158 0
      vertex 90 19 0
      vertex 85.75 14 0
    endloop
  endfacet
  facet normal 0 0 -1
    outer loop
      vertex 84.786 -16.0911 0
      vertex 89.9171 -19.7003 0
      vertex 89.8532 -19.927 0
    endloop
  endfacet
  facet normal 0 0 -1
    outer loop
      vertex 85.7161 14.4302 0
      vertex 90 19 0
      vertex 85.7415 14.2158 0
    endloop
  endfacet
  facet normal 0 0 -1
    outer loop
      vertex 84.786 -16.0911 0
      vertex 89.8532 -19.927 0
      vertex 89.7716 -20.1481 0
    endloop
  endfacet
  facet normal 0 0 -1
    outer loop
      vertex 85.674 14.642 0
      vertex 90 19 0
      vertex 85.7161 14.4302 0
    endloop
  endfacet
  facet normal 0 0 -1
    outer loop
      vertex 84.786 -16.0911 0
      vertex 89.7716 -20.1481 0
      vertex 89.673 -20.362 0
    endloop
  endfacet
  facet normal 0 0 -1
    outer loop
      vertex 85.6154 14.8498 0
      vertex 90 19 0
      vertex 85.674 14.642 0
    endloop
  endfacet
  facet normal 0 0 -1
    outer loop
      vertex 84.786 -16.0911 0
      vertex 89.673 -20.362 0
      vertex 89.5579 -20.5675 0
    endloop
  endfacet
  facet normal 0 0 -1
    outer loop
      vertex 85.5407 15.0524 0
      vertex 90 19 0
      vertex 85.6154 14.8498 0
    endloop
  endfacet
  facet normal 0 0 -1
    outer loop
      vertex 84.786 -16.0911 0
      vertex 89.5579 -20.5675 0
      vertex 89.427 -20.7634 0
    endloop
  endfacet
  facet normal 0 0 -1
    outer loop
      vertex 85.4503 15.2485 0
      vertex 90 19 0
      vertex 85.5407 15.0524 0
    endloop
  endfacet
  facet normal 0 0 -1
    outer loop
      vertex 84.786 -16.0911 0
      vertex 89.427 -20.7634 0
      vertex 89.2812 -20.9483 0
    endloop
  endfacet
  facet normal 0 0 -1
    outer loop
      vertex 85.3448 15.4369 0
      vertex 90 19 0
      vertex 85.4503 15.2485 0
    endloop
  endfacet
  facet normal 0 0 -1
    outer loop
      vertex 84.786 -16.0911 0
      vertex 89.2812 -20.9483 0
      vertex 89.1213 -21.1213 0
    endloop
  endfacet
  facet normal 0 0 -1
    outer loop
      vertex 85.2248 15.6164 0
      vertex 90 19 0
      vertex 85.3448 15.4369 0
    endloop
  endfacet
  facet normal 0 0 -1
    outer loop
      vertex 84.786 -16.0911 0
      vertex 89.1213 -21.1213 0
      vertex 88.9483 -21.2812 0
    endloop
  endfacet
  facet normal 0 0 -1
    outer loop
      vertex 85.0911 15.786 0
      vertex 90 19 0
      vertex 85.2248 15.6164 0
    endloop
  endfacet
  facet normal 0 0 -1
    outer loop
      vertex 84.786 -16.0911 0
      vertex 88.9483 -21.2812 0
      vertex 88.7634 -21.427 0
    endloop
  endfacet
  facet normal 0 0 -1
    outer loop
      vertex 84.9445 15.9445 0
      vertex 90 19 0
      vertex 85.0911 15.786 0
    endloop
  endfacet
  facet normal 0 0 -1
    outer loop
      vertex 84.786 -16.0911 0
      vertex 88.7634 -21.427 0
      vertex 88.5675 -21.5579 0
    endloop
  endfacet
  facet normal 0 0 -1
    outer loop
      vertex 84.786 16.0911 0
      vertex 90 19 0
      vertex 84.9445 15.9445 0
    endloop
  endfacet
  facet normal 0 0 -1
    outer loop
      vertex 84.786 -16.0911 0
      vertex 88.5675 -21.5579 0
      vertex 88.362 -21.673 0
    endloop
  endfacet
  facet normal -0 0 -1
    outer loop
      vertex 90 19 0
      vertex 84.786 16.0911 0
      vertex 89.9908 19.2354 0
    endloop
  endfacet
  facet normal 0 0 -1
    outer loop
      vertex 84.786 -16.0911 0
      vertex 88.362 -21.673 0
      vertex 88.1481 -21.7716 0
    endloop
  endfacet
  facet normal -0 0 -1
    outer loop
      vertex 89.9908 19.2354 0
      vertex 84.786 16.0911 0
      vertex 89.9631 19.4693 0
    endloop
  endfacet
  facet normal 0 0 -1
    outer loop
      vertex 84.786 -16.0911 0
      vertex 88.1481 -21.7716 0
      vertex 87.927 -21.8532 0
    endloop
  endfacet
  facet normal -0 0 -1
    outer loop
      vertex 89.9631 19.4693 0
      vertex 84.786 16.0911 0
      vertex 89.9171 19.7003 0
    endloop
  endfacet
  facet normal 0 0 -1
    outer loop
      vertex 84.786 -16.0911 0
      vertex 87.927 -21.8532 0
      vertex 87.7003 -21.9171 0
    endloop
  endfacet
  facet normal -0 0 -1
    outer loop
      vertex 89.9171 19.7003 0
      vertex 84.786 16.0911 0
      vertex 89.8532 19.927 0
    endloop
  endfacet
  facet normal 0 0 -1
    outer loop
      vertex 84.786 -16.0911 0
      vertex 87.7003 -21.9171 0
      vertex 87.4693 -21.9631 0
    endloop
  endfacet
  facet normal -0 0 -1
    outer loop
      vertex 89.8532 19.927 0
      vertex 84.786 16.0911 0
      vertex 89.7716 20.1481 0
    endloop
  endfacet
  facet normal 0 0 -1
    outer loop
      vertex 84.786 -16.0911 0
      vertex 87.4693 -21.9631 0
      vertex 87.2354 -21.9908 0
    endloop
  endfacet
  facet normal -0 0 -1
    outer loop
      vertex 89.7716 20.1481 0
      vertex 84.786 16.0911 0
      vertex 89.673 20.362 0
    endloop
  endfacet
  facet normal 0 0 -1
    outer loop
      vertex 84.786 -16.0911 0
      vertex 87.2354 -21.9908 0
      vertex 87 -22 0
    endloop
  endfacet
  facet normal -0 0 -1
    outer loop
      vertex 89.673 20.362 0
      vertex 84.786 16.0911 0
      vertex 89.5579 20.5675 0
    endloop
  endfacet
  facet normal -0 0 -1
    outer loop
      vertex 89.5579 20.5675 0
      vertex 84.786 16.0911 0
      vertex 89.427 20.7634 0
    endloop
  endfacet
  facet normal 0 0 -1
    outer loop
      vertex 90 -19 0
      vertex 85.7415 -14.2158 0
      vertex 85.75 -14 0
    endloop
  endfacet
  facet normal 0 0 -1
    outer loop
      vertex 90 -19 0
      vertex 85.7161 -14.4302 0
      vertex 85.7415 -14.2158 0
    endloop
  endfacet
  facet normal 0 0 -1
    outer loop
      vertex 90 -19 0
      vertex 85.674 -14.642 0
      vertex 85.7161 -14.4302 0
    endloop
  endfacet
  facet normal 0 0 -1
    outer loop
      vertex 90 -19 0
      vertex 85.6154 -14.8498 0
      vertex 85.674 -14.642 0
    endloop
  endfacet
  facet normal 0 0 -1
    outer loop
      vertex 90 -19 0
      vertex 85.5407 -15.0524 0
      vertex 85.6154 -14.8498 0
    endloop
  endfacet
  facet normal 0 0 -1
    outer loop
      vertex 90 -19 0
      vertex 85.4503 -15.2485 0
      vertex 85.5407 -15.0524 0
    endloop
  endfacet
  facet normal 0 0 -1
    outer loop
      vertex 90 -19 0
      vertex 85.3448 -15.4369 0
      vertex 85.4503 -15.2485 0
    endloop
  endfacet
  facet normal 0 0 -1
    outer loop
      vertex 90 -19 0
      vertex 85.2248 -15.6164 0
      vertex 85.3448 -15.4369 0
    endloop
  endfacet
  facet normal 0 0 -1
    outer loop
      vertex 90 -19 0
      vertex 85.0911 -15.786 0
      vertex 85.2248 -15.6164 0
    endloop
  endfacet
  facet normal 0 0 -1
    outer loop
      vertex 90 -19 0
      vertex 84.9445 -15.9445 0
      vertex 85.0911 -15.786 0
    endloop
  endfacet
  facet normal 0 0 -1
    outer loop
      vertex 90 -19 0
      vertex 84.786 -16.0911 0
      vertex 84.9445 -15.9445 0
    endloop
  endfacet
  facet normal 0 0 -1
    outer loop
      vertex 87 -22 0
      vertex 84.6164 -16.2248 0
      vertex 84.786 -16.0911 0
    endloop
  endfacet
  facet normal 0 0 -1
    outer loop
      vertex 87 -22 0
      vertex 84.4369 -16.3448 0
      vertex 84.6164 -16.2248 0
    endloop
  endfacet
  facet normal 0 0 -1
    outer loop
      vertex 87 -22 0
      vertex 84.2485 -16.4503 0
      vertex 84.4369 -16.3448 0
    endloop
  endfacet
  facet normal 0 0 -1
    outer loop
      vertex 87 -22 0
      vertex 84.0524 -16.5407 0
      vertex 84.2485 -16.4503 0
    endloop
  endfacet
  facet normal 0 0 -1
    outer loop
      vertex 87 -22 0
      vertex 83.8498 -16.6154 0
      vertex 84.0524 -16.5407 0
    endloop
  endfacet
  facet normal 0 0 -1
    outer loop
      vertex 87 -22 0
      vertex 83.642 -16.674 0
      vertex 83.8498 -16.6154 0
    endloop
  endfacet
  facet normal 0 0 -1
    outer loop
      vertex 87 -22 0
      vertex 83.4302 -16.7161 0
      vertex 83.642 -16.674 0
    endloop
  endfacet
  facet normal 0 0 -1
    outer loop
      vertex 87 -22 0
      vertex 83.2158 -16.7415 0
      vertex 83.4302 -16.7161 0
    endloop
  endfacet
  facet normal 0 0 -1
    outer loop
      vertex 87 -22 0
      vertex 83 -16.75 0
      vertex 83.2158 -16.7415 0
    endloop
  endfacet
  facet normal 0 0 -1
    outer loop
      vertex 87 -22 0
      vertex 82.7842 -16.7415 0
      vertex 83 -16.75 0
    endloop
  endfacet
  facet normal 0 0 -1
    outer loop
      vertex 87 -22 0
      vertex 82.5698 -16.7161 0
      vertex 82.7842 -16.7415 0
    endloop
  endfacet
  facet normal 0 0 -1
    outer loop
      vertex 87 -22 0
      vertex 82.358 -16.674 0
      vertex 82.5698 -16.7161 0
    endloop
  endfacet
  facet normal 0 0 -1
    outer loop
      vertex 87 -22 0
      vertex 82.1502 -16.6154 0
      vertex 82.358 -16.674 0
    endloop
  endfacet
  facet normal 0 0 -1
    outer loop
      vertex 87 -22 0
      vertex 81.9476 -16.5407 0
      vertex 82.1502 -16.6154 0
    endloop
  endfacet
  facet normal 0 0 -1
    outer loop
      vertex 87 -22 0
      vertex 81.7515 -16.4503 0
      vertex 81.9476 -16.5407 0
    endloop
  endfacet
  facet normal 0 0 -1
    outer loop
      vertex 87 -22 0
      vertex 81.5631 -16.3448 0
      vertex 81.7515 -16.4503 0
    endloop
  endfacet
  facet normal 0 0 -1
    outer loop
      vertex 87 -22 0
      vertex 81.3836 -16.2248 0
      vertex 81.5631 -16.3448 0
    endloop
  endfacet
  facet normal 0 0 -1
    outer loop
      vertex 87 -22 0
      vertex 81.214 -16.0911 0
      vertex 81.3836 -16.2248 0
    endloop
  endfacet
  facet normal 0 0 -1
    outer loop
      vertex 58.8328 -4.86185 0
      vertex 81.214 -16.0911 0
      vertex 87 -22 0
    endloop
  endfacet
  facet normal 0 0 -1
    outer loop
      vertex 64.2632 2.61249 0
      vertex 80.6552 12.5631 0
      vertex 64.455 2.26995 0
    endloop
  endfacet
  facet normal 0 0 -1
    outer loop
      vertex 62.6125 -4.2632 0
      vertex 80.25 -14 0
      vertex 80.2585 -14.2158 0
    endloop
  endfacet
  facet normal 0 0 -1
    outer loop
      vertex 62.27 -4.45503 0
      vertex 80.2585 -14.2158 0
      vertex 80.2839 -14.4302 0
    endloop
  endfacet
  facet normal 0 0 -1
    outer loop
      vertex 61.9134 -4.6194 0
      vertex 80.2839 -14.4302 0
      vertex 80.326 -14.642 0
    endloop
  endfacet
  facet normal 0 0 -1
    outer loop
      vertex 61.5451 -4.75528 0
      vertex 80.326 -14.642 0
      vertex 80.3846 -14.8498 0
    endloop
  endfacet
  facet normal 0 0 -1
    outer loop
      vertex 61.1672 -4.86185 0
      vertex 80.3846 -14.8498 0
      vertex 80.4593 -15.0524 0
    endloop
  endfacet
  facet normal 0 0 -1
    outer loop
      vertex 60.7822 -4.93844 0
      vertex 80.4593 -15.0524 0
      vertex 80.5497 -15.2485 0
    endloop
  endfacet
  facet normal 0 0 -1
    outer loop
      vertex 60.3923 -4.98459 0
      vertex 80.5497 -15.2485 0
      vertex 80.6552 -15.4369 0
    endloop
  endfacet
  facet normal 0 0 -1
    outer loop
      vertex 60.3923 -4.98459 0
      vertex 80.6552 -15.4369 0
      vertex 80.7752 -15.6164 0
    endloop
  endfacet
  facet normal 0 0 -1
    outer loop
      vertex 60 -5 0
      vertex 80.7752 -15.6164 0
      vertex 80.9089 -15.786 0
    endloop
  endfacet
  facet normal 0 0 -1
    outer loop
      vertex 59.6077 -4.98459 0
      vertex 80.9089 -15.786 0
      vertex 81.0555 -15.9445 0
    endloop
  endfacet
  facet normal -0 -0 -1
    outer loop
      vertex 59.2178 -4.93844 0
      vertex 81.214 -16.0911 0
      vertex 58.8328 -4.86185 0
    endloop
  endfacet
  facet normal 0 0 -1
    outer loop
      vertex 81.7515 -11.5497 0
      vertex 64.9846 -0.392295 0
      vertex 65 0 0
    endloop
  endfacet
  facet normal 0 0 -1
    outer loop
      vertex 81.5631 -11.6552 0
      vertex 64.9384 -0.782172 0
      vertex 64.9846 -0.392295 0
    endloop
  endfacet
  facet normal 0 0 -1
    outer loop
      vertex 81.3836 -11.7752 0
      vertex 64.8618 -1.16723 0
      vertex 64.9384 -0.782172 0
    endloop
  endfacet
  facet normal 0 0 -1
    outer loop
      vertex 81.214 -11.9089 0
      vertex 64.7553 -1.54508 0
      vertex 64.8618 -1.16723 0
    endloop
  endfacet
  facet normal 0 0 -1
    outer loop
      vertex 81.0555 -12.0555 0
      vertex 64.6194 -1.91342 0
      vertex 64.7553 -1.54508 0
    endloop
  endfacet
  facet normal 0 0 -1
    outer loop
      vertex 80.9089 -12.214 0
      vertex 64.455 -2.26995 0
      vertex 64.6194 -1.91342 0
    endloop
  endfacet
  facet normal 0 0 -1
    outer loop
      vertex 80.6552 -12.5631 0
      vertex 64.2632 -2.61249 0
      vertex 64.455 -2.26995 0
    endloop
  endfacet
  facet normal 0 0 -1
    outer loop
      vertex 80.5497 -12.7515 0
      vertex 64.0451 -2.93893 0
      vertex 64.2632 -2.61249 0
    endloop
  endfacet
  facet normal 0 0 -1
    outer loop
      vertex 80.4593 -12.9476 0
      vertex 63.802 -3.24724 0
      vertex 64.0451 -2.93893 0
    endloop
  endfacet
  facet normal 0 0 -1
    outer loop
      vertex 80.3846 -13.1502 0
      vertex 63.5355 -3.53553 0
      vertex 63.802 -3.24724 0
    endloop
  endfacet
  facet normal 0 0 -1
    outer loop
      vertex 80.326 -13.358 0
      vertex 63.2472 -3.80203 0
      vertex 63.5355 -3.53553 0
    endloop
  endfacet
  facet normal 0 0 -1
    outer loop
      vertex 80.2839 -13.5698 0
      vertex 62.9389 -4.04508 0
      vertex 63.2472 -3.80203 0
    endloop
  endfacet
  facet normal 0 0 -1
    outer loop
      vertex 80.25 -14 0
      vertex 62.6125 -4.2632 0
      vertex 62.9389 -4.04508 0
    endloop
  endfacet
  facet normal 0 0 -1
    outer loop
      vertex 80.2585 -14.2158 0
      vertex 62.27 -4.45503 0
      vertex 62.6125 -4.2632 0
    endloop
  endfacet
  facet normal 0 0 -1
    outer loop
      vertex 80.2839 -14.4302 0
      vertex 61.9134 -4.6194 0
      vertex 62.27 -4.45503 0
    endloop
  endfacet
  facet normal 0 0 -1
    outer loop
      vertex 80.326 -14.642 0
      vertex 61.5451 -4.75528 0
      vertex 61.9134 -4.6194 0
    endloop
  endfacet
  facet normal 0 0 -1
    outer loop
      vertex 80.3846 -14.8498 0
      vertex 61.1672 -4.86185 0
      vertex 61.5451 -4.75528 0
    endloop
  endfacet
  facet normal 0 0 -1
    outer loop
      vertex 80.4593 -15.0524 0
      vertex 60.7822 -4.93844 0
      vertex 61.1672 -4.86185 0
    endloop
  endfacet
  facet normal 0 0 -1
    outer loop
      vertex 80.5497 -15.2485 0
      vertex 60.3923 -4.98459 0
      vertex 60.7822 -4.93844 0
    endloop
  endfacet
  facet normal 0 0 -1
    outer loop
      vertex 80.7752 -15.6164 0
      vertex 60 -5 0
      vertex 60.3923 -4.98459 0
    endloop
  endfacet
  facet normal 0 0 -1
    outer loop
      vertex 80.9089 -15.786 0
      vertex 59.6077 -4.98459 0
      vertex 60 -5 0
    endloop
  endfacet
  facet normal 0 0 -1
    outer loop
      vertex 81.0555 -15.9445 0
      vertex 59.2178 -4.93844 0
      vertex 59.6077 -4.98459 0
    endloop
  endfacet
  facet normal 0 0 -1
    outer loop
      vertex 81.214 -16.0911 0
      vertex 59.2178 -4.93844 0
      vertex 81.0555 -15.9445 0
    endloop
  endfacet
  facet normal 0 0 -1
    outer loop
      vertex 87 -22 0
      vertex 58.4549 -4.75528 0
      vertex 58.8328 -4.86185 0
    endloop
  endfacet
  facet normal 0 0 -1
    outer loop
      vertex 21.5451 -4.75528 0
      vertex 58.4549 -4.75528 0
      vertex 87 -22 0
    endloop
  endfacet
  facet normal 0 0 -1
    outer loop
      vertex 58.4549 -4.75528 0
      vertex 21.5451 -4.75528 0
      vertex 58.0866 -4.6194 0
    endloop
  endfacet
  facet normal 0 -0 -1
    outer loop
      vertex 21.9134 -4.6194 0
      vertex 58.0866 -4.6194 0
      vertex 21.5451 -4.75528 0
    endloop
  endfacet
  facet normal 0 0 -1
    outer loop
      vertex 55.0154 -0.392295 0
      vertex 25 0 0
      vertex 55 0 0
    endloop
  endfacet
  facet normal 0 0 -1
    outer loop
      vertex 24.9846 -0.392295 0
      vertex 55.0154 -0.392295 0
      vertex 55.0616 -0.782172 0
    endloop
  endfacet
  facet normal 0 0 -1
    outer loop
      vertex 24.9384 -0.782172 0
      vertex 55.0616 -0.782172 0
      vertex 55.1381 -1.16723 0
    endloop
  endfacet
  facet normal 0 0 -1
    outer loop
      vertex 24.8618 -1.16723 0
      vertex 55.1381 -1.16723 0
      vertex 55.2447 -1.54508 0
    endloop
  endfacet
  facet normal 0 0 -1
    outer loop
      vertex 24.7553 -1.54508 0
      vertex 55.2447 -1.54508 0
      vertex 55.3806 -1.91342 0
    endloop
  endfacet
  facet normal 0 0 -1
    outer loop
      vertex 24.6194 -1.91342 0
      vertex 55.3806 -1.91342 0
      vertex 55.545 -2.26995 0
    endloop
  endfacet
  facet normal 0 0 -1
    outer loop
      vertex 24.455 -2.26995 0
      vertex 55.545 -2.26995 0
      vertex 55.7368 -2.61249 0
    endloop
  endfacet
  facet normal 0 0 -1
    outer loop
      vertex 24.2632 -2.61249 0
      vertex 55.7368 -2.61249 0
      vertex 55.9549 -2.93893 0
    endloop
  endfacet
  facet normal 0 0 -1
    outer loop
      vertex 24.0451 -2.93893 0
      vertex 55.9549 -2.93893 0
      vertex 56.198 -3.24724 0
    endloop
  endfacet
  facet normal 0 0 -1
    outer loop
      vertex 23.802 -3.24724 0
      vertex 56.198 -3.24724 0
      vertex 56.4645 -3.53553 0
    endloop
  endfacet
  facet normal 0 0 -1
    outer loop
      vertex 23.5355 -3.53553 0
      vertex 56.4645 -3.53553 0
      vertex 56.7528 -3.80203 0
    endloop
  endfacet
  facet normal 0 0 -1
    outer loop
      vertex 23.2472 -3.80203 0
      vertex 56.7528 -3.80203 0
      vertex 57.0611 -4.04508 0
    endloop
  endfacet
  facet normal 0 0 -1
    outer loop
      vertex 22.9389 -4.04508 0
      vertex 57.0611 -4.04508 0
      vertex 57.3875 -4.2632 0
    endloop
  endfacet
  facet normal 0 0 -1
    outer loop
      vertex 58.0866 -4.6194 0
      vertex 21.9134 -4.6194 0
      vertex 57.73 -4.45503 0
    endloop
  endfacet
  facet normal 0 0 -1
    outer loop
      vertex 55.0154 -0.392295 0
      vertex 24.9846 -0.392295 0
      vertex 25 0 0
    endloop
  endfacet
  facet normal 0 0 -1
    outer loop
      vertex 55.0616 -0.782172 0
      vertex 24.9384 -0.782172 0
      vertex 24.9846 -0.392295 0
    endloop
  endfacet
  facet normal 0 0 -1
    outer loop
      vertex 55.1381 -1.16723 0
      vertex 24.8618 -1.16723 0
      vertex 24.9384 -0.782172 0
    endloop
  endfacet
  facet normal 0 0 -1
    outer loop
      vertex 55.2447 -1.54508 0
      vertex 24.7553 -1.54508 0
      vertex 24.8618 -1.16723 0
    endloop
  endfacet
  facet normal 0 0 -1
    outer loop
      vertex 55.3806 -1.91342 0
      vertex 24.6194 -1.91342 0
      vertex 24.7553 -1.54508 0
    endloop
  endfacet
  facet normal 0 0 -1
    outer loop
      vertex 55.545 -2.26995 0
      vertex 24.455 -2.26995 0
      vertex 24.6194 -1.91342 0
    endloop
  endfacet
  facet normal 0 0 -1
    outer loop
      vertex 55.7368 -2.61249 0
      vertex 24.2632 -2.61249 0
      vertex 24.455 -2.26995 0
    endloop
  endfacet
  facet normal 0 0 -1
    outer loop
      vertex 55.9549 -2.93893 0
      vertex 24.0451 -2.93893 0
      vertex 24.2632 -2.61249 0
    endloop
  endfacet
  facet normal 0 0 -1
    outer loop
      vertex 56.198 -3.24724 0
      vertex 23.802 -3.24724 0
      vertex 24.0451 -2.93893 0
    endloop
  endfacet
  facet normal 0 0 -1
    outer loop
      vertex 56.4645 -3.53553 0
      vertex 23.5355 -3.53553 0
      vertex 23.802 -3.24724 0
    endloop
  endfacet
  facet normal 0 0 -1
    outer loop
      vertex 56.7528 -3.80203 0
      vertex 23.2472 -3.80203 0
      vertex 23.5355 -3.53553 0
    endloop
  endfacet
  facet normal 0 0 -1
    outer loop
      vertex 57.0611 -4.04508 0
      vertex 22.9389 -4.04508 0
      vertex 23.2472 -3.80203 0
    endloop
  endfacet
  facet normal 0 0 -1
    outer loop
      vertex 57.3875 -4.2632 0
      vertex 22.6125 -4.2632 0
      vertex 22.9389 -4.04508 0
    endloop
  endfacet
  facet normal -0 0 -1
    outer loop
      vertex 57.3875 -4.2632 0
      vertex 22.27 -4.45503 0
      vertex 22.6125 -4.2632 0
    endloop
  endfacet
  facet normal 0 0 -1
    outer loop
      vertex 57.73 -4.45503 0
      vertex 22.27 -4.45503 0
      vertex 57.3875 -4.2632 0
    endloop
  endfacet
  facet normal 0 -0 -1
    outer loop
      vertex 22.27 -4.45503 0
      vertex 57.73 -4.45503 0
      vertex 21.9134 -4.6194 0
    endloop
  endfacet
  facet normal 0 0 -1
    outer loop
      vertex 87 -22 0
      vertex 21.1672 -4.86185 0
      vertex 21.5451 -4.75528 0
    endloop
  endfacet
  facet normal 0 0 -1
    outer loop
      vertex 87 -22 0
      vertex 20.7822 -4.93844 0
      vertex 21.1672 -4.86185 0
    endloop
  endfacet
  facet normal 0 0 -1
    outer loop
      vertex 87 -22 0
      vertex 20.3923 -4.98459 0
      vertex 20.7822 -4.93844 0
    endloop
  endfacet
  facet normal 0 0 -1
    outer loop
      vertex 87 -22 0
      vertex 20 -5 0
      vertex 20.3923 -4.98459 0
    endloop
  endfacet
  facet normal 0 0 -1
    outer loop
      vertex 87 -22 0
      vertex 19.6077 -4.98459 0
      vertex 20 -5 0
    endloop
  endfacet
  facet normal 0 0 -1
    outer loop
      vertex -19.6077 -4.98459 0
      vertex 19.6077 -4.98459 0
      vertex 87 -22 0
    endloop
  endfacet
  facet normal 0 0 -1
    outer loop
      vertex 19.6077 -4.98459 0
      vertex -19.6077 -4.98459 0
      vertex 19.2178 -4.93844 0
    endloop
  endfacet
  facet normal 0 0 -1
    outer loop
      vertex 15.0154 -0.392295 0
      vertex -15 0 0
      vertex 15 0 0
    endloop
  endfacet
  facet normal 0 0 -1
    outer loop
      vertex -15.0154 -0.392295 0
      vertex 15.0154 -0.392295 0
      vertex 15.0616 -0.782172 0
    endloop
  endfacet
  facet normal 0 0 -1
    outer loop
      vertex -15.0616 -0.782172 0
      vertex 15.0616 -0.782172 0
      vertex 15.1382 -1.16723 0
    endloop
  endfacet
  facet normal 0 0 -1
    outer loop
      vertex -15.1382 -1.16723 0
      vertex 15.1382 -1.16723 0
      vertex 15.2447 -1.54508 0
    endloop
  endfacet
  facet normal 0 0 -1
    outer loop
      vertex -15.2447 -1.54508 0
      vertex 15.2447 -1.54508 0
      vertex 15.3806 -1.91342 0
    endloop
  endfacet
  facet normal 0 0 -1
    outer loop
      vertex -15.3806 -1.91342 0
      vertex 15.3806 -1.91342 0
      vertex 15.545 -2.26995 0
    endloop
  endfacet
  facet normal 0 0 -1
    outer loop
      vertex -15.545 -2.26995 0
      vertex 15.545 -2.26995 0
      vertex 15.7368 -2.61249 0
    endloop
  endfacet
  facet normal 0 0 -1
    outer loop
      vertex -15.7368 -2.61249 0
      vertex 15.7368 -2.61249 0
      vertex 15.9549 -2.93893 0
    endloop
  endfacet
  facet normal 0 0 -1
    outer loop
      vertex -15.9549 -2.93893 0
      vertex 15.9549 -2.93893 0
      vertex 16.198 -3.24724 0
    endloop
  endfacet
  facet normal 0 0 -1
    outer loop
      vertex -16.198 -3.24724 0
      vertex 16.198 -3.24724 0
      vertex 16.4645 -3.53553 0
    endloop
  endfacet
  facet normal 0 0 -1
    outer loop
      vertex -16.4645 -3.53553 0
      vertex 16.4645 -3.53553 0
      vertex 16.7528 -3.80203 0
    endloop
  endfacet
  facet normal 0 0 -1
    outer loop
      vertex -16.7528 -3.80203 0
      vertex 16.7528 -3.80203 0
      vertex 17.0611 -4.04508 0
    endloop
  endfacet
  facet normal 0 0 -1
    outer loop
      vertex -17.0611 -4.04508 0
      vertex 17.0611 -4.04508 0
      vertex 17.3875 -4.2632 0
    endloop
  endfacet
  facet normal 0 0 -1
    outer loop
      vertex -17.3875 -4.2632 0
      vertex 17.3875 -4.2632 0
      vertex 17.73 -4.45503 0
    endloop
  endfacet
  facet normal 0 0 -1
    outer loop
      vertex -17.73 -4.45503 0
      vertex 17.73 -4.45503 0
      vertex 18.0866 -4.6194 0
    endloop
  endfacet
  facet normal 0 0 -1
    outer loop
      vertex -18.0866 -4.6194 0
      vertex 18.0866 -4.6194 0
      vertex 18.4549 -4.75528 0
    endloop
  endfacet
  facet normal 0 0 -1
    outer loop
      vertex -18.4549 -4.75528 0
      vertex 18.4549 -4.75528 0
      vertex 18.8328 -4.86185 0
    endloop
  endfacet
  facet normal 0 -0 -1
    outer loop
      vertex -19.2178 -4.93844 0
      vertex 19.2178 -4.93844 0
      vertex -19.6077 -4.98459 0
    endloop
  endfacet
  facet normal 0 0 -1
    outer loop
      vertex 15.0154 -0.392295 0
      vertex -15.0154 -0.392295 0
      vertex -15 0 0
    endloop
  endfacet
  facet normal 0 0 -1
    outer loop
      vertex 15.0616 -0.782172 0
      vertex -15.0616 -0.782172 0
      vertex -15.0154 -0.392295 0
    endloop
  endfacet
  facet normal 0 0 -1
    outer loop
      vertex 15.1382 -1.16723 0
      vertex -15.1382 -1.16723 0
      vertex -15.0616 -0.782172 0
    endloop
  endfacet
  facet normal 0 0 -1
    outer loop
      vertex 15.2447 -1.54508 0
      vertex -15.2447 -1.54508 0
      vertex -15.1382 -1.16723 0
    endloop
  endfacet
  facet normal 0 0 -1
    outer loop
      vertex 15.3806 -1.91342 0
      vertex -15.3806 -1.91342 0
      vertex -15.2447 -1.54508 0
    endloop
  endfacet
  facet normal 0 0 -1
    outer loop
      vertex 15.545 -2.26995 0
      vertex -15.545 -2.26995 0
      vertex -15.3806 -1.91342 0
    endloop
  endfacet
  facet normal 0 0 -1
    outer loop
      vertex 15.7368 -2.61249 0
      vertex -15.7368 -2.61249 0
      vertex -15.545 -2.26995 0
    endloop
  endfacet
  facet normal 0 0 -1
    outer loop
      vertex 15.9549 -2.93893 0
      vertex -15.9549 -2.93893 0
      vertex -15.7368 -2.61249 0
    endloop
  endfacet
  facet normal 0 0 -1
    outer loop
      vertex 16.198 -3.24724 0
      vertex -16.198 -3.24724 0
      vertex -15.9549 -2.93893 0
    endloop
  endfacet
  facet normal 0 0 -1
    outer loop
      vertex 16.4645 -3.53553 0
      vertex -16.4645 -3.53553 0
      vertex -16.198 -3.24724 0
    endloop
  endfacet
  facet normal 0 0 -1
    outer loop
      vertex 16.7528 -3.80203 0
      vertex -16.7528 -3.80203 0
      vertex -16.4645 -3.53553 0
    endloop
  endfacet
  facet normal 0 0 -1
    outer loop
      vertex 17.0611 -4.04508 0
      vertex -17.0611 -4.04508 0
      vertex -16.7528 -3.80203 0
    endloop
  endfacet
  facet normal 0 0 -1
    outer loop
      vertex 17.3875 -4.2632 0
      vertex -17.3875 -4.2632 0
      vertex -17.0611 -4.04508 0
    endloop
  endfacet
  facet normal 0 0 -1
    outer loop
      vertex 17.73 -4.45503 0
      vertex -17.73 -4.45503 0
      vertex -17.3875 -4.2632 0
    endloop
  endfacet
  facet normal 0 0 -1
    outer loop
      vertex 18.0866 -4.6194 0
      vertex -18.0866 -4.6194 0
      vertex -17.73 -4.45503 0
    endloop
  endfacet
  facet normal 0 0 -1
    outer loop
      vertex 18.4549 -4.75528 0
      vertex -18.4549 -4.75528 0
      vertex -18.0866 -4.6194 0
    endloop
  endfacet
  facet normal 0 0 -1
    outer loop
      vertex 18.8328 -4.86185 0
      vertex -18.8328 -4.86185 0
      vertex -18.4549 -4.75528 0
    endloop
  endfacet
  facet normal -0 0 -1
    outer loop
      vertex 18.8328 -4.86185 0
      vertex -19.2178 -4.93844 0
      vertex -18.8328 -4.86185 0
    endloop
  endfacet
  facet normal 0 0 -1
    outer loop
      vertex 19.2178 -4.93844 0
      vertex -19.2178 -4.93844 0
      vertex 18.8328 -4.86185 0
    endloop
  endfacet
  facet normal 0 0 -1
    outer loop
      vertex -87 -22 0
      vertex -19.6077 -4.98459 0
      vertex 87 -22 0
    endloop
  endfacet
  facet normal 0 0 -1
    outer loop
      vertex -19.6077 -4.98459 0
      vertex -87 -22 0
      vertex -20 -5 0
    endloop
  endfacet
  facet normal -0 0 -1
    outer loop
      vertex -20 -5 0
      vertex -87 -22 0
      vertex -20.3923 -4.98459 0
    endloop
  endfacet
  facet normal 0 0 -1
    outer loop
      vertex -24.9846 -0.392295 0
      vertex -55 0 0
      vertex -25 0 0
    endloop
  endfacet
  facet normal 0 0 -1
    outer loop
      vertex -55.0154 -0.392295 0
      vertex -24.9846 -0.392295 0
      vertex -24.9384 -0.782172 0
    endloop
  endfacet
  facet normal 0 0 -1
    outer loop
      vertex -55.0616 -0.782172 0
      vertex -24.9384 -0.782172 0
      vertex -24.8618 -1.16723 0
    endloop
  endfacet
  facet normal 0 0 -1
    outer loop
      vertex -55.1381 -1.16723 0
      vertex -24.8618 -1.16723 0
      vertex -24.7553 -1.54508 0
    endloop
  endfacet
  facet normal 0 0 -1
    outer loop
      vertex -55.2447 -1.54508 0
      vertex -24.7553 -1.54508 0
      vertex -24.6194 -1.91342 0
    endloop
  endfacet
  facet normal 0 0 -1
    outer loop
      vertex -55.3806 -1.91342 0
      vertex -24.6194 -1.91342 0
      vertex -24.455 -2.26995 0
    endloop
  endfacet
  facet normal 0 0 -1
    outer loop
      vertex -55.545 -2.26995 0
      vertex -24.455 -2.26995 0
      vertex -24.2632 -2.61249 0
    endloop
  endfacet
  facet normal 0 0 -1
    outer loop
      vertex -55.7368 -2.61249 0
      vertex -24.2632 -2.61249 0
      vertex -24.0451 -2.93893 0
    endloop
  endfacet
  facet normal 0 0 -1
    outer loop
      vertex -55.9549 -2.93893 0
      vertex -24.0451 -2.93893 0
      vertex -23.802 -3.24724 0
    endloop
  endfacet
  facet normal 0 0 -1
    outer loop
      vertex -56.198 -3.24724 0
      vertex -23.802 -3.24724 0
      vertex -23.5355 -3.53553 0
    endloop
  endfacet
  facet normal 0 0 -1
    outer loop
      vertex -56.4645 -3.53553 0
      vertex -23.5355 -3.53553 0
      vertex -23.2472 -3.80203 0
    endloop
  endfacet
  facet normal 0 0 -1
    outer loop
      vertex -56.7528 -3.80203 0
      vertex -23.2472 -3.80203 0
      vertex -22.9389 -4.04508 0
    endloop
  endfacet
  facet normal 0 0 -1
    outer loop
      vertex -57.0611 -4.04508 0
      vertex -22.9389 -4.04508 0
      vertex -22.6125 -4.2632 0
    endloop
  endfacet
  facet normal 0 0 -1
    outer loop
      vertex -57.3875 -4.2632 0
      vertex -22.6125 -4.2632 0
      vertex -22.27 -4.45503 0
    endloop
  endfacet
  facet normal 0 0 -1
    outer loop
      vertex -57.73 -4.45503 0
      vertex -22.27 -4.45503 0
      vertex -21.9134 -4.6194 0
    endloop
  endfacet
  facet normal 0 0 -1
    outer loop
      vertex -58.0866 -4.6194 0
      vertex -21.9134 -4.6194 0
      vertex -21.5451 -4.75528 0
    endloop
  endfacet
  facet normal 0 0 -1
    outer loop
      vertex -87 -22 0
      vertex -21.5451 -4.75528 0
      vertex -21.1672 -4.86185 0
    endloop
  endfacet
  facet normal 0 0 -1
    outer loop
      vertex -87 -22 0
      vertex -21.1672 -4.86185 0
      vertex -20.7822 -4.93844 0
    endloop
  endfacet
  facet normal -0 0 -1
    outer loop
      vertex -20.3923 -4.98459 0
      vertex -87 -22 0
      vertex -20.7822 -4.93844 0
    endloop
  endfacet
  facet normal 0 0 -1
    outer loop
      vertex -24.9846 -0.392295 0
      vertex -55.0154 -0.392295 0
      vertex -55 0 0
    endloop
  endfacet
  facet normal 0 0 -1
    outer loop
      vertex -24.9384 -0.782172 0
      vertex -55.0616 -0.782172 0
      vertex -55.0154 -0.392295 0
    endloop
  endfacet
  facet normal 0 0 -1
    outer loop
      vertex -24.8618 -1.16723 0
      vertex -55.1381 -1.16723 0
      vertex -55.0616 -0.782172 0
    endloop
  endfacet
  facet normal 0 0 -1
    outer loop
      vertex -24.7553 -1.54508 0
      vertex -55.2447 -1.54508 0
      vertex -55.1381 -1.16723 0
    endloop
  endfacet
  facet normal 0 0 -1
    outer loop
      vertex -24.6194 -1.91342 0
      vertex -55.3806 -1.91342 0
      vertex -55.2447 -1.54508 0
    endloop
  endfacet
  facet normal 0 0 -1
    outer loop
      vertex -24.455 -2.26995 0
      vertex -55.545 -2.26995 0
      vertex -55.3806 -1.91342 0
    endloop
  endfacet
  facet normal 0 0 -1
    outer loop
      vertex -24.2632 -2.61249 0
      vertex -55.7368 -2.61249 0
      vertex -55.545 -2.26995 0
    endloop
  endfacet
  facet normal 0 0 -1
    outer loop
      vertex -24.0451 -2.93893 0
      vertex -55.9549 -2.93893 0
      vertex -55.7368 -2.61249 0
    endloop
  endfacet
  facet normal 0 0 -1
    outer loop
      vertex -23.802 -3.24724 0
      vertex -56.198 -3.24724 0
      vertex -55.9549 -2.93893 0
    endloop
  endfacet
  facet normal 0 0 -1
    outer loop
      vertex -23.5355 -3.53553 0
      vertex -56.4645 -3.53553 0
      vertex -56.198 -3.24724 0
    endloop
  endfacet
  facet normal 0 0 -1
    outer loop
      vertex -23.2472 -3.80203 0
      vertex -56.7528 -3.80203 0
      vertex -56.4645 -3.53553 0
    endloop
  endfacet
  facet normal 0 0 -1
    outer loop
      vertex -22.9389 -4.04508 0
      vertex -57.0611 -4.04508 0
      vertex -56.7528 -3.80203 0
    endloop
  endfacet
  facet normal 0 0 -1
    outer loop
      vertex -22.6125 -4.2632 0
      vertex -57.3875 -4.2632 0
      vertex -57.0611 -4.04508 0
    endloop
  endfacet
  facet normal 0 0 -1
    outer loop
      vertex -22.27 -4.45503 0
      vertex -57.73 -4.45503 0
      vertex -57.3875 -4.2632 0
    endloop
  endfacet
  facet normal 0 0 -1
    outer loop
      vertex -21.9134 -4.6194 0
      vertex -58.0866 -4.6194 0
      vertex -57.73 -4.45503 0
    endloop
  endfacet
  facet normal -0 0 -1
    outer loop
      vertex -21.5451 -4.75528 0
      vertex -87 -22 0
      vertex -58.4549 -4.75528 0
    endloop
  endfacet
  facet normal 0 0 -1
    outer loop
      vertex -21.5451 -4.75528 0
      vertex -58.4549 -4.75528 0
      vertex -58.0866 -4.6194 0
    endloop
  endfacet
  facet normal 0 0 -1
    outer loop
      vertex -58.4549 -4.75528 0
      vertex -87 -22 0
      vertex -58.8328 -4.86185 0
    endloop
  endfacet
  facet normal 0 -0 -1
    outer loop
      vertex -81.214 -16.0911 0
      vertex -58.8328 -4.86185 0
      vertex -87 -22 0
    endloop
  endfacet
  facet normal 0 0 -1
    outer loop
      vertex -58.8328 -4.86185 0
      vertex -81.214 -16.0911 0
      vertex -59.2178 -4.93844 0
    endloop
  endfacet
  facet normal 0 -0 -1
    outer loop
      vertex -81.0555 -15.9445 0
      vertex -59.2178 -4.93844 0
      vertex -81.214 -16.0911 0
    endloop
  endfacet
  facet normal 0 0 -1
    outer loop
      vertex -80.6552 -12.5631 0
      vertex -64.2632 -2.61249 0
      vertex -80.5497 -12.7515 0
    endloop
  endfacet
  facet normal -0 0 -1
    outer loop
      vertex -64.0451 -2.93893 0
      vertex -80.5497 -12.7515 0
      vertex -64.2632 -2.61249 0
    endloop
  endfacet
  facet normal 0 0 -1
    outer loop
      vertex -80.5497 -12.7515 0
      vertex -64.0451 -2.93893 0
      vertex -80.4593 -12.9476 0
    endloop
  endfacet
  facet normal -0 0 -1
    outer loop
      vertex -63.802 -3.24724 0
      vertex -80.4593 -12.9476 0
      vertex -64.0451 -2.93893 0
    endloop
  endfacet
  facet normal 0 0 -1
    outer loop
      vertex -80.4593 -12.9476 0
      vertex -63.802 -3.24724 0
      vertex -80.3846 -13.1502 0
    endloop
  endfacet
  facet normal -0 0 -1
    outer loop
      vertex -63.5355 -3.53553 0
      vertex -80.3846 -13.1502 0
      vertex -63.802 -3.24724 0
    endloop
  endfacet
  facet normal 0 0 -1
    outer loop
      vertex -80.3846 -13.1502 0
      vertex -63.5355 -3.53553 0
      vertex -80.326 -13.358 0
    endloop
  endfacet
  facet normal -0 0 -1
    outer loop
      vertex -63.2472 -3.80203 0
      vertex -80.326 -13.358 0
      vertex -63.5355 -3.53553 0
    endloop
  endfacet
  facet normal 0 0 -1
    outer loop
      vertex -80.326 -13.358 0
      vertex -63.2472 -3.80203 0
      vertex -80.2839 -13.5698 0
    endloop
  endfacet
  facet normal -0 0 -1
    outer loop
      vertex -62.9389 -4.04508 0
      vertex -80.2839 -13.5698 0
      vertex -63.2472 -3.80203 0
    endloop
  endfacet
  facet normal 0 0 -1
    outer loop
      vertex -80.2839 -13.5698 0
      vertex -62.9389 -4.04508 0
      vertex -80.2585 -13.7842 0
    endloop
  endfacet
  facet normal 0 0 -1
    outer loop
      vertex -80.2585 -13.7842 0
      vertex -62.9389 -4.04508 0
      vertex -80.25 -14 0
    endloop
  endfacet
  facet normal -0 0 -1
    outer loop
      vertex -62.6125 -4.2632 0
      vertex -80.25 -14 0
      vertex -62.9389 -4.04508 0
    endloop
  endfacet
  facet normal 0 0 -1
    outer loop
      vertex -80.2585 -14.2158 0
      vertex -62.6125 -4.2632 0
      vertex -62.27 -4.45503 0
    endloop
  endfacet
  facet normal 0 0 -1
    outer loop
      vertex -80.2839 -14.4302 0
      vertex -62.27 -4.45503 0
      vertex -61.9134 -4.6194 0
    endloop
  endfacet
  facet normal 0 0 -1
    outer loop
      vertex -80.326 -14.642 0
      vertex -61.9134 -4.6194 0
      vertex -61.5451 -4.75528 0
    endloop
  endfacet
  facet normal 0 0 -1
    outer loop
      vertex -80.3846 -14.8498 0
      vertex -61.5451 -4.75528 0
      vertex -61.1672 -4.86185 0
    endloop
  endfacet
  facet normal 0 0 -1
    outer loop
      vertex -80.4593 -15.0524 0
      vertex -61.1672 -4.86185 0
      vertex -60.7822 -4.93844 0
    endloop
  endfacet
  facet normal 0 0 -1
    outer loop
      vertex -80.5497 -15.2485 0
      vertex -60.7822 -4.93844 0
      vertex -60.3923 -4.98459 0
    endloop
  endfacet
  facet normal 0 0 -1
    outer loop
      vertex -59.2178 -4.93844 0
      vertex -81.0555 -15.9445 0
      vertex -59.6077 -4.98459 0
    endloop
  endfacet
  facet normal 0 0 -1
    outer loop
      vertex -62.6125 -4.2632 0
      vertex -80.2585 -14.2158 0
      vertex -80.25 -14 0
    endloop
  endfacet
  facet normal 0 0 -1
    outer loop
      vertex -62.27 -4.45503 0
      vertex -80.2839 -14.4302 0
      vertex -80.2585 -14.2158 0
    endloop
  endfacet
  facet normal 0 0 -1
    outer loop
      vertex -61.9134 -4.6194 0
      vertex -80.326 -14.642 0
      vertex -80.2839 -14.4302 0
    endloop
  endfacet
  facet normal 0 0 -1
    outer loop
      vertex -61.5451 -4.75528 0
      vertex -80.3846 -14.8498 0
      vertex -80.326 -14.642 0
    endloop
  endfacet
  facet normal 0 0 -1
    outer loop
      vertex -61.1672 -4.86185 0
      vertex -80.4593 -15.0524 0
      vertex -80.3846 -14.8498 0
    endloop
  endfacet
  facet normal 0 0 -1
    outer loop
      vertex -60.7822 -4.93844 0
      vertex -80.5497 -15.2485 0
      vertex -80.4593 -15.0524 0
    endloop
  endfacet
  facet normal 0 0 -1
    outer loop
      vertex -60.3923 -4.98459 0
      vertex -80.6552 -15.4369 0
      vertex -80.5497 -15.2485 0
    endloop
  endfacet
  facet normal 0 0 -1
    outer loop
      vertex -60.3923 -4.98459 0
      vertex -80.7752 -15.6164 0
      vertex -80.6552 -15.4369 0
    endloop
  endfacet
  facet normal -0 0 -1
    outer loop
      vertex -60 -5 0
      vertex -80.7752 -15.6164 0
      vertex -60.3923 -4.98459 0
    endloop
  endfacet
  facet normal 0 -0 -1
    outer loop
      vertex -80.7752 -15.6164 0
      vertex -60 -5 0
      vertex -80.9089 -15.786 0
    endloop
  endfacet
  facet normal 0 -0 -1
    outer loop
      vertex -80.9089 -15.786 0
      vertex -59.6077 -4.98459 0
      vertex -81.0555 -15.9445 0
    endloop
  endfacet
  facet normal 0 0 -1
    outer loop
      vertex -59.6077 -4.98459 0
      vertex -80.9089 -15.786 0
      vertex -60 -5 0
    endloop
  endfacet
  facet normal 0 0 -1
    outer loop
      vertex -81.214 -16.0911 0
      vertex -87 -22 0
      vertex -81.3836 -16.2248 0
    endloop
  endfacet
  facet normal 0 0 -1
    outer loop
      vertex -81.3836 -16.2248 0
      vertex -87 -22 0
      vertex -81.5631 -16.3448 0
    endloop
  endfacet
  facet normal 0 0 -1
    outer loop
      vertex -81.5631 -16.3448 0
      vertex -87 -22 0
      vertex -81.7515 -16.4503 0
    endloop
  endfacet
  facet normal 0 0 -1
    outer loop
      vertex -81.7515 -16.4503 0
      vertex -87 -22 0
      vertex -81.9476 -16.5407 0
    endloop
  endfacet
  facet normal 0 0 -1
    outer loop
      vertex -81.9476 -16.5407 0
      vertex -87 -22 0
      vertex -82.1502 -16.6154 0
    endloop
  endfacet
  facet normal 0 0 -1
    outer loop
      vertex -82.1502 -16.6154 0
      vertex -87 -22 0
      vertex -82.358 -16.674 0
    endloop
  endfacet
  facet normal 0 0 -1
    outer loop
      vertex -82.358 -16.674 0
      vertex -87 -22 0
      vertex -82.5698 -16.7161 0
    endloop
  endfacet
  facet normal 0 0 -1
    outer loop
      vertex -82.5698 -16.7161 0
      vertex -87 -22 0
      vertex -82.7842 -16.7415 0
    endloop
  endfacet
  facet normal -0 0 -1
    outer loop
      vertex -85.7415 -14.2158 0
      vertex -90 -19 0
      vertex -85.75 -14 0
    endloop
  endfacet
  facet normal -0 0 -1
    outer loop
      vertex -85.7161 -14.4302 0
      vertex -90 -19 0
      vertex -85.7415 -14.2158 0
    endloop
  endfacet
  facet normal -0 0 -1
    outer loop
      vertex -85.674 -14.642 0
      vertex -90 -19 0
      vertex -85.7161 -14.4302 0
    endloop
  endfacet
  facet normal -0 0 -1
    outer loop
      vertex -85.6154 -14.8498 0
      vertex -90 -19 0
      vertex -85.674 -14.642 0
    endloop
  endfacet
  facet normal -0 0 -1
    outer loop
      vertex -85.5407 -15.0524 0
      vertex -90 -19 0
      vertex -85.6154 -14.8498 0
    endloop
  endfacet
  facet normal -0 0 -1
    outer loop
      vertex -85.4503 -15.2485 0
      vertex -90 -19 0
      vertex -85.5407 -15.0524 0
    endloop
  endfacet
  facet normal -0 0 -1
    outer loop
      vertex -85.3448 -15.4369 0
      vertex -90 -19 0
      vertex -85.4503 -15.2485 0
    endloop
  endfacet
  facet normal -0 0 -1
    outer loop
      vertex -85.2248 -15.6164 0
      vertex -90 -19 0
      vertex -85.3448 -15.4369 0
    endloop
  endfacet
  facet normal -0 0 -1
    outer loop
      vertex -85.0911 -15.786 0
      vertex -90 -19 0
      vertex -85.2248 -15.6164 0
    endloop
  endfacet
  facet normal -0 0 -1
    outer loop
      vertex -84.9445 -15.9445 0
      vertex -90 -19 0
      vertex -85.0911 -15.786 0
    endloop
  endfacet
  facet normal -0 0 -1
    outer loop
      vertex -84.786 -16.0911 0
      vertex -90 -19 0
      vertex -84.9445 -15.9445 0
    endloop
  endfacet
  facet normal 0 0 -1
    outer loop
      vertex -90 -19 0
      vertex -84.786 -16.0911 0
      vertex -87 -22 0
    endloop
  endfacet
  facet normal -0 0 -1
    outer loop
      vertex -84.6164 -16.2248 0
      vertex -87 -22 0
      vertex -84.786 -16.0911 0
    endloop
  endfacet
  facet normal -0 0 -1
    outer loop
      vertex -84.4369 -16.3448 0
      vertex -87 -22 0
      vertex -84.6164 -16.2248 0
    endloop
  endfacet
  facet normal -0 0 -1
    outer loop
      vertex -84.2485 -16.4503 0
      vertex -87 -22 0
      vertex -84.4369 -16.3448 0
    endloop
  endfacet
  facet normal -0 0 -1
    outer loop
      vertex -84.0524 -16.5407 0
      vertex -87 -22 0
      vertex -84.2485 -16.4503 0
    endloop
  endfacet
  facet normal -0 0 -1
    outer loop
      vertex -83.8498 -16.6154 0
      vertex -87 -22 0
      vertex -84.0524 -16.5407 0
    endloop
  endfacet
  facet normal -0 0 -1
    outer loop
      vertex -83.642 -16.674 0
      vertex -87 -22 0
      vertex -83.8498 -16.6154 0
    endloop
  endfacet
  facet normal -0 0 -1
    outer loop
      vertex -83.4302 -16.7161 0
      vertex -87 -22 0
      vertex -83.642 -16.674 0
    endloop
  endfacet
  facet normal -0 0 -1
    outer loop
      vertex -83.2158 -16.7415 0
      vertex -87 -22 0
      vertex -83.4302 -16.7161 0
    endloop
  endfacet
  facet normal -0 0 -1
    outer loop
      vertex -83 -16.75 0
      vertex -87 -22 0
      vertex -83.2158 -16.7415 0
    endloop
  endfacet
  facet normal 0 0 -1
    outer loop
      vertex -82.7842 -16.7415 0
      vertex -87 -22 0
      vertex -83 -16.75 0
    endloop
  endfacet
  facet normal -0 0 -1
    outer loop
      vertex 89.427 20.7634 0
      vertex 84.786 16.0911 0
      vertex 89.2812 20.9483 0
    endloop
  endfacet
  facet normal -0 0 -1
    outer loop
      vertex 89.2812 20.9483 0
      vertex 84.786 16.0911 0
      vertex 89.1213 21.1213 0
    endloop
  endfacet
  facet normal -0 0 -1
    outer loop
      vertex 89.1213 21.1213 0
      vertex 84.786 16.0911 0
      vertex 88.9483 21.2812 0
    endloop
  endfacet
  facet normal -0 0 -1
    outer loop
      vertex 88.9483 21.2812 0
      vertex 84.786 16.0911 0
      vertex 88.7634 21.427 0
    endloop
  endfacet
  facet normal -0 0 -1
    outer loop
      vertex 88.7634 21.427 0
      vertex 84.786 16.0911 0
      vertex 88.5675 21.5579 0
    endloop
  endfacet
  facet normal -0 0 -1
    outer loop
      vertex 88.5675 21.5579 0
      vertex 84.786 16.0911 0
      vertex 88.362 21.673 0
    endloop
  endfacet
  facet normal -0 0 -1
    outer loop
      vertex 88.362 21.673 0
      vertex 84.786 16.0911 0
      vertex 88.1481 21.7716 0
    endloop
  endfacet
  facet normal -0 0 -1
    outer loop
      vertex 88.1481 21.7716 0
      vertex 84.786 16.0911 0
      vertex 87.927 21.8532 0
    endloop
  endfacet
  facet normal -0 0 -1
    outer loop
      vertex 87.927 21.8532 0
      vertex 84.786 16.0911 0
      vertex 87.7003 21.9171 0
    endloop
  endfacet
  facet normal -0 0 -1
    outer loop
      vertex 87.7003 21.9171 0
      vertex 84.786 16.0911 0
      vertex 87.4693 21.9631 0
    endloop
  endfacet
  facet normal -0 0 -1
    outer loop
      vertex 87.4693 21.9631 0
      vertex 84.786 16.0911 0
      vertex 87.2354 21.9908 0
    endloop
  endfacet
  facet normal -0 0 -1
    outer loop
      vertex 87.2354 21.9908 0
      vertex 84.786 16.0911 0
      vertex 87 22 0
    endloop
  endfacet
  facet normal 0 0 -1
    outer loop
      vertex 84.6164 16.2248 0
      vertex 87 22 0
      vertex 84.786 16.0911 0
    endloop
  endfacet
  facet normal 0 0 -1
    outer loop
      vertex 84.4369 16.3448 0
      vertex 87 22 0
      vertex 84.6164 16.2248 0
    endloop
  endfacet
  facet normal 0 0 -1
    outer loop
      vertex 84.2485 16.4503 0
      vertex 87 22 0
      vertex 84.4369 16.3448 0
    endloop
  endfacet
  facet normal 0 0 -1
    outer loop
      vertex 84.0524 16.5407 0
      vertex 87 22 0
      vertex 84.2485 16.4503 0
    endloop
  endfacet
  facet normal 0 0 -1
    outer loop
      vertex 83.8498 16.6154 0
      vertex 87 22 0
      vertex 84.0524 16.5407 0
    endloop
  endfacet
  facet normal 0 0 -1
    outer loop
      vertex 83.642 16.674 0
      vertex 87 22 0
      vertex 83.8498 16.6154 0
    endloop
  endfacet
  facet normal 0 0 -1
    outer loop
      vertex 83.4302 16.7161 0
      vertex 87 22 0
      vertex 83.642 16.674 0
    endloop
  endfacet
  facet normal 0 0 -1
    outer loop
      vertex 83.2158 16.7415 0
      vertex 87 22 0
      vertex 83.4302 16.7161 0
    endloop
  endfacet
  facet normal 0 0 -1
    outer loop
      vertex 83 16.75 0
      vertex 87 22 0
      vertex 83.2158 16.7415 0
    endloop
  endfacet
  facet normal 0 0 -1
    outer loop
      vertex 82.7842 16.7415 0
      vertex 87 22 0
      vertex 83 16.75 0
    endloop
  endfacet
  facet normal 0 0 -1
    outer loop
      vertex 82.5698 16.7161 0
      vertex 87 22 0
      vertex 82.7842 16.7415 0
    endloop
  endfacet
  facet normal 0 0 -1
    outer loop
      vertex 82.358 16.674 0
      vertex 87 22 0
      vertex 82.5698 16.7161 0
    endloop
  endfacet
  facet normal 0 0 -1
    outer loop
      vertex 82.1502 16.6154 0
      vertex 87 22 0
      vertex 82.358 16.674 0
    endloop
  endfacet
  facet normal 0 0 -1
    outer loop
      vertex 81.9476 16.5407 0
      vertex 87 22 0
      vertex 82.1502 16.6154 0
    endloop
  endfacet
  facet normal 0 0 -1
    outer loop
      vertex 81.7515 16.4503 0
      vertex 87 22 0
      vertex 81.9476 16.5407 0
    endloop
  endfacet
  facet normal 0 0 -1
    outer loop
      vertex 81.5631 16.3448 0
      vertex 87 22 0
      vertex 81.7515 16.4503 0
    endloop
  endfacet
  facet normal 0 0 -1
    outer loop
      vertex 81.3836 16.2248 0
      vertex 87 22 0
      vertex 81.5631 16.3448 0
    endloop
  endfacet
  facet normal 0 0 -1
    outer loop
      vertex 81.214 16.0911 0
      vertex 87 22 0
      vertex 81.3836 16.2248 0
    endloop
  endfacet
  facet normal 0 0 -1
    outer loop
      vertex 59.2178 4.93844 0
      vertex 81.214 16.0911 0
      vertex 81.0555 15.9445 0
    endloop
  endfacet
  facet normal -0 0 -1
    outer loop
      vertex 80.6552 12.5631 0
      vertex 64.2632 2.61249 0
      vertex 80.5497 12.7515 0
    endloop
  endfacet
  facet normal 0 0 -1
    outer loop
      vertex 64.0451 2.93893 0
      vertex 80.5497 12.7515 0
      vertex 64.2632 2.61249 0
    endloop
  endfacet
  facet normal -0 0 -1
    outer loop
      vertex 80.5497 12.7515 0
      vertex 64.0451 2.93893 0
      vertex 80.4593 12.9476 0
    endloop
  endfacet
  facet normal 0 0 -1
    outer loop
      vertex 63.802 3.24724 0
      vertex 80.4593 12.9476 0
      vertex 64.0451 2.93893 0
    endloop
  endfacet
  facet normal -0 0 -1
    outer loop
      vertex 80.4593 12.9476 0
      vertex 63.802 3.24724 0
      vertex 80.3846 13.1502 0
    endloop
  endfacet
  facet normal 0 0 -1
    outer loop
      vertex 63.5355 3.53553 0
      vertex 80.3846 13.1502 0
      vertex 63.802 3.24724 0
    endloop
  endfacet
  facet normal -0 0 -1
    outer loop
      vertex 80.3846 13.1502 0
      vertex 63.5355 3.53553 0
      vertex 80.326 13.358 0
    endloop
  endfacet
  facet normal 0 0 -1
    outer loop
      vertex 63.2472 3.80203 0
      vertex 80.326 13.358 0
      vertex 63.5355 3.53553 0
    endloop
  endfacet
  facet normal -0 0 -1
    outer loop
      vertex 80.326 13.358 0
      vertex 63.2472 3.80203 0
      vertex 80.2839 13.5698 0
    endloop
  endfacet
  facet normal 0 0 -1
    outer loop
      vertex 62.9389 4.04508 0
      vertex 80.2839 13.5698 0
      vertex 63.2472 3.80203 0
    endloop
  endfacet
  facet normal -0 0 -1
    outer loop
      vertex 80.2839 13.5698 0
      vertex 62.9389 4.04508 0
      vertex 80.2585 13.7842 0
    endloop
  endfacet
  facet normal -0 0 -1
    outer loop
      vertex 80.2585 13.7842 0
      vertex 62.9389 4.04508 0
      vertex 80.25 14 0
    endloop
  endfacet
  facet normal 0 0 -1
    outer loop
      vertex 62.6125 4.2632 0
      vertex 80.25 14 0
      vertex 62.9389 4.04508 0
    endloop
  endfacet
  facet normal -0 0 -1
    outer loop
      vertex 80.25 14 0
      vertex 62.6125 4.2632 0
      vertex 80.2585 14.2158 0
    endloop
  endfacet
  facet normal 0 0 -1
    outer loop
      vertex 62.27 4.45503 0
      vertex 80.2585 14.2158 0
      vertex 62.6125 4.2632 0
    endloop
  endfacet
  facet normal -0 0 -1
    outer loop
      vertex 80.2585 14.2158 0
      vertex 62.27 4.45503 0
      vertex 80.2839 14.4302 0
    endloop
  endfacet
  facet normal 0 0 -1
    outer loop
      vertex 61.9134 4.6194 0
      vertex 80.2839 14.4302 0
      vertex 62.27 4.45503 0
    endloop
  endfacet
  facet normal -0 0 -1
    outer loop
      vertex 80.2839 14.4302 0
      vertex 61.9134 4.6194 0
      vertex 80.326 14.642 0
    endloop
  endfacet
  facet normal 0 0 -1
    outer loop
      vertex 61.5451 4.75528 0
      vertex 80.326 14.642 0
      vertex 61.9134 4.6194 0
    endloop
  endfacet
  facet normal -0 0 -1
    outer loop
      vertex 80.326 14.642 0
      vertex 61.5451 4.75528 0
      vertex 80.3846 14.8498 0
    endloop
  endfacet
  facet normal 0 0 -1
    outer loop
      vertex 61.1672 4.86185 0
      vertex 80.3846 14.8498 0
      vertex 61.5451 4.75528 0
    endloop
  endfacet
  facet normal -0 0 -1
    outer loop
      vertex 80.3846 14.8498 0
      vertex 61.1672 4.86185 0
      vertex 80.4593 15.0524 0
    endloop
  endfacet
  facet normal 0 0 -1
    outer loop
      vertex 60.7822 4.93844 0
      vertex 80.4593 15.0524 0
      vertex 61.1672 4.86185 0
    endloop
  endfacet
  facet normal -0 0 -1
    outer loop
      vertex 80.4593 15.0524 0
      vertex 60.7822 4.93844 0
      vertex 80.5497 15.2485 0
    endloop
  endfacet
  facet normal 0 0 -1
    outer loop
      vertex 60.3923 4.98459 0
      vertex 80.5497 15.2485 0
      vertex 60.7822 4.93844 0
    endloop
  endfacet
  facet normal -0 0 -1
    outer loop
      vertex 80.5497 15.2485 0
      vertex 60.3923 4.98459 0
      vertex 80.6552 15.4369 0
    endloop
  endfacet
  facet normal -0 0 -1
    outer loop
      vertex 80.6552 15.4369 0
      vertex 60.3923 4.98459 0
      vertex 80.7752 15.6164 0
    endloop
  endfacet
  facet normal 0 0 -1
    outer loop
      vertex 60 5 0
      vertex 80.7752 15.6164 0
      vertex 60.3923 4.98459 0
    endloop
  endfacet
  facet normal -0 0 -1
    outer loop
      vertex 80.7752 15.6164 0
      vertex 60 5 0
      vertex 80.9089 15.786 0
    endloop
  endfacet
  facet normal 0 0 -1
    outer loop
      vertex 59.6077 4.98459 0
      vertex 80.9089 15.786 0
      vertex 60 5 0
    endloop
  endfacet
  facet normal -0 0 -1
    outer loop
      vertex 80.9089 15.786 0
      vertex 59.6077 4.98459 0
      vertex 81.0555 15.9445 0
    endloop
  endfacet
  facet normal 0 0 -1
    outer loop
      vertex 59.2178 4.93844 0
      vertex 81.0555 15.9445 0
      vertex 59.6077 4.98459 0
    endloop
  endfacet
  facet normal 0 0 -1
    outer loop
      vertex 81.214 16.0911 0
      vertex 59.2178 4.93844 0
      vertex 58.8328 4.86185 0
    endloop
  endfacet
  facet normal -0 0 -1
    outer loop
      vertex 81.214 16.0911 0
      vertex 58.8328 4.86185 0
      vertex 87 22 0
    endloop
  endfacet
  facet normal 0 0 -1
    outer loop
      vertex 58.4549 4.75528 0
      vertex 87 22 0
      vertex 58.8328 4.86185 0
    endloop
  endfacet
  facet normal 0 0 -1
    outer loop
      vertex 21.5451 4.75528 0
      vertex 58.4549 4.75528 0
      vertex 58.0866 4.6194 0
    endloop
  endfacet
  facet normal 0 0 -1
    outer loop
      vertex 21.9134 4.6194 0
      vertex 58.0866 4.6194 0
      vertex 57.73 4.45503 0
    endloop
  endfacet
  facet normal 0 0 -1
    outer loop
      vertex 22.27 4.45503 0
      vertex 57.73 4.45503 0
      vertex 57.3875 4.2632 0
    endloop
  endfacet
  facet normal 0 0 -1
    outer loop
      vertex 25 0 0
      vertex 55.0154 0.392295 0
      vertex 55 0 0
    endloop
  endfacet
  facet normal 0 0 -1
    outer loop
      vertex 24.9846 0.392295 0
      vertex 55.0154 0.392295 0
      vertex 25 0 0
    endloop
  endfacet
  facet normal 0 0 -1
    outer loop
      vertex 55.0154 0.392295 0
      vertex 24.9846 0.392295 0
      vertex 55.0616 0.782172 0
    endloop
  endfacet
  facet normal 0 0 -1
    outer loop
      vertex 24.9384 0.782172 0
      vertex 55.0616 0.782172 0
      vertex 24.9846 0.392295 0
    endloop
  endfacet
  facet normal 0 0 -1
    outer loop
      vertex 55.0616 0.782172 0
      vertex 24.9384 0.782172 0
      vertex 55.1381 1.16723 0
    endloop
  endfacet
  facet normal 0 0 -1
    outer loop
      vertex 24.8618 1.16723 0
      vertex 55.1381 1.16723 0
      vertex 24.9384 0.782172 0
    endloop
  endfacet
  facet normal 0 0 -1
    outer loop
      vertex 55.1381 1.16723 0
      vertex 24.8618 1.16723 0
      vertex 55.2447 1.54508 0
    endloop
  endfacet
  facet normal 0 0 -1
    outer loop
      vertex 24.7553 1.54508 0
      vertex 55.2447 1.54508 0
      vertex 24.8618 1.16723 0
    endloop
  endfacet
  facet normal 0 0 -1
    outer loop
      vertex 55.2447 1.54508 0
      vertex 24.7553 1.54508 0
      vertex 55.3806 1.91342 0
    endloop
  endfacet
  facet normal 0 0 -1
    outer loop
      vertex 24.6194 1.91342 0
      vertex 55.3806 1.91342 0
      vertex 24.7553 1.54508 0
    endloop
  endfacet
  facet normal 0 0 -1
    outer loop
      vertex 55.3806 1.91342 0
      vertex 24.6194 1.91342 0
      vertex 55.545 2.26995 0
    endloop
  endfacet
  facet normal 0 0 -1
    outer loop
      vertex 24.455 2.26995 0
      vertex 55.545 2.26995 0
      vertex 24.6194 1.91342 0
    endloop
  endfacet
  facet normal 0 0 -1
    outer loop
      vertex 55.545 2.26995 0
      vertex 24.455 2.26995 0
      vertex 55.7368 2.61249 0
    endloop
  endfacet
  facet normal 0 0 -1
    outer loop
      vertex 24.2632 2.61249 0
      vertex 55.7368 2.61249 0
      vertex 24.455 2.26995 0
    endloop
  endfacet
  facet normal 0 0 -1
    outer loop
      vertex 55.7368 2.61249 0
      vertex 24.2632 2.61249 0
      vertex 55.9549 2.93893 0
    endloop
  endfacet
  facet normal 0 0 -1
    outer loop
      vertex 24.0451 2.93893 0
      vertex 55.9549 2.93893 0
      vertex 24.2632 2.61249 0
    endloop
  endfacet
  facet normal 0 0 -1
    outer loop
      vertex 55.9549 2.93893 0
      vertex 24.0451 2.93893 0
      vertex 56.198 3.24724 0
    endloop
  endfacet
  facet normal 0 0 -1
    outer loop
      vertex 23.802 3.24724 0
      vertex 56.198 3.24724 0
      vertex 24.0451 2.93893 0
    endloop
  endfacet
  facet normal 0 0 -1
    outer loop
      vertex 56.198 3.24724 0
      vertex 23.802 3.24724 0
      vertex 56.4645 3.53553 0
    endloop
  endfacet
  facet normal 0 0 -1
    outer loop
      vertex 23.5355 3.53553 0
      vertex 56.4645 3.53553 0
      vertex 23.802 3.24724 0
    endloop
  endfacet
  facet normal 0 0 -1
    outer loop
      vertex 56.4645 3.53553 0
      vertex 23.5355 3.53553 0
      vertex 56.7528 3.80203 0
    endloop
  endfacet
  facet normal 0 0 -1
    outer loop
      vertex 23.2472 3.80203 0
      vertex 56.7528 3.80203 0
      vertex 23.5355 3.53553 0
    endloop
  endfacet
  facet normal 0 0 -1
    outer loop
      vertex 56.7528 3.80203 0
      vertex 23.2472 3.80203 0
      vertex 57.0611 4.04508 0
    endloop
  endfacet
  facet normal 0 0 -1
    outer loop
      vertex 22.9389 4.04508 0
      vertex 57.0611 4.04508 0
      vertex 23.2472 3.80203 0
    endloop
  endfacet
  facet normal 0 0 -1
    outer loop
      vertex 57.0611 4.04508 0
      vertex 22.9389 4.04508 0
      vertex 57.3875 4.2632 0
    endloop
  endfacet
  facet normal 0 0 -1
    outer loop
      vertex 22.6125 4.2632 0
      vertex 57.3875 4.2632 0
      vertex 22.9389 4.04508 0
    endloop
  endfacet
  facet normal 0 0 -1
    outer loop
      vertex 22.27 4.45503 0
      vertex 57.3875 4.2632 0
      vertex 22.6125 4.2632 0
    endloop
  endfacet
  facet normal 0 0 -1
    outer loop
      vertex 57.73 4.45503 0
      vertex 22.27 4.45503 0
      vertex 21.9134 4.6194 0
    endloop
  endfacet
  facet normal 0 0 -1
    outer loop
      vertex 58.0866 4.6194 0
      vertex 21.9134 4.6194 0
      vertex 21.5451 4.75528 0
    endloop
  endfacet
  facet normal 0 0 -1
    outer loop
      vertex 58.4549 4.75528 0
      vertex 21.5451 4.75528 0
      vertex 87 22 0
    endloop
  endfacet
  facet normal 0 0 -1
    outer loop
      vertex 21.1672 4.86185 0
      vertex 87 22 0
      vertex 21.5451 4.75528 0
    endloop
  endfacet
  facet normal 0 0 -1
    outer loop
      vertex 20.7822 4.93844 0
      vertex 87 22 0
      vertex 21.1672 4.86185 0
    endloop
  endfacet
  facet normal 0 0 -1
    outer loop
      vertex 20.3923 4.98459 0
      vertex 87 22 0
      vertex 20.7822 4.93844 0
    endloop
  endfacet
  facet normal 0 0 -1
    outer loop
      vertex 20 5 0
      vertex 87 22 0
      vertex 20.3923 4.98459 0
    endloop
  endfacet
  facet normal 0 0 -1
    outer loop
      vertex 19.6077 4.98459 0
      vertex 87 22 0
      vertex 20 5 0
    endloop
  endfacet
  facet normal 0 0 -1
    outer loop
      vertex -19.6077 4.98459 0
      vertex 19.6077 4.98459 0
      vertex 19.2178 4.93844 0
    endloop
  endfacet
  facet normal 0 0 -1
    outer loop
      vertex -19.2178 4.93844 0
      vertex 19.2178 4.93844 0
      vertex 18.8328 4.86185 0
    endloop
  endfacet
  facet normal 0 0 -1
    outer loop
      vertex -15 0 0
      vertex 15.0154 0.392295 0
      vertex 15 0 0
    endloop
  endfacet
  facet normal 0 0 -1
    outer loop
      vertex -15.0154 0.392295 0
      vertex 15.0154 0.392295 0
      vertex -15 0 0
    endloop
  endfacet
  facet normal 0 0 -1
    outer loop
      vertex 15.0154 0.392295 0
      vertex -15.0154 0.392295 0
      vertex 15.0616 0.782172 0
    endloop
  endfacet
  facet normal 0 0 -1
    outer loop
      vertex -15.0616 0.782172 0
      vertex 15.0616 0.782172 0
      vertex -15.0154 0.392295 0
    endloop
  endfacet
  facet normal 0 0 -1
    outer loop
      vertex 15.0616 0.782172 0
      vertex -15.0616 0.782172 0
      vertex 15.1382 1.16723 0
    endloop
  endfacet
  facet normal 0 0 -1
    outer loop
      vertex -15.1382 1.16723 0
      vertex 15.1382 1.16723 0
      vertex -15.0616 0.782172 0
    endloop
  endfacet
  facet normal 0 0 -1
    outer loop
      vertex 15.1382 1.16723 0
      vertex -15.1382 1.16723 0
      vertex 15.2447 1.54508 0
    endloop
  endfacet
  facet normal 0 0 -1
    outer loop
      vertex -15.2447 1.54508 0
      vertex 15.2447 1.54508 0
      vertex -15.1382 1.16723 0
    endloop
  endfacet
  facet normal 0 0 -1
    outer loop
      vertex 15.2447 1.54508 0
      vertex -15.2447 1.54508 0
      vertex 15.3806 1.91342 0
    endloop
  endfacet
  facet normal 0 0 -1
    outer loop
      vertex -15.3806 1.91342 0
      vertex 15.3806 1.91342 0
      vertex -15.2447 1.54508 0
    endloop
  endfacet
  facet normal 0 0 -1
    outer loop
      vertex 15.3806 1.91342 0
      vertex -15.3806 1.91342 0
      vertex 15.545 2.26995 0
    endloop
  endfacet
  facet normal 0 0 -1
    outer loop
      vertex -15.545 2.26995 0
      vertex 15.545 2.26995 0
      vertex -15.3806 1.91342 0
    endloop
  endfacet
  facet normal 0 0 -1
    outer loop
      vertex 15.545 2.26995 0
      vertex -15.545 2.26995 0
      vertex 15.7368 2.61249 0
    endloop
  endfacet
  facet normal 0 0 -1
    outer loop
      vertex -15.7368 2.61249 0
      vertex 15.7368 2.61249 0
      vertex -15.545 2.26995 0
    endloop
  endfacet
  facet normal 0 0 -1
    outer loop
      vertex 15.7368 2.61249 0
      vertex -15.7368 2.61249 0
      vertex 15.9549 2.93893 0
    endloop
  endfacet
  facet normal 0 0 -1
    outer loop
      vertex -15.9549 2.93893 0
      vertex 15.9549 2.93893 0
      vertex -15.7368 2.61249 0
    endloop
  endfacet
  facet normal 0 0 -1
    outer loop
      vertex 15.9549 2.93893 0
      vertex -15.9549 2.93893 0
      vertex 16.198 3.24724 0
    endloop
  endfacet
  facet normal 0 0 -1
    outer loop
      vertex -16.198 3.24724 0
      vertex 16.198 3.24724 0
      vertex -15.9549 2.93893 0
    endloop
  endfacet
  facet normal 0 0 -1
    outer loop
      vertex 16.198 3.24724 0
      vertex -16.198 3.24724 0
      vertex 16.4645 3.53553 0
    endloop
  endfacet
  facet normal 0 0 -1
    outer loop
      vertex -16.4645 3.53553 0
      vertex 16.4645 3.53553 0
      vertex -16.198 3.24724 0
    endloop
  endfacet
  facet normal 0 0 -1
    outer loop
      vertex 16.4645 3.53553 0
      vertex -16.4645 3.53553 0
      vertex 16.7528 3.80203 0
    endloop
  endfacet
  facet normal 0 0 -1
    outer loop
      vertex -16.7528 3.80203 0
      vertex 16.7528 3.80203 0
      vertex -16.4645 3.53553 0
    endloop
  endfacet
  facet normal 0 0 -1
    outer loop
      vertex 16.7528 3.80203 0
      vertex -16.7528 3.80203 0
      vertex 17.0611 4.04508 0
    endloop
  endfacet
  facet normal 0 0 -1
    outer loop
      vertex -17.0611 4.04508 0
      vertex 17.0611 4.04508 0
      vertex -16.7528 3.80203 0
    endloop
  endfacet
  facet normal 0 0 -1
    outer loop
      vertex 17.0611 4.04508 0
      vertex -17.0611 4.04508 0
      vertex 17.3875 4.2632 0
    endloop
  endfacet
  facet normal 0 0 -1
    outer loop
      vertex -17.3875 4.2632 0
      vertex 17.3875 4.2632 0
      vertex -17.0611 4.04508 0
    endloop
  endfacet
  facet normal 0 0 -1
    outer loop
      vertex 17.3875 4.2632 0
      vertex -17.3875 4.2632 0
      vertex 17.73 4.45503 0
    endloop
  endfacet
  facet normal 0 0 -1
    outer loop
      vertex -17.73 4.45503 0
      vertex 17.73 4.45503 0
      vertex -17.3875 4.2632 0
    endloop
  endfacet
  facet normal 0 0 -1
    outer loop
      vertex 17.73 4.45503 0
      vertex -17.73 4.45503 0
      vertex 18.0866 4.6194 0
    endloop
  endfacet
  facet normal 0 0 -1
    outer loop
      vertex -18.0866 4.6194 0
      vertex 18.0866 4.6194 0
      vertex -17.73 4.45503 0
    endloop
  endfacet
  facet normal 0 0 -1
    outer loop
      vertex 18.0866 4.6194 0
      vertex -18.0866 4.6194 0
      vertex 18.4549 4.75528 0
    endloop
  endfacet
  facet normal 0 0 -1
    outer loop
      vertex -18.4549 4.75528 0
      vertex 18.4549 4.75528 0
      vertex -18.0866 4.6194 0
    endloop
  endfacet
  facet normal 0 0 -1
    outer loop
      vertex 18.4549 4.75528 0
      vertex -18.4549 4.75528 0
      vertex 18.8328 4.86185 0
    endloop
  endfacet
  facet normal 0 0 -1
    outer loop
      vertex -18.8328 4.86185 0
      vertex 18.8328 4.86185 0
      vertex -18.4549 4.75528 0
    endloop
  endfacet
  facet normal 0 0 -1
    outer loop
      vertex -19.2178 4.93844 0
      vertex 18.8328 4.86185 0
      vertex -18.8328 4.86185 0
    endloop
  endfacet
  facet normal 0 0 -1
    outer loop
      vertex 19.2178 4.93844 0
      vertex -19.2178 4.93844 0
      vertex -19.6077 4.98459 0
    endloop
  endfacet
  facet normal 0 0 -1
    outer loop
      vertex 19.6077 4.98459 0
      vertex -19.6077 4.98459 0
      vertex 87 22 0
    endloop
  endfacet
  facet normal 0 0 -1
    outer loop
      vertex -87 22 0
      vertex -19.6077 4.98459 0
      vertex -20 5 0
    endloop
  endfacet
  facet normal 0 0 -1
    outer loop
      vertex -87 22 0
      vertex -20 5 0
      vertex -20.3923 4.98459 0
    endloop
  endfacet
  facet normal 0 0 -1
    outer loop
      vertex -87 22 0
      vertex -20.3923 4.98459 0
      vertex -20.7822 4.93844 0
    endloop
  endfacet
  facet normal 0 0 -1
    outer loop
      vertex -55 0 0
      vertex -24.9846 0.392295 0
      vertex -25 0 0
    endloop
  endfacet
  facet normal 0 0 -1
    outer loop
      vertex -55.0154 0.392295 0
      vertex -24.9846 0.392295 0
      vertex -55 0 0
    endloop
  endfacet
  facet normal 0 0 -1
    outer loop
      vertex -24.9846 0.392295 0
      vertex -55.0154 0.392295 0
      vertex -24.9384 0.782172 0
    endloop
  endfacet
  facet normal 0 0 -1
    outer loop
      vertex -55.0616 0.782172 0
      vertex -24.9384 0.782172 0
      vertex -55.0154 0.392295 0
    endloop
  endfacet
  facet normal 0 0 -1
    outer loop
      vertex -24.9384 0.782172 0
      vertex -55.0616 0.782172 0
      vertex -24.8618 1.16723 0
    endloop
  endfacet
  facet normal 0 0 -1
    outer loop
      vertex -55.1381 1.16723 0
      vertex -24.8618 1.16723 0
      vertex -55.0616 0.782172 0
    endloop
  endfacet
  facet normal 0 0 -1
    outer loop
      vertex -24.8618 1.16723 0
      vertex -55.1381 1.16723 0
      vertex -24.7553 1.54508 0
    endloop
  endfacet
  facet normal 0 0 -1
    outer loop
      vertex -55.2447 1.54508 0
      vertex -24.7553 1.54508 0
      vertex -55.1381 1.16723 0
    endloop
  endfacet
  facet normal 0 0 -1
    outer loop
      vertex -24.7553 1.54508 0
      vertex -55.2447 1.54508 0
      vertex -24.6194 1.91342 0
    endloop
  endfacet
  facet normal 0 0 -1
    outer loop
      vertex -55.3806 1.91342 0
      vertex -24.6194 1.91342 0
      vertex -55.2447 1.54508 0
    endloop
  endfacet
  facet normal 0 0 -1
    outer loop
      vertex -24.6194 1.91342 0
      vertex -55.3806 1.91342 0
      vertex -24.455 2.26995 0
    endloop
  endfacet
  facet normal 0 0 -1
    outer loop
      vertex -55.545 2.26995 0
      vertex -24.455 2.26995 0
      vertex -55.3806 1.91342 0
    endloop
  endfacet
  facet normal 0 0 -1
    outer loop
      vertex -24.455 2.26995 0
      vertex -55.545 2.26995 0
      vertex -24.2632 2.61249 0
    endloop
  endfacet
  facet normal 0 0 -1
    outer loop
      vertex -55.7368 2.61249 0
      vertex -24.2632 2.61249 0
      vertex -55.545 2.26995 0
    endloop
  endfacet
  facet normal 0 0 -1
    outer loop
      vertex -24.2632 2.61249 0
      vertex -55.7368 2.61249 0
      vertex -24.0451 2.93893 0
    endloop
  endfacet
  facet normal 0 0 -1
    outer loop
      vertex -55.9549 2.93893 0
      vertex -24.0451 2.93893 0
      vertex -55.7368 2.61249 0
    endloop
  endfacet
  facet normal 0 0 -1
    outer loop
      vertex -24.0451 2.93893 0
      vertex -55.9549 2.93893 0
      vertex -23.802 3.24724 0
    endloop
  endfacet
  facet normal 0 0 -1
    outer loop
      vertex -56.198 3.24724 0
      vertex -23.802 3.24724 0
      vertex -55.9549 2.93893 0
    endloop
  endfacet
  facet normal 0 0 -1
    outer loop
      vertex -23.802 3.24724 0
      vertex -56.198 3.24724 0
      vertex -23.5355 3.53553 0
    endloop
  endfacet
  facet normal 0 0 -1
    outer loop
      vertex -56.4645 3.53553 0
      vertex -23.5355 3.53553 0
      vertex -56.198 3.24724 0
    endloop
  endfacet
  facet normal 0 0 -1
    outer loop
      vertex -23.5355 3.53553 0
      vertex -56.4645 3.53553 0
      vertex -23.2472 3.80203 0
    endloop
  endfacet
  facet normal 0 0 -1
    outer loop
      vertex -56.7528 3.80203 0
      vertex -23.2472 3.80203 0
      vertex -56.4645 3.53553 0
    endloop
  endfacet
  facet normal 0 0 -1
    outer loop
      vertex -23.2472 3.80203 0
      vertex -56.7528 3.80203 0
      vertex -22.9389 4.04508 0
    endloop
  endfacet
  facet normal 0 0 -1
    outer loop
      vertex -57.0611 4.04508 0
      vertex -22.9389 4.04508 0
      vertex -56.7528 3.80203 0
    endloop
  endfacet
  facet normal 0 0 -1
    outer loop
      vertex -22.9389 4.04508 0
      vertex -57.0611 4.04508 0
      vertex -22.6125 4.2632 0
    endloop
  endfacet
  facet normal 0 0 -1
    outer loop
      vertex -57.3875 4.2632 0
      vertex -22.6125 4.2632 0
      vertex -57.0611 4.04508 0
    endloop
  endfacet
  facet normal 0 0 -1
    outer loop
      vertex -22.6125 4.2632 0
      vertex -57.3875 4.2632 0
      vertex -22.27 4.45503 0
    endloop
  endfacet
  facet normal 0 0 -1
    outer loop
      vertex -57.73 4.45503 0
      vertex -22.27 4.45503 0
      vertex -57.3875 4.2632 0
    endloop
  endfacet
  facet normal 0 0 -1
    outer loop
      vertex -22.27 4.45503 0
      vertex -57.73 4.45503 0
      vertex -21.9134 4.6194 0
    endloop
  endfacet
  facet normal 0 0 -1
    outer loop
      vertex -58.0866 4.6194 0
      vertex -21.9134 4.6194 0
      vertex -57.73 4.45503 0
    endloop
  endfacet
  facet normal 0 0 -1
    outer loop
      vertex -21.9134 4.6194 0
      vertex -58.0866 4.6194 0
      vertex -21.5451 4.75528 0
    endloop
  endfacet
  facet normal 0 0 -1
    outer loop
      vertex -58.4549 4.75528 0
      vertex -21.5451 4.75528 0
      vertex -58.0866 4.6194 0
    endloop
  endfacet
  facet normal 0 0 -1
    outer loop
      vertex -87 22 0
      vertex -21.5451 4.75528 0
      vertex -58.4549 4.75528 0
    endloop
  endfacet
  facet normal 0 0 -1
    outer loop
      vertex -21.5451 4.75528 0
      vertex -87 22 0
      vertex -21.1672 4.86185 0
    endloop
  endfacet
  facet normal 0 0 -1
    outer loop
      vertex -21.1672 4.86185 0
      vertex -87 22 0
      vertex -20.7822 4.93844 0
    endloop
  endfacet
  facet normal 0 0 -1
    outer loop
      vertex -87 22 0
      vertex -58.4549 4.75528 0
      vertex -58.8328 4.86185 0
    endloop
  endfacet
  facet normal 0 0 -1
    outer loop
      vertex -81.214 16.0911 0
      vertex -58.8328 4.86185 0
      vertex -59.2178 4.93844 0
    endloop
  endfacet
  facet normal 0 0 -1
    outer loop
      vertex -81.0555 15.9445 0
      vertex -59.2178 4.93844 0
      vertex -59.6077 4.98459 0
    endloop
  endfacet
  facet normal 0 0 -1
    outer loop
      vertex -80.9089 15.786 0
      vertex -59.6077 4.98459 0
      vertex -60 5 0
    endloop
  endfacet
  facet normal 0 0 -1
    outer loop
      vertex -80.7752 15.6164 0
      vertex -60 5 0
      vertex -60.3923 4.98459 0
    endloop
  endfacet
  facet normal -0 0 -1
    outer loop
      vertex -64.2632 -2.61249 0
      vertex -80.6552 -12.5631 0
      vertex -64.455 -2.26995 0
    endloop
  endfacet
  facet normal 0 0 -1
    outer loop
      vertex -65 0 0
      vertex -80.25 14 0
      vertex -64.9846 0.392295 0
    endloop
  endfacet
  facet normal 0 0 -1
    outer loop
      vertex -64.9846 0.392295 0
      vertex -80.25 14 0
      vertex -64.9384 0.782172 0
    endloop
  endfacet
  facet normal 0 0 -1
    outer loop
      vertex -64.9384 0.782172 0
      vertex -80.25 14 0
      vertex -64.8618 1.16723 0
    endloop
  endfacet
  facet normal 0 0 -1
    outer loop
      vertex -64.8618 1.16723 0
      vertex -80.25 14 0
      vertex -64.7553 1.54508 0
    endloop
  endfacet
  facet normal 0 0 -1
    outer loop
      vertex -64.7553 1.54508 0
      vertex -80.25 14 0
      vertex -64.6194 1.91342 0
    endloop
  endfacet
  facet normal 0 0 -1
    outer loop
      vertex -64.6194 1.91342 0
      vertex -80.25 14 0
      vertex -64.455 2.26995 0
    endloop
  endfacet
  facet normal 0 0 -1
    outer loop
      vertex -64.455 2.26995 0
      vertex -80.25 14 0
      vertex -64.2632 2.61249 0
    endloop
  endfacet
  facet normal 0 0 -1
    outer loop
      vertex -64.2632 2.61249 0
      vertex -80.25 14 0
      vertex -64.0451 2.93893 0
    endloop
  endfacet
  facet normal 0 0 -1
    outer loop
      vertex -64.0451 2.93893 0
      vertex -80.25 14 0
      vertex -63.802 3.24724 0
    endloop
  endfacet
  facet normal 0 0 -1
    outer loop
      vertex -63.802 3.24724 0
      vertex -80.25 14 0
      vertex -63.5355 3.53553 0
    endloop
  endfacet
  facet normal 0 0 -1
    outer loop
      vertex -80.25 14 0
      vertex -63.2472 3.80203 0
      vertex -63.5355 3.53553 0
    endloop
  endfacet
  facet normal 0 0 -1
    outer loop
      vertex -80.25 14 0
      vertex -62.9389 4.04508 0
      vertex -63.2472 3.80203 0
    endloop
  endfacet
  facet normal 0 0 -1
    outer loop
      vertex -80.25 14 0
      vertex -62.6125 4.2632 0
      vertex -62.9389 4.04508 0
    endloop
  endfacet
  facet normal 0 0 -1
    outer loop
      vertex -80.2585 14.2158 0
      vertex -62.6125 4.2632 0
      vertex -80.25 14 0
    endloop
  endfacet
  facet normal 0 0 -1
    outer loop
      vertex -62.6125 4.2632 0
      vertex -80.2585 14.2158 0
      vertex -62.27 4.45503 0
    endloop
  endfacet
  facet normal 0 0 -1
    outer loop
      vertex -80.2839 14.4302 0
      vertex -62.27 4.45503 0
      vertex -80.2585 14.2158 0
    endloop
  endfacet
  facet normal 0 0 -1
    outer loop
      vertex -62.27 4.45503 0
      vertex -80.2839 14.4302 0
      vertex -61.9134 4.6194 0
    endloop
  endfacet
  facet normal 0 0 -1
    outer loop
      vertex -80.326 14.642 0
      vertex -61.9134 4.6194 0
      vertex -80.2839 14.4302 0
    endloop
  endfacet
  facet normal 0 0 -1
    outer loop
      vertex -61.9134 4.6194 0
      vertex -80.326 14.642 0
      vertex -61.5451 4.75528 0
    endloop
  endfacet
  facet normal 0 0 -1
    outer loop
      vertex -80.3846 14.8498 0
      vertex -61.5451 4.75528 0
      vertex -80.326 14.642 0
    endloop
  endfacet
  facet normal 0 0 -1
    outer loop
      vertex -61.5451 4.75528 0
      vertex -80.3846 14.8498 0
      vertex -61.1672 4.86185 0
    endloop
  endfacet
  facet normal 0 0 -1
    outer loop
      vertex -80.4593 15.0524 0
      vertex -61.1672 4.86185 0
      vertex -80.3846 14.8498 0
    endloop
  endfacet
  facet normal 0 0 -1
    outer loop
      vertex -61.1672 4.86185 0
      vertex -80.4593 15.0524 0
      vertex -60.7822 4.93844 0
    endloop
  endfacet
  facet normal 0 0 -1
    outer loop
      vertex -80.5497 15.2485 0
      vertex -60.7822 4.93844 0
      vertex -80.4593 15.0524 0
    endloop
  endfacet
  facet normal 0 0 -1
    outer loop
      vertex -60.7822 4.93844 0
      vertex -80.5497 15.2485 0
      vertex -60.3923 4.98459 0
    endloop
  endfacet
  facet normal 0 0 -1
    outer loop
      vertex -80.6552 15.4369 0
      vertex -60.3923 4.98459 0
      vertex -80.5497 15.2485 0
    endloop
  endfacet
  facet normal 0 0 -1
    outer loop
      vertex -80.7752 15.6164 0
      vertex -60.3923 4.98459 0
      vertex -80.6552 15.4369 0
    endloop
  endfacet
  facet normal 0 0 -1
    outer loop
      vertex -60 5 0
      vertex -80.7752 15.6164 0
      vertex -80.9089 15.786 0
    endloop
  endfacet
  facet normal 0 0 -1
    outer loop
      vertex -59.6077 4.98459 0
      vertex -80.9089 15.786 0
      vertex -81.0555 15.9445 0
    endloop
  endfacet
  facet normal 0 0 -1
    outer loop
      vertex -59.2178 4.93844 0
      vertex -81.0555 15.9445 0
      vertex -81.214 16.0911 0
    endloop
  endfacet
  facet normal 0 0 -1
    outer loop
      vertex -58.8328 4.86185 0
      vertex -81.214 16.0911 0
      vertex -87 22 0
    endloop
  endfacet
  facet normal 0 0 -1
    outer loop
      vertex -87 22 0
      vertex -81.214 16.0911 0
      vertex -81.3836 16.2248 0
    endloop
  endfacet
  facet normal 0 0 -1
    outer loop
      vertex -87 22 0
      vertex -81.3836 16.2248 0
      vertex -81.5631 16.3448 0
    endloop
  endfacet
  facet normal 0 0 -1
    outer loop
      vertex -87 22 0
      vertex -81.5631 16.3448 0
      vertex -81.7515 16.4503 0
    endloop
  endfacet
  facet normal 0 0 -1
    outer loop
      vertex -87 22 0
      vertex -81.7515 16.4503 0
      vertex -81.9476 16.5407 0
    endloop
  endfacet
  facet normal 0 0 -1
    outer loop
      vertex -87 22 0
      vertex -81.9476 16.5407 0
      vertex -82.1502 16.6154 0
    endloop
  endfacet
  facet normal 0 0 -1
    outer loop
      vertex -87 22 0
      vertex -82.1502 16.6154 0
      vertex -82.358 16.674 0
    endloop
  endfacet
  facet normal 0 0 -1
    outer loop
      vertex -87 22 0
      vertex -82.358 16.674 0
      vertex -82.5698 16.7161 0
    endloop
  endfacet
  facet normal 0 0 -1
    outer loop
      vertex -87 22 0
      vertex -82.5698 16.7161 0
      vertex -82.7842 16.7415 0
    endloop
  endfacet
  facet normal 0 0 -1
    outer loop
      vertex -87 22 0
      vertex -82.7842 16.7415 0
      vertex -83 16.75 0
    endloop
  endfacet
  facet normal 0 0 -1
    outer loop
      vertex -19.6077 4.98459 0
      vertex -87 22 0
      vertex 87 22 0
    endloop
  endfacet
  facet normal 0 0 -1
    outer loop
      vertex -83.2158 16.7415 0
      vertex -87 22 0
      vertex -83 16.75 0
    endloop
  endfacet
  facet normal 0 0 -1
    outer loop
      vertex -83.4302 16.7161 0
      vertex -87 22 0
      vertex -83.2158 16.7415 0
    endloop
  endfacet
  facet normal 0 0 -1
    outer loop
      vertex -83.642 16.674 0
      vertex -87 22 0
      vertex -83.4302 16.7161 0
    endloop
  endfacet
  facet normal 0 0 -1
    outer loop
      vertex -83.8498 16.6154 0
      vertex -87 22 0
      vertex -83.642 16.674 0
    endloop
  endfacet
  facet normal 0 0 -1
    outer loop
      vertex -84.0524 16.5407 0
      vertex -87 22 0
      vertex -83.8498 16.6154 0
    endloop
  endfacet
  facet normal 0 0 -1
    outer loop
      vertex -84.2485 16.4503 0
      vertex -87 22 0
      vertex -84.0524 16.5407 0
    endloop
  endfacet
  facet normal 0 0 -1
    outer loop
      vertex -84.4369 16.3448 0
      vertex -87 22 0
      vertex -84.2485 16.4503 0
    endloop
  endfacet
  facet normal 0 0 -1
    outer loop
      vertex -84.6164 16.2248 0
      vertex -87 22 0
      vertex -84.4369 16.3448 0
    endloop
  endfacet
  facet normal 0 0 -1
    outer loop
      vertex -84.786 16.0911 0
      vertex -87 22 0
      vertex -84.6164 16.2248 0
    endloop
  endfacet
  facet normal 0 0 -1
    outer loop
      vertex -90 19 0
      vertex -84.786 16.0911 0
      vertex -84.9445 15.9445 0
    endloop
  endfacet
  facet normal 0 0 -1
    outer loop
      vertex -90 19 0
      vertex -84.9445 15.9445 0
      vertex -85.0911 15.786 0
    endloop
  endfacet
  facet normal 0 0 -1
    outer loop
      vertex -90 19 0
      vertex -85.0911 15.786 0
      vertex -85.2248 15.6164 0
    endloop
  endfacet
  facet normal 0 0 -1
    outer loop
      vertex -90 19 0
      vertex -85.2248 15.6164 0
      vertex -85.3448 15.4369 0
    endloop
  endfacet
  facet normal 0 0 -1
    outer loop
      vertex -90 19 0
      vertex -85.3448 15.4369 0
      vertex -85.4503 15.2485 0
    endloop
  endfacet
  facet normal 0 0 -1
    outer loop
      vertex -90 19 0
      vertex -85.4503 15.2485 0
      vertex -85.5407 15.0524 0
    endloop
  endfacet
  facet normal 0 0 -1
    outer loop
      vertex -90 19 0
      vertex -85.5407 15.0524 0
      vertex -85.6154 14.8498 0
    endloop
  endfacet
  facet normal 0 0 -1
    outer loop
      vertex -90 19 0
      vertex -85.6154 14.8498 0
      vertex -85.674 14.642 0
    endloop
  endfacet
  facet normal 0 0 -1
    outer loop
      vertex -90 19 0
      vertex -85.674 14.642 0
      vertex -85.7161 14.4302 0
    endloop
  endfacet
  facet normal 0 0 -1
    outer loop
      vertex -90 19 0
      vertex -85.7161 14.4302 0
      vertex -85.7415 14.2158 0
    endloop
  endfacet
  facet normal 0 0 -1
    outer loop
      vertex -90 19 0
      vertex -85.7415 14.2158 0
      vertex -85.75 14 0
    endloop
  endfacet
  facet normal 0 0 -1
    outer loop
      vertex -85.7161 13.5698 0
      vertex -90 19 0
      vertex -85.7415 13.7842 0
    endloop
  endfacet
  facet normal 0 0 -1
    outer loop
      vertex -90 -19 0
      vertex -87 -22 0
      vertex -87.2354 -21.9908 0
    endloop
  endfacet
  facet normal 0 0 -1
    outer loop
      vertex -85.7415 13.7842 0
      vertex -90 19 0
      vertex -85.75 14 0
    endloop
  endfacet
  facet normal 0 0 -1
    outer loop
      vertex -90 -19 0
      vertex -87.2354 -21.9908 0
      vertex -87.4693 -21.9631 0
    endloop
  endfacet
  facet normal 0 0 -1
    outer loop
      vertex -84.786 16.0911 0
      vertex -90 19 0
      vertex -87 22 0
    endloop
  endfacet
  facet normal 0 0 -1
    outer loop
      vertex -90 -19 0
      vertex -87.4693 -21.9631 0
      vertex -87.7003 -21.9171 0
    endloop
  endfacet
  facet normal 0 0 -1
    outer loop
      vertex -87 22 0
      vertex -90 19 0
      vertex -87.2354 21.9908 0
    endloop
  endfacet
  facet normal 0 0 -1
    outer loop
      vertex -90 -19 0
      vertex -87.7003 -21.9171 0
      vertex -87.927 -21.8532 0
    endloop
  endfacet
  facet normal 0 0 -1
    outer loop
      vertex -87.2354 21.9908 0
      vertex -90 19 0
      vertex -87.4693 21.9631 0
    endloop
  endfacet
  facet normal 0 0 -1
    outer loop
      vertex -90 -19 0
      vertex -87.927 -21.8532 0
      vertex -88.1481 -21.7716 0
    endloop
  endfacet
  facet normal 0 0 -1
    outer loop
      vertex -87.4693 21.9631 0
      vertex -90 19 0
      vertex -87.7003 21.9171 0
    endloop
  endfacet
  facet normal 0 0 -1
    outer loop
      vertex -90 -19 0
      vertex -88.1481 -21.7716 0
      vertex -88.362 -21.673 0
    endloop
  endfacet
  facet normal 0 0 -1
    outer loop
      vertex -87.7003 21.9171 0
      vertex -90 19 0
      vertex -87.927 21.8532 0
    endloop
  endfacet
  facet normal 0 0 -1
    outer loop
      vertex -90 -19 0
      vertex -88.362 -21.673 0
      vertex -88.5675 -21.5579 0
    endloop
  endfacet
  facet normal 0 0 -1
    outer loop
      vertex -87.927 21.8532 0
      vertex -90 19 0
      vertex -88.1481 21.7716 0
    endloop
  endfacet
  facet normal 0 0 -1
    outer loop
      vertex -90 -19 0
      vertex -88.5675 -21.5579 0
      vertex -88.7634 -21.427 0
    endloop
  endfacet
  facet normal 0 0 -1
    outer loop
      vertex -88.1481 21.7716 0
      vertex -90 19 0
      vertex -88.362 21.673 0
    endloop
  endfacet
  facet normal 0 0 -1
    outer loop
      vertex -90 -19 0
      vertex -88.7634 -21.427 0
      vertex -88.9483 -21.2812 0
    endloop
  endfacet
  facet normal 0 0 -1
    outer loop
      vertex -88.362 21.673 0
      vertex -90 19 0
      vertex -88.5675 21.5579 0
    endloop
  endfacet
  facet normal 0 0 -1
    outer loop
      vertex -90 -19 0
      vertex -88.9483 -21.2812 0
      vertex -89.1213 -21.1213 0
    endloop
  endfacet
  facet normal 0 0 -1
    outer loop
      vertex -88.5675 21.5579 0
      vertex -90 19 0
      vertex -88.7634 21.427 0
    endloop
  endfacet
  facet normal 0 0 -1
    outer loop
      vertex -90 -19 0
      vertex -89.1213 -21.1213 0
      vertex -89.2812 -20.9483 0
    endloop
  endfacet
  facet normal 0 0 -1
    outer loop
      vertex -88.7634 21.427 0
      vertex -90 19 0
      vertex -88.9483 21.2812 0
    endloop
  endfacet
  facet normal 0 0 -1
    outer loop
      vertex -90 -19 0
      vertex -89.2812 -20.9483 0
      vertex -89.427 -20.7634 0
    endloop
  endfacet
  facet normal 0 0 -1
    outer loop
      vertex -88.9483 21.2812 0
      vertex -90 19 0
      vertex -89.1213 21.1213 0
    endloop
  endfacet
  facet normal 0 0 -1
    outer loop
      vertex -90 -19 0
      vertex -89.427 -20.7634 0
      vertex -89.5579 -20.5675 0
    endloop
  endfacet
  facet normal 0 0 -1
    outer loop
      vertex -89.1213 21.1213 0
      vertex -90 19 0
      vertex -89.2812 20.9483 0
    endloop
  endfacet
  facet normal 0 0 -1
    outer loop
      vertex -90 -19 0
      vertex -89.5579 -20.5675 0
      vertex -89.673 -20.362 0
    endloop
  endfacet
  facet normal 0 0 -1
    outer loop
      vertex -89.2812 20.9483 0
      vertex -90 19 0
      vertex -89.427 20.7634 0
    endloop
  endfacet
  facet normal 0 0 -1
    outer loop
      vertex -90 -19 0
      vertex -89.673 -20.362 0
      vertex -89.7716 -20.1481 0
    endloop
  endfacet
  facet normal 0 0 -1
    outer loop
      vertex -89.427 20.7634 0
      vertex -90 19 0
      vertex -89.5579 20.5675 0
    endloop
  endfacet
  facet normal 0 0 -1
    outer loop
      vertex -90 -19 0
      vertex -89.7716 -20.1481 0
      vertex -89.8532 -19.927 0
    endloop
  endfacet
  facet normal 0 0 -1
    outer loop
      vertex -89.5579 20.5675 0
      vertex -90 19 0
      vertex -89.673 20.362 0
    endloop
  endfacet
  facet normal 0 0 -1
    outer loop
      vertex -90 -19 0
      vertex -89.8532 -19.927 0
      vertex -89.9171 -19.7003 0
    endloop
  endfacet
  facet normal 0 0 -1
    outer loop
      vertex -89.673 20.362 0
      vertex -90 19 0
      vertex -89.7716 20.1481 0
    endloop
  endfacet
  facet normal 0 0 -1
    outer loop
      vertex -90 -19 0
      vertex -89.9171 -19.7003 0
      vertex -89.9631 -19.4693 0
    endloop
  endfacet
  facet normal 0 0 -1
    outer loop
      vertex -89.7716 20.1481 0
      vertex -90 19 0
      vertex -89.8532 19.927 0
    endloop
  endfacet
  facet normal 0 0 -1
    outer loop
      vertex -90 -19 0
      vertex -89.9631 -19.4693 0
      vertex -89.9908 -19.2354 0
    endloop
  endfacet
  facet normal 0 0 -1
    outer loop
      vertex -89.8532 19.927 0
      vertex -90 19 0
      vertex -89.9171 19.7003 0
    endloop
  endfacet
  facet normal 0 0 -1
    outer loop
      vertex -89.9171 19.7003 0
      vertex -90 19 0
      vertex -89.9631 19.4693 0
    endloop
  endfacet
  facet normal 0 0 -1
    outer loop
      vertex -89.9631 19.4693 0
      vertex -90 19 0
      vertex -89.9908 19.2354 0
    endloop
  endfacet
  facet normal 0 1 -0
    outer loop
      vertex 87 22 0
      vertex -87 22 6
      vertex 87 22 6
    endloop
  endfacet
  facet normal 0 1 0
    outer loop
      vertex -87 22 6
      vertex 87 22 0
      vertex -87 22 0
    endloop
  endfacet
  facet normal -0.831462 -0.555581 0
    outer loop
      vertex -89.427 -20.7634 0
      vertex -89.5579 -20.5675 6
      vertex -89.5579 -20.5675 0
    endloop
  endfacet
  facet normal -0.831462 -0.555581 0
    outer loop
      vertex -89.5579 -20.5675 6
      vertex -89.427 -20.7634 0
      vertex -89.427 -20.7634 6
    endloop
  endfacet
  facet normal 0.61919 -0.785241 0
    outer loop
      vertex 88.7634 -21.427 0
      vertex 88.9483 -21.2812 6
      vertex 88.7634 -21.427 6
    endloop
  endfacet
  facet normal 0.61919 -0.785241 0
    outer loop
      vertex 88.9483 -21.2812 6
      vertex 88.7634 -21.427 0
      vertex 88.9483 -21.2812 0
    endloop
  endfacet
  facet normal 0.0390526 0.999237 -0
    outer loop
      vertex 87.2354 21.9908 0
      vertex 87 22 6
      vertex 87.2354 21.9908 6
    endloop
  endfacet
  facet normal 0.0390526 0.999237 0
    outer loop
      vertex 87 22 6
      vertex 87.2354 21.9908 0
      vertex 87 22 0
    endloop
  endfacet
  facet normal -0.0390526 0.999237 0
    outer loop
      vertex -87 22 0
      vertex -87.2354 21.9908 6
      vertex -87 22 6
    endloop
  endfacet
  facet normal -0.0390526 0.999237 0
    outer loop
      vertex -87.2354 21.9908 6
      vertex -87 22 0
      vertex -87.2354 21.9908 0
    endloop
  endfacet
  facet normal 0.999237 -0.0390526 0
    outer loop
      vertex 89.9908 -19.2354 6
      vertex 90 -19 0
      vertex 90 -19 6
    endloop
  endfacet
  facet normal 0.999237 -0.0390526 0
    outer loop
      vertex 90 -19 0
      vertex 89.9908 -19.2354 6
      vertex 89.9908 -19.2354 0
    endloop
  endfacet
  facet normal -0.999237 -0.0390526 0
    outer loop
      vertex -89.9908 -19.2354 0
      vertex -90 -19 6
      vertex -90 -19 0
    endloop
  endfacet
  facet normal -0.999237 -0.0390526 0
    outer loop
      vertex -90 -19 6
      vertex -89.9908 -19.2354 0
      vertex -89.9908 -19.2354 6
    endloop
  endfacet
  facet normal 0 -1 0
    outer loop
      vertex -87 -22 0
      vertex 87 -22 6
      vertex -87 -22 6
    endloop
  endfacet
  facet normal 0 -1 -0
    outer loop
      vertex 87 -22 6
      vertex -87 -22 0
      vertex 87 -22 0
    endloop
  endfacet
  facet normal -0.980744 -0.1953 0
    outer loop
      vertex -89.9171 -19.7003 0
      vertex -89.9631 -19.4693 6
      vertex -89.9631 -19.4693 0
    endloop
  endfacet
  facet normal -0.980744 -0.1953 0
    outer loop
      vertex -89.9631 -19.4693 6
      vertex -89.9171 -19.7003 0
      vertex -89.9171 -19.7003 6
    endloop
  endfacet
  facet normal -0.117605 -0.99306 0
    outer loop
      vertex -87.4693 -21.9631 0
      vertex -87.2354 -21.9908 6
      vertex -87.4693 -21.9631 6
    endloop
  endfacet
  facet normal -0.117605 -0.99306 -0
    outer loop
      vertex -87.2354 -21.9908 6
      vertex -87.4693 -21.9631 0
      vertex -87.2354 -21.9908 0
    endloop
  endfacet
  facet normal -0.908158 -0.418627 0
    outer loop
      vertex -89.673 -20.362 0
      vertex -89.7716 -20.1481 6
      vertex -89.7716 -20.1481 0
    endloop
  endfacet
  facet normal -0.908158 -0.418627 0
    outer loop
      vertex -89.7716 -20.1481 6
      vertex -89.673 -20.362 0
      vertex -89.673 -20.362 6
    endloop
  endfacet
  facet normal -1 0 0
    outer loop
      vertex -90 -19 0
      vertex -90 19 6
      vertex -90 19 0
    endloop
  endfacet
  facet normal -1 -0 0
    outer loop
      vertex -90 19 6
      vertex -90 -19 0
      vertex -90 -19 6
    endloop
  endfacet
  facet normal -0.117605 0.99306 0
    outer loop
      vertex -87.2354 21.9908 0
      vertex -87.4693 21.9631 6
      vertex -87.2354 21.9908 6
    endloop
  endfacet
  facet normal -0.117605 0.99306 0
    outer loop
      vertex -87.4693 21.9631 6
      vertex -87.2354 21.9908 0
      vertex -87.4693 21.9631 0
    endloop
  endfacet
  facet normal -0.1953 -0.980744 0
    outer loop
      vertex -87.7003 -21.9171 0
      vertex -87.4693 -21.9631 6
      vertex -87.7003 -21.9171 6
    endloop
  endfacet
  facet normal -0.1953 -0.980744 -0
    outer loop
      vertex -87.4693 -21.9631 6
      vertex -87.7003 -21.9171 0
      vertex -87.4693 -21.9631 0
    endloop
  endfacet
  facet normal -0.999237 0.0390526 0
    outer loop
      vertex -90 19 0
      vertex -89.9908 19.2354 6
      vertex -89.9908 19.2354 0
    endloop
  endfacet
  facet normal -0.999237 0.0390526 0
    outer loop
      vertex -89.9908 19.2354 6
      vertex -90 19 0
      vertex -90 19 6
    endloop
  endfacet
  facet normal 0.678756 0.734364 -0
    outer loop
      vertex 89.1213 21.1213 0
      vertex 88.9483 21.2812 6
      vertex 89.1213 21.1213 6
    endloop
  endfacet
  facet normal 0.678756 0.734364 0
    outer loop
      vertex 88.9483 21.2812 6
      vertex 89.1213 21.1213 0
      vertex 88.9483 21.2812 0
    endloop
  endfacet
  facet normal -0.831462 0.555581 0
    outer loop
      vertex -89.5579 20.5675 0
      vertex -89.427 20.7634 6
      vertex -89.427 20.7634 0
    endloop
  endfacet
  facet normal -0.831462 0.555581 0
    outer loop
      vertex -89.427 20.7634 6
      vertex -89.5579 20.5675 0
      vertex -89.5579 20.5675 6
    endloop
  endfacet
  facet normal 0.87247 0.488668 0
    outer loop
      vertex 89.673 20.362 6
      vertex 89.5579 20.5675 0
      vertex 89.5579 20.5675 6
    endloop
  endfacet
  facet normal 0.87247 0.488668 0
    outer loop
      vertex 89.5579 20.5675 0
      vertex 89.673 20.362 6
      vertex 89.673 20.362 0
    endloop
  endfacet
  facet normal -0.488668 0.87247 0
    outer loop
      vertex -88.362 21.673 0
      vertex -88.5675 21.5579 6
      vertex -88.362 21.673 6
    endloop
  endfacet
  facet normal -0.488668 0.87247 0
    outer loop
      vertex -88.5675 21.5579 6
      vertex -88.362 21.673 0
      vertex -88.5675 21.5579 0
    endloop
  endfacet
  facet normal -0.938147 0.346236 0
    outer loop
      vertex -89.8532 19.927 0
      vertex -89.7716 20.1481 6
      vertex -89.7716 20.1481 0
    endloop
  endfacet
  facet normal -0.938147 0.346236 0
    outer loop
      vertex -89.7716 20.1481 6
      vertex -89.8532 19.927 0
      vertex -89.8532 19.927 6
    endloop
  endfacet
  facet normal -0.99306 0.117605 0
    outer loop
      vertex -89.9908 19.2354 0
      vertex -89.9631 19.4693 6
      vertex -89.9631 19.4693 0
    endloop
  endfacet
  facet normal -0.99306 0.117605 0
    outer loop
      vertex -89.9631 19.4693 6
      vertex -89.9908 19.2354 0
      vertex -89.9908 19.2354 6
    endloop
  endfacet
  facet normal -0.346236 0.938147 0
    outer loop
      vertex -87.927 21.8532 0
      vertex -88.1481 21.7716 6
      vertex -87.927 21.8532 6
    endloop
  endfacet
  facet normal -0.346236 0.938147 0
    outer loop
      vertex -88.1481 21.7716 6
      vertex -87.927 21.8532 0
      vertex -88.1481 21.7716 0
    endloop
  endfacet
  facet normal 0.117605 0.99306 -0
    outer loop
      vertex 87.4693 21.9631 0
      vertex 87.2354 21.9908 6
      vertex 87.4693 21.9631 6
    endloop
  endfacet
  facet normal 0.117605 0.99306 0
    outer loop
      vertex 87.2354 21.9908 6
      vertex 87.4693 21.9631 0
      vertex 87.2354 21.9908 0
    endloop
  endfacet
  facet normal 0.1953 0.980744 -0
    outer loop
      vertex 87.7003 21.9171 0
      vertex 87.4693 21.9631 6
      vertex 87.7003 21.9171 6
    endloop
  endfacet
  facet normal 0.1953 0.980744 0
    outer loop
      vertex 87.4693 21.9631 6
      vertex 87.7003 21.9171 0
      vertex 87.4693 21.9631 0
    endloop
  endfacet
  facet normal -0.555581 -0.831462 0
    outer loop
      vertex -88.7634 -21.427 0
      vertex -88.5675 -21.5579 6
      vertex -88.7634 -21.427 6
    endloop
  endfacet
  facet normal -0.555581 -0.831462 -0
    outer loop
      vertex -88.5675 -21.5579 6
      vertex -88.7634 -21.427 0
      vertex -88.5675 -21.5579 0
    endloop
  endfacet
  facet normal -0.678756 0.734364 0
    outer loop
      vertex -88.9483 21.2812 0
      vertex -89.1213 21.1213 6
      vertex -88.9483 21.2812 6
    endloop
  endfacet
  facet normal -0.678756 0.734364 0
    outer loop
      vertex -89.1213 21.1213 6
      vertex -88.9483 21.2812 0
      vertex -89.1213 21.1213 0
    endloop
  endfacet
  facet normal -0.962495 0.271299 0
    outer loop
      vertex -89.9171 19.7003 0
      vertex -89.8532 19.927 6
      vertex -89.8532 19.927 0
    endloop
  endfacet
  facet normal -0.962495 0.271299 0
    outer loop
      vertex -89.8532 19.927 6
      vertex -89.9171 19.7003 0
      vertex -89.9171 19.7003 6
    endloop
  endfacet
  facet normal -0.271299 0.962495 0
    outer loop
      vertex -87.7003 21.9171 0
      vertex -87.927 21.8532 6
      vertex -87.7003 21.9171 6
    endloop
  endfacet
  facet normal -0.271299 0.962495 0
    outer loop
      vertex -87.927 21.8532 6
      vertex -87.7003 21.9171 0
      vertex -87.927 21.8532 0
    endloop
  endfacet
  facet normal -0.87247 -0.488668 0
    outer loop
      vertex -89.5579 -20.5675 0
      vertex -89.673 -20.362 6
      vertex -89.673 -20.362 0
    endloop
  endfacet
  facet normal -0.87247 -0.488668 0
    outer loop
      vertex -89.673 -20.362 6
      vertex -89.5579 -20.5675 0
      vertex -89.5579 -20.5675 6
    endloop
  endfacet
  facet normal 0.87247 -0.488668 0
    outer loop
      vertex 89.5579 -20.5675 6
      vertex 89.673 -20.362 0
      vertex 89.673 -20.362 6
    endloop
  endfacet
  facet normal 0.87247 -0.488668 0
    outer loop
      vertex 89.673 -20.362 0
      vertex 89.5579 -20.5675 6
      vertex 89.5579 -20.5675 0
    endloop
  endfacet
  facet normal 0.831462 -0.555581 0
    outer loop
      vertex 89.427 -20.7634 6
      vertex 89.5579 -20.5675 0
      vertex 89.5579 -20.5675 6
    endloop
  endfacet
  facet normal 0.831462 -0.555581 0
    outer loop
      vertex 89.5579 -20.5675 0
      vertex 89.427 -20.7634 6
      vertex 89.427 -20.7634 0
    endloop
  endfacet
  facet normal 0.418627 0.908158 -0
    outer loop
      vertex 88.362 21.673 0
      vertex 88.1481 21.7716 6
      vertex 88.362 21.673 6
    endloop
  endfacet
  facet normal 0.418627 0.908158 0
    outer loop
      vertex 88.1481 21.7716 6
      vertex 88.362 21.673 0
      vertex 88.1481 21.7716 0
    endloop
  endfacet
  facet normal -0.418627 0.908158 0
    outer loop
      vertex -88.1481 21.7716 0
      vertex -88.362 21.673 6
      vertex -88.1481 21.7716 6
    endloop
  endfacet
  facet normal -0.418627 0.908158 0
    outer loop
      vertex -88.362 21.673 6
      vertex -88.1481 21.7716 0
      vertex -88.362 21.673 0
    endloop
  endfacet
  facet normal 0.346236 -0.938147 0
    outer loop
      vertex 87.927 -21.8532 0
      vertex 88.1481 -21.7716 6
      vertex 87.927 -21.8532 6
    endloop
  endfacet
  facet normal 0.346236 -0.938147 0
    outer loop
      vertex 88.1481 -21.7716 6
      vertex 87.927 -21.8532 0
      vertex 88.1481 -21.7716 0
    endloop
  endfacet
  facet normal 0.555581 0.831462 -0
    outer loop
      vertex 88.7634 21.427 0
      vertex 88.5675 21.5579 6
      vertex 88.7634 21.427 6
    endloop
  endfacet
  facet normal 0.555581 0.831462 0
    outer loop
      vertex 88.5675 21.5579 6
      vertex 88.7634 21.427 0
      vertex 88.5675 21.5579 0
    endloop
  endfacet
  facet normal 0.999237 0.0390526 0
    outer loop
      vertex 90 19 6
      vertex 89.9908 19.2354 0
      vertex 89.9908 19.2354 6
    endloop
  endfacet
  facet normal 0.999237 0.0390526 0
    outer loop
      vertex 89.9908 19.2354 0
      vertex 90 19 6
      vertex 90 19 0
    endloop
  endfacet
  facet normal -0.488668 -0.87247 0
    outer loop
      vertex -88.5675 -21.5579 0
      vertex -88.362 -21.673 6
      vertex -88.5675 -21.5579 6
    endloop
  endfacet
  facet normal -0.488668 -0.87247 -0
    outer loop
      vertex -88.362 -21.673 6
      vertex -88.5675 -21.5579 0
      vertex -88.362 -21.673 0
    endloop
  endfacet
  facet normal -0.938147 -0.346236 0
    outer loop
      vertex -89.7716 -20.1481 0
      vertex -89.8532 -19.927 6
      vertex -89.8532 -19.927 0
    endloop
  endfacet
  facet normal -0.938147 -0.346236 0
    outer loop
      vertex -89.8532 -19.927 6
      vertex -89.7716 -20.1481 0
      vertex -89.7716 -20.1481 6
    endloop
  endfacet
  facet normal -0.61919 -0.785241 0
    outer loop
      vertex -88.9483 -21.2812 0
      vertex -88.7634 -21.427 6
      vertex -88.9483 -21.2812 6
    endloop
  endfacet
  facet normal -0.61919 -0.785241 -0
    outer loop
      vertex -88.7634 -21.427 6
      vertex -88.9483 -21.2812 0
      vertex -88.7634 -21.427 0
    endloop
  endfacet
  facet normal 0.418627 -0.908158 0
    outer loop
      vertex 88.1481 -21.7716 0
      vertex 88.362 -21.673 6
      vertex 88.1481 -21.7716 6
    endloop
  endfacet
  facet normal 0.418627 -0.908158 0
    outer loop
      vertex 88.362 -21.673 6
      vertex 88.1481 -21.7716 0
      vertex 88.362 -21.673 0
    endloop
  endfacet
  facet normal -0.555581 0.831462 0
    outer loop
      vertex -88.5675 21.5579 0
      vertex -88.7634 21.427 6
      vertex -88.5675 21.5579 6
    endloop
  endfacet
  facet normal -0.555581 0.831462 0
    outer loop
      vertex -88.7634 21.427 6
      vertex -88.5675 21.5579 0
      vertex -88.7634 21.427 0
    endloop
  endfacet
  facet normal -0.271299 -0.962495 0
    outer loop
      vertex -87.927 -21.8532 0
      vertex -87.7003 -21.9171 6
      vertex -87.927 -21.8532 6
    endloop
  endfacet
  facet normal -0.271299 -0.962495 -0
    outer loop
      vertex -87.7003 -21.9171 6
      vertex -87.927 -21.8532 0
      vertex -87.7003 -21.9171 0
    endloop
  endfacet
  facet normal 0.938147 -0.346236 0
    outer loop
      vertex 89.7716 -20.1481 6
      vertex 89.8532 -19.927 0
      vertex 89.8532 -19.927 6
    endloop
  endfacet
  facet normal 0.938147 -0.346236 0
    outer loop
      vertex 89.8532 -19.927 0
      vertex 89.7716 -20.1481 6
      vertex 89.7716 -20.1481 0
    endloop
  endfacet
  facet normal 0.962495 -0.271299 0
    outer loop
      vertex 89.8532 -19.927 6
      vertex 89.9171 -19.7003 0
      vertex 89.9171 -19.7003 6
    endloop
  endfacet
  facet normal 0.962495 -0.271299 0
    outer loop
      vertex 89.9171 -19.7003 0
      vertex 89.8532 -19.927 6
      vertex 89.8532 -19.927 0
    endloop
  endfacet
  facet normal -0.734364 -0.678756 0
    outer loop
      vertex -89.1213 -21.1213 0
      vertex -89.2812 -20.9483 6
      vertex -89.2812 -20.9483 0
    endloop
  endfacet
  facet normal -0.734364 -0.678756 0
    outer loop
      vertex -89.2812 -20.9483 6
      vertex -89.1213 -21.1213 0
      vertex -89.1213 -21.1213 6
    endloop
  endfacet
  facet normal 0.678756 -0.734364 0
    outer loop
      vertex 88.9483 -21.2812 0
      vertex 89.1213 -21.1213 6
      vertex 88.9483 -21.2812 6
    endloop
  endfacet
  facet normal 0.678756 -0.734364 0
    outer loop
      vertex 89.1213 -21.1213 6
      vertex 88.9483 -21.2812 0
      vertex 89.1213 -21.1213 0
    endloop
  endfacet
  facet normal 1 -0 0
    outer loop
      vertex 90 -19 6
      vertex 90 19 0
      vertex 90 19 6
    endloop
  endfacet
  facet normal 1 0 0
    outer loop
      vertex 90 19 0
      vertex 90 -19 6
      vertex 90 -19 0
    endloop
  endfacet
  facet normal -0.418627 -0.908158 0
    outer loop
      vertex -88.362 -21.673 0
      vertex -88.1481 -21.7716 6
      vertex -88.362 -21.673 6
    endloop
  endfacet
  facet normal -0.418627 -0.908158 -0
    outer loop
      vertex -88.1481 -21.7716 6
      vertex -88.362 -21.673 0
      vertex -88.1481 -21.7716 0
    endloop
  endfacet
  facet normal 0.271299 -0.962495 0
    outer loop
      vertex 87.7003 -21.9171 0
      vertex 87.927 -21.8532 6
      vertex 87.7003 -21.9171 6
    endloop
  endfacet
  facet normal 0.271299 -0.962495 0
    outer loop
      vertex 87.927 -21.8532 6
      vertex 87.7003 -21.9171 0
      vertex 87.927 -21.8532 0
    endloop
  endfacet
  facet normal -0.1953 0.980744 0
    outer loop
      vertex -87.4693 21.9631 0
      vertex -87.7003 21.9171 6
      vertex -87.4693 21.9631 6
    endloop
  endfacet
  facet normal -0.1953 0.980744 0
    outer loop
      vertex -87.7003 21.9171 6
      vertex -87.4693 21.9631 0
      vertex -87.7003 21.9171 0
    endloop
  endfacet
  facet normal -0.962495 -0.271299 0
    outer loop
      vertex -89.8532 -19.927 0
      vertex -89.9171 -19.7003 6
      vertex -89.9171 -19.7003 0
    endloop
  endfacet
  facet normal -0.962495 -0.271299 0
    outer loop
      vertex -89.9171 -19.7003 6
      vertex -89.8532 -19.927 0
      vertex -89.8532 -19.927 6
    endloop
  endfacet
  facet normal -0.908158 0.418627 0
    outer loop
      vertex -89.7716 20.1481 0
      vertex -89.673 20.362 6
      vertex -89.673 20.362 0
    endloop
  endfacet
  facet normal -0.908158 0.418627 0
    outer loop
      vertex -89.673 20.362 6
      vertex -89.7716 20.1481 0
      vertex -89.7716 20.1481 6
    endloop
  endfacet
  facet normal 0.785241 0.61919 0
    outer loop
      vertex 89.427 20.7634 6
      vertex 89.2812 20.9483 0
      vertex 89.2812 20.9483 6
    endloop
  endfacet
  facet normal 0.785241 0.61919 0
    outer loop
      vertex 89.2812 20.9483 0
      vertex 89.427 20.7634 6
      vertex 89.427 20.7634 0
    endloop
  endfacet
  facet normal 0.117605 -0.99306 0
    outer loop
      vertex 87.2354 -21.9908 0
      vertex 87.4693 -21.9631 6
      vertex 87.2354 -21.9908 6
    endloop
  endfacet
  facet normal 0.117605 -0.99306 0
    outer loop
      vertex 87.4693 -21.9631 6
      vertex 87.2354 -21.9908 0
      vertex 87.4693 -21.9631 0
    endloop
  endfacet
  facet normal -0.980744 0.1953 0
    outer loop
      vertex -89.9631 19.4693 0
      vertex -89.9171 19.7003 6
      vertex -89.9171 19.7003 0
    endloop
  endfacet
  facet normal -0.980744 0.1953 0
    outer loop
      vertex -89.9171 19.7003 6
      vertex -89.9631 19.4693 0
      vertex -89.9631 19.4693 6
    endloop
  endfacet
  facet normal 0.488668 -0.87247 0
    outer loop
      vertex 88.362 -21.673 0
      vertex 88.5675 -21.5579 6
      vertex 88.362 -21.673 6
    endloop
  endfacet
  facet normal 0.488668 -0.87247 0
    outer loop
      vertex 88.5675 -21.5579 6
      vertex 88.362 -21.673 0
      vertex 88.5675 -21.5579 0
    endloop
  endfacet
  facet normal -0.99306 -0.117605 0
    outer loop
      vertex -89.9631 -19.4693 0
      vertex -89.9908 -19.2354 6
      vertex -89.9908 -19.2354 0
    endloop
  endfacet
  facet normal -0.99306 -0.117605 0
    outer loop
      vertex -89.9908 -19.2354 6
      vertex -89.9631 -19.4693 0
      vertex -89.9631 -19.4693 6
    endloop
  endfacet
  facet normal 0.99306 0.117605 0
    outer loop
      vertex 89.9908 19.2354 6
      vertex 89.9631 19.4693 0
      vertex 89.9631 19.4693 6
    endloop
  endfacet
  facet normal 0.99306 0.117605 0
    outer loop
      vertex 89.9631 19.4693 0
      vertex 89.9908 19.2354 6
      vertex 89.9908 19.2354 0
    endloop
  endfacet
  facet normal -0.678756 -0.734364 0
    outer loop
      vertex -89.1213 -21.1213 0
      vertex -88.9483 -21.2812 6
      vertex -89.1213 -21.1213 6
    endloop
  endfacet
  facet normal -0.678756 -0.734364 -0
    outer loop
      vertex -88.9483 -21.2812 6
      vertex -89.1213 -21.1213 0
      vertex -88.9483 -21.2812 0
    endloop
  endfacet
  facet normal -0.61919 0.785241 0
    outer loop
      vertex -88.7634 21.427 0
      vertex -88.9483 21.2812 6
      vertex -88.7634 21.427 6
    endloop
  endfacet
  facet normal -0.61919 0.785241 0
    outer loop
      vertex -88.9483 21.2812 6
      vertex -88.7634 21.427 0
      vertex -88.9483 21.2812 0
    endloop
  endfacet
  facet normal -0.734364 0.678756 0
    outer loop
      vertex -89.2812 20.9483 0
      vertex -89.1213 21.1213 6
      vertex -89.1213 21.1213 0
    endloop
  endfacet
  facet normal -0.734364 0.678756 0
    outer loop
      vertex -89.1213 21.1213 6
      vertex -89.2812 20.9483 0
      vertex -89.2812 20.9483 6
    endloop
  endfacet
  facet normal 0.346236 0.938147 -0
    outer loop
      vertex 88.1481 21.7716 0
      vertex 87.927 21.8532 6
      vertex 88.1481 21.7716 6
    endloop
  endfacet
  facet normal 0.346236 0.938147 0
    outer loop
      vertex 87.927 21.8532 6
      vertex 88.1481 21.7716 0
      vertex 87.927 21.8532 0
    endloop
  endfacet
  facet normal -0.346236 -0.938147 0
    outer loop
      vertex -88.1481 -21.7716 0
      vertex -87.927 -21.8532 6
      vertex -88.1481 -21.7716 6
    endloop
  endfacet
  facet normal -0.346236 -0.938147 -0
    outer loop
      vertex -87.927 -21.8532 6
      vertex -88.1481 -21.7716 0
      vertex -87.927 -21.8532 0
    endloop
  endfacet
  facet normal 0.271299 0.962495 -0
    outer loop
      vertex 87.927 21.8532 0
      vertex 87.7003 21.9171 6
      vertex 87.927 21.8532 6
    endloop
  endfacet
  facet normal 0.271299 0.962495 0
    outer loop
      vertex 87.7003 21.9171 6
      vertex 87.927 21.8532 0
      vertex 87.7003 21.9171 0
    endloop
  endfacet
  facet normal 0.1953 -0.980744 0
    outer loop
      vertex 87.4693 -21.9631 0
      vertex 87.7003 -21.9171 6
      vertex 87.4693 -21.9631 6
    endloop
  endfacet
  facet normal 0.1953 -0.980744 0
    outer loop
      vertex 87.7003 -21.9171 6
      vertex 87.4693 -21.9631 0
      vertex 87.7003 -21.9171 0
    endloop
  endfacet
  facet normal 0.488668 0.87247 -0
    outer loop
      vertex 88.5675 21.5579 0
      vertex 88.362 21.673 6
      vertex 88.5675 21.5579 6
    endloop
  endfacet
  facet normal 0.488668 0.87247 0
    outer loop
      vertex 88.362 21.673 6
      vertex 88.5675 21.5579 0
      vertex 88.362 21.673 0
    endloop
  endfacet
  facet normal -0.785241 -0.61919 0
    outer loop
      vertex -89.2812 -20.9483 0
      vertex -89.427 -20.7634 6
      vertex -89.427 -20.7634 0
    endloop
  endfacet
  facet normal -0.785241 -0.61919 0
    outer loop
      vertex -89.427 -20.7634 6
      vertex -89.2812 -20.9483 0
      vertex -89.2812 -20.9483 6
    endloop
  endfacet
  facet normal 0 0 1
    outer loop
      vertex -67.3327 4.49349 6
      vertex -80.7752 12.3836 6
      vertex -67.6627 3.90432 6
    endloop
  endfacet
  facet normal 0 0 1
    outer loop
      vertex -68.6 0 6
      vertex -80.2585 -13.7842 6
      vertex -80.25 -14 6
    endloop
  endfacet
  facet normal -0 0 1
    outer loop
      vertex -80.9089 12.214 6
      vertex -67.6627 3.90432 6
      vertex -80.7752 12.3836 6
    endloop
  endfacet
  facet normal 0 0 1
    outer loop
      vertex -68.6 0 6
      vertex -80.2839 -13.5698 6
      vertex -80.2585 -13.7842 6
    endloop
  endfacet
  facet normal 0 0 1
    outer loop
      vertex -67.6627 3.90432 6
      vertex -80.9089 12.214 6
      vertex -67.9454 3.29108 6
    endloop
  endfacet
  facet normal 0 0 1
    outer loop
      vertex -68.6 0 6
      vertex -80.326 -13.358 6
      vertex -80.2839 -13.5698 6
    endloop
  endfacet
  facet normal -0 0 1
    outer loop
      vertex -81.0555 12.0555 6
      vertex -67.9454 3.29108 6
      vertex -80.9089 12.214 6
    endloop
  endfacet
  facet normal 0 0 1
    outer loop
      vertex -68.6 0 6
      vertex -80.3846 -13.1502 6
      vertex -80.326 -13.358 6
    endloop
  endfacet
  facet normal -0 0 1
    outer loop
      vertex -81.214 11.9089 6
      vertex -67.9454 3.29108 6
      vertex -81.0555 12.0555 6
    endloop
  endfacet
  facet normal 0 0 1
    outer loop
      vertex -68.6 0 6
      vertex -80.4593 -12.9476 6
      vertex -80.3846 -13.1502 6
    endloop
  endfacet
  facet normal 0 0 1
    outer loop
      vertex -67.9454 3.29108 6
      vertex -81.214 11.9089 6
      vertex -68.1791 2.65755 6
    endloop
  endfacet
  facet normal 0 0 1
    outer loop
      vertex -68.6 0 6
      vertex -80.5497 -12.7515 6
      vertex -80.4593 -12.9476 6
    endloop
  endfacet
  facet normal -0 0 1
    outer loop
      vertex -81.3836 11.7752 6
      vertex -68.1791 2.65755 6
      vertex -81.214 11.9089 6
    endloop
  endfacet
  facet normal 0 0 1
    outer loop
      vertex -68.6 0 6
      vertex -80.6552 -12.5631 6
      vertex -80.5497 -12.7515 6
    endloop
  endfacet
  facet normal 0 0 1
    outer loop
      vertex -68.1791 2.65755 6
      vertex -81.3836 11.7752 6
      vertex -68.3624 2.00763 6
    endloop
  endfacet
  facet normal 0 0 1
    outer loop
      vertex -68.6 0 6
      vertex -80.7752 -12.3836 6
      vertex -80.6552 -12.5631 6
    endloop
  endfacet
  facet normal -0 0 1
    outer loop
      vertex -81.5631 11.6552 6
      vertex -68.3624 2.00763 6
      vertex -81.3836 11.7752 6
    endloop
  endfacet
  facet normal 0 0 1
    outer loop
      vertex -68.6 0 6
      vertex -80.9089 -12.214 6
      vertex -80.7752 -12.3836 6
    endloop
  endfacet
  facet normal -0 0 1
    outer loop
      vertex -81.7515 11.5497 6
      vertex -68.3624 2.00763 6
      vertex -81.5631 11.6552 6
    endloop
  endfacet
  facet normal 0 0 1
    outer loop
      vertex -68.6 0 6
      vertex -81.0555 -12.0555 6
      vertex -80.9089 -12.214 6
    endloop
  endfacet
  facet normal 0 0 1
    outer loop
      vertex -68.3624 2.00763 6
      vertex -81.7515 11.5497 6
      vertex -68.4941 1.34534 6
    endloop
  endfacet
  facet normal 0 0 1
    outer loop
      vertex -68.6 0 6
      vertex -81.214 -11.9089 6
      vertex -81.0555 -12.0555 6
    endloop
  endfacet
  facet normal -0 0 1
    outer loop
      vertex -81.9476 11.4593 6
      vertex -68.4941 1.34534 6
      vertex -81.7515 11.5497 6
    endloop
  endfacet
  facet normal 0 0 1
    outer loop
      vertex -68.6 0 6
      vertex -81.3836 -11.7752 6
      vertex -81.214 -11.9089 6
    endloop
  endfacet
  facet normal 0 0 1
    outer loop
      vertex -68.4941 1.34534 6
      vertex -81.9476 11.4593 6
      vertex -68.5735 0.674747 6
    endloop
  endfacet
  facet normal 0 0 1
    outer loop
      vertex -68.6 0 6
      vertex -81.5631 -11.6552 6
      vertex -81.3836 -11.7752 6
    endloop
  endfacet
  facet normal -0 0 1
    outer loop
      vertex -82.1502 11.3846 6
      vertex -68.5735 0.674747 6
      vertex -81.9476 11.4593 6
    endloop
  endfacet
  facet normal 0 0 1
    outer loop
      vertex -68.6 0 6
      vertex -81.7515 -11.5497 6
      vertex -81.5631 -11.6552 6
    endloop
  endfacet
  facet normal -0 0 1
    outer loop
      vertex -82.358 11.326 6
      vertex -68.5735 0.674747 6
      vertex -82.1502 11.3846 6
    endloop
  endfacet
  facet normal 0 0 1
    outer loop
      vertex -68.6 0 6
      vertex -81.9476 -11.4593 6
      vertex -81.7515 -11.5497 6
    endloop
  endfacet
  facet normal 0 0 1
    outer loop
      vertex -68.5735 0.674747 6
      vertex -82.358 11.326 6
      vertex -68.6 0 6
    endloop
  endfacet
  facet normal 0 0 1
    outer loop
      vertex -68.6 0 6
      vertex -82.1502 -11.3846 6
      vertex -81.9476 -11.4593 6
    endloop
  endfacet
  facet normal 0 0 1
    outer loop
      vertex -82.358 -11.326 6
      vertex -68.6 0 6
      vertex -82.358 11.326 6
    endloop
  endfacet
  facet normal 0 0 1
    outer loop
      vertex -68.6 0 6
      vertex -82.358 -11.326 6
      vertex -82.1502 -11.3846 6
    endloop
  endfacet
  facet normal -0 0 1
    outer loop
      vertex -82.5698 11.2839 6
      vertex -82.358 -11.326 6
      vertex -82.358 11.326 6
    endloop
  endfacet
  facet normal 0 0 1
    outer loop
      vertex -82.5698 11.2839 6
      vertex -82.5698 -11.2839 6
      vertex -82.358 -11.326 6
    endloop
  endfacet
  facet normal -0 0 1
    outer loop
      vertex -82.7842 11.2585 6
      vertex -82.5698 -11.2839 6
      vertex -82.5698 11.2839 6
    endloop
  endfacet
  facet normal 0 0 1
    outer loop
      vertex -82.7842 11.2585 6
      vertex -82.7842 -11.2585 6
      vertex -82.5698 -11.2839 6
    endloop
  endfacet
  facet normal -0 0 1
    outer loop
      vertex -83 11.25 6
      vertex -82.7842 -11.2585 6
      vertex -82.7842 11.2585 6
    endloop
  endfacet
  facet normal 0 0 1
    outer loop
      vertex -83 11.25 6
      vertex -83 -11.25 6
      vertex -82.7842 -11.2585 6
    endloop
  endfacet
  facet normal 0 0 1
    outer loop
      vertex -83.2158 11.2585 6
      vertex -83 -11.25 6
      vertex -83 11.25 6
    endloop
  endfacet
  facet normal 0 0 1
    outer loop
      vertex -83.2158 11.2585 6
      vertex -83.2158 -11.2585 6
      vertex -83 -11.25 6
    endloop
  endfacet
  facet normal 0 0 1
    outer loop
      vertex -83.4302 11.2839 6
      vertex -83.2158 -11.2585 6
      vertex -83.2158 11.2585 6
    endloop
  endfacet
  facet normal 0 0 1
    outer loop
      vertex -83.4302 11.2839 6
      vertex -83.4302 -11.2839 6
      vertex -83.2158 -11.2585 6
    endloop
  endfacet
  facet normal 0 0 1
    outer loop
      vertex -83.642 11.326 6
      vertex -83.4302 -11.2839 6
      vertex -83.4302 11.2839 6
    endloop
  endfacet
  facet normal 0 0 1
    outer loop
      vertex -83.642 11.326 6
      vertex -83.642 -11.326 6
      vertex -83.4302 -11.2839 6
    endloop
  endfacet
  facet normal 0 0 1
    outer loop
      vertex -83.8498 11.3846 6
      vertex -83.642 -11.326 6
      vertex -83.642 11.326 6
    endloop
  endfacet
  facet normal 0 0 1
    outer loop
      vertex -83.8498 11.3846 6
      vertex -83.8498 -11.3846 6
      vertex -83.642 -11.326 6
    endloop
  endfacet
  facet normal 0 0 1
    outer loop
      vertex -84.0524 11.4593 6
      vertex -83.8498 -11.3846 6
      vertex -83.8498 11.3846 6
    endloop
  endfacet
  facet normal 0 0 1
    outer loop
      vertex -84.0524 11.4593 6
      vertex -84.0524 -11.4593 6
      vertex -83.8498 -11.3846 6
    endloop
  endfacet
  facet normal 0 0 1
    outer loop
      vertex -84.2485 11.5497 6
      vertex -84.0524 -11.4593 6
      vertex -84.0524 11.4593 6
    endloop
  endfacet
  facet normal 0 0 1
    outer loop
      vertex -84.2485 11.5497 6
      vertex -84.2485 -11.5497 6
      vertex -84.0524 -11.4593 6
    endloop
  endfacet
  facet normal 0 0 1
    outer loop
      vertex -84.4369 11.6552 6
      vertex -84.2485 -11.5497 6
      vertex -84.2485 11.5497 6
    endloop
  endfacet
  facet normal 0 0 1
    outer loop
      vertex -84.4369 11.6552 6
      vertex -84.4369 -11.6552 6
      vertex -84.2485 -11.5497 6
    endloop
  endfacet
  facet normal 0 0 1
    outer loop
      vertex -84.6164 11.7752 6
      vertex -84.4369 -11.6552 6
      vertex -84.4369 11.6552 6
    endloop
  endfacet
  facet normal 0 0 1
    outer loop
      vertex -84.6164 11.7752 6
      vertex -84.6164 -11.7752 6
      vertex -84.4369 -11.6552 6
    endloop
  endfacet
  facet normal 0 0 1
    outer loop
      vertex -84.786 11.9089 6
      vertex -84.6164 -11.7752 6
      vertex -84.6164 11.7752 6
    endloop
  endfacet
  facet normal 0 0 1
    outer loop
      vertex -84.786 11.9089 6
      vertex -84.786 -11.9089 6
      vertex -84.6164 -11.7752 6
    endloop
  endfacet
  facet normal 0 0 1
    outer loop
      vertex -84.9445 12.0555 6
      vertex -84.786 -11.9089 6
      vertex -84.786 11.9089 6
    endloop
  endfacet
  facet normal 0 0 1
    outer loop
      vertex -84.9445 12.0555 6
      vertex -84.9445 -12.0555 6
      vertex -84.786 -11.9089 6
    endloop
  endfacet
  facet normal 0 0 1
    outer loop
      vertex -85.0911 12.214 6
      vertex -84.9445 -12.0555 6
      vertex -84.9445 12.0555 6
    endloop
  endfacet
  facet normal 0 0 1
    outer loop
      vertex -85.0911 12.214 6
      vertex -85.0911 -12.214 6
      vertex -84.9445 -12.0555 6
    endloop
  endfacet
  facet normal 0 0 1
    outer loop
      vertex -85.2248 12.3836 6
      vertex -85.0911 -12.214 6
      vertex -85.0911 12.214 6
    endloop
  endfacet
  facet normal 0 0 1
    outer loop
      vertex -85.2248 12.3836 6
      vertex -85.2248 -12.3836 6
      vertex -85.0911 -12.214 6
    endloop
  endfacet
  facet normal 0 0 1
    outer loop
      vertex -85.3448 12.5631 6
      vertex -85.2248 -12.3836 6
      vertex -85.2248 12.3836 6
    endloop
  endfacet
  facet normal 0 0 1
    outer loop
      vertex -85.3448 12.5631 6
      vertex -85.3448 -12.5631 6
      vertex -85.2248 -12.3836 6
    endloop
  endfacet
  facet normal 0 0 1
    outer loop
      vertex -85.4503 12.7515 6
      vertex -85.3448 -12.5631 6
      vertex -85.3448 12.5631 6
    endloop
  endfacet
  facet normal 0 0 1
    outer loop
      vertex -85.4503 12.7515 6
      vertex -85.4503 -12.7515 6
      vertex -85.3448 -12.5631 6
    endloop
  endfacet
  facet normal 0 0 1
    outer loop
      vertex -90 19 6
      vertex -85.4503 12.7515 6
      vertex -85.5407 12.9476 6
    endloop
  endfacet
  facet normal 0 0 1
    outer loop
      vertex -85.4503 12.7515 6
      vertex -90 19 6
      vertex -85.4503 -12.7515 6
    endloop
  endfacet
  facet normal 0 0 1
    outer loop
      vertex -90 19 6
      vertex -85.5407 12.9476 6
      vertex -85.6154 13.1502 6
    endloop
  endfacet
  facet normal 0 0 1
    outer loop
      vertex -90 -19 6
      vertex -85.4503 -12.7515 6
      vertex -90 19 6
    endloop
  endfacet
  facet normal 0 0 1
    outer loop
      vertex -90 19 6
      vertex -85.6154 13.1502 6
      vertex -85.674 13.358 6
    endloop
  endfacet
  facet normal 0 0 1
    outer loop
      vertex -85.4503 -12.7515 6
      vertex -90 -19 6
      vertex -85.5407 -12.9476 6
    endloop
  endfacet
  facet normal 0 0 1
    outer loop
      vertex -90 19 6
      vertex -85.674 13.358 6
      vertex -85.7161 13.5698 6
    endloop
  endfacet
  facet normal 0 0 1
    outer loop
      vertex -85.5407 -12.9476 6
      vertex -90 -19 6
      vertex -85.6154 -13.1502 6
    endloop
  endfacet
  facet normal 0 0 1
    outer loop
      vertex -90 19 6
      vertex -85.7161 13.5698 6
      vertex -85.7415 13.7842 6
    endloop
  endfacet
  facet normal 0 0 1
    outer loop
      vertex -85.6154 -13.1502 6
      vertex -90 -19 6
      vertex -85.674 -13.358 6
    endloop
  endfacet
  facet normal 0 0 1
    outer loop
      vertex -90 19 6
      vertex -85.7415 13.7842 6
      vertex -85.75 14 6
    endloop
  endfacet
  facet normal 0 0 1
    outer loop
      vertex -85.674 -13.358 6
      vertex -90 -19 6
      vertex -85.7161 -13.5698 6
    endloop
  endfacet
  facet normal 0 0 1
    outer loop
      vertex 85.674 13.358 6
      vertex 90 19 6
      vertex 85.7161 13.5698 6
    endloop
  endfacet
  facet normal 0 0 1
    outer loop
      vertex 90 -19 6
      vertex 85.7415 -13.7842 6
      vertex 85.75 -14 6
    endloop
  endfacet
  facet normal 0 0 1
    outer loop
      vertex 85.6154 13.1502 6
      vertex 90 19 6
      vertex 85.674 13.358 6
    endloop
  endfacet
  facet normal 0 0 1
    outer loop
      vertex 90 -19 6
      vertex 85.7161 -13.5698 6
      vertex 85.7415 -13.7842 6
    endloop
  endfacet
  facet normal 0 0 1
    outer loop
      vertex 85.5407 12.9476 6
      vertex 90 19 6
      vertex 85.6154 13.1502 6
    endloop
  endfacet
  facet normal 0 0 1
    outer loop
      vertex 90 -19 6
      vertex 85.674 -13.358 6
      vertex 85.7161 -13.5698 6
    endloop
  endfacet
  facet normal 0 0 1
    outer loop
      vertex 85.4503 12.7515 6
      vertex 90 19 6
      vertex 85.5407 12.9476 6
    endloop
  endfacet
  facet normal 0 0 1
    outer loop
      vertex 90 -19 6
      vertex 85.6154 -13.1502 6
      vertex 85.674 -13.358 6
    endloop
  endfacet
  facet normal 0 0 1
    outer loop
      vertex 90 19 6
      vertex 85.4503 12.7515 6
      vertex 90 -19 6
    endloop
  endfacet
  facet normal 0 0 1
    outer loop
      vertex 90 -19 6
      vertex 85.5407 -12.9476 6
      vertex 85.6154 -13.1502 6
    endloop
  endfacet
  facet normal -0 0 1
    outer loop
      vertex 85.4503 -12.7515 6
      vertex 90 -19 6
      vertex 85.4503 12.7515 6
    endloop
  endfacet
  facet normal 0 0 1
    outer loop
      vertex 90 -19 6
      vertex 85.4503 -12.7515 6
      vertex 85.5407 -12.9476 6
    endloop
  endfacet
  facet normal -0 0 1
    outer loop
      vertex 85.3448 12.5631 6
      vertex 85.4503 -12.7515 6
      vertex 85.4503 12.7515 6
    endloop
  endfacet
  facet normal 0 0 1
    outer loop
      vertex 85.3448 12.5631 6
      vertex 85.3448 -12.5631 6
      vertex 85.4503 -12.7515 6
    endloop
  endfacet
  facet normal -0 0 1
    outer loop
      vertex 85.2248 12.3836 6
      vertex 85.3448 -12.5631 6
      vertex 85.3448 12.5631 6
    endloop
  endfacet
  facet normal 0 0 1
    outer loop
      vertex 85.2248 12.3836 6
      vertex 85.2248 -12.3836 6
      vertex 85.3448 -12.5631 6
    endloop
  endfacet
  facet normal -0 0 1
    outer loop
      vertex 85.0911 12.214 6
      vertex 85.2248 -12.3836 6
      vertex 85.2248 12.3836 6
    endloop
  endfacet
  facet normal 0 0 1
    outer loop
      vertex 85.0911 12.214 6
      vertex 85.0911 -12.214 6
      vertex 85.2248 -12.3836 6
    endloop
  endfacet
  facet normal -0 0 1
    outer loop
      vertex 84.9445 12.0555 6
      vertex 85.0911 -12.214 6
      vertex 85.0911 12.214 6
    endloop
  endfacet
  facet normal 0 0 1
    outer loop
      vertex 84.9445 12.0555 6
      vertex 84.9445 -12.0555 6
      vertex 85.0911 -12.214 6
    endloop
  endfacet
  facet normal -0 0 1
    outer loop
      vertex 84.786 11.9089 6
      vertex 84.9445 -12.0555 6
      vertex 84.9445 12.0555 6
    endloop
  endfacet
  facet normal 0 0 1
    outer loop
      vertex 84.786 11.9089 6
      vertex 84.786 -11.9089 6
      vertex 84.9445 -12.0555 6
    endloop
  endfacet
  facet normal -0 0 1
    outer loop
      vertex 84.6164 11.7752 6
      vertex 84.786 -11.9089 6
      vertex 84.786 11.9089 6
    endloop
  endfacet
  facet normal 0 0 1
    outer loop
      vertex 84.6164 11.7752 6
      vertex 84.6164 -11.7752 6
      vertex 84.786 -11.9089 6
    endloop
  endfacet
  facet normal -0 0 1
    outer loop
      vertex 84.4369 11.6552 6
      vertex 84.6164 -11.7752 6
      vertex 84.6164 11.7752 6
    endloop
  endfacet
  facet normal 0 0 1
    outer loop
      vertex 84.4369 11.6552 6
      vertex 84.4369 -11.6552 6
      vertex 84.6164 -11.7752 6
    endloop
  endfacet
  facet normal -0 0 1
    outer loop
      vertex 84.2485 11.5497 6
      vertex 84.4369 -11.6552 6
      vertex 84.4369 11.6552 6
    endloop
  endfacet
  facet normal 0 0 1
    outer loop
      vertex 84.2485 11.5497 6
      vertex 84.2485 -11.5497 6
      vertex 84.4369 -11.6552 6
    endloop
  endfacet
  facet normal -0 0 1
    outer loop
      vertex 84.0524 11.4593 6
      vertex 84.2485 -11.5497 6
      vertex 84.2485 11.5497 6
    endloop
  endfacet
  facet normal 0 0 1
    outer loop
      vertex 84.0524 11.4593 6
      vertex 84.0524 -11.4593 6
      vertex 84.2485 -11.5497 6
    endloop
  endfacet
  facet normal -0 0 1
    outer loop
      vertex 83.8498 11.3846 6
      vertex 84.0524 -11.4593 6
      vertex 84.0524 11.4593 6
    endloop
  endfacet
  facet normal 0 0 1
    outer loop
      vertex 83.8498 11.3846 6
      vertex 83.8498 -11.3846 6
      vertex 84.0524 -11.4593 6
    endloop
  endfacet
  facet normal -0 0 1
    outer loop
      vertex 83.642 11.326 6
      vertex 83.8498 -11.3846 6
      vertex 83.8498 11.3846 6
    endloop
  endfacet
  facet normal 0 0 1
    outer loop
      vertex 83.642 11.326 6
      vertex 83.642 -11.326 6
      vertex 83.8498 -11.3846 6
    endloop
  endfacet
  facet normal -0 0 1
    outer loop
      vertex 83.4302 11.2839 6
      vertex 83.642 -11.326 6
      vertex 83.642 11.326 6
    endloop
  endfacet
  facet normal 0 0 1
    outer loop
      vertex 83.4302 11.2839 6
      vertex 83.4302 -11.2839 6
      vertex 83.642 -11.326 6
    endloop
  endfacet
  facet normal -0 0 1
    outer loop
      vertex 83.2158 11.2585 6
      vertex 83.4302 -11.2839 6
      vertex 83.4302 11.2839 6
    endloop
  endfacet
  facet normal 0 0 1
    outer loop
      vertex 83.2158 11.2585 6
      vertex 83.2158 -11.2585 6
      vertex 83.4302 -11.2839 6
    endloop
  endfacet
  facet normal -0 0 1
    outer loop
      vertex 83 11.25 6
      vertex 83.2158 -11.2585 6
      vertex 83.2158 11.2585 6
    endloop
  endfacet
  facet normal 0 0 1
    outer loop
      vertex 83 11.25 6
      vertex 83 -11.25 6
      vertex 83.2158 -11.2585 6
    endloop
  endfacet
  facet normal 0 0 1
    outer loop
      vertex 82.7842 11.2585 6
      vertex 83 -11.25 6
      vertex 83 11.25 6
    endloop
  endfacet
  facet normal 0 0 1
    outer loop
      vertex 82.7842 11.2585 6
      vertex 82.7842 -11.2585 6
      vertex 83 -11.25 6
    endloop
  endfacet
  facet normal 0 0 1
    outer loop
      vertex 82.5698 11.2839 6
      vertex 82.7842 -11.2585 6
      vertex 82.7842 11.2585 6
    endloop
  endfacet
  facet normal 0 0 1
    outer loop
      vertex 82.5698 11.2839 6
      vertex 82.5698 -11.2839 6
      vertex 82.7842 -11.2585 6
    endloop
  endfacet
  facet normal 0 0 1
    outer loop
      vertex 82.358 11.326 6
      vertex 82.5698 -11.2839 6
      vertex 82.5698 11.2839 6
    endloop
  endfacet
  facet normal 0 0 1
    outer loop
      vertex 82.358 11.326 6
      vertex 82.358 -11.326 6
      vertex 82.5698 -11.2839 6
    endloop
  endfacet
  facet normal 0 0 1
    outer loop
      vertex 68.5735 0.674747 6
      vertex 82.358 11.326 6
      vertex 82.1502 11.3846 6
    endloop
  endfacet
  facet normal 0 0 1
    outer loop
      vertex 82.358 11.326 6
      vertex 68.6 0 6
      vertex 82.358 -11.326 6
    endloop
  endfacet
  facet normal 0 0 1
    outer loop
      vertex 68.5735 0.674747 6
      vertex 82.1502 11.3846 6
      vertex 81.9476 11.4593 6
    endloop
  endfacet
  facet normal -0 0 1
    outer loop
      vertex 68.5735 -0.674747 6
      vertex 82.358 -11.326 6
      vertex 68.6 0 6
    endloop
  endfacet
  facet normal 0 0 1
    outer loop
      vertex 68.4941 1.34534 6
      vertex 81.9476 11.4593 6
      vertex 81.7515 11.5497 6
    endloop
  endfacet
  facet normal 0 0 1
    outer loop
      vertex 82.358 -11.326 6
      vertex 68.5735 -0.674747 6
      vertex 82.1502 -11.3846 6
    endloop
  endfacet
  facet normal 0 0 1
    outer loop
      vertex 68.3624 2.00763 6
      vertex 81.7515 11.5497 6
      vertex 81.5631 11.6552 6
    endloop
  endfacet
  facet normal 0 0 1
    outer loop
      vertex 82.1502 -11.3846 6
      vertex 68.5735 -0.674747 6
      vertex 81.9476 -11.4593 6
    endloop
  endfacet
  facet normal 0 0 1
    outer loop
      vertex 68.3624 2.00763 6
      vertex 81.5631 11.6552 6
      vertex 81.3836 11.7752 6
    endloop
  endfacet
  facet normal -0 0 1
    outer loop
      vertex 68.4941 -1.34534 6
      vertex 81.9476 -11.4593 6
      vertex 68.5735 -0.674747 6
    endloop
  endfacet
  facet normal 0 0 1
    outer loop
      vertex 68.1791 2.65755 6
      vertex 81.3836 11.7752 6
      vertex 81.214 11.9089 6
    endloop
  endfacet
  facet normal 0 0 1
    outer loop
      vertex 81.9476 -11.4593 6
      vertex 68.4941 -1.34534 6
      vertex 81.7515 -11.5497 6
    endloop
  endfacet
  facet normal 0 0 1
    outer loop
      vertex 67.9454 3.29108 6
      vertex 81.214 11.9089 6
      vertex 81.0555 12.0555 6
    endloop
  endfacet
  facet normal -0 0 1
    outer loop
      vertex 68.3624 -2.00763 6
      vertex 81.7515 -11.5497 6
      vertex 68.4941 -1.34534 6
    endloop
  endfacet
  facet normal 0 0 1
    outer loop
      vertex 67.9454 3.29108 6
      vertex 81.0555 12.0555 6
      vertex 80.9089 12.214 6
    endloop
  endfacet
  facet normal 0 0 1
    outer loop
      vertex 81.7515 -11.5497 6
      vertex 68.3624 -2.00763 6
      vertex 81.5631 -11.6552 6
    endloop
  endfacet
  facet normal 0 0 1
    outer loop
      vertex 67.6627 3.90432 6
      vertex 80.9089 12.214 6
      vertex 80.7752 12.3836 6
    endloop
  endfacet
  facet normal 0 0 1
    outer loop
      vertex 81.5631 -11.6552 6
      vertex 68.3624 -2.00763 6
      vertex 81.3836 -11.7752 6
    endloop
  endfacet
  facet normal 0 0 1
    outer loop
      vertex 67.3327 4.49349 6
      vertex 80.7752 12.3836 6
      vertex 80.6552 12.5631 6
    endloop
  endfacet
  facet normal -0 0 1
    outer loop
      vertex 68.1791 -2.65755 6
      vertex 81.3836 -11.7752 6
      vertex 68.3624 -2.00763 6
    endloop
  endfacet
  facet normal 0 0 1
    outer loop
      vertex 67.3327 4.49349 6
      vertex 80.6552 12.5631 6
      vertex 80.5497 12.7515 6
    endloop
  endfacet
  facet normal 0 0 1
    outer loop
      vertex 81.3836 -11.7752 6
      vertex 68.1791 -2.65755 6
      vertex 81.214 -11.9089 6
    endloop
  endfacet
  facet normal 0 0 1
    outer loop
      vertex 66.9575 5.05495 6
      vertex 80.5497 12.7515 6
      vertex 80.4593 12.9476 6
    endloop
  endfacet
  facet normal -0 0 1
    outer loop
      vertex 67.9454 -3.29108 6
      vertex 81.214 -11.9089 6
      vertex 68.1791 -2.65755 6
    endloop
  endfacet
  facet normal 0 0 1
    outer loop
      vertex 66.9575 5.05495 6
      vertex 80.4593 12.9476 6
      vertex 80.3846 13.1502 6
    endloop
  endfacet
  facet normal 0 0 1
    outer loop
      vertex 81.214 -11.9089 6
      vertex 67.9454 -3.29108 6
      vertex 81.0555 -12.0555 6
    endloop
  endfacet
  facet normal 0 0 1
    outer loop
      vertex 66.5395 5.58525 6
      vertex 80.3846 13.1502 6
      vertex 80.326 13.358 6
    endloop
  endfacet
  facet normal 0 0 1
    outer loop
      vertex 81.0555 -12.0555 6
      vertex 67.9454 -3.29108 6
      vertex 80.9089 -12.214 6
    endloop
  endfacet
  facet normal 0 0 1
    outer loop
      vertex 66.0811 6.08112 6
      vertex 80.326 13.358 6
      vertex 80.2839 13.5698 6
    endloop
  endfacet
  facet normal -0 0 1
    outer loop
      vertex 67.6627 -3.90432 6
      vertex 80.9089 -12.214 6
      vertex 67.9454 -3.29108 6
    endloop
  endfacet
  facet normal 0 0 1
    outer loop
      vertex 66.0811 6.08112 6
      vertex 80.2839 13.5698 6
      vertex 80.2585 13.7842 6
    endloop
  endfacet
  facet normal 0 0 1
    outer loop
      vertex 80.9089 -12.214 6
      vertex 67.6627 -3.90432 6
      vertex 80.7752 -12.3836 6
    endloop
  endfacet
  facet normal 0 0 1
    outer loop
      vertex 65.5853 6.53949 6
      vertex 80.2585 13.7842 6
      vertex 80.25 14 6
    endloop
  endfacet
  facet normal -0 0 1
    outer loop
      vertex 67.3327 -4.49349 6
      vertex 80.7752 -12.3836 6
      vertex 67.6627 -3.90432 6
    endloop
  endfacet
  facet normal 0 0 1
    outer loop
      vertex 84.786 16.0911 6
      vertex 90 19 6
      vertex 89.9908 19.2354 6
    endloop
  endfacet
  facet normal 0 0 1
    outer loop
      vertex 85.7415 13.7842 6
      vertex 90 19 6
      vertex 85.75 14 6
    endloop
  endfacet
  facet normal 0 0 1
    outer loop
      vertex 84.786 16.0911 6
      vertex 89.9908 19.2354 6
      vertex 89.9631 19.4693 6
    endloop
  endfacet
  facet normal 0 0 1
    outer loop
      vertex 85.7161 13.5698 6
      vertex 90 19 6
      vertex 85.7415 13.7842 6
    endloop
  endfacet
  facet normal 0 0 1
    outer loop
      vertex 84.786 16.0911 6
      vertex 89.9631 19.4693 6
      vertex 89.9171 19.7003 6
    endloop
  endfacet
  facet normal -0 0 1
    outer loop
      vertex 85.7415 -14.2158 6
      vertex 90 -19 6
      vertex 85.75 -14 6
    endloop
  endfacet
  facet normal 0 0 1
    outer loop
      vertex 84.786 16.0911 6
      vertex 89.9171 19.7003 6
      vertex 89.8532 19.927 6
    endloop
  endfacet
  facet normal -0 0 1
    outer loop
      vertex 85.7161 -14.4302 6
      vertex 90 -19 6
      vertex 85.7415 -14.2158 6
    endloop
  endfacet
  facet normal 0 0 1
    outer loop
      vertex 84.786 16.0911 6
      vertex 89.8532 19.927 6
      vertex 89.7716 20.1481 6
    endloop
  endfacet
  facet normal -0 0 1
    outer loop
      vertex 85.674 -14.642 6
      vertex 90 -19 6
      vertex 85.7161 -14.4302 6
    endloop
  endfacet
  facet normal 0 0 1
    outer loop
      vertex 84.786 16.0911 6
      vertex 89.7716 20.1481 6
      vertex 89.673 20.362 6
    endloop
  endfacet
  facet normal -0 0 1
    outer loop
      vertex 85.6154 -14.8498 6
      vertex 90 -19 6
      vertex 85.674 -14.642 6
    endloop
  endfacet
  facet normal 0 0 1
    outer loop
      vertex 84.786 16.0911 6
      vertex 89.673 20.362 6
      vertex 89.5579 20.5675 6
    endloop
  endfacet
  facet normal -0 0 1
    outer loop
      vertex 85.5407 -15.0524 6
      vertex 90 -19 6
      vertex 85.6154 -14.8498 6
    endloop
  endfacet
  facet normal 0 0 1
    outer loop
      vertex 84.786 16.0911 6
      vertex 89.5579 20.5675 6
      vertex 89.427 20.7634 6
    endloop
  endfacet
  facet normal -0 0 1
    outer loop
      vertex 85.4503 -15.2485 6
      vertex 90 -19 6
      vertex 85.5407 -15.0524 6
    endloop
  endfacet
  facet normal 0 0 1
    outer loop
      vertex 84.786 16.0911 6
      vertex 89.427 20.7634 6
      vertex 89.2812 20.9483 6
    endloop
  endfacet
  facet normal -0 0 1
    outer loop
      vertex 85.3448 -15.4369 6
      vertex 90 -19 6
      vertex 85.4503 -15.2485 6
    endloop
  endfacet
  facet normal 0 0 1
    outer loop
      vertex 84.786 16.0911 6
      vertex 89.2812 20.9483 6
      vertex 89.1213 21.1213 6
    endloop
  endfacet
  facet normal -0 0 1
    outer loop
      vertex 85.2248 -15.6164 6
      vertex 90 -19 6
      vertex 85.3448 -15.4369 6
    endloop
  endfacet
  facet normal 0 0 1
    outer loop
      vertex 84.786 16.0911 6
      vertex 89.1213 21.1213 6
      vertex 88.9483 21.2812 6
    endloop
  endfacet
  facet normal -0 0 1
    outer loop
      vertex 85.0911 -15.786 6
      vertex 90 -19 6
      vertex 85.2248 -15.6164 6
    endloop
  endfacet
  facet normal 0 0 1
    outer loop
      vertex 84.786 16.0911 6
      vertex 88.9483 21.2812 6
      vertex 88.7634 21.427 6
    endloop
  endfacet
  facet normal -0 0 1
    outer loop
      vertex 84.9445 -15.9445 6
      vertex 90 -19 6
      vertex 85.0911 -15.786 6
    endloop
  endfacet
  facet normal 0 0 1
    outer loop
      vertex 84.786 16.0911 6
      vertex 88.7634 21.427 6
      vertex 88.5675 21.5579 6
    endloop
  endfacet
  facet normal -0 0 1
    outer loop
      vertex 84.786 -16.0911 6
      vertex 90 -19 6
      vertex 84.9445 -15.9445 6
    endloop
  endfacet
  facet normal 0 0 1
    outer loop
      vertex 84.786 16.0911 6
      vertex 88.5675 21.5579 6
      vertex 88.362 21.673 6
    endloop
  endfacet
  facet normal 0 0 1
    outer loop
      vertex 90 -19 6
      vertex 84.786 -16.0911 6
      vertex 89.9908 -19.2354 6
    endloop
  endfacet
  facet normal 0 0 1
    outer loop
      vertex 84.786 16.0911 6
      vertex 88.362 21.673 6
      vertex 88.1481 21.7716 6
    endloop
  endfacet
  facet normal 0 0 1
    outer loop
      vertex 89.9908 -19.2354 6
      vertex 84.786 -16.0911 6
      vertex 89.9631 -19.4693 6
    endloop
  endfacet
  facet normal 0 0 1
    outer loop
      vertex 84.786 16.0911 6
      vertex 88.1481 21.7716 6
      vertex 87.927 21.8532 6
    endloop
  endfacet
  facet normal 0 0 1
    outer loop
      vertex 89.9631 -19.4693 6
      vertex 84.786 -16.0911 6
      vertex 89.9171 -19.7003 6
    endloop
  endfacet
  facet normal 0 0 1
    outer loop
      vertex 84.786 16.0911 6
      vertex 87.927 21.8532 6
      vertex 87.7003 21.9171 6
    endloop
  endfacet
  facet normal 0 0 1
    outer loop
      vertex 89.9171 -19.7003 6
      vertex 84.786 -16.0911 6
      vertex 89.8532 -19.927 6
    endloop
  endfacet
  facet normal 0 0 1
    outer loop
      vertex 84.786 16.0911 6
      vertex 87.7003 21.9171 6
      vertex 87.4693 21.9631 6
    endloop
  endfacet
  facet normal 0 0 1
    outer loop
      vertex 89.8532 -19.927 6
      vertex 84.786 -16.0911 6
      vertex 89.7716 -20.1481 6
    endloop
  endfacet
  facet normal 0 0 1
    outer loop
      vertex 84.786 16.0911 6
      vertex 87.4693 21.9631 6
      vertex 87.2354 21.9908 6
    endloop
  endfacet
  facet normal 0 0 1
    outer loop
      vertex 89.7716 -20.1481 6
      vertex 84.786 -16.0911 6
      vertex 89.673 -20.362 6
    endloop
  endfacet
  facet normal 0 0 1
    outer loop
      vertex 84.786 16.0911 6
      vertex 87.2354 21.9908 6
      vertex 87 22 6
    endloop
  endfacet
  facet normal 0 0 1
    outer loop
      vertex 89.673 -20.362 6
      vertex 84.786 -16.0911 6
      vertex 89.5579 -20.5675 6
    endloop
  endfacet
  facet normal 0 0 1
    outer loop
      vertex 89.5579 -20.5675 6
      vertex 84.786 -16.0911 6
      vertex 89.427 -20.7634 6
    endloop
  endfacet
  facet normal 0 0 1
    outer loop
      vertex 90 19 6
      vertex 85.7415 14.2158 6
      vertex 85.75 14 6
    endloop
  endfacet
  facet normal 0 0 1
    outer loop
      vertex 90 19 6
      vertex 85.7161 14.4302 6
      vertex 85.7415 14.2158 6
    endloop
  endfacet
  facet normal 0 0 1
    outer loop
      vertex 90 19 6
      vertex 85.674 14.642 6
      vertex 85.7161 14.4302 6
    endloop
  endfacet
  facet normal 0 0 1
    outer loop
      vertex 90 19 6
      vertex 85.6154 14.8498 6
      vertex 85.674 14.642 6
    endloop
  endfacet
  facet normal 0 0 1
    outer loop
      vertex 90 19 6
      vertex 85.5407 15.0524 6
      vertex 85.6154 14.8498 6
    endloop
  endfacet
  facet normal 0 0 1
    outer loop
      vertex 90 19 6
      vertex 85.4503 15.2485 6
      vertex 85.5407 15.0524 6
    endloop
  endfacet
  facet normal 0 0 1
    outer loop
      vertex 90 19 6
      vertex 85.3448 15.4369 6
      vertex 85.4503 15.2485 6
    endloop
  endfacet
  facet normal 0 0 1
    outer loop
      vertex 90 19 6
      vertex 85.2248 15.6164 6
      vertex 85.3448 15.4369 6
    endloop
  endfacet
  facet normal 0 0 1
    outer loop
      vertex 90 19 6
      vertex 85.0911 15.786 6
      vertex 85.2248 15.6164 6
    endloop
  endfacet
  facet normal 0 0 1
    outer loop
      vertex 90 19 6
      vertex 84.9445 15.9445 6
      vertex 85.0911 15.786 6
    endloop
  endfacet
  facet normal 0 0 1
    outer loop
      vertex 90 19 6
      vertex 84.786 16.0911 6
      vertex 84.9445 15.9445 6
    endloop
  endfacet
  facet normal 0 0 1
    outer loop
      vertex 87 22 6
      vertex 84.6164 16.2248 6
      vertex 84.786 16.0911 6
    endloop
  endfacet
  facet normal 0 0 1
    outer loop
      vertex 87 22 6
      vertex 84.4369 16.3448 6
      vertex 84.6164 16.2248 6
    endloop
  endfacet
  facet normal 0 0 1
    outer loop
      vertex 87 22 6
      vertex 84.2485 16.4503 6
      vertex 84.4369 16.3448 6
    endloop
  endfacet
  facet normal 0 0 1
    outer loop
      vertex 87 22 6
      vertex 84.0524 16.5407 6
      vertex 84.2485 16.4503 6
    endloop
  endfacet
  facet normal 0 0 1
    outer loop
      vertex 87 22 6
      vertex 83.8498 16.6154 6
      vertex 84.0524 16.5407 6
    endloop
  endfacet
  facet normal 0 0 1
    outer loop
      vertex 87 22 6
      vertex 83.642 16.674 6
      vertex 83.8498 16.6154 6
    endloop
  endfacet
  facet normal 0 0 1
    outer loop
      vertex 87 22 6
      vertex 83.4302 16.7161 6
      vertex 83.642 16.674 6
    endloop
  endfacet
  facet normal 0 0 1
    outer loop
      vertex 87 22 6
      vertex 83.2158 16.7415 6
      vertex 83.4302 16.7161 6
    endloop
  endfacet
  facet normal 0 0 1
    outer loop
      vertex 87 22 6
      vertex 83 16.75 6
      vertex 83.2158 16.7415 6
    endloop
  endfacet
  facet normal 0 0 1
    outer loop
      vertex 87 22 6
      vertex 82.7842 16.7415 6
      vertex 83 16.75 6
    endloop
  endfacet
  facet normal 0 0 1
    outer loop
      vertex 87 22 6
      vertex 82.5698 16.7161 6
      vertex 82.7842 16.7415 6
    endloop
  endfacet
  facet normal 0 0 1
    outer loop
      vertex 87 22 6
      vertex 82.358 16.674 6
      vertex 82.5698 16.7161 6
    endloop
  endfacet
  facet normal 0 0 1
    outer loop
      vertex 87 22 6
      vertex 82.1502 16.6154 6
      vertex 82.358 16.674 6
    endloop
  endfacet
  facet normal 0 0 1
    outer loop
      vertex 87 22 6
      vertex 81.9476 16.5407 6
      vertex 82.1502 16.6154 6
    endloop
  endfacet
  facet normal 0 0 1
    outer loop
      vertex 87 22 6
      vertex 81.7515 16.4503 6
      vertex 81.9476 16.5407 6
    endloop
  endfacet
  facet normal 0 0 1
    outer loop
      vertex 87 22 6
      vertex 81.5631 16.3448 6
      vertex 81.7515 16.4503 6
    endloop
  endfacet
  facet normal 0 0 1
    outer loop
      vertex 87 22 6
      vertex 81.3836 16.2248 6
      vertex 81.5631 16.3448 6
    endloop
  endfacet
  facet normal 0 0 1
    outer loop
      vertex 87 22 6
      vertex 81.214 16.0911 6
      vertex 81.3836 16.2248 6
    endloop
  endfacet
  facet normal 0 0 1
    outer loop
      vertex 60 8.6 6
      vertex 81.214 16.0911 6
      vertex 87 22 6
    endloop
  endfacet
  facet normal 0 0 1
    outer loop
      vertex 80.7752 -12.3836 6
      vertex 67.3327 -4.49349 6
      vertex 80.6552 -12.5631 6
    endloop
  endfacet
  facet normal 0 0 1
    outer loop
      vertex 65.055 6.95755 6
      vertex 80.25 14 6
      vertex 80.2585 14.2158 6
    endloop
  endfacet
  facet normal 0 0 1
    outer loop
      vertex 65.055 6.95755 6
      vertex 80.2585 14.2158 6
      vertex 80.2839 14.4302 6
    endloop
  endfacet
  facet normal 0 0 1
    outer loop
      vertex 64.4935 7.3327 6
      vertex 80.2839 14.4302 6
      vertex 80.326 14.642 6
    endloop
  endfacet
  facet normal 0 0 1
    outer loop
      vertex 63.9043 7.66266 6
      vertex 80.326 14.642 6
      vertex 80.3846 14.8498 6
    endloop
  endfacet
  facet normal 0 0 1
    outer loop
      vertex 63.2911 7.94536 6
      vertex 80.3846 14.8498 6
      vertex 80.4593 15.0524 6
    endloop
  endfacet
  facet normal 0 0 1
    outer loop
      vertex 63.2911 7.94536 6
      vertex 80.4593 15.0524 6
      vertex 80.5497 15.2485 6
    endloop
  endfacet
  facet normal 0 0 1
    outer loop
      vertex 62.6575 8.17909 6
      vertex 80.5497 15.2485 6
      vertex 80.6552 15.4369 6
    endloop
  endfacet
  facet normal 0 0 1
    outer loop
      vertex 62.0076 8.36238 6
      vertex 80.6552 15.4369 6
      vertex 80.7752 15.6164 6
    endloop
  endfacet
  facet normal 0 0 1
    outer loop
      vertex 82.358 11.326 6
      vertex 68.5735 0.674747 6
      vertex 68.6 0 6
    endloop
  endfacet
  facet normal 0 0 1
    outer loop
      vertex 61.3453 8.49412 6
      vertex 80.7752 15.6164 6
      vertex 80.9089 15.786 6
    endloop
  endfacet
  facet normal 0 0 1
    outer loop
      vertex 81.9476 11.4593 6
      vertex 68.4941 1.34534 6
      vertex 68.5735 0.674747 6
    endloop
  endfacet
  facet normal 0 0 1
    outer loop
      vertex 81.7515 11.5497 6
      vertex 68.3624 2.00763 6
      vertex 68.4941 1.34534 6
    endloop
  endfacet
  facet normal 0 0 1
    outer loop
      vertex 81.3836 11.7752 6
      vertex 68.1791 2.65755 6
      vertex 68.3624 2.00763 6
    endloop
  endfacet
  facet normal 0 0 1
    outer loop
      vertex 61.3453 8.49412 6
      vertex 80.9089 15.786 6
      vertex 81.0555 15.9445 6
    endloop
  endfacet
  facet normal 0 0 1
    outer loop
      vertex 81.214 11.9089 6
      vertex 67.9454 3.29108 6
      vertex 68.1791 2.65755 6
    endloop
  endfacet
  facet normal 0 -0 1
    outer loop
      vertex 60.6747 8.57349 6
      vertex 81.214 16.0911 6
      vertex 60 8.6 6
    endloop
  endfacet
  facet normal 0 0 1
    outer loop
      vertex 80.9089 12.214 6
      vertex 67.6627 3.90432 6
      vertex 67.9454 3.29108 6
    endloop
  endfacet
  facet normal 0 0 1
    outer loop
      vertex 80.7752 12.3836 6
      vertex 67.3327 4.49349 6
      vertex 67.6627 3.90432 6
    endloop
  endfacet
  facet normal 0 0 1
    outer loop
      vertex 80.5497 12.7515 6
      vertex 66.9575 5.05495 6
      vertex 67.3327 4.49349 6
    endloop
  endfacet
  facet normal 0 0 1
    outer loop
      vertex 80.3846 13.1502 6
      vertex 66.5395 5.58525 6
      vertex 66.9575 5.05495 6
    endloop
  endfacet
  facet normal 0 0 1
    outer loop
      vertex 80.326 13.358 6
      vertex 66.0811 6.08112 6
      vertex 66.5395 5.58525 6
    endloop
  endfacet
  facet normal 0 0 1
    outer loop
      vertex 80.2585 13.7842 6
      vertex 65.5853 6.53949 6
      vertex 66.0811 6.08112 6
    endloop
  endfacet
  facet normal 0 0 1
    outer loop
      vertex 80.25 14 6
      vertex 65.055 6.95755 6
      vertex 65.5853 6.53949 6
    endloop
  endfacet
  facet normal 0 0 1
    outer loop
      vertex 80.2839 14.4302 6
      vertex 64.4935 7.3327 6
      vertex 65.055 6.95755 6
    endloop
  endfacet
  facet normal 0 0 1
    outer loop
      vertex 80.326 14.642 6
      vertex 63.9043 7.66266 6
      vertex 64.4935 7.3327 6
    endloop
  endfacet
  facet normal 0 0 1
    outer loop
      vertex 80.3846 14.8498 6
      vertex 63.2911 7.94536 6
      vertex 63.9043 7.66266 6
    endloop
  endfacet
  facet normal 0 0 1
    outer loop
      vertex 80.5497 15.2485 6
      vertex 62.6575 8.17909 6
      vertex 63.2911 7.94536 6
    endloop
  endfacet
  facet normal 0 0 1
    outer loop
      vertex 80.6552 15.4369 6
      vertex 62.0076 8.36238 6
      vertex 62.6575 8.17909 6
    endloop
  endfacet
  facet normal 0 0 1
    outer loop
      vertex 80.7752 15.6164 6
      vertex 61.3453 8.49412 6
      vertex 62.0076 8.36238 6
    endloop
  endfacet
  facet normal 0 0 1
    outer loop
      vertex 81.0555 15.9445 6
      vertex 60.6747 8.57349 6
      vertex 61.3453 8.49412 6
    endloop
  endfacet
  facet normal 0 0 1
    outer loop
      vertex 81.214 16.0911 6
      vertex 60.6747 8.57349 6
      vertex 81.0555 15.9445 6
    endloop
  endfacet
  facet normal 0 0 1
    outer loop
      vertex 87 22 6
      vertex 59.3253 8.57349 6
      vertex 60 8.6 6
    endloop
  endfacet
  facet normal 0 0 1
    outer loop
      vertex 87 22 6
      vertex 58.6547 8.49412 6
      vertex 59.3253 8.57349 6
    endloop
  endfacet
  facet normal 0 0 1
    outer loop
      vertex 87 22 6
      vertex 57.9924 8.36238 6
      vertex 58.6547 8.49412 6
    endloop
  endfacet
  facet normal 0 0 1
    outer loop
      vertex 22.0076 8.36238 6
      vertex 57.9924 8.36238 6
      vertex 87 22 6
    endloop
  endfacet
  facet normal 0 0 1
    outer loop
      vertex 57.9924 8.36238 6
      vertex 22.0076 8.36238 6
      vertex 57.3425 8.17909 6
    endloop
  endfacet
  facet normal 0 -0 1
    outer loop
      vertex 22.6575 8.17909 6
      vertex 57.3425 8.17909 6
      vertex 22.0076 8.36238 6
    endloop
  endfacet
  facet normal 0 0 1
    outer loop
      vertex 51.4265 0.674747 6
      vertex 28.6 0 6
      vertex 51.4 0 6
    endloop
  endfacet
  facet normal 0 0 1
    outer loop
      vertex 28.5735 0.674747 6
      vertex 51.4265 0.674747 6
      vertex 51.5059 1.34534 6
    endloop
  endfacet
  facet normal 0 0 1
    outer loop
      vertex 28.4941 1.34534 6
      vertex 51.5059 1.34534 6
      vertex 51.6376 2.00763 6
    endloop
  endfacet
  facet normal 0 0 1
    outer loop
      vertex 28.3624 2.00763 6
      vertex 51.6376 2.00763 6
      vertex 51.8209 2.65755 6
    endloop
  endfacet
  facet normal 0 0 1
    outer loop
      vertex 28.1791 2.65755 6
      vertex 51.8209 2.65755 6
      vertex 52.0546 3.29108 6
    endloop
  endfacet
  facet normal 0 0 1
    outer loop
      vertex 27.9454 3.29108 6
      vertex 52.0546 3.29108 6
      vertex 52.3373 3.90432 6
    endloop
  endfacet
  facet normal 0 0 1
    outer loop
      vertex 27.6627 3.90432 6
      vertex 52.3373 3.90432 6
      vertex 52.6673 4.49349 6
    endloop
  endfacet
  facet normal 0 0 1
    outer loop
      vertex 27.3327 4.49349 6
      vertex 52.6673 4.49349 6
      vertex 53.0425 5.05495 6
    endloop
  endfacet
  facet normal 0 0 1
    outer loop
      vertex 26.9575 5.05495 6
      vertex 53.0425 5.05495 6
      vertex 53.4605 5.58525 6
    endloop
  endfacet
  facet normal 0 0 1
    outer loop
      vertex 26.5395 5.58525 6
      vertex 53.4605 5.58525 6
      vertex 53.9189 6.08112 6
    endloop
  endfacet
  facet normal 0 0 1
    outer loop
      vertex 26.0811 6.08112 6
      vertex 53.9189 6.08112 6
      vertex 54.4147 6.53949 6
    endloop
  endfacet
  facet normal 0 0 1
    outer loop
      vertex 25.5853 6.53949 6
      vertex 54.4147 6.53949 6
      vertex 54.945 6.95755 6
    endloop
  endfacet
  facet normal 0 0 1
    outer loop
      vertex 25.055 6.95755 6
      vertex 54.945 6.95755 6
      vertex 55.5065 7.3327 6
    endloop
  endfacet
  facet normal 0 0 1
    outer loop
      vertex 24.4935 7.3327 6
      vertex 55.5065 7.3327 6
      vertex 56.0957 7.66266 6
    endloop
  endfacet
  facet normal 0 0 1
    outer loop
      vertex 57.3425 8.17909 6
      vertex 22.6575 8.17909 6
      vertex 56.7089 7.94536 6
    endloop
  endfacet
  facet normal 0 0 1
    outer loop
      vertex 51.4265 0.674747 6
      vertex 28.5735 0.674747 6
      vertex 28.6 0 6
    endloop
  endfacet
  facet normal 0 0 1
    outer loop
      vertex 51.5059 1.34534 6
      vertex 28.4941 1.34534 6
      vertex 28.5735 0.674747 6
    endloop
  endfacet
  facet normal 0 0 1
    outer loop
      vertex 51.6376 2.00763 6
      vertex 28.3624 2.00763 6
      vertex 28.4941 1.34534 6
    endloop
  endfacet
  facet normal 0 0 1
    outer loop
      vertex 51.8209 2.65755 6
      vertex 28.1791 2.65755 6
      vertex 28.3624 2.00763 6
    endloop
  endfacet
  facet normal 0 0 1
    outer loop
      vertex 52.0546 3.29108 6
      vertex 27.9454 3.29108 6
      vertex 28.1791 2.65755 6
    endloop
  endfacet
  facet normal 0 0 1
    outer loop
      vertex 52.3373 3.90432 6
      vertex 27.6627 3.90432 6
      vertex 27.9454 3.29108 6
    endloop
  endfacet
  facet normal 0 0 1
    outer loop
      vertex 52.6673 4.49349 6
      vertex 27.3327 4.49349 6
      vertex 27.6627 3.90432 6
    endloop
  endfacet
  facet normal 0 0 1
    outer loop
      vertex 53.0425 5.05495 6
      vertex 26.9575 5.05495 6
      vertex 27.3327 4.49349 6
    endloop
  endfacet
  facet normal 0 0 1
    outer loop
      vertex 53.4605 5.58525 6
      vertex 26.5395 5.58525 6
      vertex 26.9575 5.05495 6
    endloop
  endfacet
  facet normal 0 0 1
    outer loop
      vertex 53.9189 6.08112 6
      vertex 26.0811 6.08112 6
      vertex 26.5395 5.58525 6
    endloop
  endfacet
  facet normal 0 0 1
    outer loop
      vertex 54.4147 6.53949 6
      vertex 25.5853 6.53949 6
      vertex 26.0811 6.08112 6
    endloop
  endfacet
  facet normal 0 0 1
    outer loop
      vertex 54.945 6.95755 6
      vertex 25.055 6.95755 6
      vertex 25.5853 6.53949 6
    endloop
  endfacet
  facet normal 0 0 1
    outer loop
      vertex 55.5065 7.3327 6
      vertex 24.4935 7.3327 6
      vertex 25.055 6.95755 6
    endloop
  endfacet
  facet normal 0 0 1
    outer loop
      vertex 56.0957 7.66266 6
      vertex 23.9043 7.66266 6
      vertex 24.4935 7.3327 6
    endloop
  endfacet
  facet normal 0 0 1
    outer loop
      vertex 56.0957 7.66266 6
      vertex 23.2911 7.94536 6
      vertex 23.9043 7.66266 6
    endloop
  endfacet
  facet normal 0 0 1
    outer loop
      vertex 56.7089 7.94536 6
      vertex 23.2911 7.94536 6
      vertex 56.0957 7.66266 6
    endloop
  endfacet
  facet normal 0 -0 1
    outer loop
      vertex 23.2911 7.94536 6
      vertex 56.7089 7.94536 6
      vertex 22.6575 8.17909 6
    endloop
  endfacet
  facet normal 0 0 1
    outer loop
      vertex 87 22 6
      vertex 21.3453 8.49412 6
      vertex 22.0076 8.36238 6
    endloop
  endfacet
  facet normal 0 0 1
    outer loop
      vertex 87 22 6
      vertex 20.6747 8.57349 6
      vertex 21.3453 8.49412 6
    endloop
  endfacet
  facet normal 0 0 1
    outer loop
      vertex 87 22 6
      vertex 20 8.6 6
      vertex 20.6747 8.57349 6
    endloop
  endfacet
  facet normal 0 0 1
    outer loop
      vertex 87 22 6
      vertex 19.3253 8.57349 6
      vertex 20 8.6 6
    endloop
  endfacet
  facet normal 0 0 1
    outer loop
      vertex -19.3253 8.57349 6
      vertex 19.3253 8.57349 6
      vertex 87 22 6
    endloop
  endfacet
  facet normal 0 0 1
    outer loop
      vertex 11.4265 0.674747 6
      vertex -11.4 0 6
      vertex 11.4 0 6
    endloop
  endfacet
  facet normal 0 0 1
    outer loop
      vertex -11.4265 0.674747 6
      vertex 11.4265 0.674747 6
      vertex 11.5059 1.34534 6
    endloop
  endfacet
  facet normal 0 0 1
    outer loop
      vertex -11.5059 1.34534 6
      vertex 11.5059 1.34534 6
      vertex 11.6376 2.00763 6
    endloop
  endfacet
  facet normal 0 0 1
    outer loop
      vertex -11.6376 2.00763 6
      vertex 11.6376 2.00763 6
      vertex 11.8209 2.65755 6
    endloop
  endfacet
  facet normal 0 0 1
    outer loop
      vertex -11.8209 2.65755 6
      vertex 11.8209 2.65755 6
      vertex 12.0546 3.29108 6
    endloop
  endfacet
  facet normal 0 0 1
    outer loop
      vertex -12.0546 3.29108 6
      vertex 12.0546 3.29108 6
      vertex 12.3373 3.90432 6
    endloop
  endfacet
  facet normal 0 0 1
    outer loop
      vertex -12.3373 3.90432 6
      vertex 12.3373 3.90432 6
      vertex 12.6673 4.49349 6
    endloop
  endfacet
  facet normal 0 0 1
    outer loop
      vertex -12.6673 4.49349 6
      vertex 12.6673 4.49349 6
      vertex 13.0425 5.05495 6
    endloop
  endfacet
  facet normal 0 0 1
    outer loop
      vertex -13.0425 5.05495 6
      vertex 13.0425 5.05495 6
      vertex 13.4605 5.58525 6
    endloop
  endfacet
  facet normal 0 0 1
    outer loop
      vertex -13.4605 5.58525 6
      vertex 13.4605 5.58525 6
      vertex 13.9189 6.08112 6
    endloop
  endfacet
  facet normal 0 0 1
    outer loop
      vertex -13.9189 6.08112 6
      vertex 13.9189 6.08112 6
      vertex 14.4147 6.53949 6
    endloop
  endfacet
  facet normal 0 0 1
    outer loop
      vertex -14.4147 6.53949 6
      vertex 14.4147 6.53949 6
      vertex 14.945 6.95755 6
    endloop
  endfacet
  facet normal 0 0 1
    outer loop
      vertex -14.945 6.95755 6
      vertex 14.945 6.95755 6
      vertex 15.5065 7.3327 6
    endloop
  endfacet
  facet normal 0 0 1
    outer loop
      vertex -15.5065 7.3327 6
      vertex 15.5065 7.3327 6
      vertex 16.0957 7.66266 6
    endloop
  endfacet
  facet normal 0 0 1
    outer loop
      vertex -16.0957 7.66266 6
      vertex 16.0957 7.66266 6
      vertex 16.7089 7.94536 6
    endloop
  endfacet
  facet normal 0 0 1
    outer loop
      vertex -16.7089 7.94536 6
      vertex 16.7089 7.94536 6
      vertex 17.3425 8.17909 6
    endloop
  endfacet
  facet normal 0 0 1
    outer loop
      vertex 11.4265 0.674747 6
      vertex -11.4265 0.674747 6
      vertex -11.4 0 6
    endloop
  endfacet
  facet normal 0 0 1
    outer loop
      vertex -17.3425 8.17909 6
      vertex 17.3425 8.17909 6
      vertex 17.9924 8.36238 6
    endloop
  endfacet
  facet normal 0 0 1
    outer loop
      vertex 11.5059 1.34534 6
      vertex -11.5059 1.34534 6
      vertex -11.4265 0.674747 6
    endloop
  endfacet
  facet normal 0 0 1
    outer loop
      vertex 11.6376 2.00763 6
      vertex -11.6376 2.00763 6
      vertex -11.5059 1.34534 6
    endloop
  endfacet
  facet normal 0 0 1
    outer loop
      vertex 11.8209 2.65755 6
      vertex -11.8209 2.65755 6
      vertex -11.6376 2.00763 6
    endloop
  endfacet
  facet normal 0 0 1
    outer loop
      vertex -17.9924 8.36238 6
      vertex 17.9924 8.36238 6
      vertex 18.6547 8.49412 6
    endloop
  endfacet
  facet normal 0 0 1
    outer loop
      vertex 19.3253 8.57349 6
      vertex -19.3253 8.57349 6
      vertex 18.6547 8.49412 6
    endloop
  endfacet
  facet normal 0 0 1
    outer loop
      vertex 12.0546 3.29108 6
      vertex -12.0546 3.29108 6
      vertex -11.8209 2.65755 6
    endloop
  endfacet
  facet normal 0 0 1
    outer loop
      vertex 12.3373 3.90432 6
      vertex -12.3373 3.90432 6
      vertex -12.0546 3.29108 6
    endloop
  endfacet
  facet normal 0 0 1
    outer loop
      vertex 12.6673 4.49349 6
      vertex -12.6673 4.49349 6
      vertex -12.3373 3.90432 6
    endloop
  endfacet
  facet normal 0 0 1
    outer loop
      vertex 13.0425 5.05495 6
      vertex -13.0425 5.05495 6
      vertex -12.6673 4.49349 6
    endloop
  endfacet
  facet normal 0 0 1
    outer loop
      vertex 13.4605 5.58525 6
      vertex -13.4605 5.58525 6
      vertex -13.0425 5.05495 6
    endloop
  endfacet
  facet normal 0 0 1
    outer loop
      vertex 13.9189 6.08112 6
      vertex -13.9189 6.08112 6
      vertex -13.4605 5.58525 6
    endloop
  endfacet
  facet normal 0 0 1
    outer loop
      vertex 14.4147 6.53949 6
      vertex -14.4147 6.53949 6
      vertex -13.9189 6.08112 6
    endloop
  endfacet
  facet normal 0 0 1
    outer loop
      vertex 14.945 6.95755 6
      vertex -14.945 6.95755 6
      vertex -14.4147 6.53949 6
    endloop
  endfacet
  facet normal 0 0 1
    outer loop
      vertex 15.5065 7.3327 6
      vertex -15.5065 7.3327 6
      vertex -14.945 6.95755 6
    endloop
  endfacet
  facet normal 0 0 1
    outer loop
      vertex 16.0957 7.66266 6
      vertex -16.0957 7.66266 6
      vertex -15.5065 7.3327 6
    endloop
  endfacet
  facet normal 0 0 1
    outer loop
      vertex 16.7089 7.94536 6
      vertex -16.7089 7.94536 6
      vertex -16.0957 7.66266 6
    endloop
  endfacet
  facet normal 0 0 1
    outer loop
      vertex 17.3425 8.17909 6
      vertex -17.3425 8.17909 6
      vertex -16.7089 7.94536 6
    endloop
  endfacet
  facet normal 0 0 1
    outer loop
      vertex 17.9924 8.36238 6
      vertex -17.9924 8.36238 6
      vertex -17.3425 8.17909 6
    endloop
  endfacet
  facet normal 0 0 1
    outer loop
      vertex 18.6547 8.49412 6
      vertex -18.6547 8.49412 6
      vertex -17.9924 8.36238 6
    endloop
  endfacet
  facet normal 0 0 1
    outer loop
      vertex 18.6547 8.49412 6
      vertex -19.3253 8.57349 6
      vertex -18.6547 8.49412 6
    endloop
  endfacet
  facet normal -0 0 1
    outer loop
      vertex -87 22 6
      vertex -19.3253 8.57349 6
      vertex 87 22 6
    endloop
  endfacet
  facet normal 0 0 1
    outer loop
      vertex -19.3253 8.57349 6
      vertex -87 22 6
      vertex -20 8.6 6
    endloop
  endfacet
  facet normal 0 0 1
    outer loop
      vertex -20 8.6 6
      vertex -87 22 6
      vertex -20.6747 8.57349 6
    endloop
  endfacet
  facet normal 0 0 1
    outer loop
      vertex -28.5735 0.674747 6
      vertex -51.4 0 6
      vertex -28.6 0 6
    endloop
  endfacet
  facet normal 0 0 1
    outer loop
      vertex -51.4265 0.674747 6
      vertex -28.5735 0.674747 6
      vertex -28.4941 1.34534 6
    endloop
  endfacet
  facet normal 0 0 1
    outer loop
      vertex -51.5059 1.34534 6
      vertex -28.4941 1.34534 6
      vertex -28.3624 2.00763 6
    endloop
  endfacet
  facet normal 0 0 1
    outer loop
      vertex -51.6376 2.00763 6
      vertex -28.3624 2.00763 6
      vertex -28.1791 2.65755 6
    endloop
  endfacet
  facet normal 0 0 1
    outer loop
      vertex -51.8209 2.65755 6
      vertex -28.1791 2.65755 6
      vertex -27.9454 3.29108 6
    endloop
  endfacet
  facet normal 0 0 1
    outer loop
      vertex -52.0546 3.29108 6
      vertex -27.9454 3.29108 6
      vertex -27.6627 3.90432 6
    endloop
  endfacet
  facet normal 0 0 1
    outer loop
      vertex -52.3373 3.90432 6
      vertex -27.6627 3.90432 6
      vertex -27.3327 4.49349 6
    endloop
  endfacet
  facet normal 0 0 1
    outer loop
      vertex -52.6673 4.49349 6
      vertex -27.3327 4.49349 6
      vertex -26.9575 5.05495 6
    endloop
  endfacet
  facet normal 0 0 1
    outer loop
      vertex -53.0425 5.05495 6
      vertex -26.9575 5.05495 6
      vertex -26.5395 5.58525 6
    endloop
  endfacet
  facet normal 0 0 1
    outer loop
      vertex -53.4605 5.58525 6
      vertex -26.5395 5.58525 6
      vertex -26.0811 6.08112 6
    endloop
  endfacet
  facet normal 0 0 1
    outer loop
      vertex -53.9189 6.08112 6
      vertex -26.0811 6.08112 6
      vertex -25.5853 6.53949 6
    endloop
  endfacet
  facet normal 0 0 1
    outer loop
      vertex -54.4147 6.53949 6
      vertex -25.5853 6.53949 6
      vertex -25.055 6.95755 6
    endloop
  endfacet
  facet normal 0 0 1
    outer loop
      vertex -54.945 6.95755 6
      vertex -25.055 6.95755 6
      vertex -24.4935 7.3327 6
    endloop
  endfacet
  facet normal 0 0 1
    outer loop
      vertex -55.5065 7.3327 6
      vertex -24.4935 7.3327 6
      vertex -23.9043 7.66266 6
    endloop
  endfacet
  facet normal 0 0 1
    outer loop
      vertex -56.0957 7.66266 6
      vertex -23.9043 7.66266 6
      vertex -23.2911 7.94536 6
    endloop
  endfacet
  facet normal 0 0 1
    outer loop
      vertex -56.7089 7.94536 6
      vertex -23.2911 7.94536 6
      vertex -22.6575 8.17909 6
    endloop
  endfacet
  facet normal 0 0 1
    outer loop
      vertex -28.5735 0.674747 6
      vertex -51.4265 0.674747 6
      vertex -51.4 0 6
    endloop
  endfacet
  facet normal 0 0 1
    outer loop
      vertex -57.3425 8.17909 6
      vertex -22.6575 8.17909 6
      vertex -22.0076 8.36238 6
    endloop
  endfacet
  facet normal 0 0 1
    outer loop
      vertex -28.4941 1.34534 6
      vertex -51.5059 1.34534 6
      vertex -51.4265 0.674747 6
    endloop
  endfacet
  facet normal 0 0 1
    outer loop
      vertex -28.3624 2.00763 6
      vertex -51.6376 2.00763 6
      vertex -51.5059 1.34534 6
    endloop
  endfacet
  facet normal 0 0 1
    outer loop
      vertex -28.1791 2.65755 6
      vertex -51.8209 2.65755 6
      vertex -51.6376 2.00763 6
    endloop
  endfacet
  facet normal 0 0 1
    outer loop
      vertex -87 22 6
      vertex -22.0076 8.36238 6
      vertex -21.3453 8.49412 6
    endloop
  endfacet
  facet normal 0 0 1
    outer loop
      vertex -27.9454 3.29108 6
      vertex -52.0546 3.29108 6
      vertex -51.8209 2.65755 6
    endloop
  endfacet
  facet normal 0 0 1
    outer loop
      vertex -27.6627 3.90432 6
      vertex -52.3373 3.90432 6
      vertex -52.0546 3.29108 6
    endloop
  endfacet
  facet normal 0 0 1
    outer loop
      vertex -27.3327 4.49349 6
      vertex -52.6673 4.49349 6
      vertex -52.3373 3.90432 6
    endloop
  endfacet
  facet normal 0 0 1
    outer loop
      vertex -26.9575 5.05495 6
      vertex -53.0425 5.05495 6
      vertex -52.6673 4.49349 6
    endloop
  endfacet
  facet normal 0 0 1
    outer loop
      vertex -20.6747 8.57349 6
      vertex -87 22 6
      vertex -21.3453 8.49412 6
    endloop
  endfacet
  facet normal 0 0 1
    outer loop
      vertex -26.5395 5.58525 6
      vertex -53.4605 5.58525 6
      vertex -53.0425 5.05495 6
    endloop
  endfacet
  facet normal 0 0 1
    outer loop
      vertex -26.0811 6.08112 6
      vertex -53.9189 6.08112 6
      vertex -53.4605 5.58525 6
    endloop
  endfacet
  facet normal 0 0 1
    outer loop
      vertex -25.5853 6.53949 6
      vertex -54.4147 6.53949 6
      vertex -53.9189 6.08112 6
    endloop
  endfacet
  facet normal 0 0 1
    outer loop
      vertex -25.055 6.95755 6
      vertex -54.945 6.95755 6
      vertex -54.4147 6.53949 6
    endloop
  endfacet
  facet normal 0 0 1
    outer loop
      vertex -24.4935 7.3327 6
      vertex -55.5065 7.3327 6
      vertex -54.945 6.95755 6
    endloop
  endfacet
  facet normal 0 0 1
    outer loop
      vertex -23.9043 7.66266 6
      vertex -56.0957 7.66266 6
      vertex -55.5065 7.3327 6
    endloop
  endfacet
  facet normal 0 0 1
    outer loop
      vertex -23.2911 7.94536 6
      vertex -56.7089 7.94536 6
      vertex -56.0957 7.66266 6
    endloop
  endfacet
  facet normal 0 0 1
    outer loop
      vertex -22.6575 8.17909 6
      vertex -57.3425 8.17909 6
      vertex -56.7089 7.94536 6
    endloop
  endfacet
  facet normal 0 0 1
    outer loop
      vertex -22.0076 8.36238 6
      vertex -87 22 6
      vertex -57.9924 8.36238 6
    endloop
  endfacet
  facet normal 0 0 1
    outer loop
      vertex -22.0076 8.36238 6
      vertex -57.9924 8.36238 6
      vertex -57.3425 8.17909 6
    endloop
  endfacet
  facet normal 0 0 1
    outer loop
      vertex -57.9924 8.36238 6
      vertex -87 22 6
      vertex -58.6547 8.49412 6
    endloop
  endfacet
  facet normal 0 0 1
    outer loop
      vertex -58.6547 8.49412 6
      vertex -87 22 6
      vertex -59.3253 8.57349 6
    endloop
  endfacet
  facet normal 0 0 1
    outer loop
      vertex -59.3253 8.57349 6
      vertex -87 22 6
      vertex -60 8.6 6
    endloop
  endfacet
  facet normal -0 0 1
    outer loop
      vertex -80.6552 12.5631 6
      vertex -67.3327 4.49349 6
      vertex -80.5497 12.7515 6
    endloop
  endfacet
  facet normal 0 0 1
    outer loop
      vertex -66.9575 5.05495 6
      vertex -80.5497 12.7515 6
      vertex -67.3327 4.49349 6
    endloop
  endfacet
  facet normal -0 0 1
    outer loop
      vertex -80.5497 12.7515 6
      vertex -66.9575 5.05495 6
      vertex -80.4593 12.9476 6
    endloop
  endfacet
  facet normal -0 0 1
    outer loop
      vertex -80.4593 12.9476 6
      vertex -66.9575 5.05495 6
      vertex -80.3846 13.1502 6
    endloop
  endfacet
  facet normal 0 0 1
    outer loop
      vertex -66.5395 5.58525 6
      vertex -80.3846 13.1502 6
      vertex -66.9575 5.05495 6
    endloop
  endfacet
  facet normal -0 0 1
    outer loop
      vertex -80.3846 13.1502 6
      vertex -66.5395 5.58525 6
      vertex -80.326 13.358 6
    endloop
  endfacet
  facet normal 0 0 1
    outer loop
      vertex -66.0811 6.08112 6
      vertex -80.326 13.358 6
      vertex -66.5395 5.58525 6
    endloop
  endfacet
  facet normal -0 0 1
    outer loop
      vertex -80.326 13.358 6
      vertex -66.0811 6.08112 6
      vertex -80.2839 13.5698 6
    endloop
  endfacet
  facet normal -0 0 1
    outer loop
      vertex -80.2839 13.5698 6
      vertex -66.0811 6.08112 6
      vertex -80.2585 13.7842 6
    endloop
  endfacet
  facet normal 0 0 1
    outer loop
      vertex -65.5853 6.53949 6
      vertex -80.2585 13.7842 6
      vertex -66.0811 6.08112 6
    endloop
  endfacet
  facet normal -0 0 1
    outer loop
      vertex -80.2585 13.7842 6
      vertex -65.5853 6.53949 6
      vertex -80.25 14 6
    endloop
  endfacet
  facet normal 0 0 1
    outer loop
      vertex -65.055 6.95755 6
      vertex -80.25 14 6
      vertex -65.5853 6.53949 6
    endloop
  endfacet
  facet normal 0 0 1
    outer loop
      vertex -80.2585 14.2158 6
      vertex -65.055 6.95755 6
      vertex -64.4935 7.3327 6
    endloop
  endfacet
  facet normal 0 0 1
    outer loop
      vertex -80.326 14.642 6
      vertex -64.4935 7.3327 6
      vertex -63.9043 7.66266 6
    endloop
  endfacet
  facet normal 0 0 1
    outer loop
      vertex -80.3846 14.8498 6
      vertex -63.9043 7.66266 6
      vertex -63.2911 7.94536 6
    endloop
  endfacet
  facet normal 0 0 1
    outer loop
      vertex -80.5497 15.2485 6
      vertex -63.2911 7.94536 6
      vertex -62.6575 8.17909 6
    endloop
  endfacet
  facet normal 0 0 1
    outer loop
      vertex -80.6552 15.4369 6
      vertex -62.6575 8.17909 6
      vertex -62.0076 8.36238 6
    endloop
  endfacet
  facet normal 0 0 1
    outer loop
      vertex -80.7752 15.6164 6
      vertex -62.0076 8.36238 6
      vertex -61.3453 8.49412 6
    endloop
  endfacet
  facet normal 0 0 1
    outer loop
      vertex -80.9089 15.786 6
      vertex -61.3453 8.49412 6
      vertex -60.6747 8.57349 6
    endloop
  endfacet
  facet normal -0 -0 1
    outer loop
      vertex -81.214 16.0911 6
      vertex -60 8.6 6
      vertex -87 22 6
    endloop
  endfacet
  facet normal 0 0 1
    outer loop
      vertex -65.055 6.95755 6
      vertex -80.2585 14.2158 6
      vertex -80.25 14 6
    endloop
  endfacet
  facet normal 0 0 1
    outer loop
      vertex -64.4935 7.3327 6
      vertex -80.2839 14.4302 6
      vertex -80.2585 14.2158 6
    endloop
  endfacet
  facet normal 0 0 1
    outer loop
      vertex -64.4935 7.3327 6
      vertex -80.326 14.642 6
      vertex -80.2839 14.4302 6
    endloop
  endfacet
  facet normal 0 0 1
    outer loop
      vertex -63.9043 7.66266 6
      vertex -80.3846 14.8498 6
      vertex -80.326 14.642 6
    endloop
  endfacet
  facet normal 0 0 1
    outer loop
      vertex -63.2911 7.94536 6
      vertex -80.4593 15.0524 6
      vertex -80.3846 14.8498 6
    endloop
  endfacet
  facet normal 0 0 1
    outer loop
      vertex -63.2911 7.94536 6
      vertex -80.5497 15.2485 6
      vertex -80.4593 15.0524 6
    endloop
  endfacet
  facet normal 0 0 1
    outer loop
      vertex -62.6575 8.17909 6
      vertex -80.6552 15.4369 6
      vertex -80.5497 15.2485 6
    endloop
  endfacet
  facet normal 0 0 1
    outer loop
      vertex -62.0076 8.36238 6
      vertex -80.7752 15.6164 6
      vertex -80.6552 15.4369 6
    endloop
  endfacet
  facet normal 0 0 1
    outer loop
      vertex -61.3453 8.49412 6
      vertex -80.9089 15.786 6
      vertex -80.7752 15.6164 6
    endloop
  endfacet
  facet normal 0 0 1
    outer loop
      vertex -60.6747 8.57349 6
      vertex -81.0555 15.9445 6
      vertex -80.9089 15.786 6
    endloop
  endfacet
  facet normal 0 0 1
    outer loop
      vertex -60 8.6 6
      vertex -81.214 16.0911 6
      vertex -60.6747 8.57349 6
    endloop
  endfacet
  facet normal 0 0 1
    outer loop
      vertex -60.6747 8.57349 6
      vertex -81.214 16.0911 6
      vertex -81.0555 15.9445 6
    endloop
  endfacet
  facet normal 0 0 1
    outer loop
      vertex -81.214 16.0911 6
      vertex -87 22 6
      vertex -81.3836 16.2248 6
    endloop
  endfacet
  facet normal 0 0 1
    outer loop
      vertex -81.3836 16.2248 6
      vertex -87 22 6
      vertex -81.5631 16.3448 6
    endloop
  endfacet
  facet normal 0 0 1
    outer loop
      vertex -81.5631 16.3448 6
      vertex -87 22 6
      vertex -81.7515 16.4503 6
    endloop
  endfacet
  facet normal 0 0 1
    outer loop
      vertex -81.7515 16.4503 6
      vertex -87 22 6
      vertex -81.9476 16.5407 6
    endloop
  endfacet
  facet normal 0 0 1
    outer loop
      vertex -81.9476 16.5407 6
      vertex -87 22 6
      vertex -82.1502 16.6154 6
    endloop
  endfacet
  facet normal 0 0 1
    outer loop
      vertex -82.1502 16.6154 6
      vertex -87 22 6
      vertex -82.358 16.674 6
    endloop
  endfacet
  facet normal 0 0 1
    outer loop
      vertex -82.358 16.674 6
      vertex -87 22 6
      vertex -82.5698 16.7161 6
    endloop
  endfacet
  facet normal 0 0 1
    outer loop
      vertex -82.5698 16.7161 6
      vertex -87 22 6
      vertex -82.7842 16.7415 6
    endloop
  endfacet
  facet normal 0 0 1
    outer loop
      vertex -85.7415 14.2158 6
      vertex -90 19 6
      vertex -85.75 14 6
    endloop
  endfacet
  facet normal 0 0 1
    outer loop
      vertex -85.7161 14.4302 6
      vertex -90 19 6
      vertex -85.7415 14.2158 6
    endloop
  endfacet
  facet normal 0 0 1
    outer loop
      vertex -85.674 14.642 6
      vertex -90 19 6
      vertex -85.7161 14.4302 6
    endloop
  endfacet
  facet normal 0 0 1
    outer loop
      vertex -85.6154 14.8498 6
      vertex -90 19 6
      vertex -85.674 14.642 6
    endloop
  endfacet
  facet normal 0 0 1
    outer loop
      vertex -85.5407 15.0524 6
      vertex -90 19 6
      vertex -85.6154 14.8498 6
    endloop
  endfacet
  facet normal 0 0 1
    outer loop
      vertex -85.4503 15.2485 6
      vertex -90 19 6
      vertex -85.5407 15.0524 6
    endloop
  endfacet
  facet normal 0 0 1
    outer loop
      vertex -85.3448 15.4369 6
      vertex -90 19 6
      vertex -85.4503 15.2485 6
    endloop
  endfacet
  facet normal 0 0 1
    outer loop
      vertex -85.2248 15.6164 6
      vertex -90 19 6
      vertex -85.3448 15.4369 6
    endloop
  endfacet
  facet normal 0 0 1
    outer loop
      vertex -85.0911 15.786 6
      vertex -90 19 6
      vertex -85.2248 15.6164 6
    endloop
  endfacet
  facet normal 0 0 1
    outer loop
      vertex -84.9445 15.9445 6
      vertex -90 19 6
      vertex -85.0911 15.786 6
    endloop
  endfacet
  facet normal 0 0 1
    outer loop
      vertex -84.786 16.0911 6
      vertex -90 19 6
      vertex -84.9445 15.9445 6
    endloop
  endfacet
  facet normal -0 0 1
    outer loop
      vertex -90 19 6
      vertex -84.786 16.0911 6
      vertex -87 22 6
    endloop
  endfacet
  facet normal 0 0 1
    outer loop
      vertex -84.6164 16.2248 6
      vertex -87 22 6
      vertex -84.786 16.0911 6
    endloop
  endfacet
  facet normal 0 0 1
    outer loop
      vertex -84.4369 16.3448 6
      vertex -87 22 6
      vertex -84.6164 16.2248 6
    endloop
  endfacet
  facet normal 0 0 1
    outer loop
      vertex -84.2485 16.4503 6
      vertex -87 22 6
      vertex -84.4369 16.3448 6
    endloop
  endfacet
  facet normal 0 0 1
    outer loop
      vertex -84.0524 16.5407 6
      vertex -87 22 6
      vertex -84.2485 16.4503 6
    endloop
  endfacet
  facet normal 0 0 1
    outer loop
      vertex -83.8498 16.6154 6
      vertex -87 22 6
      vertex -84.0524 16.5407 6
    endloop
  endfacet
  facet normal 0 0 1
    outer loop
      vertex -83.642 16.674 6
      vertex -87 22 6
      vertex -83.8498 16.6154 6
    endloop
  endfacet
  facet normal 0 0 1
    outer loop
      vertex -83.4302 16.7161 6
      vertex -87 22 6
      vertex -83.642 16.674 6
    endloop
  endfacet
  facet normal 0 0 1
    outer loop
      vertex -83.2158 16.7415 6
      vertex -87 22 6
      vertex -83.4302 16.7161 6
    endloop
  endfacet
  facet normal 0 0 1
    outer loop
      vertex -83 16.75 6
      vertex -87 22 6
      vertex -83.2158 16.7415 6
    endloop
  endfacet
  facet normal 0 0 1
    outer loop
      vertex -82.7842 16.7415 6
      vertex -87 22 6
      vertex -83 16.75 6
    endloop
  endfacet
  facet normal 0 0 1
    outer loop
      vertex 89.427 -20.7634 6
      vertex 84.786 -16.0911 6
      vertex 89.2812 -20.9483 6
    endloop
  endfacet
  facet normal 0 0 1
    outer loop
      vertex 89.2812 -20.9483 6
      vertex 84.786 -16.0911 6
      vertex 89.1213 -21.1213 6
    endloop
  endfacet
  facet normal 0 0 1
    outer loop
      vertex 89.1213 -21.1213 6
      vertex 84.786 -16.0911 6
      vertex 88.9483 -21.2812 6
    endloop
  endfacet
  facet normal 0 0 1
    outer loop
      vertex 88.9483 -21.2812 6
      vertex 84.786 -16.0911 6
      vertex 88.7634 -21.427 6
    endloop
  endfacet
  facet normal 0 0 1
    outer loop
      vertex 88.7634 -21.427 6
      vertex 84.786 -16.0911 6
      vertex 88.5675 -21.5579 6
    endloop
  endfacet
  facet normal 0 0 1
    outer loop
      vertex 88.5675 -21.5579 6
      vertex 84.786 -16.0911 6
      vertex 88.362 -21.673 6
    endloop
  endfacet
  facet normal 0 0 1
    outer loop
      vertex 88.362 -21.673 6
      vertex 84.786 -16.0911 6
      vertex 88.1481 -21.7716 6
    endloop
  endfacet
  facet normal 0 0 1
    outer loop
      vertex 88.1481 -21.7716 6
      vertex 84.786 -16.0911 6
      vertex 87.927 -21.8532 6
    endloop
  endfacet
  facet normal 0 0 1
    outer loop
      vertex 87.927 -21.8532 6
      vertex 84.786 -16.0911 6
      vertex 87.7003 -21.9171 6
    endloop
  endfacet
  facet normal 0 0 1
    outer loop
      vertex 87.7003 -21.9171 6
      vertex 84.786 -16.0911 6
      vertex 87.4693 -21.9631 6
    endloop
  endfacet
  facet normal 0 0 1
    outer loop
      vertex 87.4693 -21.9631 6
      vertex 84.786 -16.0911 6
      vertex 87.2354 -21.9908 6
    endloop
  endfacet
  facet normal 0 0 1
    outer loop
      vertex 87.2354 -21.9908 6
      vertex 84.786 -16.0911 6
      vertex 87 -22 6
    endloop
  endfacet
  facet normal -0 0 1
    outer loop
      vertex 84.6164 -16.2248 6
      vertex 87 -22 6
      vertex 84.786 -16.0911 6
    endloop
  endfacet
  facet normal -0 0 1
    outer loop
      vertex 84.4369 -16.3448 6
      vertex 87 -22 6
      vertex 84.6164 -16.2248 6
    endloop
  endfacet
  facet normal -0 0 1
    outer loop
      vertex 84.2485 -16.4503 6
      vertex 87 -22 6
      vertex 84.4369 -16.3448 6
    endloop
  endfacet
  facet normal -0 0 1
    outer loop
      vertex 84.0524 -16.5407 6
      vertex 87 -22 6
      vertex 84.2485 -16.4503 6
    endloop
  endfacet
  facet normal -0 0 1
    outer loop
      vertex 83.8498 -16.6154 6
      vertex 87 -22 6
      vertex 84.0524 -16.5407 6
    endloop
  endfacet
  facet normal -0 0 1
    outer loop
      vertex 83.642 -16.674 6
      vertex 87 -22 6
      vertex 83.8498 -16.6154 6
    endloop
  endfacet
  facet normal -0 0 1
    outer loop
      vertex 83.4302 -16.7161 6
      vertex 87 -22 6
      vertex 83.642 -16.674 6
    endloop
  endfacet
  facet normal -0 0 1
    outer loop
      vertex 83.2158 -16.7415 6
      vertex 87 -22 6
      vertex 83.4302 -16.7161 6
    endloop
  endfacet
  facet normal -0 0 1
    outer loop
      vertex 83 -16.75 6
      vertex 87 -22 6
      vertex 83.2158 -16.7415 6
    endloop
  endfacet
  facet normal 0 0 1
    outer loop
      vertex 82.7842 -16.7415 6
      vertex 87 -22 6
      vertex 83 -16.75 6
    endloop
  endfacet
  facet normal 0 0 1
    outer loop
      vertex 82.5698 -16.7161 6
      vertex 87 -22 6
      vertex 82.7842 -16.7415 6
    endloop
  endfacet
  facet normal 0 0 1
    outer loop
      vertex 82.358 -16.674 6
      vertex 87 -22 6
      vertex 82.5698 -16.7161 6
    endloop
  endfacet
  facet normal 0 0 1
    outer loop
      vertex 82.1502 -16.6154 6
      vertex 87 -22 6
      vertex 82.358 -16.674 6
    endloop
  endfacet
  facet normal 0 0 1
    outer loop
      vertex 81.9476 -16.5407 6
      vertex 87 -22 6
      vertex 82.1502 -16.6154 6
    endloop
  endfacet
  facet normal 0 0 1
    outer loop
      vertex 81.7515 -16.4503 6
      vertex 87 -22 6
      vertex 81.9476 -16.5407 6
    endloop
  endfacet
  facet normal 0 0 1
    outer loop
      vertex 81.5631 -16.3448 6
      vertex 87 -22 6
      vertex 81.7515 -16.4503 6
    endloop
  endfacet
  facet normal 0 0 1
    outer loop
      vertex 81.3836 -16.2248 6
      vertex 87 -22 6
      vertex 81.5631 -16.3448 6
    endloop
  endfacet
  facet normal 0 0 1
    outer loop
      vertex 81.214 -16.0911 6
      vertex 87 -22 6
      vertex 81.3836 -16.2248 6
    endloop
  endfacet
  facet normal 0 0 1
    outer loop
      vertex 60.6747 -8.57349 6
      vertex 81.214 -16.0911 6
      vertex 81.0555 -15.9445 6
    endloop
  endfacet
  facet normal 0 0 1
    outer loop
      vertex 80.6552 -12.5631 6
      vertex 67.3327 -4.49349 6
      vertex 80.5497 -12.7515 6
    endloop
  endfacet
  facet normal -0 0 1
    outer loop
      vertex 66.9575 -5.05495 6
      vertex 80.5497 -12.7515 6
      vertex 67.3327 -4.49349 6
    endloop
  endfacet
  facet normal 0 0 1
    outer loop
      vertex 80.5497 -12.7515 6
      vertex 66.9575 -5.05495 6
      vertex 80.4593 -12.9476 6
    endloop
  endfacet
  facet normal 0 0 1
    outer loop
      vertex 80.4593 -12.9476 6
      vertex 66.9575 -5.05495 6
      vertex 80.3846 -13.1502 6
    endloop
  endfacet
  facet normal -0 0 1
    outer loop
      vertex 66.5395 -5.58525 6
      vertex 80.3846 -13.1502 6
      vertex 66.9575 -5.05495 6
    endloop
  endfacet
  facet normal 0 0 1
    outer loop
      vertex 80.3846 -13.1502 6
      vertex 66.5395 -5.58525 6
      vertex 80.326 -13.358 6
    endloop
  endfacet
  facet normal -0 0 1
    outer loop
      vertex 66.0811 -6.08112 6
      vertex 80.326 -13.358 6
      vertex 66.5395 -5.58525 6
    endloop
  endfacet
  facet normal 0 0 1
    outer loop
      vertex 80.326 -13.358 6
      vertex 66.0811 -6.08112 6
      vertex 80.2839 -13.5698 6
    endloop
  endfacet
  facet normal 0 0 1
    outer loop
      vertex 80.2839 -13.5698 6
      vertex 66.0811 -6.08112 6
      vertex 80.2585 -13.7842 6
    endloop
  endfacet
  facet normal -0 0 1
    outer loop
      vertex 65.5853 -6.53949 6
      vertex 80.2585 -13.7842 6
      vertex 66.0811 -6.08112 6
    endloop
  endfacet
  facet normal 0 0 1
    outer loop
      vertex 80.2585 -13.7842 6
      vertex 65.5853 -6.53949 6
      vertex 80.25 -14 6
    endloop
  endfacet
  facet normal -0 0 1
    outer loop
      vertex 65.055 -6.95755 6
      vertex 80.25 -14 6
      vertex 65.5853 -6.53949 6
    endloop
  endfacet
  facet normal 0 0 1
    outer loop
      vertex 80.25 -14 6
      vertex 65.055 -6.95755 6
      vertex 80.2585 -14.2158 6
    endloop
  endfacet
  facet normal 0 0 1
    outer loop
      vertex 80.2585 -14.2158 6
      vertex 65.055 -6.95755 6
      vertex 80.2839 -14.4302 6
    endloop
  endfacet
  facet normal -0 0 1
    outer loop
      vertex 64.4935 -7.3327 6
      vertex 80.2839 -14.4302 6
      vertex 65.055 -6.95755 6
    endloop
  endfacet
  facet normal 0 0 1
    outer loop
      vertex 80.2839 -14.4302 6
      vertex 64.4935 -7.3327 6
      vertex 80.326 -14.642 6
    endloop
  endfacet
  facet normal -0 0 1
    outer loop
      vertex 63.9043 -7.66266 6
      vertex 80.326 -14.642 6
      vertex 64.4935 -7.3327 6
    endloop
  endfacet
  facet normal 0 0 1
    outer loop
      vertex 80.326 -14.642 6
      vertex 63.9043 -7.66266 6
      vertex 80.3846 -14.8498 6
    endloop
  endfacet
  facet normal -0 0 1
    outer loop
      vertex 63.2911 -7.94536 6
      vertex 80.3846 -14.8498 6
      vertex 63.9043 -7.66266 6
    endloop
  endfacet
  facet normal 0 0 1
    outer loop
      vertex 80.3846 -14.8498 6
      vertex 63.2911 -7.94536 6
      vertex 80.4593 -15.0524 6
    endloop
  endfacet
  facet normal 0 0 1
    outer loop
      vertex 80.4593 -15.0524 6
      vertex 63.2911 -7.94536 6
      vertex 80.5497 -15.2485 6
    endloop
  endfacet
  facet normal -0 0 1
    outer loop
      vertex 62.6575 -8.17909 6
      vertex 80.5497 -15.2485 6
      vertex 63.2911 -7.94536 6
    endloop
  endfacet
  facet normal 0 0 1
    outer loop
      vertex 80.5497 -15.2485 6
      vertex 62.6575 -8.17909 6
      vertex 80.6552 -15.4369 6
    endloop
  endfacet
  facet normal -0 0 1
    outer loop
      vertex 62.0076 -8.36238 6
      vertex 80.6552 -15.4369 6
      vertex 62.6575 -8.17909 6
    endloop
  endfacet
  facet normal 0 0 1
    outer loop
      vertex 80.6552 -15.4369 6
      vertex 62.0076 -8.36238 6
      vertex 80.7752 -15.6164 6
    endloop
  endfacet
  facet normal -0 0 1
    outer loop
      vertex 61.3453 -8.49412 6
      vertex 80.7752 -15.6164 6
      vertex 62.0076 -8.36238 6
    endloop
  endfacet
  facet normal 0 0 1
    outer loop
      vertex 80.7752 -15.6164 6
      vertex 61.3453 -8.49412 6
      vertex 80.9089 -15.786 6
    endloop
  endfacet
  facet normal 0 0 1
    outer loop
      vertex 80.9089 -15.786 6
      vertex 61.3453 -8.49412 6
      vertex 81.0555 -15.9445 6
    endloop
  endfacet
  facet normal -0 0 1
    outer loop
      vertex 60.6747 -8.57349 6
      vertex 81.0555 -15.9445 6
      vertex 61.3453 -8.49412 6
    endloop
  endfacet
  facet normal 0 0 1
    outer loop
      vertex 81.214 -16.0911 6
      vertex 60.6747 -8.57349 6
      vertex 60 -8.6 6
    endloop
  endfacet
  facet normal 0 0 1
    outer loop
      vertex 81.214 -16.0911 6
      vertex 60 -8.6 6
      vertex 87 -22 6
    endloop
  endfacet
  facet normal 0 0 1
    outer loop
      vertex 59.3253 -8.57349 6
      vertex 87 -22 6
      vertex 60 -8.6 6
    endloop
  endfacet
  facet normal 0 0 1
    outer loop
      vertex 58.6547 -8.49412 6
      vertex 87 -22 6
      vertex 59.3253 -8.57349 6
    endloop
  endfacet
  facet normal 0 0 1
    outer loop
      vertex 57.9924 -8.36238 6
      vertex 87 -22 6
      vertex 58.6547 -8.49412 6
    endloop
  endfacet
  facet normal 0 0 1
    outer loop
      vertex 22.0076 -8.36238 6
      vertex 57.9924 -8.36238 6
      vertex 57.3425 -8.17909 6
    endloop
  endfacet
  facet normal 0 0 1
    outer loop
      vertex 22.6575 -8.17909 6
      vertex 57.3425 -8.17909 6
      vertex 56.7089 -7.94536 6
    endloop
  endfacet
  facet normal 0 0 1
    outer loop
      vertex 23.2911 -7.94536 6
      vertex 56.7089 -7.94536 6
      vertex 56.0957 -7.66266 6
    endloop
  endfacet
  facet normal -0 0 1
    outer loop
      vertex 28.6 0 6
      vertex 51.4265 -0.674747 6
      vertex 51.4 0 6
    endloop
  endfacet
  facet normal 0 0 1
    outer loop
      vertex 28.5735 -0.674747 6
      vertex 51.4265 -0.674747 6
      vertex 28.6 0 6
    endloop
  endfacet
  facet normal 0 0 1
    outer loop
      vertex 51.4265 -0.674747 6
      vertex 28.5735 -0.674747 6
      vertex 51.5059 -1.34534 6
    endloop
  endfacet
  facet normal 0 0 1
    outer loop
      vertex 28.4941 -1.34534 6
      vertex 51.5059 -1.34534 6
      vertex 28.5735 -0.674747 6
    endloop
  endfacet
  facet normal 0 0 1
    outer loop
      vertex 51.5059 -1.34534 6
      vertex 28.4941 -1.34534 6
      vertex 51.6376 -2.00763 6
    endloop
  endfacet
  facet normal 0 0 1
    outer loop
      vertex 28.3624 -2.00763 6
      vertex 51.6376 -2.00763 6
      vertex 28.4941 -1.34534 6
    endloop
  endfacet
  facet normal 0 0 1
    outer loop
      vertex 51.6376 -2.00763 6
      vertex 28.3624 -2.00763 6
      vertex 51.8209 -2.65755 6
    endloop
  endfacet
  facet normal 0 0 1
    outer loop
      vertex 28.1791 -2.65755 6
      vertex 51.8209 -2.65755 6
      vertex 28.3624 -2.00763 6
    endloop
  endfacet
  facet normal 0 0 1
    outer loop
      vertex 51.8209 -2.65755 6
      vertex 28.1791 -2.65755 6
      vertex 52.0546 -3.29108 6
    endloop
  endfacet
  facet normal 0 0 1
    outer loop
      vertex 27.9454 -3.29108 6
      vertex 52.0546 -3.29108 6
      vertex 28.1791 -2.65755 6
    endloop
  endfacet
  facet normal 0 0 1
    outer loop
      vertex 52.0546 -3.29108 6
      vertex 27.9454 -3.29108 6
      vertex 52.3373 -3.90432 6
    endloop
  endfacet
  facet normal 0 0 1
    outer loop
      vertex 27.6627 -3.90432 6
      vertex 52.3373 -3.90432 6
      vertex 27.9454 -3.29108 6
    endloop
  endfacet
  facet normal 0 0 1
    outer loop
      vertex 52.3373 -3.90432 6
      vertex 27.6627 -3.90432 6
      vertex 52.6673 -4.49349 6
    endloop
  endfacet
  facet normal 0 0 1
    outer loop
      vertex 27.3327 -4.49349 6
      vertex 52.6673 -4.49349 6
      vertex 27.6627 -3.90432 6
    endloop
  endfacet
  facet normal 0 0 1
    outer loop
      vertex 52.6673 -4.49349 6
      vertex 27.3327 -4.49349 6
      vertex 53.0425 -5.05495 6
    endloop
  endfacet
  facet normal 0 0 1
    outer loop
      vertex 26.9575 -5.05495 6
      vertex 53.0425 -5.05495 6
      vertex 27.3327 -4.49349 6
    endloop
  endfacet
  facet normal 0 0 1
    outer loop
      vertex 53.0425 -5.05495 6
      vertex 26.9575 -5.05495 6
      vertex 53.4605 -5.58525 6
    endloop
  endfacet
  facet normal 0 0 1
    outer loop
      vertex 26.5395 -5.58525 6
      vertex 53.4605 -5.58525 6
      vertex 26.9575 -5.05495 6
    endloop
  endfacet
  facet normal 0 0 1
    outer loop
      vertex 53.4605 -5.58525 6
      vertex 26.5395 -5.58525 6
      vertex 53.9189 -6.08112 6
    endloop
  endfacet
  facet normal 0 0 1
    outer loop
      vertex 26.0811 -6.08112 6
      vertex 53.9189 -6.08112 6
      vertex 26.5395 -5.58525 6
    endloop
  endfacet
  facet normal 0 0 1
    outer loop
      vertex 53.9189 -6.08112 6
      vertex 26.0811 -6.08112 6
      vertex 54.4147 -6.53949 6
    endloop
  endfacet
  facet normal 0 0 1
    outer loop
      vertex 25.5853 -6.53949 6
      vertex 54.4147 -6.53949 6
      vertex 26.0811 -6.08112 6
    endloop
  endfacet
  facet normal 0 0 1
    outer loop
      vertex 54.4147 -6.53949 6
      vertex 25.5853 -6.53949 6
      vertex 54.945 -6.95755 6
    endloop
  endfacet
  facet normal 0 0 1
    outer loop
      vertex 25.055 -6.95755 6
      vertex 54.945 -6.95755 6
      vertex 25.5853 -6.53949 6
    endloop
  endfacet
  facet normal 0 0 1
    outer loop
      vertex 54.945 -6.95755 6
      vertex 25.055 -6.95755 6
      vertex 55.5065 -7.3327 6
    endloop
  endfacet
  facet normal 0 0 1
    outer loop
      vertex 24.4935 -7.3327 6
      vertex 55.5065 -7.3327 6
      vertex 25.055 -6.95755 6
    endloop
  endfacet
  facet normal 0 0 1
    outer loop
      vertex 55.5065 -7.3327 6
      vertex 24.4935 -7.3327 6
      vertex 56.0957 -7.66266 6
    endloop
  endfacet
  facet normal 0 0 1
    outer loop
      vertex 23.9043 -7.66266 6
      vertex 56.0957 -7.66266 6
      vertex 24.4935 -7.3327 6
    endloop
  endfacet
  facet normal 0 0 1
    outer loop
      vertex 23.2911 -7.94536 6
      vertex 56.0957 -7.66266 6
      vertex 23.9043 -7.66266 6
    endloop
  endfacet
  facet normal 0 0 1
    outer loop
      vertex 56.7089 -7.94536 6
      vertex 23.2911 -7.94536 6
      vertex 22.6575 -8.17909 6
    endloop
  endfacet
  facet normal 0 0 1
    outer loop
      vertex 57.3425 -8.17909 6
      vertex 22.6575 -8.17909 6
      vertex 22.0076 -8.36238 6
    endloop
  endfacet
  facet normal 0 0 1
    outer loop
      vertex 57.9924 -8.36238 6
      vertex 22.0076 -8.36238 6
      vertex 87 -22 6
    endloop
  endfacet
  facet normal -0 0 1
    outer loop
      vertex 21.3453 -8.49412 6
      vertex 87 -22 6
      vertex 22.0076 -8.36238 6
    endloop
  endfacet
  facet normal -0 0 1
    outer loop
      vertex 20.6747 -8.57349 6
      vertex 87 -22 6
      vertex 21.3453 -8.49412 6
    endloop
  endfacet
  facet normal -0 0 1
    outer loop
      vertex 20 -8.6 6
      vertex 87 -22 6
      vertex 20.6747 -8.57349 6
    endloop
  endfacet
  facet normal 0 0 1
    outer loop
      vertex 19.3253 -8.57349 6
      vertex 87 -22 6
      vertex 20 -8.6 6
    endloop
  endfacet
  facet normal 0 0 1
    outer loop
      vertex -19.3253 -8.57349 6
      vertex 19.3253 -8.57349 6
      vertex 18.6547 -8.49412 6
    endloop
  endfacet
  facet normal -0 0 1
    outer loop
      vertex -11.4 0 6
      vertex 11.4265 -0.674747 6
      vertex 11.4 0 6
    endloop
  endfacet
  facet normal 0 0 1
    outer loop
      vertex -11.4265 -0.674747 6
      vertex 11.4265 -0.674747 6
      vertex -11.4 0 6
    endloop
  endfacet
  facet normal 0 0 1
    outer loop
      vertex 11.4265 -0.674747 6
      vertex -11.4265 -0.674747 6
      vertex 11.5059 -1.34534 6
    endloop
  endfacet
  facet normal 0 0 1
    outer loop
      vertex -11.5059 -1.34534 6
      vertex 11.5059 -1.34534 6
      vertex -11.4265 -0.674747 6
    endloop
  endfacet
  facet normal 0 0 1
    outer loop
      vertex 11.5059 -1.34534 6
      vertex -11.5059 -1.34534 6
      vertex 11.6376 -2.00763 6
    endloop
  endfacet
  facet normal 0 0 1
    outer loop
      vertex -11.6376 -2.00763 6
      vertex 11.6376 -2.00763 6
      vertex -11.5059 -1.34534 6
    endloop
  endfacet
  facet normal 0 0 1
    outer loop
      vertex 11.6376 -2.00763 6
      vertex -11.6376 -2.00763 6
      vertex 11.8209 -2.65755 6
    endloop
  endfacet
  facet normal 0 0 1
    outer loop
      vertex -11.8209 -2.65755 6
      vertex 11.8209 -2.65755 6
      vertex -11.6376 -2.00763 6
    endloop
  endfacet
  facet normal 0 0 1
    outer loop
      vertex 11.8209 -2.65755 6
      vertex -11.8209 -2.65755 6
      vertex 12.0546 -3.29108 6
    endloop
  endfacet
  facet normal 0 0 1
    outer loop
      vertex -12.0546 -3.29108 6
      vertex 12.0546 -3.29108 6
      vertex -11.8209 -2.65755 6
    endloop
  endfacet
  facet normal 0 0 1
    outer loop
      vertex 12.0546 -3.29108 6
      vertex -12.0546 -3.29108 6
      vertex 12.3373 -3.90432 6
    endloop
  endfacet
  facet normal 0 0 1
    outer loop
      vertex -12.3373 -3.90432 6
      vertex 12.3373 -3.90432 6
      vertex -12.0546 -3.29108 6
    endloop
  endfacet
  facet normal 0 0 1
    outer loop
      vertex 12.3373 -3.90432 6
      vertex -12.3373 -3.90432 6
      vertex 12.6673 -4.49349 6
    endloop
  endfacet
  facet normal 0 0 1
    outer loop
      vertex -12.6673 -4.49349 6
      vertex 12.6673 -4.49349 6
      vertex -12.3373 -3.90432 6
    endloop
  endfacet
  facet normal 0 0 1
    outer loop
      vertex 12.6673 -4.49349 6
      vertex -12.6673 -4.49349 6
      vertex 13.0425 -5.05495 6
    endloop
  endfacet
  facet normal 0 0 1
    outer loop
      vertex -13.0425 -5.05495 6
      vertex 13.0425 -5.05495 6
      vertex -12.6673 -4.49349 6
    endloop
  endfacet
  facet normal 0 0 1
    outer loop
      vertex 13.0425 -5.05495 6
      vertex -13.0425 -5.05495 6
      vertex 13.4605 -5.58525 6
    endloop
  endfacet
  facet normal 0 0 1
    outer loop
      vertex -13.4605 -5.58525 6
      vertex 13.4605 -5.58525 6
      vertex -13.0425 -5.05495 6
    endloop
  endfacet
  facet normal 0 0 1
    outer loop
      vertex 13.4605 -5.58525 6
      vertex -13.4605 -5.58525 6
      vertex 13.9189 -6.08112 6
    endloop
  endfacet
  facet normal 0 0 1
    outer loop
      vertex -13.9189 -6.08112 6
      vertex 13.9189 -6.08112 6
      vertex -13.4605 -5.58525 6
    endloop
  endfacet
  facet normal 0 0 1
    outer loop
      vertex 13.9189 -6.08112 6
      vertex -13.9189 -6.08112 6
      vertex 14.4147 -6.53949 6
    endloop
  endfacet
  facet normal 0 0 1
    outer loop
      vertex -14.4147 -6.53949 6
      vertex 14.4147 -6.53949 6
      vertex -13.9189 -6.08112 6
    endloop
  endfacet
  facet normal 0 0 1
    outer loop
      vertex 14.4147 -6.53949 6
      vertex -14.4147 -6.53949 6
      vertex 14.945 -6.95755 6
    endloop
  endfacet
  facet normal 0 0 1
    outer loop
      vertex -14.945 -6.95755 6
      vertex 14.945 -6.95755 6
      vertex -14.4147 -6.53949 6
    endloop
  endfacet
  facet normal 0 0 1
    outer loop
      vertex 14.945 -6.95755 6
      vertex -14.945 -6.95755 6
      vertex 15.5065 -7.3327 6
    endloop
  endfacet
  facet normal 0 0 1
    outer loop
      vertex -15.5065 -7.3327 6
      vertex 15.5065 -7.3327 6
      vertex -14.945 -6.95755 6
    endloop
  endfacet
  facet normal 0 0 1
    outer loop
      vertex 15.5065 -7.3327 6
      vertex -15.5065 -7.3327 6
      vertex 16.0957 -7.66266 6
    endloop
  endfacet
  facet normal 0 0 1
    outer loop
      vertex -16.0957 -7.66266 6
      vertex 16.0957 -7.66266 6
      vertex -15.5065 -7.3327 6
    endloop
  endfacet
  facet normal 0 0 1
    outer loop
      vertex 16.0957 -7.66266 6
      vertex -16.0957 -7.66266 6
      vertex 16.7089 -7.94536 6
    endloop
  endfacet
  facet normal 0 0 1
    outer loop
      vertex -16.7089 -7.94536 6
      vertex 16.7089 -7.94536 6
      vertex -16.0957 -7.66266 6
    endloop
  endfacet
  facet normal 0 0 1
    outer loop
      vertex 16.7089 -7.94536 6
      vertex -16.7089 -7.94536 6
      vertex 17.3425 -8.17909 6
    endloop
  endfacet
  facet normal 0 0 1
    outer loop
      vertex -17.3425 -8.17909 6
      vertex 17.3425 -8.17909 6
      vertex -16.7089 -7.94536 6
    endloop
  endfacet
  facet normal 0 0 1
    outer loop
      vertex 17.3425 -8.17909 6
      vertex -17.3425 -8.17909 6
      vertex 17.9924 -8.36238 6
    endloop
  endfacet
  facet normal 0 0 1
    outer loop
      vertex -17.9924 -8.36238 6
      vertex 17.9924 -8.36238 6
      vertex -17.3425 -8.17909 6
    endloop
  endfacet
  facet normal 0 0 1
    outer loop
      vertex 17.9924 -8.36238 6
      vertex -17.9924 -8.36238 6
      vertex 18.6547 -8.49412 6
    endloop
  endfacet
  facet normal 0 0 1
    outer loop
      vertex -18.6547 -8.49412 6
      vertex 18.6547 -8.49412 6
      vertex -17.9924 -8.36238 6
    endloop
  endfacet
  facet normal 0 0 1
    outer loop
      vertex -19.3253 -8.57349 6
      vertex 18.6547 -8.49412 6
      vertex -18.6547 -8.49412 6
    endloop
  endfacet
  facet normal 0 0 1
    outer loop
      vertex 19.3253 -8.57349 6
      vertex -19.3253 -8.57349 6
      vertex 87 -22 6
    endloop
  endfacet
  facet normal 0 0 1
    outer loop
      vertex -87 -22 6
      vertex -19.3253 -8.57349 6
      vertex -20 -8.6 6
    endloop
  endfacet
  facet normal 0 0 1
    outer loop
      vertex -87 -22 6
      vertex -20 -8.6 6
      vertex -20.6747 -8.57349 6
    endloop
  endfacet
  facet normal 0 0 1
    outer loop
      vertex -87 -22 6
      vertex -20.6747 -8.57349 6
      vertex -21.3453 -8.49412 6
    endloop
  endfacet
  facet normal -0 0 1
    outer loop
      vertex -51.4 0 6
      vertex -28.5735 -0.674747 6
      vertex -28.6 0 6
    endloop
  endfacet
  facet normal 0 0 1
    outer loop
      vertex -51.4265 -0.674747 6
      vertex -28.5735 -0.674747 6
      vertex -51.4 0 6
    endloop
  endfacet
  facet normal 0 0 1
    outer loop
      vertex -28.5735 -0.674747 6
      vertex -51.4265 -0.674747 6
      vertex -28.4941 -1.34534 6
    endloop
  endfacet
  facet normal 0 0 1
    outer loop
      vertex -51.5059 -1.34534 6
      vertex -28.4941 -1.34534 6
      vertex -51.4265 -0.674747 6
    endloop
  endfacet
  facet normal 0 0 1
    outer loop
      vertex -28.4941 -1.34534 6
      vertex -51.5059 -1.34534 6
      vertex -28.3624 -2.00763 6
    endloop
  endfacet
  facet normal 0 0 1
    outer loop
      vertex -51.6376 -2.00763 6
      vertex -28.3624 -2.00763 6
      vertex -51.5059 -1.34534 6
    endloop
  endfacet
  facet normal 0 0 1
    outer loop
      vertex -28.3624 -2.00763 6
      vertex -51.6376 -2.00763 6
      vertex -28.1791 -2.65755 6
    endloop
  endfacet
  facet normal 0 0 1
    outer loop
      vertex -51.8209 -2.65755 6
      vertex -28.1791 -2.65755 6
      vertex -51.6376 -2.00763 6
    endloop
  endfacet
  facet normal 0 0 1
    outer loop
      vertex -28.1791 -2.65755 6
      vertex -51.8209 -2.65755 6
      vertex -27.9454 -3.29108 6
    endloop
  endfacet
  facet normal 0 0 1
    outer loop
      vertex -52.0546 -3.29108 6
      vertex -27.9454 -3.29108 6
      vertex -51.8209 -2.65755 6
    endloop
  endfacet
  facet normal 0 0 1
    outer loop
      vertex -27.9454 -3.29108 6
      vertex -52.0546 -3.29108 6
      vertex -27.6627 -3.90432 6
    endloop
  endfacet
  facet normal 0 0 1
    outer loop
      vertex -52.3373 -3.90432 6
      vertex -27.6627 -3.90432 6
      vertex -52.0546 -3.29108 6
    endloop
  endfacet
  facet normal 0 0 1
    outer loop
      vertex -27.6627 -3.90432 6
      vertex -52.3373 -3.90432 6
      vertex -27.3327 -4.49349 6
    endloop
  endfacet
  facet normal 0 0 1
    outer loop
      vertex -52.6673 -4.49349 6
      vertex -27.3327 -4.49349 6
      vertex -52.3373 -3.90432 6
    endloop
  endfacet
  facet normal 0 0 1
    outer loop
      vertex -27.3327 -4.49349 6
      vertex -52.6673 -4.49349 6
      vertex -26.9575 -5.05495 6
    endloop
  endfacet
  facet normal 0 0 1
    outer loop
      vertex -53.0425 -5.05495 6
      vertex -26.9575 -5.05495 6
      vertex -52.6673 -4.49349 6
    endloop
  endfacet
  facet normal 0 0 1
    outer loop
      vertex -26.9575 -5.05495 6
      vertex -53.0425 -5.05495 6
      vertex -26.5395 -5.58525 6
    endloop
  endfacet
  facet normal 0 0 1
    outer loop
      vertex -53.4605 -5.58525 6
      vertex -26.5395 -5.58525 6
      vertex -53.0425 -5.05495 6
    endloop
  endfacet
  facet normal 0 0 1
    outer loop
      vertex -26.5395 -5.58525 6
      vertex -53.4605 -5.58525 6
      vertex -26.0811 -6.08112 6
    endloop
  endfacet
  facet normal 0 0 1
    outer loop
      vertex -53.9189 -6.08112 6
      vertex -26.0811 -6.08112 6
      vertex -53.4605 -5.58525 6
    endloop
  endfacet
  facet normal 0 0 1
    outer loop
      vertex -26.0811 -6.08112 6
      vertex -53.9189 -6.08112 6
      vertex -25.5853 -6.53949 6
    endloop
  endfacet
  facet normal 0 0 1
    outer loop
      vertex -54.4147 -6.53949 6
      vertex -25.5853 -6.53949 6
      vertex -53.9189 -6.08112 6
    endloop
  endfacet
  facet normal 0 0 1
    outer loop
      vertex -25.5853 -6.53949 6
      vertex -54.4147 -6.53949 6
      vertex -25.055 -6.95755 6
    endloop
  endfacet
  facet normal 0 0 1
    outer loop
      vertex -54.945 -6.95755 6
      vertex -25.055 -6.95755 6
      vertex -54.4147 -6.53949 6
    endloop
  endfacet
  facet normal 0 0 1
    outer loop
      vertex -25.055 -6.95755 6
      vertex -54.945 -6.95755 6
      vertex -24.4935 -7.3327 6
    endloop
  endfacet
  facet normal 0 0 1
    outer loop
      vertex -55.5065 -7.3327 6
      vertex -24.4935 -7.3327 6
      vertex -54.945 -6.95755 6
    endloop
  endfacet
  facet normal 0 0 1
    outer loop
      vertex -24.4935 -7.3327 6
      vertex -55.5065 -7.3327 6
      vertex -23.9043 -7.66266 6
    endloop
  endfacet
  facet normal 0 0 1
    outer loop
      vertex -56.0957 -7.66266 6
      vertex -23.9043 -7.66266 6
      vertex -55.5065 -7.3327 6
    endloop
  endfacet
  facet normal 0 0 1
    outer loop
      vertex -23.9043 -7.66266 6
      vertex -56.0957 -7.66266 6
      vertex -23.2911 -7.94536 6
    endloop
  endfacet
  facet normal 0 0 1
    outer loop
      vertex -56.7089 -7.94536 6
      vertex -23.2911 -7.94536 6
      vertex -56.0957 -7.66266 6
    endloop
  endfacet
  facet normal 0 0 1
    outer loop
      vertex -23.2911 -7.94536 6
      vertex -56.7089 -7.94536 6
      vertex -22.6575 -8.17909 6
    endloop
  endfacet
  facet normal 0 0 1
    outer loop
      vertex -57.3425 -8.17909 6
      vertex -22.6575 -8.17909 6
      vertex -56.7089 -7.94536 6
    endloop
  endfacet
  facet normal 0 0 1
    outer loop
      vertex -22.6575 -8.17909 6
      vertex -57.3425 -8.17909 6
      vertex -22.0076 -8.36238 6
    endloop
  endfacet
  facet normal 0 0 1
    outer loop
      vertex -57.9924 -8.36238 6
      vertex -22.0076 -8.36238 6
      vertex -57.3425 -8.17909 6
    endloop
  endfacet
  facet normal 0 0 1
    outer loop
      vertex -87 -22 6
      vertex -22.0076 -8.36238 6
      vertex -57.9924 -8.36238 6
    endloop
  endfacet
  facet normal 0 0 1
    outer loop
      vertex -22.0076 -8.36238 6
      vertex -87 -22 6
      vertex -21.3453 -8.49412 6
    endloop
  endfacet
  facet normal 0 0 1
    outer loop
      vertex -87 -22 6
      vertex -57.9924 -8.36238 6
      vertex -58.6547 -8.49412 6
    endloop
  endfacet
  facet normal 0 0 1
    outer loop
      vertex -87 -22 6
      vertex -58.6547 -8.49412 6
      vertex -59.3253 -8.57349 6
    endloop
  endfacet
  facet normal 0 0 1
    outer loop
      vertex -87 -22 6
      vertex -59.3253 -8.57349 6
      vertex -60 -8.6 6
    endloop
  endfacet
  facet normal 0 0 1
    outer loop
      vertex -81.214 -16.0911 6
      vertex -60 -8.6 6
      vertex -60.6747 -8.57349 6
    endloop
  endfacet
  facet normal -0 0 1
    outer loop
      vertex -80.7752 12.3836 6
      vertex -67.3327 4.49349 6
      vertex -80.6552 12.5631 6
    endloop
  endfacet
  facet normal 0 0 1
    outer loop
      vertex -68.6 0 6
      vertex -80.25 -14 6
      vertex -68.5735 -0.674747 6
    endloop
  endfacet
  facet normal 0 0 1
    outer loop
      vertex -68.5735 -0.674747 6
      vertex -80.25 -14 6
      vertex -68.4941 -1.34534 6
    endloop
  endfacet
  facet normal 0 0 1
    outer loop
      vertex -68.4941 -1.34534 6
      vertex -80.25 -14 6
      vertex -68.3624 -2.00763 6
    endloop
  endfacet
  facet normal 0 0 1
    outer loop
      vertex -68.3624 -2.00763 6
      vertex -80.25 -14 6
      vertex -68.1791 -2.65755 6
    endloop
  endfacet
  facet normal 0 0 1
    outer loop
      vertex -68.1791 -2.65755 6
      vertex -80.25 -14 6
      vertex -67.9454 -3.29108 6
    endloop
  endfacet
  facet normal 0 0 1
    outer loop
      vertex -67.9454 -3.29108 6
      vertex -80.25 -14 6
      vertex -67.6627 -3.90432 6
    endloop
  endfacet
  facet normal 0 0 1
    outer loop
      vertex -67.6627 -3.90432 6
      vertex -80.25 -14 6
      vertex -67.3327 -4.49349 6
    endloop
  endfacet
  facet normal 0 0 1
    outer loop
      vertex -67.3327 -4.49349 6
      vertex -80.25 -14 6
      vertex -66.9575 -5.05495 6
    endloop
  endfacet
  facet normal 0 0 1
    outer loop
      vertex -80.25 -14 6
      vertex -66.5395 -5.58525 6
      vertex -66.9575 -5.05495 6
    endloop
  endfacet
  facet normal 0 0 1
    outer loop
      vertex -80.25 -14 6
      vertex -66.0811 -6.08112 6
      vertex -66.5395 -5.58525 6
    endloop
  endfacet
  facet normal 0 0 1
    outer loop
      vertex -80.25 -14 6
      vertex -65.5853 -6.53949 6
      vertex -66.0811 -6.08112 6
    endloop
  endfacet
  facet normal 0 0 1
    outer loop
      vertex -80.25 -14 6
      vertex -65.055 -6.95755 6
      vertex -65.5853 -6.53949 6
    endloop
  endfacet
  facet normal 0 0 1
    outer loop
      vertex -80.2585 -14.2158 6
      vertex -65.055 -6.95755 6
      vertex -80.25 -14 6
    endloop
  endfacet
  facet normal 0 0 1
    outer loop
      vertex -65.055 -6.95755 6
      vertex -80.2585 -14.2158 6
      vertex -64.4935 -7.3327 6
    endloop
  endfacet
  facet normal 0 0 1
    outer loop
      vertex -80.2839 -14.4302 6
      vertex -64.4935 -7.3327 6
      vertex -80.2585 -14.2158 6
    endloop
  endfacet
  facet normal 0 0 1
    outer loop
      vertex -80.326 -14.642 6
      vertex -64.4935 -7.3327 6
      vertex -80.2839 -14.4302 6
    endloop
  endfacet
  facet normal 0 0 1
    outer loop
      vertex -64.4935 -7.3327 6
      vertex -80.326 -14.642 6
      vertex -63.9043 -7.66266 6
    endloop
  endfacet
  facet normal 0 0 1
    outer loop
      vertex -80.3846 -14.8498 6
      vertex -63.9043 -7.66266 6
      vertex -80.326 -14.642 6
    endloop
  endfacet
  facet normal 0 0 1
    outer loop
      vertex -63.9043 -7.66266 6
      vertex -80.3846 -14.8498 6
      vertex -63.2911 -7.94536 6
    endloop
  endfacet
  facet normal 0 0 1
    outer loop
      vertex -80.4593 -15.0524 6
      vertex -63.2911 -7.94536 6
      vertex -80.3846 -14.8498 6
    endloop
  endfacet
  facet normal 0 0 1
    outer loop
      vertex -80.5497 -15.2485 6
      vertex -63.2911 -7.94536 6
      vertex -80.4593 -15.0524 6
    endloop
  endfacet
  facet normal 0 0 1
    outer loop
      vertex -63.2911 -7.94536 6
      vertex -80.5497 -15.2485 6
      vertex -62.6575 -8.17909 6
    endloop
  endfacet
  facet normal 0 0 1
    outer loop
      vertex -80.6552 -15.4369 6
      vertex -62.6575 -8.17909 6
      vertex -80.5497 -15.2485 6
    endloop
  endfacet
  facet normal 0 0 1
    outer loop
      vertex -62.6575 -8.17909 6
      vertex -80.6552 -15.4369 6
      vertex -62.0076 -8.36238 6
    endloop
  endfacet
  facet normal 0 0 1
    outer loop
      vertex -80.7752 -15.6164 6
      vertex -62.0076 -8.36238 6
      vertex -80.6552 -15.4369 6
    endloop
  endfacet
  facet normal 0 0 1
    outer loop
      vertex -62.0076 -8.36238 6
      vertex -80.7752 -15.6164 6
      vertex -61.3453 -8.49412 6
    endloop
  endfacet
  facet normal 0 0 1
    outer loop
      vertex -80.9089 -15.786 6
      vertex -61.3453 -8.49412 6
      vertex -80.7752 -15.6164 6
    endloop
  endfacet
  facet normal 0 0 1
    outer loop
      vertex -61.3453 -8.49412 6
      vertex -80.9089 -15.786 6
      vertex -60.6747 -8.57349 6
    endloop
  endfacet
  facet normal 0 0 1
    outer loop
      vertex -81.0555 -15.9445 6
      vertex -60.6747 -8.57349 6
      vertex -80.9089 -15.786 6
    endloop
  endfacet
  facet normal 0 0 1
    outer loop
      vertex -81.214 -16.0911 6
      vertex -60.6747 -8.57349 6
      vertex -81.0555 -15.9445 6
    endloop
  endfacet
  facet normal 0 0 1
    outer loop
      vertex -60 -8.6 6
      vertex -81.214 -16.0911 6
      vertex -87 -22 6
    endloop
  endfacet
  facet normal 0 0 1
    outer loop
      vertex -87 -22 6
      vertex -81.214 -16.0911 6
      vertex -81.3836 -16.2248 6
    endloop
  endfacet
  facet normal 0 0 1
    outer loop
      vertex -87 -22 6
      vertex -81.3836 -16.2248 6
      vertex -81.5631 -16.3448 6
    endloop
  endfacet
  facet normal 0 0 1
    outer loop
      vertex -87 -22 6
      vertex -81.5631 -16.3448 6
      vertex -81.7515 -16.4503 6
    endloop
  endfacet
  facet normal 0 0 1
    outer loop
      vertex -87 -22 6
      vertex -81.7515 -16.4503 6
      vertex -81.9476 -16.5407 6
    endloop
  endfacet
  facet normal 0 0 1
    outer loop
      vertex -87 -22 6
      vertex -81.9476 -16.5407 6
      vertex -82.1502 -16.6154 6
    endloop
  endfacet
  facet normal 0 0 1
    outer loop
      vertex -87 -22 6
      vertex -82.1502 -16.6154 6
      vertex -82.358 -16.674 6
    endloop
  endfacet
  facet normal 0 0 1
    outer loop
      vertex -87 -22 6
      vertex -82.358 -16.674 6
      vertex -82.5698 -16.7161 6
    endloop
  endfacet
  facet normal 0 0 1
    outer loop
      vertex -87 -22 6
      vertex -82.5698 -16.7161 6
      vertex -82.7842 -16.7415 6
    endloop
  endfacet
  facet normal 0 0 1
    outer loop
      vertex -87 -22 6
      vertex -82.7842 -16.7415 6
      vertex -83 -16.75 6
    endloop
  endfacet
  facet normal 0 0 1
    outer loop
      vertex -19.3253 -8.57349 6
      vertex -87 -22 6
      vertex 87 -22 6
    endloop
  endfacet
  facet normal 0 0 1
    outer loop
      vertex -83.2158 -16.7415 6
      vertex -87 -22 6
      vertex -83 -16.75 6
    endloop
  endfacet
  facet normal 0 0 1
    outer loop
      vertex -83.4302 -16.7161 6
      vertex -87 -22 6
      vertex -83.2158 -16.7415 6
    endloop
  endfacet
  facet normal 0 0 1
    outer loop
      vertex -83.642 -16.674 6
      vertex -87 -22 6
      vertex -83.4302 -16.7161 6
    endloop
  endfacet
  facet normal 0 0 1
    outer loop
      vertex -83.8498 -16.6154 6
      vertex -87 -22 6
      vertex -83.642 -16.674 6
    endloop
  endfacet
  facet normal 0 0 1
    outer loop
      vertex -84.0524 -16.5407 6
      vertex -87 -22 6
      vertex -83.8498 -16.6154 6
    endloop
  endfacet
  facet normal 0 0 1
    outer loop
      vertex -84.2485 -16.4503 6
      vertex -87 -22 6
      vertex -84.0524 -16.5407 6
    endloop
  endfacet
  facet normal 0 0 1
    outer loop
      vertex -84.4369 -16.3448 6
      vertex -87 -22 6
      vertex -84.2485 -16.4503 6
    endloop
  endfacet
  facet normal 0 0 1
    outer loop
      vertex -84.6164 -16.2248 6
      vertex -87 -22 6
      vertex -84.4369 -16.3448 6
    endloop
  endfacet
  facet normal 0 0 1
    outer loop
      vertex -84.786 -16.0911 6
      vertex -87 -22 6
      vertex -84.6164 -16.2248 6
    endloop
  endfacet
  facet normal 0 0 1
    outer loop
      vertex -90 -19 6
      vertex -84.786 -16.0911 6
      vertex -84.9445 -15.9445 6
    endloop
  endfacet
  facet normal 0 0 1
    outer loop
      vertex -90 -19 6
      vertex -84.9445 -15.9445 6
      vertex -85.0911 -15.786 6
    endloop
  endfacet
  facet normal 0 0 1
    outer loop
      vertex -90 -19 6
      vertex -85.0911 -15.786 6
      vertex -85.2248 -15.6164 6
    endloop
  endfacet
  facet normal 0 0 1
    outer loop
      vertex -90 -19 6
      vertex -85.2248 -15.6164 6
      vertex -85.3448 -15.4369 6
    endloop
  endfacet
  facet normal 0 0 1
    outer loop
      vertex -90 -19 6
      vertex -85.3448 -15.4369 6
      vertex -85.4503 -15.2485 6
    endloop
  endfacet
  facet normal 0 0 1
    outer loop
      vertex -90 -19 6
      vertex -85.4503 -15.2485 6
      vertex -85.5407 -15.0524 6
    endloop
  endfacet
  facet normal 0 0 1
    outer loop
      vertex -90 -19 6
      vertex -85.5407 -15.0524 6
      vertex -85.6154 -14.8498 6
    endloop
  endfacet
  facet normal 0 0 1
    outer loop
      vertex -90 -19 6
      vertex -85.6154 -14.8498 6
      vertex -85.674 -14.642 6
    endloop
  endfacet
  facet normal 0 0 1
    outer loop
      vertex -90 -19 6
      vertex -85.674 -14.642 6
      vertex -85.7161 -14.4302 6
    endloop
  endfacet
  facet normal 0 0 1
    outer loop
      vertex -90 -19 6
      vertex -85.7161 -14.4302 6
      vertex -85.7415 -14.2158 6
    endloop
  endfacet
  facet normal 0 0 1
    outer loop
      vertex -90 -19 6
      vertex -85.7415 -14.2158 6
      vertex -85.75 -14 6
    endloop
  endfacet
  facet normal 0 0 1
    outer loop
      vertex -85.7161 -13.5698 6
      vertex -90 -19 6
      vertex -85.7415 -13.7842 6
    endloop
  endfacet
  facet normal 0 0 1
    outer loop
      vertex -90 19 6
      vertex -87 22 6
      vertex -87.2354 21.9908 6
    endloop
  endfacet
  facet normal 0 0 1
    outer loop
      vertex -85.7415 -13.7842 6
      vertex -90 -19 6
      vertex -85.75 -14 6
    endloop
  endfacet
  facet normal 0 0 1
    outer loop
      vertex -90 19 6
      vertex -87.2354 21.9908 6
      vertex -87.4693 21.9631 6
    endloop
  endfacet
  facet normal 0 0 1
    outer loop
      vertex -84.786 -16.0911 6
      vertex -90 -19 6
      vertex -87 -22 6
    endloop
  endfacet
  facet normal 0 0 1
    outer loop
      vertex -90 19 6
      vertex -87.4693 21.9631 6
      vertex -87.7003 21.9171 6
    endloop
  endfacet
  facet normal 0 0 1
    outer loop
      vertex -87 -22 6
      vertex -90 -19 6
      vertex -87.2354 -21.9908 6
    endloop
  endfacet
  facet normal 0 0 1
    outer loop
      vertex -90 19 6
      vertex -87.7003 21.9171 6
      vertex -87.927 21.8532 6
    endloop
  endfacet
  facet normal 0 0 1
    outer loop
      vertex -87.2354 -21.9908 6
      vertex -90 -19 6
      vertex -87.4693 -21.9631 6
    endloop
  endfacet
  facet normal 0 0 1
    outer loop
      vertex -90 19 6
      vertex -87.927 21.8532 6
      vertex -88.1481 21.7716 6
    endloop
  endfacet
  facet normal 0 0 1
    outer loop
      vertex -87.4693 -21.9631 6
      vertex -90 -19 6
      vertex -87.7003 -21.9171 6
    endloop
  endfacet
  facet normal 0 0 1
    outer loop
      vertex -90 19 6
      vertex -88.1481 21.7716 6
      vertex -88.362 21.673 6
    endloop
  endfacet
  facet normal 0 0 1
    outer loop
      vertex -87.7003 -21.9171 6
      vertex -90 -19 6
      vertex -87.927 -21.8532 6
    endloop
  endfacet
  facet normal 0 0 1
    outer loop
      vertex -90 19 6
      vertex -88.362 21.673 6
      vertex -88.5675 21.5579 6
    endloop
  endfacet
  facet normal 0 0 1
    outer loop
      vertex -87.927 -21.8532 6
      vertex -90 -19 6
      vertex -88.1481 -21.7716 6
    endloop
  endfacet
  facet normal 0 0 1
    outer loop
      vertex -90 19 6
      vertex -88.5675 21.5579 6
      vertex -88.7634 21.427 6
    endloop
  endfacet
  facet normal 0 0 1
    outer loop
      vertex -88.1481 -21.7716 6
      vertex -90 -19 6
      vertex -88.362 -21.673 6
    endloop
  endfacet
  facet normal 0 0 1
    outer loop
      vertex -90 19 6
      vertex -88.7634 21.427 6
      vertex -88.9483 21.2812 6
    endloop
  endfacet
  facet normal 0 0 1
    outer loop
      vertex -88.362 -21.673 6
      vertex -90 -19 6
      vertex -88.5675 -21.5579 6
    endloop
  endfacet
  facet normal 0 0 1
    outer loop
      vertex -90 19 6
      vertex -88.9483 21.2812 6
      vertex -89.1213 21.1213 6
    endloop
  endfacet
  facet normal 0 0 1
    outer loop
      vertex -88.5675 -21.5579 6
      vertex -90 -19 6
      vertex -88.7634 -21.427 6
    endloop
  endfacet
  facet normal 0 0 1
    outer loop
      vertex -90 19 6
      vertex -89.1213 21.1213 6
      vertex -89.2812 20.9483 6
    endloop
  endfacet
  facet normal 0 0 1
    outer loop
      vertex -88.7634 -21.427 6
      vertex -90 -19 6
      vertex -88.9483 -21.2812 6
    endloop
  endfacet
  facet normal 0 0 1
    outer loop
      vertex -90 19 6
      vertex -89.2812 20.9483 6
      vertex -89.427 20.7634 6
    endloop
  endfacet
  facet normal 0 0 1
    outer loop
      vertex -88.9483 -21.2812 6
      vertex -90 -19 6
      vertex -89.1213 -21.1213 6
    endloop
  endfacet
  facet normal 0 0 1
    outer loop
      vertex -90 19 6
      vertex -89.427 20.7634 6
      vertex -89.5579 20.5675 6
    endloop
  endfacet
  facet normal 0 0 1
    outer loop
      vertex -89.1213 -21.1213 6
      vertex -90 -19 6
      vertex -89.2812 -20.9483 6
    endloop
  endfacet
  facet normal 0 0 1
    outer loop
      vertex -90 19 6
      vertex -89.5579 20.5675 6
      vertex -89.673 20.362 6
    endloop
  endfacet
  facet normal 0 0 1
    outer loop
      vertex -89.2812 -20.9483 6
      vertex -90 -19 6
      vertex -89.427 -20.7634 6
    endloop
  endfacet
  facet normal 0 0 1
    outer loop
      vertex -90 19 6
      vertex -89.673 20.362 6
      vertex -89.7716 20.1481 6
    endloop
  endfacet
  facet normal 0 0 1
    outer loop
      vertex -89.427 -20.7634 6
      vertex -90 -19 6
      vertex -89.5579 -20.5675 6
    endloop
  endfacet
  facet normal 0 0 1
    outer loop
      vertex -90 19 6
      vertex -89.7716 20.1481 6
      vertex -89.8532 19.927 6
    endloop
  endfacet
  facet normal 0 0 1
    outer loop
      vertex -89.5579 -20.5675 6
      vertex -90 -19 6
      vertex -89.673 -20.362 6
    endloop
  endfacet
  facet normal 0 0 1
    outer loop
      vertex -90 19 6
      vertex -89.8532 19.927 6
      vertex -89.9171 19.7003 6
    endloop
  endfacet
  facet normal 0 0 1
    outer loop
      vertex -89.673 -20.362 6
      vertex -90 -19 6
      vertex -89.7716 -20.1481 6
    endloop
  endfacet
  facet normal 0 0 1
    outer loop
      vertex -90 19 6
      vertex -89.9171 19.7003 6
      vertex -89.9631 19.4693 6
    endloop
  endfacet
  facet normal 0 0 1
    outer loop
      vertex -89.7716 -20.1481 6
      vertex -90 -19 6
      vertex -89.8532 -19.927 6
    endloop
  endfacet
  facet normal 0 0 1
    outer loop
      vertex -90 19 6
      vertex -89.9631 19.4693 6
      vertex -89.9908 19.2354 6
    endloop
  endfacet
  facet normal 0 0 1
    outer loop
      vertex -89.8532 -19.927 6
      vertex -90 -19 6
      vertex -89.9171 -19.7003 6
    endloop
  endfacet
  facet normal 0 0 1
    outer loop
      vertex -89.9171 -19.7003 6
      vertex -90 -19 6
      vertex -89.9631 -19.4693 6
    endloop
  endfacet
  facet normal 0 0 1
    outer loop
      vertex -89.9631 -19.4693 6
      vertex -90 -19 6
      vertex -89.9908 -19.2354 6
    endloop
  endfacet
  facet normal 0.831462 0.555581 0
    outer loop
      vertex 89.5579 20.5675 6
      vertex 89.427 20.7634 0
      vertex 89.427 20.7634 6
    endloop
  endfacet
  facet normal 0.831462 0.555581 0
    outer loop
      vertex 89.427 20.7634 0
      vertex 89.5579 20.5675 6
      vertex 89.5579 20.5675 0
    endloop
  endfacet
  facet normal 0.938147 0.346236 0
    outer loop
      vertex 89.8532 19.927 6
      vertex 89.7716 20.1481 0
      vertex 89.7716 20.1481 6
    endloop
  endfacet
  facet normal 0.938147 0.346236 0
    outer loop
      vertex 89.7716 20.1481 0
      vertex 89.8532 19.927 6
      vertex 89.8532 19.927 0
    endloop
  endfacet
  facet normal 0.908158 0.418627 0
    outer loop
      vertex 89.7716 20.1481 6
      vertex 89.673 20.362 0
      vertex 89.673 20.362 6
    endloop
  endfacet
  facet normal 0.908158 0.418627 0
    outer loop
      vertex 89.673 20.362 0
      vertex 89.7716 20.1481 6
      vertex 89.7716 20.1481 0
    endloop
  endfacet
  facet normal 0.785241 -0.61919 0
    outer loop
      vertex 89.2812 -20.9483 6
      vertex 89.427 -20.7634 0
      vertex 89.427 -20.7634 6
    endloop
  endfacet
  facet normal 0.785241 -0.61919 0
    outer loop
      vertex 89.427 -20.7634 0
      vertex 89.2812 -20.9483 6
      vertex 89.2812 -20.9483 0
    endloop
  endfacet
  facet normal 0.962495 0.271299 0
    outer loop
      vertex 89.9171 19.7003 6
      vertex 89.8532 19.927 0
      vertex 89.8532 19.927 6
    endloop
  endfacet
  facet normal 0.962495 0.271299 0
    outer loop
      vertex 89.8532 19.927 0
      vertex 89.9171 19.7003 6
      vertex 89.9171 19.7003 0
    endloop
  endfacet
  facet normal -0.785241 0.61919 0
    outer loop
      vertex -89.427 20.7634 0
      vertex -89.2812 20.9483 6
      vertex -89.2812 20.9483 0
    endloop
  endfacet
  facet normal -0.785241 0.61919 0
    outer loop
      vertex -89.2812 20.9483 6
      vertex -89.427 20.7634 0
      vertex -89.427 20.7634 6
    endloop
  endfacet
  facet normal 0.734364 -0.678756 0
    outer loop
      vertex 89.1213 -21.1213 6
      vertex 89.2812 -20.9483 0
      vertex 89.2812 -20.9483 6
    endloop
  endfacet
  facet normal 0.734364 -0.678756 0
    outer loop
      vertex 89.2812 -20.9483 0
      vertex 89.1213 -21.1213 6
      vertex 89.1213 -21.1213 0
    endloop
  endfacet
  facet normal 0.980744 0.1953 0
    outer loop
      vertex 89.9631 19.4693 6
      vertex 89.9171 19.7003 0
      vertex 89.9171 19.7003 6
    endloop
  endfacet
  facet normal 0.980744 0.1953 0
    outer loop
      vertex 89.9171 19.7003 0
      vertex 89.9631 19.4693 6
      vertex 89.9631 19.4693 0
    endloop
  endfacet
  facet normal 0.734364 0.678756 0
    outer loop
      vertex 89.2812 20.9483 6
      vertex 89.1213 21.1213 0
      vertex 89.1213 21.1213 6
    endloop
  endfacet
  facet normal 0.734364 0.678756 0
    outer loop
      vertex 89.1213 21.1213 0
      vertex 89.2812 20.9483 6
      vertex 89.2812 20.9483 0
    endloop
  endfacet
  facet normal 0.908158 -0.418627 0
    outer loop
      vertex 89.673 -20.362 6
      vertex 89.7716 -20.1481 0
      vertex 89.7716 -20.1481 6
    endloop
  endfacet
  facet normal 0.908158 -0.418627 0
    outer loop
      vertex 89.7716 -20.1481 0
      vertex 89.673 -20.362 6
      vertex 89.673 -20.362 0
    endloop
  endfacet
  facet normal 0.980744 -0.1953 0
    outer loop
      vertex 89.9171 -19.7003 6
      vertex 89.9631 -19.4693 0
      vertex 89.9631 -19.4693 6
    endloop
  endfacet
  facet normal 0.980744 -0.1953 0
    outer loop
      vertex 89.9631 -19.4693 0
      vertex 89.9171 -19.7003 6
      vertex 89.9171 -19.7003 0
    endloop
  endfacet
  facet normal 0.555581 -0.831462 0
    outer loop
      vertex 88.5675 -21.5579 0
      vertex 88.7634 -21.427 6
      vertex 88.5675 -21.5579 6
    endloop
  endfacet
  facet normal 0.555581 -0.831462 0
    outer loop
      vertex 88.7634 -21.427 6
      vertex 88.5675 -21.5579 0
      vertex 88.7634 -21.427 0
    endloop
  endfacet
  facet normal 0.61919 0.785241 -0
    outer loop
      vertex 88.9483 21.2812 0
      vertex 88.7634 21.427 6
      vertex 88.9483 21.2812 6
    endloop
  endfacet
  facet normal 0.61919 0.785241 0
    outer loop
      vertex 88.7634 21.427 6
      vertex 88.9483 21.2812 0
      vertex 88.7634 21.427 0
    endloop
  endfacet
  facet normal -0.999225 0.0393578 0
    outer loop
      vertex -80.2585 -14.2158 0
      vertex -80.25 -14 6
      vertex -80.25 -14 0
    endloop
  endfacet
  facet normal -0.999225 0.0393578 0
    outer loop
      vertex -80.25 -14 6
      vertex -80.2585 -14.2158 0
      vertex -80.2585 -14.2158 6
    endloop
  endfacet
  facet normal -0.993055 -0.117647 0
    outer loop
      vertex -80.2585 -13.7842 0
      vertex -80.2839 -13.5698 6
      vertex -80.2839 -13.5698 0
    endloop
  endfacet
  facet normal -0.993055 -0.117647 0
    outer loop
      vertex -80.2839 -13.5698 6
      vertex -80.2585 -13.7842 0
      vertex -80.2585 -13.7842 6
    endloop
  endfacet
  facet normal -0.999225 -0.0393578 0
    outer loop
      vertex -80.25 -14 0
      vertex -80.2585 -13.7842 6
      vertex -80.2585 -13.7842 0
    endloop
  endfacet
  facet normal -0.999225 -0.0393578 0
    outer loop
      vertex -80.2585 -13.7842 6
      vertex -80.25 -14 0
      vertex -80.25 -14 6
    endloop
  endfacet
  facet normal -0.980812 -0.194958 0
    outer loop
      vertex -80.2839 -13.5698 0
      vertex -80.326 -13.358 6
      vertex -80.326 -13.358 0
    endloop
  endfacet
  facet normal -0.980812 -0.194958 0
    outer loop
      vertex -80.326 -13.358 6
      vertex -80.2839 -13.5698 0
      vertex -80.2839 -13.5698 6
    endloop
  endfacet
  facet normal -0.555769 -0.831337 0
    outer loop
      vertex -81.5631 -11.6552 0
      vertex -81.3836 -11.7752 6
      vertex -81.5631 -11.6552 6
    endloop
  endfacet
  facet normal -0.555769 -0.831337 -0
    outer loop
      vertex -81.3836 -11.7752 6
      vertex -81.5631 -11.6552 0
      vertex -81.3836 -11.7752 0
    endloop
  endfacet
  facet normal 0.488589 -0.872514 0
    outer loop
      vertex -84.4369 -11.6552 0
      vertex -84.2485 -11.5497 6
      vertex -84.4369 -11.6552 6
    endloop
  endfacet
  facet normal 0.488589 -0.872514 0
    outer loop
      vertex -84.2485 -11.5497 6
      vertex -84.4369 -11.6552 0
      vertex -84.2485 -11.5497 0
    endloop
  endfacet
  facet normal 0.938256 0.345941 0
    outer loop
      vertex -85.5407 -15.0524 6
      vertex -85.6154 -14.8498 0
      vertex -85.6154 -14.8498 6
    endloop
  endfacet
  facet normal 0.938256 0.345941 0
    outer loop
      vertex -85.6154 -14.8498 0
      vertex -85.5407 -15.0524 6
      vertex -85.5407 -15.0524 0
    endloop
  endfacet
  facet normal 0.785321 0.619089 0
    outer loop
      vertex -85.0911 -15.786 6
      vertex -85.2248 -15.6164 0
      vertex -85.2248 -15.6164 6
    endloop
  endfacet
  facet normal 0.785321 0.619089 0
    outer loop
      vertex -85.2248 -15.6164 0
      vertex -85.0911 -15.786 6
      vertex -85.0911 -15.786 0
    endloop
  endfacet
  facet normal 0.555769 0.831337 -0
    outer loop
      vertex -84.4369 -16.3448 0
      vertex -84.6164 -16.2248 6
      vertex -84.4369 -16.3448 6
    endloop
  endfacet
  facet normal 0.555769 0.831337 0
    outer loop
      vertex -84.6164 -16.2248 6
      vertex -84.4369 -16.3448 0
      vertex -84.6164 -16.2248 0
    endloop
  endfacet
  facet normal -0.938256 0.345941 0
    outer loop
      vertex -80.4593 -15.0524 0
      vertex -80.3846 -14.8498 6
      vertex -80.3846 -14.8498 0
    endloop
  endfacet
  facet normal -0.938256 0.345941 0
    outer loop
      vertex -80.3846 -14.8498 6
      vertex -80.4593 -15.0524 0
      vertex -80.4593 -15.0524 6
    endloop
  endfacet
  facet normal 0.962462 -0.271416 0
    outer loop
      vertex -85.674 -13.358 6
      vertex -85.6154 -13.1502 0
      vertex -85.6154 -13.1502 6
    endloop
  endfacet
  facet normal 0.962462 -0.271416 0
    outer loop
      vertex -85.6154 -13.1502 0
      vertex -85.674 -13.358 6
      vertex -85.674 -13.358 0
    endloop
  endfacet
  facet normal -0.0393578 0.999225 0
    outer loop
      vertex -82.7842 -16.7415 0
      vertex -83 -16.75 6
      vertex -82.7842 -16.7415 6
    endloop
  endfacet
  facet normal -0.0393578 0.999225 0
    outer loop
      vertex -83 -16.75 6
      vertex -82.7842 -16.7415 0
      vertex -83 -16.75 0
    endloop
  endfacet
  facet normal -0.194958 0.980812 0
    outer loop
      vertex -82.358 -16.674 0
      vertex -82.5698 -16.7161 6
      vertex -82.358 -16.674 6
    endloop
  endfacet
  facet normal -0.194958 0.980812 0
    outer loop
      vertex -82.5698 -16.7161 6
      vertex -82.358 -16.674 0
      vertex -82.5698 -16.7161 0
    endloop
  endfacet
  facet normal 0.194958 0.980812 -0
    outer loop
      vertex -83.4302 -16.7161 0
      vertex -83.642 -16.674 6
      vertex -83.4302 -16.7161 6
    endloop
  endfacet
  facet normal 0.194958 0.980812 0
    outer loop
      vertex -83.642 -16.674 6
      vertex -83.4302 -16.7161 0
      vertex -83.642 -16.674 0
    endloop
  endfacet
  facet normal -0.619089 0.785321 0
    outer loop
      vertex -81.214 -16.0911 0
      vertex -81.3836 -16.2248 6
      vertex -81.214 -16.0911 6
    endloop
  endfacet
  facet normal -0.619089 0.785321 0
    outer loop
      vertex -81.3836 -16.2248 6
      vertex -81.214 -16.0911 0
      vertex -81.3836 -16.2248 0
    endloop
  endfacet
  facet normal 0.271416 -0.962462 0
    outer loop
      vertex -83.8498 -11.3846 0
      vertex -83.642 -11.326 6
      vertex -83.8498 -11.3846 6
    endloop
  endfacet
  facet normal 0.271416 -0.962462 0
    outer loop
      vertex -83.642 -11.326 6
      vertex -83.8498 -11.3846 0
      vertex -83.642 -11.326 0
    endloop
  endfacet
  facet normal -0.872514 0.488589 0
    outer loop
      vertex -80.6552 -15.4369 0
      vertex -80.5497 -15.2485 6
      vertex -80.5497 -15.2485 0
    endloop
  endfacet
  facet normal -0.872514 0.488589 0
    outer loop
      vertex -80.5497 -15.2485 6
      vertex -80.6552 -15.4369 0
      vertex -80.6552 -15.4369 6
    endloop
  endfacet
  facet normal -0.785321 0.619089 0
    outer loop
      vertex -80.9089 -15.786 0
      vertex -80.7752 -15.6164 6
      vertex -80.7752 -15.6164 0
    endloop
  endfacet
  facet normal -0.785321 0.619089 0
    outer loop
      vertex -80.7752 -15.6164 6
      vertex -80.9089 -15.786 0
      vertex -80.9089 -15.786 6
    endloop
  endfacet
  facet normal 0.194958 -0.980812 0
    outer loop
      vertex -83.642 -11.326 0
      vertex -83.4302 -11.2839 6
      vertex -83.642 -11.326 6
    endloop
  endfacet
  facet normal 0.194958 -0.980812 0
    outer loop
      vertex -83.4302 -11.2839 6
      vertex -83.642 -11.326 0
      vertex -83.4302 -11.2839 0
    endloop
  endfacet
  facet normal -0.194958 -0.980812 0
    outer loop
      vertex -82.5698 -11.2839 0
      vertex -82.358 -11.326 6
      vertex -82.5698 -11.2839 6
    endloop
  endfacet
  facet normal -0.194958 -0.980812 -0
    outer loop
      vertex -82.358 -11.326 6
      vertex -82.5698 -11.2839 0
      vertex -82.358 -11.326 0
    endloop
  endfacet
  facet normal -0.271416 -0.962462 0
    outer loop
      vertex -82.358 -11.326 0
      vertex -82.1502 -11.3846 6
      vertex -82.358 -11.326 6
    endloop
  endfacet
  facet normal -0.271416 -0.962462 -0
    outer loop
      vertex -82.1502 -11.3846 6
      vertex -82.358 -11.326 0
      vertex -82.1502 -11.3846 0
    endloop
  endfacet
  facet normal -0.418647 -0.908149 0
    outer loop
      vertex -81.9476 -11.4593 0
      vertex -81.7515 -11.5497 6
      vertex -81.9476 -11.4593 6
    endloop
  endfacet
  facet normal -0.418647 -0.908149 -0
    outer loop
      vertex -81.7515 -11.5497 6
      vertex -81.9476 -11.4593 0
      vertex -81.7515 -11.5497 0
    endloop
  endfacet
  facet normal -0.418647 0.908149 0
    outer loop
      vertex -81.7515 -16.4503 0
      vertex -81.9476 -16.5407 6
      vertex -81.7515 -16.4503 6
    endloop
  endfacet
  facet normal -0.418647 0.908149 0
    outer loop
      vertex -81.9476 -16.5407 6
      vertex -81.7515 -16.4503 0
      vertex -81.9476 -16.5407 0
    endloop
  endfacet
  facet normal -0.679011 -0.734128 0
    outer loop
      vertex -81.214 -11.9089 0
      vertex -81.0555 -12.0555 6
      vertex -81.214 -11.9089 6
    endloop
  endfacet
  facet normal -0.679011 -0.734128 -0
    outer loop
      vertex -81.0555 -12.0555 6
      vertex -81.214 -11.9089 0
      vertex -81.0555 -12.0555 0
    endloop
  endfacet
  facet normal 0.345941 -0.938256 0
    outer loop
      vertex -84.0524 -11.4593 0
      vertex -83.8498 -11.3846 6
      vertex -84.0524 -11.4593 6
    endloop
  endfacet
  facet normal 0.345941 -0.938256 0
    outer loop
      vertex -83.8498 -11.3846 6
      vertex -84.0524 -11.4593 0
      vertex -83.8498 -11.3846 0
    endloop
  endfacet
  facet normal 0.999225 0.0393578 0
    outer loop
      vertex -85.7415 -14.2158 6
      vertex -85.75 -14 0
      vertex -85.75 -14 6
    endloop
  endfacet
  facet normal 0.999225 0.0393578 0
    outer loop
      vertex -85.75 -14 0
      vertex -85.7415 -14.2158 6
      vertex -85.7415 -14.2158 0
    endloop
  endfacet
  facet normal -0.345941 -0.938256 0
    outer loop
      vertex -82.1502 -11.3846 0
      vertex -81.9476 -11.4593 6
      vertex -82.1502 -11.3846 6
    endloop
  endfacet
  facet normal -0.345941 -0.938256 -0
    outer loop
      vertex -81.9476 -11.4593 6
      vertex -82.1502 -11.3846 0
      vertex -81.9476 -11.4593 0
    endloop
  endfacet
  facet normal 0.962462 0.271416 0
    outer loop
      vertex -85.6154 -14.8498 6
      vertex -85.674 -14.642 0
      vertex -85.674 -14.642 6
    endloop
  endfacet
  facet normal 0.962462 0.271416 0
    outer loop
      vertex -85.674 -14.642 0
      vertex -85.6154 -14.8498 6
      vertex -85.6154 -14.8498 0
    endloop
  endfacet
  facet normal 0.679011 -0.734128 0
    outer loop
      vertex -84.9445 -12.0555 0
      vertex -84.786 -11.9089 6
      vertex -84.9445 -12.0555 6
    endloop
  endfacet
  facet normal 0.679011 -0.734128 0
    outer loop
      vertex -84.786 -11.9089 6
      vertex -84.9445 -12.0555 0
      vertex -84.786 -11.9089 0
    endloop
  endfacet
  facet normal -0.831337 -0.555769 0
    outer loop
      vertex -80.6552 -12.5631 0
      vertex -80.7752 -12.3836 6
      vertex -80.7752 -12.3836 0
    endloop
  endfacet
  facet normal -0.831337 -0.555769 0
    outer loop
      vertex -80.7752 -12.3836 6
      vertex -80.6552 -12.5631 0
      vertex -80.6552 -12.5631 6
    endloop
  endfacet
  facet normal -0.117647 0.993055 0
    outer loop
      vertex -82.5698 -16.7161 0
      vertex -82.7842 -16.7415 6
      vertex -82.5698 -16.7161 6
    endloop
  endfacet
  facet normal -0.117647 0.993055 0
    outer loop
      vertex -82.7842 -16.7415 6
      vertex -82.5698 -16.7161 0
      vertex -82.7842 -16.7415 0
    endloop
  endfacet
  facet normal -0.271416 0.962462 0
    outer loop
      vertex -82.1502 -16.6154 0
      vertex -82.358 -16.674 6
      vertex -82.1502 -16.6154 6
    endloop
  endfacet
  facet normal -0.271416 0.962462 0
    outer loop
      vertex -82.358 -16.674 6
      vertex -82.1502 -16.6154 0
      vertex -82.358 -16.674 0
    endloop
  endfacet
  facet normal -0.785321 -0.619089 0
    outer loop
      vertex -80.7752 -12.3836 0
      vertex -80.9089 -12.214 6
      vertex -80.9089 -12.214 0
    endloop
  endfacet
  facet normal -0.785321 -0.619089 0
    outer loop
      vertex -80.9089 -12.214 6
      vertex -80.7752 -12.3836 0
      vertex -80.7752 -12.3836 6
    endloop
  endfacet
  facet normal 0.980812 -0.194958 0
    outer loop
      vertex -85.7161 -13.5698 6
      vertex -85.674 -13.358 0
      vertex -85.674 -13.358 6
    endloop
  endfacet
  facet normal 0.980812 -0.194958 0
    outer loop
      vertex -85.674 -13.358 0
      vertex -85.7161 -13.5698 6
      vertex -85.7161 -13.5698 0
    endloop
  endfacet
  facet normal -0.938256 -0.345941 0
    outer loop
      vertex -80.3846 -13.1502 0
      vertex -80.4593 -12.9476 6
      vertex -80.4593 -12.9476 0
    endloop
  endfacet
  facet normal -0.938256 -0.345941 0
    outer loop
      vertex -80.4593 -12.9476 6
      vertex -80.3846 -13.1502 0
      vertex -80.3846 -13.1502 6
    endloop
  endfacet
  facet normal -0.831337 0.555769 0
    outer loop
      vertex -80.7752 -15.6164 0
      vertex -80.6552 -15.4369 6
      vertex -80.6552 -15.4369 0
    endloop
  endfacet
  facet normal -0.831337 0.555769 0
    outer loop
      vertex -80.6552 -15.4369 6
      vertex -80.7752 -15.6164 0
      vertex -80.7752 -15.6164 6
    endloop
  endfacet
  facet normal -0.962462 -0.271416 0
    outer loop
      vertex -80.326 -13.358 0
      vertex -80.3846 -13.1502 6
      vertex -80.3846 -13.1502 0
    endloop
  endfacet
  facet normal -0.962462 -0.271416 0
    outer loop
      vertex -80.3846 -13.1502 6
      vertex -80.326 -13.358 0
      vertex -80.326 -13.358 6
    endloop
  endfacet
  facet normal 0.785321 -0.619089 0
    outer loop
      vertex -85.2248 -12.3836 6
      vertex -85.0911 -12.214 0
      vertex -85.0911 -12.214 6
    endloop
  endfacet
  facet normal 0.785321 -0.619089 0
    outer loop
      vertex -85.0911 -12.214 0
      vertex -85.2248 -12.3836 6
      vertex -85.2248 -12.3836 0
    endloop
  endfacet
  facet normal 0.734128 0.679011 0
    outer loop
      vertex -84.9445 -15.9445 6
      vertex -85.0911 -15.786 0
      vertex -85.0911 -15.786 6
    endloop
  endfacet
  facet normal 0.734128 0.679011 0
    outer loop
      vertex -85.0911 -15.786 0
      vertex -84.9445 -15.9445 6
      vertex -84.9445 -15.9445 0
    endloop
  endfacet
  facet normal -0.962462 0.271416 0
    outer loop
      vertex -80.3846 -14.8498 0
      vertex -80.326 -14.642 6
      vertex -80.326 -14.642 0
    endloop
  endfacet
  facet normal -0.962462 0.271416 0
    outer loop
      vertex -80.326 -14.642 6
      vertex -80.3846 -14.8498 0
      vertex -80.3846 -14.8498 6
    endloop
  endfacet
  facet normal -0.980812 0.194958 0
    outer loop
      vertex -80.326 -14.642 0
      vertex -80.2839 -14.4302 6
      vertex -80.2839 -14.4302 0
    endloop
  endfacet
  facet normal -0.980812 0.194958 0
    outer loop
      vertex -80.2839 -14.4302 6
      vertex -80.326 -14.642 0
      vertex -80.326 -14.642 6
    endloop
  endfacet
  facet normal -0.908149 0.418647 0
    outer loop
      vertex -80.5497 -15.2485 0
      vertex -80.4593 -15.0524 6
      vertex -80.4593 -15.0524 0
    endloop
  endfacet
  facet normal -0.908149 0.418647 0
    outer loop
      vertex -80.4593 -15.0524 6
      vertex -80.5497 -15.2485 0
      vertex -80.5497 -15.2485 6
    endloop
  endfacet
  facet normal -0.993055 0.117647 0
    outer loop
      vertex -80.2839 -14.4302 0
      vertex -80.2585 -14.2158 6
      vertex -80.2585 -14.2158 0
    endloop
  endfacet
  facet normal -0.993055 0.117647 0
    outer loop
      vertex -80.2585 -14.2158 6
      vertex -80.2839 -14.4302 0
      vertex -80.2839 -14.4302 6
    endloop
  endfacet
  facet normal -0.619089 -0.785321 0
    outer loop
      vertex -81.3836 -11.7752 0
      vertex -81.214 -11.9089 6
      vertex -81.3836 -11.7752 6
    endloop
  endfacet
  facet normal -0.619089 -0.785321 -0
    outer loop
      vertex -81.214 -11.9089 6
      vertex -81.3836 -11.7752 0
      vertex -81.214 -11.9089 0
    endloop
  endfacet
  facet normal 0.993055 0.117647 0
    outer loop
      vertex -85.7161 -14.4302 6
      vertex -85.7415 -14.2158 0
      vertex -85.7415 -14.2158 6
    endloop
  endfacet
  facet normal 0.993055 0.117647 0
    outer loop
      vertex -85.7415 -14.2158 0
      vertex -85.7161 -14.4302 6
      vertex -85.7161 -14.4302 0
    endloop
  endfacet
  facet normal 0.872514 0.488589 0
    outer loop
      vertex -85.3448 -15.4369 6
      vertex -85.4503 -15.2485 0
      vertex -85.4503 -15.2485 6
    endloop
  endfacet
  facet normal 0.872514 0.488589 0
    outer loop
      vertex -85.4503 -15.2485 0
      vertex -85.3448 -15.4369 6
      vertex -85.3448 -15.4369 0
    endloop
  endfacet
  facet normal 0.117647 0.993055 -0
    outer loop
      vertex -83.2158 -16.7415 0
      vertex -83.4302 -16.7161 6
      vertex -83.2158 -16.7415 6
    endloop
  endfacet
  facet normal 0.117647 0.993055 0
    outer loop
      vertex -83.4302 -16.7161 6
      vertex -83.2158 -16.7415 0
      vertex -83.4302 -16.7161 0
    endloop
  endfacet
  facet normal -0.117647 -0.993055 0
    outer loop
      vertex -82.7842 -11.2585 0
      vertex -82.5698 -11.2839 6
      vertex -82.7842 -11.2585 6
    endloop
  endfacet
  facet normal -0.117647 -0.993055 -0
    outer loop
      vertex -82.5698 -11.2839 6
      vertex -82.7842 -11.2585 0
      vertex -82.5698 -11.2839 0
    endloop
  endfacet
  facet normal 0.679011 0.734128 -0
    outer loop
      vertex -84.786 -16.0911 0
      vertex -84.9445 -15.9445 6
      vertex -84.786 -16.0911 6
    endloop
  endfacet
  facet normal 0.679011 0.734128 0
    outer loop
      vertex -84.9445 -15.9445 6
      vertex -84.786 -16.0911 0
      vertex -84.9445 -15.9445 0
    endloop
  endfacet
  facet normal 0.271416 0.962462 -0
    outer loop
      vertex -83.642 -16.674 0
      vertex -83.8498 -16.6154 6
      vertex -83.642 -16.674 6
    endloop
  endfacet
  facet normal 0.271416 0.962462 0
    outer loop
      vertex -83.8498 -16.6154 6
      vertex -83.642 -16.674 0
      vertex -83.8498 -16.6154 0
    endloop
  endfacet
  facet normal -0.872514 -0.488589 0
    outer loop
      vertex -80.5497 -12.7515 0
      vertex -80.6552 -12.5631 6
      vertex -80.6552 -12.5631 0
    endloop
  endfacet
  facet normal -0.872514 -0.488589 0
    outer loop
      vertex -80.6552 -12.5631 6
      vertex -80.5497 -12.7515 0
      vertex -80.5497 -12.7515 6
    endloop
  endfacet
  facet normal 0.619089 -0.785321 0
    outer loop
      vertex -84.786 -11.9089 0
      vertex -84.6164 -11.7752 6
      vertex -84.786 -11.9089 6
    endloop
  endfacet
  facet normal 0.619089 -0.785321 0
    outer loop
      vertex -84.6164 -11.7752 6
      vertex -84.786 -11.9089 0
      vertex -84.6164 -11.7752 0
    endloop
  endfacet
  facet normal 0.0393578 -0.999225 0
    outer loop
      vertex -83.2158 -11.2585 0
      vertex -83 -11.25 6
      vertex -83.2158 -11.2585 6
    endloop
  endfacet
  facet normal 0.0393578 -0.999225 0
    outer loop
      vertex -83 -11.25 6
      vertex -83.2158 -11.2585 0
      vertex -83 -11.25 0
    endloop
  endfacet
  facet normal 0.555769 -0.831337 0
    outer loop
      vertex -84.6164 -11.7752 0
      vertex -84.4369 -11.6552 6
      vertex -84.6164 -11.7752 6
    endloop
  endfacet
  facet normal 0.555769 -0.831337 0
    outer loop
      vertex -84.4369 -11.6552 6
      vertex -84.6164 -11.7752 0
      vertex -84.4369 -11.6552 0
    endloop
  endfacet
  facet normal 0.872514 -0.488589 0
    outer loop
      vertex -85.4503 -12.7515 6
      vertex -85.3448 -12.5631 0
      vertex -85.3448 -12.5631 6
    endloop
  endfacet
  facet normal 0.872514 -0.488589 0
    outer loop
      vertex -85.3448 -12.5631 0
      vertex -85.4503 -12.7515 6
      vertex -85.4503 -12.7515 0
    endloop
  endfacet
  facet normal -0.734128 0.679011 0
    outer loop
      vertex -81.0555 -15.9445 0
      vertex -80.9089 -15.786 6
      vertex -80.9089 -15.786 0
    endloop
  endfacet
  facet normal -0.734128 0.679011 0
    outer loop
      vertex -80.9089 -15.786 6
      vertex -81.0555 -15.9445 0
      vertex -81.0555 -15.9445 6
    endloop
  endfacet
  facet normal 0.734128 -0.679011 0
    outer loop
      vertex -85.0911 -12.214 6
      vertex -84.9445 -12.0555 0
      vertex -84.9445 -12.0555 6
    endloop
  endfacet
  facet normal 0.734128 -0.679011 0
    outer loop
      vertex -84.9445 -12.0555 0
      vertex -85.0911 -12.214 6
      vertex -85.0911 -12.214 0
    endloop
  endfacet
  facet normal -0.555769 0.831337 0
    outer loop
      vertex -81.3836 -16.2248 0
      vertex -81.5631 -16.3448 6
      vertex -81.3836 -16.2248 6
    endloop
  endfacet
  facet normal -0.555769 0.831337 0
    outer loop
      vertex -81.5631 -16.3448 6
      vertex -81.3836 -16.2248 0
      vertex -81.5631 -16.3448 0
    endloop
  endfacet
  facet normal 0.117647 -0.993055 0
    outer loop
      vertex -83.4302 -11.2839 0
      vertex -83.2158 -11.2585 6
      vertex -83.4302 -11.2839 6
    endloop
  endfacet
  facet normal 0.117647 -0.993055 0
    outer loop
      vertex -83.2158 -11.2585 6
      vertex -83.4302 -11.2839 0
      vertex -83.2158 -11.2585 0
    endloop
  endfacet
  facet normal -0.488589 -0.872514 0
    outer loop
      vertex -81.7515 -11.5497 0
      vertex -81.5631 -11.6552 6
      vertex -81.7515 -11.5497 6
    endloop
  endfacet
  facet normal -0.488589 -0.872514 -0
    outer loop
      vertex -81.5631 -11.6552 6
      vertex -81.7515 -11.5497 0
      vertex -81.5631 -11.6552 0
    endloop
  endfacet
  facet normal -0.488589 0.872514 0
    outer loop
      vertex -81.5631 -16.3448 0
      vertex -81.7515 -16.4503 6
      vertex -81.5631 -16.3448 6
    endloop
  endfacet
  facet normal -0.488589 0.872514 0
    outer loop
      vertex -81.7515 -16.4503 6
      vertex -81.5631 -16.3448 0
      vertex -81.7515 -16.4503 0
    endloop
  endfacet
  facet normal -0.345941 0.938256 0
    outer loop
      vertex -81.9476 -16.5407 0
      vertex -82.1502 -16.6154 6
      vertex -81.9476 -16.5407 6
    endloop
  endfacet
  facet normal -0.345941 0.938256 0
    outer loop
      vertex -82.1502 -16.6154 6
      vertex -81.9476 -16.5407 0
      vertex -82.1502 -16.6154 0
    endloop
  endfacet
  facet normal 0.993055 -0.117647 0
    outer loop
      vertex -85.7415 -13.7842 6
      vertex -85.7161 -13.5698 0
      vertex -85.7161 -13.5698 6
    endloop
  endfacet
  facet normal 0.993055 -0.117647 0
    outer loop
      vertex -85.7161 -13.5698 0
      vertex -85.7415 -13.7842 6
      vertex -85.7415 -13.7842 0
    endloop
  endfacet
  facet normal -0.734128 -0.679011 0
    outer loop
      vertex -80.9089 -12.214 0
      vertex -81.0555 -12.0555 6
      vertex -81.0555 -12.0555 0
    endloop
  endfacet
  facet normal -0.734128 -0.679011 0
    outer loop
      vertex -81.0555 -12.0555 6
      vertex -80.9089 -12.214 0
      vertex -80.9089 -12.214 6
    endloop
  endfacet
  facet normal 0.980812 0.194958 0
    outer loop
      vertex -85.674 -14.642 6
      vertex -85.7161 -14.4302 0
      vertex -85.7161 -14.4302 6
    endloop
  endfacet
  facet normal 0.980812 0.194958 0
    outer loop
      vertex -85.7161 -14.4302 0
      vertex -85.674 -14.642 6
      vertex -85.674 -14.642 0
    endloop
  endfacet
  facet normal -0.908149 -0.418647 0
    outer loop
      vertex -80.4593 -12.9476 0
      vertex -80.5497 -12.7515 6
      vertex -80.5497 -12.7515 0
    endloop
  endfacet
  facet normal -0.908149 -0.418647 0
    outer loop
      vertex -80.5497 -12.7515 6
      vertex -80.4593 -12.9476 0
      vertex -80.4593 -12.9476 6
    endloop
  endfacet
  facet normal 0.908149 0.418647 0
    outer loop
      vertex -85.4503 -15.2485 6
      vertex -85.5407 -15.0524 0
      vertex -85.5407 -15.0524 6
    endloop
  endfacet
  facet normal 0.908149 0.418647 0
    outer loop
      vertex -85.5407 -15.0524 0
      vertex -85.4503 -15.2485 6
      vertex -85.4503 -15.2485 0
    endloop
  endfacet
  facet normal 0.938256 -0.345941 0
    outer loop
      vertex -85.6154 -13.1502 6
      vertex -85.5407 -12.9476 0
      vertex -85.5407 -12.9476 6
    endloop
  endfacet
  facet normal 0.938256 -0.345941 0
    outer loop
      vertex -85.5407 -12.9476 0
      vertex -85.6154 -13.1502 6
      vertex -85.6154 -13.1502 0
    endloop
  endfacet
  facet normal 0.619089 0.785321 -0
    outer loop
      vertex -84.6164 -16.2248 0
      vertex -84.786 -16.0911 6
      vertex -84.6164 -16.2248 6
    endloop
  endfacet
  facet normal 0.619089 0.785321 0
    outer loop
      vertex -84.786 -16.0911 6
      vertex -84.6164 -16.2248 0
      vertex -84.786 -16.0911 0
    endloop
  endfacet
  facet normal 0.418647 -0.908149 0
    outer loop
      vertex -84.2485 -11.5497 0
      vertex -84.0524 -11.4593 6
      vertex -84.2485 -11.5497 6
    endloop
  endfacet
  facet normal 0.418647 -0.908149 0
    outer loop
      vertex -84.0524 -11.4593 6
      vertex -84.2485 -11.5497 0
      vertex -84.0524 -11.4593 0
    endloop
  endfacet
  facet normal 0.345941 0.938256 -0
    outer loop
      vertex -83.8498 -16.6154 0
      vertex -84.0524 -16.5407 6
      vertex -83.8498 -16.6154 6
    endloop
  endfacet
  facet normal 0.345941 0.938256 0
    outer loop
      vertex -84.0524 -16.5407 6
      vertex -83.8498 -16.6154 0
      vertex -84.0524 -16.5407 0
    endloop
  endfacet
  facet normal 0.999225 -0.0393578 0
    outer loop
      vertex -85.75 -14 6
      vertex -85.7415 -13.7842 0
      vertex -85.7415 -13.7842 6
    endloop
  endfacet
  facet normal 0.999225 -0.0393578 0
    outer loop
      vertex -85.7415 -13.7842 0
      vertex -85.75 -14 6
      vertex -85.75 -14 0
    endloop
  endfacet
  facet normal -0.679011 0.734128 0
    outer loop
      vertex -81.0555 -15.9445 0
      vertex -81.214 -16.0911 6
      vertex -81.0555 -15.9445 6
    endloop
  endfacet
  facet normal -0.679011 0.734128 0
    outer loop
      vertex -81.214 -16.0911 6
      vertex -81.0555 -15.9445 0
      vertex -81.214 -16.0911 0
    endloop
  endfacet
  facet normal 0.908149 -0.418647 0
    outer loop
      vertex -85.5407 -12.9476 6
      vertex -85.4503 -12.7515 0
      vertex -85.4503 -12.7515 6
    endloop
  endfacet
  facet normal 0.908149 -0.418647 0
    outer loop
      vertex -85.4503 -12.7515 0
      vertex -85.5407 -12.9476 6
      vertex -85.5407 -12.9476 0
    endloop
  endfacet
  facet normal 0.0393578 0.999225 -0
    outer loop
      vertex -83 -16.75 0
      vertex -83.2158 -16.7415 6
      vertex -83 -16.75 6
    endloop
  endfacet
  facet normal 0.0393578 0.999225 0
    outer loop
      vertex -83.2158 -16.7415 6
      vertex -83 -16.75 0
      vertex -83.2158 -16.7415 0
    endloop
  endfacet
  facet normal 0.488589 0.872514 -0
    outer loop
      vertex -84.2485 -16.4503 0
      vertex -84.4369 -16.3448 6
      vertex -84.2485 -16.4503 6
    endloop
  endfacet
  facet normal 0.488589 0.872514 0
    outer loop
      vertex -84.4369 -16.3448 6
      vertex -84.2485 -16.4503 0
      vertex -84.4369 -16.3448 0
    endloop
  endfacet
  facet normal -0.0393578 -0.999225 0
    outer loop
      vertex -83 -11.25 0
      vertex -82.7842 -11.2585 6
      vertex -83 -11.25 6
    endloop
  endfacet
  facet normal -0.0393578 -0.999225 -0
    outer loop
      vertex -82.7842 -11.2585 6
      vertex -83 -11.25 0
      vertex -82.7842 -11.2585 0
    endloop
  endfacet
  facet normal 0.418647 0.908149 -0
    outer loop
      vertex -84.0524 -16.5407 0
      vertex -84.2485 -16.4503 6
      vertex -84.0524 -16.5407 6
    endloop
  endfacet
  facet normal 0.418647 0.908149 0
    outer loop
      vertex -84.2485 -16.4503 6
      vertex -84.0524 -16.5407 0
      vertex -84.2485 -16.4503 0
    endloop
  endfacet
  facet normal 0.831337 0.555769 0
    outer loop
      vertex -85.2248 -15.6164 6
      vertex -85.3448 -15.4369 0
      vertex -85.3448 -15.4369 6
    endloop
  endfacet
  facet normal 0.831337 0.555769 0
    outer loop
      vertex -85.3448 -15.4369 0
      vertex -85.2248 -15.6164 6
      vertex -85.2248 -15.6164 0
    endloop
  endfacet
  facet normal 0.831337 -0.555769 0
    outer loop
      vertex -85.3448 -12.5631 6
      vertex -85.2248 -12.3836 0
      vertex -85.2248 -12.3836 6
    endloop
  endfacet
  facet normal 0.831337 -0.555769 0
    outer loop
      vertex -85.2248 -12.3836 0
      vertex -85.3448 -12.5631 6
      vertex -85.3448 -12.5631 0
    endloop
  endfacet
  facet normal -0.908149 -0.418647 0
    outer loop
      vertex -80.4593 15.0524 0
      vertex -80.5497 15.2485 6
      vertex -80.5497 15.2485 0
    endloop
  endfacet
  facet normal -0.908149 -0.418647 0
    outer loop
      vertex -80.5497 15.2485 6
      vertex -80.4593 15.0524 0
      vertex -80.4593 15.0524 6
    endloop
  endfacet
  facet normal -0.993055 -0.117647 0
    outer loop
      vertex -80.2585 14.2158 0
      vertex -80.2839 14.4302 6
      vertex -80.2839 14.4302 0
    endloop
  endfacet
  facet normal -0.993055 -0.117647 0
    outer loop
      vertex -80.2839 14.4302 6
      vertex -80.2585 14.2158 0
      vertex -80.2585 14.2158 6
    endloop
  endfacet
  facet normal -0.999225 -0.0393578 0
    outer loop
      vertex -80.25 14 0
      vertex -80.2585 14.2158 6
      vertex -80.2585 14.2158 0
    endloop
  endfacet
  facet normal -0.999225 -0.0393578 0
    outer loop
      vertex -80.2585 14.2158 6
      vertex -80.25 14 0
      vertex -80.25 14 6
    endloop
  endfacet
  facet normal -0.980812 -0.194958 0
    outer loop
      vertex -80.2839 14.4302 0
      vertex -80.326 14.642 6
      vertex -80.326 14.642 0
    endloop
  endfacet
  facet normal -0.980812 -0.194958 0
    outer loop
      vertex -80.326 14.642 6
      vertex -80.2839 14.4302 0
      vertex -80.2839 14.4302 6
    endloop
  endfacet
  facet normal -0.785321 0.619089 0
    outer loop
      vertex -80.9089 12.214 0
      vertex -80.7752 12.3836 6
      vertex -80.7752 12.3836 0
    endloop
  endfacet
  facet normal -0.785321 0.619089 0
    outer loop
      vertex -80.7752 12.3836 6
      vertex -80.9089 12.214 0
      vertex -80.9089 12.214 6
    endloop
  endfacet
  facet normal 0.831337 -0.555769 0
    outer loop
      vertex -85.3448 15.4369 6
      vertex -85.2248 15.6164 0
      vertex -85.2248 15.6164 6
    endloop
  endfacet
  facet normal 0.831337 -0.555769 0
    outer loop
      vertex -85.2248 15.6164 0
      vertex -85.3448 15.4369 6
      vertex -85.3448 15.4369 0
    endloop
  endfacet
  facet normal 0.785321 0.619089 0
    outer loop
      vertex -85.0911 12.214 6
      vertex -85.2248 12.3836 0
      vertex -85.2248 12.3836 6
    endloop
  endfacet
  facet normal 0.785321 0.619089 0
    outer loop
      vertex -85.2248 12.3836 0
      vertex -85.0911 12.214 6
      vertex -85.0911 12.214 0
    endloop
  endfacet
  facet normal 0.938256 -0.345941 0
    outer loop
      vertex -85.6154 14.8498 6
      vertex -85.5407 15.0524 0
      vertex -85.5407 15.0524 6
    endloop
  endfacet
  facet normal 0.938256 -0.345941 0
    outer loop
      vertex -85.5407 15.0524 0
      vertex -85.6154 14.8498 6
      vertex -85.6154 14.8498 0
    endloop
  endfacet
  facet normal 0.908149 -0.418647 0
    outer loop
      vertex -85.5407 15.0524 6
      vertex -85.4503 15.2485 0
      vertex -85.4503 15.2485 6
    endloop
  endfacet
  facet normal 0.908149 -0.418647 0
    outer loop
      vertex -85.4503 15.2485 0
      vertex -85.5407 15.0524 6
      vertex -85.5407 15.0524 0
    endloop
  endfacet
  facet normal -0.962462 0.271416 0
    outer loop
      vertex -80.3846 13.1502 0
      vertex -80.326 13.358 6
      vertex -80.326 13.358 0
    endloop
  endfacet
  facet normal -0.962462 0.271416 0
    outer loop
      vertex -80.326 13.358 6
      vertex -80.3846 13.1502 0
      vertex -80.3846 13.1502 6
    endloop
  endfacet
  facet normal 0.993055 0.117647 0
    outer loop
      vertex -85.7161 13.5698 6
      vertex -85.7415 13.7842 0
      vertex -85.7415 13.7842 6
    endloop
  endfacet
  facet normal 0.993055 0.117647 0
    outer loop
      vertex -85.7415 13.7842 0
      vertex -85.7161 13.5698 6
      vertex -85.7161 13.5698 0
    endloop
  endfacet
  facet normal -0.345941 -0.938256 0
    outer loop
      vertex -82.1502 16.6154 0
      vertex -81.9476 16.5407 6
      vertex -82.1502 16.6154 6
    endloop
  endfacet
  facet normal -0.345941 -0.938256 -0
    outer loop
      vertex -81.9476 16.5407 6
      vertex -82.1502 16.6154 0
      vertex -81.9476 16.5407 0
    endloop
  endfacet
  facet normal -0.194958 0.980812 0
    outer loop
      vertex -82.358 11.326 0
      vertex -82.5698 11.2839 6
      vertex -82.358 11.326 6
    endloop
  endfacet
  facet normal -0.194958 0.980812 0
    outer loop
      vertex -82.5698 11.2839 6
      vertex -82.358 11.326 0
      vertex -82.5698 11.2839 0
    endloop
  endfacet
  facet normal -0.0393578 0.999225 0
    outer loop
      vertex -82.7842 11.2585 0
      vertex -83 11.25 6
      vertex -82.7842 11.2585 6
    endloop
  endfacet
  facet normal -0.0393578 0.999225 0
    outer loop
      vertex -83 11.25 6
      vertex -82.7842 11.2585 0
      vertex -83 11.25 0
    endloop
  endfacet
  facet normal 0.999225 0.0393578 0
    outer loop
      vertex -85.7415 13.7842 6
      vertex -85.75 14 0
      vertex -85.75 14 6
    endloop
  endfacet
  facet normal 0.999225 0.0393578 0
    outer loop
      vertex -85.75 14 0
      vertex -85.7415 13.7842 6
      vertex -85.7415 13.7842 0
    endloop
  endfacet
  facet normal -0.734128 0.679011 0
    outer loop
      vertex -81.0555 12.0555 0
      vertex -80.9089 12.214 6
      vertex -80.9089 12.214 0
    endloop
  endfacet
  facet normal -0.734128 0.679011 0
    outer loop
      vertex -80.9089 12.214 6
      vertex -81.0555 12.0555 0
      vertex -81.0555 12.0555 6
    endloop
  endfacet
  facet normal -0.194958 -0.980812 0
    outer loop
      vertex -82.5698 16.7161 0
      vertex -82.358 16.674 6
      vertex -82.5698 16.7161 6
    endloop
  endfacet
  facet normal -0.194958 -0.980812 -0
    outer loop
      vertex -82.358 16.674 6
      vertex -82.5698 16.7161 0
      vertex -82.358 16.674 0
    endloop
  endfacet
  facet normal 0.619089 -0.785321 0
    outer loop
      vertex -84.786 16.0911 0
      vertex -84.6164 16.2248 6
      vertex -84.786 16.0911 6
    endloop
  endfacet
  facet normal 0.619089 -0.785321 0
    outer loop
      vertex -84.6164 16.2248 6
      vertex -84.786 16.0911 0
      vertex -84.6164 16.2248 0
    endloop
  endfacet
  facet normal -0.785321 -0.619089 0
    outer loop
      vertex -80.7752 15.6164 0
      vertex -80.9089 15.786 6
      vertex -80.9089 15.786 0
    endloop
  endfacet
  facet normal -0.785321 -0.619089 0
    outer loop
      vertex -80.9089 15.786 6
      vertex -80.7752 15.6164 0
      vertex -80.7752 15.6164 6
    endloop
  endfacet
  facet normal 0.555769 0.831337 -0
    outer loop
      vertex -84.4369 11.6552 0
      vertex -84.6164 11.7752 6
      vertex -84.4369 11.6552 6
    endloop
  endfacet
  facet normal 0.555769 0.831337 0
    outer loop
      vertex -84.6164 11.7752 6
      vertex -84.4369 11.6552 0
      vertex -84.6164 11.7752 0
    endloop
  endfacet
  facet normal -0.555769 -0.831337 0
    outer loop
      vertex -81.5631 16.3448 0
      vertex -81.3836 16.2248 6
      vertex -81.5631 16.3448 6
    endloop
  endfacet
  facet normal -0.555769 -0.831337 -0
    outer loop
      vertex -81.3836 16.2248 6
      vertex -81.5631 16.3448 0
      vertex -81.3836 16.2248 0
    endloop
  endfacet
  facet normal -0.980812 0.194958 0
    outer loop
      vertex -80.326 13.358 0
      vertex -80.2839 13.5698 6
      vertex -80.2839 13.5698 0
    endloop
  endfacet
  facet normal -0.980812 0.194958 0
    outer loop
      vertex -80.2839 13.5698 6
      vertex -80.326 13.358 0
      vertex -80.326 13.358 6
    endloop
  endfacet
  facet normal 0.488589 0.872514 -0
    outer loop
      vertex -84.2485 11.5497 0
      vertex -84.4369 11.6552 6
      vertex -84.2485 11.5497 6
    endloop
  endfacet
  facet normal 0.488589 0.872514 0
    outer loop
      vertex -84.4369 11.6552 6
      vertex -84.2485 11.5497 0
      vertex -84.4369 11.6552 0
    endloop
  endfacet
  facet normal -0.831337 -0.555769 0
    outer loop
      vertex -80.6552 15.4369 0
      vertex -80.7752 15.6164 6
      vertex -80.7752 15.6164 0
    endloop
  endfacet
  facet normal -0.831337 -0.555769 0
    outer loop
      vertex -80.7752 15.6164 6
      vertex -80.6552 15.4369 0
      vertex -80.6552 15.4369 6
    endloop
  endfacet
  facet normal 0.962462 0.271416 0
    outer loop
      vertex -85.6154 13.1502 6
      vertex -85.674 13.358 0
      vertex -85.674 13.358 6
    endloop
  endfacet
  facet normal 0.962462 0.271416 0
    outer loop
      vertex -85.674 13.358 0
      vertex -85.6154 13.1502 6
      vertex -85.6154 13.1502 0
    endloop
  endfacet
  facet normal -0.271416 0.962462 0
    outer loop
      vertex -82.1502 11.3846 0
      vertex -82.358 11.326 6
      vertex -82.1502 11.3846 6
    endloop
  endfacet
  facet normal -0.271416 0.962462 0
    outer loop
      vertex -82.358 11.326 6
      vertex -82.1502 11.3846 0
      vertex -82.358 11.326 0
    endloop
  endfacet
  facet normal 0.117647 -0.993055 0
    outer loop
      vertex -83.4302 16.7161 0
      vertex -83.2158 16.7415 6
      vertex -83.4302 16.7161 6
    endloop
  endfacet
  facet normal 0.117647 -0.993055 0
    outer loop
      vertex -83.2158 16.7415 6
      vertex -83.4302 16.7161 0
      vertex -83.2158 16.7415 0
    endloop
  endfacet
  facet normal 0.999225 -0.0393578 0
    outer loop
      vertex -85.75 14 6
      vertex -85.7415 14.2158 0
      vertex -85.7415 14.2158 6
    endloop
  endfacet
  facet normal 0.999225 -0.0393578 0
    outer loop
      vertex -85.7415 14.2158 0
      vertex -85.75 14 6
      vertex -85.75 14 0
    endloop
  endfacet
  facet normal -0.619089 -0.785321 0
    outer loop
      vertex -81.3836 16.2248 0
      vertex -81.214 16.0911 6
      vertex -81.3836 16.2248 6
    endloop
  endfacet
  facet normal -0.619089 -0.785321 -0
    outer loop
      vertex -81.214 16.0911 6
      vertex -81.3836 16.2248 0
      vertex -81.214 16.0911 0
    endloop
  endfacet
  facet normal 0.271416 -0.962462 0
    outer loop
      vertex -83.8498 16.6154 0
      vertex -83.642 16.674 6
      vertex -83.8498 16.6154 6
    endloop
  endfacet
  facet normal 0.271416 -0.962462 0
    outer loop
      vertex -83.642 16.674 6
      vertex -83.8498 16.6154 0
      vertex -83.642 16.674 0
    endloop
  endfacet
  facet normal -0.831337 0.555769 0
    outer loop
      vertex -80.7752 12.3836 0
      vertex -80.6552 12.5631 6
      vertex -80.6552 12.5631 0
    endloop
  endfacet
  facet normal -0.831337 0.555769 0
    outer loop
      vertex -80.6552 12.5631 6
      vertex -80.7752 12.3836 0
      vertex -80.7752 12.3836 6
    endloop
  endfacet
  facet normal 0.785321 -0.619089 0
    outer loop
      vertex -85.2248 15.6164 6
      vertex -85.0911 15.786 0
      vertex -85.0911 15.786 6
    endloop
  endfacet
  facet normal 0.785321 -0.619089 0
    outer loop
      vertex -85.0911 15.786 0
      vertex -85.2248 15.6164 6
      vertex -85.2248 15.6164 0
    endloop
  endfacet
  facet normal 0.488589 -0.872514 0
    outer loop
      vertex -84.4369 16.3448 0
      vertex -84.2485 16.4503 6
      vertex -84.4369 16.3448 6
    endloop
  endfacet
  facet normal 0.488589 -0.872514 0
    outer loop
      vertex -84.2485 16.4503 6
      vertex -84.4369 16.3448 0
      vertex -84.2485 16.4503 0
    endloop
  endfacet
  facet normal -0.872514 -0.488589 0
    outer loop
      vertex -80.5497 15.2485 0
      vertex -80.6552 15.4369 6
      vertex -80.6552 15.4369 0
    endloop
  endfacet
  facet normal -0.872514 -0.488589 0
    outer loop
      vertex -80.6552 15.4369 6
      vertex -80.5497 15.2485 0
      vertex -80.5497 15.2485 6
    endloop
  endfacet
  facet normal 0.194958 -0.980812 0
    outer loop
      vertex -83.642 16.674 0
      vertex -83.4302 16.7161 6
      vertex -83.642 16.674 6
    endloop
  endfacet
  facet normal 0.194958 -0.980812 0
    outer loop
      vertex -83.4302 16.7161 6
      vertex -83.642 16.674 0
      vertex -83.4302 16.7161 0
    endloop
  endfacet
  facet normal 0.679011 0.734128 -0
    outer loop
      vertex -84.786 11.9089 0
      vertex -84.9445 12.0555 6
      vertex -84.786 11.9089 6
    endloop
  endfacet
  facet normal 0.679011 0.734128 0
    outer loop
      vertex -84.9445 12.0555 6
      vertex -84.786 11.9089 0
      vertex -84.9445 12.0555 0
    endloop
  endfacet
  facet normal -0.962462 -0.271416 0
    outer loop
      vertex -80.326 14.642 0
      vertex -80.3846 14.8498 6
      vertex -80.3846 14.8498 0
    endloop
  endfacet
  facet normal -0.962462 -0.271416 0
    outer loop
      vertex -80.3846 14.8498 6
      vertex -80.326 14.642 0
      vertex -80.326 14.642 6
    endloop
  endfacet
  facet normal -0.679011 -0.734128 0
    outer loop
      vertex -81.214 16.0911 0
      vertex -81.0555 15.9445 6
      vertex -81.214 16.0911 6
    endloop
  endfacet
  facet normal -0.679011 -0.734128 -0
    outer loop
      vertex -81.0555 15.9445 6
      vertex -81.214 16.0911 0
      vertex -81.0555 15.9445 0
    endloop
  endfacet
  facet normal 0.734128 -0.679011 0
    outer loop
      vertex -85.0911 15.786 6
      vertex -84.9445 15.9445 0
      vertex -84.9445 15.9445 6
    endloop
  endfacet
  facet normal 0.734128 -0.679011 0
    outer loop
      vertex -84.9445 15.9445 0
      vertex -85.0911 15.786 6
      vertex -85.0911 15.786 0
    endloop
  endfacet
  facet normal -0.872514 0.488589 0
    outer loop
      vertex -80.6552 12.5631 0
      vertex -80.5497 12.7515 6
      vertex -80.5497 12.7515 0
    endloop
  endfacet
  facet normal -0.872514 0.488589 0
    outer loop
      vertex -80.5497 12.7515 6
      vertex -80.6552 12.5631 0
      vertex -80.6552 12.5631 6
    endloop
  endfacet
  facet normal 0.117647 0.993055 -0
    outer loop
      vertex -83.2158 11.2585 0
      vertex -83.4302 11.2839 6
      vertex -83.2158 11.2585 6
    endloop
  endfacet
  facet normal 0.117647 0.993055 0
    outer loop
      vertex -83.4302 11.2839 6
      vertex -83.2158 11.2585 0
      vertex -83.4302 11.2839 0
    endloop
  endfacet
  facet normal 0.345941 0.938256 -0
    outer loop
      vertex -83.8498 11.3846 0
      vertex -84.0524 11.4593 6
      vertex -83.8498 11.3846 6
    endloop
  endfacet
  facet normal 0.345941 0.938256 0
    outer loop
      vertex -84.0524 11.4593 6
      vertex -83.8498 11.3846 0
      vertex -84.0524 11.4593 0
    endloop
  endfacet
  facet normal 0.0393578 -0.999225 0
    outer loop
      vertex -83.2158 16.7415 0
      vertex -83 16.75 6
      vertex -83.2158 16.7415 6
    endloop
  endfacet
  facet normal 0.0393578 -0.999225 0
    outer loop
      vertex -83 16.75 6
      vertex -83.2158 16.7415 0
      vertex -83 16.75 0
    endloop
  endfacet
  facet normal 0.872514 -0.488589 0
    outer loop
      vertex -85.4503 15.2485 6
      vertex -85.3448 15.4369 0
      vertex -85.3448 15.4369 6
    endloop
  endfacet
  facet normal 0.872514 -0.488589 0
    outer loop
      vertex -85.3448 15.4369 0
      vertex -85.4503 15.2485 6
      vertex -85.4503 15.2485 0
    endloop
  endfacet
  facet normal -0.488589 0.872514 0
    outer loop
      vertex -81.5631 11.6552 0
      vertex -81.7515 11.5497 6
      vertex -81.5631 11.6552 6
    endloop
  endfacet
  facet normal -0.488589 0.872514 0
    outer loop
      vertex -81.7515 11.5497 6
      vertex -81.5631 11.6552 0
      vertex -81.7515 11.5497 0
    endloop
  endfacet
  facet normal -0.679011 0.734128 0
    outer loop
      vertex -81.0555 12.0555 0
      vertex -81.214 11.9089 6
      vertex -81.0555 12.0555 6
    endloop
  endfacet
  facet normal -0.679011 0.734128 0
    outer loop
      vertex -81.214 11.9089 6
      vertex -81.0555 12.0555 0
      vertex -81.214 11.9089 0
    endloop
  endfacet
  facet normal -0.345941 0.938256 0
    outer loop
      vertex -81.9476 11.4593 0
      vertex -82.1502 11.3846 6
      vertex -81.9476 11.4593 6
    endloop
  endfacet
  facet normal -0.345941 0.938256 0
    outer loop
      vertex -82.1502 11.3846 6
      vertex -81.9476 11.4593 0
      vertex -82.1502 11.3846 0
    endloop
  endfacet
  facet normal -0.0393578 -0.999225 0
    outer loop
      vertex -83 16.75 0
      vertex -82.7842 16.7415 6
      vertex -83 16.75 6
    endloop
  endfacet
  facet normal -0.0393578 -0.999225 -0
    outer loop
      vertex -82.7842 16.7415 6
      vertex -83 16.75 0
      vertex -82.7842 16.7415 0
    endloop
  endfacet
  facet normal -0.734128 -0.679011 0
    outer loop
      vertex -80.9089 15.786 0
      vertex -81.0555 15.9445 6
      vertex -81.0555 15.9445 0
    endloop
  endfacet
  facet normal -0.734128 -0.679011 0
    outer loop
      vertex -81.0555 15.9445 6
      vertex -80.9089 15.786 0
      vertex -80.9089 15.786 6
    endloop
  endfacet
  facet normal -0.418647 -0.908149 0
    outer loop
      vertex -81.9476 16.5407 0
      vertex -81.7515 16.4503 6
      vertex -81.9476 16.5407 6
    endloop
  endfacet
  facet normal -0.418647 -0.908149 -0
    outer loop
      vertex -81.7515 16.4503 6
      vertex -81.9476 16.5407 0
      vertex -81.7515 16.4503 0
    endloop
  endfacet
  facet normal -0.908149 0.418647 0
    outer loop
      vertex -80.5497 12.7515 0
      vertex -80.4593 12.9476 6
      vertex -80.4593 12.9476 0
    endloop
  endfacet
  facet normal -0.908149 0.418647 0
    outer loop
      vertex -80.4593 12.9476 6
      vertex -80.5497 12.7515 0
      vertex -80.5497 12.7515 6
    endloop
  endfacet
  facet normal -0.999225 0.0393578 0
    outer loop
      vertex -80.2585 13.7842 0
      vertex -80.25 14 6
      vertex -80.25 14 0
    endloop
  endfacet
  facet normal -0.999225 0.0393578 0
    outer loop
      vertex -80.25 14 6
      vertex -80.2585 13.7842 0
      vertex -80.2585 13.7842 6
    endloop
  endfacet
  facet normal -0.117647 0.993055 0
    outer loop
      vertex -82.5698 11.2839 0
      vertex -82.7842 11.2585 6
      vertex -82.5698 11.2839 6
    endloop
  endfacet
  facet normal -0.117647 0.993055 0
    outer loop
      vertex -82.7842 11.2585 6
      vertex -82.5698 11.2839 0
      vertex -82.7842 11.2585 0
    endloop
  endfacet
  facet normal 0.418647 -0.908149 0
    outer loop
      vertex -84.2485 16.4503 0
      vertex -84.0524 16.5407 6
      vertex -84.2485 16.4503 6
    endloop
  endfacet
  facet normal 0.418647 -0.908149 0
    outer loop
      vertex -84.0524 16.5407 6
      vertex -84.2485 16.4503 0
      vertex -84.0524 16.5407 0
    endloop
  endfacet
  facet normal 0.679011 -0.734128 0
    outer loop
      vertex -84.9445 15.9445 0
      vertex -84.786 16.0911 6
      vertex -84.9445 15.9445 6
    endloop
  endfacet
  facet normal 0.679011 -0.734128 0
    outer loop
      vertex -84.786 16.0911 6
      vertex -84.9445 15.9445 0
      vertex -84.786 16.0911 0
    endloop
  endfacet
  facet normal 0.734128 0.679011 0
    outer loop
      vertex -84.9445 12.0555 6
      vertex -85.0911 12.214 0
      vertex -85.0911 12.214 6
    endloop
  endfacet
  facet normal 0.734128 0.679011 0
    outer loop
      vertex -85.0911 12.214 0
      vertex -84.9445 12.0555 6
      vertex -84.9445 12.0555 0
    endloop
  endfacet
  facet normal -0.993055 0.117647 0
    outer loop
      vertex -80.2839 13.5698 0
      vertex -80.2585 13.7842 6
      vertex -80.2585 13.7842 0
    endloop
  endfacet
  facet normal -0.993055 0.117647 0
    outer loop
      vertex -80.2585 13.7842 6
      vertex -80.2839 13.5698 0
      vertex -80.2839 13.5698 6
    endloop
  endfacet
  facet normal 0.962462 -0.271416 0
    outer loop
      vertex -85.674 14.642 6
      vertex -85.6154 14.8498 0
      vertex -85.6154 14.8498 6
    endloop
  endfacet
  facet normal 0.962462 -0.271416 0
    outer loop
      vertex -85.6154 14.8498 0
      vertex -85.674 14.642 6
      vertex -85.674 14.642 0
    endloop
  endfacet
  facet normal 0.271416 0.962462 -0
    outer loop
      vertex -83.642 11.326 0
      vertex -83.8498 11.3846 6
      vertex -83.642 11.326 6
    endloop
  endfacet
  facet normal 0.271416 0.962462 0
    outer loop
      vertex -83.8498 11.3846 6
      vertex -83.642 11.326 0
      vertex -83.8498 11.3846 0
    endloop
  endfacet
  facet normal 0.345941 -0.938256 0
    outer loop
      vertex -84.0524 16.5407 0
      vertex -83.8498 16.6154 6
      vertex -84.0524 16.5407 6
    endloop
  endfacet
  facet normal 0.345941 -0.938256 0
    outer loop
      vertex -83.8498 16.6154 6
      vertex -84.0524 16.5407 0
      vertex -83.8498 16.6154 0
    endloop
  endfacet
  facet normal -0.938256 0.345941 0
    outer loop
      vertex -80.4593 12.9476 0
      vertex -80.3846 13.1502 6
      vertex -80.3846 13.1502 0
    endloop
  endfacet
  facet normal -0.938256 0.345941 0
    outer loop
      vertex -80.3846 13.1502 6
      vertex -80.4593 12.9476 0
      vertex -80.4593 12.9476 6
    endloop
  endfacet
  facet normal 0.831337 0.555769 0
    outer loop
      vertex -85.2248 12.3836 6
      vertex -85.3448 12.5631 0
      vertex -85.3448 12.5631 6
    endloop
  endfacet
  facet normal 0.831337 0.555769 0
    outer loop
      vertex -85.3448 12.5631 0
      vertex -85.2248 12.3836 6
      vertex -85.2248 12.3836 0
    endloop
  endfacet
  facet normal 0.194958 0.980812 -0
    outer loop
      vertex -83.4302 11.2839 0
      vertex -83.642 11.326 6
      vertex -83.4302 11.2839 6
    endloop
  endfacet
  facet normal 0.194958 0.980812 0
    outer loop
      vertex -83.642 11.326 6
      vertex -83.4302 11.2839 0
      vertex -83.642 11.326 0
    endloop
  endfacet
  facet normal 0.980812 -0.194958 0
    outer loop
      vertex -85.7161 14.4302 6
      vertex -85.674 14.642 0
      vertex -85.674 14.642 6
    endloop
  endfacet
  facet normal 0.980812 -0.194958 0
    outer loop
      vertex -85.674 14.642 0
      vertex -85.7161 14.4302 6
      vertex -85.7161 14.4302 0
    endloop
  endfacet
  facet normal 0.555769 -0.831337 0
    outer loop
      vertex -84.6164 16.2248 0
      vertex -84.4369 16.3448 6
      vertex -84.6164 16.2248 6
    endloop
  endfacet
  facet normal 0.555769 -0.831337 0
    outer loop
      vertex -84.4369 16.3448 6
      vertex -84.6164 16.2248 0
      vertex -84.4369 16.3448 0
    endloop
  endfacet
  facet normal -0.418647 0.908149 0
    outer loop
      vertex -81.7515 11.5497 0
      vertex -81.9476 11.4593 6
      vertex -81.7515 11.5497 6
    endloop
  endfacet
  facet normal -0.418647 0.908149 0
    outer loop
      vertex -81.9476 11.4593 6
      vertex -81.7515 11.5497 0
      vertex -81.9476 11.4593 0
    endloop
  endfacet
  facet normal 0.980812 0.194958 0
    outer loop
      vertex -85.674 13.358 6
      vertex -85.7161 13.5698 0
      vertex -85.7161 13.5698 6
    endloop
  endfacet
  facet normal 0.980812 0.194958 0
    outer loop
      vertex -85.7161 13.5698 0
      vertex -85.674 13.358 6
      vertex -85.674 13.358 0
    endloop
  endfacet
  facet normal -0.271416 -0.962462 0
    outer loop
      vertex -82.358 16.674 0
      vertex -82.1502 16.6154 6
      vertex -82.358 16.674 6
    endloop
  endfacet
  facet normal -0.271416 -0.962462 -0
    outer loop
      vertex -82.1502 16.6154 6
      vertex -82.358 16.674 0
      vertex -82.1502 16.6154 0
    endloop
  endfacet
  facet normal -0.938256 -0.345941 0
    outer loop
      vertex -80.3846 14.8498 0
      vertex -80.4593 15.0524 6
      vertex -80.4593 15.0524 0
    endloop
  endfacet
  facet normal -0.938256 -0.345941 0
    outer loop
      vertex -80.4593 15.0524 6
      vertex -80.3846 14.8498 0
      vertex -80.3846 14.8498 6
    endloop
  endfacet
  facet normal -0.117647 -0.993055 0
    outer loop
      vertex -82.7842 16.7415 0
      vertex -82.5698 16.7161 6
      vertex -82.7842 16.7415 6
    endloop
  endfacet
  facet normal -0.117647 -0.993055 -0
    outer loop
      vertex -82.5698 16.7161 6
      vertex -82.7842 16.7415 0
      vertex -82.5698 16.7161 0
    endloop
  endfacet
  facet normal -0.488589 -0.872514 0
    outer loop
      vertex -81.7515 16.4503 0
      vertex -81.5631 16.3448 6
      vertex -81.7515 16.4503 6
    endloop
  endfacet
  facet normal -0.488589 -0.872514 -0
    outer loop
      vertex -81.5631 16.3448 6
      vertex -81.7515 16.4503 0
      vertex -81.5631 16.3448 0
    endloop
  endfacet
  facet normal -0.619089 0.785321 0
    outer loop
      vertex -81.214 11.9089 0
      vertex -81.3836 11.7752 6
      vertex -81.214 11.9089 6
    endloop
  endfacet
  facet normal -0.619089 0.785321 0
    outer loop
      vertex -81.3836 11.7752 6
      vertex -81.214 11.9089 0
      vertex -81.3836 11.7752 0
    endloop
  endfacet
  facet normal 0.908149 0.418647 0
    outer loop
      vertex -85.4503 12.7515 6
      vertex -85.5407 12.9476 0
      vertex -85.5407 12.9476 6
    endloop
  endfacet
  facet normal 0.908149 0.418647 0
    outer loop
      vertex -85.5407 12.9476 0
      vertex -85.4503 12.7515 6
      vertex -85.4503 12.7515 0
    endloop
  endfacet
  facet normal 0.418647 0.908149 -0
    outer loop
      vertex -84.0524 11.4593 0
      vertex -84.2485 11.5497 6
      vertex -84.0524 11.4593 6
    endloop
  endfacet
  facet normal 0.418647 0.908149 0
    outer loop
      vertex -84.2485 11.5497 6
      vertex -84.0524 11.4593 0
      vertex -84.2485 11.5497 0
    endloop
  endfacet
  facet normal 0.938256 0.345941 0
    outer loop
      vertex -85.5407 12.9476 6
      vertex -85.6154 13.1502 0
      vertex -85.6154 13.1502 6
    endloop
  endfacet
  facet normal 0.938256 0.345941 0
    outer loop
      vertex -85.6154 13.1502 0
      vertex -85.5407 12.9476 6
      vertex -85.5407 12.9476 0
    endloop
  endfacet
  facet normal -0.555769 0.831337 0
    outer loop
      vertex -81.3836 11.7752 0
      vertex -81.5631 11.6552 6
      vertex -81.3836 11.7752 6
    endloop
  endfacet
  facet normal -0.555769 0.831337 0
    outer loop
      vertex -81.5631 11.6552 6
      vertex -81.3836 11.7752 0
      vertex -81.5631 11.6552 0
    endloop
  endfacet
  facet normal 0.993055 -0.117647 0
    outer loop
      vertex -85.7415 14.2158 6
      vertex -85.7161 14.4302 0
      vertex -85.7161 14.4302 6
    endloop
  endfacet
  facet normal 0.993055 -0.117647 0
    outer loop
      vertex -85.7161 14.4302 0
      vertex -85.7415 14.2158 6
      vertex -85.7415 14.2158 0
    endloop
  endfacet
  facet normal 0.0393578 0.999225 -0
    outer loop
      vertex -83 11.25 0
      vertex -83.2158 11.2585 6
      vertex -83 11.25 6
    endloop
  endfacet
  facet normal 0.0393578 0.999225 0
    outer loop
      vertex -83.2158 11.2585 6
      vertex -83 11.25 0
      vertex -83.2158 11.2585 0
    endloop
  endfacet
  facet normal 0.619089 0.785321 -0
    outer loop
      vertex -84.6164 11.7752 0
      vertex -84.786 11.9089 6
      vertex -84.6164 11.7752 6
    endloop
  endfacet
  facet normal 0.619089 0.785321 0
    outer loop
      vertex -84.786 11.9089 6
      vertex -84.6164 11.7752 0
      vertex -84.786 11.9089 0
    endloop
  endfacet
  facet normal 0.872514 0.488589 0
    outer loop
      vertex -85.3448 12.5631 6
      vertex -85.4503 12.7515 0
      vertex -85.4503 12.7515 6
    endloop
  endfacet
  facet normal 0.872514 0.488589 0
    outer loop
      vertex -85.4503 12.7515 0
      vertex -85.3448 12.5631 6
      vertex -85.3448 12.5631 0
    endloop
  endfacet
  facet normal -0.619089 -0.785321 0
    outer loop
      vertex 84.6164 -11.7752 0
      vertex 84.786 -11.9089 6
      vertex 84.6164 -11.7752 6
    endloop
  endfacet
  facet normal -0.619089 -0.785321 -0
    outer loop
      vertex 84.786 -11.9089 6
      vertex 84.6164 -11.7752 0
      vertex 84.786 -11.9089 0
    endloop
  endfacet
  facet normal -0.993055 -0.117647 0
    outer loop
      vertex 85.7415 -13.7842 0
      vertex 85.7161 -13.5698 6
      vertex 85.7161 -13.5698 0
    endloop
  endfacet
  facet normal -0.993055 -0.117647 0
    outer loop
      vertex 85.7161 -13.5698 6
      vertex 85.7415 -13.7842 0
      vertex 85.7415 -13.7842 6
    endloop
  endfacet
  facet normal -0.999225 -0.0393578 0
    outer loop
      vertex 85.75 -14 0
      vertex 85.7415 -13.7842 6
      vertex 85.7415 -13.7842 0
    endloop
  endfacet
  facet normal -0.999225 -0.0393578 0
    outer loop
      vertex 85.7415 -13.7842 6
      vertex 85.75 -14 0
      vertex 85.75 -14 6
    endloop
  endfacet
  facet normal -0.980812 -0.194958 0
    outer loop
      vertex 85.7161 -13.5698 0
      vertex 85.674 -13.358 6
      vertex 85.674 -13.358 0
    endloop
  endfacet
  facet normal -0.980812 -0.194958 0
    outer loop
      vertex 85.674 -13.358 6
      vertex 85.7161 -13.5698 0
      vertex 85.7161 -13.5698 6
    endloop
  endfacet
  facet normal -0.831337 0.555769 0
    outer loop
      vertex 85.2248 -15.6164 0
      vertex 85.3448 -15.4369 6
      vertex 85.3448 -15.4369 0
    endloop
  endfacet
  facet normal -0.831337 0.555769 0
    outer loop
      vertex 85.3448 -15.4369 6
      vertex 85.2248 -15.6164 0
      vertex 85.2248 -15.6164 6
    endloop
  endfacet
  facet normal -0.938256 -0.345941 0
    outer loop
      vertex 85.6154 -13.1502 0
      vertex 85.5407 -12.9476 6
      vertex 85.5407 -12.9476 0
    endloop
  endfacet
  facet normal -0.938256 -0.345941 0
    outer loop
      vertex 85.5407 -12.9476 6
      vertex 85.6154 -13.1502 0
      vertex 85.6154 -13.1502 6
    endloop
  endfacet
  facet normal 0.555769 -0.831337 0
    outer loop
      vertex 81.3836 -11.7752 0
      vertex 81.5631 -11.6552 6
      vertex 81.3836 -11.7752 6
    endloop
  endfacet
  facet normal 0.555769 -0.831337 0
    outer loop
      vertex 81.5631 -11.6552 6
      vertex 81.3836 -11.7752 0
      vertex 81.5631 -11.6552 0
    endloop
  endfacet
  facet normal 0.345941 -0.938256 0
    outer loop
      vertex 81.9476 -11.4593 0
      vertex 82.1502 -11.3846 6
      vertex 81.9476 -11.4593 6
    endloop
  endfacet
  facet normal 0.345941 -0.938256 0
    outer loop
      vertex 82.1502 -11.3846 6
      vertex 81.9476 -11.4593 0
      vertex 82.1502 -11.3846 0
    endloop
  endfacet
  facet normal -0.962462 -0.271416 0
    outer loop
      vertex 85.674 -13.358 0
      vertex 85.6154 -13.1502 6
      vertex 85.6154 -13.1502 0
    endloop
  endfacet
  facet normal -0.962462 -0.271416 0
    outer loop
      vertex 85.6154 -13.1502 6
      vertex 85.674 -13.358 0
      vertex 85.674 -13.358 6
    endloop
  endfacet
  facet normal 0.619089 -0.785321 0
    outer loop
      vertex 81.214 -11.9089 0
      vertex 81.3836 -11.7752 6
      vertex 81.214 -11.9089 6
    endloop
  endfacet
  facet normal 0.619089 -0.785321 0
    outer loop
      vertex 81.3836 -11.7752 6
      vertex 81.214 -11.9089 0
      vertex 81.3836 -11.7752 0
    endloop
  endfacet
  facet normal -0.908149 0.418647 0
    outer loop
      vertex 85.4503 -15.2485 0
      vertex 85.5407 -15.0524 6
      vertex 85.5407 -15.0524 0
    endloop
  endfacet
  facet normal -0.908149 0.418647 0
    outer loop
      vertex 85.5407 -15.0524 6
      vertex 85.4503 -15.2485 0
      vertex 85.4503 -15.2485 6
    endloop
  endfacet
  facet normal 0.980812 -0.194958 0
    outer loop
      vertex 80.2839 -13.5698 6
      vertex 80.326 -13.358 0
      vertex 80.326 -13.358 6
    endloop
  endfacet
  facet normal 0.980812 -0.194958 0
    outer loop
      vertex 80.326 -13.358 0
      vertex 80.2839 -13.5698 6
      vertex 80.2839 -13.5698 0
    endloop
  endfacet
  facet normal 0.999225 -0.0393578 0
    outer loop
      vertex 80.25 -14 6
      vertex 80.2585 -13.7842 0
      vertex 80.2585 -13.7842 6
    endloop
  endfacet
  facet normal 0.999225 -0.0393578 0
    outer loop
      vertex 80.2585 -13.7842 0
      vertex 80.25 -14 6
      vertex 80.25 -14 0
    endloop
  endfacet
  facet normal 0.194958 -0.980812 0
    outer loop
      vertex 82.358 -11.326 0
      vertex 82.5698 -11.2839 6
      vertex 82.358 -11.326 6
    endloop
  endfacet
  facet normal 0.194958 -0.980812 0
    outer loop
      vertex 82.5698 -11.2839 6
      vertex 82.358 -11.326 0
      vertex 82.5698 -11.2839 0
    endloop
  endfacet
  facet normal -0.345941 -0.938256 0
    outer loop
      vertex 83.8498 -11.3846 0
      vertex 84.0524 -11.4593 6
      vertex 83.8498 -11.3846 6
    endloop
  endfacet
  facet normal -0.345941 -0.938256 -0
    outer loop
      vertex 84.0524 -11.4593 6
      vertex 83.8498 -11.3846 0
      vertex 84.0524 -11.4593 0
    endloop
  endfacet
  facet normal -0.785321 0.619089 0
    outer loop
      vertex 85.0911 -15.786 0
      vertex 85.2248 -15.6164 6
      vertex 85.2248 -15.6164 0
    endloop
  endfacet
  facet normal -0.785321 0.619089 0
    outer loop
      vertex 85.2248 -15.6164 6
      vertex 85.0911 -15.786 0
      vertex 85.0911 -15.786 6
    endloop
  endfacet
  facet normal -0.993055 0.117647 0
    outer loop
      vertex 85.7161 -14.4302 0
      vertex 85.7415 -14.2158 6
      vertex 85.7415 -14.2158 0
    endloop
  endfacet
  facet normal -0.993055 0.117647 0
    outer loop
      vertex 85.7415 -14.2158 6
      vertex 85.7161 -14.4302 0
      vertex 85.7161 -14.4302 6
    endloop
  endfacet
  facet normal -0.679011 -0.734128 0
    outer loop
      vertex 84.786 -11.9089 0
      vertex 84.9445 -12.0555 6
      vertex 84.786 -11.9089 6
    endloop
  endfacet
  facet normal -0.679011 -0.734128 -0
    outer loop
      vertex 84.9445 -12.0555 6
      vertex 84.786 -11.9089 0
      vertex 84.9445 -12.0555 0
    endloop
  endfacet
  facet normal 0.271416 -0.962462 0
    outer loop
      vertex 82.1502 -11.3846 0
      vertex 82.358 -11.326 6
      vertex 82.1502 -11.3846 6
    endloop
  endfacet
  facet normal 0.271416 -0.962462 0
    outer loop
      vertex 82.358 -11.326 6
      vertex 82.1502 -11.3846 0
      vertex 82.358 -11.326 0
    endloop
  endfacet
  facet normal -0.117647 -0.993055 0
    outer loop
      vertex 83.2158 -11.2585 0
      vertex 83.4302 -11.2839 6
      vertex 83.2158 -11.2585 6
    endloop
  endfacet
  facet normal -0.117647 -0.993055 -0
    outer loop
      vertex 83.4302 -11.2839 6
      vertex 83.2158 -11.2585 0
      vertex 83.4302 -11.2839 0
    endloop
  endfacet
  facet normal -0.418647 -0.908149 0
    outer loop
      vertex 84.0524 -11.4593 0
      vertex 84.2485 -11.5497 6
      vertex 84.0524 -11.4593 6
    endloop
  endfacet
  facet normal -0.418647 -0.908149 -0
    outer loop
      vertex 84.2485 -11.5497 6
      vertex 84.0524 -11.4593 0
      vertex 84.2485 -11.5497 0
    endloop
  endfacet
  facet normal -0.488589 -0.872514 0
    outer loop
      vertex 84.2485 -11.5497 0
      vertex 84.4369 -11.6552 6
      vertex 84.2485 -11.5497 6
    endloop
  endfacet
  facet normal -0.488589 -0.872514 -0
    outer loop
      vertex 84.4369 -11.6552 6
      vertex 84.2485 -11.5497 0
      vertex 84.4369 -11.6552 0
    endloop
  endfacet
  facet normal -0.938256 0.345941 0
    outer loop
      vertex 85.5407 -15.0524 0
      vertex 85.6154 -14.8498 6
      vertex 85.6154 -14.8498 0
    endloop
  endfacet
  facet normal -0.938256 0.345941 0
    outer loop
      vertex 85.6154 -14.8498 6
      vertex 85.5407 -15.0524 0
      vertex 85.5407 -15.0524 6
    endloop
  endfacet
  facet normal -0.872514 -0.488589 0
    outer loop
      vertex 85.4503 -12.7515 0
      vertex 85.3448 -12.5631 6
      vertex 85.3448 -12.5631 0
    endloop
  endfacet
  facet normal -0.872514 -0.488589 0
    outer loop
      vertex 85.3448 -12.5631 6
      vertex 85.4503 -12.7515 0
      vertex 85.4503 -12.7515 6
    endloop
  endfacet
  facet normal 0.734128 0.679011 0
    outer loop
      vertex 81.0555 -15.9445 6
      vertex 80.9089 -15.786 0
      vertex 80.9089 -15.786 6
    endloop
  endfacet
  facet normal 0.734128 0.679011 0
    outer loop
      vertex 80.9089 -15.786 0
      vertex 81.0555 -15.9445 6
      vertex 81.0555 -15.9445 0
    endloop
  endfacet
  facet normal -0.679011 0.734128 0
    outer loop
      vertex 84.9445 -15.9445 0
      vertex 84.786 -16.0911 6
      vertex 84.9445 -15.9445 6
    endloop
  endfacet
  facet normal -0.679011 0.734128 0
    outer loop
      vertex 84.786 -16.0911 6
      vertex 84.9445 -15.9445 0
      vertex 84.786 -16.0911 0
    endloop
  endfacet
  facet normal -0.0393578 0.999225 0
    outer loop
      vertex 83.2158 -16.7415 0
      vertex 83 -16.75 6
      vertex 83.2158 -16.7415 6
    endloop
  endfacet
  facet normal -0.0393578 0.999225 0
    outer loop
      vertex 83 -16.75 6
      vertex 83.2158 -16.7415 0
      vertex 83 -16.75 0
    endloop
  endfacet
  facet normal -0.962462 0.271416 0
    outer loop
      vertex 85.6154 -14.8498 0
      vertex 85.674 -14.642 6
      vertex 85.674 -14.642 0
    endloop
  endfacet
  facet normal -0.962462 0.271416 0
    outer loop
      vertex 85.674 -14.642 6
      vertex 85.6154 -14.8498 0
      vertex 85.6154 -14.8498 6
    endloop
  endfacet
  facet normal 0.993055 -0.117647 0
    outer loop
      vertex 80.2585 -13.7842 6
      vertex 80.2839 -13.5698 0
      vertex 80.2839 -13.5698 6
    endloop
  endfacet
  facet normal 0.993055 -0.117647 0
    outer loop
      vertex 80.2839 -13.5698 0
      vertex 80.2585 -13.7842 6
      vertex 80.2585 -13.7842 0
    endloop
  endfacet
  facet normal -0.785321 -0.619089 0
    outer loop
      vertex 85.2248 -12.3836 0
      vertex 85.0911 -12.214 6
      vertex 85.0911 -12.214 0
    endloop
  endfacet
  facet normal -0.785321 -0.619089 0
    outer loop
      vertex 85.0911 -12.214 6
      vertex 85.2248 -12.3836 0
      vertex 85.2248 -12.3836 6
    endloop
  endfacet
  facet normal 0.872514 -0.488589 0
    outer loop
      vertex 80.5497 -12.7515 6
      vertex 80.6552 -12.5631 0
      vertex 80.6552 -12.5631 6
    endloop
  endfacet
  facet normal 0.872514 -0.488589 0
    outer loop
      vertex 80.6552 -12.5631 0
      vertex 80.5497 -12.7515 6
      vertex 80.5497 -12.7515 0
    endloop
  endfacet
  facet normal 0.980812 0.194958 0
    outer loop
      vertex 80.326 -14.642 6
      vertex 80.2839 -14.4302 0
      vertex 80.2839 -14.4302 6
    endloop
  endfacet
  facet normal 0.980812 0.194958 0
    outer loop
      vertex 80.2839 -14.4302 0
      vertex 80.326 -14.642 6
      vertex 80.326 -14.642 0
    endloop
  endfacet
  facet normal -0.999225 0.0393578 0
    outer loop
      vertex 85.7415 -14.2158 0
      vertex 85.75 -14 6
      vertex 85.75 -14 0
    endloop
  endfacet
  facet normal -0.999225 0.0393578 0
    outer loop
      vertex 85.75 -14 6
      vertex 85.7415 -14.2158 0
      vertex 85.7415 -14.2158 6
    endloop
  endfacet
  facet normal -0.734128 0.679011 0
    outer loop
      vertex 84.9445 -15.9445 0
      vertex 85.0911 -15.786 6
      vertex 85.0911 -15.786 0
    endloop
  endfacet
  facet normal -0.734128 0.679011 0
    outer loop
      vertex 85.0911 -15.786 6
      vertex 84.9445 -15.9445 0
      vertex 84.9445 -15.9445 6
    endloop
  endfacet
  facet normal -0.908149 -0.418647 0
    outer loop
      vertex 85.5407 -12.9476 0
      vertex 85.4503 -12.7515 6
      vertex 85.4503 -12.7515 0
    endloop
  endfacet
  facet normal -0.908149 -0.418647 0
    outer loop
      vertex 85.4503 -12.7515 6
      vertex 85.5407 -12.9476 0
      vertex 85.5407 -12.9476 6
    endloop
  endfacet
  facet normal -0.271416 -0.962462 0
    outer loop
      vertex 83.642 -11.326 0
      vertex 83.8498 -11.3846 6
      vertex 83.642 -11.326 6
    endloop
  endfacet
  facet normal -0.271416 -0.962462 -0
    outer loop
      vertex 83.8498 -11.3846 6
      vertex 83.642 -11.326 0
      vertex 83.8498 -11.3846 0
    endloop
  endfacet
  facet normal -0.980812 0.194958 0
    outer loop
      vertex 85.674 -14.642 0
      vertex 85.7161 -14.4302 6
      vertex 85.7161 -14.4302 0
    endloop
  endfacet
  facet normal -0.980812 0.194958 0
    outer loop
      vertex 85.7161 -14.4302 6
      vertex 85.674 -14.642 0
      vertex 85.674 -14.642 6
    endloop
  endfacet
  facet normal 0.938256 -0.345941 0
    outer loop
      vertex 80.3846 -13.1502 6
      vertex 80.4593 -12.9476 0
      vertex 80.4593 -12.9476 6
    endloop
  endfacet
  facet normal 0.938256 -0.345941 0
    outer loop
      vertex 80.4593 -12.9476 0
      vertex 80.3846 -13.1502 6
      vertex 80.3846 -13.1502 0
    endloop
  endfacet
  facet normal 0.488589 0.872514 -0
    outer loop
      vertex 81.7515 -16.4503 0
      vertex 81.5631 -16.3448 6
      vertex 81.7515 -16.4503 6
    endloop
  endfacet
  facet normal 0.488589 0.872514 0
    outer loop
      vertex 81.5631 -16.3448 6
      vertex 81.7515 -16.4503 0
      vertex 81.5631 -16.3448 0
    endloop
  endfacet
  facet normal 0.117647 -0.993055 0
    outer loop
      vertex 82.5698 -11.2839 0
      vertex 82.7842 -11.2585 6
      vertex 82.5698 -11.2839 6
    endloop
  endfacet
  facet normal 0.117647 -0.993055 0
    outer loop
      vertex 82.7842 -11.2585 6
      vertex 82.5698 -11.2839 0
      vertex 82.7842 -11.2585 0
    endloop
  endfacet
  facet normal 0.872514 0.488589 0
    outer loop
      vertex 80.6552 -15.4369 6
      vertex 80.5497 -15.2485 0
      vertex 80.5497 -15.2485 6
    endloop
  endfacet
  facet normal 0.872514 0.488589 0
    outer loop
      vertex 80.5497 -15.2485 0
      vertex 80.6552 -15.4369 6
      vertex 80.6552 -15.4369 0
    endloop
  endfacet
  facet normal -0.271416 0.962462 0
    outer loop
      vertex 83.8498 -16.6154 0
      vertex 83.642 -16.674 6
      vertex 83.8498 -16.6154 6
    endloop
  endfacet
  facet normal -0.271416 0.962462 0
    outer loop
      vertex 83.642 -16.674 6
      vertex 83.8498 -16.6154 0
      vertex 83.642 -16.674 0
    endloop
  endfacet
  facet normal 0.679011 -0.734128 0
    outer loop
      vertex 81.0555 -12.0555 0
      vertex 81.214 -11.9089 6
      vertex 81.0555 -12.0555 6
    endloop
  endfacet
  facet normal 0.679011 -0.734128 0
    outer loop
      vertex 81.214 -11.9089 6
      vertex 81.0555 -12.0555 0
      vertex 81.214 -11.9089 0
    endloop
  endfacet
  facet normal -0.734128 -0.679011 0
    outer loop
      vertex 85.0911 -12.214 0
      vertex 84.9445 -12.0555 6
      vertex 84.9445 -12.0555 0
    endloop
  endfacet
  facet normal -0.734128 -0.679011 0
    outer loop
      vertex 84.9445 -12.0555 6
      vertex 85.0911 -12.214 0
      vertex 85.0911 -12.214 6
    endloop
  endfacet
  facet normal 0.962462 0.271416 0
    outer loop
      vertex 80.3846 -14.8498 6
      vertex 80.326 -14.642 0
      vertex 80.326 -14.642 6
    endloop
  endfacet
  facet normal 0.962462 0.271416 0
    outer loop
      vertex 80.326 -14.642 0
      vertex 80.3846 -14.8498 6
      vertex 80.3846 -14.8498 0
    endloop
  endfacet
  facet normal 0.785321 0.619089 0
    outer loop
      vertex 80.9089 -15.786 6
      vertex 80.7752 -15.6164 0
      vertex 80.7752 -15.6164 6
    endloop
  endfacet
  facet normal 0.785321 0.619089 0
    outer loop
      vertex 80.7752 -15.6164 0
      vertex 80.9089 -15.786 6
      vertex 80.9089 -15.786 0
    endloop
  endfacet
  facet normal -0.872514 0.488589 0
    outer loop
      vertex 85.3448 -15.4369 0
      vertex 85.4503 -15.2485 6
      vertex 85.4503 -15.2485 0
    endloop
  endfacet
  facet normal -0.872514 0.488589 0
    outer loop
      vertex 85.4503 -15.2485 6
      vertex 85.3448 -15.4369 0
      vertex 85.3448 -15.4369 6
    endloop
  endfacet
  facet normal 0.734128 -0.679011 0
    outer loop
      vertex 80.9089 -12.214 6
      vertex 81.0555 -12.0555 0
      vertex 81.0555 -12.0555 6
    endloop
  endfacet
  facet normal 0.734128 -0.679011 0
    outer loop
      vertex 81.0555 -12.0555 0
      vertex 80.9089 -12.214 6
      vertex 80.9089 -12.214 0
    endloop
  endfacet
  facet normal 0.785321 -0.619089 0
    outer loop
      vertex 80.7752 -12.3836 6
      vertex 80.9089 -12.214 0
      vertex 80.9089 -12.214 6
    endloop
  endfacet
  facet normal 0.785321 -0.619089 0
    outer loop
      vertex 80.9089 -12.214 0
      vertex 80.7752 -12.3836 6
      vertex 80.7752 -12.3836 0
    endloop
  endfacet
  facet normal 0.679011 0.734128 -0
    outer loop
      vertex 81.214 -16.0911 0
      vertex 81.0555 -15.9445 6
      vertex 81.214 -16.0911 6
    endloop
  endfacet
  facet normal 0.679011 0.734128 0
    outer loop
      vertex 81.0555 -15.9445 6
      vertex 81.214 -16.0911 0
      vertex 81.0555 -15.9445 0
    endloop
  endfacet
  facet normal -0.194958 0.980812 0
    outer loop
      vertex 83.642 -16.674 0
      vertex 83.4302 -16.7161 6
      vertex 83.642 -16.674 6
    endloop
  endfacet
  facet normal -0.194958 0.980812 0
    outer loop
      vertex 83.4302 -16.7161 6
      vertex 83.642 -16.674 0
      vertex 83.4302 -16.7161 0
    endloop
  endfacet
  facet normal -0.117647 0.993055 0
    outer loop
      vertex 83.4302 -16.7161 0
      vertex 83.2158 -16.7415 6
      vertex 83.4302 -16.7161 6
    endloop
  endfacet
  facet normal -0.117647 0.993055 0
    outer loop
      vertex 83.2158 -16.7415 6
      vertex 83.4302 -16.7161 0
      vertex 83.2158 -16.7415 0
    endloop
  endfacet
  facet normal 0.938256 0.345941 0
    outer loop
      vertex 80.4593 -15.0524 6
      vertex 80.3846 -14.8498 0
      vertex 80.3846 -14.8498 6
    endloop
  endfacet
  facet normal 0.938256 0.345941 0
    outer loop
      vertex 80.3846 -14.8498 0
      vertex 80.4593 -15.0524 6
      vertex 80.4593 -15.0524 0
    endloop
  endfacet
  facet normal 0.993055 0.117647 0
    outer loop
      vertex 80.2839 -14.4302 6
      vertex 80.2585 -14.2158 0
      vertex 80.2585 -14.2158 6
    endloop
  endfacet
  facet normal 0.993055 0.117647 0
    outer loop
      vertex 80.2585 -14.2158 0
      vertex 80.2839 -14.4302 6
      vertex 80.2839 -14.4302 0
    endloop
  endfacet
  facet normal 0.117647 0.993055 -0
    outer loop
      vertex 82.7842 -16.7415 0
      vertex 82.5698 -16.7161 6
      vertex 82.7842 -16.7415 6
    endloop
  endfacet
  facet normal 0.117647 0.993055 0
    outer loop
      vertex 82.5698 -16.7161 6
      vertex 82.7842 -16.7415 0
      vertex 82.5698 -16.7161 0
    endloop
  endfacet
  facet normal 0.962462 -0.271416 0
    outer loop
      vertex 80.326 -13.358 6
      vertex 80.3846 -13.1502 0
      vertex 80.3846 -13.1502 6
    endloop
  endfacet
  facet normal 0.962462 -0.271416 0
    outer loop
      vertex 80.3846 -13.1502 0
      vertex 80.326 -13.358 6
      vertex 80.326 -13.358 0
    endloop
  endfacet
  facet normal 0.271416 0.962462 -0
    outer loop
      vertex 82.358 -16.674 0
      vertex 82.1502 -16.6154 6
      vertex 82.358 -16.674 6
    endloop
  endfacet
  facet normal 0.271416 0.962462 0
    outer loop
      vertex 82.1502 -16.6154 6
      vertex 82.358 -16.674 0
      vertex 82.1502 -16.6154 0
    endloop
  endfacet
  facet normal 0.831337 0.555769 0
    outer loop
      vertex 80.7752 -15.6164 6
      vertex 80.6552 -15.4369 0
      vertex 80.6552 -15.4369 6
    endloop
  endfacet
  facet normal 0.831337 0.555769 0
    outer loop
      vertex 80.6552 -15.4369 0
      vertex 80.7752 -15.6164 6
      vertex 80.7752 -15.6164 0
    endloop
  endfacet
  facet normal -0.831337 -0.555769 0
    outer loop
      vertex 85.3448 -12.5631 0
      vertex 85.2248 -12.3836 6
      vertex 85.2248 -12.3836 0
    endloop
  endfacet
  facet normal -0.831337 -0.555769 0
    outer loop
      vertex 85.2248 -12.3836 6
      vertex 85.3448 -12.5631 0
      vertex 85.3448 -12.5631 6
    endloop
  endfacet
  facet normal -0.418647 0.908149 0
    outer loop
      vertex 84.2485 -16.4503 0
      vertex 84.0524 -16.5407 6
      vertex 84.2485 -16.4503 6
    endloop
  endfacet
  facet normal -0.418647 0.908149 0
    outer loop
      vertex 84.0524 -16.5407 6
      vertex 84.2485 -16.4503 0
      vertex 84.0524 -16.5407 0
    endloop
  endfacet
  facet normal -0.345941 0.938256 0
    outer loop
      vertex 84.0524 -16.5407 0
      vertex 83.8498 -16.6154 6
      vertex 84.0524 -16.5407 6
    endloop
  endfacet
  facet normal -0.345941 0.938256 0
    outer loop
      vertex 83.8498 -16.6154 6
      vertex 84.0524 -16.5407 0
      vertex 83.8498 -16.6154 0
    endloop
  endfacet
  facet normal -0.555769 -0.831337 0
    outer loop
      vertex 84.4369 -11.6552 0
      vertex 84.6164 -11.7752 6
      vertex 84.4369 -11.6552 6
    endloop
  endfacet
  facet normal -0.555769 -0.831337 -0
    outer loop
      vertex 84.6164 -11.7752 6
      vertex 84.4369 -11.6552 0
      vertex 84.6164 -11.7752 0
    endloop
  endfacet
  facet normal 0.418647 -0.908149 0
    outer loop
      vertex 81.7515 -11.5497 0
      vertex 81.9476 -11.4593 6
      vertex 81.7515 -11.5497 6
    endloop
  endfacet
  facet normal 0.418647 -0.908149 0
    outer loop
      vertex 81.9476 -11.4593 6
      vertex 81.7515 -11.5497 0
      vertex 81.9476 -11.4593 0
    endloop
  endfacet
  facet normal 0.0393578 -0.999225 0
    outer loop
      vertex 82.7842 -11.2585 0
      vertex 83 -11.25 6
      vertex 82.7842 -11.2585 6
    endloop
  endfacet
  facet normal 0.0393578 -0.999225 0
    outer loop
      vertex 83 -11.25 6
      vertex 82.7842 -11.2585 0
      vertex 83 -11.25 0
    endloop
  endfacet
  facet normal 0.194958 0.980812 -0
    outer loop
      vertex 82.5698 -16.7161 0
      vertex 82.358 -16.674 6
      vertex 82.5698 -16.7161 6
    endloop
  endfacet
  facet normal 0.194958 0.980812 0
    outer loop
      vertex 82.358 -16.674 6
      vertex 82.5698 -16.7161 0
      vertex 82.358 -16.674 0
    endloop
  endfacet
  facet normal 0.908149 -0.418647 0
    outer loop
      vertex 80.4593 -12.9476 6
      vertex 80.5497 -12.7515 0
      vertex 80.5497 -12.7515 6
    endloop
  endfacet
  facet normal 0.908149 -0.418647 0
    outer loop
      vertex 80.5497 -12.7515 0
      vertex 80.4593 -12.9476 6
      vertex 80.4593 -12.9476 0
    endloop
  endfacet
  facet normal 0.619089 0.785321 -0
    outer loop
      vertex 81.3836 -16.2248 0
      vertex 81.214 -16.0911 6
      vertex 81.3836 -16.2248 6
    endloop
  endfacet
  facet normal 0.619089 0.785321 0
    outer loop
      vertex 81.214 -16.0911 6
      vertex 81.3836 -16.2248 0
      vertex 81.214 -16.0911 0
    endloop
  endfacet
  facet normal -0.555769 0.831337 0
    outer loop
      vertex 84.6164 -16.2248 0
      vertex 84.4369 -16.3448 6
      vertex 84.6164 -16.2248 6
    endloop
  endfacet
  facet normal -0.555769 0.831337 0
    outer loop
      vertex 84.4369 -16.3448 6
      vertex 84.6164 -16.2248 0
      vertex 84.4369 -16.3448 0
    endloop
  endfacet
  facet normal -0.619089 0.785321 0
    outer loop
      vertex 84.786 -16.0911 0
      vertex 84.6164 -16.2248 6
      vertex 84.786 -16.0911 6
    endloop
  endfacet
  facet normal -0.619089 0.785321 0
    outer loop
      vertex 84.6164 -16.2248 6
      vertex 84.786 -16.0911 0
      vertex 84.6164 -16.2248 0
    endloop
  endfacet
  facet normal 0.999225 0.0393578 0
    outer loop
      vertex 80.2585 -14.2158 6
      vertex 80.25 -14 0
      vertex 80.25 -14 6
    endloop
  endfacet
  facet normal 0.999225 0.0393578 0
    outer loop
      vertex 80.25 -14 0
      vertex 80.2585 -14.2158 6
      vertex 80.2585 -14.2158 0
    endloop
  endfacet
  facet normal 0.908149 0.418647 0
    outer loop
      vertex 80.5497 -15.2485 6
      vertex 80.4593 -15.0524 0
      vertex 80.4593 -15.0524 6
    endloop
  endfacet
  facet normal 0.908149 0.418647 0
    outer loop
      vertex 80.4593 -15.0524 0
      vertex 80.5497 -15.2485 6
      vertex 80.5497 -15.2485 0
    endloop
  endfacet
  facet normal 0.488589 -0.872514 0
    outer loop
      vertex 81.5631 -11.6552 0
      vertex 81.7515 -11.5497 6
      vertex 81.5631 -11.6552 6
    endloop
  endfacet
  facet normal 0.488589 -0.872514 0
    outer loop
      vertex 81.7515 -11.5497 6
      vertex 81.5631 -11.6552 0
      vertex 81.7515 -11.5497 0
    endloop
  endfacet
  facet normal -0.488589 0.872514 0
    outer loop
      vertex 84.4369 -16.3448 0
      vertex 84.2485 -16.4503 6
      vertex 84.4369 -16.3448 6
    endloop
  endfacet
  facet normal -0.488589 0.872514 0
    outer loop
      vertex 84.2485 -16.4503 6
      vertex 84.4369 -16.3448 0
      vertex 84.2485 -16.4503 0
    endloop
  endfacet
  facet normal -0.194958 -0.980812 0
    outer loop
      vertex 83.4302 -11.2839 0
      vertex 83.642 -11.326 6
      vertex 83.4302 -11.2839 6
    endloop
  endfacet
  facet normal -0.194958 -0.980812 -0
    outer loop
      vertex 83.642 -11.326 6
      vertex 83.4302 -11.2839 0
      vertex 83.642 -11.326 0
    endloop
  endfacet
  facet normal -0.0393578 -0.999225 0
    outer loop
      vertex 83 -11.25 0
      vertex 83.2158 -11.2585 6
      vertex 83 -11.25 6
    endloop
  endfacet
  facet normal -0.0393578 -0.999225 -0
    outer loop
      vertex 83.2158 -11.2585 6
      vertex 83 -11.25 0
      vertex 83.2158 -11.2585 0
    endloop
  endfacet
  facet normal 0.0393578 0.999225 -0
    outer loop
      vertex 83 -16.75 0
      vertex 82.7842 -16.7415 6
      vertex 83 -16.75 6
    endloop
  endfacet
  facet normal 0.0393578 0.999225 0
    outer loop
      vertex 82.7842 -16.7415 6
      vertex 83 -16.75 0
      vertex 82.7842 -16.7415 0
    endloop
  endfacet
  facet normal 0.418647 0.908149 -0
    outer loop
      vertex 81.9476 -16.5407 0
      vertex 81.7515 -16.4503 6
      vertex 81.9476 -16.5407 6
    endloop
  endfacet
  facet normal 0.418647 0.908149 0
    outer loop
      vertex 81.7515 -16.4503 6
      vertex 81.9476 -16.5407 0
      vertex 81.7515 -16.4503 0
    endloop
  endfacet
  facet normal 0.345941 0.938256 -0
    outer loop
      vertex 82.1502 -16.6154 0
      vertex 81.9476 -16.5407 6
      vertex 82.1502 -16.6154 6
    endloop
  endfacet
  facet normal 0.345941 0.938256 0
    outer loop
      vertex 81.9476 -16.5407 6
      vertex 82.1502 -16.6154 0
      vertex 81.9476 -16.5407 0
    endloop
  endfacet
  facet normal 0.555769 0.831337 -0
    outer loop
      vertex 81.5631 -16.3448 0
      vertex 81.3836 -16.2248 6
      vertex 81.5631 -16.3448 6
    endloop
  endfacet
  facet normal 0.555769 0.831337 0
    outer loop
      vertex 81.3836 -16.2248 6
      vertex 81.5631 -16.3448 0
      vertex 81.3836 -16.2248 0
    endloop
  endfacet
  facet normal 0.831337 -0.555769 0
    outer loop
      vertex 80.6552 -12.5631 6
      vertex 80.7752 -12.3836 0
      vertex 80.7752 -12.3836 6
    endloop
  endfacet
  facet normal 0.831337 -0.555769 0
    outer loop
      vertex 80.7752 -12.3836 0
      vertex 80.6552 -12.5631 6
      vertex 80.6552 -12.5631 0
    endloop
  endfacet
  facet normal -0.993055 -0.117647 0
    outer loop
      vertex 85.7415 14.2158 0
      vertex 85.7161 14.4302 6
      vertex 85.7161 14.4302 0
    endloop
  endfacet
  facet normal -0.993055 -0.117647 0
    outer loop
      vertex 85.7161 14.4302 6
      vertex 85.7415 14.2158 0
      vertex 85.7415 14.2158 6
    endloop
  endfacet
  facet normal -0.999225 -0.0393578 0
    outer loop
      vertex 85.75 14 0
      vertex 85.7415 14.2158 6
      vertex 85.7415 14.2158 0
    endloop
  endfacet
  facet normal -0.999225 -0.0393578 0
    outer loop
      vertex 85.7415 14.2158 6
      vertex 85.75 14 0
      vertex 85.75 14 6
    endloop
  endfacet
  facet normal -0.980812 -0.194958 0
    outer loop
      vertex 85.7161 14.4302 0
      vertex 85.674 14.642 6
      vertex 85.674 14.642 0
    endloop
  endfacet
  facet normal -0.980812 -0.194958 0
    outer loop
      vertex 85.674 14.642 6
      vertex 85.7161 14.4302 0
      vertex 85.7161 14.4302 6
    endloop
  endfacet
  facet normal -0.488589 0.872514 0
    outer loop
      vertex 84.4369 11.6552 0
      vertex 84.2485 11.5497 6
      vertex 84.4369 11.6552 6
    endloop
  endfacet
  facet normal -0.488589 0.872514 0
    outer loop
      vertex 84.2485 11.5497 6
      vertex 84.4369 11.6552 0
      vertex 84.2485 11.5497 0
    endloop
  endfacet
  facet normal -0.872514 -0.488589 0
    outer loop
      vertex 85.4503 15.2485 0
      vertex 85.3448 15.4369 6
      vertex 85.3448 15.4369 0
    endloop
  endfacet
  facet normal -0.872514 -0.488589 0
    outer loop
      vertex 85.3448 15.4369 6
      vertex 85.4503 15.2485 0
      vertex 85.4503 15.2485 6
    endloop
  endfacet
  facet normal -0.488589 -0.872514 0
    outer loop
      vertex 84.2485 16.4503 0
      vertex 84.4369 16.3448 6
      vertex 84.2485 16.4503 6
    endloop
  endfacet
  facet normal -0.488589 -0.872514 -0
    outer loop
      vertex 84.4369 16.3448 6
      vertex 84.2485 16.4503 0
      vertex 84.4369 16.3448 0
    endloop
  endfacet
  facet normal 0.488589 0.872514 -0
    outer loop
      vertex 81.7515 11.5497 0
      vertex 81.5631 11.6552 6
      vertex 81.7515 11.5497 6
    endloop
  endfacet
  facet normal 0.488589 0.872514 0
    outer loop
      vertex 81.5631 11.6552 6
      vertex 81.7515 11.5497 0
      vertex 81.5631 11.6552 0
    endloop
  endfacet
  facet normal 0.271416 -0.962462 0
    outer loop
      vertex 82.1502 16.6154 0
      vertex 82.358 16.674 6
      vertex 82.1502 16.6154 6
    endloop
  endfacet
  facet normal 0.271416 -0.962462 0
    outer loop
      vertex 82.358 16.674 6
      vertex 82.1502 16.6154 0
      vertex 82.358 16.674 0
    endloop
  endfacet
  facet normal -0.345941 0.938256 0
    outer loop
      vertex 84.0524 11.4593 0
      vertex 83.8498 11.3846 6
      vertex 84.0524 11.4593 6
    endloop
  endfacet
  facet normal -0.345941 0.938256 0
    outer loop
      vertex 83.8498 11.3846 6
      vertex 84.0524 11.4593 0
      vertex 83.8498 11.3846 0
    endloop
  endfacet
  facet normal -0.194958 0.980812 0
    outer loop
      vertex 83.642 11.326 0
      vertex 83.4302 11.2839 6
      vertex 83.642 11.326 6
    endloop
  endfacet
  facet normal -0.194958 0.980812 0
    outer loop
      vertex 83.4302 11.2839 6
      vertex 83.642 11.326 0
      vertex 83.4302 11.2839 0
    endloop
  endfacet
  facet normal -0.271416 -0.962462 0
    outer loop
      vertex 83.642 16.674 0
      vertex 83.8498 16.6154 6
      vertex 83.642 16.674 6
    endloop
  endfacet
  facet normal -0.271416 -0.962462 -0
    outer loop
      vertex 83.8498 16.6154 6
      vertex 83.642 16.674 0
      vertex 83.8498 16.6154 0
    endloop
  endfacet
  facet normal -0.993055 0.117647 0
    outer loop
      vertex 85.7161 13.5698 0
      vertex 85.7415 13.7842 6
      vertex 85.7415 13.7842 0
    endloop
  endfacet
  facet normal -0.993055 0.117647 0
    outer loop
      vertex 85.7415 13.7842 6
      vertex 85.7161 13.5698 0
      vertex 85.7161 13.5698 6
    endloop
  endfacet
  facet normal -0.619089 -0.785321 0
    outer loop
      vertex 84.6164 16.2248 0
      vertex 84.786 16.0911 6
      vertex 84.6164 16.2248 6
    endloop
  endfacet
  facet normal -0.619089 -0.785321 -0
    outer loop
      vertex 84.786 16.0911 6
      vertex 84.6164 16.2248 0
      vertex 84.786 16.0911 0
    endloop
  endfacet
  facet normal -0.194958 -0.980812 0
    outer loop
      vertex 83.4302 16.7161 0
      vertex 83.642 16.674 6
      vertex 83.4302 16.7161 6
    endloop
  endfacet
  facet normal -0.194958 -0.980812 -0
    outer loop
      vertex 83.642 16.674 6
      vertex 83.4302 16.7161 0
      vertex 83.642 16.674 0
    endloop
  endfacet
  facet normal -0.785321 0.619089 0
    outer loop
      vertex 85.0911 12.214 0
      vertex 85.2248 12.3836 6
      vertex 85.2248 12.3836 0
    endloop
  endfacet
  facet normal -0.785321 0.619089 0
    outer loop
      vertex 85.2248 12.3836 6
      vertex 85.0911 12.214 0
      vertex 85.0911 12.214 6
    endloop
  endfacet
  facet normal -0.785321 -0.619089 0
    outer loop
      vertex 85.2248 15.6164 0
      vertex 85.0911 15.786 6
      vertex 85.0911 15.786 0
    endloop
  endfacet
  facet normal -0.785321 -0.619089 0
    outer loop
      vertex 85.0911 15.786 6
      vertex 85.2248 15.6164 0
      vertex 85.2248 15.6164 6
    endloop
  endfacet
  facet normal -0.555769 -0.831337 0
    outer loop
      vertex 84.4369 16.3448 0
      vertex 84.6164 16.2248 6
      vertex 84.4369 16.3448 6
    endloop
  endfacet
  facet normal -0.555769 -0.831337 -0
    outer loop
      vertex 84.6164 16.2248 6
      vertex 84.4369 16.3448 0
      vertex 84.6164 16.2248 0
    endloop
  endfacet
  facet normal -0.980812 0.194958 0
    outer loop
      vertex 85.674 13.358 0
      vertex 85.7161 13.5698 6
      vertex 85.7161 13.5698 0
    endloop
  endfacet
  facet normal -0.980812 0.194958 0
    outer loop
      vertex 85.7161 13.5698 6
      vertex 85.674 13.358 0
      vertex 85.674 13.358 6
    endloop
  endfacet
  facet normal -0.938256 -0.345941 0
    outer loop
      vertex 85.6154 14.8498 0
      vertex 85.5407 15.0524 6
      vertex 85.5407 15.0524 0
    endloop
  endfacet
  facet normal -0.938256 -0.345941 0
    outer loop
      vertex 85.5407 15.0524 6
      vertex 85.6154 14.8498 0
      vertex 85.6154 14.8498 6
    endloop
  endfacet
  facet normal 0.734128 0.679011 0
    outer loop
      vertex 81.0555 12.0555 6
      vertex 80.9089 12.214 0
      vertex 80.9089 12.214 6
    endloop
  endfacet
  facet normal 0.734128 0.679011 0
    outer loop
      vertex 80.9089 12.214 0
      vertex 81.0555 12.0555 6
      vertex 81.0555 12.0555 0
    endloop
  endfacet
  facet normal -0.418647 -0.908149 0
    outer loop
      vertex 84.0524 16.5407 0
      vertex 84.2485 16.4503 6
      vertex 84.0524 16.5407 6
    endloop
  endfacet
  facet normal -0.418647 -0.908149 -0
    outer loop
      vertex 84.2485 16.4503 6
      vertex 84.0524 16.5407 0
      vertex 84.2485 16.4503 0
    endloop
  endfacet
  facet normal 0.679011 -0.734128 0
    outer loop
      vertex 81.0555 15.9445 0
      vertex 81.214 16.0911 6
      vertex 81.0555 15.9445 6
    endloop
  endfacet
  facet normal 0.679011 -0.734128 0
    outer loop
      vertex 81.214 16.0911 6
      vertex 81.0555 15.9445 0
      vertex 81.214 16.0911 0
    endloop
  endfacet
  facet normal -0.962462 -0.271416 0
    outer loop
      vertex 85.674 14.642 0
      vertex 85.6154 14.8498 6
      vertex 85.6154 14.8498 0
    endloop
  endfacet
  facet normal -0.962462 -0.271416 0
    outer loop
      vertex 85.6154 14.8498 6
      vertex 85.674 14.642 0
      vertex 85.674 14.642 6
    endloop
  endfacet
  facet normal -0.938256 0.345941 0
    outer loop
      vertex 85.5407 12.9476 0
      vertex 85.6154 13.1502 6
      vertex 85.6154 13.1502 0
    endloop
  endfacet
  facet normal -0.938256 0.345941 0
    outer loop
      vertex 85.6154 13.1502 6
      vertex 85.5407 12.9476 0
      vertex 85.5407 12.9476 6
    endloop
  endfacet
  facet normal -0.831337 0.555769 0
    outer loop
      vertex 85.2248 12.3836 0
      vertex 85.3448 12.5631 6
      vertex 85.3448 12.5631 0
    endloop
  endfacet
  facet normal -0.831337 0.555769 0
    outer loop
      vertex 85.3448 12.5631 6
      vertex 85.2248 12.3836 0
      vertex 85.2248 12.3836 6
    endloop
  endfacet
  facet normal -0.345941 -0.938256 0
    outer loop
      vertex 83.8498 16.6154 0
      vertex 84.0524 16.5407 6
      vertex 83.8498 16.6154 6
    endloop
  endfacet
  facet normal -0.345941 -0.938256 -0
    outer loop
      vertex 84.0524 16.5407 6
      vertex 83.8498 16.6154 0
      vertex 84.0524 16.5407 0
    endloop
  endfacet
  facet normal 0.345941 0.938256 -0
    outer loop
      vertex 82.1502 11.3846 0
      vertex 81.9476 11.4593 6
      vertex 82.1502 11.3846 6
    endloop
  endfacet
  facet normal 0.345941 0.938256 0
    outer loop
      vertex 81.9476 11.4593 6
      vertex 82.1502 11.3846 0
      vertex 81.9476 11.4593 0
    endloop
  endfacet
  facet normal -0.831337 -0.555769 0
    outer loop
      vertex 85.3448 15.4369 0
      vertex 85.2248 15.6164 6
      vertex 85.2248 15.6164 0
    endloop
  endfacet
  facet normal -0.831337 -0.555769 0
    outer loop
      vertex 85.2248 15.6164 6
      vertex 85.3448 15.4369 0
      vertex 85.3448 15.4369 6
    endloop
  endfacet
  facet normal -0.908149 -0.418647 0
    outer loop
      vertex 85.5407 15.0524 0
      vertex 85.4503 15.2485 6
      vertex 85.4503 15.2485 0
    endloop
  endfacet
  facet normal -0.908149 -0.418647 0
    outer loop
      vertex 85.4503 15.2485 6
      vertex 85.5407 15.0524 0
      vertex 85.5407 15.0524 6
    endloop
  endfacet
  facet normal -0.619089 0.785321 0
    outer loop
      vertex 84.786 11.9089 0
      vertex 84.6164 11.7752 6
      vertex 84.786 11.9089 6
    endloop
  endfacet
  facet normal -0.619089 0.785321 0
    outer loop
      vertex 84.6164 11.7752 6
      vertex 84.786 11.9089 0
      vertex 84.6164 11.7752 0
    endloop
  endfacet
  facet normal 0.999225 -0.0393578 0
    outer loop
      vertex 80.25 14 6
      vertex 80.2585 14.2158 0
      vertex 80.2585 14.2158 6
    endloop
  endfacet
  facet normal 0.999225 -0.0393578 0
    outer loop
      vertex 80.2585 14.2158 0
      vertex 80.25 14 6
      vertex 80.25 14 0
    endloop
  endfacet
  facet normal 0.418647 -0.908149 0
    outer loop
      vertex 81.7515 16.4503 0
      vertex 81.9476 16.5407 6
      vertex 81.7515 16.4503 6
    endloop
  endfacet
  facet normal 0.418647 -0.908149 0
    outer loop
      vertex 81.9476 16.5407 6
      vertex 81.7515 16.4503 0
      vertex 81.9476 16.5407 0
    endloop
  endfacet
  facet normal 0.0393578 -0.999225 0
    outer loop
      vertex 82.7842 16.7415 0
      vertex 83 16.75 6
      vertex 82.7842 16.7415 6
    endloop
  endfacet
  facet normal 0.0393578 -0.999225 0
    outer loop
      vertex 83 16.75 6
      vertex 82.7842 16.7415 0
      vertex 83 16.75 0
    endloop
  endfacet
  facet normal 0.785321 -0.619089 0
    outer loop
      vertex 80.7752 15.6164 6
      vertex 80.9089 15.786 0
      vertex 80.9089 15.786 6
    endloop
  endfacet
  facet normal 0.785321 -0.619089 0
    outer loop
      vertex 80.9089 15.786 0
      vertex 80.7752 15.6164 6
      vertex 80.7752 15.6164 0
    endloop
  endfacet
  facet normal -0.117647 0.993055 0
    outer loop
      vertex 83.4302 11.2839 0
      vertex 83.2158 11.2585 6
      vertex 83.4302 11.2839 6
    endloop
  endfacet
  facet normal -0.117647 0.993055 0
    outer loop
      vertex 83.2158 11.2585 6
      vertex 83.4302 11.2839 0
      vertex 83.2158 11.2585 0
    endloop
  endfacet
  facet normal -0.962462 0.271416 0
    outer loop
      vertex 85.6154 13.1502 0
      vertex 85.674 13.358 6
      vertex 85.674 13.358 0
    endloop
  endfacet
  facet normal -0.962462 0.271416 0
    outer loop
      vertex 85.674 13.358 6
      vertex 85.6154 13.1502 0
      vertex 85.6154 13.1502 6
    endloop
  endfacet
  facet normal 0.619089 0.785321 -0
    outer loop
      vertex 81.3836 11.7752 0
      vertex 81.214 11.9089 6
      vertex 81.3836 11.7752 6
    endloop
  endfacet
  facet normal 0.619089 0.785321 0
    outer loop
      vertex 81.214 11.9089 6
      vertex 81.3836 11.7752 0
      vertex 81.214 11.9089 0
    endloop
  endfacet
  facet normal 0.938256 -0.345941 0
    outer loop
      vertex 80.3846 14.8498 6
      vertex 80.4593 15.0524 0
      vertex 80.4593 15.0524 6
    endloop
  endfacet
  facet normal 0.938256 -0.345941 0
    outer loop
      vertex 80.4593 15.0524 0
      vertex 80.3846 14.8498 6
      vertex 80.3846 14.8498 0
    endloop
  endfacet
  facet normal 0.194958 -0.980812 0
    outer loop
      vertex 82.358 16.674 0
      vertex 82.5698 16.7161 6
      vertex 82.358 16.674 6
    endloop
  endfacet
  facet normal 0.194958 -0.980812 0
    outer loop
      vertex 82.5698 16.7161 6
      vertex 82.358 16.674 0
      vertex 82.5698 16.7161 0
    endloop
  endfacet
  facet normal 0.993055 -0.117647 0
    outer loop
      vertex 80.2585 14.2158 6
      vertex 80.2839 14.4302 0
      vertex 80.2839 14.4302 6
    endloop
  endfacet
  facet normal 0.993055 -0.117647 0
    outer loop
      vertex 80.2839 14.4302 0
      vertex 80.2585 14.2158 6
      vertex 80.2585 14.2158 0
    endloop
  endfacet
  facet normal 0.962462 -0.271416 0
    outer loop
      vertex 80.326 14.642 6
      vertex 80.3846 14.8498 0
      vertex 80.3846 14.8498 6
    endloop
  endfacet
  facet normal 0.962462 -0.271416 0
    outer loop
      vertex 80.3846 14.8498 0
      vertex 80.326 14.642 6
      vertex 80.326 14.642 0
    endloop
  endfacet
  facet normal -0.734128 -0.679011 0
    outer loop
      vertex 85.0911 15.786 0
      vertex 84.9445 15.9445 6
      vertex 84.9445 15.9445 0
    endloop
  endfacet
  facet normal -0.734128 -0.679011 0
    outer loop
      vertex 84.9445 15.9445 6
      vertex 85.0911 15.786 0
      vertex 85.0911 15.786 6
    endloop
  endfacet
  facet normal 0.962462 0.271416 0
    outer loop
      vertex 80.3846 13.1502 6
      vertex 80.326 13.358 0
      vertex 80.326 13.358 6
    endloop
  endfacet
  facet normal 0.962462 0.271416 0
    outer loop
      vertex 80.326 13.358 0
      vertex 80.3846 13.1502 6
      vertex 80.3846 13.1502 0
    endloop
  endfacet
  facet normal 0.785321 0.619089 0
    outer loop
      vertex 80.9089 12.214 6
      vertex 80.7752 12.3836 0
      vertex 80.7752 12.3836 6
    endloop
  endfacet
  facet normal 0.785321 0.619089 0
    outer loop
      vertex 80.7752 12.3836 0
      vertex 80.9089 12.214 6
      vertex 80.9089 12.214 0
    endloop
  endfacet
  facet normal -0.999225 0.0393578 0
    outer loop
      vertex 85.7415 13.7842 0
      vertex 85.75 14 6
      vertex 85.75 14 0
    endloop
  endfacet
  facet normal -0.999225 0.0393578 0
    outer loop
      vertex 85.75 14 6
      vertex 85.7415 13.7842 0
      vertex 85.7415 13.7842 6
    endloop
  endfacet
  facet normal -0.679011 0.734128 0
    outer loop
      vertex 84.9445 12.0555 0
      vertex 84.786 11.9089 6
      vertex 84.9445 12.0555 6
    endloop
  endfacet
  facet normal -0.679011 0.734128 0
    outer loop
      vertex 84.786 11.9089 6
      vertex 84.9445 12.0555 0
      vertex 84.786 11.9089 0
    endloop
  endfacet
  facet normal 0.619089 -0.785321 0
    outer loop
      vertex 81.214 16.0911 0
      vertex 81.3836 16.2248 6
      vertex 81.214 16.0911 6
    endloop
  endfacet
  facet normal 0.619089 -0.785321 0
    outer loop
      vertex 81.3836 16.2248 6
      vertex 81.214 16.0911 0
      vertex 81.3836 16.2248 0
    endloop
  endfacet
  facet normal -0.0393578 0.999225 0
    outer loop
      vertex 83.2158 11.2585 0
      vertex 83 11.25 6
      vertex 83.2158 11.2585 6
    endloop
  endfacet
  facet normal -0.0393578 0.999225 0
    outer loop
      vertex 83 11.25 6
      vertex 83.2158 11.2585 0
      vertex 83 11.25 0
    endloop
  endfacet
  facet normal 0.734128 -0.679011 0
    outer loop
      vertex 80.9089 15.786 6
      vertex 81.0555 15.9445 0
      vertex 81.0555 15.9445 6
    endloop
  endfacet
  facet normal 0.734128 -0.679011 0
    outer loop
      vertex 81.0555 15.9445 0
      vertex 80.9089 15.786 6
      vertex 80.9089 15.786 0
    endloop
  endfacet
  facet normal 0.908149 -0.418647 0
    outer loop
      vertex 80.4593 15.0524 6
      vertex 80.5497 15.2485 0
      vertex 80.5497 15.2485 6
    endloop
  endfacet
  facet normal 0.908149 -0.418647 0
    outer loop
      vertex 80.5497 15.2485 0
      vertex 80.4593 15.0524 6
      vertex 80.4593 15.0524 0
    endloop
  endfacet
  facet normal 0.993055 0.117647 0
    outer loop
      vertex 80.2839 13.5698 6
      vertex 80.2585 13.7842 0
      vertex 80.2585 13.7842 6
    endloop
  endfacet
  facet normal 0.993055 0.117647 0
    outer loop
      vertex 80.2585 13.7842 0
      vertex 80.2839 13.5698 6
      vertex 80.2839 13.5698 0
    endloop
  endfacet
  facet normal 0.194958 0.980812 -0
    outer loop
      vertex 82.5698 11.2839 0
      vertex 82.358 11.326 6
      vertex 82.5698 11.2839 6
    endloop
  endfacet
  facet normal 0.194958 0.980812 0
    outer loop
      vertex 82.358 11.326 6
      vertex 82.5698 11.2839 0
      vertex 82.358 11.326 0
    endloop
  endfacet
  facet normal 0.117647 -0.993055 0
    outer loop
      vertex 82.5698 16.7161 0
      vertex 82.7842 16.7415 6
      vertex 82.5698 16.7161 6
    endloop
  endfacet
  facet normal 0.117647 -0.993055 0
    outer loop
      vertex 82.7842 16.7415 6
      vertex 82.5698 16.7161 0
      vertex 82.7842 16.7415 0
    endloop
  endfacet
  facet normal -0.271416 0.962462 0
    outer loop
      vertex 83.8498 11.3846 0
      vertex 83.642 11.326 6
      vertex 83.8498 11.3846 6
    endloop
  endfacet
  facet normal -0.271416 0.962462 0
    outer loop
      vertex 83.642 11.326 6
      vertex 83.8498 11.3846 0
      vertex 83.642 11.326 0
    endloop
  endfacet
  facet normal 0.679011 0.734128 -0
    outer loop
      vertex 81.214 11.9089 0
      vertex 81.0555 12.0555 6
      vertex 81.214 11.9089 6
    endloop
  endfacet
  facet normal 0.679011 0.734128 0
    outer loop
      vertex 81.0555 12.0555 6
      vertex 81.214 11.9089 0
      vertex 81.0555 12.0555 0
    endloop
  endfacet
  facet normal 0.980812 0.194958 0
    outer loop
      vertex 80.326 13.358 6
      vertex 80.2839 13.5698 0
      vertex 80.2839 13.5698 6
    endloop
  endfacet
  facet normal 0.980812 0.194958 0
    outer loop
      vertex 80.2839 13.5698 0
      vertex 80.326 13.358 6
      vertex 80.326 13.358 0
    endloop
  endfacet
  facet normal 0.980812 -0.194958 0
    outer loop
      vertex 80.2839 14.4302 6
      vertex 80.326 14.642 0
      vertex 80.326 14.642 6
    endloop
  endfacet
  facet normal 0.980812 -0.194958 0
    outer loop
      vertex 80.326 14.642 0
      vertex 80.2839 14.4302 6
      vertex 80.2839 14.4302 0
    endloop
  endfacet
  facet normal 0.555769 -0.831337 0
    outer loop
      vertex 81.3836 16.2248 0
      vertex 81.5631 16.3448 6
      vertex 81.3836 16.2248 6
    endloop
  endfacet
  facet normal 0.555769 -0.831337 0
    outer loop
      vertex 81.5631 16.3448 6
      vertex 81.3836 16.2248 0
      vertex 81.5631 16.3448 0
    endloop
  endfacet
  facet normal -0.908149 0.418647 0
    outer loop
      vertex 85.4503 12.7515 0
      vertex 85.5407 12.9476 6
      vertex 85.5407 12.9476 0
    endloop
  endfacet
  facet normal -0.908149 0.418647 0
    outer loop
      vertex 85.5407 12.9476 6
      vertex 85.4503 12.7515 0
      vertex 85.4503 12.7515 6
    endloop
  endfacet
  facet normal 0.345941 -0.938256 0
    outer loop
      vertex 81.9476 16.5407 0
      vertex 82.1502 16.6154 6
      vertex 81.9476 16.5407 6
    endloop
  endfacet
  facet normal 0.345941 -0.938256 0
    outer loop
      vertex 82.1502 16.6154 6
      vertex 81.9476 16.5407 0
      vertex 82.1502 16.6154 0
    endloop
  endfacet
  facet normal 0.872514 -0.488589 0
    outer loop
      vertex 80.5497 15.2485 6
      vertex 80.6552 15.4369 0
      vertex 80.6552 15.4369 6
    endloop
  endfacet
  facet normal 0.872514 -0.488589 0
    outer loop
      vertex 80.6552 15.4369 0
      vertex 80.5497 15.2485 6
      vertex 80.5497 15.2485 0
    endloop
  endfacet
  facet normal 0.938256 0.345941 0
    outer loop
      vertex 80.4593 12.9476 6
      vertex 80.3846 13.1502 0
      vertex 80.3846 13.1502 6
    endloop
  endfacet
  facet normal 0.938256 0.345941 0
    outer loop
      vertex 80.3846 13.1502 0
      vertex 80.4593 12.9476 6
      vertex 80.4593 12.9476 0
    endloop
  endfacet
  facet normal -0.679011 -0.734128 0
    outer loop
      vertex 84.786 16.0911 0
      vertex 84.9445 15.9445 6
      vertex 84.786 16.0911 6
    endloop
  endfacet
  facet normal -0.679011 -0.734128 -0
    outer loop
      vertex 84.9445 15.9445 6
      vertex 84.786 16.0911 0
      vertex 84.9445 15.9445 0
    endloop
  endfacet
  facet normal 0.0393578 0.999225 -0
    outer loop
      vertex 83 11.25 0
      vertex 82.7842 11.2585 6
      vertex 83 11.25 6
    endloop
  endfacet
  facet normal 0.0393578 0.999225 0
    outer loop
      vertex 82.7842 11.2585 6
      vertex 83 11.25 0
      vertex 82.7842 11.2585 0
    endloop
  endfacet
  facet normal 0.418647 0.908149 -0
    outer loop
      vertex 81.9476 11.4593 0
      vertex 81.7515 11.5497 6
      vertex 81.9476 11.4593 6
    endloop
  endfacet
  facet normal 0.418647 0.908149 0
    outer loop
      vertex 81.7515 11.5497 6
      vertex 81.9476 11.4593 0
      vertex 81.7515 11.5497 0
    endloop
  endfacet
  facet normal 0.999225 0.0393578 0
    outer loop
      vertex 80.2585 13.7842 6
      vertex 80.25 14 0
      vertex 80.25 14 6
    endloop
  endfacet
  facet normal 0.999225 0.0393578 0
    outer loop
      vertex 80.25 14 0
      vertex 80.2585 13.7842 6
      vertex 80.2585 13.7842 0
    endloop
  endfacet
  facet normal 0.271416 0.962462 -0
    outer loop
      vertex 82.358 11.326 0
      vertex 82.1502 11.3846 6
      vertex 82.358 11.326 6
    endloop
  endfacet
  facet normal 0.271416 0.962462 0
    outer loop
      vertex 82.1502 11.3846 6
      vertex 82.358 11.326 0
      vertex 82.1502 11.3846 0
    endloop
  endfacet
  facet normal -0.117647 -0.993055 0
    outer loop
      vertex 83.2158 16.7415 0
      vertex 83.4302 16.7161 6
      vertex 83.2158 16.7415 6
    endloop
  endfacet
  facet normal -0.117647 -0.993055 -0
    outer loop
      vertex 83.4302 16.7161 6
      vertex 83.2158 16.7415 0
      vertex 83.4302 16.7161 0
    endloop
  endfacet
  facet normal 0.908149 0.418647 0
    outer loop
      vertex 80.5497 12.7515 6
      vertex 80.4593 12.9476 0
      vertex 80.4593 12.9476 6
    endloop
  endfacet
  facet normal 0.908149 0.418647 0
    outer loop
      vertex 80.4593 12.9476 0
      vertex 80.5497 12.7515 6
      vertex 80.5497 12.7515 0
    endloop
  endfacet
  facet normal -0.555769 0.831337 0
    outer loop
      vertex 84.6164 11.7752 0
      vertex 84.4369 11.6552 6
      vertex 84.6164 11.7752 6
    endloop
  endfacet
  facet normal -0.555769 0.831337 0
    outer loop
      vertex 84.4369 11.6552 6
      vertex 84.6164 11.7752 0
      vertex 84.4369 11.6552 0
    endloop
  endfacet
  facet normal -0.872514 0.488589 0
    outer loop
      vertex 85.3448 12.5631 0
      vertex 85.4503 12.7515 6
      vertex 85.4503 12.7515 0
    endloop
  endfacet
  facet normal -0.872514 0.488589 0
    outer loop
      vertex 85.4503 12.7515 6
      vertex 85.3448 12.5631 0
      vertex 85.3448 12.5631 6
    endloop
  endfacet
  facet normal -0.734128 0.679011 0
    outer loop
      vertex 84.9445 12.0555 0
      vertex 85.0911 12.214 6
      vertex 85.0911 12.214 0
    endloop
  endfacet
  facet normal -0.734128 0.679011 0
    outer loop
      vertex 85.0911 12.214 6
      vertex 84.9445 12.0555 0
      vertex 84.9445 12.0555 6
    endloop
  endfacet
  facet normal -0.0393578 -0.999225 0
    outer loop
      vertex 83 16.75 0
      vertex 83.2158 16.7415 6
      vertex 83 16.75 6
    endloop
  endfacet
  facet normal -0.0393578 -0.999225 -0
    outer loop
      vertex 83.2158 16.7415 6
      vertex 83 16.75 0
      vertex 83.2158 16.7415 0
    endloop
  endfacet
  facet normal 0.488589 -0.872514 0
    outer loop
      vertex 81.5631 16.3448 0
      vertex 81.7515 16.4503 6
      vertex 81.5631 16.3448 6
    endloop
  endfacet
  facet normal 0.488589 -0.872514 0
    outer loop
      vertex 81.7515 16.4503 6
      vertex 81.5631 16.3448 0
      vertex 81.7515 16.4503 0
    endloop
  endfacet
  facet normal 0.872514 0.488589 0
    outer loop
      vertex 80.6552 12.5631 6
      vertex 80.5497 12.7515 0
      vertex 80.5497 12.7515 6
    endloop
  endfacet
  facet normal 0.872514 0.488589 0
    outer loop
      vertex 80.5497 12.7515 0
      vertex 80.6552 12.5631 6
      vertex 80.6552 12.5631 0
    endloop
  endfacet
  facet normal 0.831337 0.555769 0
    outer loop
      vertex 80.7752 12.3836 6
      vertex 80.6552 12.5631 0
      vertex 80.6552 12.5631 6
    endloop
  endfacet
  facet normal 0.831337 0.555769 0
    outer loop
      vertex 80.6552 12.5631 0
      vertex 80.7752 12.3836 6
      vertex 80.7752 12.3836 0
    endloop
  endfacet
  facet normal 0.117647 0.993055 -0
    outer loop
      vertex 82.7842 11.2585 0
      vertex 82.5698 11.2839 6
      vertex 82.7842 11.2585 6
    endloop
  endfacet
  facet normal 0.117647 0.993055 0
    outer loop
      vertex 82.5698 11.2839 6
      vertex 82.7842 11.2585 0
      vertex 82.5698 11.2839 0
    endloop
  endfacet
  facet normal 0.555769 0.831337 -0
    outer loop
      vertex 81.5631 11.6552 0
      vertex 81.3836 11.7752 6
      vertex 81.5631 11.6552 6
    endloop
  endfacet
  facet normal 0.555769 0.831337 0
    outer loop
      vertex 81.3836 11.7752 6
      vertex 81.5631 11.6552 0
      vertex 81.3836 11.7752 0
    endloop
  endfacet
  facet normal -0.418647 0.908149 0
    outer loop
      vertex 84.2485 11.5497 0
      vertex 84.0524 11.4593 6
      vertex 84.2485 11.5497 6
    endloop
  endfacet
  facet normal -0.418647 0.908149 0
    outer loop
      vertex 84.0524 11.4593 6
      vertex 84.2485 11.5497 0
      vertex 84.0524 11.4593 0
    endloop
  endfacet
  facet normal 0.831337 -0.555769 0
    outer loop
      vertex 80.6552 15.4369 6
      vertex 80.7752 15.6164 0
      vertex 80.7752 15.6164 6
    endloop
  endfacet
  facet normal 0.831337 -0.555769 0
    outer loop
      vertex 80.7752 15.6164 0
      vertex 80.6552 15.4369 6
      vertex 80.6552 15.4369 0
    endloop
  endfacet
  facet normal -0.938181 0.346144 0
    outer loop
      vertex -55.3806 -1.91342 0
      vertex -55.2447 -1.54508 33
      vertex -55.2447 -1.54508 0
    endloop
  endfacet
  facet normal -0.938181 0.346144 0
    outer loop
      vertex -55.2447 -1.54508 33
      vertex -55.3806 -1.91342 0
      vertex -55.3806 -1.91342 33
    endloop
  endfacet
  facet normal -0.993052 -0.117676 0
    outer loop
      vertex -55.0154 0.392295 0
      vertex -55.0616 0.782172 33
      vertex -55.0616 0.782172 0
    endloop
  endfacet
  facet normal -0.993052 -0.117676 0
    outer loop
      vertex -55.0616 0.782172 33
      vertex -55.0154 0.392295 0
      vertex -55.0154 0.392295 33
    endloop
  endfacet
  facet normal -0.99923 -0.039226 0
    outer loop
      vertex -55 0 0
      vertex -55.0154 0.392295 33
      vertex -55.0154 0.392295 0
    endloop
  endfacet
  facet normal -0.99923 -0.039226 0
    outer loop
      vertex -55.0154 0.392295 33
      vertex -55 0 0
      vertex -55 0 33
    endloop
  endfacet
  facet normal -0.98083 -0.194863 0
    outer loop
      vertex -55.0616 0.782172 0
      vertex -55.1381 1.16723 33
      vertex -55.1381 1.16723 0
    endloop
  endfacet
  facet normal -0.98083 -0.194863 0
    outer loop
      vertex -55.1381 1.16723 33
      vertex -55.0616 0.782172 0
      vertex -55.0616 0.782172 33
    endloop
  endfacet
  facet normal 0.831493 -0.555535 0
    outer loop
      vertex -64.2632 2.61249 33
      vertex -64.0451 2.93893 0
      vertex -64.0451 2.93893 33
    endloop
  endfacet
  facet normal 0.831493 -0.555535 0
    outer loop
      vertex -64.0451 2.93893 0
      vertex -64.2632 2.61249 33
      vertex -64.2632 2.61249 0
    endloop
  endfacet
  facet normal -0.785257 0.619169 0
    outer loop
      vertex -56.198 -3.24724 0
      vertex -55.9549 -2.93893 33
      vertex -55.9549 -2.93893 0
    endloop
  endfacet
  facet normal -0.785257 0.619169 0
    outer loop
      vertex -55.9549 -2.93893 33
      vertex -56.198 -3.24724 0
      vertex -56.198 -3.24724 33
    endloop
  endfacet
  facet normal -0.619103 -0.78531 0
    outer loop
      vertex -57.0611 4.04508 0
      vertex -56.7528 3.80203 33
      vertex -57.0611 4.04508 33
    endloop
  endfacet
  facet normal -0.619103 -0.78531 -0
    outer loop
      vertex -56.7528 3.80203 33
      vertex -57.0611 4.04508 0
      vertex -56.7528 3.80203 0
    endloop
  endfacet
  facet normal -0.908107 0.418738 0
    outer loop
      vertex -55.545 -2.26995 0
      vertex -55.3806 -1.91342 33
      vertex -55.3806 -1.91342 0
    endloop
  endfacet
  facet normal -0.908107 0.418738 0
    outer loop
      vertex -55.3806 -1.91342 33
      vertex -55.545 -2.26995 0
      vertex -55.545 -2.26995 33
    endloop
  endfacet
  facet normal -0.27142 -0.962461 0
    outer loop
      vertex -58.8328 4.86185 0
      vertex -58.4549 4.75528 33
      vertex -58.8328 4.86185 33
    endloop
  endfacet
  facet normal -0.27142 -0.962461 -0
    outer loop
      vertex -58.4549 4.75528 33
      vertex -58.8328 4.86185 0
      vertex -58.4549 4.75528 0
    endloop
  endfacet
  facet normal 0.678798 0.734325 -0
    outer loop
      vertex -63.2472 -3.80203 0
      vertex -63.5355 -3.53553 33
      vertex -63.2472 -3.80203 33
    endloop
  endfacet
  facet normal 0.678798 0.734325 0
    outer loop
      vertex -63.5355 -3.53553 33
      vertex -63.2472 -3.80203 0
      vertex -63.5355 -3.53553 0
    endloop
  endfacet
  facet normal 0.27142 -0.962461 0
    outer loop
      vertex -61.5451 4.75528 0
      vertex -61.1672 4.86185 33
      vertex -61.5451 4.75528 33
    endloop
  endfacet
  facet normal 0.27142 -0.962461 0
    outer loop
      vertex -61.1672 4.86185 33
      vertex -61.5451 4.75528 0
      vertex -61.1672 4.86185 0
    endloop
  endfacet
  facet normal 0.619103 0.78531 -0
    outer loop
      vertex -62.9389 -4.04508 0
      vertex -63.2472 -3.80203 33
      vertex -62.9389 -4.04508 33
    endloop
  endfacet
  facet normal 0.619103 0.78531 0
    outer loop
      vertex -63.2472 -3.80203 33
      vertex -62.9389 -4.04508 0
      vertex -63.2472 -3.80203 0
    endloop
  endfacet
  facet normal -0.555617 0.831438 0
    outer loop
      vertex -57.0611 -4.04508 0
      vertex -57.3875 -4.2632 33
      vertex -57.0611 -4.04508 33
    endloop
  endfacet
  facet normal -0.555617 0.831438 0
    outer loop
      vertex -57.3875 -4.2632 33
      vertex -57.0611 -4.04508 0
      vertex -57.3875 -4.2632 0
    endloop
  endfacet
  facet normal -0.734313 0.678811 0
    outer loop
      vertex -56.4645 -3.53553 0
      vertex -56.198 -3.24724 33
      vertex -56.198 -3.24724 0
    endloop
  endfacet
  facet normal -0.734313 0.678811 0
    outer loop
      vertex -56.198 -3.24724 33
      vertex -56.4645 -3.53553 0
      vertex -56.4645 -3.53553 33
    endloop
  endfacet
  facet normal -0.117543 0.993068 0
    outer loop
      vertex -59.2178 -4.93844 0
      vertex -59.6077 -4.98459 33
      vertex -59.2178 -4.93844 33
    endloop
  endfacet
  facet normal -0.117543 0.993068 0
    outer loop
      vertex -59.6077 -4.98459 33
      vertex -59.2178 -4.93844 0
      vertex -59.6077 -4.98459 0
    endloop
  endfacet
  facet normal 0.488662 -0.872473 0
    outer loop
      vertex -62.6125 4.2632 0
      vertex -62.27 4.45503 33
      vertex -62.6125 4.2632 33
    endloop
  endfacet
  facet normal 0.488662 -0.872473 0
    outer loop
      vertex -62.27 4.45503 33
      vertex -62.6125 4.2632 0
      vertex -62.27 4.45503 0
    endloop
  endfacet
  facet normal 0.908107 -0.418738 0
    outer loop
      vertex -64.6194 1.91342 33
      vertex -64.455 2.26995 0
      vertex -64.455 2.26995 33
    endloop
  endfacet
  facet normal 0.908107 -0.418738 0
    outer loop
      vertex -64.455 2.26995 0
      vertex -64.6194 1.91342 33
      vertex -64.6194 1.91342 0
    endloop
  endfacet
  facet normal 0.678798 -0.734325 0
    outer loop
      vertex -63.5355 3.53553 0
      vertex -63.2472 3.80203 33
      vertex -63.5355 3.53553 33
    endloop
  endfacet
  facet normal 0.678798 -0.734325 0
    outer loop
      vertex -63.2472 3.80203 33
      vertex -63.5355 3.53553 0
      vertex -63.2472 3.80203 0
    endloop
  endfacet
  facet normal 0.938181 0.346144 0
    outer loop
      vertex -64.6194 -1.91342 33
      vertex -64.7553 -1.54508 0
      vertex -64.7553 -1.54508 33
    endloop
  endfacet
  facet normal 0.938181 0.346144 0
    outer loop
      vertex -64.7553 -1.54508 0
      vertex -64.6194 -1.91342 33
      vertex -64.6194 -1.91342 0
    endloop
  endfacet
  facet normal -0.98083 0.194863 0
    outer loop
      vertex -55.1381 -1.16723 0
      vertex -55.0616 -0.782172 33
      vertex -55.0616 -0.782172 0
    endloop
  endfacet
  facet normal -0.98083 0.194863 0
    outer loop
      vertex -55.0616 -0.782172 33
      vertex -55.1381 -1.16723 0
      vertex -55.1381 -1.16723 33
    endloop
  endfacet
  facet normal -0.99923 0.039226 0
    outer loop
      vertex -55.0154 -0.392295 0
      vertex -55 0 33
      vertex -55 0 0
    endloop
  endfacet
  facet normal -0.99923 0.039226 0
    outer loop
      vertex -55 0 33
      vertex -55.0154 -0.392295 0
      vertex -55.0154 -0.392295 33
    endloop
  endfacet
  facet normal -0.962432 -0.271524 0
    outer loop
      vertex -55.1381 1.16723 0
      vertex -55.2447 1.54508 33
      vertex -55.2447 1.54508 0
    endloop
  endfacet
  facet normal -0.962432 -0.271524 0
    outer loop
      vertex -55.2447 1.54508 33
      vertex -55.1381 1.16723 0
      vertex -55.1381 1.16723 33
    endloop
  endfacet
  facet normal 0.993052 0.117676 0
    outer loop
      vertex -64.9384 -0.782172 33
      vertex -64.9846 -0.392295 0
      vertex -64.9846 -0.392295 33
    endloop
  endfacet
  facet normal 0.993052 0.117676 0
    outer loop
      vertex -64.9846 -0.392295 0
      vertex -64.9384 -0.782172 33
      vertex -64.9384 -0.782172 0
    endloop
  endfacet
  facet normal -0.117543 -0.993068 0
    outer loop
      vertex -59.6077 4.98459 0
      vertex -59.2178 4.93844 33
      vertex -59.6077 4.98459 33
    endloop
  endfacet
  facet normal -0.117543 -0.993068 -0
    outer loop
      vertex -59.2178 4.93844 33
      vertex -59.6077 4.98459 0
      vertex -59.2178 4.93844 0
    endloop
  endfacet
  facet normal 0.117543 0.993068 -0
    outer loop
      vertex -60.3923 -4.98459 0
      vertex -60.7822 -4.93844 33
      vertex -60.3923 -4.98459 33
    endloop
  endfacet
  facet normal 0.117543 0.993068 0
    outer loop
      vertex -60.7822 -4.93844 33
      vertex -60.3923 -4.98459 0
      vertex -60.7822 -4.93844 0
    endloop
  endfacet
  facet normal 0.87253 0.48856 0
    outer loop
      vertex -64.2632 -2.61249 33
      vertex -64.455 -2.26995 0
      vertex -64.455 -2.26995 33
    endloop
  endfacet
  facet normal 0.87253 0.48856 0
    outer loop
      vertex -64.455 -2.26995 0
      vertex -64.2632 -2.61249 33
      vertex -64.2632 -2.61249 0
    endloop
  endfacet
  facet normal -0.87253 -0.48856 0
    outer loop
      vertex -55.545 2.26995 0
      vertex -55.7368 2.61249 33
      vertex -55.7368 2.61249 0
    endloop
  endfacet
  facet normal -0.87253 -0.48856 0
    outer loop
      vertex -55.7368 2.61249 33
      vertex -55.545 2.26995 0
      vertex -55.545 2.26995 33
    endloop
  endfacet
  facet normal -0.962432 0.271524 0
    outer loop
      vertex -55.2447 -1.54508 0
      vertex -55.1381 -1.16723 33
      vertex -55.1381 -1.16723 0
    endloop
  endfacet
  facet normal -0.962432 0.271524 0
    outer loop
      vertex -55.1381 -1.16723 33
      vertex -55.2447 -1.54508 0
      vertex -55.2447 -1.54508 33
    endloop
  endfacet
  facet normal -0.418608 0.908167 0
    outer loop
      vertex -57.73 -4.45503 0
      vertex -58.0866 -4.6194 33
      vertex -57.73 -4.45503 33
    endloop
  endfacet
  facet normal -0.418608 0.908167 0
    outer loop
      vertex -58.0866 -4.6194 33
      vertex -57.73 -4.45503 0
      vertex -58.0866 -4.6194 0
    endloop
  endfacet
  facet normal -0.678798 0.734325 0
    outer loop
      vertex -56.4645 -3.53553 0
      vertex -56.7528 -3.80203 33
      vertex -56.4645 -3.53553 33
    endloop
  endfacet
  facet normal -0.678798 0.734325 0
    outer loop
      vertex -56.7528 -3.80203 33
      vertex -56.4645 -3.53553 0
      vertex -56.7528 -3.80203 0
    endloop
  endfacet
  facet normal 0.555617 -0.831438 0
    outer loop
      vertex -62.9389 4.04508 0
      vertex -62.6125 4.2632 33
      vertex -62.9389 4.04508 33
    endloop
  endfacet
  facet normal 0.555617 -0.831438 0
    outer loop
      vertex -62.6125 4.2632 33
      vertex -62.9389 4.04508 0
      vertex -62.6125 4.2632 0
    endloop
  endfacet
  facet normal 0.785257 0.619169 0
    outer loop
      vertex -63.802 -3.24724 33
      vertex -64.0451 -2.93893 0
      vertex -64.0451 -2.93893 33
    endloop
  endfacet
  facet normal 0.785257 0.619169 0
    outer loop
      vertex -64.0451 -2.93893 0
      vertex -63.802 -3.24724 33
      vertex -63.802 -3.24724 0
    endloop
  endfacet
  facet normal 0.555617 0.831438 -0
    outer loop
      vertex -62.6125 -4.2632 0
      vertex -62.9389 -4.04508 33
      vertex -62.6125 -4.2632 33
    endloop
  endfacet
  facet normal 0.555617 0.831438 0
    outer loop
      vertex -62.9389 -4.04508 33
      vertex -62.6125 -4.2632 0
      vertex -62.9389 -4.04508 0
    endloop
  endfacet
  facet normal 0.0392509 -0.999229 0
    outer loop
      vertex -60.3923 4.98459 0
      vertex -60 5 33
      vertex -60.3923 4.98459 33
    endloop
  endfacet
  facet normal 0.0392509 -0.999229 0
    outer loop
      vertex -60 5 33
      vertex -60.3923 4.98459 0
      vertex -60 5 0
    endloop
  endfacet
  facet normal -0.418608 -0.908167 0
    outer loop
      vertex -58.0866 4.6194 0
      vertex -57.73 4.45503 33
      vertex -58.0866 4.6194 33
    endloop
  endfacet
  facet normal -0.418608 -0.908167 -0
    outer loop
      vertex -57.73 4.45503 33
      vertex -58.0866 4.6194 0
      vertex -57.73 4.45503 0
    endloop
  endfacet
  facet normal 0.195112 0.980781 -0
    outer loop
      vertex -60.7822 -4.93844 0
      vertex -61.1672 -4.86185 33
      vertex -60.7822 -4.93844 33
    endloop
  endfacet
  facet normal 0.195112 0.980781 0
    outer loop
      vertex -61.1672 -4.86185 33
      vertex -60.7822 -4.93844 0
      vertex -61.1672 -4.86185 0
    endloop
  endfacet
  facet normal -0.488662 0.872473 0
    outer loop
      vertex -57.3875 -4.2632 0
      vertex -57.73 -4.45503 33
      vertex -57.3875 -4.2632 33
    endloop
  endfacet
  facet normal -0.488662 0.872473 0
    outer loop
      vertex -57.73 -4.45503 33
      vertex -57.3875 -4.2632 0
      vertex -57.73 -4.45503 0
    endloop
  endfacet
  facet normal -0.555617 -0.831438 0
    outer loop
      vertex -57.3875 4.2632 0
      vertex -57.0611 4.04508 33
      vertex -57.3875 4.2632 33
    endloop
  endfacet
  facet normal -0.555617 -0.831438 -0
    outer loop
      vertex -57.0611 4.04508 33
      vertex -57.3875 4.2632 0
      vertex -57.0611 4.04508 0
    endloop
  endfacet
  facet normal 0.980782 -0.195108 0
    outer loop
      vertex -64.9384 0.782172 33
      vertex -64.8618 1.16723 0
      vertex -64.8618 1.16723 33
    endloop
  endfacet
  facet normal 0.980782 -0.195108 0
    outer loop
      vertex -64.8618 1.16723 0
      vertex -64.9384 0.782172 33
      vertex -64.9384 0.782172 0
    endloop
  endfacet
  facet normal -0.488662 -0.872473 0
    outer loop
      vertex -57.73 4.45503 0
      vertex -57.3875 4.2632 33
      vertex -57.73 4.45503 33
    endloop
  endfacet
  facet normal -0.488662 -0.872473 -0
    outer loop
      vertex -57.3875 4.2632 33
      vertex -57.73 4.45503 0
      vertex -57.3875 4.2632 0
    endloop
  endfacet
  facet normal -0.0392509 0.999229 0
    outer loop
      vertex -59.6077 -4.98459 0
      vertex -60 -5 33
      vertex -59.6077 -4.98459 33
    endloop
  endfacet
  facet normal -0.0392509 0.999229 0
    outer loop
      vertex -60 -5 33
      vertex -59.6077 -4.98459 0
      vertex -60 -5 0
    endloop
  endfacet
  facet normal -0.831493 0.555535 0
    outer loop
      vertex -55.9549 -2.93893 0
      vertex -55.7368 -2.61249 33
      vertex -55.7368 -2.61249 0
    endloop
  endfacet
  facet normal -0.831493 0.555535 0
    outer loop
      vertex -55.7368 -2.61249 33
      vertex -55.9549 -2.93893 0
      vertex -55.9549 -2.93893 33
    endloop
  endfacet
  facet normal -0.195112 0.980781 0
    outer loop
      vertex -58.8328 -4.86185 0
      vertex -59.2178 -4.93844 33
      vertex -58.8328 -4.86185 33
    endloop
  endfacet
  facet normal -0.195112 0.980781 0
    outer loop
      vertex -59.2178 -4.93844 33
      vertex -58.8328 -4.86185 0
      vertex -59.2178 -4.93844 0
    endloop
  endfacet
  facet normal 0.346133 -0.938186 0
    outer loop
      vertex -61.9134 4.6194 0
      vertex -61.5451 4.75528 33
      vertex -61.9134 4.6194 33
    endloop
  endfacet
  facet normal 0.346133 -0.938186 0
    outer loop
      vertex -61.5451 4.75528 33
      vertex -61.9134 4.6194 0
      vertex -61.5451 4.75528 0
    endloop
  endfacet
  facet normal -0.993052 0.117676 0
    outer loop
      vertex -55.0616 -0.782172 0
      vertex -55.0154 -0.392295 33
      vertex -55.0154 -0.392295 0
    endloop
  endfacet
  facet normal -0.993052 0.117676 0
    outer loop
      vertex -55.0154 -0.392295 33
      vertex -55.0616 -0.782172 0
      vertex -55.0616 -0.782172 33
    endloop
  endfacet
  facet normal -0.678798 -0.734325 0
    outer loop
      vertex -56.7528 3.80203 0
      vertex -56.4645 3.53553 33
      vertex -56.7528 3.80203 33
    endloop
  endfacet
  facet normal -0.678798 -0.734325 -0
    outer loop
      vertex -56.4645 3.53553 33
      vertex -56.7528 3.80203 0
      vertex -56.4645 3.53553 0
    endloop
  endfacet
  facet normal -0.938181 -0.346144 0
    outer loop
      vertex -55.2447 1.54508 0
      vertex -55.3806 1.91342 33
      vertex -55.3806 1.91342 0
    endloop
  endfacet
  facet normal -0.938181 -0.346144 0
    outer loop
      vertex -55.3806 1.91342 33
      vertex -55.2447 1.54508 0
      vertex -55.2447 1.54508 33
    endloop
  endfacet
  facet normal 0.908107 0.418738 0
    outer loop
      vertex -64.455 -2.26995 33
      vertex -64.6194 -1.91342 0
      vertex -64.6194 -1.91342 33
    endloop
  endfacet
  facet normal 0.908107 0.418738 0
    outer loop
      vertex -64.6194 -1.91342 0
      vertex -64.455 -2.26995 33
      vertex -64.455 -2.26995 0
    endloop
  endfacet
  facet normal -0.908107 -0.418738 0
    outer loop
      vertex -55.3806 1.91342 0
      vertex -55.545 2.26995 33
      vertex -55.545 2.26995 0
    endloop
  endfacet
  facet normal -0.908107 -0.418738 0
    outer loop
      vertex -55.545 2.26995 33
      vertex -55.3806 1.91342 0
      vertex -55.3806 1.91342 33
    endloop
  endfacet
  facet normal 0.195112 -0.980781 0
    outer loop
      vertex -61.1672 4.86185 0
      vertex -60.7822 4.93844 33
      vertex -61.1672 4.86185 33
    endloop
  endfacet
  facet normal 0.195112 -0.980781 0
    outer loop
      vertex -60.7822 4.93844 33
      vertex -61.1672 4.86185 0
      vertex -60.7822 4.93844 0
    endloop
  endfacet
  facet normal -0.734313 -0.678811 0
    outer loop
      vertex -56.198 3.24724 0
      vertex -56.4645 3.53553 33
      vertex -56.4645 3.53553 0
    endloop
  endfacet
  facet normal -0.734313 -0.678811 0
    outer loop
      vertex -56.4645 3.53553 33
      vertex -56.198 3.24724 0
      vertex -56.198 3.24724 33
    endloop
  endfacet
  facet normal 0.831493 0.555535 0
    outer loop
      vertex -64.0451 -2.93893 33
      vertex -64.2632 -2.61249 0
      vertex -64.2632 -2.61249 33
    endloop
  endfacet
  facet normal 0.831493 0.555535 0
    outer loop
      vertex -64.2632 -2.61249 0
      vertex -64.0451 -2.93893 33
      vertex -64.0451 -2.93893 0
    endloop
  endfacet
  facet normal -0.785257 -0.619169 0
    outer loop
      vertex -55.9549 2.93893 0
      vertex -56.198 3.24724 33
      vertex -56.198 3.24724 0
    endloop
  endfacet
  facet normal -0.785257 -0.619169 0
    outer loop
      vertex -56.198 3.24724 33
      vertex -55.9549 2.93893 0
      vertex -55.9549 2.93893 33
    endloop
  endfacet
  facet normal 0.734313 0.678811 0
    outer loop
      vertex -63.5355 -3.53553 33
      vertex -63.802 -3.24724 0
      vertex -63.802 -3.24724 33
    endloop
  endfacet
  facet normal 0.734313 0.678811 0
    outer loop
      vertex -63.802 -3.24724 0
      vertex -63.5355 -3.53553 33
      vertex -63.5355 -3.53553 0
    endloop
  endfacet
  facet normal 0.99923 0.039226 0
    outer loop
      vertex -64.9846 -0.392295 33
      vertex -65 0 0
      vertex -65 0 33
    endloop
  endfacet
  facet normal 0.99923 0.039226 0
    outer loop
      vertex -65 0 0
      vertex -64.9846 -0.392295 33
      vertex -64.9846 -0.392295 0
    endloop
  endfacet
  facet normal 0.117543 -0.993068 0
    outer loop
      vertex -60.7822 4.93844 0
      vertex -60.3923 4.98459 33
      vertex -60.7822 4.93844 33
    endloop
  endfacet
  facet normal 0.117543 -0.993068 0
    outer loop
      vertex -60.3923 4.98459 33
      vertex -60.7822 4.93844 0
      vertex -60.3923 4.98459 0
    endloop
  endfacet
  facet normal 0.938181 -0.346144 0
    outer loop
      vertex -64.7553 1.54508 33
      vertex -64.6194 1.91342 0
      vertex -64.6194 1.91342 33
    endloop
  endfacet
  facet normal 0.938181 -0.346144 0
    outer loop
      vertex -64.6194 1.91342 0
      vertex -64.7553 1.54508 33
      vertex -64.7553 1.54508 0
    endloop
  endfacet
  facet normal -0.346133 0.938186 0
    outer loop
      vertex -58.0866 -4.6194 0
      vertex -58.4549 -4.75528 33
      vertex -58.0866 -4.6194 33
    endloop
  endfacet
  facet normal -0.346133 0.938186 0
    outer loop
      vertex -58.4549 -4.75528 33
      vertex -58.0866 -4.6194 0
      vertex -58.4549 -4.75528 0
    endloop
  endfacet
  facet normal 0.619103 -0.78531 0
    outer loop
      vertex -63.2472 3.80203 0
      vertex -62.9389 4.04508 33
      vertex -63.2472 3.80203 33
    endloop
  endfacet
  facet normal 0.619103 -0.78531 0
    outer loop
      vertex -62.9389 4.04508 33
      vertex -63.2472 3.80203 0
      vertex -62.9389 4.04508 0
    endloop
  endfacet
  facet normal 0.993052 -0.117676 0
    outer loop
      vertex -64.9846 0.392295 33
      vertex -64.9384 0.782172 0
      vertex -64.9384 0.782172 33
    endloop
  endfacet
  facet normal 0.993052 -0.117676 0
    outer loop
      vertex -64.9384 0.782172 0
      vertex -64.9846 0.392295 33
      vertex -64.9846 0.392295 0
    endloop
  endfacet
  facet normal -0.0392509 -0.999229 0
    outer loop
      vertex -60 5 0
      vertex -59.6077 4.98459 33
      vertex -60 5 33
    endloop
  endfacet
  facet normal -0.0392509 -0.999229 -0
    outer loop
      vertex -59.6077 4.98459 33
      vertex -60 5 0
      vertex -59.6077 4.98459 0
    endloop
  endfacet
  facet normal 0.418608 -0.908167 0
    outer loop
      vertex -62.27 4.45503 0
      vertex -61.9134 4.6194 33
      vertex -62.27 4.45503 33
    endloop
  endfacet
  facet normal 0.418608 -0.908167 0
    outer loop
      vertex -61.9134 4.6194 33
      vertex -62.27 4.45503 0
      vertex -61.9134 4.6194 0
    endloop
  endfacet
  facet normal -0.87253 0.48856 0
    outer loop
      vertex -55.7368 -2.61249 0
      vertex -55.545 -2.26995 33
      vertex -55.545 -2.26995 0
    endloop
  endfacet
  facet normal -0.87253 0.48856 0
    outer loop
      vertex -55.545 -2.26995 33
      vertex -55.7368 -2.61249 0
      vertex -55.7368 -2.61249 33
    endloop
  endfacet
  facet normal 0.418608 0.908167 -0
    outer loop
      vertex -61.9134 -4.6194 0
      vertex -62.27 -4.45503 33
      vertex -61.9134 -4.6194 33
    endloop
  endfacet
  facet normal 0.418608 0.908167 0
    outer loop
      vertex -62.27 -4.45503 33
      vertex -61.9134 -4.6194 0
      vertex -62.27 -4.45503 0
    endloop
  endfacet
  facet normal 0.980782 0.195108 0
    outer loop
      vertex -64.8618 -1.16723 33
      vertex -64.9384 -0.782172 0
      vertex -64.9384 -0.782172 33
    endloop
  endfacet
  facet normal 0.980782 0.195108 0
    outer loop
      vertex -64.9384 -0.782172 0
      vertex -64.8618 -1.16723 33
      vertex -64.8618 -1.16723 0
    endloop
  endfacet
  facet normal -0.831493 -0.555535 0
    outer loop
      vertex -55.7368 2.61249 0
      vertex -55.9549 2.93893 33
      vertex -55.9549 2.93893 0
    endloop
  endfacet
  facet normal -0.831493 -0.555535 0
    outer loop
      vertex -55.9549 2.93893 33
      vertex -55.7368 2.61249 0
      vertex -55.7368 2.61249 33
    endloop
  endfacet
  facet normal 0.346133 0.938186 -0
    outer loop
      vertex -61.5451 -4.75528 0
      vertex -61.9134 -4.6194 33
      vertex -61.5451 -4.75528 33
    endloop
  endfacet
  facet normal 0.346133 0.938186 0
    outer loop
      vertex -61.9134 -4.6194 33
      vertex -61.5451 -4.75528 0
      vertex -61.9134 -4.6194 0
    endloop
  endfacet
  facet normal -0.27142 0.962461 0
    outer loop
      vertex -58.4549 -4.75528 0
      vertex -58.8328 -4.86185 33
      vertex -58.4549 -4.75528 33
    endloop
  endfacet
  facet normal -0.27142 0.962461 0
    outer loop
      vertex -58.8328 -4.86185 33
      vertex -58.4549 -4.75528 0
      vertex -58.8328 -4.86185 0
    endloop
  endfacet
  facet normal 0.962498 0.271288 0
    outer loop
      vertex -64.7553 -1.54508 33
      vertex -64.8618 -1.16723 0
      vertex -64.8618 -1.16723 33
    endloop
  endfacet
  facet normal 0.962498 0.271288 0
    outer loop
      vertex -64.8618 -1.16723 0
      vertex -64.7553 -1.54508 33
      vertex -64.7553 -1.54508 0
    endloop
  endfacet
  facet normal -0.346133 -0.938186 0
    outer loop
      vertex -58.4549 4.75528 0
      vertex -58.0866 4.6194 33
      vertex -58.4549 4.75528 33
    endloop
  endfacet
  facet normal -0.346133 -0.938186 -0
    outer loop
      vertex -58.0866 4.6194 33
      vertex -58.4549 4.75528 0
      vertex -58.0866 4.6194 0
    endloop
  endfacet
  facet normal 0.0392509 0.999229 -0
    outer loop
      vertex -60 -5 0
      vertex -60.3923 -4.98459 33
      vertex -60 -5 33
    endloop
  endfacet
  facet normal 0.0392509 0.999229 0
    outer loop
      vertex -60.3923 -4.98459 33
      vertex -60 -5 0
      vertex -60.3923 -4.98459 0
    endloop
  endfacet
  facet normal 0.87253 -0.48856 0
    outer loop
      vertex -64.455 2.26995 33
      vertex -64.2632 2.61249 0
      vertex -64.2632 2.61249 33
    endloop
  endfacet
  facet normal 0.87253 -0.48856 0
    outer loop
      vertex -64.2632 2.61249 0
      vertex -64.455 2.26995 33
      vertex -64.455 2.26995 0
    endloop
  endfacet
  facet normal 0.99923 -0.039226 0
    outer loop
      vertex -65 0 33
      vertex -64.9846 0.392295 0
      vertex -64.9846 0.392295 33
    endloop
  endfacet
  facet normal 0.99923 -0.039226 0
    outer loop
      vertex -64.9846 0.392295 0
      vertex -65 0 33
      vertex -65 0 0
    endloop
  endfacet
  facet normal 0.962498 -0.271288 0
    outer loop
      vertex -64.8618 1.16723 33
      vertex -64.7553 1.54508 0
      vertex -64.7553 1.54508 33
    endloop
  endfacet
  facet normal 0.962498 -0.271288 0
    outer loop
      vertex -64.7553 1.54508 0
      vertex -64.8618 1.16723 33
      vertex -64.8618 1.16723 0
    endloop
  endfacet
  facet normal 0.27142 0.962461 -0
    outer loop
      vertex -61.1672 -4.86185 0
      vertex -61.5451 -4.75528 33
      vertex -61.1672 -4.86185 33
    endloop
  endfacet
  facet normal 0.27142 0.962461 0
    outer loop
      vertex -61.5451 -4.75528 33
      vertex -61.1672 -4.86185 0
      vertex -61.5451 -4.75528 0
    endloop
  endfacet
  facet normal 0.734313 -0.678811 0
    outer loop
      vertex -63.802 3.24724 33
      vertex -63.5355 3.53553 0
      vertex -63.5355 3.53553 33
    endloop
  endfacet
  facet normal 0.734313 -0.678811 0
    outer loop
      vertex -63.5355 3.53553 0
      vertex -63.802 3.24724 33
      vertex -63.802 3.24724 0
    endloop
  endfacet
  facet normal 0.785257 -0.619169 0
    outer loop
      vertex -64.0451 2.93893 33
      vertex -63.802 3.24724 0
      vertex -63.802 3.24724 33
    endloop
  endfacet
  facet normal 0.785257 -0.619169 0
    outer loop
      vertex -63.802 3.24724 0
      vertex -64.0451 2.93893 33
      vertex -64.0451 2.93893 0
    endloop
  endfacet
  facet normal 0.488662 0.872473 -0
    outer loop
      vertex -62.27 -4.45503 0
      vertex -62.6125 -4.2632 33
      vertex -62.27 -4.45503 33
    endloop
  endfacet
  facet normal 0.488662 0.872473 0
    outer loop
      vertex -62.6125 -4.2632 33
      vertex -62.27 -4.45503 0
      vertex -62.6125 -4.2632 0
    endloop
  endfacet
  facet normal -0.195112 -0.980781 0
    outer loop
      vertex -59.2178 4.93844 0
      vertex -58.8328 4.86185 33
      vertex -59.2178 4.93844 33
    endloop
  endfacet
  facet normal -0.195112 -0.980781 -0
    outer loop
      vertex -58.8328 4.86185 33
      vertex -59.2178 4.93844 0
      vertex -58.8328 4.86185 0
    endloop
  endfacet
  facet normal -0.619103 0.78531 0
    outer loop
      vertex -56.7528 -3.80203 0
      vertex -57.0611 -4.04508 33
      vertex -56.7528 -3.80203 33
    endloop
  endfacet
  facet normal -0.619103 0.78531 0
    outer loop
      vertex -57.0611 -4.04508 33
      vertex -56.7528 -3.80203 0
      vertex -57.0611 -4.04508 0
    endloop
  endfacet
  facet normal -0.938181 0.346144 0
    outer loop
      vertex -15.3806 -1.91342 0
      vertex -15.2447 -1.54508 33
      vertex -15.2447 -1.54508 0
    endloop
  endfacet
  facet normal -0.938181 0.346144 0
    outer loop
      vertex -15.2447 -1.54508 33
      vertex -15.3806 -1.91342 0
      vertex -15.3806 -1.91342 33
    endloop
  endfacet
  facet normal -0.993052 -0.117676 0
    outer loop
      vertex -15.0154 0.392295 0
      vertex -15.0616 0.782172 33
      vertex -15.0616 0.782172 0
    endloop
  endfacet
  facet normal -0.993052 -0.117676 0
    outer loop
      vertex -15.0616 0.782172 33
      vertex -15.0154 0.392295 0
      vertex -15.0154 0.392295 33
    endloop
  endfacet
  facet normal -0.99923 -0.039226 0
    outer loop
      vertex -15 0 0
      vertex -15.0154 0.392295 33
      vertex -15.0154 0.392295 0
    endloop
  endfacet
  facet normal -0.99923 -0.039226 0
    outer loop
      vertex -15.0154 0.392295 33
      vertex -15 0 0
      vertex -15 0 33
    endloop
  endfacet
  facet normal -0.980782 -0.195108 0
    outer loop
      vertex -15.0616 0.782172 0
      vertex -15.1382 1.16723 33
      vertex -15.1382 1.16723 0
    endloop
  endfacet
  facet normal -0.980782 -0.195108 0
    outer loop
      vertex -15.1382 1.16723 33
      vertex -15.0616 0.782172 0
      vertex -15.0616 0.782172 33
    endloop
  endfacet
  facet normal 0.831493 -0.555535 0
    outer loop
      vertex -24.2632 2.61249 33
      vertex -24.0451 2.93893 0
      vertex -24.0451 2.93893 33
    endloop
  endfacet
  facet normal 0.831493 -0.555535 0
    outer loop
      vertex -24.0451 2.93893 0
      vertex -24.2632 2.61249 33
      vertex -24.2632 2.61249 0
    endloop
  endfacet
  facet normal -0.785257 0.619169 0
    outer loop
      vertex -16.198 -3.24724 0
      vertex -15.9549 -2.93893 33
      vertex -15.9549 -2.93893 0
    endloop
  endfacet
  facet normal -0.785257 0.619169 0
    outer loop
      vertex -15.9549 -2.93893 33
      vertex -16.198 -3.24724 0
      vertex -16.198 -3.24724 33
    endloop
  endfacet
  facet normal -0.619103 -0.78531 0
    outer loop
      vertex -17.0611 4.04508 0
      vertex -16.7528 3.80203 33
      vertex -17.0611 4.04508 33
    endloop
  endfacet
  facet normal -0.619103 -0.78531 -0
    outer loop
      vertex -16.7528 3.80203 33
      vertex -17.0611 4.04508 0
      vertex -16.7528 3.80203 0
    endloop
  endfacet
  facet normal -0.908107 0.418738 0
    outer loop
      vertex -15.545 -2.26995 0
      vertex -15.3806 -1.91342 33
      vertex -15.3806 -1.91342 0
    endloop
  endfacet
  facet normal -0.908107 0.418738 0
    outer loop
      vertex -15.3806 -1.91342 33
      vertex -15.545 -2.26995 0
      vertex -15.545 -2.26995 33
    endloop
  endfacet
  facet normal -0.27142 -0.962461 0
    outer loop
      vertex -18.8328 4.86185 0
      vertex -18.4549 4.75528 33
      vertex -18.8328 4.86185 33
    endloop
  endfacet
  facet normal -0.27142 -0.962461 -0
    outer loop
      vertex -18.4549 4.75528 33
      vertex -18.8328 4.86185 0
      vertex -18.4549 4.75528 0
    endloop
  endfacet
  facet normal 0.678798 0.734325 -0
    outer loop
      vertex -23.2472 -3.80203 0
      vertex -23.5355 -3.53553 33
      vertex -23.2472 -3.80203 33
    endloop
  endfacet
  facet normal 0.678798 0.734325 0
    outer loop
      vertex -23.5355 -3.53553 33
      vertex -23.2472 -3.80203 0
      vertex -23.5355 -3.53553 0
    endloop
  endfacet
  facet normal 0.27142 -0.962461 0
    outer loop
      vertex -21.5451 4.75528 0
      vertex -21.1672 4.86185 33
      vertex -21.5451 4.75528 33
    endloop
  endfacet
  facet normal 0.27142 -0.962461 0
    outer loop
      vertex -21.1672 4.86185 33
      vertex -21.5451 4.75528 0
      vertex -21.1672 4.86185 0
    endloop
  endfacet
  facet normal 0.619103 0.78531 -0
    outer loop
      vertex -22.9389 -4.04508 0
      vertex -23.2472 -3.80203 33
      vertex -22.9389 -4.04508 33
    endloop
  endfacet
  facet normal 0.619103 0.78531 0
    outer loop
      vertex -23.2472 -3.80203 33
      vertex -22.9389 -4.04508 0
      vertex -23.2472 -3.80203 0
    endloop
  endfacet
  facet normal -0.555617 0.831438 0
    outer loop
      vertex -17.0611 -4.04508 0
      vertex -17.3875 -4.2632 33
      vertex -17.0611 -4.04508 33
    endloop
  endfacet
  facet normal -0.555617 0.831438 0
    outer loop
      vertex -17.3875 -4.2632 33
      vertex -17.0611 -4.04508 0
      vertex -17.3875 -4.2632 0
    endloop
  endfacet
  facet normal -0.734313 0.678811 0
    outer loop
      vertex -16.4645 -3.53553 0
      vertex -16.198 -3.24724 33
      vertex -16.198 -3.24724 0
    endloop
  endfacet
  facet normal -0.734313 0.678811 0
    outer loop
      vertex -16.198 -3.24724 33
      vertex -16.4645 -3.53553 0
      vertex -16.4645 -3.53553 33
    endloop
  endfacet
  facet normal -0.117543 0.993068 0
    outer loop
      vertex -19.2178 -4.93844 0
      vertex -19.6077 -4.98459 33
      vertex -19.2178 -4.93844 33
    endloop
  endfacet
  facet normal -0.117543 0.993068 0
    outer loop
      vertex -19.6077 -4.98459 33
      vertex -19.2178 -4.93844 0
      vertex -19.6077 -4.98459 0
    endloop
  endfacet
  facet normal 0.488662 -0.872473 0
    outer loop
      vertex -22.6125 4.2632 0
      vertex -22.27 4.45503 33
      vertex -22.6125 4.2632 33
    endloop
  endfacet
  facet normal 0.488662 -0.872473 0
    outer loop
      vertex -22.27 4.45503 33
      vertex -22.6125 4.2632 0
      vertex -22.27 4.45503 0
    endloop
  endfacet
  facet normal 0.908107 -0.418738 0
    outer loop
      vertex -24.6194 1.91342 33
      vertex -24.455 2.26995 0
      vertex -24.455 2.26995 33
    endloop
  endfacet
  facet normal 0.908107 -0.418738 0
    outer loop
      vertex -24.455 2.26995 0
      vertex -24.6194 1.91342 33
      vertex -24.6194 1.91342 0
    endloop
  endfacet
  facet normal -0.27142 0.962461 0
    outer loop
      vertex -18.4549 -4.75528 0
      vertex -18.8328 -4.86185 33
      vertex -18.4549 -4.75528 33
    endloop
  endfacet
  facet normal -0.27142 0.962461 0
    outer loop
      vertex -18.8328 -4.86185 33
      vertex -18.4549 -4.75528 0
      vertex -18.8328 -4.86185 0
    endloop
  endfacet
  facet normal 0.678798 -0.734325 0
    outer loop
      vertex -23.5355 3.53553 0
      vertex -23.2472 3.80203 33
      vertex -23.5355 3.53553 33
    endloop
  endfacet
  facet normal 0.678798 -0.734325 0
    outer loop
      vertex -23.2472 3.80203 33
      vertex -23.5355 3.53553 0
      vertex -23.2472 3.80203 0
    endloop
  endfacet
  facet normal 0.938181 0.346144 0
    outer loop
      vertex -24.6194 -1.91342 33
      vertex -24.7553 -1.54508 0
      vertex -24.7553 -1.54508 33
    endloop
  endfacet
  facet normal 0.938181 0.346144 0
    outer loop
      vertex -24.7553 -1.54508 0
      vertex -24.6194 -1.91342 33
      vertex -24.6194 -1.91342 0
    endloop
  endfacet
  facet normal -0.980782 0.195108 0
    outer loop
      vertex -15.1382 -1.16723 0
      vertex -15.0616 -0.782172 33
      vertex -15.0616 -0.782172 0
    endloop
  endfacet
  facet normal -0.980782 0.195108 0
    outer loop
      vertex -15.0616 -0.782172 33
      vertex -15.1382 -1.16723 0
      vertex -15.1382 -1.16723 33
    endloop
  endfacet
  facet normal -0.99923 0.039226 0
    outer loop
      vertex -15.0154 -0.392295 0
      vertex -15 0 33
      vertex -15 0 0
    endloop
  endfacet
  facet normal -0.99923 0.039226 0
    outer loop
      vertex -15 0 33
      vertex -15.0154 -0.392295 0
      vertex -15.0154 -0.392295 33
    endloop
  endfacet
  facet normal -0.962498 -0.271288 0
    outer loop
      vertex -15.1382 1.16723 0
      vertex -15.2447 1.54508 33
      vertex -15.2447 1.54508 0
    endloop
  endfacet
  facet normal -0.962498 -0.271288 0
    outer loop
      vertex -15.2447 1.54508 33
      vertex -15.1382 1.16723 0
      vertex -15.1382 1.16723 33
    endloop
  endfacet
  facet normal 0.993052 0.117676 0
    outer loop
      vertex -24.9384 -0.782172 33
      vertex -24.9846 -0.392295 0
      vertex -24.9846 -0.392295 33
    endloop
  endfacet
  facet normal 0.993052 0.117676 0
    outer loop
      vertex -24.9846 -0.392295 0
      vertex -24.9384 -0.782172 33
      vertex -24.9384 -0.782172 0
    endloop
  endfacet
  facet normal -0.117543 -0.993068 0
    outer loop
      vertex -19.6077 4.98459 0
      vertex -19.2178 4.93844 33
      vertex -19.6077 4.98459 33
    endloop
  endfacet
  facet normal -0.117543 -0.993068 -0
    outer loop
      vertex -19.2178 4.93844 33
      vertex -19.6077 4.98459 0
      vertex -19.2178 4.93844 0
    endloop
  endfacet
  facet normal 0.117543 0.993068 -0
    outer loop
      vertex -20.3923 -4.98459 0
      vertex -20.7822 -4.93844 33
      vertex -20.3923 -4.98459 33
    endloop
  endfacet
  facet normal 0.117543 0.993068 0
    outer loop
      vertex -20.7822 -4.93844 33
      vertex -20.3923 -4.98459 0
      vertex -20.7822 -4.93844 0
    endloop
  endfacet
  facet normal 0.87253 0.48856 0
    outer loop
      vertex -24.2632 -2.61249 33
      vertex -24.455 -2.26995 0
      vertex -24.455 -2.26995 33
    endloop
  endfacet
  facet normal 0.87253 0.48856 0
    outer loop
      vertex -24.455 -2.26995 0
      vertex -24.2632 -2.61249 33
      vertex -24.2632 -2.61249 0
    endloop
  endfacet
  facet normal -0.87253 -0.48856 0
    outer loop
      vertex -15.545 2.26995 0
      vertex -15.7368 2.61249 33
      vertex -15.7368 2.61249 0
    endloop
  endfacet
  facet normal -0.87253 -0.48856 0
    outer loop
      vertex -15.7368 2.61249 33
      vertex -15.545 2.26995 0
      vertex -15.545 2.26995 33
    endloop
  endfacet
  facet normal -0.962498 0.271288 0
    outer loop
      vertex -15.2447 -1.54508 0
      vertex -15.1382 -1.16723 33
      vertex -15.1382 -1.16723 0
    endloop
  endfacet
  facet normal -0.962498 0.271288 0
    outer loop
      vertex -15.1382 -1.16723 33
      vertex -15.2447 -1.54508 0
      vertex -15.2447 -1.54508 33
    endloop
  endfacet
  facet normal -0.418608 0.908167 0
    outer loop
      vertex -17.73 -4.45503 0
      vertex -18.0866 -4.6194 33
      vertex -17.73 -4.45503 33
    endloop
  endfacet
  facet normal -0.418608 0.908167 0
    outer loop
      vertex -18.0866 -4.6194 33
      vertex -17.73 -4.45503 0
      vertex -18.0866 -4.6194 0
    endloop
  endfacet
  facet normal -0.678798 0.734325 0
    outer loop
      vertex -16.4645 -3.53553 0
      vertex -16.7528 -3.80203 33
      vertex -16.4645 -3.53553 33
    endloop
  endfacet
  facet normal -0.678798 0.734325 0
    outer loop
      vertex -16.7528 -3.80203 33
      vertex -16.4645 -3.53553 0
      vertex -16.7528 -3.80203 0
    endloop
  endfacet
  facet normal 0.555617 -0.831438 0
    outer loop
      vertex -22.9389 4.04508 0
      vertex -22.6125 4.2632 33
      vertex -22.9389 4.04508 33
    endloop
  endfacet
  facet normal 0.555617 -0.831438 0
    outer loop
      vertex -22.6125 4.2632 33
      vertex -22.9389 4.04508 0
      vertex -22.6125 4.2632 0
    endloop
  endfacet
  facet normal 0.785257 0.619169 0
    outer loop
      vertex -23.802 -3.24724 33
      vertex -24.0451 -2.93893 0
      vertex -24.0451 -2.93893 33
    endloop
  endfacet
  facet normal 0.785257 0.619169 0
    outer loop
      vertex -24.0451 -2.93893 0
      vertex -23.802 -3.24724 33
      vertex -23.802 -3.24724 0
    endloop
  endfacet
  facet normal 0.555617 0.831438 -0
    outer loop
      vertex -22.6125 -4.2632 0
      vertex -22.9389 -4.04508 33
      vertex -22.6125 -4.2632 33
    endloop
  endfacet
  facet normal 0.555617 0.831438 0
    outer loop
      vertex -22.9389 -4.04508 33
      vertex -22.6125 -4.2632 0
      vertex -22.9389 -4.04508 0
    endloop
  endfacet
  facet normal -0.418608 -0.908167 0
    outer loop
      vertex -18.0866 4.6194 0
      vertex -17.73 4.45503 33
      vertex -18.0866 4.6194 33
    endloop
  endfacet
  facet normal -0.418608 -0.908167 -0
    outer loop
      vertex -17.73 4.45503 33
      vertex -18.0866 4.6194 0
      vertex -17.73 4.45503 0
    endloop
  endfacet
  facet normal 0.195112 0.980781 -0
    outer loop
      vertex -20.7822 -4.93844 0
      vertex -21.1672 -4.86185 33
      vertex -20.7822 -4.93844 33
    endloop
  endfacet
  facet normal 0.195112 0.980781 0
    outer loop
      vertex -21.1672 -4.86185 33
      vertex -20.7822 -4.93844 0
      vertex -21.1672 -4.86185 0
    endloop
  endfacet
  facet normal -0.488662 0.872473 0
    outer loop
      vertex -17.3875 -4.2632 0
      vertex -17.73 -4.45503 33
      vertex -17.3875 -4.2632 33
    endloop
  endfacet
  facet normal -0.488662 0.872473 0
    outer loop
      vertex -17.73 -4.45503 33
      vertex -17.3875 -4.2632 0
      vertex -17.73 -4.45503 0
    endloop
  endfacet
  facet normal -0.555617 -0.831438 0
    outer loop
      vertex -17.3875 4.2632 0
      vertex -17.0611 4.04508 33
      vertex -17.3875 4.2632 33
    endloop
  endfacet
  facet normal -0.555617 -0.831438 -0
    outer loop
      vertex -17.0611 4.04508 33
      vertex -17.3875 4.2632 0
      vertex -17.0611 4.04508 0
    endloop
  endfacet
  facet normal 0.980782 -0.195108 0
    outer loop
      vertex -24.9384 0.782172 33
      vertex -24.8618 1.16723 0
      vertex -24.8618 1.16723 33
    endloop
  endfacet
  facet normal 0.980782 -0.195108 0
    outer loop
      vertex -24.8618 1.16723 0
      vertex -24.9384 0.782172 33
      vertex -24.9384 0.782172 0
    endloop
  endfacet
  facet normal -0.488662 -0.872473 0
    outer loop
      vertex -17.73 4.45503 0
      vertex -17.3875 4.2632 33
      vertex -17.73 4.45503 33
    endloop
  endfacet
  facet normal -0.488662 -0.872473 -0
    outer loop
      vertex -17.3875 4.2632 33
      vertex -17.73 4.45503 0
      vertex -17.3875 4.2632 0
    endloop
  endfacet
  facet normal -0.0392509 0.999229 0
    outer loop
      vertex -19.6077 -4.98459 0
      vertex -20 -5 33
      vertex -19.6077 -4.98459 33
    endloop
  endfacet
  facet normal -0.0392509 0.999229 0
    outer loop
      vertex -20 -5 33
      vertex -19.6077 -4.98459 0
      vertex -20 -5 0
    endloop
  endfacet
  facet normal -0.831493 0.555535 0
    outer loop
      vertex -15.9549 -2.93893 0
      vertex -15.7368 -2.61249 33
      vertex -15.7368 -2.61249 0
    endloop
  endfacet
  facet normal -0.831493 0.555535 0
    outer loop
      vertex -15.7368 -2.61249 33
      vertex -15.9549 -2.93893 0
      vertex -15.9549 -2.93893 33
    endloop
  endfacet
  facet normal -0.195112 0.980781 0
    outer loop
      vertex -18.8328 -4.86185 0
      vertex -19.2178 -4.93844 33
      vertex -18.8328 -4.86185 33
    endloop
  endfacet
  facet normal -0.195112 0.980781 0
    outer loop
      vertex -19.2178 -4.93844 33
      vertex -18.8328 -4.86185 0
      vertex -19.2178 -4.93844 0
    endloop
  endfacet
  facet normal 0.346133 -0.938186 0
    outer loop
      vertex -21.9134 4.6194 0
      vertex -21.5451 4.75528 33
      vertex -21.9134 4.6194 33
    endloop
  endfacet
  facet normal 0.346133 -0.938186 0
    outer loop
      vertex -21.5451 4.75528 33
      vertex -21.9134 4.6194 0
      vertex -21.5451 4.75528 0
    endloop
  endfacet
  facet normal -0.993052 0.117676 0
    outer loop
      vertex -15.0616 -0.782172 0
      vertex -15.0154 -0.392295 33
      vertex -15.0154 -0.392295 0
    endloop
  endfacet
  facet normal -0.993052 0.117676 0
    outer loop
      vertex -15.0154 -0.392295 33
      vertex -15.0616 -0.782172 0
      vertex -15.0616 -0.782172 33
    endloop
  endfacet
  facet normal -0.678798 -0.734325 0
    outer loop
      vertex -16.7528 3.80203 0
      vertex -16.4645 3.53553 33
      vertex -16.7528 3.80203 33
    endloop
  endfacet
  facet normal -0.678798 -0.734325 -0
    outer loop
      vertex -16.4645 3.53553 33
      vertex -16.7528 3.80203 0
      vertex -16.4645 3.53553 0
    endloop
  endfacet
  facet normal -0.938181 -0.346144 0
    outer loop
      vertex -15.2447 1.54508 0
      vertex -15.3806 1.91342 33
      vertex -15.3806 1.91342 0
    endloop
  endfacet
  facet normal -0.938181 -0.346144 0
    outer loop
      vertex -15.3806 1.91342 33
      vertex -15.2447 1.54508 0
      vertex -15.2447 1.54508 33
    endloop
  endfacet
  facet normal 0.908107 0.418738 0
    outer loop
      vertex -24.455 -2.26995 33
      vertex -24.6194 -1.91342 0
      vertex -24.6194 -1.91342 33
    endloop
  endfacet
  facet normal 0.908107 0.418738 0
    outer loop
      vertex -24.6194 -1.91342 0
      vertex -24.455 -2.26995 33
      vertex -24.455 -2.26995 0
    endloop
  endfacet
  facet normal -0.908107 -0.418738 0
    outer loop
      vertex -15.3806 1.91342 0
      vertex -15.545 2.26995 33
      vertex -15.545 2.26995 0
    endloop
  endfacet
  facet normal -0.908107 -0.418738 0
    outer loop
      vertex -15.545 2.26995 33
      vertex -15.3806 1.91342 0
      vertex -15.3806 1.91342 33
    endloop
  endfacet
  facet normal 0.195112 -0.980781 0
    outer loop
      vertex -21.1672 4.86185 0
      vertex -20.7822 4.93844 33
      vertex -21.1672 4.86185 33
    endloop
  endfacet
  facet normal 0.195112 -0.980781 0
    outer loop
      vertex -20.7822 4.93844 33
      vertex -21.1672 4.86185 0
      vertex -20.7822 4.93844 0
    endloop
  endfacet
  facet normal -0.734313 -0.678811 0
    outer loop
      vertex -16.198 3.24724 0
      vertex -16.4645 3.53553 33
      vertex -16.4645 3.53553 0
    endloop
  endfacet
  facet normal -0.734313 -0.678811 0
    outer loop
      vertex -16.4645 3.53553 33
      vertex -16.198 3.24724 0
      vertex -16.198 3.24724 33
    endloop
  endfacet
  facet normal 0.831493 0.555535 0
    outer loop
      vertex -24.0451 -2.93893 33
      vertex -24.2632 -2.61249 0
      vertex -24.2632 -2.61249 33
    endloop
  endfacet
  facet normal 0.831493 0.555535 0
    outer loop
      vertex -24.2632 -2.61249 0
      vertex -24.0451 -2.93893 33
      vertex -24.0451 -2.93893 0
    endloop
  endfacet
  facet normal -0.785257 -0.619169 0
    outer loop
      vertex -15.9549 2.93893 0
      vertex -16.198 3.24724 33
      vertex -16.198 3.24724 0
    endloop
  endfacet
  facet normal -0.785257 -0.619169 0
    outer loop
      vertex -16.198 3.24724 33
      vertex -15.9549 2.93893 0
      vertex -15.9549 2.93893 33
    endloop
  endfacet
  facet normal 0.0392509 -0.999229 0
    outer loop
      vertex -20.3923 4.98459 0
      vertex -20 5 33
      vertex -20.3923 4.98459 33
    endloop
  endfacet
  facet normal 0.0392509 -0.999229 0
    outer loop
      vertex -20 5 33
      vertex -20.3923 4.98459 0
      vertex -20 5 0
    endloop
  endfacet
  facet normal 0.99923 0.039226 0
    outer loop
      vertex -24.9846 -0.392295 33
      vertex -25 0 0
      vertex -25 0 33
    endloop
  endfacet
  facet normal 0.99923 0.039226 0
    outer loop
      vertex -25 0 0
      vertex -24.9846 -0.392295 33
      vertex -24.9846 -0.392295 0
    endloop
  endfacet
  facet normal 0.117543 -0.993068 0
    outer loop
      vertex -20.7822 4.93844 0
      vertex -20.3923 4.98459 33
      vertex -20.7822 4.93844 33
    endloop
  endfacet
  facet normal 0.117543 -0.993068 0
    outer loop
      vertex -20.3923 4.98459 33
      vertex -20.7822 4.93844 0
      vertex -20.3923 4.98459 0
    endloop
  endfacet
  facet normal 0.938181 -0.346144 0
    outer loop
      vertex -24.7553 1.54508 33
      vertex -24.6194 1.91342 0
      vertex -24.6194 1.91342 33
    endloop
  endfacet
  facet normal 0.938181 -0.346144 0
    outer loop
      vertex -24.6194 1.91342 0
      vertex -24.7553 1.54508 33
      vertex -24.7553 1.54508 0
    endloop
  endfacet
  facet normal -0.346133 0.938186 0
    outer loop
      vertex -18.0866 -4.6194 0
      vertex -18.4549 -4.75528 33
      vertex -18.0866 -4.6194 33
    endloop
  endfacet
  facet normal -0.346133 0.938186 0
    outer loop
      vertex -18.4549 -4.75528 33
      vertex -18.0866 -4.6194 0
      vertex -18.4549 -4.75528 0
    endloop
  endfacet
  facet normal 0.619103 -0.78531 0
    outer loop
      vertex -23.2472 3.80203 0
      vertex -22.9389 4.04508 33
      vertex -23.2472 3.80203 33
    endloop
  endfacet
  facet normal 0.619103 -0.78531 0
    outer loop
      vertex -22.9389 4.04508 33
      vertex -23.2472 3.80203 0
      vertex -22.9389 4.04508 0
    endloop
  endfacet
  facet normal 0.993052 -0.117676 0
    outer loop
      vertex -24.9846 0.392295 33
      vertex -24.9384 0.782172 0
      vertex -24.9384 0.782172 33
    endloop
  endfacet
  facet normal 0.993052 -0.117676 0
    outer loop
      vertex -24.9384 0.782172 0
      vertex -24.9846 0.392295 33
      vertex -24.9846 0.392295 0
    endloop
  endfacet
  facet normal -0.0392509 -0.999229 0
    outer loop
      vertex -20 5 0
      vertex -19.6077 4.98459 33
      vertex -20 5 33
    endloop
  endfacet
  facet normal -0.0392509 -0.999229 -0
    outer loop
      vertex -19.6077 4.98459 33
      vertex -20 5 0
      vertex -19.6077 4.98459 0
    endloop
  endfacet
  facet normal 0.418608 -0.908167 0
    outer loop
      vertex -22.27 4.45503 0
      vertex -21.9134 4.6194 33
      vertex -22.27 4.45503 33
    endloop
  endfacet
  facet normal 0.418608 -0.908167 0
    outer loop
      vertex -21.9134 4.6194 33
      vertex -22.27 4.45503 0
      vertex -21.9134 4.6194 0
    endloop
  endfacet
  facet normal -0.87253 0.48856 0
    outer loop
      vertex -15.7368 -2.61249 0
      vertex -15.545 -2.26995 33
      vertex -15.545 -2.26995 0
    endloop
  endfacet
  facet normal -0.87253 0.48856 0
    outer loop
      vertex -15.545 -2.26995 33
      vertex -15.7368 -2.61249 0
      vertex -15.7368 -2.61249 33
    endloop
  endfacet
  facet normal 0.418608 0.908167 -0
    outer loop
      vertex -21.9134 -4.6194 0
      vertex -22.27 -4.45503 33
      vertex -21.9134 -4.6194 33
    endloop
  endfacet
  facet normal 0.418608 0.908167 0
    outer loop
      vertex -22.27 -4.45503 33
      vertex -21.9134 -4.6194 0
      vertex -22.27 -4.45503 0
    endloop
  endfacet
  facet normal 0.980782 0.195108 0
    outer loop
      vertex -24.8618 -1.16723 33
      vertex -24.9384 -0.782172 0
      vertex -24.9384 -0.782172 33
    endloop
  endfacet
  facet normal 0.980782 0.195108 0
    outer loop
      vertex -24.9384 -0.782172 0
      vertex -24.8618 -1.16723 33
      vertex -24.8618 -1.16723 0
    endloop
  endfacet
  facet normal -0.831493 -0.555535 0
    outer loop
      vertex -15.7368 2.61249 0
      vertex -15.9549 2.93893 33
      vertex -15.9549 2.93893 0
    endloop
  endfacet
  facet normal -0.831493 -0.555535 0
    outer loop
      vertex -15.9549 2.93893 33
      vertex -15.7368 2.61249 0
      vertex -15.7368 2.61249 33
    endloop
  endfacet
  facet normal 0.346133 0.938186 -0
    outer loop
      vertex -21.5451 -4.75528 0
      vertex -21.9134 -4.6194 33
      vertex -21.5451 -4.75528 33
    endloop
  endfacet
  facet normal 0.346133 0.938186 0
    outer loop
      vertex -21.9134 -4.6194 33
      vertex -21.5451 -4.75528 0
      vertex -21.9134 -4.6194 0
    endloop
  endfacet
  facet normal 0.962498 0.271288 0
    outer loop
      vertex -24.7553 -1.54508 33
      vertex -24.8618 -1.16723 0
      vertex -24.8618 -1.16723 33
    endloop
  endfacet
  facet normal 0.962498 0.271288 0
    outer loop
      vertex -24.8618 -1.16723 0
      vertex -24.7553 -1.54508 33
      vertex -24.7553 -1.54508 0
    endloop
  endfacet
  facet normal -0.346133 -0.938186 0
    outer loop
      vertex -18.4549 4.75528 0
      vertex -18.0866 4.6194 33
      vertex -18.4549 4.75528 33
    endloop
  endfacet
  facet normal -0.346133 -0.938186 -0
    outer loop
      vertex -18.0866 4.6194 33
      vertex -18.4549 4.75528 0
      vertex -18.0866 4.6194 0
    endloop
  endfacet
  facet normal 0.0392509 0.999229 -0
    outer loop
      vertex -20 -5 0
      vertex -20.3923 -4.98459 33
      vertex -20 -5 33
    endloop
  endfacet
  facet normal 0.0392509 0.999229 0
    outer loop
      vertex -20.3923 -4.98459 33
      vertex -20 -5 0
      vertex -20.3923 -4.98459 0
    endloop
  endfacet
  facet normal 0.87253 -0.48856 0
    outer loop
      vertex -24.455 2.26995 33
      vertex -24.2632 2.61249 0
      vertex -24.2632 2.61249 33
    endloop
  endfacet
  facet normal 0.87253 -0.48856 0
    outer loop
      vertex -24.2632 2.61249 0
      vertex -24.455 2.26995 33
      vertex -24.455 2.26995 0
    endloop
  endfacet
  facet normal 0.99923 -0.039226 0
    outer loop
      vertex -25 0 33
      vertex -24.9846 0.392295 0
      vertex -24.9846 0.392295 33
    endloop
  endfacet
  facet normal 0.99923 -0.039226 0
    outer loop
      vertex -24.9846 0.392295 0
      vertex -25 0 33
      vertex -25 0 0
    endloop
  endfacet
  facet normal 0.734313 0.678811 0
    outer loop
      vertex -23.5355 -3.53553 33
      vertex -23.802 -3.24724 0
      vertex -23.802 -3.24724 33
    endloop
  endfacet
  facet normal 0.734313 0.678811 0
    outer loop
      vertex -23.802 -3.24724 0
      vertex -23.5355 -3.53553 33
      vertex -23.5355 -3.53553 0
    endloop
  endfacet
  facet normal 0.962498 -0.271288 0
    outer loop
      vertex -24.8618 1.16723 33
      vertex -24.7553 1.54508 0
      vertex -24.7553 1.54508 33
    endloop
  endfacet
  facet normal 0.962498 -0.271288 0
    outer loop
      vertex -24.7553 1.54508 0
      vertex -24.8618 1.16723 33
      vertex -24.8618 1.16723 0
    endloop
  endfacet
  facet normal 0.27142 0.962461 -0
    outer loop
      vertex -21.1672 -4.86185 0
      vertex -21.5451 -4.75528 33
      vertex -21.1672 -4.86185 33
    endloop
  endfacet
  facet normal 0.27142 0.962461 0
    outer loop
      vertex -21.5451 -4.75528 33
      vertex -21.1672 -4.86185 0
      vertex -21.5451 -4.75528 0
    endloop
  endfacet
  facet normal 0.734313 -0.678811 0
    outer loop
      vertex -23.802 3.24724 33
      vertex -23.5355 3.53553 0
      vertex -23.5355 3.53553 33
    endloop
  endfacet
  facet normal 0.734313 -0.678811 0
    outer loop
      vertex -23.5355 3.53553 0
      vertex -23.802 3.24724 33
      vertex -23.802 3.24724 0
    endloop
  endfacet
  facet normal 0.785257 -0.619169 0
    outer loop
      vertex -24.0451 2.93893 33
      vertex -23.802 3.24724 0
      vertex -23.802 3.24724 33
    endloop
  endfacet
  facet normal 0.785257 -0.619169 0
    outer loop
      vertex -23.802 3.24724 0
      vertex -24.0451 2.93893 33
      vertex -24.0451 2.93893 0
    endloop
  endfacet
  facet normal 0.488662 0.872473 -0
    outer loop
      vertex -22.27 -4.45503 0
      vertex -22.6125 -4.2632 33
      vertex -22.27 -4.45503 33
    endloop
  endfacet
  facet normal 0.488662 0.872473 0
    outer loop
      vertex -22.6125 -4.2632 33
      vertex -22.27 -4.45503 0
      vertex -22.6125 -4.2632 0
    endloop
  endfacet
  facet normal -0.195112 -0.980781 0
    outer loop
      vertex -19.2178 4.93844 0
      vertex -18.8328 4.86185 33
      vertex -19.2178 4.93844 33
    endloop
  endfacet
  facet normal -0.195112 -0.980781 -0
    outer loop
      vertex -18.8328 4.86185 33
      vertex -19.2178 4.93844 0
      vertex -18.8328 4.86185 0
    endloop
  endfacet
  facet normal -0.619103 0.78531 0
    outer loop
      vertex -16.7528 -3.80203 0
      vertex -17.0611 -4.04508 33
      vertex -16.7528 -3.80203 33
    endloop
  endfacet
  facet normal -0.619103 0.78531 0
    outer loop
      vertex -17.0611 -4.04508 33
      vertex -16.7528 -3.80203 0
      vertex -17.0611 -4.04508 0
    endloop
  endfacet
  facet normal 0.488662 -0.872473 0
    outer loop
      vertex 17.3875 4.2632 0
      vertex 17.73 4.45503 33
      vertex 17.3875 4.2632 33
    endloop
  endfacet
  facet normal 0.488662 -0.872473 0
    outer loop
      vertex 17.73 4.45503 33
      vertex 17.3875 4.2632 0
      vertex 17.73 4.45503 0
    endloop
  endfacet
  facet normal -0.993052 -0.117676 0
    outer loop
      vertex 24.9846 0.392295 0
      vertex 24.9384 0.782172 33
      vertex 24.9384 0.782172 0
    endloop
  endfacet
  facet normal -0.993052 -0.117676 0
    outer loop
      vertex 24.9384 0.782172 33
      vertex 24.9846 0.392295 0
      vertex 24.9846 0.392295 33
    endloop
  endfacet
  facet normal -0.99923 -0.039226 0
    outer loop
      vertex 25 0 0
      vertex 24.9846 0.392295 33
      vertex 24.9846 0.392295 0
    endloop
  endfacet
  facet normal -0.99923 -0.039226 0
    outer loop
      vertex 24.9846 0.392295 33
      vertex 25 0 0
      vertex 25 0 33
    endloop
  endfacet
  facet normal 0.195112 0.980781 -0
    outer loop
      vertex 19.2178 -4.93844 0
      vertex 18.8328 -4.86185 33
      vertex 19.2178 -4.93844 33
    endloop
  endfacet
  facet normal 0.195112 0.980781 0
    outer loop
      vertex 18.8328 -4.86185 33
      vertex 19.2178 -4.93844 0
      vertex 18.8328 -4.86185 0
    endloop
  endfacet
  facet normal 0.346133 -0.938186 0
    outer loop
      vertex 18.0866 4.6194 0
      vertex 18.4549 4.75528 33
      vertex 18.0866 4.6194 33
    endloop
  endfacet
  facet normal 0.346133 -0.938186 0
    outer loop
      vertex 18.4549 4.75528 33
      vertex 18.0866 4.6194 0
      vertex 18.4549 4.75528 0
    endloop
  endfacet
  facet normal -0.99923 0.039226 0
    outer loop
      vertex 24.9846 -0.392295 0
      vertex 25 0 33
      vertex 25 0 0
    endloop
  endfacet
  facet normal -0.99923 0.039226 0
    outer loop
      vertex 25 0 33
      vertex 24.9846 -0.392295 0
      vertex 24.9846 -0.392295 33
    endloop
  endfacet
  facet normal 0.734313 0.678811 0
    outer loop
      vertex 16.4645 -3.53553 33
      vertex 16.198 -3.24724 0
      vertex 16.198 -3.24724 33
    endloop
  endfacet
  facet normal 0.734313 0.678811 0
    outer loop
      vertex 16.198 -3.24724 0
      vertex 16.4645 -3.53553 33
      vertex 16.4645 -3.53553 0
    endloop
  endfacet
  facet normal 0.993052 0.117676 0
    outer loop
      vertex 15.0616 -0.782172 33
      vertex 15.0154 -0.392295 0
      vertex 15.0154 -0.392295 33
    endloop
  endfacet
  facet normal 0.993052 0.117676 0
    outer loop
      vertex 15.0154 -0.392295 0
      vertex 15.0616 -0.782172 33
      vertex 15.0616 -0.782172 0
    endloop
  endfacet
  facet normal 0.619103 -0.78531 0
    outer loop
      vertex 16.7528 3.80203 0
      vertex 17.0611 4.04508 33
      vertex 16.7528 3.80203 33
    endloop
  endfacet
  facet normal 0.619103 -0.78531 0
    outer loop
      vertex 17.0611 4.04508 33
      vertex 16.7528 3.80203 0
      vertex 17.0611 4.04508 0
    endloop
  endfacet
  facet normal -0.0392509 -0.999229 0
    outer loop
      vertex 20 5 0
      vertex 20.3923 4.98459 33
      vertex 20 5 33
    endloop
  endfacet
  facet normal -0.0392509 -0.999229 -0
    outer loop
      vertex 20.3923 4.98459 33
      vertex 20 5 0
      vertex 20.3923 4.98459 0
    endloop
  endfacet
  facet normal -0.962498 -0.271288 0
    outer loop
      vertex 24.8618 1.16723 0
      vertex 24.7553 1.54508 33
      vertex 24.7553 1.54508 0
    endloop
  endfacet
  facet normal -0.962498 -0.271288 0
    outer loop
      vertex 24.7553 1.54508 33
      vertex 24.8618 1.16723 0
      vertex 24.8618 1.16723 33
    endloop
  endfacet
  facet normal 0.99923 -0.039226 0
    outer loop
      vertex 15 0 33
      vertex 15.0154 0.392295 0
      vertex 15.0154 0.392295 33
    endloop
  endfacet
  facet normal 0.99923 -0.039226 0
    outer loop
      vertex 15.0154 0.392295 0
      vertex 15 0 33
      vertex 15 0 0
    endloop
  endfacet
  facet normal 0.555617 -0.831438 0
    outer loop
      vertex 17.0611 4.04508 0
      vertex 17.3875 4.2632 33
      vertex 17.0611 4.04508 33
    endloop
  endfacet
  facet normal 0.555617 -0.831438 0
    outer loop
      vertex 17.3875 4.2632 33
      vertex 17.0611 4.04508 0
      vertex 17.3875 4.2632 0
    endloop
  endfacet
  facet normal -0.962498 0.271288 0
    outer loop
      vertex 24.7553 -1.54508 0
      vertex 24.8618 -1.16723 33
      vertex 24.8618 -1.16723 0
    endloop
  endfacet
  facet normal -0.962498 0.271288 0
    outer loop
      vertex 24.8618 -1.16723 33
      vertex 24.7553 -1.54508 0
      vertex 24.7553 -1.54508 33
    endloop
  endfacet
  facet normal 0.785257 -0.619169 0
    outer loop
      vertex 15.9549 2.93893 33
      vertex 16.198 3.24724 0
      vertex 16.198 3.24724 33
    endloop
  endfacet
  facet normal 0.785257 -0.619169 0
    outer loop
      vertex 16.198 3.24724 0
      vertex 15.9549 2.93893 33
      vertex 15.9549 2.93893 0
    endloop
  endfacet
  facet normal -0.785257 0.619169 0
    outer loop
      vertex 23.802 -3.24724 0
      vertex 24.0451 -2.93893 33
      vertex 24.0451 -2.93893 0
    endloop
  endfacet
  facet normal -0.785257 0.619169 0
    outer loop
      vertex 24.0451 -2.93893 33
      vertex 23.802 -3.24724 0
      vertex 23.802 -3.24724 33
    endloop
  endfacet
  facet normal 0.993052 -0.117676 0
    outer loop
      vertex 15.0154 0.392295 33
      vertex 15.0616 0.782172 0
      vertex 15.0616 0.782172 33
    endloop
  endfacet
  facet normal 0.993052 -0.117676 0
    outer loop
      vertex 15.0616 0.782172 0
      vertex 15.0154 0.392295 33
      vertex 15.0154 0.392295 0
    endloop
  endfacet
  facet normal -0.619103 -0.78531 0
    outer loop
      vertex 22.9389 4.04508 0
      vertex 23.2472 3.80203 33
      vertex 22.9389 4.04508 33
    endloop
  endfacet
  facet normal -0.619103 -0.78531 -0
    outer loop
      vertex 23.2472 3.80203 33
      vertex 22.9389 4.04508 0
      vertex 23.2472 3.80203 0
    endloop
  endfacet
  facet normal 0.0392509 -0.999229 0
    outer loop
      vertex 19.6077 4.98459 0
      vertex 20 5 33
      vertex 19.6077 4.98459 33
    endloop
  endfacet
  facet normal 0.0392509 -0.999229 0
    outer loop
      vertex 20 5 33
      vertex 19.6077 4.98459 0
      vertex 20 5 0
    endloop
  endfacet
  facet normal 0.831493 0.555535 0
    outer loop
      vertex 15.9549 -2.93893 33
      vertex 15.7368 -2.61249 0
      vertex 15.7368 -2.61249 33
    endloop
  endfacet
  facet normal 0.831493 0.555535 0
    outer loop
      vertex 15.7368 -2.61249 0
      vertex 15.9549 -2.93893 33
      vertex 15.9549 -2.93893 0
    endloop
  endfacet
  facet normal -0.488662 -0.872473 0
    outer loop
      vertex 22.27 4.45503 0
      vertex 22.6125 4.2632 33
      vertex 22.27 4.45503 33
    endloop
  endfacet
  facet normal -0.488662 -0.872473 -0
    outer loop
      vertex 22.6125 4.2632 33
      vertex 22.27 4.45503 0
      vertex 22.6125 4.2632 0
    endloop
  endfacet
  facet normal -0.195112 0.980781 0
    outer loop
      vertex 21.1672 -4.86185 0
      vertex 20.7822 -4.93844 33
      vertex 21.1672 -4.86185 33
    endloop
  endfacet
  facet normal -0.195112 0.980781 0
    outer loop
      vertex 20.7822 -4.93844 33
      vertex 21.1672 -4.86185 0
      vertex 20.7822 -4.93844 0
    endloop
  endfacet
  facet normal 0.418608 -0.908167 0
    outer loop
      vertex 17.73 4.45503 0
      vertex 18.0866 4.6194 33
      vertex 17.73 4.45503 33
    endloop
  endfacet
  facet normal 0.418608 -0.908167 0
    outer loop
      vertex 18.0866 4.6194 33
      vertex 17.73 4.45503 0
      vertex 18.0866 4.6194 0
    endloop
  endfacet
  facet normal 0.0392509 0.999229 -0
    outer loop
      vertex 20 -5 0
      vertex 19.6077 -4.98459 33
      vertex 20 -5 33
    endloop
  endfacet
  facet normal 0.0392509 0.999229 0
    outer loop
      vertex 19.6077 -4.98459 33
      vertex 20 -5 0
      vertex 19.6077 -4.98459 0
    endloop
  endfacet
  facet normal -0.908107 -0.418738 0
    outer loop
      vertex 24.6194 1.91342 0
      vertex 24.455 2.26995 33
      vertex 24.455 2.26995 0
    endloop
  endfacet
  facet normal -0.908107 -0.418738 0
    outer loop
      vertex 24.455 2.26995 33
      vertex 24.6194 1.91342 0
      vertex 24.6194 1.91342 33
    endloop
  endfacet
  facet normal -0.117543 0.993068 0
    outer loop
      vertex 20.7822 -4.93844 0
      vertex 20.3923 -4.98459 33
      vertex 20.7822 -4.93844 33
    endloop
  endfacet
  facet normal -0.117543 0.993068 0
    outer loop
      vertex 20.3923 -4.98459 33
      vertex 20.7822 -4.93844 0
      vertex 20.3923 -4.98459 0
    endloop
  endfacet
  facet normal 0.785257 0.619169 0
    outer loop
      vertex 16.198 -3.24724 33
      vertex 15.9549 -2.93893 0
      vertex 15.9549 -2.93893 33
    endloop
  endfacet
  facet normal 0.785257 0.619169 0
    outer loop
      vertex 15.9549 -2.93893 0
      vertex 16.198 -3.24724 33
      vertex 16.198 -3.24724 0
    endloop
  endfacet
  facet normal 0.418608 0.908167 -0
    outer loop
      vertex 18.0866 -4.6194 0
      vertex 17.73 -4.45503 33
      vertex 18.0866 -4.6194 33
    endloop
  endfacet
  facet normal 0.418608 0.908167 0
    outer loop
      vertex 17.73 -4.45503 33
      vertex 18.0866 -4.6194 0
      vertex 17.73 -4.45503 0
    endloop
  endfacet
  facet normal -0.555617 -0.831438 0
    outer loop
      vertex 22.6125 4.2632 0
      vertex 22.9389 4.04508 33
      vertex 22.6125 4.2632 33
    endloop
  endfacet
  facet normal -0.555617 -0.831438 -0
    outer loop
      vertex 22.9389 4.04508 33
      vertex 22.6125 4.2632 0
      vertex 22.9389 4.04508 0
    endloop
  endfacet
  facet normal -0.27142 -0.962461 0
    outer loop
      vertex 21.1672 4.86185 0
      vertex 21.5451 4.75528 33
      vertex 21.1672 4.86185 33
    endloop
  endfacet
  facet normal -0.27142 -0.962461 -0
    outer loop
      vertex 21.5451 4.75528 33
      vertex 21.1672 4.86185 0
      vertex 21.5451 4.75528 0
    endloop
  endfacet
  facet normal 0.555617 0.831438 -0
    outer loop
      vertex 17.3875 -4.2632 0
      vertex 17.0611 -4.04508 33
      vertex 17.3875 -4.2632 33
    endloop
  endfacet
  facet normal 0.555617 0.831438 0
    outer loop
      vertex 17.0611 -4.04508 33
      vertex 17.3875 -4.2632 0
      vertex 17.0611 -4.04508 0
    endloop
  endfacet
  facet normal -0.980782 0.195108 0
    outer loop
      vertex 24.8618 -1.16723 0
      vertex 24.9384 -0.782172 33
      vertex 24.9384 -0.782172 0
    endloop
  endfacet
  facet normal -0.980782 0.195108 0
    outer loop
      vertex 24.9384 -0.782172 33
      vertex 24.8618 -1.16723 0
      vertex 24.8618 -1.16723 33
    endloop
  endfacet
  facet normal 0.488662 0.872473 -0
    outer loop
      vertex 17.73 -4.45503 0
      vertex 17.3875 -4.2632 33
      vertex 17.73 -4.45503 33
    endloop
  endfacet
  facet normal 0.488662 0.872473 0
    outer loop
      vertex 17.3875 -4.2632 33
      vertex 17.73 -4.45503 0
      vertex 17.3875 -4.2632 0
    endloop
  endfacet
  facet normal 0.938181 -0.346144 0
    outer loop
      vertex 15.2447 1.54508 33
      vertex 15.3806 1.91342 0
      vertex 15.3806 1.91342 33
    endloop
  endfacet
  facet normal 0.938181 -0.346144 0
    outer loop
      vertex 15.3806 1.91342 0
      vertex 15.2447 1.54508 33
      vertex 15.2447 1.54508 0
    endloop
  endfacet
  facet normal -0.831493 -0.555535 0
    outer loop
      vertex 24.2632 2.61249 0
      vertex 24.0451 2.93893 33
      vertex 24.0451 2.93893 0
    endloop
  endfacet
  facet normal -0.831493 -0.555535 0
    outer loop
      vertex 24.0451 2.93893 33
      vertex 24.2632 2.61249 0
      vertex 24.2632 2.61249 33
    endloop
  endfacet
  facet normal -0.418608 -0.908167 0
    outer loop
      vertex 21.9134 4.6194 0
      vertex 22.27 4.45503 33
      vertex 21.9134 4.6194 33
    endloop
  endfacet
  facet normal -0.418608 -0.908167 -0
    outer loop
      vertex 22.27 4.45503 33
      vertex 21.9134 4.6194 0
      vertex 22.27 4.45503 0
    endloop
  endfacet
  facet normal 0.195112 -0.980781 0
    outer loop
      vertex 18.8328 4.86185 0
      vertex 19.2178 4.93844 33
      vertex 18.8328 4.86185 33
    endloop
  endfacet
  facet normal 0.195112 -0.980781 0
    outer loop
      vertex 19.2178 4.93844 33
      vertex 18.8328 4.86185 0
      vertex 19.2178 4.93844 0
    endloop
  endfacet
  facet normal 0.938181 0.346144 0
    outer loop
      vertex 15.3806 -1.91342 33
      vertex 15.2447 -1.54508 0
      vertex 15.2447 -1.54508 33
    endloop
  endfacet
  facet normal 0.938181 0.346144 0
    outer loop
      vertex 15.2447 -1.54508 0
      vertex 15.3806 -1.91342 33
      vertex 15.3806 -1.91342 0
    endloop
  endfacet
  facet normal -0.938181 -0.346144 0
    outer loop
      vertex 24.7553 1.54508 0
      vertex 24.6194 1.91342 33
      vertex 24.6194 1.91342 0
    endloop
  endfacet
  facet normal -0.938181 -0.346144 0
    outer loop
      vertex 24.6194 1.91342 33
      vertex 24.7553 1.54508 0
      vertex 24.7553 1.54508 33
    endloop
  endfacet
  facet normal -0.346133 0.938186 0
    outer loop
      vertex 21.9134 -4.6194 0
      vertex 21.5451 -4.75528 33
      vertex 21.9134 -4.6194 33
    endloop
  endfacet
  facet normal -0.346133 0.938186 0
    outer loop
      vertex 21.5451 -4.75528 33
      vertex 21.9134 -4.6194 0
      vertex 21.5451 -4.75528 0
    endloop
  endfacet
  facet normal 0.117543 -0.993068 0
    outer loop
      vertex 19.2178 4.93844 0
      vertex 19.6077 4.98459 33
      vertex 19.2178 4.93844 33
    endloop
  endfacet
  facet normal 0.117543 -0.993068 0
    outer loop
      vertex 19.6077 4.98459 33
      vertex 19.2178 4.93844 0
      vertex 19.6077 4.98459 0
    endloop
  endfacet
  facet normal -0.678798 -0.734325 0
    outer loop
      vertex 23.2472 3.80203 0
      vertex 23.5355 3.53553 33
      vertex 23.2472 3.80203 33
    endloop
  endfacet
  facet normal -0.678798 -0.734325 -0
    outer loop
      vertex 23.5355 3.53553 33
      vertex 23.2472 3.80203 0
      vertex 23.5355 3.53553 0
    endloop
  endfacet
  facet normal -0.27142 0.962461 0
    outer loop
      vertex 21.5451 -4.75528 0
      vertex 21.1672 -4.86185 33
      vertex 21.5451 -4.75528 33
    endloop
  endfacet
  facet normal -0.27142 0.962461 0
    outer loop
      vertex 21.1672 -4.86185 33
      vertex 21.5451 -4.75528 0
      vertex 21.1672 -4.86185 0
    endloop
  endfacet
  facet normal -0.993052 0.117676 0
    outer loop
      vertex 24.9384 -0.782172 0
      vertex 24.9846 -0.392295 33
      vertex 24.9846 -0.392295 0
    endloop
  endfacet
  facet normal -0.993052 0.117676 0
    outer loop
      vertex 24.9846 -0.392295 33
      vertex 24.9384 -0.782172 0
      vertex 24.9384 -0.782172 33
    endloop
  endfacet
  facet normal -0.87253 -0.48856 0
    outer loop
      vertex 24.455 2.26995 0
      vertex 24.2632 2.61249 33
      vertex 24.2632 2.61249 0
    endloop
  endfacet
  facet normal -0.87253 -0.48856 0
    outer loop
      vertex 24.2632 2.61249 33
      vertex 24.455 2.26995 0
      vertex 24.455 2.26995 33
    endloop
  endfacet
  facet normal 0.980782 -0.195108 0
    outer loop
      vertex 15.0616 0.782172 33
      vertex 15.1382 1.16723 0
      vertex 15.1382 1.16723 33
    endloop
  endfacet
  facet normal 0.980782 -0.195108 0
    outer loop
      vertex 15.1382 1.16723 0
      vertex 15.0616 0.782172 33
      vertex 15.0616 0.782172 0
    endloop
  endfacet
  facet normal 0.831493 -0.555535 0
    outer loop
      vertex 15.7368 2.61249 33
      vertex 15.9549 2.93893 0
      vertex 15.9549 2.93893 33
    endloop
  endfacet
  facet normal 0.831493 -0.555535 0
    outer loop
      vertex 15.9549 2.93893 0
      vertex 15.7368 2.61249 33
      vertex 15.7368 2.61249 0
    endloop
  endfacet
  facet normal 0.962498 0.271288 0
    outer loop
      vertex 15.2447 -1.54508 33
      vertex 15.1382 -1.16723 0
      vertex 15.1382 -1.16723 33
    endloop
  endfacet
  facet normal 0.962498 0.271288 0
    outer loop
      vertex 15.1382 -1.16723 0
      vertex 15.2447 -1.54508 33
      vertex 15.2447 -1.54508 0
    endloop
  endfacet
  facet normal 0.678798 0.734325 -0
    outer loop
      vertex 16.7528 -3.80203 0
      vertex 16.4645 -3.53553 33
      vertex 16.7528 -3.80203 33
    endloop
  endfacet
  facet normal 0.678798 0.734325 0
    outer loop
      vertex 16.4645 -3.53553 33
      vertex 16.7528 -3.80203 0
      vertex 16.4645 -3.53553 0
    endloop
  endfacet
  facet normal 0.87253 -0.48856 0
    outer loop
      vertex 15.545 2.26995 33
      vertex 15.7368 2.61249 0
      vertex 15.7368 2.61249 33
    endloop
  endfacet
  facet normal 0.87253 -0.48856 0
    outer loop
      vertex 15.7368 2.61249 0
      vertex 15.545 2.26995 33
      vertex 15.545 2.26995 0
    endloop
  endfacet
  facet normal 0.734313 -0.678811 0
    outer loop
      vertex 16.198 3.24724 33
      vertex 16.4645 3.53553 0
      vertex 16.4645 3.53553 33
    endloop
  endfacet
  facet normal 0.734313 -0.678811 0
    outer loop
      vertex 16.4645 3.53553 0
      vertex 16.198 3.24724 33
      vertex 16.198 3.24724 0
    endloop
  endfacet
  facet normal 0.908107 -0.418738 0
    outer loop
      vertex 15.3806 1.91342 33
      vertex 15.545 2.26995 0
      vertex 15.545 2.26995 33
    endloop
  endfacet
  facet normal 0.908107 -0.418738 0
    outer loop
      vertex 15.545 2.26995 0
      vertex 15.3806 1.91342 33
      vertex 15.3806 1.91342 0
    endloop
  endfacet
  facet normal -0.418608 0.908167 0
    outer loop
      vertex 22.27 -4.45503 0
      vertex 21.9134 -4.6194 33
      vertex 22.27 -4.45503 33
    endloop
  endfacet
  facet normal -0.418608 0.908167 0
    outer loop
      vertex 21.9134 -4.6194 33
      vertex 22.27 -4.45503 0
      vertex 21.9134 -4.6194 0
    endloop
  endfacet
  facet normal 0.87253 0.48856 0
    outer loop
      vertex 15.7368 -2.61249 33
      vertex 15.545 -2.26995 0
      vertex 15.545 -2.26995 33
    endloop
  endfacet
  facet normal 0.87253 0.48856 0
    outer loop
      vertex 15.545 -2.26995 0
      vertex 15.7368 -2.61249 33
      vertex 15.7368 -2.61249 0
    endloop
  endfacet
  facet normal -0.87253 0.48856 0
    outer loop
      vertex 24.2632 -2.61249 0
      vertex 24.455 -2.26995 33
      vertex 24.455 -2.26995 0
    endloop
  endfacet
  facet normal -0.87253 0.48856 0
    outer loop
      vertex 24.455 -2.26995 33
      vertex 24.2632 -2.61249 0
      vertex 24.2632 -2.61249 33
    endloop
  endfacet
  facet normal -0.195112 -0.980781 0
    outer loop
      vertex 20.7822 4.93844 0
      vertex 21.1672 4.86185 33
      vertex 20.7822 4.93844 33
    endloop
  endfacet
  facet normal -0.195112 -0.980781 -0
    outer loop
      vertex 21.1672 4.86185 33
      vertex 20.7822 4.93844 0
      vertex 21.1672 4.86185 0
    endloop
  endfacet
  facet normal -0.346133 -0.938186 0
    outer loop
      vertex 21.5451 4.75528 0
      vertex 21.9134 4.6194 33
      vertex 21.5451 4.75528 33
    endloop
  endfacet
  facet normal -0.346133 -0.938186 -0
    outer loop
      vertex 21.9134 4.6194 33
      vertex 21.5451 4.75528 0
      vertex 21.9134 4.6194 0
    endloop
  endfacet
  facet normal -0.734313 0.678811 0
    outer loop
      vertex 23.5355 -3.53553 0
      vertex 23.802 -3.24724 33
      vertex 23.802 -3.24724 0
    endloop
  endfacet
  facet normal -0.734313 0.678811 0
    outer loop
      vertex 23.802 -3.24724 33
      vertex 23.5355 -3.53553 0
      vertex 23.5355 -3.53553 33
    endloop
  endfacet
  facet normal -0.831493 0.555535 0
    outer loop
      vertex 24.0451 -2.93893 0
      vertex 24.2632 -2.61249 33
      vertex 24.2632 -2.61249 0
    endloop
  endfacet
  facet normal -0.831493 0.555535 0
    outer loop
      vertex 24.2632 -2.61249 33
      vertex 24.0451 -2.93893 0
      vertex 24.0451 -2.93893 33
    endloop
  endfacet
  facet normal 0.27142 0.962461 -0
    outer loop
      vertex 18.8328 -4.86185 0
      vertex 18.4549 -4.75528 33
      vertex 18.8328 -4.86185 33
    endloop
  endfacet
  facet normal 0.27142 0.962461 0
    outer loop
      vertex 18.4549 -4.75528 33
      vertex 18.8328 -4.86185 0
      vertex 18.4549 -4.75528 0
    endloop
  endfacet
  facet normal -0.0392509 0.999229 0
    outer loop
      vertex 20.3923 -4.98459 0
      vertex 20 -5 33
      vertex 20.3923 -4.98459 33
    endloop
  endfacet
  facet normal -0.0392509 0.999229 0
    outer loop
      vertex 20 -5 33
      vertex 20.3923 -4.98459 0
      vertex 20 -5 0
    endloop
  endfacet
  facet normal 0.346133 0.938186 -0
    outer loop
      vertex 18.4549 -4.75528 0
      vertex 18.0866 -4.6194 33
      vertex 18.4549 -4.75528 33
    endloop
  endfacet
  facet normal 0.346133 0.938186 0
    outer loop
      vertex 18.0866 -4.6194 33
      vertex 18.4549 -4.75528 0
      vertex 18.0866 -4.6194 0
    endloop
  endfacet
  facet normal 0.27142 -0.962461 0
    outer loop
      vertex 18.4549 4.75528 0
      vertex 18.8328 4.86185 33
      vertex 18.4549 4.75528 33
    endloop
  endfacet
  facet normal 0.27142 -0.962461 0
    outer loop
      vertex 18.8328 4.86185 33
      vertex 18.4549 4.75528 0
      vertex 18.8328 4.86185 0
    endloop
  endfacet
  facet normal -0.117543 -0.993068 0
    outer loop
      vertex 20.3923 4.98459 0
      vertex 20.7822 4.93844 33
      vertex 20.3923 4.98459 33
    endloop
  endfacet
  facet normal -0.117543 -0.993068 -0
    outer loop
      vertex 20.7822 4.93844 33
      vertex 20.3923 4.98459 0
      vertex 20.7822 4.93844 0
    endloop
  endfacet
  facet normal 0.962498 -0.271288 0
    outer loop
      vertex 15.1382 1.16723 33
      vertex 15.2447 1.54508 0
      vertex 15.2447 1.54508 33
    endloop
  endfacet
  facet normal 0.962498 -0.271288 0
    outer loop
      vertex 15.2447 1.54508 0
      vertex 15.1382 1.16723 33
      vertex 15.1382 1.16723 0
    endloop
  endfacet
  facet normal -0.488662 0.872473 0
    outer loop
      vertex 22.6125 -4.2632 0
      vertex 22.27 -4.45503 33
      vertex 22.6125 -4.2632 33
    endloop
  endfacet
  facet normal -0.488662 0.872473 0
    outer loop
      vertex 22.27 -4.45503 33
      vertex 22.6125 -4.2632 0
      vertex 22.27 -4.45503 0
    endloop
  endfacet
  facet normal -0.555617 0.831438 0
    outer loop
      vertex 22.9389 -4.04508 0
      vertex 22.6125 -4.2632 33
      vertex 22.9389 -4.04508 33
    endloop
  endfacet
  facet normal -0.555617 0.831438 0
    outer loop
      vertex 22.6125 -4.2632 33
      vertex 22.9389 -4.04508 0
      vertex 22.6125 -4.2632 0
    endloop
  endfacet
  facet normal 0.908107 0.418738 0
    outer loop
      vertex 15.545 -2.26995 33
      vertex 15.3806 -1.91342 0
      vertex 15.3806 -1.91342 33
    endloop
  endfacet
  facet normal 0.908107 0.418738 0
    outer loop
      vertex 15.3806 -1.91342 0
      vertex 15.545 -2.26995 33
      vertex 15.545 -2.26995 0
    endloop
  endfacet
  facet normal -0.980782 -0.195108 0
    outer loop
      vertex 24.9384 0.782172 0
      vertex 24.8618 1.16723 33
      vertex 24.8618 1.16723 0
    endloop
  endfacet
  facet normal -0.980782 -0.195108 0
    outer loop
      vertex 24.8618 1.16723 33
      vertex 24.9384 0.782172 0
      vertex 24.9384 0.782172 33
    endloop
  endfacet
  facet normal -0.678798 0.734325 0
    outer loop
      vertex 23.5355 -3.53553 0
      vertex 23.2472 -3.80203 33
      vertex 23.5355 -3.53553 33
    endloop
  endfacet
  facet normal -0.678798 0.734325 0
    outer loop
      vertex 23.2472 -3.80203 33
      vertex 23.5355 -3.53553 0
      vertex 23.2472 -3.80203 0
    endloop
  endfacet
  facet normal -0.785257 -0.619169 0
    outer loop
      vertex 24.0451 2.93893 0
      vertex 23.802 3.24724 33
      vertex 23.802 3.24724 0
    endloop
  endfacet
  facet normal -0.785257 -0.619169 0
    outer loop
      vertex 23.802 3.24724 33
      vertex 24.0451 2.93893 0
      vertex 24.0451 2.93893 33
    endloop
  endfacet
  facet normal 0.99923 0.039226 0
    outer loop
      vertex 15.0154 -0.392295 33
      vertex 15 0 0
      vertex 15 0 33
    endloop
  endfacet
  facet normal 0.99923 0.039226 0
    outer loop
      vertex 15 0 0
      vertex 15.0154 -0.392295 33
      vertex 15.0154 -0.392295 0
    endloop
  endfacet
  facet normal -0.938181 0.346144 0
    outer loop
      vertex 24.6194 -1.91342 0
      vertex 24.7553 -1.54508 33
      vertex 24.7553 -1.54508 0
    endloop
  endfacet
  facet normal -0.938181 0.346144 0
    outer loop
      vertex 24.7553 -1.54508 33
      vertex 24.6194 -1.91342 0
      vertex 24.6194 -1.91342 33
    endloop
  endfacet
  facet normal 0.980782 0.195108 0
    outer loop
      vertex 15.1382 -1.16723 33
      vertex 15.0616 -0.782172 0
      vertex 15.0616 -0.782172 33
    endloop
  endfacet
  facet normal 0.980782 0.195108 0
    outer loop
      vertex 15.0616 -0.782172 0
      vertex 15.1382 -1.16723 33
      vertex 15.1382 -1.16723 0
    endloop
  endfacet
  facet normal 0.678798 -0.734325 0
    outer loop
      vertex 16.4645 3.53553 0
      vertex 16.7528 3.80203 33
      vertex 16.4645 3.53553 33
    endloop
  endfacet
  facet normal 0.678798 -0.734325 0
    outer loop
      vertex 16.7528 3.80203 33
      vertex 16.4645 3.53553 0
      vertex 16.7528 3.80203 0
    endloop
  endfacet
  facet normal -0.734313 -0.678811 0
    outer loop
      vertex 23.802 3.24724 0
      vertex 23.5355 3.53553 33
      vertex 23.5355 3.53553 0
    endloop
  endfacet
  facet normal -0.734313 -0.678811 0
    outer loop
      vertex 23.5355 3.53553 33
      vertex 23.802 3.24724 0
      vertex 23.802 3.24724 33
    endloop
  endfacet
  facet normal -0.619103 0.78531 0
    outer loop
      vertex 23.2472 -3.80203 0
      vertex 22.9389 -4.04508 33
      vertex 23.2472 -3.80203 33
    endloop
  endfacet
  facet normal -0.619103 0.78531 0
    outer loop
      vertex 22.9389 -4.04508 33
      vertex 23.2472 -3.80203 0
      vertex 22.9389 -4.04508 0
    endloop
  endfacet
  facet normal -0.908107 0.418738 0
    outer loop
      vertex 24.455 -2.26995 0
      vertex 24.6194 -1.91342 33
      vertex 24.6194 -1.91342 0
    endloop
  endfacet
  facet normal -0.908107 0.418738 0
    outer loop
      vertex 24.6194 -1.91342 33
      vertex 24.455 -2.26995 0
      vertex 24.455 -2.26995 33
    endloop
  endfacet
  facet normal 0.117543 0.993068 -0
    outer loop
      vertex 19.6077 -4.98459 0
      vertex 19.2178 -4.93844 33
      vertex 19.6077 -4.98459 33
    endloop
  endfacet
  facet normal 0.117543 0.993068 0
    outer loop
      vertex 19.2178 -4.93844 33
      vertex 19.6077 -4.98459 0
      vertex 19.2178 -4.93844 0
    endloop
  endfacet
  facet normal 0.619103 0.78531 -0
    outer loop
      vertex 17.0611 -4.04508 0
      vertex 16.7528 -3.80203 33
      vertex 17.0611 -4.04508 33
    endloop
  endfacet
  facet normal 0.619103 0.78531 0
    outer loop
      vertex 16.7528 -3.80203 33
      vertex 17.0611 -4.04508 0
      vertex 16.7528 -3.80203 0
    endloop
  endfacet
  facet normal 0.488662 -0.872473 0
    outer loop
      vertex 57.3875 4.2632 0
      vertex 57.73 4.45503 33
      vertex 57.3875 4.2632 33
    endloop
  endfacet
  facet normal 0.488662 -0.872473 0
    outer loop
      vertex 57.73 4.45503 33
      vertex 57.3875 4.2632 0
      vertex 57.73 4.45503 0
    endloop
  endfacet
  facet normal -0.993052 -0.117676 0
    outer loop
      vertex 64.9846 0.392295 0
      vertex 64.9384 0.782172 33
      vertex 64.9384 0.782172 0
    endloop
  endfacet
  facet normal -0.993052 -0.117676 0
    outer loop
      vertex 64.9384 0.782172 33
      vertex 64.9846 0.392295 0
      vertex 64.9846 0.392295 33
    endloop
  endfacet
  facet normal -0.99923 -0.039226 0
    outer loop
      vertex 65 0 0
      vertex 64.9846 0.392295 33
      vertex 64.9846 0.392295 0
    endloop
  endfacet
  facet normal -0.99923 -0.039226 0
    outer loop
      vertex 64.9846 0.392295 33
      vertex 65 0 0
      vertex 65 0 33
    endloop
  endfacet
  facet normal 0.195112 0.980781 -0
    outer loop
      vertex 59.2178 -4.93844 0
      vertex 58.8328 -4.86185 33
      vertex 59.2178 -4.93844 33
    endloop
  endfacet
  facet normal 0.195112 0.980781 0
    outer loop
      vertex 58.8328 -4.86185 33
      vertex 59.2178 -4.93844 0
      vertex 58.8328 -4.86185 0
    endloop
  endfacet
  facet normal 0.346133 -0.938186 0
    outer loop
      vertex 58.0866 4.6194 0
      vertex 58.4549 4.75528 33
      vertex 58.0866 4.6194 33
    endloop
  endfacet
  facet normal 0.346133 -0.938186 0
    outer loop
      vertex 58.4549 4.75528 33
      vertex 58.0866 4.6194 0
      vertex 58.4549 4.75528 0
    endloop
  endfacet
  facet normal -0.99923 0.039226 0
    outer loop
      vertex 64.9846 -0.392295 0
      vertex 65 0 33
      vertex 65 0 0
    endloop
  endfacet
  facet normal -0.99923 0.039226 0
    outer loop
      vertex 65 0 33
      vertex 64.9846 -0.392295 0
      vertex 64.9846 -0.392295 33
    endloop
  endfacet
  facet normal 0.734313 0.678811 0
    outer loop
      vertex 56.4645 -3.53553 33
      vertex 56.198 -3.24724 0
      vertex 56.198 -3.24724 33
    endloop
  endfacet
  facet normal 0.734313 0.678811 0
    outer loop
      vertex 56.198 -3.24724 0
      vertex 56.4645 -3.53553 33
      vertex 56.4645 -3.53553 0
    endloop
  endfacet
  facet normal 0.993052 0.117676 0
    outer loop
      vertex 55.0616 -0.782172 33
      vertex 55.0154 -0.392295 0
      vertex 55.0154 -0.392295 33
    endloop
  endfacet
  facet normal 0.993052 0.117676 0
    outer loop
      vertex 55.0154 -0.392295 0
      vertex 55.0616 -0.782172 33
      vertex 55.0616 -0.782172 0
    endloop
  endfacet
  facet normal 0.619103 -0.78531 0
    outer loop
      vertex 56.7528 3.80203 0
      vertex 57.0611 4.04508 33
      vertex 56.7528 3.80203 33
    endloop
  endfacet
  facet normal 0.619103 -0.78531 0
    outer loop
      vertex 57.0611 4.04508 33
      vertex 56.7528 3.80203 0
      vertex 57.0611 4.04508 0
    endloop
  endfacet
  facet normal -0.0392509 -0.999229 0
    outer loop
      vertex 60 5 0
      vertex 60.3923 4.98459 33
      vertex 60 5 33
    endloop
  endfacet
  facet normal -0.0392509 -0.999229 -0
    outer loop
      vertex 60.3923 4.98459 33
      vertex 60 5 0
      vertex 60.3923 4.98459 0
    endloop
  endfacet
  facet normal -0.962498 -0.271288 0
    outer loop
      vertex 64.8618 1.16723 0
      vertex 64.7553 1.54508 33
      vertex 64.7553 1.54508 0
    endloop
  endfacet
  facet normal -0.962498 -0.271288 0
    outer loop
      vertex 64.7553 1.54508 33
      vertex 64.8618 1.16723 0
      vertex 64.8618 1.16723 33
    endloop
  endfacet
  facet normal 0.99923 -0.039226 0
    outer loop
      vertex 55 0 33
      vertex 55.0154 0.392295 0
      vertex 55.0154 0.392295 33
    endloop
  endfacet
  facet normal 0.99923 -0.039226 0
    outer loop
      vertex 55.0154 0.392295 0
      vertex 55 0 33
      vertex 55 0 0
    endloop
  endfacet
  facet normal 0.555617 -0.831438 0
    outer loop
      vertex 57.0611 4.04508 0
      vertex 57.3875 4.2632 33
      vertex 57.0611 4.04508 33
    endloop
  endfacet
  facet normal 0.555617 -0.831438 0
    outer loop
      vertex 57.3875 4.2632 33
      vertex 57.0611 4.04508 0
      vertex 57.3875 4.2632 0
    endloop
  endfacet
  facet normal -0.962498 0.271288 0
    outer loop
      vertex 64.7553 -1.54508 0
      vertex 64.8618 -1.16723 33
      vertex 64.8618 -1.16723 0
    endloop
  endfacet
  facet normal -0.962498 0.271288 0
    outer loop
      vertex 64.8618 -1.16723 33
      vertex 64.7553 -1.54508 0
      vertex 64.7553 -1.54508 33
    endloop
  endfacet
  facet normal -0.785257 0.619169 0
    outer loop
      vertex 63.802 -3.24724 0
      vertex 64.0451 -2.93893 33
      vertex 64.0451 -2.93893 0
    endloop
  endfacet
  facet normal -0.785257 0.619169 0
    outer loop
      vertex 64.0451 -2.93893 33
      vertex 63.802 -3.24724 0
      vertex 63.802 -3.24724 33
    endloop
  endfacet
  facet normal 0.993052 -0.117676 0
    outer loop
      vertex 55.0154 0.392295 33
      vertex 55.0616 0.782172 0
      vertex 55.0616 0.782172 33
    endloop
  endfacet
  facet normal 0.993052 -0.117676 0
    outer loop
      vertex 55.0616 0.782172 0
      vertex 55.0154 0.392295 33
      vertex 55.0154 0.392295 0
    endloop
  endfacet
  facet normal -0.619103 -0.78531 0
    outer loop
      vertex 62.9389 4.04508 0
      vertex 63.2472 3.80203 33
      vertex 62.9389 4.04508 33
    endloop
  endfacet
  facet normal -0.619103 -0.78531 -0
    outer loop
      vertex 63.2472 3.80203 33
      vertex 62.9389 4.04508 0
      vertex 63.2472 3.80203 0
    endloop
  endfacet
  facet normal 0.0392509 -0.999229 0
    outer loop
      vertex 59.6077 4.98459 0
      vertex 60 5 33
      vertex 59.6077 4.98459 33
    endloop
  endfacet
  facet normal 0.0392509 -0.999229 0
    outer loop
      vertex 60 5 33
      vertex 59.6077 4.98459 0
      vertex 60 5 0
    endloop
  endfacet
  facet normal 0.831493 0.555535 0
    outer loop
      vertex 55.9549 -2.93893 33
      vertex 55.7368 -2.61249 0
      vertex 55.7368 -2.61249 33
    endloop
  endfacet
  facet normal 0.831493 0.555535 0
    outer loop
      vertex 55.7368 -2.61249 0
      vertex 55.9549 -2.93893 33
      vertex 55.9549 -2.93893 0
    endloop
  endfacet
  facet normal -0.488662 -0.872473 0
    outer loop
      vertex 62.27 4.45503 0
      vertex 62.6125 4.2632 33
      vertex 62.27 4.45503 33
    endloop
  endfacet
  facet normal -0.488662 -0.872473 -0
    outer loop
      vertex 62.6125 4.2632 33
      vertex 62.27 4.45503 0
      vertex 62.6125 4.2632 0
    endloop
  endfacet
  facet normal -0.195112 0.980781 0
    outer loop
      vertex 61.1672 -4.86185 0
      vertex 60.7822 -4.93844 33
      vertex 61.1672 -4.86185 33
    endloop
  endfacet
  facet normal -0.195112 0.980781 0
    outer loop
      vertex 60.7822 -4.93844 33
      vertex 61.1672 -4.86185 0
      vertex 60.7822 -4.93844 0
    endloop
  endfacet
  facet normal -0.619103 0.78531 0
    outer loop
      vertex 63.2472 -3.80203 0
      vertex 62.9389 -4.04508 33
      vertex 63.2472 -3.80203 33
    endloop
  endfacet
  facet normal -0.619103 0.78531 0
    outer loop
      vertex 62.9389 -4.04508 33
      vertex 63.2472 -3.80203 0
      vertex 62.9389 -4.04508 0
    endloop
  endfacet
  facet normal 0.418608 -0.908167 0
    outer loop
      vertex 57.73 4.45503 0
      vertex 58.0866 4.6194 33
      vertex 57.73 4.45503 33
    endloop
  endfacet
  facet normal 0.418608 -0.908167 0
    outer loop
      vertex 58.0866 4.6194 33
      vertex 57.73 4.45503 0
      vertex 58.0866 4.6194 0
    endloop
  endfacet
  facet normal 0.0392509 0.999229 -0
    outer loop
      vertex 60 -5 0
      vertex 59.6077 -4.98459 33
      vertex 60 -5 33
    endloop
  endfacet
  facet normal 0.0392509 0.999229 0
    outer loop
      vertex 59.6077 -4.98459 33
      vertex 60 -5 0
      vertex 59.6077 -4.98459 0
    endloop
  endfacet
  facet normal -0.908107 -0.418738 0
    outer loop
      vertex 64.6194 1.91342 0
      vertex 64.455 2.26995 33
      vertex 64.455 2.26995 0
    endloop
  endfacet
  facet normal -0.908107 -0.418738 0
    outer loop
      vertex 64.455 2.26995 33
      vertex 64.6194 1.91342 0
      vertex 64.6194 1.91342 33
    endloop
  endfacet
  facet normal -0.117543 0.993068 0
    outer loop
      vertex 60.7822 -4.93844 0
      vertex 60.3923 -4.98459 33
      vertex 60.7822 -4.93844 33
    endloop
  endfacet
  facet normal -0.117543 0.993068 0
    outer loop
      vertex 60.3923 -4.98459 33
      vertex 60.7822 -4.93844 0
      vertex 60.3923 -4.98459 0
    endloop
  endfacet
  facet normal 0.418608 0.908167 -0
    outer loop
      vertex 58.0866 -4.6194 0
      vertex 57.73 -4.45503 33
      vertex 58.0866 -4.6194 33
    endloop
  endfacet
  facet normal 0.418608 0.908167 0
    outer loop
      vertex 57.73 -4.45503 33
      vertex 58.0866 -4.6194 0
      vertex 57.73 -4.45503 0
    endloop
  endfacet
  facet normal -0.555617 -0.831438 0
    outer loop
      vertex 62.6125 4.2632 0
      vertex 62.9389 4.04508 33
      vertex 62.6125 4.2632 33
    endloop
  endfacet
  facet normal -0.555617 -0.831438 -0
    outer loop
      vertex 62.9389 4.04508 33
      vertex 62.6125 4.2632 0
      vertex 62.9389 4.04508 0
    endloop
  endfacet
  facet normal -0.27142 -0.962461 0
    outer loop
      vertex 61.1672 4.86185 0
      vertex 61.5451 4.75528 33
      vertex 61.1672 4.86185 33
    endloop
  endfacet
  facet normal -0.27142 -0.962461 -0
    outer loop
      vertex 61.5451 4.75528 33
      vertex 61.1672 4.86185 0
      vertex 61.5451 4.75528 0
    endloop
  endfacet
  facet normal 0.555617 0.831438 -0
    outer loop
      vertex 57.3875 -4.2632 0
      vertex 57.0611 -4.04508 33
      vertex 57.3875 -4.2632 33
    endloop
  endfacet
  facet normal 0.555617 0.831438 0
    outer loop
      vertex 57.0611 -4.04508 33
      vertex 57.3875 -4.2632 0
      vertex 57.0611 -4.04508 0
    endloop
  endfacet
  facet normal -0.980782 0.195108 0
    outer loop
      vertex 64.8618 -1.16723 0
      vertex 64.9384 -0.782172 33
      vertex 64.9384 -0.782172 0
    endloop
  endfacet
  facet normal -0.980782 0.195108 0
    outer loop
      vertex 64.9384 -0.782172 33
      vertex 64.8618 -1.16723 0
      vertex 64.8618 -1.16723 33
    endloop
  endfacet
  facet normal 0.488662 0.872473 -0
    outer loop
      vertex 57.73 -4.45503 0
      vertex 57.3875 -4.2632 33
      vertex 57.73 -4.45503 33
    endloop
  endfacet
  facet normal 0.488662 0.872473 0
    outer loop
      vertex 57.3875 -4.2632 33
      vertex 57.73 -4.45503 0
      vertex 57.3875 -4.2632 0
    endloop
  endfacet
  facet normal 0.938181 -0.346144 0
    outer loop
      vertex 55.2447 1.54508 33
      vertex 55.3806 1.91342 0
      vertex 55.3806 1.91342 33
    endloop
  endfacet
  facet normal 0.938181 -0.346144 0
    outer loop
      vertex 55.3806 1.91342 0
      vertex 55.2447 1.54508 33
      vertex 55.2447 1.54508 0
    endloop
  endfacet
  facet normal -0.831493 -0.555535 0
    outer loop
      vertex 64.2632 2.61249 0
      vertex 64.0451 2.93893 33
      vertex 64.0451 2.93893 0
    endloop
  endfacet
  facet normal -0.831493 -0.555535 0
    outer loop
      vertex 64.0451 2.93893 33
      vertex 64.2632 2.61249 0
      vertex 64.2632 2.61249 33
    endloop
  endfacet
  facet normal -0.418608 -0.908167 0
    outer loop
      vertex 61.9134 4.6194 0
      vertex 62.27 4.45503 33
      vertex 61.9134 4.6194 33
    endloop
  endfacet
  facet normal -0.418608 -0.908167 -0
    outer loop
      vertex 62.27 4.45503 33
      vertex 61.9134 4.6194 0
      vertex 62.27 4.45503 0
    endloop
  endfacet
  facet normal 0.195112 -0.980781 0
    outer loop
      vertex 58.8328 4.86185 0
      vertex 59.2178 4.93844 33
      vertex 58.8328 4.86185 33
    endloop
  endfacet
  facet normal 0.195112 -0.980781 0
    outer loop
      vertex 59.2178 4.93844 33
      vertex 58.8328 4.86185 0
      vertex 59.2178 4.93844 0
    endloop
  endfacet
  facet normal 0.938181 0.346144 0
    outer loop
      vertex 55.3806 -1.91342 33
      vertex 55.2447 -1.54508 0
      vertex 55.2447 -1.54508 33
    endloop
  endfacet
  facet normal 0.938181 0.346144 0
    outer loop
      vertex 55.2447 -1.54508 0
      vertex 55.3806 -1.91342 33
      vertex 55.3806 -1.91342 0
    endloop
  endfacet
  facet normal -0.938181 -0.346144 0
    outer loop
      vertex 64.7553 1.54508 0
      vertex 64.6194 1.91342 33
      vertex 64.6194 1.91342 0
    endloop
  endfacet
  facet normal -0.938181 -0.346144 0
    outer loop
      vertex 64.6194 1.91342 33
      vertex 64.7553 1.54508 0
      vertex 64.7553 1.54508 33
    endloop
  endfacet
  facet normal -0.346133 0.938186 0
    outer loop
      vertex 61.9134 -4.6194 0
      vertex 61.5451 -4.75528 33
      vertex 61.9134 -4.6194 33
    endloop
  endfacet
  facet normal -0.346133 0.938186 0
    outer loop
      vertex 61.5451 -4.75528 33
      vertex 61.9134 -4.6194 0
      vertex 61.5451 -4.75528 0
    endloop
  endfacet
  facet normal 0.117543 -0.993068 0
    outer loop
      vertex 59.2178 4.93844 0
      vertex 59.6077 4.98459 33
      vertex 59.2178 4.93844 33
    endloop
  endfacet
  facet normal 0.117543 -0.993068 0
    outer loop
      vertex 59.6077 4.98459 33
      vertex 59.2178 4.93844 0
      vertex 59.6077 4.98459 0
    endloop
  endfacet
  facet normal -0.678798 -0.734325 0
    outer loop
      vertex 63.2472 3.80203 0
      vertex 63.5355 3.53553 33
      vertex 63.2472 3.80203 33
    endloop
  endfacet
  facet normal -0.678798 -0.734325 -0
    outer loop
      vertex 63.5355 3.53553 33
      vertex 63.2472 3.80203 0
      vertex 63.5355 3.53553 0
    endloop
  endfacet
  facet normal -0.27142 0.962461 0
    outer loop
      vertex 61.5451 -4.75528 0
      vertex 61.1672 -4.86185 33
      vertex 61.5451 -4.75528 33
    endloop
  endfacet
  facet normal -0.27142 0.962461 0
    outer loop
      vertex 61.1672 -4.86185 33
      vertex 61.5451 -4.75528 0
      vertex 61.1672 -4.86185 0
    endloop
  endfacet
  facet normal -0.993052 0.117676 0
    outer loop
      vertex 64.9384 -0.782172 0
      vertex 64.9846 -0.392295 33
      vertex 64.9846 -0.392295 0
    endloop
  endfacet
  facet normal -0.993052 0.117676 0
    outer loop
      vertex 64.9846 -0.392295 33
      vertex 64.9384 -0.782172 0
      vertex 64.9384 -0.782172 33
    endloop
  endfacet
  facet normal -0.87253 -0.48856 0
    outer loop
      vertex 64.455 2.26995 0
      vertex 64.2632 2.61249 33
      vertex 64.2632 2.61249 0
    endloop
  endfacet
  facet normal -0.87253 -0.48856 0
    outer loop
      vertex 64.2632 2.61249 33
      vertex 64.455 2.26995 0
      vertex 64.455 2.26995 33
    endloop
  endfacet
  facet normal 0.98083 -0.194863 0
    outer loop
      vertex 55.0616 0.782172 33
      vertex 55.1381 1.16723 0
      vertex 55.1381 1.16723 33
    endloop
  endfacet
  facet normal 0.98083 -0.194863 0
    outer loop
      vertex 55.1381 1.16723 0
      vertex 55.0616 0.782172 33
      vertex 55.0616 0.782172 0
    endloop
  endfacet
  facet normal 0.785257 0.619169 0
    outer loop
      vertex 56.198 -3.24724 33
      vertex 55.9549 -2.93893 0
      vertex 55.9549 -2.93893 33
    endloop
  endfacet
  facet normal 0.785257 0.619169 0
    outer loop
      vertex 55.9549 -2.93893 0
      vertex 56.198 -3.24724 33
      vertex 56.198 -3.24724 0
    endloop
  endfacet
  facet normal 0.831493 -0.555535 0
    outer loop
      vertex 55.7368 2.61249 33
      vertex 55.9549 2.93893 0
      vertex 55.9549 2.93893 33
    endloop
  endfacet
  facet normal 0.831493 -0.555535 0
    outer loop
      vertex 55.9549 2.93893 0
      vertex 55.7368 2.61249 33
      vertex 55.7368 2.61249 0
    endloop
  endfacet
  facet normal 0.962432 0.271524 0
    outer loop
      vertex 55.2447 -1.54508 33
      vertex 55.1381 -1.16723 0
      vertex 55.1381 -1.16723 33
    endloop
  endfacet
  facet normal 0.962432 0.271524 0
    outer loop
      vertex 55.1381 -1.16723 0
      vertex 55.2447 -1.54508 33
      vertex 55.2447 -1.54508 0
    endloop
  endfacet
  facet normal 0.678798 0.734325 -0
    outer loop
      vertex 56.7528 -3.80203 0
      vertex 56.4645 -3.53553 33
      vertex 56.7528 -3.80203 33
    endloop
  endfacet
  facet normal 0.678798 0.734325 0
    outer loop
      vertex 56.4645 -3.53553 33
      vertex 56.7528 -3.80203 0
      vertex 56.4645 -3.53553 0
    endloop
  endfacet
  facet normal 0.87253 -0.48856 0
    outer loop
      vertex 55.545 2.26995 33
      vertex 55.7368 2.61249 0
      vertex 55.7368 2.61249 33
    endloop
  endfacet
  facet normal 0.87253 -0.48856 0
    outer loop
      vertex 55.7368 2.61249 0
      vertex 55.545 2.26995 33
      vertex 55.545 2.26995 0
    endloop
  endfacet
  facet normal 0.734313 -0.678811 0
    outer loop
      vertex 56.198 3.24724 33
      vertex 56.4645 3.53553 0
      vertex 56.4645 3.53553 33
    endloop
  endfacet
  facet normal 0.734313 -0.678811 0
    outer loop
      vertex 56.4645 3.53553 0
      vertex 56.198 3.24724 33
      vertex 56.198 3.24724 0
    endloop
  endfacet
  facet normal 0.908107 -0.418738 0
    outer loop
      vertex 55.3806 1.91342 33
      vertex 55.545 2.26995 0
      vertex 55.545 2.26995 33
    endloop
  endfacet
  facet normal 0.908107 -0.418738 0
    outer loop
      vertex 55.545 2.26995 0
      vertex 55.3806 1.91342 33
      vertex 55.3806 1.91342 0
    endloop
  endfacet
  facet normal -0.418608 0.908167 0
    outer loop
      vertex 62.27 -4.45503 0
      vertex 61.9134 -4.6194 33
      vertex 62.27 -4.45503 33
    endloop
  endfacet
  facet normal -0.418608 0.908167 0
    outer loop
      vertex 61.9134 -4.6194 33
      vertex 62.27 -4.45503 0
      vertex 61.9134 -4.6194 0
    endloop
  endfacet
  facet normal 0.87253 0.48856 0
    outer loop
      vertex 55.7368 -2.61249 33
      vertex 55.545 -2.26995 0
      vertex 55.545 -2.26995 33
    endloop
  endfacet
  facet normal 0.87253 0.48856 0
    outer loop
      vertex 55.545 -2.26995 0
      vertex 55.7368 -2.61249 33
      vertex 55.7368 -2.61249 0
    endloop
  endfacet
  facet normal -0.87253 0.48856 0
    outer loop
      vertex 64.2632 -2.61249 0
      vertex 64.455 -2.26995 33
      vertex 64.455 -2.26995 0
    endloop
  endfacet
  facet normal -0.87253 0.48856 0
    outer loop
      vertex 64.455 -2.26995 33
      vertex 64.2632 -2.61249 0
      vertex 64.2632 -2.61249 33
    endloop
  endfacet
  facet normal -0.195112 -0.980781 0
    outer loop
      vertex 60.7822 4.93844 0
      vertex 61.1672 4.86185 33
      vertex 60.7822 4.93844 33
    endloop
  endfacet
  facet normal -0.195112 -0.980781 -0
    outer loop
      vertex 61.1672 4.86185 33
      vertex 60.7822 4.93844 0
      vertex 61.1672 4.86185 0
    endloop
  endfacet
  facet normal -0.346133 -0.938186 0
    outer loop
      vertex 61.5451 4.75528 0
      vertex 61.9134 4.6194 33
      vertex 61.5451 4.75528 33
    endloop
  endfacet
  facet normal -0.346133 -0.938186 -0
    outer loop
      vertex 61.9134 4.6194 33
      vertex 61.5451 4.75528 0
      vertex 61.9134 4.6194 0
    endloop
  endfacet
  facet normal -0.734313 0.678811 0
    outer loop
      vertex 63.5355 -3.53553 0
      vertex 63.802 -3.24724 33
      vertex 63.802 -3.24724 0
    endloop
  endfacet
  facet normal -0.734313 0.678811 0
    outer loop
      vertex 63.802 -3.24724 33
      vertex 63.5355 -3.53553 0
      vertex 63.5355 -3.53553 33
    endloop
  endfacet
  facet normal -0.831493 0.555535 0
    outer loop
      vertex 64.0451 -2.93893 0
      vertex 64.2632 -2.61249 33
      vertex 64.2632 -2.61249 0
    endloop
  endfacet
  facet normal -0.831493 0.555535 0
    outer loop
      vertex 64.2632 -2.61249 33
      vertex 64.0451 -2.93893 0
      vertex 64.0451 -2.93893 33
    endloop
  endfacet
  facet normal 0.27142 0.962461 -0
    outer loop
      vertex 58.8328 -4.86185 0
      vertex 58.4549 -4.75528 33
      vertex 58.8328 -4.86185 33
    endloop
  endfacet
  facet normal 0.27142 0.962461 0
    outer loop
      vertex 58.4549 -4.75528 33
      vertex 58.8328 -4.86185 0
      vertex 58.4549 -4.75528 0
    endloop
  endfacet
  facet normal -0.0392509 0.999229 0
    outer loop
      vertex 60.3923 -4.98459 0
      vertex 60 -5 33
      vertex 60.3923 -4.98459 33
    endloop
  endfacet
  facet normal -0.0392509 0.999229 0
    outer loop
      vertex 60 -5 33
      vertex 60.3923 -4.98459 0
      vertex 60 -5 0
    endloop
  endfacet
  facet normal 0.346133 0.938186 -0
    outer loop
      vertex 58.4549 -4.75528 0
      vertex 58.0866 -4.6194 33
      vertex 58.4549 -4.75528 33
    endloop
  endfacet
  facet normal 0.346133 0.938186 0
    outer loop
      vertex 58.0866 -4.6194 33
      vertex 58.4549 -4.75528 0
      vertex 58.0866 -4.6194 0
    endloop
  endfacet
  facet normal 0.27142 -0.962461 0
    outer loop
      vertex 58.4549 4.75528 0
      vertex 58.8328 4.86185 33
      vertex 58.4549 4.75528 33
    endloop
  endfacet
  facet normal 0.27142 -0.962461 0
    outer loop
      vertex 58.8328 4.86185 33
      vertex 58.4549 4.75528 0
      vertex 58.8328 4.86185 0
    endloop
  endfacet
  facet normal -0.117543 -0.993068 0
    outer loop
      vertex 60.3923 4.98459 0
      vertex 60.7822 4.93844 33
      vertex 60.3923 4.98459 33
    endloop
  endfacet
  facet normal -0.117543 -0.993068 -0
    outer loop
      vertex 60.7822 4.93844 33
      vertex 60.3923 4.98459 0
      vertex 60.7822 4.93844 0
    endloop
  endfacet
  facet normal 0.962432 -0.271524 0
    outer loop
      vertex 55.1381 1.16723 33
      vertex 55.2447 1.54508 0
      vertex 55.2447 1.54508 33
    endloop
  endfacet
  facet normal 0.962432 -0.271524 0
    outer loop
      vertex 55.2447 1.54508 0
      vertex 55.1381 1.16723 33
      vertex 55.1381 1.16723 0
    endloop
  endfacet
  facet normal -0.488662 0.872473 0
    outer loop
      vertex 62.6125 -4.2632 0
      vertex 62.27 -4.45503 33
      vertex 62.6125 -4.2632 33
    endloop
  endfacet
  facet normal -0.488662 0.872473 0
    outer loop
      vertex 62.27 -4.45503 33
      vertex 62.6125 -4.2632 0
      vertex 62.27 -4.45503 0
    endloop
  endfacet
  facet normal -0.555617 0.831438 0
    outer loop
      vertex 62.9389 -4.04508 0
      vertex 62.6125 -4.2632 33
      vertex 62.9389 -4.04508 33
    endloop
  endfacet
  facet normal -0.555617 0.831438 0
    outer loop
      vertex 62.6125 -4.2632 33
      vertex 62.9389 -4.04508 0
      vertex 62.6125 -4.2632 0
    endloop
  endfacet
  facet normal 0.908107 0.418738 0
    outer loop
      vertex 55.545 -2.26995 33
      vertex 55.3806 -1.91342 0
      vertex 55.3806 -1.91342 33
    endloop
  endfacet
  facet normal 0.908107 0.418738 0
    outer loop
      vertex 55.3806 -1.91342 0
      vertex 55.545 -2.26995 33
      vertex 55.545 -2.26995 0
    endloop
  endfacet
  facet normal -0.980782 -0.195108 0
    outer loop
      vertex 64.9384 0.782172 0
      vertex 64.8618 1.16723 33
      vertex 64.8618 1.16723 0
    endloop
  endfacet
  facet normal -0.980782 -0.195108 0
    outer loop
      vertex 64.8618 1.16723 33
      vertex 64.9384 0.782172 0
      vertex 64.9384 0.782172 33
    endloop
  endfacet
  facet normal -0.678798 0.734325 0
    outer loop
      vertex 63.5355 -3.53553 0
      vertex 63.2472 -3.80203 33
      vertex 63.5355 -3.53553 33
    endloop
  endfacet
  facet normal -0.678798 0.734325 0
    outer loop
      vertex 63.2472 -3.80203 33
      vertex 63.5355 -3.53553 0
      vertex 63.2472 -3.80203 0
    endloop
  endfacet
  facet normal -0.785257 -0.619169 0
    outer loop
      vertex 64.0451 2.93893 0
      vertex 63.802 3.24724 33
      vertex 63.802 3.24724 0
    endloop
  endfacet
  facet normal -0.785257 -0.619169 0
    outer loop
      vertex 63.802 3.24724 33
      vertex 64.0451 2.93893 0
      vertex 64.0451 2.93893 33
    endloop
  endfacet
  facet normal 0.99923 0.039226 0
    outer loop
      vertex 55.0154 -0.392295 33
      vertex 55 0 0
      vertex 55 0 33
    endloop
  endfacet
  facet normal 0.99923 0.039226 0
    outer loop
      vertex 55 0 0
      vertex 55.0154 -0.392295 33
      vertex 55.0154 -0.392295 0
    endloop
  endfacet
  facet normal -0.938181 0.346144 0
    outer loop
      vertex 64.6194 -1.91342 0
      vertex 64.7553 -1.54508 33
      vertex 64.7553 -1.54508 0
    endloop
  endfacet
  facet normal -0.938181 0.346144 0
    outer loop
      vertex 64.7553 -1.54508 33
      vertex 64.6194 -1.91342 0
      vertex 64.6194 -1.91342 33
    endloop
  endfacet
  facet normal 0.98083 0.194863 0
    outer loop
      vertex 55.1381 -1.16723 33
      vertex 55.0616 -0.782172 0
      vertex 55.0616 -0.782172 33
    endloop
  endfacet
  facet normal 0.98083 0.194863 0
    outer loop
      vertex 55.0616 -0.782172 0
      vertex 55.1381 -1.16723 33
      vertex 55.1381 -1.16723 0
    endloop
  endfacet
  facet normal 0.678798 -0.734325 0
    outer loop
      vertex 56.4645 3.53553 0
      vertex 56.7528 3.80203 33
      vertex 56.4645 3.53553 33
    endloop
  endfacet
  facet normal 0.678798 -0.734325 0
    outer loop
      vertex 56.7528 3.80203 33
      vertex 56.4645 3.53553 0
      vertex 56.7528 3.80203 0
    endloop
  endfacet
  facet normal -0.734313 -0.678811 0
    outer loop
      vertex 63.802 3.24724 0
      vertex 63.5355 3.53553 33
      vertex 63.5355 3.53553 0
    endloop
  endfacet
  facet normal -0.734313 -0.678811 0
    outer loop
      vertex 63.5355 3.53553 33
      vertex 63.802 3.24724 0
      vertex 63.802 3.24724 33
    endloop
  endfacet
  facet normal 0.785257 -0.619169 0
    outer loop
      vertex 55.9549 2.93893 33
      vertex 56.198 3.24724 0
      vertex 56.198 3.24724 33
    endloop
  endfacet
  facet normal 0.785257 -0.619169 0
    outer loop
      vertex 56.198 3.24724 0
      vertex 55.9549 2.93893 33
      vertex 55.9549 2.93893 0
    endloop
  endfacet
  facet normal -0.908107 0.418738 0
    outer loop
      vertex 64.455 -2.26995 0
      vertex 64.6194 -1.91342 33
      vertex 64.6194 -1.91342 0
    endloop
  endfacet
  facet normal -0.908107 0.418738 0
    outer loop
      vertex 64.6194 -1.91342 33
      vertex 64.455 -2.26995 0
      vertex 64.455 -2.26995 33
    endloop
  endfacet
  facet normal 0.117543 0.993068 -0
    outer loop
      vertex 59.6077 -4.98459 0
      vertex 59.2178 -4.93844 33
      vertex 59.6077 -4.98459 33
    endloop
  endfacet
  facet normal 0.117543 0.993068 0
    outer loop
      vertex 59.2178 -4.93844 33
      vertex 59.6077 -4.98459 0
      vertex 59.2178 -4.93844 0
    endloop
  endfacet
  facet normal 0.619103 0.78531 -0
    outer loop
      vertex 57.0611 -4.04508 0
      vertex 56.7528 -3.80203 33
      vertex 57.0611 -4.04508 33
    endloop
  endfacet
  facet normal 0.619103 0.78531 0
    outer loop
      vertex 56.7528 -3.80203 33
      vertex 57.0611 -4.04508 0
      vertex 56.7528 -3.80203 0
    endloop
  endfacet
endsolid OpenSCAD_Model
