solid OpenSCAD_Model
  facet normal -0.999225 0.0393578 0
    outer loop
      vertex -80.2585 -14.2158 0
      vertex -80.25 -14 3
      vertex -80.25 -14 0
    endloop
  endfacet
  facet normal -0.999225 0.0393578 0
    outer loop
      vertex -80.25 -14 3
      vertex -80.2585 -14.2158 0
      vertex -80.2585 -14.2158 3
    endloop
  endfacet
  facet normal -0.993055 -0.117647 0
    outer loop
      vertex -80.2585 -13.7842 0
      vertex -80.2839 -13.5698 3
      vertex -80.2839 -13.5698 0
    endloop
  endfacet
  facet normal -0.993055 -0.117647 0
    outer loop
      vertex -80.2839 -13.5698 3
      vertex -80.2585 -13.7842 0
      vertex -80.2585 -13.7842 3
    endloop
  endfacet
  facet normal -0.999225 -0.0393578 0
    outer loop
      vertex -80.25 -14 0
      vertex -80.2585 -13.7842 3
      vertex -80.2585 -13.7842 0
    endloop
  endfacet
  facet normal -0.999225 -0.0393578 0
    outer loop
      vertex -80.2585 -13.7842 3
      vertex -80.25 -14 0
      vertex -80.25 -14 3
    endloop
  endfacet
  facet normal -0.980812 -0.194958 0
    outer loop
      vertex -80.2839 -13.5698 0
      vertex -80.326 -13.358 3
      vertex -80.326 -13.358 0
    endloop
  endfacet
  facet normal -0.980812 -0.194958 0
    outer loop
      vertex -80.326 -13.358 3
      vertex -80.2839 -13.5698 0
      vertex -80.2839 -13.5698 3
    endloop
  endfacet
  facet normal -0.555769 -0.831337 0
    outer loop
      vertex -81.5631 -11.6552 0
      vertex -81.3836 -11.7752 3
      vertex -81.5631 -11.6552 3
    endloop
  endfacet
  facet normal -0.555769 -0.831337 -0
    outer loop
      vertex -81.3836 -11.7752 3
      vertex -81.5631 -11.6552 0
      vertex -81.3836 -11.7752 0
    endloop
  endfacet
  facet normal 0.488589 -0.872514 0
    outer loop
      vertex -84.4369 -11.6552 0
      vertex -84.2485 -11.5497 3
      vertex -84.4369 -11.6552 3
    endloop
  endfacet
  facet normal 0.488589 -0.872514 0
    outer loop
      vertex -84.2485 -11.5497 3
      vertex -84.4369 -11.6552 0
      vertex -84.2485 -11.5497 0
    endloop
  endfacet
  facet normal 0.938256 0.345941 0
    outer loop
      vertex -85.5407 -15.0524 3
      vertex -85.6154 -14.8498 0
      vertex -85.6154 -14.8498 3
    endloop
  endfacet
  facet normal 0.938256 0.345941 0
    outer loop
      vertex -85.6154 -14.8498 0
      vertex -85.5407 -15.0524 3
      vertex -85.5407 -15.0524 0
    endloop
  endfacet
  facet normal 0.785321 0.619089 0
    outer loop
      vertex -85.0911 -15.786 3
      vertex -85.2248 -15.6164 0
      vertex -85.2248 -15.6164 3
    endloop
  endfacet
  facet normal 0.785321 0.619089 0
    outer loop
      vertex -85.2248 -15.6164 0
      vertex -85.0911 -15.786 3
      vertex -85.0911 -15.786 0
    endloop
  endfacet
  facet normal 0.555769 0.831337 -0
    outer loop
      vertex -84.4369 -16.3448 0
      vertex -84.6164 -16.2248 3
      vertex -84.4369 -16.3448 3
    endloop
  endfacet
  facet normal 0.555769 0.831337 0
    outer loop
      vertex -84.6164 -16.2248 3
      vertex -84.4369 -16.3448 0
      vertex -84.6164 -16.2248 0
    endloop
  endfacet
  facet normal -0.938256 0.345941 0
    outer loop
      vertex -80.4593 -15.0524 0
      vertex -80.3846 -14.8498 3
      vertex -80.3846 -14.8498 0
    endloop
  endfacet
  facet normal -0.938256 0.345941 0
    outer loop
      vertex -80.3846 -14.8498 3
      vertex -80.4593 -15.0524 0
      vertex -80.4593 -15.0524 3
    endloop
  endfacet
  facet normal 0.962462 -0.271416 0
    outer loop
      vertex -85.674 -13.358 3
      vertex -85.6154 -13.1502 0
      vertex -85.6154 -13.1502 3
    endloop
  endfacet
  facet normal 0.962462 -0.271416 0
    outer loop
      vertex -85.6154 -13.1502 0
      vertex -85.674 -13.358 3
      vertex -85.674 -13.358 0
    endloop
  endfacet
  facet normal -0.0393578 0.999225 0
    outer loop
      vertex -82.7842 -16.7415 0
      vertex -83 -16.75 3
      vertex -82.7842 -16.7415 3
    endloop
  endfacet
  facet normal -0.0393578 0.999225 0
    outer loop
      vertex -83 -16.75 3
      vertex -82.7842 -16.7415 0
      vertex -83 -16.75 0
    endloop
  endfacet
  facet normal -0.194958 0.980812 0
    outer loop
      vertex -82.358 -16.674 0
      vertex -82.5698 -16.7161 3
      vertex -82.358 -16.674 3
    endloop
  endfacet
  facet normal -0.194958 0.980812 0
    outer loop
      vertex -82.5698 -16.7161 3
      vertex -82.358 -16.674 0
      vertex -82.5698 -16.7161 0
    endloop
  endfacet
  facet normal 0.194958 0.980812 -0
    outer loop
      vertex -83.4302 -16.7161 0
      vertex -83.642 -16.674 3
      vertex -83.4302 -16.7161 3
    endloop
  endfacet
  facet normal 0.194958 0.980812 0
    outer loop
      vertex -83.642 -16.674 3
      vertex -83.4302 -16.7161 0
      vertex -83.642 -16.674 0
    endloop
  endfacet
  facet normal -0.619089 0.785321 0
    outer loop
      vertex -81.214 -16.0911 0
      vertex -81.3836 -16.2248 3
      vertex -81.214 -16.0911 3
    endloop
  endfacet
  facet normal -0.619089 0.785321 0
    outer loop
      vertex -81.3836 -16.2248 3
      vertex -81.214 -16.0911 0
      vertex -81.3836 -16.2248 0
    endloop
  endfacet
  facet normal 0.271416 -0.962462 0
    outer loop
      vertex -83.8498 -11.3846 0
      vertex -83.642 -11.326 3
      vertex -83.8498 -11.3846 3
    endloop
  endfacet
  facet normal 0.271416 -0.962462 0
    outer loop
      vertex -83.642 -11.326 3
      vertex -83.8498 -11.3846 0
      vertex -83.642 -11.326 0
    endloop
  endfacet
  facet normal -0.872514 0.488589 0
    outer loop
      vertex -80.6552 -15.4369 0
      vertex -80.5497 -15.2485 3
      vertex -80.5497 -15.2485 0
    endloop
  endfacet
  facet normal -0.872514 0.488589 0
    outer loop
      vertex -80.5497 -15.2485 3
      vertex -80.6552 -15.4369 0
      vertex -80.6552 -15.4369 3
    endloop
  endfacet
  facet normal -0.785321 0.619089 0
    outer loop
      vertex -80.9089 -15.786 0
      vertex -80.7752 -15.6164 3
      vertex -80.7752 -15.6164 0
    endloop
  endfacet
  facet normal -0.785321 0.619089 0
    outer loop
      vertex -80.7752 -15.6164 3
      vertex -80.9089 -15.786 0
      vertex -80.9089 -15.786 3
    endloop
  endfacet
  facet normal 0.194958 -0.980812 0
    outer loop
      vertex -83.642 -11.326 0
      vertex -83.4302 -11.2839 3
      vertex -83.642 -11.326 3
    endloop
  endfacet
  facet normal 0.194958 -0.980812 0
    outer loop
      vertex -83.4302 -11.2839 3
      vertex -83.642 -11.326 0
      vertex -83.4302 -11.2839 0
    endloop
  endfacet
  facet normal -0.194958 -0.980812 0
    outer loop
      vertex -82.5698 -11.2839 0
      vertex -82.358 -11.326 3
      vertex -82.5698 -11.2839 3
    endloop
  endfacet
  facet normal -0.194958 -0.980812 -0
    outer loop
      vertex -82.358 -11.326 3
      vertex -82.5698 -11.2839 0
      vertex -82.358 -11.326 0
    endloop
  endfacet
  facet normal -0.271416 -0.962462 0
    outer loop
      vertex -82.358 -11.326 0
      vertex -82.1502 -11.3846 3
      vertex -82.358 -11.326 3
    endloop
  endfacet
  facet normal -0.271416 -0.962462 -0
    outer loop
      vertex -82.1502 -11.3846 3
      vertex -82.358 -11.326 0
      vertex -82.1502 -11.3846 0
    endloop
  endfacet
  facet normal -0.418647 -0.908149 0
    outer loop
      vertex -81.9476 -11.4593 0
      vertex -81.7515 -11.5497 3
      vertex -81.9476 -11.4593 3
    endloop
  endfacet
  facet normal -0.418647 -0.908149 -0
    outer loop
      vertex -81.7515 -11.5497 3
      vertex -81.9476 -11.4593 0
      vertex -81.7515 -11.5497 0
    endloop
  endfacet
  facet normal -0.418647 0.908149 0
    outer loop
      vertex -81.7515 -16.4503 0
      vertex -81.9476 -16.5407 3
      vertex -81.7515 -16.4503 3
    endloop
  endfacet
  facet normal -0.418647 0.908149 0
    outer loop
      vertex -81.9476 -16.5407 3
      vertex -81.7515 -16.4503 0
      vertex -81.9476 -16.5407 0
    endloop
  endfacet
  facet normal -0.679011 -0.734128 0
    outer loop
      vertex -81.214 -11.9089 0
      vertex -81.0555 -12.0555 3
      vertex -81.214 -11.9089 3
    endloop
  endfacet
  facet normal -0.679011 -0.734128 -0
    outer loop
      vertex -81.0555 -12.0555 3
      vertex -81.214 -11.9089 0
      vertex -81.0555 -12.0555 0
    endloop
  endfacet
  facet normal 0.345941 -0.938256 0
    outer loop
      vertex -84.0524 -11.4593 0
      vertex -83.8498 -11.3846 3
      vertex -84.0524 -11.4593 3
    endloop
  endfacet
  facet normal 0.345941 -0.938256 0
    outer loop
      vertex -83.8498 -11.3846 3
      vertex -84.0524 -11.4593 0
      vertex -83.8498 -11.3846 0
    endloop
  endfacet
  facet normal 0.999225 0.0393578 0
    outer loop
      vertex -85.7415 -14.2158 3
      vertex -85.75 -14 0
      vertex -85.75 -14 3
    endloop
  endfacet
  facet normal 0.999225 0.0393578 0
    outer loop
      vertex -85.75 -14 0
      vertex -85.7415 -14.2158 3
      vertex -85.7415 -14.2158 0
    endloop
  endfacet
  facet normal -0.345941 -0.938256 0
    outer loop
      vertex -82.1502 -11.3846 0
      vertex -81.9476 -11.4593 3
      vertex -82.1502 -11.3846 3
    endloop
  endfacet
  facet normal -0.345941 -0.938256 -0
    outer loop
      vertex -81.9476 -11.4593 3
      vertex -82.1502 -11.3846 0
      vertex -81.9476 -11.4593 0
    endloop
  endfacet
  facet normal 0.962462 0.271416 0
    outer loop
      vertex -85.6154 -14.8498 3
      vertex -85.674 -14.642 0
      vertex -85.674 -14.642 3
    endloop
  endfacet
  facet normal 0.962462 0.271416 0
    outer loop
      vertex -85.674 -14.642 0
      vertex -85.6154 -14.8498 3
      vertex -85.6154 -14.8498 0
    endloop
  endfacet
  facet normal 0.679011 -0.734128 0
    outer loop
      vertex -84.9445 -12.0555 0
      vertex -84.786 -11.9089 3
      vertex -84.9445 -12.0555 3
    endloop
  endfacet
  facet normal 0.679011 -0.734128 0
    outer loop
      vertex -84.786 -11.9089 3
      vertex -84.9445 -12.0555 0
      vertex -84.786 -11.9089 0
    endloop
  endfacet
  facet normal -0.831337 -0.555769 0
    outer loop
      vertex -80.6552 -12.5631 0
      vertex -80.7752 -12.3836 3
      vertex -80.7752 -12.3836 0
    endloop
  endfacet
  facet normal -0.831337 -0.555769 0
    outer loop
      vertex -80.7752 -12.3836 3
      vertex -80.6552 -12.5631 0
      vertex -80.6552 -12.5631 3
    endloop
  endfacet
  facet normal -0.117647 0.993055 0
    outer loop
      vertex -82.5698 -16.7161 0
      vertex -82.7842 -16.7415 3
      vertex -82.5698 -16.7161 3
    endloop
  endfacet
  facet normal -0.117647 0.993055 0
    outer loop
      vertex -82.7842 -16.7415 3
      vertex -82.5698 -16.7161 0
      vertex -82.7842 -16.7415 0
    endloop
  endfacet
  facet normal -0.271416 0.962462 0
    outer loop
      vertex -82.1502 -16.6154 0
      vertex -82.358 -16.674 3
      vertex -82.1502 -16.6154 3
    endloop
  endfacet
  facet normal -0.271416 0.962462 0
    outer loop
      vertex -82.358 -16.674 3
      vertex -82.1502 -16.6154 0
      vertex -82.358 -16.674 0
    endloop
  endfacet
  facet normal -0.785321 -0.619089 0
    outer loop
      vertex -80.7752 -12.3836 0
      vertex -80.9089 -12.214 3
      vertex -80.9089 -12.214 0
    endloop
  endfacet
  facet normal -0.785321 -0.619089 0
    outer loop
      vertex -80.9089 -12.214 3
      vertex -80.7752 -12.3836 0
      vertex -80.7752 -12.3836 3
    endloop
  endfacet
  facet normal 0.980812 -0.194958 0
    outer loop
      vertex -85.7161 -13.5698 3
      vertex -85.674 -13.358 0
      vertex -85.674 -13.358 3
    endloop
  endfacet
  facet normal 0.980812 -0.194958 0
    outer loop
      vertex -85.674 -13.358 0
      vertex -85.7161 -13.5698 3
      vertex -85.7161 -13.5698 0
    endloop
  endfacet
  facet normal -0.938256 -0.345941 0
    outer loop
      vertex -80.3846 -13.1502 0
      vertex -80.4593 -12.9476 3
      vertex -80.4593 -12.9476 0
    endloop
  endfacet
  facet normal -0.938256 -0.345941 0
    outer loop
      vertex -80.4593 -12.9476 3
      vertex -80.3846 -13.1502 0
      vertex -80.3846 -13.1502 3
    endloop
  endfacet
  facet normal -0.831337 0.555769 0
    outer loop
      vertex -80.7752 -15.6164 0
      vertex -80.6552 -15.4369 3
      vertex -80.6552 -15.4369 0
    endloop
  endfacet
  facet normal -0.831337 0.555769 0
    outer loop
      vertex -80.6552 -15.4369 3
      vertex -80.7752 -15.6164 0
      vertex -80.7752 -15.6164 3
    endloop
  endfacet
  facet normal -0.962462 -0.271416 0
    outer loop
      vertex -80.326 -13.358 0
      vertex -80.3846 -13.1502 3
      vertex -80.3846 -13.1502 0
    endloop
  endfacet
  facet normal -0.962462 -0.271416 0
    outer loop
      vertex -80.3846 -13.1502 3
      vertex -80.326 -13.358 0
      vertex -80.326 -13.358 3
    endloop
  endfacet
  facet normal 0.619089 0.785321 -0
    outer loop
      vertex -84.6164 -16.2248 0
      vertex -84.786 -16.0911 3
      vertex -84.6164 -16.2248 3
    endloop
  endfacet
  facet normal 0.619089 0.785321 0
    outer loop
      vertex -84.786 -16.0911 3
      vertex -84.6164 -16.2248 0
      vertex -84.786 -16.0911 0
    endloop
  endfacet
  facet normal 0.785321 -0.619089 0
    outer loop
      vertex -85.2248 -12.3836 3
      vertex -85.0911 -12.214 0
      vertex -85.0911 -12.214 3
    endloop
  endfacet
  facet normal 0.785321 -0.619089 0
    outer loop
      vertex -85.0911 -12.214 0
      vertex -85.2248 -12.3836 3
      vertex -85.2248 -12.3836 0
    endloop
  endfacet
  facet normal -0.962462 0.271416 0
    outer loop
      vertex -80.3846 -14.8498 0
      vertex -80.326 -14.642 3
      vertex -80.326 -14.642 0
    endloop
  endfacet
  facet normal -0.962462 0.271416 0
    outer loop
      vertex -80.326 -14.642 3
      vertex -80.3846 -14.8498 0
      vertex -80.3846 -14.8498 3
    endloop
  endfacet
  facet normal -0.980812 0.194958 0
    outer loop
      vertex -80.326 -14.642 0
      vertex -80.2839 -14.4302 3
      vertex -80.2839 -14.4302 0
    endloop
  endfacet
  facet normal -0.980812 0.194958 0
    outer loop
      vertex -80.2839 -14.4302 3
      vertex -80.326 -14.642 0
      vertex -80.326 -14.642 3
    endloop
  endfacet
  facet normal -0.908149 0.418647 0
    outer loop
      vertex -80.5497 -15.2485 0
      vertex -80.4593 -15.0524 3
      vertex -80.4593 -15.0524 0
    endloop
  endfacet
  facet normal -0.908149 0.418647 0
    outer loop
      vertex -80.4593 -15.0524 3
      vertex -80.5497 -15.2485 0
      vertex -80.5497 -15.2485 3
    endloop
  endfacet
  facet normal -0.993055 0.117647 0
    outer loop
      vertex -80.2839 -14.4302 0
      vertex -80.2585 -14.2158 3
      vertex -80.2585 -14.2158 0
    endloop
  endfacet
  facet normal -0.993055 0.117647 0
    outer loop
      vertex -80.2585 -14.2158 3
      vertex -80.2839 -14.4302 0
      vertex -80.2839 -14.4302 3
    endloop
  endfacet
  facet normal -0.619089 -0.785321 0
    outer loop
      vertex -81.3836 -11.7752 0
      vertex -81.214 -11.9089 3
      vertex -81.3836 -11.7752 3
    endloop
  endfacet
  facet normal -0.619089 -0.785321 -0
    outer loop
      vertex -81.214 -11.9089 3
      vertex -81.3836 -11.7752 0
      vertex -81.214 -11.9089 0
    endloop
  endfacet
  facet normal 0.872514 0.488589 0
    outer loop
      vertex -85.3448 -15.4369 3
      vertex -85.4503 -15.2485 0
      vertex -85.4503 -15.2485 3
    endloop
  endfacet
  facet normal 0.872514 0.488589 0
    outer loop
      vertex -85.4503 -15.2485 0
      vertex -85.3448 -15.4369 3
      vertex -85.3448 -15.4369 0
    endloop
  endfacet
  facet normal 0.117647 0.993055 -0
    outer loop
      vertex -83.2158 -16.7415 0
      vertex -83.4302 -16.7161 3
      vertex -83.2158 -16.7415 3
    endloop
  endfacet
  facet normal 0.117647 0.993055 0
    outer loop
      vertex -83.4302 -16.7161 3
      vertex -83.2158 -16.7415 0
      vertex -83.4302 -16.7161 0
    endloop
  endfacet
  facet normal -0.117647 -0.993055 0
    outer loop
      vertex -82.7842 -11.2585 0
      vertex -82.5698 -11.2839 3
      vertex -82.7842 -11.2585 3
    endloop
  endfacet
  facet normal -0.117647 -0.993055 -0
    outer loop
      vertex -82.5698 -11.2839 3
      vertex -82.7842 -11.2585 0
      vertex -82.5698 -11.2839 0
    endloop
  endfacet
  facet normal 0.679011 0.734128 -0
    outer loop
      vertex -84.786 -16.0911 0
      vertex -84.9445 -15.9445 3
      vertex -84.786 -16.0911 3
    endloop
  endfacet
  facet normal 0.679011 0.734128 0
    outer loop
      vertex -84.9445 -15.9445 3
      vertex -84.786 -16.0911 0
      vertex -84.9445 -15.9445 0
    endloop
  endfacet
  facet normal 0.271416 0.962462 -0
    outer loop
      vertex -83.642 -16.674 0
      vertex -83.8498 -16.6154 3
      vertex -83.642 -16.674 3
    endloop
  endfacet
  facet normal 0.271416 0.962462 0
    outer loop
      vertex -83.8498 -16.6154 3
      vertex -83.642 -16.674 0
      vertex -83.8498 -16.6154 0
    endloop
  endfacet
  facet normal -0.872514 -0.488589 0
    outer loop
      vertex -80.5497 -12.7515 0
      vertex -80.6552 -12.5631 3
      vertex -80.6552 -12.5631 0
    endloop
  endfacet
  facet normal -0.872514 -0.488589 0
    outer loop
      vertex -80.6552 -12.5631 3
      vertex -80.5497 -12.7515 0
      vertex -80.5497 -12.7515 3
    endloop
  endfacet
  facet normal 0.619089 -0.785321 0
    outer loop
      vertex -84.786 -11.9089 0
      vertex -84.6164 -11.7752 3
      vertex -84.786 -11.9089 3
    endloop
  endfacet
  facet normal 0.619089 -0.785321 0
    outer loop
      vertex -84.6164 -11.7752 3
      vertex -84.786 -11.9089 0
      vertex -84.6164 -11.7752 0
    endloop
  endfacet
  facet normal 0.0393578 -0.999225 0
    outer loop
      vertex -83.2158 -11.2585 0
      vertex -83 -11.25 3
      vertex -83.2158 -11.2585 3
    endloop
  endfacet
  facet normal 0.0393578 -0.999225 0
    outer loop
      vertex -83 -11.25 3
      vertex -83.2158 -11.2585 0
      vertex -83 -11.25 0
    endloop
  endfacet
  facet normal 0.555769 -0.831337 0
    outer loop
      vertex -84.6164 -11.7752 0
      vertex -84.4369 -11.6552 3
      vertex -84.6164 -11.7752 3
    endloop
  endfacet
  facet normal 0.555769 -0.831337 0
    outer loop
      vertex -84.4369 -11.6552 3
      vertex -84.6164 -11.7752 0
      vertex -84.4369 -11.6552 0
    endloop
  endfacet
  facet normal 0.872514 -0.488589 0
    outer loop
      vertex -85.4503 -12.7515 3
      vertex -85.3448 -12.5631 0
      vertex -85.3448 -12.5631 3
    endloop
  endfacet
  facet normal 0.872514 -0.488589 0
    outer loop
      vertex -85.3448 -12.5631 0
      vertex -85.4503 -12.7515 3
      vertex -85.4503 -12.7515 0
    endloop
  endfacet
  facet normal -0.734128 0.679011 0
    outer loop
      vertex -81.0555 -15.9445 0
      vertex -80.9089 -15.786 3
      vertex -80.9089 -15.786 0
    endloop
  endfacet
  facet normal -0.734128 0.679011 0
    outer loop
      vertex -80.9089 -15.786 3
      vertex -81.0555 -15.9445 0
      vertex -81.0555 -15.9445 3
    endloop
  endfacet
  facet normal 0.734128 -0.679011 0
    outer loop
      vertex -85.0911 -12.214 3
      vertex -84.9445 -12.0555 0
      vertex -84.9445 -12.0555 3
    endloop
  endfacet
  facet normal 0.734128 -0.679011 0
    outer loop
      vertex -84.9445 -12.0555 0
      vertex -85.0911 -12.214 3
      vertex -85.0911 -12.214 0
    endloop
  endfacet
  facet normal -0.555769 0.831337 0
    outer loop
      vertex -81.3836 -16.2248 0
      vertex -81.5631 -16.3448 3
      vertex -81.3836 -16.2248 3
    endloop
  endfacet
  facet normal -0.555769 0.831337 0
    outer loop
      vertex -81.5631 -16.3448 3
      vertex -81.3836 -16.2248 0
      vertex -81.5631 -16.3448 0
    endloop
  endfacet
  facet normal 0.117647 -0.993055 0
    outer loop
      vertex -83.4302 -11.2839 0
      vertex -83.2158 -11.2585 3
      vertex -83.4302 -11.2839 3
    endloop
  endfacet
  facet normal 0.117647 -0.993055 0
    outer loop
      vertex -83.2158 -11.2585 3
      vertex -83.4302 -11.2839 0
      vertex -83.2158 -11.2585 0
    endloop
  endfacet
  facet normal -0.488589 -0.872514 0
    outer loop
      vertex -81.7515 -11.5497 0
      vertex -81.5631 -11.6552 3
      vertex -81.7515 -11.5497 3
    endloop
  endfacet
  facet normal -0.488589 -0.872514 -0
    outer loop
      vertex -81.5631 -11.6552 3
      vertex -81.7515 -11.5497 0
      vertex -81.5631 -11.6552 0
    endloop
  endfacet
  facet normal -0.488589 0.872514 0
    outer loop
      vertex -81.5631 -16.3448 0
      vertex -81.7515 -16.4503 3
      vertex -81.5631 -16.3448 3
    endloop
  endfacet
  facet normal -0.488589 0.872514 0
    outer loop
      vertex -81.7515 -16.4503 3
      vertex -81.5631 -16.3448 0
      vertex -81.7515 -16.4503 0
    endloop
  endfacet
  facet normal -0.345941 0.938256 0
    outer loop
      vertex -81.9476 -16.5407 0
      vertex -82.1502 -16.6154 3
      vertex -81.9476 -16.5407 3
    endloop
  endfacet
  facet normal -0.345941 0.938256 0
    outer loop
      vertex -82.1502 -16.6154 3
      vertex -81.9476 -16.5407 0
      vertex -82.1502 -16.6154 0
    endloop
  endfacet
  facet normal 0.734128 0.679011 0
    outer loop
      vertex -84.9445 -15.9445 3
      vertex -85.0911 -15.786 0
      vertex -85.0911 -15.786 3
    endloop
  endfacet
  facet normal 0.734128 0.679011 0
    outer loop
      vertex -85.0911 -15.786 0
      vertex -84.9445 -15.9445 3
      vertex -84.9445 -15.9445 0
    endloop
  endfacet
  facet normal 0.993055 -0.117647 0
    outer loop
      vertex -85.7415 -13.7842 3
      vertex -85.7161 -13.5698 0
      vertex -85.7161 -13.5698 3
    endloop
  endfacet
  facet normal 0.993055 -0.117647 0
    outer loop
      vertex -85.7161 -13.5698 0
      vertex -85.7415 -13.7842 3
      vertex -85.7415 -13.7842 0
    endloop
  endfacet
  facet normal -0.734128 -0.679011 0
    outer loop
      vertex -80.9089 -12.214 0
      vertex -81.0555 -12.0555 3
      vertex -81.0555 -12.0555 0
    endloop
  endfacet
  facet normal -0.734128 -0.679011 0
    outer loop
      vertex -81.0555 -12.0555 3
      vertex -80.9089 -12.214 0
      vertex -80.9089 -12.214 3
    endloop
  endfacet
  facet normal 0.980812 0.194958 0
    outer loop
      vertex -85.674 -14.642 3
      vertex -85.7161 -14.4302 0
      vertex -85.7161 -14.4302 3
    endloop
  endfacet
  facet normal 0.980812 0.194958 0
    outer loop
      vertex -85.7161 -14.4302 0
      vertex -85.674 -14.642 3
      vertex -85.674 -14.642 0
    endloop
  endfacet
  facet normal -0.908149 -0.418647 0
    outer loop
      vertex -80.4593 -12.9476 0
      vertex -80.5497 -12.7515 3
      vertex -80.5497 -12.7515 0
    endloop
  endfacet
  facet normal -0.908149 -0.418647 0
    outer loop
      vertex -80.5497 -12.7515 3
      vertex -80.4593 -12.9476 0
      vertex -80.4593 -12.9476 3
    endloop
  endfacet
  facet normal 0.993055 0.117647 0
    outer loop
      vertex -85.7161 -14.4302 3
      vertex -85.7415 -14.2158 0
      vertex -85.7415 -14.2158 3
    endloop
  endfacet
  facet normal 0.993055 0.117647 0
    outer loop
      vertex -85.7415 -14.2158 0
      vertex -85.7161 -14.4302 3
      vertex -85.7161 -14.4302 0
    endloop
  endfacet
  facet normal 0.908149 0.418647 0
    outer loop
      vertex -85.4503 -15.2485 3
      vertex -85.5407 -15.0524 0
      vertex -85.5407 -15.0524 3
    endloop
  endfacet
  facet normal 0.908149 0.418647 0
    outer loop
      vertex -85.5407 -15.0524 0
      vertex -85.4503 -15.2485 3
      vertex -85.4503 -15.2485 0
    endloop
  endfacet
  facet normal 0.938256 -0.345941 0
    outer loop
      vertex -85.6154 -13.1502 3
      vertex -85.5407 -12.9476 0
      vertex -85.5407 -12.9476 3
    endloop
  endfacet
  facet normal 0.938256 -0.345941 0
    outer loop
      vertex -85.5407 -12.9476 0
      vertex -85.6154 -13.1502 3
      vertex -85.6154 -13.1502 0
    endloop
  endfacet
  facet normal 0.418647 -0.908149 0
    outer loop
      vertex -84.2485 -11.5497 0
      vertex -84.0524 -11.4593 3
      vertex -84.2485 -11.5497 3
    endloop
  endfacet
  facet normal 0.418647 -0.908149 0
    outer loop
      vertex -84.0524 -11.4593 3
      vertex -84.2485 -11.5497 0
      vertex -84.0524 -11.4593 0
    endloop
  endfacet
  facet normal 0.345941 0.938256 -0
    outer loop
      vertex -83.8498 -16.6154 0
      vertex -84.0524 -16.5407 3
      vertex -83.8498 -16.6154 3
    endloop
  endfacet
  facet normal 0.345941 0.938256 0
    outer loop
      vertex -84.0524 -16.5407 3
      vertex -83.8498 -16.6154 0
      vertex -84.0524 -16.5407 0
    endloop
  endfacet
  facet normal -0.0393578 -0.999225 0
    outer loop
      vertex -83 -11.25 0
      vertex -82.7842 -11.2585 3
      vertex -83 -11.25 3
    endloop
  endfacet
  facet normal -0.0393578 -0.999225 -0
    outer loop
      vertex -82.7842 -11.2585 3
      vertex -83 -11.25 0
      vertex -82.7842 -11.2585 0
    endloop
  endfacet
  facet normal 0.999225 -0.0393578 0
    outer loop
      vertex -85.75 -14 3
      vertex -85.7415 -13.7842 0
      vertex -85.7415 -13.7842 3
    endloop
  endfacet
  facet normal 0.999225 -0.0393578 0
    outer loop
      vertex -85.7415 -13.7842 0
      vertex -85.75 -14 3
      vertex -85.75 -14 0
    endloop
  endfacet
  facet normal -0.679011 0.734128 0
    outer loop
      vertex -81.0555 -15.9445 0
      vertex -81.214 -16.0911 3
      vertex -81.0555 -15.9445 3
    endloop
  endfacet
  facet normal -0.679011 0.734128 0
    outer loop
      vertex -81.214 -16.0911 3
      vertex -81.0555 -15.9445 0
      vertex -81.214 -16.0911 0
    endloop
  endfacet
  facet normal 0.908149 -0.418647 0
    outer loop
      vertex -85.5407 -12.9476 3
      vertex -85.4503 -12.7515 0
      vertex -85.4503 -12.7515 3
    endloop
  endfacet
  facet normal 0.908149 -0.418647 0
    outer loop
      vertex -85.4503 -12.7515 0
      vertex -85.5407 -12.9476 3
      vertex -85.5407 -12.9476 0
    endloop
  endfacet
  facet normal 0.0393578 0.999225 -0
    outer loop
      vertex -83 -16.75 0
      vertex -83.2158 -16.7415 3
      vertex -83 -16.75 3
    endloop
  endfacet
  facet normal 0.0393578 0.999225 0
    outer loop
      vertex -83.2158 -16.7415 3
      vertex -83 -16.75 0
      vertex -83.2158 -16.7415 0
    endloop
  endfacet
  facet normal 0.488589 0.872514 -0
    outer loop
      vertex -84.2485 -16.4503 0
      vertex -84.4369 -16.3448 3
      vertex -84.2485 -16.4503 3
    endloop
  endfacet
  facet normal 0.488589 0.872514 0
    outer loop
      vertex -84.4369 -16.3448 3
      vertex -84.2485 -16.4503 0
      vertex -84.4369 -16.3448 0
    endloop
  endfacet
  facet normal 0.418647 0.908149 -0
    outer loop
      vertex -84.0524 -16.5407 0
      vertex -84.2485 -16.4503 3
      vertex -84.0524 -16.5407 3
    endloop
  endfacet
  facet normal 0.418647 0.908149 0
    outer loop
      vertex -84.2485 -16.4503 3
      vertex -84.0524 -16.5407 0
      vertex -84.2485 -16.4503 0
    endloop
  endfacet
  facet normal 0.831337 0.555769 0
    outer loop
      vertex -85.2248 -15.6164 3
      vertex -85.3448 -15.4369 0
      vertex -85.3448 -15.4369 3
    endloop
  endfacet
  facet normal 0.831337 0.555769 0
    outer loop
      vertex -85.3448 -15.4369 0
      vertex -85.2248 -15.6164 3
      vertex -85.2248 -15.6164 0
    endloop
  endfacet
  facet normal 0.831337 -0.555769 0
    outer loop
      vertex -85.3448 -12.5631 3
      vertex -85.2248 -12.3836 0
      vertex -85.2248 -12.3836 3
    endloop
  endfacet
  facet normal 0.831337 -0.555769 0
    outer loop
      vertex -85.2248 -12.3836 0
      vertex -85.3448 -12.5631 3
      vertex -85.3448 -12.5631 0
    endloop
  endfacet
  facet normal -0.908149 -0.418647 0
    outer loop
      vertex -80.4593 15.0524 0
      vertex -80.5497 15.2485 3
      vertex -80.5497 15.2485 0
    endloop
  endfacet
  facet normal -0.908149 -0.418647 0
    outer loop
      vertex -80.5497 15.2485 3
      vertex -80.4593 15.0524 0
      vertex -80.4593 15.0524 3
    endloop
  endfacet
  facet normal -0.993055 -0.117647 0
    outer loop
      vertex -80.2585 14.2158 0
      vertex -80.2839 14.4302 3
      vertex -80.2839 14.4302 0
    endloop
  endfacet
  facet normal -0.993055 -0.117647 0
    outer loop
      vertex -80.2839 14.4302 3
      vertex -80.2585 14.2158 0
      vertex -80.2585 14.2158 3
    endloop
  endfacet
  facet normal -0.999225 -0.0393578 0
    outer loop
      vertex -80.25 14 0
      vertex -80.2585 14.2158 3
      vertex -80.2585 14.2158 0
    endloop
  endfacet
  facet normal -0.999225 -0.0393578 0
    outer loop
      vertex -80.2585 14.2158 3
      vertex -80.25 14 0
      vertex -80.25 14 3
    endloop
  endfacet
  facet normal -0.980812 -0.194958 0
    outer loop
      vertex -80.2839 14.4302 0
      vertex -80.326 14.642 3
      vertex -80.326 14.642 0
    endloop
  endfacet
  facet normal -0.980812 -0.194958 0
    outer loop
      vertex -80.326 14.642 3
      vertex -80.2839 14.4302 0
      vertex -80.2839 14.4302 3
    endloop
  endfacet
  facet normal -0.785321 0.619089 0
    outer loop
      vertex -80.9089 12.214 0
      vertex -80.7752 12.3836 3
      vertex -80.7752 12.3836 0
    endloop
  endfacet
  facet normal -0.785321 0.619089 0
    outer loop
      vertex -80.7752 12.3836 3
      vertex -80.9089 12.214 0
      vertex -80.9089 12.214 3
    endloop
  endfacet
  facet normal 0.831337 -0.555769 0
    outer loop
      vertex -85.3448 15.4369 3
      vertex -85.2248 15.6164 0
      vertex -85.2248 15.6164 3
    endloop
  endfacet
  facet normal 0.831337 -0.555769 0
    outer loop
      vertex -85.2248 15.6164 0
      vertex -85.3448 15.4369 3
      vertex -85.3448 15.4369 0
    endloop
  endfacet
  facet normal 0.785321 0.619089 0
    outer loop
      vertex -85.0911 12.214 3
      vertex -85.2248 12.3836 0
      vertex -85.2248 12.3836 3
    endloop
  endfacet
  facet normal 0.785321 0.619089 0
    outer loop
      vertex -85.2248 12.3836 0
      vertex -85.0911 12.214 3
      vertex -85.0911 12.214 0
    endloop
  endfacet
  facet normal 0.938256 -0.345941 0
    outer loop
      vertex -85.6154 14.8498 3
      vertex -85.5407 15.0524 0
      vertex -85.5407 15.0524 3
    endloop
  endfacet
  facet normal 0.938256 -0.345941 0
    outer loop
      vertex -85.5407 15.0524 0
      vertex -85.6154 14.8498 3
      vertex -85.6154 14.8498 0
    endloop
  endfacet
  facet normal -0.962462 0.271416 0
    outer loop
      vertex -80.3846 13.1502 0
      vertex -80.326 13.358 3
      vertex -80.326 13.358 0
    endloop
  endfacet
  facet normal -0.962462 0.271416 0
    outer loop
      vertex -80.326 13.358 3
      vertex -80.3846 13.1502 0
      vertex -80.3846 13.1502 3
    endloop
  endfacet
  facet normal 0.993055 0.117647 0
    outer loop
      vertex -85.7161 13.5698 3
      vertex -85.7415 13.7842 0
      vertex -85.7415 13.7842 3
    endloop
  endfacet
  facet normal 0.993055 0.117647 0
    outer loop
      vertex -85.7415 13.7842 0
      vertex -85.7161 13.5698 3
      vertex -85.7161 13.5698 0
    endloop
  endfacet
  facet normal -0.345941 -0.938256 0
    outer loop
      vertex -82.1502 16.6154 0
      vertex -81.9476 16.5407 3
      vertex -82.1502 16.6154 3
    endloop
  endfacet
  facet normal -0.345941 -0.938256 -0
    outer loop
      vertex -81.9476 16.5407 3
      vertex -82.1502 16.6154 0
      vertex -81.9476 16.5407 0
    endloop
  endfacet
  facet normal -0.194958 0.980812 0
    outer loop
      vertex -82.358 11.326 0
      vertex -82.5698 11.2839 3
      vertex -82.358 11.326 3
    endloop
  endfacet
  facet normal -0.194958 0.980812 0
    outer loop
      vertex -82.5698 11.2839 3
      vertex -82.358 11.326 0
      vertex -82.5698 11.2839 0
    endloop
  endfacet
  facet normal -0.0393578 0.999225 0
    outer loop
      vertex -82.7842 11.2585 0
      vertex -83 11.25 3
      vertex -82.7842 11.2585 3
    endloop
  endfacet
  facet normal -0.0393578 0.999225 0
    outer loop
      vertex -83 11.25 3
      vertex -82.7842 11.2585 0
      vertex -83 11.25 0
    endloop
  endfacet
  facet normal 0.999225 0.0393578 0
    outer loop
      vertex -85.7415 13.7842 3
      vertex -85.75 14 0
      vertex -85.75 14 3
    endloop
  endfacet
  facet normal 0.999225 0.0393578 0
    outer loop
      vertex -85.75 14 0
      vertex -85.7415 13.7842 3
      vertex -85.7415 13.7842 0
    endloop
  endfacet
  facet normal -0.734128 0.679011 0
    outer loop
      vertex -81.0555 12.0555 0
      vertex -80.9089 12.214 3
      vertex -80.9089 12.214 0
    endloop
  endfacet
  facet normal -0.734128 0.679011 0
    outer loop
      vertex -80.9089 12.214 3
      vertex -81.0555 12.0555 0
      vertex -81.0555 12.0555 3
    endloop
  endfacet
  facet normal -0.194958 -0.980812 0
    outer loop
      vertex -82.5698 16.7161 0
      vertex -82.358 16.674 3
      vertex -82.5698 16.7161 3
    endloop
  endfacet
  facet normal -0.194958 -0.980812 -0
    outer loop
      vertex -82.358 16.674 3
      vertex -82.5698 16.7161 0
      vertex -82.358 16.674 0
    endloop
  endfacet
  facet normal 0.619089 -0.785321 0
    outer loop
      vertex -84.786 16.0911 0
      vertex -84.6164 16.2248 3
      vertex -84.786 16.0911 3
    endloop
  endfacet
  facet normal 0.619089 -0.785321 0
    outer loop
      vertex -84.6164 16.2248 3
      vertex -84.786 16.0911 0
      vertex -84.6164 16.2248 0
    endloop
  endfacet
  facet normal -0.785321 -0.619089 0
    outer loop
      vertex -80.7752 15.6164 0
      vertex -80.9089 15.786 3
      vertex -80.9089 15.786 0
    endloop
  endfacet
  facet normal -0.785321 -0.619089 0
    outer loop
      vertex -80.9089 15.786 3
      vertex -80.7752 15.6164 0
      vertex -80.7752 15.6164 3
    endloop
  endfacet
  facet normal 0.555769 0.831337 -0
    outer loop
      vertex -84.4369 11.6552 0
      vertex -84.6164 11.7752 3
      vertex -84.4369 11.6552 3
    endloop
  endfacet
  facet normal 0.555769 0.831337 0
    outer loop
      vertex -84.6164 11.7752 3
      vertex -84.4369 11.6552 0
      vertex -84.6164 11.7752 0
    endloop
  endfacet
  facet normal -0.555769 -0.831337 0
    outer loop
      vertex -81.5631 16.3448 0
      vertex -81.3836 16.2248 3
      vertex -81.5631 16.3448 3
    endloop
  endfacet
  facet normal -0.555769 -0.831337 -0
    outer loop
      vertex -81.3836 16.2248 3
      vertex -81.5631 16.3448 0
      vertex -81.3836 16.2248 0
    endloop
  endfacet
  facet normal -0.980812 0.194958 0
    outer loop
      vertex -80.326 13.358 0
      vertex -80.2839 13.5698 3
      vertex -80.2839 13.5698 0
    endloop
  endfacet
  facet normal -0.980812 0.194958 0
    outer loop
      vertex -80.2839 13.5698 3
      vertex -80.326 13.358 0
      vertex -80.326 13.358 3
    endloop
  endfacet
  facet normal 0.488589 0.872514 -0
    outer loop
      vertex -84.2485 11.5497 0
      vertex -84.4369 11.6552 3
      vertex -84.2485 11.5497 3
    endloop
  endfacet
  facet normal 0.488589 0.872514 0
    outer loop
      vertex -84.4369 11.6552 3
      vertex -84.2485 11.5497 0
      vertex -84.4369 11.6552 0
    endloop
  endfacet
  facet normal -0.831337 -0.555769 0
    outer loop
      vertex -80.6552 15.4369 0
      vertex -80.7752 15.6164 3
      vertex -80.7752 15.6164 0
    endloop
  endfacet
  facet normal -0.831337 -0.555769 0
    outer loop
      vertex -80.7752 15.6164 3
      vertex -80.6552 15.4369 0
      vertex -80.6552 15.4369 3
    endloop
  endfacet
  facet normal 0.962462 0.271416 0
    outer loop
      vertex -85.6154 13.1502 3
      vertex -85.674 13.358 0
      vertex -85.674 13.358 3
    endloop
  endfacet
  facet normal 0.962462 0.271416 0
    outer loop
      vertex -85.674 13.358 0
      vertex -85.6154 13.1502 3
      vertex -85.6154 13.1502 0
    endloop
  endfacet
  facet normal -0.271416 0.962462 0
    outer loop
      vertex -82.1502 11.3846 0
      vertex -82.358 11.326 3
      vertex -82.1502 11.3846 3
    endloop
  endfacet
  facet normal -0.271416 0.962462 0
    outer loop
      vertex -82.358 11.326 3
      vertex -82.1502 11.3846 0
      vertex -82.358 11.326 0
    endloop
  endfacet
  facet normal 0.117647 -0.993055 0
    outer loop
      vertex -83.4302 16.7161 0
      vertex -83.2158 16.7415 3
      vertex -83.4302 16.7161 3
    endloop
  endfacet
  facet normal 0.117647 -0.993055 0
    outer loop
      vertex -83.2158 16.7415 3
      vertex -83.4302 16.7161 0
      vertex -83.2158 16.7415 0
    endloop
  endfacet
  facet normal 0.999225 -0.0393578 0
    outer loop
      vertex -85.75 14 3
      vertex -85.7415 14.2158 0
      vertex -85.7415 14.2158 3
    endloop
  endfacet
  facet normal 0.999225 -0.0393578 0
    outer loop
      vertex -85.7415 14.2158 0
      vertex -85.75 14 3
      vertex -85.75 14 0
    endloop
  endfacet
  facet normal -0.619089 -0.785321 0
    outer loop
      vertex -81.3836 16.2248 0
      vertex -81.214 16.0911 3
      vertex -81.3836 16.2248 3
    endloop
  endfacet
  facet normal -0.619089 -0.785321 -0
    outer loop
      vertex -81.214 16.0911 3
      vertex -81.3836 16.2248 0
      vertex -81.214 16.0911 0
    endloop
  endfacet
  facet normal 0.271416 -0.962462 0
    outer loop
      vertex -83.8498 16.6154 0
      vertex -83.642 16.674 3
      vertex -83.8498 16.6154 3
    endloop
  endfacet
  facet normal 0.271416 -0.962462 0
    outer loop
      vertex -83.642 16.674 3
      vertex -83.8498 16.6154 0
      vertex -83.642 16.674 0
    endloop
  endfacet
  facet normal -0.831337 0.555769 0
    outer loop
      vertex -80.7752 12.3836 0
      vertex -80.6552 12.5631 3
      vertex -80.6552 12.5631 0
    endloop
  endfacet
  facet normal -0.831337 0.555769 0
    outer loop
      vertex -80.6552 12.5631 3
      vertex -80.7752 12.3836 0
      vertex -80.7752 12.3836 3
    endloop
  endfacet
  facet normal 0.785321 -0.619089 0
    outer loop
      vertex -85.2248 15.6164 3
      vertex -85.0911 15.786 0
      vertex -85.0911 15.786 3
    endloop
  endfacet
  facet normal 0.785321 -0.619089 0
    outer loop
      vertex -85.0911 15.786 0
      vertex -85.2248 15.6164 3
      vertex -85.2248 15.6164 0
    endloop
  endfacet
  facet normal 0.488589 -0.872514 0
    outer loop
      vertex -84.4369 16.3448 0
      vertex -84.2485 16.4503 3
      vertex -84.4369 16.3448 3
    endloop
  endfacet
  facet normal 0.488589 -0.872514 0
    outer loop
      vertex -84.2485 16.4503 3
      vertex -84.4369 16.3448 0
      vertex -84.2485 16.4503 0
    endloop
  endfacet
  facet normal -0.872514 -0.488589 0
    outer loop
      vertex -80.5497 15.2485 0
      vertex -80.6552 15.4369 3
      vertex -80.6552 15.4369 0
    endloop
  endfacet
  facet normal -0.872514 -0.488589 0
    outer loop
      vertex -80.6552 15.4369 3
      vertex -80.5497 15.2485 0
      vertex -80.5497 15.2485 3
    endloop
  endfacet
  facet normal 0.194958 -0.980812 0
    outer loop
      vertex -83.642 16.674 0
      vertex -83.4302 16.7161 3
      vertex -83.642 16.674 3
    endloop
  endfacet
  facet normal 0.194958 -0.980812 0
    outer loop
      vertex -83.4302 16.7161 3
      vertex -83.642 16.674 0
      vertex -83.4302 16.7161 0
    endloop
  endfacet
  facet normal 0.679011 0.734128 -0
    outer loop
      vertex -84.786 11.9089 0
      vertex -84.9445 12.0555 3
      vertex -84.786 11.9089 3
    endloop
  endfacet
  facet normal 0.679011 0.734128 0
    outer loop
      vertex -84.9445 12.0555 3
      vertex -84.786 11.9089 0
      vertex -84.9445 12.0555 0
    endloop
  endfacet
  facet normal -0.962462 -0.271416 0
    outer loop
      vertex -80.326 14.642 0
      vertex -80.3846 14.8498 3
      vertex -80.3846 14.8498 0
    endloop
  endfacet
  facet normal -0.962462 -0.271416 0
    outer loop
      vertex -80.3846 14.8498 3
      vertex -80.326 14.642 0
      vertex -80.326 14.642 3
    endloop
  endfacet
  facet normal -0.679011 -0.734128 0
    outer loop
      vertex -81.214 16.0911 0
      vertex -81.0555 15.9445 3
      vertex -81.214 16.0911 3
    endloop
  endfacet
  facet normal -0.679011 -0.734128 -0
    outer loop
      vertex -81.0555 15.9445 3
      vertex -81.214 16.0911 0
      vertex -81.0555 15.9445 0
    endloop
  endfacet
  facet normal 0.734128 -0.679011 0
    outer loop
      vertex -85.0911 15.786 3
      vertex -84.9445 15.9445 0
      vertex -84.9445 15.9445 3
    endloop
  endfacet
  facet normal 0.734128 -0.679011 0
    outer loop
      vertex -84.9445 15.9445 0
      vertex -85.0911 15.786 3
      vertex -85.0911 15.786 0
    endloop
  endfacet
  facet normal -0.872514 0.488589 0
    outer loop
      vertex -80.6552 12.5631 0
      vertex -80.5497 12.7515 3
      vertex -80.5497 12.7515 0
    endloop
  endfacet
  facet normal -0.872514 0.488589 0
    outer loop
      vertex -80.5497 12.7515 3
      vertex -80.6552 12.5631 0
      vertex -80.6552 12.5631 3
    endloop
  endfacet
  facet normal 0.117647 0.993055 -0
    outer loop
      vertex -83.2158 11.2585 0
      vertex -83.4302 11.2839 3
      vertex -83.2158 11.2585 3
    endloop
  endfacet
  facet normal 0.117647 0.993055 0
    outer loop
      vertex -83.4302 11.2839 3
      vertex -83.2158 11.2585 0
      vertex -83.4302 11.2839 0
    endloop
  endfacet
  facet normal 0.345941 0.938256 -0
    outer loop
      vertex -83.8498 11.3846 0
      vertex -84.0524 11.4593 3
      vertex -83.8498 11.3846 3
    endloop
  endfacet
  facet normal 0.345941 0.938256 0
    outer loop
      vertex -84.0524 11.4593 3
      vertex -83.8498 11.3846 0
      vertex -84.0524 11.4593 0
    endloop
  endfacet
  facet normal 0.0393578 -0.999225 0
    outer loop
      vertex -83.2158 16.7415 0
      vertex -83 16.75 3
      vertex -83.2158 16.7415 3
    endloop
  endfacet
  facet normal 0.0393578 -0.999225 0
    outer loop
      vertex -83 16.75 3
      vertex -83.2158 16.7415 0
      vertex -83 16.75 0
    endloop
  endfacet
  facet normal 0.872514 -0.488589 0
    outer loop
      vertex -85.4503 15.2485 3
      vertex -85.3448 15.4369 0
      vertex -85.3448 15.4369 3
    endloop
  endfacet
  facet normal 0.872514 -0.488589 0
    outer loop
      vertex -85.3448 15.4369 0
      vertex -85.4503 15.2485 3
      vertex -85.4503 15.2485 0
    endloop
  endfacet
  facet normal -0.488589 0.872514 0
    outer loop
      vertex -81.5631 11.6552 0
      vertex -81.7515 11.5497 3
      vertex -81.5631 11.6552 3
    endloop
  endfacet
  facet normal -0.488589 0.872514 0
    outer loop
      vertex -81.7515 11.5497 3
      vertex -81.5631 11.6552 0
      vertex -81.7515 11.5497 0
    endloop
  endfacet
  facet normal -0.679011 0.734128 0
    outer loop
      vertex -81.0555 12.0555 0
      vertex -81.214 11.9089 3
      vertex -81.0555 12.0555 3
    endloop
  endfacet
  facet normal -0.679011 0.734128 0
    outer loop
      vertex -81.214 11.9089 3
      vertex -81.0555 12.0555 0
      vertex -81.214 11.9089 0
    endloop
  endfacet
  facet normal -0.345941 0.938256 0
    outer loop
      vertex -81.9476 11.4593 0
      vertex -82.1502 11.3846 3
      vertex -81.9476 11.4593 3
    endloop
  endfacet
  facet normal -0.345941 0.938256 0
    outer loop
      vertex -82.1502 11.3846 3
      vertex -81.9476 11.4593 0
      vertex -82.1502 11.3846 0
    endloop
  endfacet
  facet normal -0.0393578 -0.999225 0
    outer loop
      vertex -83 16.75 0
      vertex -82.7842 16.7415 3
      vertex -83 16.75 3
    endloop
  endfacet
  facet normal -0.0393578 -0.999225 -0
    outer loop
      vertex -82.7842 16.7415 3
      vertex -83 16.75 0
      vertex -82.7842 16.7415 0
    endloop
  endfacet
  facet normal -0.734128 -0.679011 0
    outer loop
      vertex -80.9089 15.786 0
      vertex -81.0555 15.9445 3
      vertex -81.0555 15.9445 0
    endloop
  endfacet
  facet normal -0.734128 -0.679011 0
    outer loop
      vertex -81.0555 15.9445 3
      vertex -80.9089 15.786 0
      vertex -80.9089 15.786 3
    endloop
  endfacet
  facet normal -0.418647 -0.908149 0
    outer loop
      vertex -81.9476 16.5407 0
      vertex -81.7515 16.4503 3
      vertex -81.9476 16.5407 3
    endloop
  endfacet
  facet normal -0.418647 -0.908149 -0
    outer loop
      vertex -81.7515 16.4503 3
      vertex -81.9476 16.5407 0
      vertex -81.7515 16.4503 0
    endloop
  endfacet
  facet normal -0.908149 0.418647 0
    outer loop
      vertex -80.5497 12.7515 0
      vertex -80.4593 12.9476 3
      vertex -80.4593 12.9476 0
    endloop
  endfacet
  facet normal -0.908149 0.418647 0
    outer loop
      vertex -80.4593 12.9476 3
      vertex -80.5497 12.7515 0
      vertex -80.5497 12.7515 3
    endloop
  endfacet
  facet normal -0.999225 0.0393578 0
    outer loop
      vertex -80.2585 13.7842 0
      vertex -80.25 14 3
      vertex -80.25 14 0
    endloop
  endfacet
  facet normal -0.999225 0.0393578 0
    outer loop
      vertex -80.25 14 3
      vertex -80.2585 13.7842 0
      vertex -80.2585 13.7842 3
    endloop
  endfacet
  facet normal -0.117647 0.993055 0
    outer loop
      vertex -82.5698 11.2839 0
      vertex -82.7842 11.2585 3
      vertex -82.5698 11.2839 3
    endloop
  endfacet
  facet normal -0.117647 0.993055 0
    outer loop
      vertex -82.7842 11.2585 3
      vertex -82.5698 11.2839 0
      vertex -82.7842 11.2585 0
    endloop
  endfacet
  facet normal 0.418647 -0.908149 0
    outer loop
      vertex -84.2485 16.4503 0
      vertex -84.0524 16.5407 3
      vertex -84.2485 16.4503 3
    endloop
  endfacet
  facet normal 0.418647 -0.908149 0
    outer loop
      vertex -84.0524 16.5407 3
      vertex -84.2485 16.4503 0
      vertex -84.0524 16.5407 0
    endloop
  endfacet
  facet normal 0.679011 -0.734128 0
    outer loop
      vertex -84.9445 15.9445 0
      vertex -84.786 16.0911 3
      vertex -84.9445 15.9445 3
    endloop
  endfacet
  facet normal 0.679011 -0.734128 0
    outer loop
      vertex -84.786 16.0911 3
      vertex -84.9445 15.9445 0
      vertex -84.786 16.0911 0
    endloop
  endfacet
  facet normal 0.734128 0.679011 0
    outer loop
      vertex -84.9445 12.0555 3
      vertex -85.0911 12.214 0
      vertex -85.0911 12.214 3
    endloop
  endfacet
  facet normal 0.734128 0.679011 0
    outer loop
      vertex -85.0911 12.214 0
      vertex -84.9445 12.0555 3
      vertex -84.9445 12.0555 0
    endloop
  endfacet
  facet normal -0.993055 0.117647 0
    outer loop
      vertex -80.2839 13.5698 0
      vertex -80.2585 13.7842 3
      vertex -80.2585 13.7842 0
    endloop
  endfacet
  facet normal -0.993055 0.117647 0
    outer loop
      vertex -80.2585 13.7842 3
      vertex -80.2839 13.5698 0
      vertex -80.2839 13.5698 3
    endloop
  endfacet
  facet normal 0.271416 0.962462 -0
    outer loop
      vertex -83.642 11.326 0
      vertex -83.8498 11.3846 3
      vertex -83.642 11.326 3
    endloop
  endfacet
  facet normal 0.271416 0.962462 0
    outer loop
      vertex -83.8498 11.3846 3
      vertex -83.642 11.326 0
      vertex -83.8498 11.3846 0
    endloop
  endfacet
  facet normal 0.345941 -0.938256 0
    outer loop
      vertex -84.0524 16.5407 0
      vertex -83.8498 16.6154 3
      vertex -84.0524 16.5407 3
    endloop
  endfacet
  facet normal 0.345941 -0.938256 0
    outer loop
      vertex -83.8498 16.6154 3
      vertex -84.0524 16.5407 0
      vertex -83.8498 16.6154 0
    endloop
  endfacet
  facet normal -0.938256 0.345941 0
    outer loop
      vertex -80.4593 12.9476 0
      vertex -80.3846 13.1502 3
      vertex -80.3846 13.1502 0
    endloop
  endfacet
  facet normal -0.938256 0.345941 0
    outer loop
      vertex -80.3846 13.1502 3
      vertex -80.4593 12.9476 0
      vertex -80.4593 12.9476 3
    endloop
  endfacet
  facet normal 0.831337 0.555769 0
    outer loop
      vertex -85.2248 12.3836 3
      vertex -85.3448 12.5631 0
      vertex -85.3448 12.5631 3
    endloop
  endfacet
  facet normal 0.831337 0.555769 0
    outer loop
      vertex -85.3448 12.5631 0
      vertex -85.2248 12.3836 3
      vertex -85.2248 12.3836 0
    endloop
  endfacet
  facet normal 0.194958 0.980812 -0
    outer loop
      vertex -83.4302 11.2839 0
      vertex -83.642 11.326 3
      vertex -83.4302 11.2839 3
    endloop
  endfacet
  facet normal 0.194958 0.980812 0
    outer loop
      vertex -83.642 11.326 3
      vertex -83.4302 11.2839 0
      vertex -83.642 11.326 0
    endloop
  endfacet
  facet normal 0.980812 -0.194958 0
    outer loop
      vertex -85.7161 14.4302 3
      vertex -85.674 14.642 0
      vertex -85.674 14.642 3
    endloop
  endfacet
  facet normal 0.980812 -0.194958 0
    outer loop
      vertex -85.674 14.642 0
      vertex -85.7161 14.4302 3
      vertex -85.7161 14.4302 0
    endloop
  endfacet
  facet normal 0.555769 -0.831337 0
    outer loop
      vertex -84.6164 16.2248 0
      vertex -84.4369 16.3448 3
      vertex -84.6164 16.2248 3
    endloop
  endfacet
  facet normal 0.555769 -0.831337 0
    outer loop
      vertex -84.4369 16.3448 3
      vertex -84.6164 16.2248 0
      vertex -84.4369 16.3448 0
    endloop
  endfacet
  facet normal -0.418647 0.908149 0
    outer loop
      vertex -81.7515 11.5497 0
      vertex -81.9476 11.4593 3
      vertex -81.7515 11.5497 3
    endloop
  endfacet
  facet normal -0.418647 0.908149 0
    outer loop
      vertex -81.9476 11.4593 3
      vertex -81.7515 11.5497 0
      vertex -81.9476 11.4593 0
    endloop
  endfacet
  facet normal 0.980812 0.194958 0
    outer loop
      vertex -85.674 13.358 3
      vertex -85.7161 13.5698 0
      vertex -85.7161 13.5698 3
    endloop
  endfacet
  facet normal 0.980812 0.194958 0
    outer loop
      vertex -85.7161 13.5698 0
      vertex -85.674 13.358 3
      vertex -85.674 13.358 0
    endloop
  endfacet
  facet normal -0.271416 -0.962462 0
    outer loop
      vertex -82.358 16.674 0
      vertex -82.1502 16.6154 3
      vertex -82.358 16.674 3
    endloop
  endfacet
  facet normal -0.271416 -0.962462 -0
    outer loop
      vertex -82.1502 16.6154 3
      vertex -82.358 16.674 0
      vertex -82.1502 16.6154 0
    endloop
  endfacet
  facet normal -0.938256 -0.345941 0
    outer loop
      vertex -80.3846 14.8498 0
      vertex -80.4593 15.0524 3
      vertex -80.4593 15.0524 0
    endloop
  endfacet
  facet normal -0.938256 -0.345941 0
    outer loop
      vertex -80.4593 15.0524 3
      vertex -80.3846 14.8498 0
      vertex -80.3846 14.8498 3
    endloop
  endfacet
  facet normal 0.962462 -0.271416 0
    outer loop
      vertex -85.674 14.642 3
      vertex -85.6154 14.8498 0
      vertex -85.6154 14.8498 3
    endloop
  endfacet
  facet normal 0.962462 -0.271416 0
    outer loop
      vertex -85.6154 14.8498 0
      vertex -85.674 14.642 3
      vertex -85.674 14.642 0
    endloop
  endfacet
  facet normal -0.117647 -0.993055 0
    outer loop
      vertex -82.7842 16.7415 0
      vertex -82.5698 16.7161 3
      vertex -82.7842 16.7415 3
    endloop
  endfacet
  facet normal -0.117647 -0.993055 -0
    outer loop
      vertex -82.5698 16.7161 3
      vertex -82.7842 16.7415 0
      vertex -82.5698 16.7161 0
    endloop
  endfacet
  facet normal -0.488589 -0.872514 0
    outer loop
      vertex -81.7515 16.4503 0
      vertex -81.5631 16.3448 3
      vertex -81.7515 16.4503 3
    endloop
  endfacet
  facet normal -0.488589 -0.872514 -0
    outer loop
      vertex -81.5631 16.3448 3
      vertex -81.7515 16.4503 0
      vertex -81.5631 16.3448 0
    endloop
  endfacet
  facet normal -0.619089 0.785321 0
    outer loop
      vertex -81.214 11.9089 0
      vertex -81.3836 11.7752 3
      vertex -81.214 11.9089 3
    endloop
  endfacet
  facet normal -0.619089 0.785321 0
    outer loop
      vertex -81.3836 11.7752 3
      vertex -81.214 11.9089 0
      vertex -81.3836 11.7752 0
    endloop
  endfacet
  facet normal 0.908149 -0.418647 0
    outer loop
      vertex -85.5407 15.0524 3
      vertex -85.4503 15.2485 0
      vertex -85.4503 15.2485 3
    endloop
  endfacet
  facet normal 0.908149 -0.418647 0
    outer loop
      vertex -85.4503 15.2485 0
      vertex -85.5407 15.0524 3
      vertex -85.5407 15.0524 0
    endloop
  endfacet
  facet normal 0.908149 0.418647 0
    outer loop
      vertex -85.4503 12.7515 3
      vertex -85.5407 12.9476 0
      vertex -85.5407 12.9476 3
    endloop
  endfacet
  facet normal 0.908149 0.418647 0
    outer loop
      vertex -85.5407 12.9476 0
      vertex -85.4503 12.7515 3
      vertex -85.4503 12.7515 0
    endloop
  endfacet
  facet normal 0.418647 0.908149 -0
    outer loop
      vertex -84.0524 11.4593 0
      vertex -84.2485 11.5497 3
      vertex -84.0524 11.4593 3
    endloop
  endfacet
  facet normal 0.418647 0.908149 0
    outer loop
      vertex -84.2485 11.5497 3
      vertex -84.0524 11.4593 0
      vertex -84.2485 11.5497 0
    endloop
  endfacet
  facet normal 0.938256 0.345941 0
    outer loop
      vertex -85.5407 12.9476 3
      vertex -85.6154 13.1502 0
      vertex -85.6154 13.1502 3
    endloop
  endfacet
  facet normal 0.938256 0.345941 0
    outer loop
      vertex -85.6154 13.1502 0
      vertex -85.5407 12.9476 3
      vertex -85.5407 12.9476 0
    endloop
  endfacet
  facet normal -0.555769 0.831337 0
    outer loop
      vertex -81.3836 11.7752 0
      vertex -81.5631 11.6552 3
      vertex -81.3836 11.7752 3
    endloop
  endfacet
  facet normal -0.555769 0.831337 0
    outer loop
      vertex -81.5631 11.6552 3
      vertex -81.3836 11.7752 0
      vertex -81.5631 11.6552 0
    endloop
  endfacet
  facet normal 0.993055 -0.117647 0
    outer loop
      vertex -85.7415 14.2158 3
      vertex -85.7161 14.4302 0
      vertex -85.7161 14.4302 3
    endloop
  endfacet
  facet normal 0.993055 -0.117647 0
    outer loop
      vertex -85.7161 14.4302 0
      vertex -85.7415 14.2158 3
      vertex -85.7415 14.2158 0
    endloop
  endfacet
  facet normal 0.0393578 0.999225 -0
    outer loop
      vertex -83 11.25 0
      vertex -83.2158 11.2585 3
      vertex -83 11.25 3
    endloop
  endfacet
  facet normal 0.0393578 0.999225 0
    outer loop
      vertex -83.2158 11.2585 3
      vertex -83 11.25 0
      vertex -83.2158 11.2585 0
    endloop
  endfacet
  facet normal 0.619089 0.785321 -0
    outer loop
      vertex -84.6164 11.7752 0
      vertex -84.786 11.9089 3
      vertex -84.6164 11.7752 3
    endloop
  endfacet
  facet normal 0.619089 0.785321 0
    outer loop
      vertex -84.786 11.9089 3
      vertex -84.6164 11.7752 0
      vertex -84.786 11.9089 0
    endloop
  endfacet
  facet normal 0.872514 0.488589 0
    outer loop
      vertex -85.3448 12.5631 3
      vertex -85.4503 12.7515 0
      vertex -85.4503 12.7515 3
    endloop
  endfacet
  facet normal 0.872514 0.488589 0
    outer loop
      vertex -85.4503 12.7515 0
      vertex -85.3448 12.5631 3
      vertex -85.3448 12.5631 0
    endloop
  endfacet
  facet normal -0.619089 -0.785321 0
    outer loop
      vertex 84.6164 -11.7752 0
      vertex 84.786 -11.9089 3
      vertex 84.6164 -11.7752 3
    endloop
  endfacet
  facet normal -0.619089 -0.785321 -0
    outer loop
      vertex 84.786 -11.9089 3
      vertex 84.6164 -11.7752 0
      vertex 84.786 -11.9089 0
    endloop
  endfacet
  facet normal -0.993055 -0.117647 0
    outer loop
      vertex 85.7415 -13.7842 0
      vertex 85.7161 -13.5698 3
      vertex 85.7161 -13.5698 0
    endloop
  endfacet
  facet normal -0.993055 -0.117647 0
    outer loop
      vertex 85.7161 -13.5698 3
      vertex 85.7415 -13.7842 0
      vertex 85.7415 -13.7842 3
    endloop
  endfacet
  facet normal -0.999225 -0.0393578 0
    outer loop
      vertex 85.75 -14 0
      vertex 85.7415 -13.7842 3
      vertex 85.7415 -13.7842 0
    endloop
  endfacet
  facet normal -0.999225 -0.0393578 0
    outer loop
      vertex 85.7415 -13.7842 3
      vertex 85.75 -14 0
      vertex 85.75 -14 3
    endloop
  endfacet
  facet normal -0.980812 -0.194958 0
    outer loop
      vertex 85.7161 -13.5698 0
      vertex 85.674 -13.358 3
      vertex 85.674 -13.358 0
    endloop
  endfacet
  facet normal -0.980812 -0.194958 0
    outer loop
      vertex 85.674 -13.358 3
      vertex 85.7161 -13.5698 0
      vertex 85.7161 -13.5698 3
    endloop
  endfacet
  facet normal -0.831337 0.555769 0
    outer loop
      vertex 85.2248 -15.6164 0
      vertex 85.3448 -15.4369 3
      vertex 85.3448 -15.4369 0
    endloop
  endfacet
  facet normal -0.831337 0.555769 0
    outer loop
      vertex 85.3448 -15.4369 3
      vertex 85.2248 -15.6164 0
      vertex 85.2248 -15.6164 3
    endloop
  endfacet
  facet normal -0.938256 -0.345941 0
    outer loop
      vertex 85.6154 -13.1502 0
      vertex 85.5407 -12.9476 3
      vertex 85.5407 -12.9476 0
    endloop
  endfacet
  facet normal -0.938256 -0.345941 0
    outer loop
      vertex 85.5407 -12.9476 3
      vertex 85.6154 -13.1502 0
      vertex 85.6154 -13.1502 3
    endloop
  endfacet
  facet normal 0.555769 -0.831337 0
    outer loop
      vertex 81.3836 -11.7752 0
      vertex 81.5631 -11.6552 3
      vertex 81.3836 -11.7752 3
    endloop
  endfacet
  facet normal 0.555769 -0.831337 0
    outer loop
      vertex 81.5631 -11.6552 3
      vertex 81.3836 -11.7752 0
      vertex 81.5631 -11.6552 0
    endloop
  endfacet
  facet normal 0.345941 -0.938256 0
    outer loop
      vertex 81.9476 -11.4593 0
      vertex 82.1502 -11.3846 3
      vertex 81.9476 -11.4593 3
    endloop
  endfacet
  facet normal 0.345941 -0.938256 0
    outer loop
      vertex 82.1502 -11.3846 3
      vertex 81.9476 -11.4593 0
      vertex 82.1502 -11.3846 0
    endloop
  endfacet
  facet normal -0.962462 -0.271416 0
    outer loop
      vertex 85.674 -13.358 0
      vertex 85.6154 -13.1502 3
      vertex 85.6154 -13.1502 0
    endloop
  endfacet
  facet normal -0.962462 -0.271416 0
    outer loop
      vertex 85.6154 -13.1502 3
      vertex 85.674 -13.358 0
      vertex 85.674 -13.358 3
    endloop
  endfacet
  facet normal 0.619089 -0.785321 0
    outer loop
      vertex 81.214 -11.9089 0
      vertex 81.3836 -11.7752 3
      vertex 81.214 -11.9089 3
    endloop
  endfacet
  facet normal 0.619089 -0.785321 0
    outer loop
      vertex 81.3836 -11.7752 3
      vertex 81.214 -11.9089 0
      vertex 81.3836 -11.7752 0
    endloop
  endfacet
  facet normal -0.908149 0.418647 0
    outer loop
      vertex 85.4503 -15.2485 0
      vertex 85.5407 -15.0524 3
      vertex 85.5407 -15.0524 0
    endloop
  endfacet
  facet normal -0.908149 0.418647 0
    outer loop
      vertex 85.5407 -15.0524 3
      vertex 85.4503 -15.2485 0
      vertex 85.4503 -15.2485 3
    endloop
  endfacet
  facet normal 0.980812 -0.194958 0
    outer loop
      vertex 80.2839 -13.5698 3
      vertex 80.326 -13.358 0
      vertex 80.326 -13.358 3
    endloop
  endfacet
  facet normal 0.980812 -0.194958 0
    outer loop
      vertex 80.326 -13.358 0
      vertex 80.2839 -13.5698 3
      vertex 80.2839 -13.5698 0
    endloop
  endfacet
  facet normal -0.345941 0.938256 0
    outer loop
      vertex 84.0524 -16.5407 0
      vertex 83.8498 -16.6154 3
      vertex 84.0524 -16.5407 3
    endloop
  endfacet
  facet normal -0.345941 0.938256 0
    outer loop
      vertex 83.8498 -16.6154 3
      vertex 84.0524 -16.5407 0
      vertex 83.8498 -16.6154 0
    endloop
  endfacet
  facet normal 0.999225 -0.0393578 0
    outer loop
      vertex 80.25 -14 3
      vertex 80.2585 -13.7842 0
      vertex 80.2585 -13.7842 3
    endloop
  endfacet
  facet normal 0.999225 -0.0393578 0
    outer loop
      vertex 80.2585 -13.7842 0
      vertex 80.25 -14 3
      vertex 80.25 -14 0
    endloop
  endfacet
  facet normal 0.194958 -0.980812 0
    outer loop
      vertex 82.358 -11.326 0
      vertex 82.5698 -11.2839 3
      vertex 82.358 -11.326 3
    endloop
  endfacet
  facet normal 0.194958 -0.980812 0
    outer loop
      vertex 82.5698 -11.2839 3
      vertex 82.358 -11.326 0
      vertex 82.5698 -11.2839 0
    endloop
  endfacet
  facet normal -0.345941 -0.938256 0
    outer loop
      vertex 83.8498 -11.3846 0
      vertex 84.0524 -11.4593 3
      vertex 83.8498 -11.3846 3
    endloop
  endfacet
  facet normal -0.345941 -0.938256 -0
    outer loop
      vertex 84.0524 -11.4593 3
      vertex 83.8498 -11.3846 0
      vertex 84.0524 -11.4593 0
    endloop
  endfacet
  facet normal -0.785321 0.619089 0
    outer loop
      vertex 85.0911 -15.786 0
      vertex 85.2248 -15.6164 3
      vertex 85.2248 -15.6164 0
    endloop
  endfacet
  facet normal -0.785321 0.619089 0
    outer loop
      vertex 85.2248 -15.6164 3
      vertex 85.0911 -15.786 0
      vertex 85.0911 -15.786 3
    endloop
  endfacet
  facet normal -0.993055 0.117647 0
    outer loop
      vertex 85.7161 -14.4302 0
      vertex 85.7415 -14.2158 3
      vertex 85.7415 -14.2158 0
    endloop
  endfacet
  facet normal -0.993055 0.117647 0
    outer loop
      vertex 85.7415 -14.2158 3
      vertex 85.7161 -14.4302 0
      vertex 85.7161 -14.4302 3
    endloop
  endfacet
  facet normal -0.679011 -0.734128 0
    outer loop
      vertex 84.786 -11.9089 0
      vertex 84.9445 -12.0555 3
      vertex 84.786 -11.9089 3
    endloop
  endfacet
  facet normal -0.679011 -0.734128 -0
    outer loop
      vertex 84.9445 -12.0555 3
      vertex 84.786 -11.9089 0
      vertex 84.9445 -12.0555 0
    endloop
  endfacet
  facet normal 0.271416 -0.962462 0
    outer loop
      vertex 82.1502 -11.3846 0
      vertex 82.358 -11.326 3
      vertex 82.1502 -11.3846 3
    endloop
  endfacet
  facet normal 0.271416 -0.962462 0
    outer loop
      vertex 82.358 -11.326 3
      vertex 82.1502 -11.3846 0
      vertex 82.358 -11.326 0
    endloop
  endfacet
  facet normal 0.679011 0.734128 -0
    outer loop
      vertex 81.214 -16.0911 0
      vertex 81.0555 -15.9445 3
      vertex 81.214 -16.0911 3
    endloop
  endfacet
  facet normal 0.679011 0.734128 0
    outer loop
      vertex 81.0555 -15.9445 3
      vertex 81.214 -16.0911 0
      vertex 81.0555 -15.9445 0
    endloop
  endfacet
  facet normal -0.117647 -0.993055 0
    outer loop
      vertex 83.2158 -11.2585 0
      vertex 83.4302 -11.2839 3
      vertex 83.2158 -11.2585 3
    endloop
  endfacet
  facet normal -0.117647 -0.993055 -0
    outer loop
      vertex 83.4302 -11.2839 3
      vertex 83.2158 -11.2585 0
      vertex 83.4302 -11.2839 0
    endloop
  endfacet
  facet normal -0.418647 -0.908149 0
    outer loop
      vertex 84.0524 -11.4593 0
      vertex 84.2485 -11.5497 3
      vertex 84.0524 -11.4593 3
    endloop
  endfacet
  facet normal -0.418647 -0.908149 -0
    outer loop
      vertex 84.2485 -11.5497 3
      vertex 84.0524 -11.4593 0
      vertex 84.2485 -11.5497 0
    endloop
  endfacet
  facet normal -0.488589 -0.872514 0
    outer loop
      vertex 84.2485 -11.5497 0
      vertex 84.4369 -11.6552 3
      vertex 84.2485 -11.5497 3
    endloop
  endfacet
  facet normal -0.488589 -0.872514 -0
    outer loop
      vertex 84.4369 -11.6552 3
      vertex 84.2485 -11.5497 0
      vertex 84.4369 -11.6552 0
    endloop
  endfacet
  facet normal -0.938256 0.345941 0
    outer loop
      vertex 85.5407 -15.0524 0
      vertex 85.6154 -14.8498 3
      vertex 85.6154 -14.8498 0
    endloop
  endfacet
  facet normal -0.938256 0.345941 0
    outer loop
      vertex 85.6154 -14.8498 3
      vertex 85.5407 -15.0524 0
      vertex 85.5407 -15.0524 3
    endloop
  endfacet
  facet normal -0.872514 -0.488589 0
    outer loop
      vertex 85.4503 -12.7515 0
      vertex 85.3448 -12.5631 3
      vertex 85.3448 -12.5631 0
    endloop
  endfacet
  facet normal -0.872514 -0.488589 0
    outer loop
      vertex 85.3448 -12.5631 3
      vertex 85.4503 -12.7515 0
      vertex 85.4503 -12.7515 3
    endloop
  endfacet
  facet normal 0.734128 0.679011 0
    outer loop
      vertex 81.0555 -15.9445 3
      vertex 80.9089 -15.786 0
      vertex 80.9089 -15.786 3
    endloop
  endfacet
  facet normal 0.734128 0.679011 0
    outer loop
      vertex 80.9089 -15.786 0
      vertex 81.0555 -15.9445 3
      vertex 81.0555 -15.9445 0
    endloop
  endfacet
  facet normal -0.679011 0.734128 0
    outer loop
      vertex 84.9445 -15.9445 0
      vertex 84.786 -16.0911 3
      vertex 84.9445 -15.9445 3
    endloop
  endfacet
  facet normal -0.679011 0.734128 0
    outer loop
      vertex 84.786 -16.0911 3
      vertex 84.9445 -15.9445 0
      vertex 84.786 -16.0911 0
    endloop
  endfacet
  facet normal -0.962462 0.271416 0
    outer loop
      vertex 85.6154 -14.8498 0
      vertex 85.674 -14.642 3
      vertex 85.674 -14.642 0
    endloop
  endfacet
  facet normal -0.962462 0.271416 0
    outer loop
      vertex 85.674 -14.642 3
      vertex 85.6154 -14.8498 0
      vertex 85.6154 -14.8498 3
    endloop
  endfacet
  facet normal 0.993055 -0.117647 0
    outer loop
      vertex 80.2585 -13.7842 3
      vertex 80.2839 -13.5698 0
      vertex 80.2839 -13.5698 3
    endloop
  endfacet
  facet normal 0.993055 -0.117647 0
    outer loop
      vertex 80.2839 -13.5698 0
      vertex 80.2585 -13.7842 3
      vertex 80.2585 -13.7842 0
    endloop
  endfacet
  facet normal -0.785321 -0.619089 0
    outer loop
      vertex 85.2248 -12.3836 0
      vertex 85.0911 -12.214 3
      vertex 85.0911 -12.214 0
    endloop
  endfacet
  facet normal -0.785321 -0.619089 0
    outer loop
      vertex 85.0911 -12.214 3
      vertex 85.2248 -12.3836 0
      vertex 85.2248 -12.3836 3
    endloop
  endfacet
  facet normal 0.872514 -0.488589 0
    outer loop
      vertex 80.5497 -12.7515 3
      vertex 80.6552 -12.5631 0
      vertex 80.6552 -12.5631 3
    endloop
  endfacet
  facet normal 0.872514 -0.488589 0
    outer loop
      vertex 80.6552 -12.5631 0
      vertex 80.5497 -12.7515 3
      vertex 80.5497 -12.7515 0
    endloop
  endfacet
  facet normal 0.980812 0.194958 0
    outer loop
      vertex 80.326 -14.642 3
      vertex 80.2839 -14.4302 0
      vertex 80.2839 -14.4302 3
    endloop
  endfacet
  facet normal 0.980812 0.194958 0
    outer loop
      vertex 80.2839 -14.4302 0
      vertex 80.326 -14.642 3
      vertex 80.326 -14.642 0
    endloop
  endfacet
  facet normal -0.999225 0.0393578 0
    outer loop
      vertex 85.7415 -14.2158 0
      vertex 85.75 -14 3
      vertex 85.75 -14 0
    endloop
  endfacet
  facet normal -0.999225 0.0393578 0
    outer loop
      vertex 85.75 -14 3
      vertex 85.7415 -14.2158 0
      vertex 85.7415 -14.2158 3
    endloop
  endfacet
  facet normal -0.734128 0.679011 0
    outer loop
      vertex 84.9445 -15.9445 0
      vertex 85.0911 -15.786 3
      vertex 85.0911 -15.786 0
    endloop
  endfacet
  facet normal -0.734128 0.679011 0
    outer loop
      vertex 85.0911 -15.786 3
      vertex 84.9445 -15.9445 0
      vertex 84.9445 -15.9445 3
    endloop
  endfacet
  facet normal -0.908149 -0.418647 0
    outer loop
      vertex 85.5407 -12.9476 0
      vertex 85.4503 -12.7515 3
      vertex 85.4503 -12.7515 0
    endloop
  endfacet
  facet normal -0.908149 -0.418647 0
    outer loop
      vertex 85.4503 -12.7515 3
      vertex 85.5407 -12.9476 0
      vertex 85.5407 -12.9476 3
    endloop
  endfacet
  facet normal -0.271416 -0.962462 0
    outer loop
      vertex 83.642 -11.326 0
      vertex 83.8498 -11.3846 3
      vertex 83.642 -11.326 3
    endloop
  endfacet
  facet normal -0.271416 -0.962462 -0
    outer loop
      vertex 83.8498 -11.3846 3
      vertex 83.642 -11.326 0
      vertex 83.8498 -11.3846 0
    endloop
  endfacet
  facet normal -0.980812 0.194958 0
    outer loop
      vertex 85.674 -14.642 0
      vertex 85.7161 -14.4302 3
      vertex 85.7161 -14.4302 0
    endloop
  endfacet
  facet normal -0.980812 0.194958 0
    outer loop
      vertex 85.7161 -14.4302 3
      vertex 85.674 -14.642 0
      vertex 85.674 -14.642 3
    endloop
  endfacet
  facet normal 0.938256 -0.345941 0
    outer loop
      vertex 80.3846 -13.1502 3
      vertex 80.4593 -12.9476 0
      vertex 80.4593 -12.9476 3
    endloop
  endfacet
  facet normal 0.938256 -0.345941 0
    outer loop
      vertex 80.4593 -12.9476 0
      vertex 80.3846 -13.1502 3
      vertex 80.3846 -13.1502 0
    endloop
  endfacet
  facet normal 0.488589 0.872514 -0
    outer loop
      vertex 81.7515 -16.4503 0
      vertex 81.5631 -16.3448 3
      vertex 81.7515 -16.4503 3
    endloop
  endfacet
  facet normal 0.488589 0.872514 0
    outer loop
      vertex 81.5631 -16.3448 3
      vertex 81.7515 -16.4503 0
      vertex 81.5631 -16.3448 0
    endloop
  endfacet
  facet normal 0.117647 -0.993055 0
    outer loop
      vertex 82.5698 -11.2839 0
      vertex 82.7842 -11.2585 3
      vertex 82.5698 -11.2839 3
    endloop
  endfacet
  facet normal 0.117647 -0.993055 0
    outer loop
      vertex 82.7842 -11.2585 3
      vertex 82.5698 -11.2839 0
      vertex 82.7842 -11.2585 0
    endloop
  endfacet
  facet normal 0.872514 0.488589 0
    outer loop
      vertex 80.6552 -15.4369 3
      vertex 80.5497 -15.2485 0
      vertex 80.5497 -15.2485 3
    endloop
  endfacet
  facet normal 0.872514 0.488589 0
    outer loop
      vertex 80.5497 -15.2485 0
      vertex 80.6552 -15.4369 3
      vertex 80.6552 -15.4369 0
    endloop
  endfacet
  facet normal -0.271416 0.962462 0
    outer loop
      vertex 83.8498 -16.6154 0
      vertex 83.642 -16.674 3
      vertex 83.8498 -16.6154 3
    endloop
  endfacet
  facet normal -0.271416 0.962462 0
    outer loop
      vertex 83.642 -16.674 3
      vertex 83.8498 -16.6154 0
      vertex 83.642 -16.674 0
    endloop
  endfacet
  facet normal 0.679011 -0.734128 0
    outer loop
      vertex 81.0555 -12.0555 0
      vertex 81.214 -11.9089 3
      vertex 81.0555 -12.0555 3
    endloop
  endfacet
  facet normal 0.679011 -0.734128 0
    outer loop
      vertex 81.214 -11.9089 3
      vertex 81.0555 -12.0555 0
      vertex 81.214 -11.9089 0
    endloop
  endfacet
  facet normal -0.734128 -0.679011 0
    outer loop
      vertex 85.0911 -12.214 0
      vertex 84.9445 -12.0555 3
      vertex 84.9445 -12.0555 0
    endloop
  endfacet
  facet normal -0.734128 -0.679011 0
    outer loop
      vertex 84.9445 -12.0555 3
      vertex 85.0911 -12.214 0
      vertex 85.0911 -12.214 3
    endloop
  endfacet
  facet normal 0.962462 0.271416 0
    outer loop
      vertex 80.3846 -14.8498 3
      vertex 80.326 -14.642 0
      vertex 80.326 -14.642 3
    endloop
  endfacet
  facet normal 0.962462 0.271416 0
    outer loop
      vertex 80.326 -14.642 0
      vertex 80.3846 -14.8498 3
      vertex 80.3846 -14.8498 0
    endloop
  endfacet
  facet normal 0.785321 0.619089 0
    outer loop
      vertex 80.9089 -15.786 3
      vertex 80.7752 -15.6164 0
      vertex 80.7752 -15.6164 3
    endloop
  endfacet
  facet normal 0.785321 0.619089 0
    outer loop
      vertex 80.7752 -15.6164 0
      vertex 80.9089 -15.786 3
      vertex 80.9089 -15.786 0
    endloop
  endfacet
  facet normal -0.872514 0.488589 0
    outer loop
      vertex 85.3448 -15.4369 0
      vertex 85.4503 -15.2485 3
      vertex 85.4503 -15.2485 0
    endloop
  endfacet
  facet normal -0.872514 0.488589 0
    outer loop
      vertex 85.4503 -15.2485 3
      vertex 85.3448 -15.4369 0
      vertex 85.3448 -15.4369 3
    endloop
  endfacet
  facet normal 0.734128 -0.679011 0
    outer loop
      vertex 80.9089 -12.214 3
      vertex 81.0555 -12.0555 0
      vertex 81.0555 -12.0555 3
    endloop
  endfacet
  facet normal 0.734128 -0.679011 0
    outer loop
      vertex 81.0555 -12.0555 0
      vertex 80.9089 -12.214 3
      vertex 80.9089 -12.214 0
    endloop
  endfacet
  facet normal 0.785321 -0.619089 0
    outer loop
      vertex 80.7752 -12.3836 3
      vertex 80.9089 -12.214 0
      vertex 80.9089 -12.214 3
    endloop
  endfacet
  facet normal 0.785321 -0.619089 0
    outer loop
      vertex 80.9089 -12.214 0
      vertex 80.7752 -12.3836 3
      vertex 80.7752 -12.3836 0
    endloop
  endfacet
  facet normal -0.194958 0.980812 0
    outer loop
      vertex 83.642 -16.674 0
      vertex 83.4302 -16.7161 3
      vertex 83.642 -16.674 3
    endloop
  endfacet
  facet normal -0.194958 0.980812 0
    outer loop
      vertex 83.4302 -16.7161 3
      vertex 83.642 -16.674 0
      vertex 83.4302 -16.7161 0
    endloop
  endfacet
  facet normal -0.117647 0.993055 0
    outer loop
      vertex 83.4302 -16.7161 0
      vertex 83.2158 -16.7415 3
      vertex 83.4302 -16.7161 3
    endloop
  endfacet
  facet normal -0.117647 0.993055 0
    outer loop
      vertex 83.2158 -16.7415 3
      vertex 83.4302 -16.7161 0
      vertex 83.2158 -16.7415 0
    endloop
  endfacet
  facet normal 0.938256 0.345941 0
    outer loop
      vertex 80.4593 -15.0524 3
      vertex 80.3846 -14.8498 0
      vertex 80.3846 -14.8498 3
    endloop
  endfacet
  facet normal 0.938256 0.345941 0
    outer loop
      vertex 80.3846 -14.8498 0
      vertex 80.4593 -15.0524 3
      vertex 80.4593 -15.0524 0
    endloop
  endfacet
  facet normal 0.993055 0.117647 0
    outer loop
      vertex 80.2839 -14.4302 3
      vertex 80.2585 -14.2158 0
      vertex 80.2585 -14.2158 3
    endloop
  endfacet
  facet normal 0.993055 0.117647 0
    outer loop
      vertex 80.2585 -14.2158 0
      vertex 80.2839 -14.4302 3
      vertex 80.2839 -14.4302 0
    endloop
  endfacet
  facet normal 0.117647 0.993055 -0
    outer loop
      vertex 82.7842 -16.7415 0
      vertex 82.5698 -16.7161 3
      vertex 82.7842 -16.7415 3
    endloop
  endfacet
  facet normal 0.117647 0.993055 0
    outer loop
      vertex 82.5698 -16.7161 3
      vertex 82.7842 -16.7415 0
      vertex 82.5698 -16.7161 0
    endloop
  endfacet
  facet normal 0.962462 -0.271416 0
    outer loop
      vertex 80.326 -13.358 3
      vertex 80.3846 -13.1502 0
      vertex 80.3846 -13.1502 3
    endloop
  endfacet
  facet normal 0.962462 -0.271416 0
    outer loop
      vertex 80.3846 -13.1502 0
      vertex 80.326 -13.358 3
      vertex 80.326 -13.358 0
    endloop
  endfacet
  facet normal 0.271416 0.962462 -0
    outer loop
      vertex 82.358 -16.674 0
      vertex 82.1502 -16.6154 3
      vertex 82.358 -16.674 3
    endloop
  endfacet
  facet normal 0.271416 0.962462 0
    outer loop
      vertex 82.1502 -16.6154 3
      vertex 82.358 -16.674 0
      vertex 82.1502 -16.6154 0
    endloop
  endfacet
  facet normal -0.0393578 0.999225 0
    outer loop
      vertex 83.2158 -16.7415 0
      vertex 83 -16.75 3
      vertex 83.2158 -16.7415 3
    endloop
  endfacet
  facet normal -0.0393578 0.999225 0
    outer loop
      vertex 83 -16.75 3
      vertex 83.2158 -16.7415 0
      vertex 83 -16.75 0
    endloop
  endfacet
  facet normal 0.831337 0.555769 0
    outer loop
      vertex 80.7752 -15.6164 3
      vertex 80.6552 -15.4369 0
      vertex 80.6552 -15.4369 3
    endloop
  endfacet
  facet normal 0.831337 0.555769 0
    outer loop
      vertex 80.6552 -15.4369 0
      vertex 80.7752 -15.6164 3
      vertex 80.7752 -15.6164 0
    endloop
  endfacet
  facet normal -0.831337 -0.555769 0
    outer loop
      vertex 85.3448 -12.5631 0
      vertex 85.2248 -12.3836 3
      vertex 85.2248 -12.3836 0
    endloop
  endfacet
  facet normal -0.831337 -0.555769 0
    outer loop
      vertex 85.2248 -12.3836 3
      vertex 85.3448 -12.5631 0
      vertex 85.3448 -12.5631 3
    endloop
  endfacet
  facet normal -0.418647 0.908149 0
    outer loop
      vertex 84.2485 -16.4503 0
      vertex 84.0524 -16.5407 3
      vertex 84.2485 -16.4503 3
    endloop
  endfacet
  facet normal -0.418647 0.908149 0
    outer loop
      vertex 84.0524 -16.5407 3
      vertex 84.2485 -16.4503 0
      vertex 84.0524 -16.5407 0
    endloop
  endfacet
  facet normal -0.555769 -0.831337 0
    outer loop
      vertex 84.4369 -11.6552 0
      vertex 84.6164 -11.7752 3
      vertex 84.4369 -11.6552 3
    endloop
  endfacet
  facet normal -0.555769 -0.831337 -0
    outer loop
      vertex 84.6164 -11.7752 3
      vertex 84.4369 -11.6552 0
      vertex 84.6164 -11.7752 0
    endloop
  endfacet
  facet normal 0.418647 -0.908149 0
    outer loop
      vertex 81.7515 -11.5497 0
      vertex 81.9476 -11.4593 3
      vertex 81.7515 -11.5497 3
    endloop
  endfacet
  facet normal 0.418647 -0.908149 0
    outer loop
      vertex 81.9476 -11.4593 3
      vertex 81.7515 -11.5497 0
      vertex 81.9476 -11.4593 0
    endloop
  endfacet
  facet normal 0.0393578 -0.999225 0
    outer loop
      vertex 82.7842 -11.2585 0
      vertex 83 -11.25 3
      vertex 82.7842 -11.2585 3
    endloop
  endfacet
  facet normal 0.0393578 -0.999225 0
    outer loop
      vertex 83 -11.25 3
      vertex 82.7842 -11.2585 0
      vertex 83 -11.25 0
    endloop
  endfacet
  facet normal 0.194958 0.980812 -0
    outer loop
      vertex 82.5698 -16.7161 0
      vertex 82.358 -16.674 3
      vertex 82.5698 -16.7161 3
    endloop
  endfacet
  facet normal 0.194958 0.980812 0
    outer loop
      vertex 82.358 -16.674 3
      vertex 82.5698 -16.7161 0
      vertex 82.358 -16.674 0
    endloop
  endfacet
  facet normal 0.908149 -0.418647 0
    outer loop
      vertex 80.4593 -12.9476 3
      vertex 80.5497 -12.7515 0
      vertex 80.5497 -12.7515 3
    endloop
  endfacet
  facet normal 0.908149 -0.418647 0
    outer loop
      vertex 80.5497 -12.7515 0
      vertex 80.4593 -12.9476 3
      vertex 80.4593 -12.9476 0
    endloop
  endfacet
  facet normal 0.619089 0.785321 -0
    outer loop
      vertex 81.3836 -16.2248 0
      vertex 81.214 -16.0911 3
      vertex 81.3836 -16.2248 3
    endloop
  endfacet
  facet normal 0.619089 0.785321 0
    outer loop
      vertex 81.214 -16.0911 3
      vertex 81.3836 -16.2248 0
      vertex 81.214 -16.0911 0
    endloop
  endfacet
  facet normal -0.555769 0.831337 0
    outer loop
      vertex 84.6164 -16.2248 0
      vertex 84.4369 -16.3448 3
      vertex 84.6164 -16.2248 3
    endloop
  endfacet
  facet normal -0.555769 0.831337 0
    outer loop
      vertex 84.4369 -16.3448 3
      vertex 84.6164 -16.2248 0
      vertex 84.4369 -16.3448 0
    endloop
  endfacet
  facet normal -0.619089 0.785321 0
    outer loop
      vertex 84.786 -16.0911 0
      vertex 84.6164 -16.2248 3
      vertex 84.786 -16.0911 3
    endloop
  endfacet
  facet normal -0.619089 0.785321 0
    outer loop
      vertex 84.6164 -16.2248 3
      vertex 84.786 -16.0911 0
      vertex 84.6164 -16.2248 0
    endloop
  endfacet
  facet normal 0.999225 0.0393578 0
    outer loop
      vertex 80.2585 -14.2158 3
      vertex 80.25 -14 0
      vertex 80.25 -14 3
    endloop
  endfacet
  facet normal 0.999225 0.0393578 0
    outer loop
      vertex 80.25 -14 0
      vertex 80.2585 -14.2158 3
      vertex 80.2585 -14.2158 0
    endloop
  endfacet
  facet normal 0.908149 0.418647 0
    outer loop
      vertex 80.5497 -15.2485 3
      vertex 80.4593 -15.0524 0
      vertex 80.4593 -15.0524 3
    endloop
  endfacet
  facet normal 0.908149 0.418647 0
    outer loop
      vertex 80.4593 -15.0524 0
      vertex 80.5497 -15.2485 3
      vertex 80.5497 -15.2485 0
    endloop
  endfacet
  facet normal 0.488589 -0.872514 0
    outer loop
      vertex 81.5631 -11.6552 0
      vertex 81.7515 -11.5497 3
      vertex 81.5631 -11.6552 3
    endloop
  endfacet
  facet normal 0.488589 -0.872514 0
    outer loop
      vertex 81.7515 -11.5497 3
      vertex 81.5631 -11.6552 0
      vertex 81.7515 -11.5497 0
    endloop
  endfacet
  facet normal -0.488589 0.872514 0
    outer loop
      vertex 84.4369 -16.3448 0
      vertex 84.2485 -16.4503 3
      vertex 84.4369 -16.3448 3
    endloop
  endfacet
  facet normal -0.488589 0.872514 0
    outer loop
      vertex 84.2485 -16.4503 3
      vertex 84.4369 -16.3448 0
      vertex 84.2485 -16.4503 0
    endloop
  endfacet
  facet normal -0.194958 -0.980812 0
    outer loop
      vertex 83.4302 -11.2839 0
      vertex 83.642 -11.326 3
      vertex 83.4302 -11.2839 3
    endloop
  endfacet
  facet normal -0.194958 -0.980812 -0
    outer loop
      vertex 83.642 -11.326 3
      vertex 83.4302 -11.2839 0
      vertex 83.642 -11.326 0
    endloop
  endfacet
  facet normal -0.0393578 -0.999225 0
    outer loop
      vertex 83 -11.25 0
      vertex 83.2158 -11.2585 3
      vertex 83 -11.25 3
    endloop
  endfacet
  facet normal -0.0393578 -0.999225 -0
    outer loop
      vertex 83.2158 -11.2585 3
      vertex 83 -11.25 0
      vertex 83.2158 -11.2585 0
    endloop
  endfacet
  facet normal 0.0393578 0.999225 -0
    outer loop
      vertex 83 -16.75 0
      vertex 82.7842 -16.7415 3
      vertex 83 -16.75 3
    endloop
  endfacet
  facet normal 0.0393578 0.999225 0
    outer loop
      vertex 82.7842 -16.7415 3
      vertex 83 -16.75 0
      vertex 82.7842 -16.7415 0
    endloop
  endfacet
  facet normal 0.418647 0.908149 -0
    outer loop
      vertex 81.9476 -16.5407 0
      vertex 81.7515 -16.4503 3
      vertex 81.9476 -16.5407 3
    endloop
  endfacet
  facet normal 0.418647 0.908149 0
    outer loop
      vertex 81.7515 -16.4503 3
      vertex 81.9476 -16.5407 0
      vertex 81.7515 -16.4503 0
    endloop
  endfacet
  facet normal 0.345941 0.938256 -0
    outer loop
      vertex 82.1502 -16.6154 0
      vertex 81.9476 -16.5407 3
      vertex 82.1502 -16.6154 3
    endloop
  endfacet
  facet normal 0.345941 0.938256 0
    outer loop
      vertex 81.9476 -16.5407 3
      vertex 82.1502 -16.6154 0
      vertex 81.9476 -16.5407 0
    endloop
  endfacet
  facet normal 0.555769 0.831337 -0
    outer loop
      vertex 81.5631 -16.3448 0
      vertex 81.3836 -16.2248 3
      vertex 81.5631 -16.3448 3
    endloop
  endfacet
  facet normal 0.555769 0.831337 0
    outer loop
      vertex 81.3836 -16.2248 3
      vertex 81.5631 -16.3448 0
      vertex 81.3836 -16.2248 0
    endloop
  endfacet
  facet normal 0.831337 -0.555769 0
    outer loop
      vertex 80.6552 -12.5631 3
      vertex 80.7752 -12.3836 0
      vertex 80.7752 -12.3836 3
    endloop
  endfacet
  facet normal 0.831337 -0.555769 0
    outer loop
      vertex 80.7752 -12.3836 0
      vertex 80.6552 -12.5631 3
      vertex 80.6552 -12.5631 0
    endloop
  endfacet
  facet normal -0.993055 -0.117647 0
    outer loop
      vertex 85.7415 14.2158 0
      vertex 85.7161 14.4302 3
      vertex 85.7161 14.4302 0
    endloop
  endfacet
  facet normal -0.993055 -0.117647 0
    outer loop
      vertex 85.7161 14.4302 3
      vertex 85.7415 14.2158 0
      vertex 85.7415 14.2158 3
    endloop
  endfacet
  facet normal -0.999225 -0.0393578 0
    outer loop
      vertex 85.75 14 0
      vertex 85.7415 14.2158 3
      vertex 85.7415 14.2158 0
    endloop
  endfacet
  facet normal -0.999225 -0.0393578 0
    outer loop
      vertex 85.7415 14.2158 3
      vertex 85.75 14 0
      vertex 85.75 14 3
    endloop
  endfacet
  facet normal -0.980812 -0.194958 0
    outer loop
      vertex 85.7161 14.4302 0
      vertex 85.674 14.642 3
      vertex 85.674 14.642 0
    endloop
  endfacet
  facet normal -0.980812 -0.194958 0
    outer loop
      vertex 85.674 14.642 3
      vertex 85.7161 14.4302 0
      vertex 85.7161 14.4302 3
    endloop
  endfacet
  facet normal -0.488589 0.872514 0
    outer loop
      vertex 84.4369 11.6552 0
      vertex 84.2485 11.5497 3
      vertex 84.4369 11.6552 3
    endloop
  endfacet
  facet normal -0.488589 0.872514 0
    outer loop
      vertex 84.2485 11.5497 3
      vertex 84.4369 11.6552 0
      vertex 84.2485 11.5497 0
    endloop
  endfacet
  facet normal -0.488589 -0.872514 0
    outer loop
      vertex 84.2485 16.4503 0
      vertex 84.4369 16.3448 3
      vertex 84.2485 16.4503 3
    endloop
  endfacet
  facet normal -0.488589 -0.872514 -0
    outer loop
      vertex 84.4369 16.3448 3
      vertex 84.2485 16.4503 0
      vertex 84.4369 16.3448 0
    endloop
  endfacet
  facet normal 0.488589 0.872514 -0
    outer loop
      vertex 81.7515 11.5497 0
      vertex 81.5631 11.6552 3
      vertex 81.7515 11.5497 3
    endloop
  endfacet
  facet normal 0.488589 0.872514 0
    outer loop
      vertex 81.5631 11.6552 3
      vertex 81.7515 11.5497 0
      vertex 81.5631 11.6552 0
    endloop
  endfacet
  facet normal 0.271416 -0.962462 0
    outer loop
      vertex 82.1502 16.6154 0
      vertex 82.358 16.674 3
      vertex 82.1502 16.6154 3
    endloop
  endfacet
  facet normal 0.271416 -0.962462 0
    outer loop
      vertex 82.358 16.674 3
      vertex 82.1502 16.6154 0
      vertex 82.358 16.674 0
    endloop
  endfacet
  facet normal -0.345941 0.938256 0
    outer loop
      vertex 84.0524 11.4593 0
      vertex 83.8498 11.3846 3
      vertex 84.0524 11.4593 3
    endloop
  endfacet
  facet normal -0.345941 0.938256 0
    outer loop
      vertex 83.8498 11.3846 3
      vertex 84.0524 11.4593 0
      vertex 83.8498 11.3846 0
    endloop
  endfacet
  facet normal -0.194958 0.980812 0
    outer loop
      vertex 83.642 11.326 0
      vertex 83.4302 11.2839 3
      vertex 83.642 11.326 3
    endloop
  endfacet
  facet normal -0.194958 0.980812 0
    outer loop
      vertex 83.4302 11.2839 3
      vertex 83.642 11.326 0
      vertex 83.4302 11.2839 0
    endloop
  endfacet
  facet normal -0.271416 -0.962462 0
    outer loop
      vertex 83.642 16.674 0
      vertex 83.8498 16.6154 3
      vertex 83.642 16.674 3
    endloop
  endfacet
  facet normal -0.271416 -0.962462 -0
    outer loop
      vertex 83.8498 16.6154 3
      vertex 83.642 16.674 0
      vertex 83.8498 16.6154 0
    endloop
  endfacet
  facet normal -0.993055 0.117647 0
    outer loop
      vertex 85.7161 13.5698 0
      vertex 85.7415 13.7842 3
      vertex 85.7415 13.7842 0
    endloop
  endfacet
  facet normal -0.993055 0.117647 0
    outer loop
      vertex 85.7415 13.7842 3
      vertex 85.7161 13.5698 0
      vertex 85.7161 13.5698 3
    endloop
  endfacet
  facet normal -0.619089 -0.785321 0
    outer loop
      vertex 84.6164 16.2248 0
      vertex 84.786 16.0911 3
      vertex 84.6164 16.2248 3
    endloop
  endfacet
  facet normal -0.619089 -0.785321 -0
    outer loop
      vertex 84.786 16.0911 3
      vertex 84.6164 16.2248 0
      vertex 84.786 16.0911 0
    endloop
  endfacet
  facet normal -0.194958 -0.980812 0
    outer loop
      vertex 83.4302 16.7161 0
      vertex 83.642 16.674 3
      vertex 83.4302 16.7161 3
    endloop
  endfacet
  facet normal -0.194958 -0.980812 -0
    outer loop
      vertex 83.642 16.674 3
      vertex 83.4302 16.7161 0
      vertex 83.642 16.674 0
    endloop
  endfacet
  facet normal -0.785321 0.619089 0
    outer loop
      vertex 85.0911 12.214 0
      vertex 85.2248 12.3836 3
      vertex 85.2248 12.3836 0
    endloop
  endfacet
  facet normal -0.785321 0.619089 0
    outer loop
      vertex 85.2248 12.3836 3
      vertex 85.0911 12.214 0
      vertex 85.0911 12.214 3
    endloop
  endfacet
  facet normal -0.785321 -0.619089 0
    outer loop
      vertex 85.2248 15.6164 0
      vertex 85.0911 15.786 3
      vertex 85.0911 15.786 0
    endloop
  endfacet
  facet normal -0.785321 -0.619089 0
    outer loop
      vertex 85.0911 15.786 3
      vertex 85.2248 15.6164 0
      vertex 85.2248 15.6164 3
    endloop
  endfacet
  facet normal -0.555769 -0.831337 0
    outer loop
      vertex 84.4369 16.3448 0
      vertex 84.6164 16.2248 3
      vertex 84.4369 16.3448 3
    endloop
  endfacet
  facet normal -0.555769 -0.831337 -0
    outer loop
      vertex 84.6164 16.2248 3
      vertex 84.4369 16.3448 0
      vertex 84.6164 16.2248 0
    endloop
  endfacet
  facet normal -0.980812 0.194958 0
    outer loop
      vertex 85.674 13.358 0
      vertex 85.7161 13.5698 3
      vertex 85.7161 13.5698 0
    endloop
  endfacet
  facet normal -0.980812 0.194958 0
    outer loop
      vertex 85.7161 13.5698 3
      vertex 85.674 13.358 0
      vertex 85.674 13.358 3
    endloop
  endfacet
  facet normal -0.938256 -0.345941 0
    outer loop
      vertex 85.6154 14.8498 0
      vertex 85.5407 15.0524 3
      vertex 85.5407 15.0524 0
    endloop
  endfacet
  facet normal -0.938256 -0.345941 0
    outer loop
      vertex 85.5407 15.0524 3
      vertex 85.6154 14.8498 0
      vertex 85.6154 14.8498 3
    endloop
  endfacet
  facet normal 0.734128 0.679011 0
    outer loop
      vertex 81.0555 12.0555 3
      vertex 80.9089 12.214 0
      vertex 80.9089 12.214 3
    endloop
  endfacet
  facet normal 0.734128 0.679011 0
    outer loop
      vertex 80.9089 12.214 0
      vertex 81.0555 12.0555 3
      vertex 81.0555 12.0555 0
    endloop
  endfacet
  facet normal -0.418647 -0.908149 0
    outer loop
      vertex 84.0524 16.5407 0
      vertex 84.2485 16.4503 3
      vertex 84.0524 16.5407 3
    endloop
  endfacet
  facet normal -0.418647 -0.908149 -0
    outer loop
      vertex 84.2485 16.4503 3
      vertex 84.0524 16.5407 0
      vertex 84.2485 16.4503 0
    endloop
  endfacet
  facet normal 0.679011 -0.734128 0
    outer loop
      vertex 81.0555 15.9445 0
      vertex 81.214 16.0911 3
      vertex 81.0555 15.9445 3
    endloop
  endfacet
  facet normal 0.679011 -0.734128 0
    outer loop
      vertex 81.214 16.0911 3
      vertex 81.0555 15.9445 0
      vertex 81.214 16.0911 0
    endloop
  endfacet
  facet normal -0.962462 -0.271416 0
    outer loop
      vertex 85.674 14.642 0
      vertex 85.6154 14.8498 3
      vertex 85.6154 14.8498 0
    endloop
  endfacet
  facet normal -0.962462 -0.271416 0
    outer loop
      vertex 85.6154 14.8498 3
      vertex 85.674 14.642 0
      vertex 85.674 14.642 3
    endloop
  endfacet
  facet normal -0.938256 0.345941 0
    outer loop
      vertex 85.5407 12.9476 0
      vertex 85.6154 13.1502 3
      vertex 85.6154 13.1502 0
    endloop
  endfacet
  facet normal -0.938256 0.345941 0
    outer loop
      vertex 85.6154 13.1502 3
      vertex 85.5407 12.9476 0
      vertex 85.5407 12.9476 3
    endloop
  endfacet
  facet normal -0.831337 0.555769 0
    outer loop
      vertex 85.2248 12.3836 0
      vertex 85.3448 12.5631 3
      vertex 85.3448 12.5631 0
    endloop
  endfacet
  facet normal -0.831337 0.555769 0
    outer loop
      vertex 85.3448 12.5631 3
      vertex 85.2248 12.3836 0
      vertex 85.2248 12.3836 3
    endloop
  endfacet
  facet normal -0.345941 -0.938256 0
    outer loop
      vertex 83.8498 16.6154 0
      vertex 84.0524 16.5407 3
      vertex 83.8498 16.6154 3
    endloop
  endfacet
  facet normal -0.345941 -0.938256 -0
    outer loop
      vertex 84.0524 16.5407 3
      vertex 83.8498 16.6154 0
      vertex 84.0524 16.5407 0
    endloop
  endfacet
  facet normal 0.345941 0.938256 -0
    outer loop
      vertex 82.1502 11.3846 0
      vertex 81.9476 11.4593 3
      vertex 82.1502 11.3846 3
    endloop
  endfacet
  facet normal 0.345941 0.938256 0
    outer loop
      vertex 81.9476 11.4593 3
      vertex 82.1502 11.3846 0
      vertex 81.9476 11.4593 0
    endloop
  endfacet
  facet normal -0.831337 -0.555769 0
    outer loop
      vertex 85.3448 15.4369 0
      vertex 85.2248 15.6164 3
      vertex 85.2248 15.6164 0
    endloop
  endfacet
  facet normal -0.831337 -0.555769 0
    outer loop
      vertex 85.2248 15.6164 3
      vertex 85.3448 15.4369 0
      vertex 85.3448 15.4369 3
    endloop
  endfacet
  facet normal -0.908149 -0.418647 0
    outer loop
      vertex 85.5407 15.0524 0
      vertex 85.4503 15.2485 3
      vertex 85.4503 15.2485 0
    endloop
  endfacet
  facet normal -0.908149 -0.418647 0
    outer loop
      vertex 85.4503 15.2485 3
      vertex 85.5407 15.0524 0
      vertex 85.5407 15.0524 3
    endloop
  endfacet
  facet normal -0.619089 0.785321 0
    outer loop
      vertex 84.786 11.9089 0
      vertex 84.6164 11.7752 3
      vertex 84.786 11.9089 3
    endloop
  endfacet
  facet normal -0.619089 0.785321 0
    outer loop
      vertex 84.6164 11.7752 3
      vertex 84.786 11.9089 0
      vertex 84.6164 11.7752 0
    endloop
  endfacet
  facet normal 0.999225 -0.0393578 0
    outer loop
      vertex 80.25 14 3
      vertex 80.2585 14.2158 0
      vertex 80.2585 14.2158 3
    endloop
  endfacet
  facet normal 0.999225 -0.0393578 0
    outer loop
      vertex 80.2585 14.2158 0
      vertex 80.25 14 3
      vertex 80.25 14 0
    endloop
  endfacet
  facet normal 0.418647 -0.908149 0
    outer loop
      vertex 81.7515 16.4503 0
      vertex 81.9476 16.5407 3
      vertex 81.7515 16.4503 3
    endloop
  endfacet
  facet normal 0.418647 -0.908149 0
    outer loop
      vertex 81.9476 16.5407 3
      vertex 81.7515 16.4503 0
      vertex 81.9476 16.5407 0
    endloop
  endfacet
  facet normal 0.0393578 -0.999225 0
    outer loop
      vertex 82.7842 16.7415 0
      vertex 83 16.75 3
      vertex 82.7842 16.7415 3
    endloop
  endfacet
  facet normal 0.0393578 -0.999225 0
    outer loop
      vertex 83 16.75 3
      vertex 82.7842 16.7415 0
      vertex 83 16.75 0
    endloop
  endfacet
  facet normal 0.785321 -0.619089 0
    outer loop
      vertex 80.7752 15.6164 3
      vertex 80.9089 15.786 0
      vertex 80.9089 15.786 3
    endloop
  endfacet
  facet normal 0.785321 -0.619089 0
    outer loop
      vertex 80.9089 15.786 0
      vertex 80.7752 15.6164 3
      vertex 80.7752 15.6164 0
    endloop
  endfacet
  facet normal -0.117647 0.993055 0
    outer loop
      vertex 83.4302 11.2839 0
      vertex 83.2158 11.2585 3
      vertex 83.4302 11.2839 3
    endloop
  endfacet
  facet normal -0.117647 0.993055 0
    outer loop
      vertex 83.2158 11.2585 3
      vertex 83.4302 11.2839 0
      vertex 83.2158 11.2585 0
    endloop
  endfacet
  facet normal -0.962462 0.271416 0
    outer loop
      vertex 85.6154 13.1502 0
      vertex 85.674 13.358 3
      vertex 85.674 13.358 0
    endloop
  endfacet
  facet normal -0.962462 0.271416 0
    outer loop
      vertex 85.674 13.358 3
      vertex 85.6154 13.1502 0
      vertex 85.6154 13.1502 3
    endloop
  endfacet
  facet normal 0.619089 0.785321 -0
    outer loop
      vertex 81.3836 11.7752 0
      vertex 81.214 11.9089 3
      vertex 81.3836 11.7752 3
    endloop
  endfacet
  facet normal 0.619089 0.785321 0
    outer loop
      vertex 81.214 11.9089 3
      vertex 81.3836 11.7752 0
      vertex 81.214 11.9089 0
    endloop
  endfacet
  facet normal 0.831337 -0.555769 0
    outer loop
      vertex 80.6552 15.4369 3
      vertex 80.7752 15.6164 0
      vertex 80.7752 15.6164 3
    endloop
  endfacet
  facet normal 0.831337 -0.555769 0
    outer loop
      vertex 80.7752 15.6164 0
      vertex 80.6552 15.4369 3
      vertex 80.6552 15.4369 0
    endloop
  endfacet
  facet normal 0.938256 -0.345941 0
    outer loop
      vertex 80.3846 14.8498 3
      vertex 80.4593 15.0524 0
      vertex 80.4593 15.0524 3
    endloop
  endfacet
  facet normal 0.938256 -0.345941 0
    outer loop
      vertex 80.4593 15.0524 0
      vertex 80.3846 14.8498 3
      vertex 80.3846 14.8498 0
    endloop
  endfacet
  facet normal 0.194958 -0.980812 0
    outer loop
      vertex 82.358 16.674 0
      vertex 82.5698 16.7161 3
      vertex 82.358 16.674 3
    endloop
  endfacet
  facet normal 0.194958 -0.980812 0
    outer loop
      vertex 82.5698 16.7161 3
      vertex 82.358 16.674 0
      vertex 82.5698 16.7161 0
    endloop
  endfacet
  facet normal 0.993055 -0.117647 0
    outer loop
      vertex 80.2585 14.2158 3
      vertex 80.2839 14.4302 0
      vertex 80.2839 14.4302 3
    endloop
  endfacet
  facet normal 0.993055 -0.117647 0
    outer loop
      vertex 80.2839 14.4302 0
      vertex 80.2585 14.2158 3
      vertex 80.2585 14.2158 0
    endloop
  endfacet
  facet normal 0.962462 -0.271416 0
    outer loop
      vertex 80.326 14.642 3
      vertex 80.3846 14.8498 0
      vertex 80.3846 14.8498 3
    endloop
  endfacet
  facet normal 0.962462 -0.271416 0
    outer loop
      vertex 80.3846 14.8498 0
      vertex 80.326 14.642 3
      vertex 80.326 14.642 0
    endloop
  endfacet
  facet normal -0.734128 -0.679011 0
    outer loop
      vertex 85.0911 15.786 0
      vertex 84.9445 15.9445 3
      vertex 84.9445 15.9445 0
    endloop
  endfacet
  facet normal -0.734128 -0.679011 0
    outer loop
      vertex 84.9445 15.9445 3
      vertex 85.0911 15.786 0
      vertex 85.0911 15.786 3
    endloop
  endfacet
  facet normal 0.962462 0.271416 0
    outer loop
      vertex 80.3846 13.1502 3
      vertex 80.326 13.358 0
      vertex 80.326 13.358 3
    endloop
  endfacet
  facet normal 0.962462 0.271416 0
    outer loop
      vertex 80.326 13.358 0
      vertex 80.3846 13.1502 3
      vertex 80.3846 13.1502 0
    endloop
  endfacet
  facet normal -0.872514 -0.488589 0
    outer loop
      vertex 85.4503 15.2485 0
      vertex 85.3448 15.4369 3
      vertex 85.3448 15.4369 0
    endloop
  endfacet
  facet normal -0.872514 -0.488589 0
    outer loop
      vertex 85.3448 15.4369 3
      vertex 85.4503 15.2485 0
      vertex 85.4503 15.2485 3
    endloop
  endfacet
  facet normal 0.785321 0.619089 0
    outer loop
      vertex 80.9089 12.214 3
      vertex 80.7752 12.3836 0
      vertex 80.7752 12.3836 3
    endloop
  endfacet
  facet normal 0.785321 0.619089 0
    outer loop
      vertex 80.7752 12.3836 0
      vertex 80.9089 12.214 3
      vertex 80.9089 12.214 0
    endloop
  endfacet
  facet normal -0.999225 0.0393578 0
    outer loop
      vertex 85.7415 13.7842 0
      vertex 85.75 14 3
      vertex 85.75 14 0
    endloop
  endfacet
  facet normal -0.999225 0.0393578 0
    outer loop
      vertex 85.75 14 3
      vertex 85.7415 13.7842 0
      vertex 85.7415 13.7842 3
    endloop
  endfacet
  facet normal -0.679011 0.734128 0
    outer loop
      vertex 84.9445 12.0555 0
      vertex 84.786 11.9089 3
      vertex 84.9445 12.0555 3
    endloop
  endfacet
  facet normal -0.679011 0.734128 0
    outer loop
      vertex 84.786 11.9089 3
      vertex 84.9445 12.0555 0
      vertex 84.786 11.9089 0
    endloop
  endfacet
  facet normal 0.619089 -0.785321 0
    outer loop
      vertex 81.214 16.0911 0
      vertex 81.3836 16.2248 3
      vertex 81.214 16.0911 3
    endloop
  endfacet
  facet normal 0.619089 -0.785321 0
    outer loop
      vertex 81.3836 16.2248 3
      vertex 81.214 16.0911 0
      vertex 81.3836 16.2248 0
    endloop
  endfacet
  facet normal -0.0393578 0.999225 0
    outer loop
      vertex 83.2158 11.2585 0
      vertex 83 11.25 3
      vertex 83.2158 11.2585 3
    endloop
  endfacet
  facet normal -0.0393578 0.999225 0
    outer loop
      vertex 83 11.25 3
      vertex 83.2158 11.2585 0
      vertex 83 11.25 0
    endloop
  endfacet
  facet normal 0.734128 -0.679011 0
    outer loop
      vertex 80.9089 15.786 3
      vertex 81.0555 15.9445 0
      vertex 81.0555 15.9445 3
    endloop
  endfacet
  facet normal 0.734128 -0.679011 0
    outer loop
      vertex 81.0555 15.9445 0
      vertex 80.9089 15.786 3
      vertex 80.9089 15.786 0
    endloop
  endfacet
  facet normal 0.908149 -0.418647 0
    outer loop
      vertex 80.4593 15.0524 3
      vertex 80.5497 15.2485 0
      vertex 80.5497 15.2485 3
    endloop
  endfacet
  facet normal 0.908149 -0.418647 0
    outer loop
      vertex 80.5497 15.2485 0
      vertex 80.4593 15.0524 3
      vertex 80.4593 15.0524 0
    endloop
  endfacet
  facet normal 0.908149 0.418647 0
    outer loop
      vertex 80.5497 12.7515 3
      vertex 80.4593 12.9476 0
      vertex 80.4593 12.9476 3
    endloop
  endfacet
  facet normal 0.908149 0.418647 0
    outer loop
      vertex 80.4593 12.9476 0
      vertex 80.5497 12.7515 3
      vertex 80.5497 12.7515 0
    endloop
  endfacet
  facet normal 0.488589 -0.872514 0
    outer loop
      vertex 81.5631 16.3448 0
      vertex 81.7515 16.4503 3
      vertex 81.5631 16.3448 3
    endloop
  endfacet
  facet normal 0.488589 -0.872514 0
    outer loop
      vertex 81.7515 16.4503 3
      vertex 81.5631 16.3448 0
      vertex 81.7515 16.4503 0
    endloop
  endfacet
  facet normal 0.993055 0.117647 0
    outer loop
      vertex 80.2839 13.5698 3
      vertex 80.2585 13.7842 0
      vertex 80.2585 13.7842 3
    endloop
  endfacet
  facet normal 0.993055 0.117647 0
    outer loop
      vertex 80.2585 13.7842 0
      vertex 80.2839 13.5698 3
      vertex 80.2839 13.5698 0
    endloop
  endfacet
  facet normal 0.194958 0.980812 -0
    outer loop
      vertex 82.5698 11.2839 0
      vertex 82.358 11.326 3
      vertex 82.5698 11.2839 3
    endloop
  endfacet
  facet normal 0.194958 0.980812 0
    outer loop
      vertex 82.358 11.326 3
      vertex 82.5698 11.2839 0
      vertex 82.358 11.326 0
    endloop
  endfacet
  facet normal 0.117647 -0.993055 0
    outer loop
      vertex 82.5698 16.7161 0
      vertex 82.7842 16.7415 3
      vertex 82.5698 16.7161 3
    endloop
  endfacet
  facet normal 0.117647 -0.993055 0
    outer loop
      vertex 82.7842 16.7415 3
      vertex 82.5698 16.7161 0
      vertex 82.7842 16.7415 0
    endloop
  endfacet
  facet normal -0.271416 0.962462 0
    outer loop
      vertex 83.8498 11.3846 0
      vertex 83.642 11.326 3
      vertex 83.8498 11.3846 3
    endloop
  endfacet
  facet normal -0.271416 0.962462 0
    outer loop
      vertex 83.642 11.326 3
      vertex 83.8498 11.3846 0
      vertex 83.642 11.326 0
    endloop
  endfacet
  facet normal 0.679011 0.734128 -0
    outer loop
      vertex 81.214 11.9089 0
      vertex 81.0555 12.0555 3
      vertex 81.214 11.9089 3
    endloop
  endfacet
  facet normal 0.679011 0.734128 0
    outer loop
      vertex 81.0555 12.0555 3
      vertex 81.214 11.9089 0
      vertex 81.0555 12.0555 0
    endloop
  endfacet
  facet normal 0.980812 0.194958 0
    outer loop
      vertex 80.326 13.358 3
      vertex 80.2839 13.5698 0
      vertex 80.2839 13.5698 3
    endloop
  endfacet
  facet normal 0.980812 0.194958 0
    outer loop
      vertex 80.2839 13.5698 0
      vertex 80.326 13.358 3
      vertex 80.326 13.358 0
    endloop
  endfacet
  facet normal 0.980812 -0.194958 0
    outer loop
      vertex 80.2839 14.4302 3
      vertex 80.326 14.642 0
      vertex 80.326 14.642 3
    endloop
  endfacet
  facet normal 0.980812 -0.194958 0
    outer loop
      vertex 80.326 14.642 0
      vertex 80.2839 14.4302 3
      vertex 80.2839 14.4302 0
    endloop
  endfacet
  facet normal 0.555769 -0.831337 0
    outer loop
      vertex 81.3836 16.2248 0
      vertex 81.5631 16.3448 3
      vertex 81.3836 16.2248 3
    endloop
  endfacet
  facet normal 0.555769 -0.831337 0
    outer loop
      vertex 81.5631 16.3448 3
      vertex 81.3836 16.2248 0
      vertex 81.5631 16.3448 0
    endloop
  endfacet
  facet normal -0.908149 0.418647 0
    outer loop
      vertex 85.4503 12.7515 0
      vertex 85.5407 12.9476 3
      vertex 85.5407 12.9476 0
    endloop
  endfacet
  facet normal -0.908149 0.418647 0
    outer loop
      vertex 85.5407 12.9476 3
      vertex 85.4503 12.7515 0
      vertex 85.4503 12.7515 3
    endloop
  endfacet
  facet normal 0.345941 -0.938256 0
    outer loop
      vertex 81.9476 16.5407 0
      vertex 82.1502 16.6154 3
      vertex 81.9476 16.5407 3
    endloop
  endfacet
  facet normal 0.345941 -0.938256 0
    outer loop
      vertex 82.1502 16.6154 3
      vertex 81.9476 16.5407 0
      vertex 82.1502 16.6154 0
    endloop
  endfacet
  facet normal 0.872514 -0.488589 0
    outer loop
      vertex 80.5497 15.2485 3
      vertex 80.6552 15.4369 0
      vertex 80.6552 15.4369 3
    endloop
  endfacet
  facet normal 0.872514 -0.488589 0
    outer loop
      vertex 80.6552 15.4369 0
      vertex 80.5497 15.2485 3
      vertex 80.5497 15.2485 0
    endloop
  endfacet
  facet normal 0.938256 0.345941 0
    outer loop
      vertex 80.4593 12.9476 3
      vertex 80.3846 13.1502 0
      vertex 80.3846 13.1502 3
    endloop
  endfacet
  facet normal 0.938256 0.345941 0
    outer loop
      vertex 80.3846 13.1502 0
      vertex 80.4593 12.9476 3
      vertex 80.4593 12.9476 0
    endloop
  endfacet
  facet normal -0.679011 -0.734128 0
    outer loop
      vertex 84.786 16.0911 0
      vertex 84.9445 15.9445 3
      vertex 84.786 16.0911 3
    endloop
  endfacet
  facet normal -0.679011 -0.734128 -0
    outer loop
      vertex 84.9445 15.9445 3
      vertex 84.786 16.0911 0
      vertex 84.9445 15.9445 0
    endloop
  endfacet
  facet normal 0.0393578 0.999225 -0
    outer loop
      vertex 83 11.25 0
      vertex 82.7842 11.2585 3
      vertex 83 11.25 3
    endloop
  endfacet
  facet normal 0.0393578 0.999225 0
    outer loop
      vertex 82.7842 11.2585 3
      vertex 83 11.25 0
      vertex 82.7842 11.2585 0
    endloop
  endfacet
  facet normal -0.0393578 -0.999225 0
    outer loop
      vertex 83 16.75 0
      vertex 83.2158 16.7415 3
      vertex 83 16.75 3
    endloop
  endfacet
  facet normal -0.0393578 -0.999225 -0
    outer loop
      vertex 83.2158 16.7415 3
      vertex 83 16.75 0
      vertex 83.2158 16.7415 0
    endloop
  endfacet
  facet normal 0.418647 0.908149 -0
    outer loop
      vertex 81.9476 11.4593 0
      vertex 81.7515 11.5497 3
      vertex 81.9476 11.4593 3
    endloop
  endfacet
  facet normal 0.418647 0.908149 0
    outer loop
      vertex 81.7515 11.5497 3
      vertex 81.9476 11.4593 0
      vertex 81.7515 11.5497 0
    endloop
  endfacet
  facet normal 0.999225 0.0393578 0
    outer loop
      vertex 80.2585 13.7842 3
      vertex 80.25 14 0
      vertex 80.25 14 3
    endloop
  endfacet
  facet normal 0.999225 0.0393578 0
    outer loop
      vertex 80.25 14 0
      vertex 80.2585 13.7842 3
      vertex 80.2585 13.7842 0
    endloop
  endfacet
  facet normal 0.271416 0.962462 -0
    outer loop
      vertex 82.358 11.326 0
      vertex 82.1502 11.3846 3
      vertex 82.358 11.326 3
    endloop
  endfacet
  facet normal 0.271416 0.962462 0
    outer loop
      vertex 82.1502 11.3846 3
      vertex 82.358 11.326 0
      vertex 82.1502 11.3846 0
    endloop
  endfacet
  facet normal -0.117647 -0.993055 0
    outer loop
      vertex 83.2158 16.7415 0
      vertex 83.4302 16.7161 3
      vertex 83.2158 16.7415 3
    endloop
  endfacet
  facet normal -0.117647 -0.993055 -0
    outer loop
      vertex 83.4302 16.7161 3
      vertex 83.2158 16.7415 0
      vertex 83.4302 16.7161 0
    endloop
  endfacet
  facet normal -0.555769 0.831337 0
    outer loop
      vertex 84.6164 11.7752 0
      vertex 84.4369 11.6552 3
      vertex 84.6164 11.7752 3
    endloop
  endfacet
  facet normal -0.555769 0.831337 0
    outer loop
      vertex 84.4369 11.6552 3
      vertex 84.6164 11.7752 0
      vertex 84.4369 11.6552 0
    endloop
  endfacet
  facet normal -0.872514 0.488589 0
    outer loop
      vertex 85.3448 12.5631 0
      vertex 85.4503 12.7515 3
      vertex 85.4503 12.7515 0
    endloop
  endfacet
  facet normal -0.872514 0.488589 0
    outer loop
      vertex 85.4503 12.7515 3
      vertex 85.3448 12.5631 0
      vertex 85.3448 12.5631 3
    endloop
  endfacet
  facet normal -0.734128 0.679011 0
    outer loop
      vertex 84.9445 12.0555 0
      vertex 85.0911 12.214 3
      vertex 85.0911 12.214 0
    endloop
  endfacet
  facet normal -0.734128 0.679011 0
    outer loop
      vertex 85.0911 12.214 3
      vertex 84.9445 12.0555 0
      vertex 84.9445 12.0555 3
    endloop
  endfacet
  facet normal 0.872514 0.488589 0
    outer loop
      vertex 80.6552 12.5631 3
      vertex 80.5497 12.7515 0
      vertex 80.5497 12.7515 3
    endloop
  endfacet
  facet normal 0.872514 0.488589 0
    outer loop
      vertex 80.5497 12.7515 0
      vertex 80.6552 12.5631 3
      vertex 80.6552 12.5631 0
    endloop
  endfacet
  facet normal 0.831337 0.555769 0
    outer loop
      vertex 80.7752 12.3836 3
      vertex 80.6552 12.5631 0
      vertex 80.6552 12.5631 3
    endloop
  endfacet
  facet normal 0.831337 0.555769 0
    outer loop
      vertex 80.6552 12.5631 0
      vertex 80.7752 12.3836 3
      vertex 80.7752 12.3836 0
    endloop
  endfacet
  facet normal 0.117647 0.993055 -0
    outer loop
      vertex 82.7842 11.2585 0
      vertex 82.5698 11.2839 3
      vertex 82.7842 11.2585 3
    endloop
  endfacet
  facet normal 0.117647 0.993055 0
    outer loop
      vertex 82.5698 11.2839 3
      vertex 82.7842 11.2585 0
      vertex 82.5698 11.2839 0
    endloop
  endfacet
  facet normal 0.555769 0.831337 -0
    outer loop
      vertex 81.5631 11.6552 0
      vertex 81.3836 11.7752 3
      vertex 81.5631 11.6552 3
    endloop
  endfacet
  facet normal 0.555769 0.831337 0
    outer loop
      vertex 81.3836 11.7752 3
      vertex 81.5631 11.6552 0
      vertex 81.3836 11.7752 0
    endloop
  endfacet
  facet normal -0.418647 0.908149 0
    outer loop
      vertex 84.2485 11.5497 0
      vertex 84.0524 11.4593 3
      vertex 84.2485 11.5497 3
    endloop
  endfacet
  facet normal -0.418647 0.908149 0
    outer loop
      vertex 84.0524 11.4593 3
      vertex 84.2485 11.5497 0
      vertex 84.0524 11.4593 0
    endloop
  endfacet
  facet normal -0.993071 -0.117516 0
    outer loop
      vertex -49.0339 0.86305 0
      vertex -49.1354 1.72078 2.2
      vertex -49.1354 1.72078 0
    endloop
  endfacet
  facet normal -0.993071 -0.117516 0
    outer loop
      vertex -49.1354 1.72078 2.2
      vertex -49.0339 0.86305 0
      vertex -49.0339 0.86305 2.2
    endloop
  endfacet
  facet normal -0.999229 -0.039249 0
    outer loop
      vertex -49 0 0
      vertex -49.0339 0.86305 2.2
      vertex -49.0339 0.86305 0
    endloop
  endfacet
  facet normal -0.999229 -0.039249 0
    outer loop
      vertex -49.0339 0.86305 2.2
      vertex -49 0 0
      vertex -49 0 2.2
    endloop
  endfacet
  facet normal -0.980786 -0.195087 0
    outer loop
      vertex -49.1354 1.72078 0
      vertex -49.3039 2.5679 2.2
      vertex -49.3039 2.5679 0
    endloop
  endfacet
  facet normal -0.980786 -0.195087 0
    outer loop
      vertex -49.3039 2.5679 2.2
      vertex -49.1354 1.72078 0
      vertex -49.1354 1.72078 2.2
    endloop
  endfacet
  facet normal 0.117506 0.993072 -0
    outer loop
      vertex -60.863 -10.9661 0
      vertex -61.7208 -10.8646 2.2
      vertex -60.863 -10.9661 2.2
    endloop
  endfacet
  facet normal 0.117506 0.993072 0
    outer loop
      vertex -61.7208 -10.8646 2.2
      vertex -60.863 -10.9661 0
      vertex -61.7208 -10.8646 0
    endloop
  endfacet
  facet normal -0.999229 0.039249 0
    outer loop
      vertex -49.0339 -0.86305 0
      vertex -49 0 2.2
      vertex -49 0 0
    endloop
  endfacet
  facet normal -0.999229 0.039249 0
    outer loop
      vertex -49 0 2.2
      vertex -49.0339 -0.86305 0
      vertex -49.0339 -0.86305 2.2
    endloop
  endfacet
  facet normal 0.908143 0.41866 0
    outer loop
      vertex -69.8011 -4.99389 2.2
      vertex -70.1627 -4.20952 0
      vertex -70.1627 -4.20952 2.2
    endloop
  endfacet
  facet normal 0.908143 0.41866 0
    outer loop
      vertex -70.1627 -4.20952 0
      vertex -69.8011 -4.99389 2.2
      vertex -69.8011 -4.99389 0
    endloop
  endfacet
  facet normal 0.96244 -0.271496 0
    outer loop
      vertex -70.6961 2.5679 2.2
      vertex -70.4616 3.39919 0
      vertex -70.4616 3.39919 2.2
    endloop
  endfacet
  facet normal 0.96244 -0.271496 0
    outer loop
      vertex -70.4616 3.39919 0
      vertex -70.6961 2.5679 2.2
      vertex -70.6961 2.5679 0
    endloop
  endfacet
  facet normal 0.117506 -0.993072 0
    outer loop
      vertex -61.7208 10.8646 0
      vertex -60.863 10.9661 2.2
      vertex -61.7208 10.8646 2.2
    endloop
  endfacet
  facet normal 0.117506 -0.993072 0
    outer loop
      vertex -60.863 10.9661 2.2
      vertex -61.7208 10.8646 0
      vertex -60.863 10.9661 0
    endloop
  endfacet
  facet normal 0.271493 -0.96244 0
    outer loop
      vertex -63.3992 10.4616 0
      vertex -62.5679 10.6961 2.2
      vertex -63.3992 10.4616 2.2
    endloop
  endfacet
  facet normal 0.271493 -0.96244 0
    outer loop
      vertex -62.5679 10.6961 2.2
      vertex -63.3992 10.4616 0
      vertex -62.5679 10.6961 0
    endloop
  endfacet
  facet normal -0.195092 0.980785 0
    outer loop
      vertex -57.4321 -10.6961 0
      vertex -58.2792 -10.8646 2.2
      vertex -57.4321 -10.6961 2.2
    endloop
  endfacet
  facet normal -0.195092 0.980785 0
    outer loop
      vertex -58.2792 -10.8646 2.2
      vertex -57.4321 -10.6961 0
      vertex -58.2792 -10.8646 0
    endloop
  endfacet
  facet normal -0.346081 -0.938205 0
    outer loop
      vertex -56.6008 10.4616 0
      vertex -55.7905 10.1627 2.2
      vertex -56.6008 10.4616 2.2
    endloop
  endfacet
  facet normal -0.346081 -0.938205 -0
    outer loop
      vertex -55.7905 10.1627 2.2
      vertex -56.6008 10.4616 0
      vertex -55.7905 10.1627 0
    endloop
  endfacet
  facet normal 0.678769 -0.734352 0
    outer loop
      vertex -67.7782 7.77817 0
      vertex -67.1439 8.36446 2.2
      vertex -67.7782 7.77817 2.2
    endloop
  endfacet
  facet normal 0.678769 -0.734352 0
    outer loop
      vertex -67.1439 8.36446 2.2
      vertex -67.7782 7.77817 0
      vertex -67.1439 8.36446 0
    endloop
  endfacet
  facet normal 0.488616 0.872499 -0
    outer loop
      vertex -64.9939 -9.80107 0
      vertex -65.7475 -9.37904 2.2
      vertex -64.9939 -9.80107 2.2
    endloop
  endfacet
  facet normal 0.488616 0.872499 0
    outer loop
      vertex -65.7475 -9.37904 2.2
      vertex -64.9939 -9.80107 0
      vertex -65.7475 -9.37904 0
    endloop
  endfacet
  facet normal -0.488616 0.872499 0
    outer loop
      vertex -54.2525 -9.37904 0
      vertex -55.0061 -9.80107 2.2
      vertex -54.2525 -9.37904 2.2
    endloop
  endfacet
  facet normal -0.488616 0.872499 0
    outer loop
      vertex -55.0061 -9.80107 2.2
      vertex -54.2525 -9.37904 0
      vertex -55.0061 -9.80107 0
    endloop
  endfacet
  facet normal 0.980786 -0.195087 0
    outer loop
      vertex -70.8646 1.72078 2.2
      vertex -70.6961 2.5679 0
      vertex -70.6961 2.5679 2.2
    endloop
  endfacet
  facet normal 0.980786 -0.195087 0
    outer loop
      vertex -70.6961 2.5679 0
      vertex -70.8646 1.72078 2.2
      vertex -70.8646 1.72078 0
    endloop
  endfacet
  facet normal 0.346081 -0.938205 0
    outer loop
      vertex -64.2095 10.1627 0
      vertex -63.3992 10.4616 2.2
      vertex -64.2095 10.1627 2.2
    endloop
  endfacet
  facet normal 0.346081 -0.938205 0
    outer loop
      vertex -63.3992 10.4616 2.2
      vertex -64.2095 10.1627 0
      vertex -63.3992 10.4616 0
    endloop
  endfacet
  facet normal -0.734314 0.67881 0
    outer loop
      vertex -52.2218 -7.77817 0
      vertex -51.6355 -7.14393 2.2
      vertex -51.6355 -7.14393 0
    endloop
  endfacet
  facet normal -0.734314 0.67881 0
    outer loop
      vertex -51.6355 -7.14393 2.2
      vertex -52.2218 -7.77817 0
      vertex -52.2218 -7.77817 2.2
    endloop
  endfacet
  facet normal -0.96244 0.271496 0
    outer loop
      vertex -49.5384 -3.39919 0
      vertex -49.3039 -2.5679 2.2
      vertex -49.3039 -2.5679 0
    endloop
  endfacet
  facet normal -0.96244 0.271496 0
    outer loop
      vertex -49.3039 -2.5679 2.2
      vertex -49.5384 -3.39919 0
      vertex -49.5384 -3.39919 2.2
    endloop
  endfacet
  facet normal -0.993071 0.117516 0
    outer loop
      vertex -49.1354 -1.72078 0
      vertex -49.0339 -0.86305 2.2
      vertex -49.0339 -0.86305 0
    endloop
  endfacet
  facet normal -0.993071 0.117516 0
    outer loop
      vertex -49.0339 -0.86305 2.2
      vertex -49.1354 -1.72078 0
      vertex -49.1354 -1.72078 2.2
    endloop
  endfacet
  facet normal 0.96244 0.271496 0
    outer loop
      vertex -70.4616 -3.39919 2.2
      vertex -70.6961 -2.5679 0
      vertex -70.6961 -2.5679 2.2
    endloop
  endfacet
  facet normal 0.96244 0.271496 0
    outer loop
      vertex -70.6961 -2.5679 0
      vertex -70.4616 -3.39919 2.2
      vertex -70.4616 -3.39919 0
    endloop
  endfacet
  facet normal -0.619095 -0.785316 0
    outer loop
      vertex -53.5344 8.89919 0
      vertex -52.8561 8.36446 2.2
      vertex -53.5344 8.89919 2.2
    endloop
  endfacet
  facet normal -0.619095 -0.785316 -0
    outer loop
      vertex -52.8561 8.36446 2.2
      vertex -53.5344 8.89919 0
      vertex -52.8561 8.36446 0
    endloop
  endfacet
  facet normal 0.555595 0.831453 -0
    outer loop
      vertex -65.7475 -9.37904 0
      vertex -66.4656 -8.89919 2.2
      vertex -65.7475 -9.37904 2.2
    endloop
  endfacet
  facet normal 0.555595 0.831453 0
    outer loop
      vertex -66.4656 -8.89919 2.2
      vertex -65.7475 -9.37904 0
      vertex -66.4656 -8.89919 0
    endloop
  endfacet
  facet normal 0.734314 0.67881 0
    outer loop
      vertex -67.7782 -7.77817 2.2
      vertex -68.3645 -7.14393 0
      vertex -68.3645 -7.14393 2.2
    endloop
  endfacet
  facet normal 0.734314 0.67881 0
    outer loop
      vertex -68.3645 -7.14393 0
      vertex -67.7782 -7.77817 2.2
      vertex -67.7782 -7.77817 0
    endloop
  endfacet
  facet normal 0.831501 -0.555523 0
    outer loop
      vertex -69.379 5.74748 2.2
      vertex -68.8992 6.46564 0
      vertex -68.8992 6.46564 2.2
    endloop
  endfacet
  facet normal 0.831501 -0.555523 0
    outer loop
      vertex -68.8992 6.46564 0
      vertex -69.379 5.74748 2.2
      vertex -69.379 5.74748 0
    endloop
  endfacet
  facet normal -0.0392513 0.999229 0
    outer loop
      vertex -59.137 -10.9661 0
      vertex -60 -11 2.2
      vertex -59.137 -10.9661 2.2
    endloop
  endfacet
  facet normal -0.0392513 0.999229 0
    outer loop
      vertex -60 -11 2.2
      vertex -59.137 -10.9661 0
      vertex -60 -11 0
    endloop
  endfacet
  facet normal 0.980786 0.195087 0
    outer loop
      vertex -70.6961 -2.5679 2.2
      vertex -70.8646 -1.72078 0
      vertex -70.8646 -1.72078 2.2
    endloop
  endfacet
  facet normal 0.980786 0.195087 0
    outer loop
      vertex -70.8646 -1.72078 0
      vertex -70.6961 -2.5679 2.2
      vertex -70.6961 -2.5679 0
    endloop
  endfacet
  facet normal -0.96244 -0.271496 0
    outer loop
      vertex -49.3039 2.5679 0
      vertex -49.5384 3.39919 2.2
      vertex -49.5384 3.39919 0
    endloop
  endfacet
  facet normal -0.96244 -0.271496 0
    outer loop
      vertex -49.5384 3.39919 2.2
      vertex -49.3039 2.5679 0
      vertex -49.3039 2.5679 2.2
    endloop
  endfacet
  facet normal -0.678769 -0.734352 0
    outer loop
      vertex -52.8561 8.36446 0
      vertex -52.2218 7.77817 2.2
      vertex -52.8561 8.36446 2.2
    endloop
  endfacet
  facet normal -0.678769 -0.734352 -0
    outer loop
      vertex -52.2218 7.77817 2.2
      vertex -52.8561 8.36446 0
      vertex -52.2218 7.77817 0
    endloop
  endfacet
  facet normal 0.999229 0.039249 0
    outer loop
      vertex -70.9661 -0.86305 2.2
      vertex -71 0 0
      vertex -71 0 2.2
    endloop
  endfacet
  facet normal 0.999229 0.039249 0
    outer loop
      vertex -71 0 0
      vertex -70.9661 -0.86305 2.2
      vertex -70.9661 -0.86305 0
    endloop
  endfacet
  facet normal 0.734314 -0.67881 0
    outer loop
      vertex -68.3645 7.14393 2.2
      vertex -67.7782 7.77817 0
      vertex -67.7782 7.77817 2.2
    endloop
  endfacet
  facet normal 0.734314 -0.67881 0
    outer loop
      vertex -67.7782 7.77817 0
      vertex -68.3645 7.14393 2.2
      vertex -68.3645 7.14393 0
    endloop
  endfacet
  facet normal 0.418676 -0.908136 0
    outer loop
      vertex -64.9939 9.80107 0
      vertex -64.2095 10.1627 2.2
      vertex -64.9939 9.80107 2.2
    endloop
  endfacet
  facet normal 0.418676 -0.908136 0
    outer loop
      vertex -64.2095 10.1627 2.2
      vertex -64.9939 9.80107 0
      vertex -64.2095 10.1627 0
    endloop
  endfacet
  facet normal 0.993071 -0.117516 0
    outer loop
      vertex -70.9661 0.86305 2.2
      vertex -70.8646 1.72078 0
      vertex -70.8646 1.72078 2.2
    endloop
  endfacet
  facet normal 0.993071 -0.117516 0
    outer loop
      vertex -70.8646 1.72078 0
      vertex -70.9661 0.86305 2.2
      vertex -70.9661 0.86305 0
    endloop
  endfacet
  facet normal 0.678769 0.734352 -0
    outer loop
      vertex -67.1439 -8.36446 0
      vertex -67.7782 -7.77817 2.2
      vertex -67.1439 -8.36446 2.2
    endloop
  endfacet
  facet normal 0.678769 0.734352 0
    outer loop
      vertex -67.7782 -7.77817 2.2
      vertex -67.1439 -8.36446 0
      vertex -67.7782 -7.77817 0
    endloop
  endfacet
  facet normal 0.619095 -0.785316 0
    outer loop
      vertex -67.1439 8.36446 0
      vertex -66.4656 8.89919 2.2
      vertex -67.1439 8.36446 2.2
    endloop
  endfacet
  facet normal 0.619095 -0.785316 0
    outer loop
      vertex -66.4656 8.89919 2.2
      vertex -67.1439 8.36446 0
      vertex -66.4656 8.89919 0
    endloop
  endfacet
  facet normal 0.938209 0.34607 0
    outer loop
      vertex -70.1627 -4.20952 2.2
      vertex -70.4616 -3.39919 0
      vertex -70.4616 -3.39919 2.2
    endloop
  endfacet
  facet normal 0.938209 0.34607 0
    outer loop
      vertex -70.4616 -3.39919 0
      vertex -70.1627 -4.20952 2.2
      vertex -70.1627 -4.20952 0
    endloop
  endfacet
  facet normal 0.0392513 0.999229 -0
    outer loop
      vertex -60 -11 0
      vertex -60.863 -10.9661 2.2
      vertex -60 -11 2.2
    endloop
  endfacet
  facet normal 0.0392513 0.999229 0
    outer loop
      vertex -60.863 -10.9661 2.2
      vertex -60 -11 0
      vertex -60.863 -10.9661 0
    endloop
  endfacet
  facet normal -0.418676 0.908136 0
    outer loop
      vertex -55.0061 -9.80107 0
      vertex -55.7905 -10.1627 2.2
      vertex -55.0061 -9.80107 2.2
    endloop
  endfacet
  facet normal -0.418676 0.908136 0
    outer loop
      vertex -55.7905 -10.1627 2.2
      vertex -55.0061 -9.80107 0
      vertex -55.7905 -10.1627 0
    endloop
  endfacet
  facet normal 0.993071 0.117516 0
    outer loop
      vertex -70.8646 -1.72078 2.2
      vertex -70.9661 -0.86305 0
      vertex -70.9661 -0.86305 2.2
    endloop
  endfacet
  facet normal 0.993071 0.117516 0
    outer loop
      vertex -70.9661 -0.86305 0
      vertex -70.8646 -1.72078 2.2
      vertex -70.8646 -1.72078 0
    endloop
  endfacet
  facet normal -0.980786 0.195087 0
    outer loop
      vertex -49.3039 -2.5679 0
      vertex -49.1354 -1.72078 2.2
      vertex -49.1354 -1.72078 0
    endloop
  endfacet
  facet normal -0.980786 0.195087 0
    outer loop
      vertex -49.1354 -1.72078 2.2
      vertex -49.3039 -2.5679 0
      vertex -49.3039 -2.5679 2.2
    endloop
  endfacet
  facet normal -0.195092 -0.980785 0
    outer loop
      vertex -58.2792 10.8646 0
      vertex -57.4321 10.6961 2.2
      vertex -58.2792 10.8646 2.2
    endloop
  endfacet
  facet normal -0.195092 -0.980785 -0
    outer loop
      vertex -57.4321 10.6961 2.2
      vertex -58.2792 10.8646 0
      vertex -57.4321 10.6961 0
    endloop
  endfacet
  facet normal -0.488616 -0.872499 0
    outer loop
      vertex -55.0061 9.80107 0
      vertex -54.2525 9.37904 2.2
      vertex -55.0061 9.80107 2.2
    endloop
  endfacet
  facet normal -0.488616 -0.872499 -0
    outer loop
      vertex -54.2525 9.37904 2.2
      vertex -55.0061 9.80107 0
      vertex -54.2525 9.37904 0
    endloop
  endfacet
  facet normal 0.785329 0.619079 0
    outer loop
      vertex -68.3645 -7.14393 2.2
      vertex -68.8992 -6.46564 0
      vertex -68.8992 -6.46564 2.2
    endloop
  endfacet
  facet normal 0.785329 0.619079 0
    outer loop
      vertex -68.8992 -6.46564 0
      vertex -68.3645 -7.14393 2.2
      vertex -68.3645 -7.14393 0
    endloop
  endfacet
  facet normal -0.555595 -0.831453 0
    outer loop
      vertex -54.2525 9.37904 0
      vertex -53.5344 8.89919 2.2
      vertex -54.2525 9.37904 2.2
    endloop
  endfacet
  facet normal -0.555595 -0.831453 -0
    outer loop
      vertex -53.5344 8.89919 2.2
      vertex -54.2525 9.37904 0
      vertex -53.5344 8.89919 0
    endloop
  endfacet
  facet normal -0.271493 -0.96244 0
    outer loop
      vertex -57.4321 10.6961 0
      vertex -56.6008 10.4616 2.2
      vertex -57.4321 10.6961 2.2
    endloop
  endfacet
  facet normal -0.271493 -0.96244 -0
    outer loop
      vertex -56.6008 10.4616 2.2
      vertex -57.4321 10.6961 0
      vertex -56.6008 10.4616 0
    endloop
  endfacet
  facet normal -0.418676 -0.908136 0
    outer loop
      vertex -55.7905 10.1627 0
      vertex -55.0061 9.80107 2.2
      vertex -55.7905 10.1627 2.2
    endloop
  endfacet
  facet normal -0.418676 -0.908136 -0
    outer loop
      vertex -55.0061 9.80107 2.2
      vertex -55.7905 10.1627 0
      vertex -55.0061 9.80107 0
    endloop
  endfacet
  facet normal -0.872462 -0.488682 0
    outer loop
      vertex -50.1989 4.99389 0
      vertex -50.621 5.74748 2.2
      vertex -50.621 5.74748 0
    endloop
  endfacet
  facet normal -0.872462 -0.488682 0
    outer loop
      vertex -50.621 5.74748 2.2
      vertex -50.1989 4.99389 0
      vertex -50.1989 4.99389 2.2
    endloop
  endfacet
  facet normal 0.908143 -0.41866 0
    outer loop
      vertex -70.1627 4.20952 2.2
      vertex -69.8011 4.99389 0
      vertex -69.8011 4.99389 2.2
    endloop
  endfacet
  facet normal 0.908143 -0.41866 0
    outer loop
      vertex -69.8011 4.99389 0
      vertex -70.1627 4.20952 2.2
      vertex -70.1627 4.20952 0
    endloop
  endfacet
  facet normal -0.734314 -0.67881 0
    outer loop
      vertex -51.6355 7.14393 0
      vertex -52.2218 7.77817 2.2
      vertex -52.2218 7.77817 0
    endloop
  endfacet
  facet normal -0.734314 -0.67881 0
    outer loop
      vertex -52.2218 7.77817 2.2
      vertex -51.6355 7.14393 0
      vertex -51.6355 7.14393 2.2
    endloop
  endfacet
  facet normal -0.938209 -0.34607 0
    outer loop
      vertex -49.5384 3.39919 0
      vertex -49.8373 4.20952 2.2
      vertex -49.8373 4.20952 0
    endloop
  endfacet
  facet normal -0.938209 -0.34607 0
    outer loop
      vertex -49.8373 4.20952 2.2
      vertex -49.5384 3.39919 0
      vertex -49.5384 3.39919 2.2
    endloop
  endfacet
  facet normal -0.908143 -0.41866 0
    outer loop
      vertex -49.8373 4.20952 0
      vertex -50.1989 4.99389 2.2
      vertex -50.1989 4.99389 0
    endloop
  endfacet
  facet normal -0.908143 -0.41866 0
    outer loop
      vertex -50.1989 4.99389 2.2
      vertex -49.8373 4.20952 0
      vertex -49.8373 4.20952 2.2
    endloop
  endfacet
  facet normal 0.785329 -0.619079 0
    outer loop
      vertex -68.8992 6.46564 2.2
      vertex -68.3645 7.14393 0
      vertex -68.3645 7.14393 2.2
    endloop
  endfacet
  facet normal 0.785329 -0.619079 0
    outer loop
      vertex -68.3645 7.14393 0
      vertex -68.8992 6.46564 2.2
      vertex -68.8992 6.46564 0
    endloop
  endfacet
  facet normal 0.0392513 -0.999229 0
    outer loop
      vertex -60.863 10.9661 0
      vertex -60 11 2.2
      vertex -60.863 10.9661 2.2
    endloop
  endfacet
  facet normal 0.0392513 -0.999229 0
    outer loop
      vertex -60 11 2.2
      vertex -60.863 10.9661 0
      vertex -60 11 0
    endloop
  endfacet
  facet normal -0.271493 0.96244 0
    outer loop
      vertex -56.6008 -10.4616 0
      vertex -57.4321 -10.6961 2.2
      vertex -56.6008 -10.4616 2.2
    endloop
  endfacet
  facet normal -0.271493 0.96244 0
    outer loop
      vertex -57.4321 -10.6961 2.2
      vertex -56.6008 -10.4616 0
      vertex -57.4321 -10.6961 0
    endloop
  endfacet
  facet normal -0.555595 0.831453 0
    outer loop
      vertex -53.5344 -8.89919 0
      vertex -54.2525 -9.37904 2.2
      vertex -53.5344 -8.89919 2.2
    endloop
  endfacet
  facet normal -0.555595 0.831453 0
    outer loop
      vertex -54.2525 -9.37904 2.2
      vertex -53.5344 -8.89919 0
      vertex -54.2525 -9.37904 0
    endloop
  endfacet
  facet normal 0.619095 0.785316 -0
    outer loop
      vertex -66.4656 -8.89919 0
      vertex -67.1439 -8.36446 2.2
      vertex -66.4656 -8.89919 2.2
    endloop
  endfacet
  facet normal 0.619095 0.785316 0
    outer loop
      vertex -67.1439 -8.36446 2.2
      vertex -66.4656 -8.89919 0
      vertex -67.1439 -8.36446 0
    endloop
  endfacet
  facet normal 0.488616 -0.872499 0
    outer loop
      vertex -65.7475 9.37904 0
      vertex -64.9939 9.80107 2.2
      vertex -65.7475 9.37904 2.2
    endloop
  endfacet
  facet normal 0.488616 -0.872499 0
    outer loop
      vertex -64.9939 9.80107 2.2
      vertex -65.7475 9.37904 0
      vertex -64.9939 9.80107 0
    endloop
  endfacet
  facet normal -0.117506 0.993072 0
    outer loop
      vertex -58.2792 -10.8646 0
      vertex -59.137 -10.9661 2.2
      vertex -58.2792 -10.8646 2.2
    endloop
  endfacet
  facet normal -0.117506 0.993072 0
    outer loop
      vertex -59.137 -10.9661 2.2
      vertex -58.2792 -10.8646 0
      vertex -59.137 -10.9661 0
    endloop
  endfacet
  facet normal 0.872462 -0.488682 0
    outer loop
      vertex -69.8011 4.99389 2.2
      vertex -69.379 5.74748 0
      vertex -69.379 5.74748 2.2
    endloop
  endfacet
  facet normal 0.872462 -0.488682 0
    outer loop
      vertex -69.379 5.74748 0
      vertex -69.8011 4.99389 2.2
      vertex -69.8011 4.99389 0
    endloop
  endfacet
  facet normal 0.195092 -0.980785 0
    outer loop
      vertex -62.5679 10.6961 0
      vertex -61.7208 10.8646 2.2
      vertex -62.5679 10.6961 2.2
    endloop
  endfacet
  facet normal 0.195092 -0.980785 0
    outer loop
      vertex -61.7208 10.8646 2.2
      vertex -62.5679 10.6961 0
      vertex -61.7208 10.8646 0
    endloop
  endfacet
  facet normal -0.872462 0.488682 0
    outer loop
      vertex -50.621 -5.74748 0
      vertex -50.1989 -4.99389 2.2
      vertex -50.1989 -4.99389 0
    endloop
  endfacet
  facet normal -0.872462 0.488682 0
    outer loop
      vertex -50.1989 -4.99389 2.2
      vertex -50.621 -5.74748 0
      vertex -50.621 -5.74748 2.2
    endloop
  endfacet
  facet normal 0.555595 -0.831453 0
    outer loop
      vertex -66.4656 8.89919 0
      vertex -65.7475 9.37904 2.2
      vertex -66.4656 8.89919 2.2
    endloop
  endfacet
  facet normal 0.555595 -0.831453 0
    outer loop
      vertex -65.7475 9.37904 2.2
      vertex -66.4656 8.89919 0
      vertex -65.7475 9.37904 0
    endloop
  endfacet
  facet normal -0.346081 0.938205 0
    outer loop
      vertex -55.7905 -10.1627 0
      vertex -56.6008 -10.4616 2.2
      vertex -55.7905 -10.1627 2.2
    endloop
  endfacet
  facet normal -0.346081 0.938205 0
    outer loop
      vertex -56.6008 -10.4616 2.2
      vertex -55.7905 -10.1627 0
      vertex -56.6008 -10.4616 0
    endloop
  endfacet
  facet normal -0.908143 0.41866 0
    outer loop
      vertex -50.1989 -4.99389 0
      vertex -49.8373 -4.20952 2.2
      vertex -49.8373 -4.20952 0
    endloop
  endfacet
  facet normal -0.908143 0.41866 0
    outer loop
      vertex -49.8373 -4.20952 2.2
      vertex -50.1989 -4.99389 0
      vertex -50.1989 -4.99389 2.2
    endloop
  endfacet
  facet normal -0.785329 0.619079 0
    outer loop
      vertex -51.6355 -7.14393 0
      vertex -51.1008 -6.46564 2.2
      vertex -51.1008 -6.46564 0
    endloop
  endfacet
  facet normal -0.785329 0.619079 0
    outer loop
      vertex -51.1008 -6.46564 2.2
      vertex -51.6355 -7.14393 0
      vertex -51.6355 -7.14393 2.2
    endloop
  endfacet
  facet normal -0.938209 0.34607 0
    outer loop
      vertex -49.8373 -4.20952 0
      vertex -49.5384 -3.39919 2.2
      vertex -49.5384 -3.39919 0
    endloop
  endfacet
  facet normal -0.938209 0.34607 0
    outer loop
      vertex -49.5384 -3.39919 2.2
      vertex -49.8373 -4.20952 0
      vertex -49.8373 -4.20952 2.2
    endloop
  endfacet
  facet normal -0.785329 -0.619079 0
    outer loop
      vertex -51.1008 6.46564 0
      vertex -51.6355 7.14393 2.2
      vertex -51.6355 7.14393 0
    endloop
  endfacet
  facet normal -0.785329 -0.619079 0
    outer loop
      vertex -51.6355 7.14393 2.2
      vertex -51.1008 6.46564 0
      vertex -51.1008 6.46564 2.2
    endloop
  endfacet
  facet normal 0.938209 -0.34607 0
    outer loop
      vertex -70.4616 3.39919 2.2
      vertex -70.1627 4.20952 0
      vertex -70.1627 4.20952 2.2
    endloop
  endfacet
  facet normal 0.938209 -0.34607 0
    outer loop
      vertex -70.1627 4.20952 0
      vertex -70.4616 3.39919 2.2
      vertex -70.4616 3.39919 0
    endloop
  endfacet
  facet normal 0.999229 -0.039249 0
    outer loop
      vertex -71 0 2.2
      vertex -70.9661 0.86305 0
      vertex -70.9661 0.86305 2.2
    endloop
  endfacet
  facet normal 0.999229 -0.039249 0
    outer loop
      vertex -70.9661 0.86305 0
      vertex -71 0 2.2
      vertex -71 0 0
    endloop
  endfacet
  facet normal 0.872462 0.488682 0
    outer loop
      vertex -69.379 -5.74748 2.2
      vertex -69.8011 -4.99389 0
      vertex -69.8011 -4.99389 2.2
    endloop
  endfacet
  facet normal 0.872462 0.488682 0
    outer loop
      vertex -69.8011 -4.99389 0
      vertex -69.379 -5.74748 2.2
      vertex -69.379 -5.74748 0
    endloop
  endfacet
  facet normal -0.117506 -0.993072 0
    outer loop
      vertex -59.137 10.9661 0
      vertex -58.2792 10.8646 2.2
      vertex -59.137 10.9661 2.2
    endloop
  endfacet
  facet normal -0.117506 -0.993072 -0
    outer loop
      vertex -58.2792 10.8646 2.2
      vertex -59.137 10.9661 0
      vertex -58.2792 10.8646 0
    endloop
  endfacet
  facet normal -0.831501 -0.555523 0
    outer loop
      vertex -50.621 5.74748 0
      vertex -51.1008 6.46564 2.2
      vertex -51.1008 6.46564 0
    endloop
  endfacet
  facet normal -0.831501 -0.555523 0
    outer loop
      vertex -51.1008 6.46564 2.2
      vertex -50.621 5.74748 0
      vertex -50.621 5.74748 2.2
    endloop
  endfacet
  facet normal 0.346081 0.938205 -0
    outer loop
      vertex -63.3992 -10.4616 0
      vertex -64.2095 -10.1627 2.2
      vertex -63.3992 -10.4616 2.2
    endloop
  endfacet
  facet normal 0.346081 0.938205 0
    outer loop
      vertex -64.2095 -10.1627 2.2
      vertex -63.3992 -10.4616 0
      vertex -64.2095 -10.1627 0
    endloop
  endfacet
  facet normal 0.271493 0.96244 -0
    outer loop
      vertex -62.5679 -10.6961 0
      vertex -63.3992 -10.4616 2.2
      vertex -62.5679 -10.6961 2.2
    endloop
  endfacet
  facet normal 0.271493 0.96244 0
    outer loop
      vertex -63.3992 -10.4616 2.2
      vertex -62.5679 -10.6961 0
      vertex -63.3992 -10.4616 0
    endloop
  endfacet
  facet normal -0.831501 0.555523 0
    outer loop
      vertex -51.1008 -6.46564 0
      vertex -50.621 -5.74748 2.2
      vertex -50.621 -5.74748 0
    endloop
  endfacet
  facet normal -0.831501 0.555523 0
    outer loop
      vertex -50.621 -5.74748 2.2
      vertex -51.1008 -6.46564 0
      vertex -51.1008 -6.46564 2.2
    endloop
  endfacet
  facet normal -0.619095 0.785316 0
    outer loop
      vertex -52.8561 -8.36446 0
      vertex -53.5344 -8.89919 2.2
      vertex -52.8561 -8.36446 2.2
    endloop
  endfacet
  facet normal -0.619095 0.785316 0
    outer loop
      vertex -53.5344 -8.89919 2.2
      vertex -52.8561 -8.36446 0
      vertex -53.5344 -8.89919 0
    endloop
  endfacet
  facet normal 0.195092 0.980785 -0
    outer loop
      vertex -61.7208 -10.8646 0
      vertex -62.5679 -10.6961 2.2
      vertex -61.7208 -10.8646 2.2
    endloop
  endfacet
  facet normal 0.195092 0.980785 0
    outer loop
      vertex -62.5679 -10.6961 2.2
      vertex -61.7208 -10.8646 0
      vertex -62.5679 -10.6961 0
    endloop
  endfacet
  facet normal -0.678769 0.734352 0
    outer loop
      vertex -52.2218 -7.77817 0
      vertex -52.8561 -8.36446 2.2
      vertex -52.2218 -7.77817 2.2
    endloop
  endfacet
  facet normal -0.678769 0.734352 0
    outer loop
      vertex -52.8561 -8.36446 2.2
      vertex -52.2218 -7.77817 0
      vertex -52.8561 -8.36446 0
    endloop
  endfacet
  facet normal -0.0392513 -0.999229 0
    outer loop
      vertex -60 11 0
      vertex -59.137 10.9661 2.2
      vertex -60 11 2.2
    endloop
  endfacet
  facet normal -0.0392513 -0.999229 -0
    outer loop
      vertex -59.137 10.9661 2.2
      vertex -60 11 0
      vertex -59.137 10.9661 0
    endloop
  endfacet
  facet normal 0.831501 0.555523 0
    outer loop
      vertex -68.8992 -6.46564 2.2
      vertex -69.379 -5.74748 0
      vertex -69.379 -5.74748 2.2
    endloop
  endfacet
  facet normal 0.831501 0.555523 0
    outer loop
      vertex -69.379 -5.74748 0
      vertex -68.8992 -6.46564 2.2
      vertex -68.8992 -6.46564 0
    endloop
  endfacet
  facet normal 0.418676 0.908136 -0
    outer loop
      vertex -64.2095 -10.1627 0
      vertex -64.9939 -9.80107 2.2
      vertex -64.2095 -10.1627 2.2
    endloop
  endfacet
  facet normal 0.418676 0.908136 0
    outer loop
      vertex -64.9939 -9.80107 2.2
      vertex -64.2095 -10.1627 0
      vertex -64.9939 -9.80107 0
    endloop
  endfacet
  facet normal -0.520648 0.485406 0.702358
    outer loop
      vertex -51.6355 -7.14393 2.2
      vertex -51.042 -7.6649 3
      vertex -51.0347 -7.65707 3
    endloop
  endfacet
  facet normal -0.522672 0.483165 0.7024
    outer loop
      vertex -51.042 -7.6649 3
      vertex -51.6355 -7.14393 2.2
      vertex -52.2218 -7.77817 2.2
    endloop
  endfacet
  facet normal -0.71121 0.0279358 0.702424
    outer loop
      vertex -49.0339 -0.86305 2.2
      vertex -48.2458 -0.914388 3
      vertex -49 0 2.2
    endloop
  endfacet
  facet normal -0.711274 0.0267045 0.702407
    outer loop
      vertex -48.2458 -0.914388 3
      vertex -49.0339 -0.86305 2.2
      vertex -48.2462 -0.925042 3
    endloop
  endfacet
  facet normal 0.706827 0.0836136 0.702428
    outer loop
      vertex -71.645 -1.84438 3
      vertex -70.8646 -1.72078 2.2
      vertex -71.7525 -0.93563 3
    endloop
  endfacet
  facet normal 0.698087 -0.138856 0.70242
    outer loop
      vertex -71.6429 1.85484 3
      vertex -70.8646 1.72078 2.2
      vertex -70.6961 2.5679 2.2
    endloop
  endfacet
  facet normal 0.697854 -0.140105 0.702403
    outer loop
      vertex -70.8646 1.72078 2.2
      vertex -71.6429 1.85484 3
      vertex -71.645 1.84438 3
    endloop
  endfacet
  facet normal -0.711218 -0.0279233 0.702417
    outer loop
      vertex -48.2099 0 3
      vertex -48.2458 0.914388 3
      vertex -49 0 2.2
    endloop
  endfacet
  facet normal -0.711274 -0.0267045 0.702407
    outer loop
      vertex -49.0339 0.86305 2.2
      vertex -48.2458 0.914388 3
      vertex -48.2462 0.925042 3
    endloop
  endfacet
  facet normal -0.71121 -0.0279358 0.702424
    outer loop
      vertex -48.2458 0.914388 3
      vertex -49.0339 0.86305 2.2
      vertex -49 0 2.2
    endloop
  endfacet
  facet normal 0.48422 -0.521673 0.702416
    outer loop
      vertex -67.6649 8.95804 3
      vertex -67.1439 8.36446 2.2
      vertex -67.6571 8.96528 3
    endloop
  endfacet
  facet normal 0.483112 -0.522672 0.702436
    outer loop
      vertex -67.1439 8.36446 2.2
      vertex -67.6649 8.95804 3
      vertex -67.7782 7.77817 2.2
    endloop
  endfacet
  facet normal -0.294057 -0.648263 0.702343
    outer loop
      vertex -54.6571 10.5095 3
      vertex -55.0061 9.80107 2.2
      vertex -54.6474 10.5051 3
    endloop
  endfacet
  facet normal -0.298003 -0.64639 0.702406
    outer loop
      vertex -55.0061 9.80107 2.2
      vertex -54.6571 10.5095 3
      vertex -55.7905 10.1627 2.2
    endloop
  endfacet
  facet normal 0.522672 0.483165 0.7024
    outer loop
      vertex -68.3645 -7.14393 2.2
      vertex -68.958 -7.6649 3
      vertex -67.7782 -7.77817 2.2
    endloop
  endfacet
  facet normal 0.520648 0.485406 0.702358
    outer loop
      vertex -68.958 -7.6649 3
      vertex -68.3645 -7.14393 2.2
      vertex -68.9653 -7.65707 3
    endloop
  endfacet
  facet normal -0.646346 0.298036 0.702433
    outer loop
      vertex -49.4905 -5.34292 3
      vertex -49.1073 -4.51188 3
      vertex -49.8373 -4.20952 2.2
    endloop
  endfacet
  facet normal -0.59184 0.395406 0.702409
    outer loop
      vertex -51.1008 -6.46564 2.2
      vertex -50.4557 -6.9212 3
      vertex -50.621 -5.74748 2.2
    endloop
  endfacet
  facet normal -0.592449 0.39452 0.702395
    outer loop
      vertex -50.4557 -6.9212 3
      vertex -51.1008 -6.46564 2.2
      vertex -50.4616 -6.93006 3
    endloop
  endfacet
  facet normal 0.246333 0.667795 0.702403
    outer loop
      vertex -64.2095 -10.1627 2.2
      vertex -64.5019 -10.8963 3
      vertex -63.3992 -10.4616 2.2
    endloop
  endfacet
  facet normal 0.241121 0.669782 0.70232
    outer loop
      vertex -64.5019 -10.8963 3
      vertex -64.2095 -10.1627 2.2
      vertex -64.5119 -10.8927 3
    endloop
  endfacet
  facet normal -0.698081 0.138837 0.70243
    outer loop
      vertex -48.5356 -2.75235 3
      vertex -48.3571 -1.85484 3
      vertex -49.3039 -2.5679 2.2
    endloop
  endfacet
  facet normal -0.395416 0.591837 0.702406
    outer loop
      vertex -53.8397 -10.0527 3
      vertex -53.0788 -9.54433 3
      vertex -54.2525 -9.37904 2.2
    endloop
  endfacet
  facet normal 0.246379 -0.667742 0.702437
    outer loop
      vertex -63.3992 10.4616 2.2
      vertex -63.6433 11.2131 3
      vertex -64.5019 10.8963 3
    endloop
  endfacet
  facet normal -0.685029 0.193203 0.70243
    outer loop
      vertex -48.784 -3.63309 3
      vertex -48.5356 -2.75235 3
      vertex -49.3039 -2.5679 2.2
    endloop
  endfacet
  facet normal -0.706509 0.0867455 0.702368
    outer loop
      vertex -49.0339 -0.86305 2.2
      vertex -48.2475 -0.93563 3
      vertex -48.2462 -0.925042 3
    endloop
  endfacet
  facet normal -0.706839 0.0836442 0.702412
    outer loop
      vertex -48.2475 -0.93563 3
      vertex -49.0339 -0.86305 2.2
      vertex -49.1354 -1.72078 2.2
    endloop
  endfacet
  facet normal -0.0268402 0.711266 0.70241
    outer loop
      vertex -59.137 -10.9661 2.2
      vertex -59.0856 -11.7542 3
      vertex -59.075 -11.7538 3
    endloop
  endfacet
  facet normal -0.0279374 0.711209 0.702425
    outer loop
      vertex -59.0856 -11.7542 3
      vertex -59.137 -10.9661 2.2
      vertex -60 -11 2.2
    endloop
  endfacet
  facet normal 0.706827 -0.0836136 0.702428
    outer loop
      vertex -70.8646 1.72078 2.2
      vertex -71.645 1.84438 3
      vertex -71.7525 0.93563 3
    endloop
  endfacet
  facet normal 0.347351 -0.621224 0.702444
    outer loop
      vertex -65.3619 10.4999 3
      vertex -64.9939 9.80107 2.2
      vertex -65.3526 10.5051 3
    endloop
  endfacet
  facet normal 0.34777 -0.620997 0.702438
    outer loop
      vertex -64.9939 9.80107 2.2
      vertex -65.3619 10.4999 3
      vertex -65.7475 9.37904 2.2
    endloop
  endfacet
  facet normal -0.0836091 -0.706827 0.702428
    outer loop
      vertex -58.2792 10.8646 2.2
      vertex -58.1556 11.645 3
      vertex -59.0644 11.7525 3
    endloop
  endfacet
  facet normal 0.138839 0.698085 0.702425
    outer loop
      vertex -61.8548 -11.6429 3
      vertex -62.5679 -10.6961 2.2
      vertex -62.7523 -11.4644 3
    endloop
  endfacet
  facet normal 0.667728 0.246393 0.702446
    outer loop
      vertex -70.8963 -4.50188 3
      vertex -70.4616 -3.39919 2.2
      vertex -71.2131 -3.64335 3
    endloop
  endfacet
  facet normal 0.620977 0.347818 0.702432
    outer loop
      vertex -70.0527 -6.16032 3
      vertex -69.379 -5.74748 2.2
      vertex -70.4999 -5.36191 3
    endloop
  endfacet
  facet normal 0.669787 -0.241123 0.702314
    outer loop
      vertex -70.8963 4.50188 3
      vertex -70.1627 4.20952 2.2
      vertex -70.8927 4.51188 3
    endloop
  endfacet
  facet normal 0.667804 -0.246327 0.702396
    outer loop
      vertex -70.1627 4.20952 2.2
      vertex -70.8963 4.50188 3
      vertex -70.4616 3.39919 2.2
    endloop
  endfacet
  facet normal 0.0866484 0.706518 0.702371
    outer loop
      vertex -60.863 -10.9661 2.2
      vertex -60.9356 -11.7525 3
      vertex -60.925 -11.7538 3
    endloop
  endfacet
  facet normal 0.0836374 0.706839 0.702413
    outer loop
      vertex -60.9356 -11.7525 3
      vertex -60.863 -10.9661 2.2
      vertex -61.7208 -10.8646 2.2
    endloop
  endfacet
  facet normal 0.522685 -0.483109 0.702428
    outer loop
      vertex -67.7782 7.77817 2.2
      vertex -68.3369 8.33688 3
      vertex -68.958 7.6649 3
    endloop
  endfacet
  facet normal -0.558971 0.440633 0.70242
    outer loop
      vertex -51.0347 -7.65707 3
      vertex -50.4682 -6.93843 3
      vertex -51.6355 -7.14393 2.2
    endloop
  endfacet
  facet normal 0.0279229 -0.711218 0.702417
    outer loop
      vertex -60 11 2.2
      vertex -60 11.7901 3
      vertex -60.9144 11.7542 3
    endloop
  endfacet
  facet normal -0.522685 0.483109 0.702428
    outer loop
      vertex -51.6631 -8.33688 3
      vertex -51.042 -7.6649 3
      vertex -52.2218 -7.77817 2.2
    endloop
  endfacet
  facet normal -0.706827 0.0836136 0.702428
    outer loop
      vertex -48.355 -1.84438 3
      vertex -48.2475 -0.93563 3
      vertex -49.1354 -1.72078 2.2
    endloop
  endfacet
  facet normal -0.711218 0.0279233 0.702417
    outer loop
      vertex -48.2458 -0.914388 3
      vertex -48.2099 0 3
      vertex -49 0 2.2
    endloop
  endfacet
  facet normal -0.0836091 0.706827 0.702428
    outer loop
      vertex -58.1556 -11.645 3
      vertex -58.2792 -10.8646 2.2
      vertex -59.0644 -11.7525 3
    endloop
  endfacet
  facet normal 0.19323 0.685 0.702451
    outer loop
      vertex -63.3992 -10.4616 2.2
      vertex -63.6331 -11.216 3
      vertex -62.5679 -10.6961 2.2
    endloop
  endfacet
  facet normal 0.194636 0.684583 0.702469
    outer loop
      vertex -63.6331 -11.216 3
      vertex -63.3992 -10.4616 2.2
      vertex -63.6433 -11.2131 3
    endloop
  endfacet
  facet normal -0.298045 0.646334 0.70244
    outer loop
      vertex -55.4881 -10.8927 3
      vertex -54.6571 -10.5095 3
      vertex -55.7905 -10.1627 2.2
    endloop
  endfacet
  facet normal 0.620977 -0.347821 0.70243
    outer loop
      vertex -70.4999 5.36191 3
      vertex -69.8011 4.99389 2.2
      vertex -69.379 5.74748 2.2
    endloop
  endfacet
  facet normal 0.621386 -0.347068 0.702441
    outer loop
      vertex -69.8011 4.99389 2.2
      vertex -70.4999 5.36191 3
      vertex -70.5051 5.3526 3
    endloop
  endfacet
  facet normal -0.347833 -0.620996 0.702407
    outer loop
      vertex -54.2525 9.37904 2.2
      vertex -53.8397 10.0527 3
      vertex -54.6381 10.4999 3
    endloop
  endfacet
  facet normal -0.621386 -0.347068 0.702441
    outer loop
      vertex -49.5001 5.36191 3
      vertex -50.1989 4.99389 2.2
      vertex -49.4949 5.3526 3
    endloop
  endfacet
  facet normal -0.620977 -0.347821 0.70243
    outer loop
      vertex -50.1989 4.99389 2.2
      vertex -49.5001 5.36191 3
      vertex -50.621 5.74748 2.2
    endloop
  endfacet
  facet normal 0.395416 0.591837 0.702406
    outer loop
      vertex -66.1603 -10.0527 3
      vertex -65.7475 -9.37904 2.2
      vertex -66.9212 -9.54433 3
    endloop
  endfacet
  facet normal -0.646401 0.297995 0.702399
    outer loop
      vertex -50.1989 -4.99389 2.2
      vertex -49.4905 -5.34292 3
      vertex -49.8373 -4.20952 2.2
    endloop
  endfacet
  facet normal -0.648032 0.29456 0.702345
    outer loop
      vertex -49.4905 -5.34292 3
      vertex -50.1989 -4.99389 2.2
      vertex -49.4949 -5.3526 3
    endloop
  endfacet
  facet normal -0.138839 0.698085 0.702425
    outer loop
      vertex -57.2477 -11.4644 3
      vertex -57.4321 -10.6961 2.2
      vertex -58.1452 -11.6429 3
    endloop
  endfacet
  facet normal 0.298003 -0.64639 0.702406
    outer loop
      vertex -65.3429 10.5095 3
      vertex -64.9939 9.80107 2.2
      vertex -64.2095 10.1627 2.2
    endloop
  endfacet
  facet normal 0.294057 -0.648263 0.702343
    outer loop
      vertex -64.9939 9.80107 2.2
      vertex -65.3429 10.5095 3
      vertex -65.3526 10.5051 3
    endloop
  endfacet
  facet normal -0.684999 0.193233 0.702451
    outer loop
      vertex -49.5384 -3.39919 2.2
      vertex -48.784 -3.63309 3
      vertex -49.3039 -2.5679 2.2
    endloop
  endfacet
  facet normal -0.684895 0.193586 0.702455
    outer loop
      vertex -48.784 -3.63309 3
      vertex -49.5384 -3.39919 2.2
      vertex -48.7869 -3.64335 3
    endloop
  endfacet
  facet normal 0.698081 -0.138837 0.70243
    outer loop
      vertex -70.6961 2.5679 2.2
      vertex -71.4644 2.75235 3
      vertex -71.6429 1.85484 3
    endloop
  endfacet
  facet normal -0.591802 0.395426 0.702431
    outer loop
      vertex -50.4557 -6.9212 3
      vertex -49.9473 -6.16032 3
      vertex -50.621 -5.74748 2.2
    endloop
  endfacet
  facet normal -0.697854 0.140105 0.702403
    outer loop
      vertex -49.1354 -1.72078 2.2
      vertex -48.3571 -1.85484 3
      vertex -48.355 -1.84438 3
    endloop
  endfacet
  facet normal -0.698087 0.138856 0.70242
    outer loop
      vertex -48.3571 -1.85484 3
      vertex -49.1354 -1.72078 2.2
      vertex -49.3039 -2.5679 2.2
    endloop
  endfacet
  facet normal 0.646346 0.298036 0.702433
    outer loop
      vertex -70.5095 -5.34292 3
      vertex -70.1627 -4.20952 2.2
      vertex -70.8927 -4.51188 3
    endloop
  endfacet
  facet normal 0.347351 0.621224 0.702444
    outer loop
      vertex -64.9939 -9.80107 2.2
      vertex -65.3619 -10.4999 3
      vertex -65.3526 -10.5051 3
    endloop
  endfacet
  facet normal 0.34777 0.620997 0.702438
    outer loop
      vertex -65.3619 -10.4999 3
      vertex -64.9939 -9.80107 2.2
      vertex -65.7475 -9.37904 2.2
    endloop
  endfacet
  facet normal 0.0836091 -0.706827 0.702428
    outer loop
      vertex -61.7208 10.8646 2.2
      vertex -60.9356 11.7525 3
      vertex -61.8444 11.645 3
    endloop
  endfacet
  facet normal -0.483126 0.522669 0.702429
    outer loop
      vertex -51.6631 -8.33688 3
      vertex -52.2218 -7.77817 2.2
      vertex -52.3351 -8.95804 3
    endloop
  endfacet
  facet normal -0.621386 0.347068 0.702441
    outer loop
      vertex -50.1989 -4.99389 2.2
      vertex -49.5001 -5.36191 3
      vertex -49.4949 -5.3526 3
    endloop
  endfacet
  facet normal -0.620977 0.347821 0.70243
    outer loop
      vertex -49.5001 -5.36191 3
      vertex -50.1989 -4.99389 2.2
      vertex -50.621 -5.74748 2.2
    endloop
  endfacet
  facet normal 0.591802 0.395426 0.702431
    outer loop
      vertex -69.5443 -6.9212 3
      vertex -69.379 -5.74748 2.2
      vertex -70.0527 -6.16032 3
    endloop
  endfacet
  facet normal -0.667728 -0.246393 0.702446
    outer loop
      vertex -48.7869 3.64335 3
      vertex -49.1037 4.50188 3
      vertex -49.5384 3.39919 2.2
    endloop
  endfacet
  facet normal -0.440644 0.558953 0.702427
    outer loop
      vertex -53.5344 -8.89919 2.2
      vertex -53.0616 -9.53181 3
      vertex -52.8561 -8.36446 2.2
    endloop
  endfacet
  facet normal -0.443017 0.557127 0.702385
    outer loop
      vertex -53.0616 -9.53181 3
      vertex -53.5344 -8.89919 2.2
      vertex -53.0699 -9.53841 3
    endloop
  endfacet
  facet normal 0.667804 0.246327 0.702396
    outer loop
      vertex -70.8963 -4.50188 3
      vertex -70.1627 -4.20952 2.2
      vertex -70.4616 -3.39919 2.2
    endloop
  endfacet
  facet normal 0.669787 0.241123 0.702314
    outer loop
      vertex -70.1627 -4.20952 2.2
      vertex -70.8963 -4.50188 3
      vertex -70.8927 -4.51188 3
    endloop
  endfacet
  facet normal 0.0836091 0.706827 0.702428
    outer loop
      vertex -60.9356 -11.7525 3
      vertex -61.7208 -10.8646 2.2
      vertex -61.8444 -11.645 3
    endloop
  endfacet
  facet normal 0.193192 -0.685038 0.702424
    outer loop
      vertex -62.5679 10.6961 2.2
      vertex -62.7523 11.4644 3
      vertex -63.6331 11.216 3
    endloop
  endfacet
  facet normal -0.13886 0.698091 0.702415
    outer loop
      vertex -58.2792 -10.8646 2.2
      vertex -58.1452 -11.6429 3
      vertex -57.4321 -10.6961 2.2
    endloop
  endfacet
  facet normal -0.140885 0.697714 0.702387
    outer loop
      vertex -58.1452 -11.6429 3
      vertex -58.2792 -10.8646 2.2
      vertex -58.1556 -11.645 3
    endloop
  endfacet
  facet normal -0.138839 -0.698085 0.702425
    outer loop
      vertex -57.4321 10.6961 2.2
      vertex -57.2477 11.4644 3
      vertex -58.1452 11.6429 3
    endloop
  endfacet
  facet normal -0.394203 0.592636 0.702415
    outer loop
      vertex -53.5344 -8.89919 2.2
      vertex -53.0788 -9.54433 3
      vertex -53.0699 -9.53841 3
    endloop
  endfacet
  facet normal -0.395443 0.591785 0.702435
    outer loop
      vertex -53.0788 -9.54433 3
      vertex -53.5344 -8.89919 2.2
      vertex -54.2525 -9.37904 2.2
    endloop
  endfacet
  facet normal 0.706509 -0.0867455 0.702368
    outer loop
      vertex -70.9661 0.86305 2.2
      vertex -71.7525 0.93563 3
      vertex -71.7538 0.925042 3
    endloop
  endfacet
  facet normal 0.706839 -0.0836442 0.702412
    outer loop
      vertex -71.7525 0.93563 3
      vertex -70.9661 0.86305 2.2
      vertex -70.8646 1.72078 2.2
    endloop
  endfacet
  facet normal -0.347833 0.620996 0.702407
    outer loop
      vertex -53.8397 -10.0527 3
      vertex -54.2525 -9.37904 2.2
      vertex -54.6381 -10.4999 3
    endloop
  endfacet
  facet normal -0.591802 -0.395426 0.702431
    outer loop
      vertex -49.9473 6.16032 3
      vertex -50.4557 6.9212 3
      vertex -50.621 5.74748 2.2
    endloop
  endfacet
  facet normal 0.347833 -0.620996 0.702407
    outer loop
      vertex -65.7475 9.37904 2.2
      vertex -65.3619 10.4999 3
      vertex -66.1603 10.0527 3
    endloop
  endfacet
  facet normal 0.0279374 0.711209 0.702425
    outer loop
      vertex -60.863 -10.9661 2.2
      vertex -60.9144 -11.7542 3
      vertex -60 -11 2.2
    endloop
  endfacet
  facet normal 0.0268402 0.711266 0.70241
    outer loop
      vertex -60.9144 -11.7542 3
      vertex -60.863 -10.9661 2.2
      vertex -60.925 -11.7538 3
    endloop
  endfacet
  facet normal -0.669787 -0.241123 0.702314
    outer loop
      vertex -49.8373 4.20952 2.2
      vertex -49.1037 4.50188 3
      vertex -49.1073 4.51188 3
    endloop
  endfacet
  facet normal -0.667804 -0.246327 0.702396
    outer loop
      vertex -49.1037 4.50188 3
      vertex -49.8373 4.20952 2.2
      vertex -49.5384 3.39919 2.2
    endloop
  endfacet
  facet normal 0.0836374 -0.706839 0.702413
    outer loop
      vertex -60.863 10.9661 2.2
      vertex -60.9356 11.7525 3
      vertex -61.7208 10.8646 2.2
    endloop
  endfacet
  facet normal 0.0866484 -0.706518 0.702371
    outer loop
      vertex -60.9356 11.7525 3
      vertex -60.863 10.9661 2.2
      vertex -60.925 11.7538 3
    endloop
  endfacet
  facet normal 0.140885 0.697714 0.702387
    outer loop
      vertex -61.7208 -10.8646 2.2
      vertex -61.8548 -11.6429 3
      vertex -61.8444 -11.645 3
    endloop
  endfacet
  facet normal 0.13886 0.698091 0.702415
    outer loop
      vertex -61.8548 -11.6429 3
      vertex -61.7208 -10.8646 2.2
      vertex -62.5679 -10.6961 2.2
    endloop
  endfacet
  facet normal 0.298045 0.646334 0.70244
    outer loop
      vertex -64.5119 -10.8927 3
      vertex -64.2095 -10.1627 2.2
      vertex -65.3429 -10.5095 3
    endloop
  endfacet
  facet normal 0.193192 0.685038 0.702424
    outer loop
      vertex -62.7523 -11.4644 3
      vertex -62.5679 -10.6961 2.2
      vertex -63.6331 -11.216 3
    endloop
  endfacet
  facet normal -0.55891 0.440717 0.702416
    outer loop
      vertex -51.1008 -6.46564 2.2
      vertex -50.4682 -6.93843 3
      vertex -50.4616 -6.93006 3
    endloop
  endfacet
  facet normal -0.55897 0.440639 0.702417
    outer loop
      vertex -50.4682 -6.93843 3
      vertex -51.1008 -6.46564 2.2
      vertex -51.6355 -7.14393 2.2
    endloop
  endfacet
  facet normal 0.440611 -0.558959 0.702444
    outer loop
      vertex -67.1439 8.36446 2.2
      vertex -66.9384 9.53181 3
      vertex -67.6571 8.96528 3
    endloop
  endfacet
  facet normal 0.395443 0.591785 0.702435
    outer loop
      vertex -66.4656 -8.89919 2.2
      vertex -66.9212 -9.54433 3
      vertex -65.7475 -9.37904 2.2
    endloop
  endfacet
  facet normal 0.394203 0.592636 0.702415
    outer loop
      vertex -66.9212 -9.54433 3
      vertex -66.4656 -8.89919 2.2
      vertex -66.9301 -9.53841 3
    endloop
  endfacet
  facet normal -0.294057 0.648263 0.702343
    outer loop
      vertex -55.0061 -9.80107 2.2
      vertex -54.6571 -10.5095 3
      vertex -54.6474 -10.5051 3
    endloop
  endfacet
  facet normal -0.298003 0.64639 0.702406
    outer loop
      vertex -54.6571 -10.5095 3
      vertex -55.0061 -9.80107 2.2
      vertex -55.7905 -10.1627 2.2
    endloop
  endfacet
  facet normal -0.667728 0.246393 0.702446
    outer loop
      vertex -49.1037 -4.50188 3
      vertex -48.7869 -3.64335 3
      vertex -49.5384 -3.39919 2.2
    endloop
  endfacet
  facet normal 0.711274 -0.0267045 0.702407
    outer loop
      vertex -71.7542 0.914388 3
      vertex -70.9661 0.86305 2.2
      vertex -71.7538 0.925042 3
    endloop
  endfacet
  facet normal 0.71121 -0.0279358 0.702424
    outer loop
      vertex -70.9661 0.86305 2.2
      vertex -71.7542 0.914388 3
      vertex -71 0 2.2
    endloop
  endfacet
  facet normal -0.194636 0.684583 0.702469
    outer loop
      vertex -56.6008 -10.4616 2.2
      vertex -56.3669 -11.216 3
      vertex -56.3567 -11.2131 3
    endloop
  endfacet
  facet normal -0.19323 0.685 0.702451
    outer loop
      vertex -56.3669 -11.216 3
      vertex -56.6008 -10.4616 2.2
      vertex -57.4321 -10.6961 2.2
    endloop
  endfacet
  facet normal -0.193192 0.685038 0.702424
    outer loop
      vertex -57.2477 -11.4644 3
      vertex -56.3669 -11.216 3
      vertex -57.4321 -10.6961 2.2
    endloop
  endfacet
  facet normal -0.667804 0.246327 0.702396
    outer loop
      vertex -49.8373 -4.20952 2.2
      vertex -49.1037 -4.50188 3
      vertex -49.5384 -3.39919 2.2
    endloop
  endfacet
  facet normal -0.669787 0.241123 0.702314
    outer loop
      vertex -49.1037 -4.50188 3
      vertex -49.8373 -4.20952 2.2
      vertex -49.1073 -4.51188 3
    endloop
  endfacet
  facet normal -0.620977 0.347818 0.702432
    outer loop
      vertex -49.9473 -6.16032 3
      vertex -49.5001 -5.36191 3
      vertex -50.621 -5.74748 2.2
    endloop
  endfacet
  facet normal -0.440611 0.558959 0.702444
    outer loop
      vertex -52.3429 -8.96528 3
      vertex -52.8561 -8.36446 2.2
      vertex -53.0616 -9.53181 3
    endloop
  endfacet
  facet normal -0.483112 0.522672 0.702436
    outer loop
      vertex -52.8561 -8.36446 2.2
      vertex -52.3351 -8.95804 3
      vertex -52.2218 -7.77817 2.2
    endloop
  endfacet
  facet normal -0.48422 0.521673 0.702416
    outer loop
      vertex -52.3351 -8.95804 3
      vertex -52.8561 -8.36446 2.2
      vertex -52.3429 -8.96528 3
    endloop
  endfacet
  facet normal -0.0836374 0.706839 0.702413
    outer loop
      vertex -59.137 -10.9661 2.2
      vertex -59.0644 -11.7525 3
      vertex -58.2792 -10.8646 2.2
    endloop
  endfacet
  facet normal -0.0866484 0.706518 0.702371
    outer loop
      vertex -59.0644 -11.7525 3
      vertex -59.137 -10.9661 2.2
      vertex -59.075 -11.7538 3
    endloop
  endfacet
  facet normal 0.0268402 -0.711266 0.70241
    outer loop
      vertex -60.863 10.9661 2.2
      vertex -60.9144 11.7542 3
      vertex -60.925 11.7538 3
    endloop
  endfacet
  facet normal 0.0279374 -0.711209 0.702425
    outer loop
      vertex -60.9144 11.7542 3
      vertex -60.863 10.9661 2.2
      vertex -60 11 2.2
    endloop
  endfacet
  facet normal 0.522672 -0.483165 0.7024
    outer loop
      vertex -68.958 7.6649 3
      vertex -68.3645 7.14393 2.2
      vertex -67.7782 7.77817 2.2
    endloop
  endfacet
  facet normal 0.520648 -0.485406 0.702358
    outer loop
      vertex -68.3645 7.14393 2.2
      vertex -68.958 7.6649 3
      vertex -68.9653 7.65707 3
    endloop
  endfacet
  facet normal 0.646401 0.297995 0.702399
    outer loop
      vertex -70.5095 -5.34292 3
      vertex -69.8011 -4.99389 2.2
      vertex -70.1627 -4.20952 2.2
    endloop
  endfacet
  facet normal 0.648032 0.29456 0.702345
    outer loop
      vertex -69.8011 -4.99389 2.2
      vertex -70.5095 -5.34292 3
      vertex -70.5051 -5.3526 3
    endloop
  endfacet
  facet normal 0.558971 -0.440633 0.70242
    outer loop
      vertex -68.3645 7.14393 2.2
      vertex -68.9653 7.65707 3
      vertex -69.5318 6.93843 3
    endloop
  endfacet
  facet normal 0.620977 -0.347818 0.702432
    outer loop
      vertex -69.379 5.74748 2.2
      vertex -70.0527 6.16032 3
      vertex -70.4999 5.36191 3
    endloop
  endfacet
  facet normal 0.347833 0.620996 0.702407
    outer loop
      vertex -65.3619 -10.4999 3
      vertex -65.7475 -9.37904 2.2
      vertex -66.1603 -10.0527 3
    endloop
  endfacet
  facet normal 0.706509 0.0867455 0.702368
    outer loop
      vertex -71.7525 -0.93563 3
      vertex -70.9661 -0.86305 2.2
      vertex -71.7538 -0.925042 3
    endloop
  endfacet
  facet normal 0.706839 0.0836442 0.702412
    outer loop
      vertex -70.9661 -0.86305 2.2
      vertex -71.7525 -0.93563 3
      vertex -70.8646 -1.72078 2.2
    endloop
  endfacet
  facet normal 0.620977 0.347821 0.70243
    outer loop
      vertex -69.8011 -4.99389 2.2
      vertex -70.4999 -5.36191 3
      vertex -69.379 -5.74748 2.2
    endloop
  endfacet
  facet normal 0.621386 0.347068 0.702441
    outer loop
      vertex -70.4999 -5.36191 3
      vertex -69.8011 -4.99389 2.2
      vertex -70.5051 -5.3526 3
    endloop
  endfacet
  facet normal 0.71121 0.0279358 0.702424
    outer loop
      vertex -71.7542 -0.914388 3
      vertex -70.9661 -0.86305 2.2
      vertex -71 0 2.2
    endloop
  endfacet
  facet normal 0.711274 0.0267045 0.702407
    outer loop
      vertex -70.9661 -0.86305 2.2
      vertex -71.7542 -0.914388 3
      vertex -71.7538 -0.925042 3
    endloop
  endfacet
  facet normal 0.0279229 0.711218 0.702417
    outer loop
      vertex -60 -11.7901 3
      vertex -60 -11 2.2
      vertex -60.9144 -11.7542 3
    endloop
  endfacet
  facet normal 0.685029 -0.193203 0.70243
    outer loop
      vertex -70.6961 2.5679 2.2
      vertex -71.216 3.63309 3
      vertex -71.4644 2.75235 3
    endloop
  endfacet
  facet normal -0.0279229 0.711218 0.702417
    outer loop
      vertex -59.0856 -11.7542 3
      vertex -60 -11 2.2
      vertex -60 -11.7901 3
    endloop
  endfacet
  facet normal 0.395416 -0.591837 0.702406
    outer loop
      vertex -65.7475 9.37904 2.2
      vertex -66.1603 10.0527 3
      vertex -66.9212 9.54433 3
    endloop
  endfacet
  facet normal 0.395443 -0.591785 0.702435
    outer loop
      vertex -66.9212 9.54433 3
      vertex -66.4656 8.89919 2.2
      vertex -65.7475 9.37904 2.2
    endloop
  endfacet
  facet normal 0.394203 -0.592636 0.702415
    outer loop
      vertex -66.4656 8.89919 2.2
      vertex -66.9212 9.54433 3
      vertex -66.9301 9.53841 3
    endloop
  endfacet
  facet normal -0.48422 -0.521673 0.702416
    outer loop
      vertex -52.8561 8.36446 2.2
      vertex -52.3351 8.95804 3
      vertex -52.3429 8.96528 3
    endloop
  endfacet
  facet normal -0.483112 -0.522672 0.702436
    outer loop
      vertex -52.3351 8.95804 3
      vertex -52.8561 8.36446 2.2
      vertex -52.2218 7.77817 2.2
    endloop
  endfacet
  facet normal 0.685029 0.193203 0.70243
    outer loop
      vertex -71.216 -3.63309 3
      vertex -70.6961 -2.5679 2.2
      vertex -71.4644 -2.75235 3
    endloop
  endfacet
  facet normal 0.684999 0.193233 0.702451
    outer loop
      vertex -71.216 -3.63309 3
      vertex -70.4616 -3.39919 2.2
      vertex -70.6961 -2.5679 2.2
    endloop
  endfacet
  facet normal 0.684895 0.193586 0.702455
    outer loop
      vertex -70.4616 -3.39919 2.2
      vertex -71.216 -3.63309 3
      vertex -71.2131 -3.64335 3
    endloop
  endfacet
  facet normal 0.59184 0.395406 0.702409
    outer loop
      vertex -69.5443 -6.9212 3
      vertex -68.8992 -6.46564 2.2
      vertex -69.379 -5.74748 2.2
    endloop
  endfacet
  facet normal 0.592449 0.39452 0.702395
    outer loop
      vertex -68.8992 -6.46564 2.2
      vertex -69.5443 -6.9212 3
      vertex -69.5384 -6.93006 3
    endloop
  endfacet
  facet normal 0.711218 0.0279233 0.702417
    outer loop
      vertex -71.7542 -0.914388 3
      vertex -71 0 2.2
      vertex -71.7901 0 3
    endloop
  endfacet
  facet normal 0.711218 -0.0279233 0.702417
    outer loop
      vertex -71 0 2.2
      vertex -71.7542 0.914388 3
      vertex -71.7901 0 3
    endloop
  endfacet
  facet normal 0.591802 -0.395426 0.702431
    outer loop
      vertex -69.379 5.74748 2.2
      vertex -69.5443 6.9212 3
      vertex -70.0527 6.16032 3
    endloop
  endfacet
  facet normal -0.246379 0.667742 0.702437
    outer loop
      vertex -56.3567 -11.2131 3
      vertex -55.4981 -10.8963 3
      vertex -56.6008 -10.4616 2.2
    endloop
  endfacet
  facet normal 0.667728 -0.246393 0.702446
    outer loop
      vertex -70.4616 3.39919 2.2
      vertex -70.8963 4.50188 3
      vertex -71.2131 3.64335 3
    endloop
  endfacet
  facet normal -0.55891 -0.440717 0.702416
    outer loop
      vertex -50.4682 6.93843 3
      vertex -51.1008 6.46564 2.2
      vertex -50.4616 6.93006 3
    endloop
  endfacet
  facet normal -0.55897 -0.440639 0.702417
    outer loop
      vertex -51.1008 6.46564 2.2
      vertex -50.4682 6.93843 3
      vertex -51.6355 7.14393 2.2
    endloop
  endfacet
  facet normal -0.193192 -0.685038 0.702424
    outer loop
      vertex -56.3669 11.216 3
      vertex -57.2477 11.4644 3
      vertex -57.4321 10.6961 2.2
    endloop
  endfacet
  facet normal 0.646346 -0.298036 0.702433
    outer loop
      vertex -70.1627 4.20952 2.2
      vertex -70.5095 5.34292 3
      vertex -70.8927 4.51188 3
    endloop
  endfacet
  facet normal 0.246379 0.667742 0.702437
    outer loop
      vertex -63.6433 -11.2131 3
      vertex -63.3992 -10.4616 2.2
      vertex -64.5019 -10.8963 3
    endloop
  endfacet
  facet normal -0.34777 0.620997 0.702438
    outer loop
      vertex -55.0061 -9.80107 2.2
      vertex -54.6381 -10.4999 3
      vertex -54.2525 -9.37904 2.2
    endloop
  endfacet
  facet normal -0.347351 0.621224 0.702444
    outer loop
      vertex -54.6381 -10.4999 3
      vertex -55.0061 -9.80107 2.2
      vertex -54.6474 -10.5051 3
    endloop
  endfacet
  facet normal -0.241121 0.669782 0.70232
    outer loop
      vertex -55.7905 -10.1627 2.2
      vertex -55.4981 -10.8963 3
      vertex -55.4881 -10.8927 3
    endloop
  endfacet
  facet normal -0.246333 0.667795 0.702403
    outer loop
      vertex -55.4981 -10.8963 3
      vertex -55.7905 -10.1627 2.2
      vertex -56.6008 -10.4616 2.2
    endloop
  endfacet
  facet normal -0.0279229 -0.711218 0.702417
    outer loop
      vertex -59.0856 11.7542 3
      vertex -60 11.7901 3
      vertex -60 11 2.2
    endloop
  endfacet
  facet normal 0.648032 -0.29456 0.702345
    outer loop
      vertex -70.5095 5.34292 3
      vertex -69.8011 4.99389 2.2
      vertex -70.5051 5.3526 3
    endloop
  endfacet
  facet normal 0.646401 -0.297995 0.702399
    outer loop
      vertex -69.8011 4.99389 2.2
      vertex -70.5095 5.34292 3
      vertex -70.1627 4.20952 2.2
    endloop
  endfacet
  facet normal 0.443017 0.557127 0.702385
    outer loop
      vertex -66.4656 -8.89919 2.2
      vertex -66.9384 -9.53181 3
      vertex -66.9301 -9.53841 3
    endloop
  endfacet
  facet normal 0.440644 0.558953 0.702427
    outer loop
      vertex -66.9384 -9.53181 3
      vertex -66.4656 -8.89919 2.2
      vertex -67.1439 -8.36446 2.2
    endloop
  endfacet
  facet normal -0.558971 -0.440633 0.70242
    outer loop
      vertex -50.4682 6.93843 3
      vertex -51.0347 7.65707 3
      vertex -51.6355 7.14393 2.2
    endloop
  endfacet
  facet normal 0.440611 0.558959 0.702444
    outer loop
      vertex -66.9384 -9.53181 3
      vertex -67.1439 -8.36446 2.2
      vertex -67.6571 -8.96528 3
    endloop
  endfacet
  facet normal 0.48422 0.521673 0.702416
    outer loop
      vertex -67.1439 -8.36446 2.2
      vertex -67.6649 -8.95804 3
      vertex -67.6571 -8.96528 3
    endloop
  endfacet
  facet normal 0.483112 0.522672 0.702436
    outer loop
      vertex -67.6649 -8.95804 3
      vertex -67.1439 -8.36446 2.2
      vertex -67.7782 -7.77817 2.2
    endloop
  endfacet
  facet normal 0.55897 0.440639 0.702417
    outer loop
      vertex -68.8992 -6.46564 2.2
      vertex -69.5318 -6.93843 3
      vertex -68.3645 -7.14393 2.2
    endloop
  endfacet
  facet normal 0.55891 0.440717 0.702416
    outer loop
      vertex -69.5318 -6.93843 3
      vertex -68.8992 -6.46564 2.2
      vertex -69.5384 -6.93006 3
    endloop
  endfacet
  facet normal 0.298003 0.64639 0.702406
    outer loop
      vertex -64.9939 -9.80107 2.2
      vertex -65.3429 -10.5095 3
      vertex -64.2095 -10.1627 2.2
    endloop
  endfacet
  facet normal 0.294057 0.648263 0.702343
    outer loop
      vertex -65.3429 -10.5095 3
      vertex -64.9939 -9.80107 2.2
      vertex -65.3526 -10.5051 3
    endloop
  endfacet
  facet normal -0.520648 -0.485406 0.702358
    outer loop
      vertex -51.042 7.6649 3
      vertex -51.6355 7.14393 2.2
      vertex -51.0347 7.65707 3
    endloop
  endfacet
  facet normal -0.522672 -0.483165 0.7024
    outer loop
      vertex -51.6355 7.14393 2.2
      vertex -51.042 7.6649 3
      vertex -52.2218 7.77817 2.2
    endloop
  endfacet
  facet normal 0.684895 -0.193586 0.702455
    outer loop
      vertex -71.216 3.63309 3
      vertex -70.4616 3.39919 2.2
      vertex -71.2131 3.64335 3
    endloop
  endfacet
  facet normal 0.684999 -0.193233 0.702451
    outer loop
      vertex -70.4616 3.39919 2.2
      vertex -71.216 3.63309 3
      vertex -70.6961 2.5679 2.2
    endloop
  endfacet
  facet normal 0.698087 0.138856 0.70242
    outer loop
      vertex -70.8646 -1.72078 2.2
      vertex -71.6429 -1.85484 3
      vertex -70.6961 -2.5679 2.2
    endloop
  endfacet
  facet normal 0.697854 0.140105 0.702403
    outer loop
      vertex -71.6429 -1.85484 3
      vertex -70.8646 -1.72078 2.2
      vertex -71.645 -1.84438 3
    endloop
  endfacet
  facet normal 0.698081 0.138837 0.70243
    outer loop
      vertex -71.4644 -2.75235 3
      vertex -70.6961 -2.5679 2.2
      vertex -71.6429 -1.85484 3
    endloop
  endfacet
  facet normal 0.483126 0.522669 0.702429
    outer loop
      vertex -67.6649 -8.95804 3
      vertex -67.7782 -7.77817 2.2
      vertex -68.3369 -8.33688 3
    endloop
  endfacet
  facet normal -0.395416 -0.591837 0.702406
    outer loop
      vertex -53.0788 9.54433 3
      vertex -53.8397 10.0527 3
      vertex -54.2525 9.37904 2.2
    endloop
  endfacet
  facet normal 0.19323 -0.685 0.702451
    outer loop
      vertex -63.6331 11.216 3
      vertex -63.3992 10.4616 2.2
      vertex -62.5679 10.6961 2.2
    endloop
  endfacet
  facet normal 0.194636 -0.684583 0.702469
    outer loop
      vertex -63.3992 10.4616 2.2
      vertex -63.6331 11.216 3
      vertex -63.6433 11.2131 3
    endloop
  endfacet
  facet normal -0.140885 -0.697714 0.702387
    outer loop
      vertex -58.2792 10.8646 2.2
      vertex -58.1452 11.6429 3
      vertex -58.1556 11.645 3
    endloop
  endfacet
  facet normal -0.13886 -0.698091 0.702415
    outer loop
      vertex -58.1452 11.6429 3
      vertex -58.2792 10.8646 2.2
      vertex -57.4321 10.6961 2.2
    endloop
  endfacet
  facet normal -0.440611 -0.558959 0.702444
    outer loop
      vertex -52.8561 8.36446 2.2
      vertex -52.3429 8.96528 3
      vertex -53.0616 9.53181 3
    endloop
  endfacet
  facet normal -0.483126 -0.522669 0.702429
    outer loop
      vertex -52.2218 7.77817 2.2
      vertex -51.6631 8.33688 3
      vertex -52.3351 8.95804 3
    endloop
  endfacet
  facet normal 0.443017 -0.557127 0.702385
    outer loop
      vertex -66.9384 9.53181 3
      vertex -66.4656 8.89919 2.2
      vertex -66.9301 9.53841 3
    endloop
  endfacet
  facet normal 0.440644 -0.558953 0.702427
    outer loop
      vertex -66.4656 8.89919 2.2
      vertex -66.9384 9.53181 3
      vertex -67.1439 8.36446 2.2
    endloop
  endfacet
  facet normal 0.55897 -0.440639 0.702417
    outer loop
      vertex -69.5318 6.93843 3
      vertex -68.8992 6.46564 2.2
      vertex -68.3645 7.14393 2.2
    endloop
  endfacet
  facet normal 0.55891 -0.440717 0.702416
    outer loop
      vertex -68.8992 6.46564 2.2
      vertex -69.5318 6.93843 3
      vertex -69.5384 6.93006 3
    endloop
  endfacet
  facet normal -0.685029 -0.193203 0.70243
    outer loop
      vertex -48.5356 2.75235 3
      vertex -48.784 3.63309 3
      vertex -49.3039 2.5679 2.2
    endloop
  endfacet
  facet normal 0.522685 0.483109 0.702428
    outer loop
      vertex -68.3369 -8.33688 3
      vertex -67.7782 -7.77817 2.2
      vertex -68.958 -7.6649 3
    endloop
  endfacet
  facet normal 0.558971 0.440633 0.70242
    outer loop
      vertex -68.9653 -7.65707 3
      vertex -68.3645 -7.14393 2.2
      vertex -69.5318 -6.93843 3
    endloop
  endfacet
  facet normal -0.347351 -0.621224 0.702444
    outer loop
      vertex -55.0061 9.80107 2.2
      vertex -54.6381 10.4999 3
      vertex -54.6474 10.5051 3
    endloop
  endfacet
  facet normal -0.34777 -0.620997 0.702438
    outer loop
      vertex -54.6381 10.4999 3
      vertex -55.0061 9.80107 2.2
      vertex -54.2525 9.37904 2.2
    endloop
  endfacet
  facet normal -0.394203 -0.592636 0.702415
    outer loop
      vertex -53.0788 9.54433 3
      vertex -53.5344 8.89919 2.2
      vertex -53.0699 9.53841 3
    endloop
  endfacet
  facet normal -0.395443 -0.591785 0.702435
    outer loop
      vertex -53.5344 8.89919 2.2
      vertex -53.0788 9.54433 3
      vertex -54.2525 9.37904 2.2
    endloop
  endfacet
  facet normal 0.298045 -0.646334 0.70244
    outer loop
      vertex -64.2095 10.1627 2.2
      vertex -64.5119 10.8927 3
      vertex -65.3429 10.5095 3
    endloop
  endfacet
  facet normal 0.246333 -0.667795 0.702403
    outer loop
      vertex -64.5019 10.8963 3
      vertex -64.2095 10.1627 2.2
      vertex -63.3992 10.4616 2.2
    endloop
  endfacet
  facet normal 0.241121 -0.669782 0.70232
    outer loop
      vertex -64.2095 10.1627 2.2
      vertex -64.5019 10.8963 3
      vertex -64.5119 10.8927 3
    endloop
  endfacet
  facet normal 0.140885 -0.697714 0.702387
    outer loop
      vertex -61.8548 11.6429 3
      vertex -61.7208 10.8646 2.2
      vertex -61.8444 11.645 3
    endloop
  endfacet
  facet normal 0.13886 -0.698091 0.702415
    outer loop
      vertex -61.7208 10.8646 2.2
      vertex -61.8548 11.6429 3
      vertex -62.5679 10.6961 2.2
    endloop
  endfacet
  facet normal 0.138839 -0.698085 0.702425
    outer loop
      vertex -62.5679 10.6961 2.2
      vertex -61.8548 11.6429 3
      vertex -62.7523 11.4644 3
    endloop
  endfacet
  facet normal -0.246379 -0.667742 0.702437
    outer loop
      vertex -55.4981 10.8963 3
      vertex -56.3567 11.2131 3
      vertex -56.6008 10.4616 2.2
    endloop
  endfacet
  facet normal -0.194636 -0.684583 0.702469
    outer loop
      vertex -56.3669 11.216 3
      vertex -56.6008 10.4616 2.2
      vertex -56.3567 11.2131 3
    endloop
  endfacet
  facet normal -0.19323 -0.685 0.702451
    outer loop
      vertex -56.6008 10.4616 2.2
      vertex -56.3669 11.216 3
      vertex -57.4321 10.6961 2.2
    endloop
  endfacet
  facet normal -0.241121 -0.669782 0.70232
    outer loop
      vertex -55.4981 10.8963 3
      vertex -55.7905 10.1627 2.2
      vertex -55.4881 10.8927 3
    endloop
  endfacet
  facet normal -0.246333 -0.667795 0.702403
    outer loop
      vertex -55.7905 10.1627 2.2
      vertex -55.4981 10.8963 3
      vertex -56.6008 10.4616 2.2
    endloop
  endfacet
  facet normal 0.483126 -0.522669 0.702429
    outer loop
      vertex -67.7782 7.77817 2.2
      vertex -67.6649 8.95804 3
      vertex -68.3369 8.33688 3
    endloop
  endfacet
  facet normal -0.443017 -0.557127 0.702385
    outer loop
      vertex -53.5344 8.89919 2.2
      vertex -53.0616 9.53181 3
      vertex -53.0699 9.53841 3
    endloop
  endfacet
  facet normal -0.440644 -0.558953 0.702427
    outer loop
      vertex -53.0616 9.53181 3
      vertex -53.5344 8.89919 2.2
      vertex -52.8561 8.36446 2.2
    endloop
  endfacet
  facet normal -0.0866484 -0.706518 0.702371
    outer loop
      vertex -59.137 10.9661 2.2
      vertex -59.0644 11.7525 3
      vertex -59.075 11.7538 3
    endloop
  endfacet
  facet normal -0.0836374 -0.706839 0.702413
    outer loop
      vertex -59.0644 11.7525 3
      vertex -59.137 10.9661 2.2
      vertex -58.2792 10.8646 2.2
    endloop
  endfacet
  facet normal -0.0279374 -0.711209 0.702425
    outer loop
      vertex -59.137 10.9661 2.2
      vertex -59.0856 11.7542 3
      vertex -60 11 2.2
    endloop
  endfacet
  facet normal -0.0268402 -0.711266 0.70241
    outer loop
      vertex -59.0856 11.7542 3
      vertex -59.137 10.9661 2.2
      vertex -59.075 11.7538 3
    endloop
  endfacet
  facet normal -0.648032 -0.29456 0.702345
    outer loop
      vertex -50.1989 4.99389 2.2
      vertex -49.4905 5.34292 3
      vertex -49.4949 5.3526 3
    endloop
  endfacet
  facet normal -0.646401 -0.297995 0.702399
    outer loop
      vertex -49.4905 5.34292 3
      vertex -50.1989 4.99389 2.2
      vertex -49.8373 4.20952 2.2
    endloop
  endfacet
  facet normal -0.298045 -0.646334 0.70244
    outer loop
      vertex -54.6571 10.5095 3
      vertex -55.4881 10.8927 3
      vertex -55.7905 10.1627 2.2
    endloop
  endfacet
  facet normal -0.620977 -0.347818 0.702432
    outer loop
      vertex -49.5001 5.36191 3
      vertex -49.9473 6.16032 3
      vertex -50.621 5.74748 2.2
    endloop
  endfacet
  facet normal -0.698081 -0.138837 0.70243
    outer loop
      vertex -48.3571 1.85484 3
      vertex -48.5356 2.75235 3
      vertex -49.3039 2.5679 2.2
    endloop
  endfacet
  facet normal -0.522685 -0.483109 0.702428
    outer loop
      vertex -51.042 7.6649 3
      vertex -51.6631 8.33688 3
      vertex -52.2218 7.77817 2.2
    endloop
  endfacet
  facet normal 0.592449 -0.39452 0.702395
    outer loop
      vertex -69.5443 6.9212 3
      vertex -68.8992 6.46564 2.2
      vertex -69.5384 6.93006 3
    endloop
  endfacet
  facet normal 0.59184 -0.395406 0.702409
    outer loop
      vertex -68.8992 6.46564 2.2
      vertex -69.5443 6.9212 3
      vertex -69.379 5.74748 2.2
    endloop
  endfacet
  facet normal -0.697854 -0.140105 0.702403
    outer loop
      vertex -48.3571 1.85484 3
      vertex -49.1354 1.72078 2.2
      vertex -48.355 1.84438 3
    endloop
  endfacet
  facet normal -0.698087 -0.138856 0.70242
    outer loop
      vertex -49.1354 1.72078 2.2
      vertex -48.3571 1.85484 3
      vertex -49.3039 2.5679 2.2
    endloop
  endfacet
  facet normal -0.646346 -0.298036 0.702433
    outer loop
      vertex -49.1073 4.51188 3
      vertex -49.4905 5.34292 3
      vertex -49.8373 4.20952 2.2
    endloop
  endfacet
  facet normal -0.592449 -0.39452 0.702395
    outer loop
      vertex -51.1008 6.46564 2.2
      vertex -50.4557 6.9212 3
      vertex -50.4616 6.93006 3
    endloop
  endfacet
  facet normal -0.59184 -0.395406 0.702409
    outer loop
      vertex -50.4557 6.9212 3
      vertex -51.1008 6.46564 2.2
      vertex -50.621 5.74748 2.2
    endloop
  endfacet
  facet normal -0.684895 -0.193586 0.702455
    outer loop
      vertex -49.5384 3.39919 2.2
      vertex -48.784 3.63309 3
      vertex -48.7869 3.64335 3
    endloop
  endfacet
  facet normal -0.684999 -0.193233 0.702451
    outer loop
      vertex -48.784 3.63309 3
      vertex -49.5384 3.39919 2.2
      vertex -49.3039 2.5679 2.2
    endloop
  endfacet
  facet normal -0.706827 -0.0836136 0.702428
    outer loop
      vertex -48.2475 0.93563 3
      vertex -48.355 1.84438 3
      vertex -49.1354 1.72078 2.2
    endloop
  endfacet
  facet normal -0.706839 -0.0836442 0.702412
    outer loop
      vertex -49.0339 0.86305 2.2
      vertex -48.2475 0.93563 3
      vertex -49.1354 1.72078 2.2
    endloop
  endfacet
  facet normal -0.706509 -0.0867455 0.702368
    outer loop
      vertex -48.2475 0.93563 3
      vertex -49.0339 0.86305 2.2
      vertex -48.2462 0.925042 3
    endloop
  endfacet
  facet normal 0 0 1
    outer loop
      vertex -59.9034 -16.4466 2.4
      vertex -60.8992 -16.7882 2.4
      vertex -59.9034 -16.7882 2.4
    endloop
  endfacet
  facet normal 0 0 1
    outer loop
      vertex -60.8992 -16.7882 2.4
      vertex -61.2868 -16.7882 2.4
      vertex -60.8992 -19.4841 2.4
    endloop
  endfacet
  facet normal 0 0 1
    outer loop
      vertex -59.9034 -16.4466 2.4
      vertex -61.2868 -16.7882 2.4
      vertex -60.8992 -16.7882 2.4
    endloop
  endfacet
  facet normal -0 0 1
    outer loop
      vertex -62.2867 -16.4466 2.4
      vertex -61.2868 -16.7882 2.4
      vertex -59.9034 -16.4466 2.4
    endloop
  endfacet
  facet normal 0 0 1
    outer loop
      vertex -61.2868 -16.7882 2.4
      vertex -62.2867 -16.4466 2.4
      vertex -62.2867 -16.7882 2.4
    endloop
  endfacet
  facet normal 0 0 1
    outer loop
      vertex -60.8992 -19.4841 2.4
      vertex -61.2868 -16.7882 2.4
      vertex -61.2868 -19.4841 2.4
    endloop
  endfacet
  facet normal -0 0 1
    outer loop
      vertex -58.8321 -16.8373 2.4
      vertex -58.8089 -17.3382 2.4
      vertex -58.7901 -16.7691 2.4
    endloop
  endfacet
  facet normal -0 0 1
    outer loop
      vertex -58.8814 -16.8931 2.4
      vertex -58.8089 -17.3382 2.4
      vertex -58.8321 -16.8373 2.4
    endloop
  endfacet
  facet normal -0 0 1
    outer loop
      vertex -58.9403 -16.9383 2.4
      vertex -58.8089 -17.3382 2.4
      vertex -58.8814 -16.8931 2.4
    endloop
  endfacet
  facet normal -0 0 1
    outer loop
      vertex -59.0112 -16.9749 2.4
      vertex -58.8089 -17.3382 2.4
      vertex -58.9403 -16.9383 2.4
    endloop
  endfacet
  facet normal -0 0 1
    outer loop
      vertex -59.0966 -17.0046 2.4
      vertex -58.8089 -17.3382 2.4
      vertex -59.0112 -16.9749 2.4
    endloop
  endfacet
  facet normal -0 0 1
    outer loop
      vertex -59.1988 -17.0294 2.4
      vertex -58.8089 -17.3382 2.4
      vertex -59.0966 -17.0046 2.4
    endloop
  endfacet
  facet normal 0 0 1
    outer loop
      vertex -59.4631 -17.3382 2.4
      vertex -59.1988 -17.0294 2.4
      vertex -59.3201 -17.0511 2.4
    endloop
  endfacet
  facet normal 0 0 1
    outer loop
      vertex -59.4631 -17.3382 2.4
      vertex -59.3201 -17.0511 2.4
      vertex -59.4631 -17.0716 2.4
    endloop
  endfacet
  facet normal 0 0 1
    outer loop
      vertex -59.1988 -17.0294 2.4
      vertex -59.4631 -17.3382 2.4
      vertex -58.8089 -17.3382 2.4
    endloop
  endfacet
  facet normal 0 0 1
    outer loop
      vertex -58.7184 -16.5881 2.4
      vertex -58.4423 -16.4716 2.4
      vertex -58.6839 -16.4716 2.4
    endloop
  endfacet
  facet normal 0 0 1
    outer loop
      vertex -58.753 -16.6866 2.4
      vertex -58.4423 -16.4716 2.4
      vertex -58.7184 -16.5881 2.4
    endloop
  endfacet
  facet normal 0 0 1
    outer loop
      vertex -58.7901 -16.7691 2.4
      vertex -58.4423 -16.4716 2.4
      vertex -58.753 -16.6866 2.4
    endloop
  endfacet
  facet normal 0 0 1
    outer loop
      vertex -58.4423 -16.4716 2.4
      vertex -58.7901 -16.7691 2.4
      vertex -58.8089 -17.3382 2.4
    endloop
  endfacet
  facet normal 0 0 1
    outer loop
      vertex -58.4423 -16.4716 2.4
      vertex -58.8089 -17.3382 2.4
      vertex -58.4423 -19.4841 2.4
    endloop
  endfacet
  facet normal 0 0 1
    outer loop
      vertex -58.4423 -19.4841 2.4
      vertex -58.8089 -17.3382 2.4
      vertex -58.8089 -19.4841 2.4
    endloop
  endfacet
  facet normal 0 1 -0
    outer loop
      vertex -59.9034 -16.7882 2.4
      vertex -60.8992 -16.7882 3
      vertex -59.9034 -16.7882 3
    endloop
  endfacet
  facet normal 0 1 0
    outer loop
      vertex -60.8992 -16.7882 3
      vertex -59.9034 -16.7882 2.4
      vertex -60.8992 -16.7882 2.4
    endloop
  endfacet
  facet normal -1 0 0
    outer loop
      vertex -59.9034 -16.7882 2.4
      vertex -59.9034 -16.4466 3
      vertex -59.9034 -16.4466 2.4
    endloop
  endfacet
  facet normal -1 -0 0
    outer loop
      vertex -59.9034 -16.4466 3
      vertex -59.9034 -16.7882 2.4
      vertex -59.9034 -16.7882 3
    endloop
  endfacet
  facet normal 0 -1 0
    outer loop
      vertex -62.2867 -16.4466 2.4
      vertex -59.9034 -16.4466 3
      vertex -62.2867 -16.4466 3
    endloop
  endfacet
  facet normal 0 -1 -0
    outer loop
      vertex -59.9034 -16.4466 3
      vertex -62.2867 -16.4466 2.4
      vertex -59.9034 -16.4466 2.4
    endloop
  endfacet
  facet normal 1 -0 0
    outer loop
      vertex -62.2867 -16.7882 3
      vertex -62.2867 -16.4466 2.4
      vertex -62.2867 -16.4466 3
    endloop
  endfacet
  facet normal 1 0 0
    outer loop
      vertex -62.2867 -16.4466 2.4
      vertex -62.2867 -16.7882 3
      vertex -62.2867 -16.7882 2.4
    endloop
  endfacet
  facet normal 0 1 -0
    outer loop
      vertex -61.2868 -16.7882 2.4
      vertex -62.2867 -16.7882 3
      vertex -61.2868 -16.7882 3
    endloop
  endfacet
  facet normal 0 1 0
    outer loop
      vertex -62.2867 -16.7882 3
      vertex -61.2868 -16.7882 2.4
      vertex -62.2867 -16.7882 2.4
    endloop
  endfacet
  facet normal 1 -0 0
    outer loop
      vertex -61.2868 -19.4841 3
      vertex -61.2868 -16.7882 2.4
      vertex -61.2868 -16.7882 3
    endloop
  endfacet
  facet normal 1 0 0
    outer loop
      vertex -61.2868 -16.7882 2.4
      vertex -61.2868 -19.4841 3
      vertex -61.2868 -19.4841 2.4
    endloop
  endfacet
  facet normal 0 1 -0
    outer loop
      vertex -60.8992 -19.4841 2.4
      vertex -61.2868 -19.4841 3
      vertex -60.8992 -19.4841 3
    endloop
  endfacet
  facet normal 0 1 0
    outer loop
      vertex -61.2868 -19.4841 3
      vertex -60.8992 -19.4841 2.4
      vertex -61.2868 -19.4841 2.4
    endloop
  endfacet
  facet normal -1 0 0
    outer loop
      vertex -60.8992 -19.4841 2.4
      vertex -60.8992 -16.7882 3
      vertex -60.8992 -16.7882 2.4
    endloop
  endfacet
  facet normal -1 -0 0
    outer loop
      vertex -60.8992 -16.7882 3
      vertex -60.8992 -19.4841 2.4
      vertex -60.8992 -19.4841 3
    endloop
  endfacet
  facet normal 0 -1 0
    outer loop
      vertex -58.6839 -16.4716 2.4
      vertex -58.4423 -16.4716 3
      vertex -58.6839 -16.4716 3
    endloop
  endfacet
  facet normal 0 -1 -0
    outer loop
      vertex -58.4423 -16.4716 3
      vertex -58.6839 -16.4716 2.4
      vertex -58.4423 -16.4716 2.4
    endloop
  endfacet
  facet normal 0.95884 -0.283948 0
    outer loop
      vertex -58.7184 -16.5881 3
      vertex -58.6839 -16.4716 2.4
      vertex -58.6839 -16.4716 3
    endloop
  endfacet
  facet normal 0.95884 -0.283948 0
    outer loop
      vertex -58.6839 -16.4716 2.4
      vertex -58.7184 -16.5881 3
      vertex -58.7184 -16.5881 2.4
    endloop
  endfacet
  facet normal 0.943484 -0.331417 0
    outer loop
      vertex -58.753 -16.6866 3
      vertex -58.7184 -16.5881 2.4
      vertex -58.7184 -16.5881 3
    endloop
  endfacet
  facet normal 0.943484 -0.331417 0
    outer loop
      vertex -58.7184 -16.5881 2.4
      vertex -58.753 -16.6866 3
      vertex -58.753 -16.6866 2.4
    endloop
  endfacet
  facet normal 0.912025 -0.410135 0
    outer loop
      vertex -58.7901 -16.7691 3
      vertex -58.753 -16.6866 2.4
      vertex -58.753 -16.6866 3
    endloop
  endfacet
  facet normal 0.912025 -0.410135 0
    outer loop
      vertex -58.753 -16.6866 2.4
      vertex -58.7901 -16.7691 3
      vertex -58.7901 -16.7691 2.4
    endloop
  endfacet
  facet normal 0.851487 -0.524376 0
    outer loop
      vertex -58.8321 -16.8373 3
      vertex -58.7901 -16.7691 2.4
      vertex -58.7901 -16.7691 3
    endloop
  endfacet
  facet normal 0.851487 -0.524376 0
    outer loop
      vertex -58.7901 -16.7691 2.4
      vertex -58.8321 -16.8373 3
      vertex -58.8321 -16.8373 2.4
    endloop
  endfacet
  facet normal 0.749407 -0.66211 0
    outer loop
      vertex -58.8814 -16.8931 3
      vertex -58.8321 -16.8373 2.4
      vertex -58.8321 -16.8373 3
    endloop
  endfacet
  facet normal 0.749407 -0.66211 0
    outer loop
      vertex -58.8321 -16.8373 2.4
      vertex -58.8814 -16.8931 3
      vertex -58.8814 -16.8931 2.4
    endloop
  endfacet
  facet normal 0.608799 -0.793324 0
    outer loop
      vertex -58.9403 -16.9383 2.4
      vertex -58.8814 -16.8931 3
      vertex -58.9403 -16.9383 3
    endloop
  endfacet
  facet normal 0.608799 -0.793324 0
    outer loop
      vertex -58.8814 -16.8931 3
      vertex -58.9403 -16.9383 2.4
      vertex -58.8814 -16.8931 2.4
    endloop
  endfacet
  facet normal 0.458707 -0.888588 0
    outer loop
      vertex -59.0112 -16.9749 2.4
      vertex -58.9403 -16.9383 3
      vertex -59.0112 -16.9749 3
    endloop
  endfacet
  facet normal 0.458707 -0.888588 0
    outer loop
      vertex -58.9403 -16.9383 3
      vertex -59.0112 -16.9749 2.4
      vertex -58.9403 -16.9383 2.4
    endloop
  endfacet
  facet normal 0.328478 -0.944512 0
    outer loop
      vertex -59.0966 -17.0046 2.4
      vertex -59.0112 -16.9749 3
      vertex -59.0966 -17.0046 3
    endloop
  endfacet
  facet normal 0.328478 -0.944512 0
    outer loop
      vertex -59.0112 -16.9749 3
      vertex -59.0966 -17.0046 2.4
      vertex -59.0112 -16.9749 2.4
    endloop
  endfacet
  facet normal 0.235818 -0.971797 0
    outer loop
      vertex -59.1988 -17.0294 2.4
      vertex -59.0966 -17.0046 3
      vertex -59.1988 -17.0294 3
    endloop
  endfacet
  facet normal 0.235818 -0.971797 0
    outer loop
      vertex -59.0966 -17.0046 3
      vertex -59.1988 -17.0294 2.4
      vertex -59.0966 -17.0046 2.4
    endloop
  endfacet
  facet normal 0.1761 -0.984372 0
    outer loop
      vertex -59.3201 -17.0511 2.4
      vertex -59.1988 -17.0294 3
      vertex -59.3201 -17.0511 3
    endloop
  endfacet
  facet normal 0.1761 -0.984372 0
    outer loop
      vertex -59.1988 -17.0294 3
      vertex -59.3201 -17.0511 2.4
      vertex -59.1988 -17.0294 2.4
    endloop
  endfacet
  facet normal 0.141906 -0.98988 0
    outer loop
      vertex -59.4631 -17.0716 2.4
      vertex -59.3201 -17.0511 3
      vertex -59.4631 -17.0716 3
    endloop
  endfacet
  facet normal 0.141906 -0.98988 0
    outer loop
      vertex -59.3201 -17.0511 3
      vertex -59.4631 -17.0716 2.4
      vertex -59.3201 -17.0511 2.4
    endloop
  endfacet
  facet normal 1 -0 0
    outer loop
      vertex -59.4631 -17.3382 3
      vertex -59.4631 -17.0716 2.4
      vertex -59.4631 -17.0716 3
    endloop
  endfacet
  facet normal 1 0 0
    outer loop
      vertex -59.4631 -17.0716 2.4
      vertex -59.4631 -17.3382 3
      vertex -59.4631 -17.3382 2.4
    endloop
  endfacet
  facet normal 0 1 -0
    outer loop
      vertex -58.8089 -17.3382 2.4
      vertex -59.4631 -17.3382 3
      vertex -58.8089 -17.3382 3
    endloop
  endfacet
  facet normal 0 1 0
    outer loop
      vertex -59.4631 -17.3382 3
      vertex -58.8089 -17.3382 2.4
      vertex -59.4631 -17.3382 2.4
    endloop
  endfacet
  facet normal 1 -0 0
    outer loop
      vertex -58.8089 -19.4841 3
      vertex -58.8089 -17.3382 2.4
      vertex -58.8089 -17.3382 3
    endloop
  endfacet
  facet normal 1 0 0
    outer loop
      vertex -58.8089 -17.3382 2.4
      vertex -58.8089 -19.4841 3
      vertex -58.8089 -19.4841 2.4
    endloop
  endfacet
  facet normal 0 1 -0
    outer loop
      vertex -58.4423 -19.4841 2.4
      vertex -58.8089 -19.4841 3
      vertex -58.4423 -19.4841 3
    endloop
  endfacet
  facet normal 0 1 0
    outer loop
      vertex -58.8089 -19.4841 3
      vertex -58.4423 -19.4841 2.4
      vertex -58.8089 -19.4841 2.4
    endloop
  endfacet
  facet normal -1 0 0
    outer loop
      vertex -58.4423 -19.4841 2.4
      vertex -58.4423 -16.4716 3
      vertex -58.4423 -16.4716 2.4
    endloop
  endfacet
  facet normal -1 -0 0
    outer loop
      vertex -58.4423 -16.4716 3
      vertex -58.4423 -19.4841 2.4
      vertex -58.4423 -19.4841 3
    endloop
  endfacet
  facet normal -0.993068 -0.117538 0
    outer loop
      vertex -9.03391 0.86305 0
      vertex -9.13543 1.72078 2.2
      vertex -9.13543 1.72078 0
    endloop
  endfacet
  facet normal -0.993068 -0.117538 0
    outer loop
      vertex -9.13543 1.72078 2.2
      vertex -9.03391 0.86305 0
      vertex -9.03391 0.86305 2.2
    endloop
  endfacet
  facet normal -0.999229 -0.0392606 0
    outer loop
      vertex -9 0 0
      vertex -9.03391 0.86305 2.2
      vertex -9.03391 0.86305 0
    endloop
  endfacet
  facet normal -0.999229 -0.0392606 0
    outer loop
      vertex -9.03391 0.86305 2.2
      vertex -9 0 0
      vertex -9 0 2.2
    endloop
  endfacet
  facet normal -0.980786 -0.195087 0
    outer loop
      vertex -9.13543 1.72078 0
      vertex -9.30393 2.5679 2.2
      vertex -9.30393 2.5679 0
    endloop
  endfacet
  facet normal -0.980786 -0.195087 0
    outer loop
      vertex -9.30393 2.5679 2.2
      vertex -9.13543 1.72078 0
      vertex -9.13543 1.72078 2.2
    endloop
  endfacet
  facet normal -0.831501 -0.555523 0
    outer loop
      vertex -10.621 5.74748 0
      vertex -11.1008 6.46564 2.2
      vertex -11.1008 6.46564 0
    endloop
  endfacet
  facet normal -0.831501 -0.555523 0
    outer loop
      vertex -11.1008 6.46564 2.2
      vertex -10.621 5.74748 0
      vertex -10.621 5.74748 2.2
    endloop
  endfacet
  facet normal 0.117506 0.993072 -0
    outer loop
      vertex -20.863 -10.9661 0
      vertex -21.7208 -10.8646 2.2
      vertex -20.863 -10.9661 2.2
    endloop
  endfacet
  facet normal 0.117506 0.993072 0
    outer loop
      vertex -21.7208 -10.8646 2.2
      vertex -20.863 -10.9661 0
      vertex -21.7208 -10.8646 0
    endloop
  endfacet
  facet normal -0.999229 0.0392606 0
    outer loop
      vertex -9.03391 -0.86305 0
      vertex -9 0 2.2
      vertex -9 0 0
    endloop
  endfacet
  facet normal -0.999229 0.0392606 0
    outer loop
      vertex -9 0 2.2
      vertex -9.03391 -0.86305 0
      vertex -9.03391 -0.86305 2.2
    endloop
  endfacet
  facet normal 0.908143 0.41866 0
    outer loop
      vertex -29.8011 -4.99389 2.2
      vertex -30.1627 -4.20952 0
      vertex -30.1627 -4.20952 2.2
    endloop
  endfacet
  facet normal 0.908143 0.41866 0
    outer loop
      vertex -30.1627 -4.20952 0
      vertex -29.8011 -4.99389 2.2
      vertex -29.8011 -4.99389 0
    endloop
  endfacet
  facet normal 0.96244 -0.271496 0
    outer loop
      vertex -30.6961 2.5679 2.2
      vertex -30.4616 3.39919 0
      vertex -30.4616 3.39919 2.2
    endloop
  endfacet
  facet normal 0.96244 -0.271496 0
    outer loop
      vertex -30.4616 3.39919 0
      vertex -30.6961 2.5679 2.2
      vertex -30.6961 2.5679 0
    endloop
  endfacet
  facet normal 0.117506 -0.993072 0
    outer loop
      vertex -21.7208 10.8646 0
      vertex -20.863 10.9661 2.2
      vertex -21.7208 10.8646 2.2
    endloop
  endfacet
  facet normal 0.117506 -0.993072 0
    outer loop
      vertex -20.863 10.9661 2.2
      vertex -21.7208 10.8646 0
      vertex -20.863 10.9661 0
    endloop
  endfacet
  facet normal 0.271493 -0.96244 0
    outer loop
      vertex -23.3992 10.4616 0
      vertex -22.5679 10.6961 2.2
      vertex -23.3992 10.4616 2.2
    endloop
  endfacet
  facet normal 0.271493 -0.96244 0
    outer loop
      vertex -22.5679 10.6961 2.2
      vertex -23.3992 10.4616 0
      vertex -22.5679 10.6961 0
    endloop
  endfacet
  facet normal -0.195092 0.980785 0
    outer loop
      vertex -17.4321 -10.6961 0
      vertex -18.2792 -10.8646 2.2
      vertex -17.4321 -10.6961 2.2
    endloop
  endfacet
  facet normal -0.195092 0.980785 0
    outer loop
      vertex -18.2792 -10.8646 2.2
      vertex -17.4321 -10.6961 0
      vertex -18.2792 -10.8646 0
    endloop
  endfacet
  facet normal -0.346081 -0.938205 0
    outer loop
      vertex -16.6008 10.4616 0
      vertex -15.7905 10.1627 2.2
      vertex -16.6008 10.4616 2.2
    endloop
  endfacet
  facet normal -0.346081 -0.938205 -0
    outer loop
      vertex -15.7905 10.1627 2.2
      vertex -16.6008 10.4616 0
      vertex -15.7905 10.1627 0
    endloop
  endfacet
  facet normal 0.678769 -0.734352 0
    outer loop
      vertex -27.7782 7.77817 0
      vertex -27.1439 8.36446 2.2
      vertex -27.7782 7.77817 2.2
    endloop
  endfacet
  facet normal 0.678769 -0.734352 0
    outer loop
      vertex -27.1439 8.36446 2.2
      vertex -27.7782 7.77817 0
      vertex -27.1439 8.36446 0
    endloop
  endfacet
  facet normal 0.908143 -0.41866 0
    outer loop
      vertex -30.1627 4.20952 2.2
      vertex -29.8011 4.99389 0
      vertex -29.8011 4.99389 2.2
    endloop
  endfacet
  facet normal 0.908143 -0.41866 0
    outer loop
      vertex -29.8011 4.99389 0
      vertex -30.1627 4.20952 2.2
      vertex -30.1627 4.20952 0
    endloop
  endfacet
  facet normal -0.488616 0.872499 0
    outer loop
      vertex -14.2525 -9.37904 0
      vertex -15.0061 -9.80107 2.2
      vertex -14.2525 -9.37904 2.2
    endloop
  endfacet
  facet normal -0.488616 0.872499 0
    outer loop
      vertex -15.0061 -9.80107 2.2
      vertex -14.2525 -9.37904 0
      vertex -15.0061 -9.80107 0
    endloop
  endfacet
  facet normal 0.980786 -0.195087 0
    outer loop
      vertex -30.8646 1.72078 2.2
      vertex -30.6961 2.5679 0
      vertex -30.6961 2.5679 2.2
    endloop
  endfacet
  facet normal 0.980786 -0.195087 0
    outer loop
      vertex -30.6961 2.5679 0
      vertex -30.8646 1.72078 2.2
      vertex -30.8646 1.72078 0
    endloop
  endfacet
  facet normal 0.346081 -0.938205 0
    outer loop
      vertex -24.2095 10.1627 0
      vertex -23.3992 10.4616 2.2
      vertex -24.2095 10.1627 2.2
    endloop
  endfacet
  facet normal 0.346081 -0.938205 0
    outer loop
      vertex -23.3992 10.4616 2.2
      vertex -24.2095 10.1627 0
      vertex -23.3992 10.4616 0
    endloop
  endfacet
  facet normal -0.734314 0.67881 0
    outer loop
      vertex -12.2218 -7.77817 0
      vertex -11.6355 -7.14393 2.2
      vertex -11.6355 -7.14393 0
    endloop
  endfacet
  facet normal -0.734314 0.67881 0
    outer loop
      vertex -11.6355 -7.14393 2.2
      vertex -12.2218 -7.77817 0
      vertex -12.2218 -7.77817 2.2
    endloop
  endfacet
  facet normal -0.962455 0.271443 0
    outer loop
      vertex -9.53838 -3.39919 0
      vertex -9.30393 -2.5679 2.2
      vertex -9.30393 -2.5679 0
    endloop
  endfacet
  facet normal -0.962455 0.271443 0
    outer loop
      vertex -9.30393 -2.5679 2.2
      vertex -9.53838 -3.39919 0
      vertex -9.53838 -3.39919 2.2
    endloop
  endfacet
  facet normal -0.993068 0.117538 0
    outer loop
      vertex -9.13543 -1.72078 0
      vertex -9.03391 -0.86305 2.2
      vertex -9.03391 -0.86305 0
    endloop
  endfacet
  facet normal -0.993068 0.117538 0
    outer loop
      vertex -9.03391 -0.86305 2.2
      vertex -9.13543 -1.72078 0
      vertex -9.13543 -1.72078 2.2
    endloop
  endfacet
  facet normal 0.96244 0.271496 0
    outer loop
      vertex -30.4616 -3.39919 2.2
      vertex -30.6961 -2.5679 0
      vertex -30.6961 -2.5679 2.2
    endloop
  endfacet
  facet normal 0.96244 0.271496 0
    outer loop
      vertex -30.6961 -2.5679 0
      vertex -30.4616 -3.39919 2.2
      vertex -30.4616 -3.39919 0
    endloop
  endfacet
  facet normal 0.734314 0.67881 0
    outer loop
      vertex -27.7782 -7.77817 2.2
      vertex -28.3645 -7.14393 0
      vertex -28.3645 -7.14393 2.2
    endloop
  endfacet
  facet normal 0.734314 0.67881 0
    outer loop
      vertex -28.3645 -7.14393 0
      vertex -27.7782 -7.77817 2.2
      vertex -27.7782 -7.77817 0
    endloop
  endfacet
  facet normal -0.0392513 0.999229 0
    outer loop
      vertex -19.137 -10.9661 0
      vertex -20 -11 2.2
      vertex -19.137 -10.9661 2.2
    endloop
  endfacet
  facet normal -0.0392513 0.999229 0
    outer loop
      vertex -20 -11 2.2
      vertex -19.137 -10.9661 0
      vertex -20 -11 0
    endloop
  endfacet
  facet normal 0.980786 0.195087 0
    outer loop
      vertex -30.6961 -2.5679 2.2
      vertex -30.8646 -1.72078 0
      vertex -30.8646 -1.72078 2.2
    endloop
  endfacet
  facet normal 0.980786 0.195087 0
    outer loop
      vertex -30.8646 -1.72078 0
      vertex -30.6961 -2.5679 2.2
      vertex -30.6961 -2.5679 0
    endloop
  endfacet
  facet normal -0.962455 -0.271443 0
    outer loop
      vertex -9.30393 2.5679 0
      vertex -9.53838 3.39919 2.2
      vertex -9.53838 3.39919 0
    endloop
  endfacet
  facet normal -0.962455 -0.271443 0
    outer loop
      vertex -9.53838 3.39919 2.2
      vertex -9.30393 2.5679 0
      vertex -9.30393 2.5679 2.2
    endloop
  endfacet
  facet normal 0.418676 0.908136 -0
    outer loop
      vertex -24.2095 -10.1627 0
      vertex -24.9939 -9.80107 2.2
      vertex -24.2095 -10.1627 2.2
    endloop
  endfacet
  facet normal 0.418676 0.908136 0
    outer loop
      vertex -24.9939 -9.80107 2.2
      vertex -24.2095 -10.1627 0
      vertex -24.9939 -9.80107 0
    endloop
  endfacet
  facet normal -0.678769 -0.734352 0
    outer loop
      vertex -12.8561 8.36446 0
      vertex -12.2218 7.77817 2.2
      vertex -12.8561 8.36446 2.2
    endloop
  endfacet
  facet normal -0.678769 -0.734352 -0
    outer loop
      vertex -12.2218 7.77817 2.2
      vertex -12.8561 8.36446 0
      vertex -12.2218 7.77817 0
    endloop
  endfacet
  facet normal 0.999229 0.039249 0
    outer loop
      vertex -30.9661 -0.86305 2.2
      vertex -31 0 0
      vertex -31 0 2.2
    endloop
  endfacet
  facet normal 0.999229 0.039249 0
    outer loop
      vertex -31 0 0
      vertex -30.9661 -0.86305 2.2
      vertex -30.9661 -0.86305 0
    endloop
  endfacet
  facet normal 0.734314 -0.67881 0
    outer loop
      vertex -28.3645 7.14393 2.2
      vertex -27.7782 7.77817 0
      vertex -27.7782 7.77817 2.2
    endloop
  endfacet
  facet normal 0.734314 -0.67881 0
    outer loop
      vertex -27.7782 7.77817 0
      vertex -28.3645 7.14393 2.2
      vertex -28.3645 7.14393 0
    endloop
  endfacet
  facet normal 0.418676 -0.908136 0
    outer loop
      vertex -24.9939 9.80107 0
      vertex -24.2095 10.1627 2.2
      vertex -24.9939 9.80107 2.2
    endloop
  endfacet
  facet normal 0.418676 -0.908136 0
    outer loop
      vertex -24.2095 10.1627 2.2
      vertex -24.9939 9.80107 0
      vertex -24.2095 10.1627 0
    endloop
  endfacet
  facet normal 0.993071 -0.117516 0
    outer loop
      vertex -30.9661 0.86305 2.2
      vertex -30.8646 1.72078 0
      vertex -30.8646 1.72078 2.2
    endloop
  endfacet
  facet normal 0.993071 -0.117516 0
    outer loop
      vertex -30.8646 1.72078 0
      vertex -30.9661 0.86305 2.2
      vertex -30.9661 0.86305 0
    endloop
  endfacet
  facet normal 0.678769 0.734352 -0
    outer loop
      vertex -27.1439 -8.36446 0
      vertex -27.7782 -7.77817 2.2
      vertex -27.1439 -8.36446 2.2
    endloop
  endfacet
  facet normal 0.678769 0.734352 0
    outer loop
      vertex -27.7782 -7.77817 2.2
      vertex -27.1439 -8.36446 0
      vertex -27.7782 -7.77817 0
    endloop
  endfacet
  facet normal 0.619095 -0.785316 0
    outer loop
      vertex -27.1439 8.36446 0
      vertex -26.4656 8.89919 2.2
      vertex -27.1439 8.36446 2.2
    endloop
  endfacet
  facet normal 0.619095 -0.785316 0
    outer loop
      vertex -26.4656 8.89919 2.2
      vertex -27.1439 8.36446 0
      vertex -26.4656 8.89919 0
    endloop
  endfacet
  facet normal 0.938209 0.34607 0
    outer loop
      vertex -30.1627 -4.20952 2.2
      vertex -30.4616 -3.39919 0
      vertex -30.4616 -3.39919 2.2
    endloop
  endfacet
  facet normal 0.938209 0.34607 0
    outer loop
      vertex -30.4616 -3.39919 0
      vertex -30.1627 -4.20952 2.2
      vertex -30.1627 -4.20952 0
    endloop
  endfacet
  facet normal 0.0392513 0.999229 -0
    outer loop
      vertex -20 -11 0
      vertex -20.863 -10.9661 2.2
      vertex -20 -11 2.2
    endloop
  endfacet
  facet normal 0.0392513 0.999229 0
    outer loop
      vertex -20.863 -10.9661 2.2
      vertex -20 -11 0
      vertex -20.863 -10.9661 0
    endloop
  endfacet
  facet normal -0.418676 0.908136 0
    outer loop
      vertex -15.0061 -9.80107 0
      vertex -15.7905 -10.1627 2.2
      vertex -15.0061 -9.80107 2.2
    endloop
  endfacet
  facet normal -0.418676 0.908136 0
    outer loop
      vertex -15.7905 -10.1627 2.2
      vertex -15.0061 -9.80107 0
      vertex -15.7905 -10.1627 0
    endloop
  endfacet
  facet normal 0.993071 0.117516 0
    outer loop
      vertex -30.8646 -1.72078 2.2
      vertex -30.9661 -0.86305 0
      vertex -30.9661 -0.86305 2.2
    endloop
  endfacet
  facet normal 0.993071 0.117516 0
    outer loop
      vertex -30.9661 -0.86305 0
      vertex -30.8646 -1.72078 2.2
      vertex -30.8646 -1.72078 0
    endloop
  endfacet
  facet normal -0.980786 0.195087 0
    outer loop
      vertex -9.30393 -2.5679 0
      vertex -9.13543 -1.72078 2.2
      vertex -9.13543 -1.72078 0
    endloop
  endfacet
  facet normal -0.980786 0.195087 0
    outer loop
      vertex -9.13543 -1.72078 2.2
      vertex -9.30393 -2.5679 0
      vertex -9.30393 -2.5679 2.2
    endloop
  endfacet
  facet normal -0.195092 -0.980785 0
    outer loop
      vertex -18.2792 10.8646 0
      vertex -17.4321 10.6961 2.2
      vertex -18.2792 10.8646 2.2
    endloop
  endfacet
  facet normal -0.195092 -0.980785 -0
    outer loop
      vertex -17.4321 10.6961 2.2
      vertex -18.2792 10.8646 0
      vertex -17.4321 10.6961 0
    endloop
  endfacet
  facet normal -0.0392513 -0.999229 0
    outer loop
      vertex -20 11 0
      vertex -19.137 10.9661 2.2
      vertex -20 11 2.2
    endloop
  endfacet
  facet normal -0.0392513 -0.999229 -0
    outer loop
      vertex -19.137 10.9661 2.2
      vertex -20 11 0
      vertex -19.137 10.9661 0
    endloop
  endfacet
  facet normal -0.488616 -0.872499 0
    outer loop
      vertex -15.0061 9.80107 0
      vertex -14.2525 9.37904 2.2
      vertex -15.0061 9.80107 2.2
    endloop
  endfacet
  facet normal -0.488616 -0.872499 -0
    outer loop
      vertex -14.2525 9.37904 2.2
      vertex -15.0061 9.80107 0
      vertex -14.2525 9.37904 0
    endloop
  endfacet
  facet normal 0.785329 0.619079 0
    outer loop
      vertex -28.3645 -7.14393 2.2
      vertex -28.8992 -6.46564 0
      vertex -28.8992 -6.46564 2.2
    endloop
  endfacet
  facet normal 0.785329 0.619079 0
    outer loop
      vertex -28.8992 -6.46564 0
      vertex -28.3645 -7.14393 2.2
      vertex -28.3645 -7.14393 0
    endloop
  endfacet
  facet normal -0.908156 0.418632 0
    outer loop
      vertex -10.1989 -4.99389 0
      vertex -9.83733 -4.20952 2.2
      vertex -9.83733 -4.20952 0
    endloop
  endfacet
  facet normal -0.908156 0.418632 0
    outer loop
      vertex -9.83733 -4.20952 2.2
      vertex -10.1989 -4.99389 0
      vertex -10.1989 -4.99389 2.2
    endloop
  endfacet
  facet normal -0.555595 -0.831453 0
    outer loop
      vertex -14.2525 9.37904 0
      vertex -13.5344 8.89919 2.2
      vertex -14.2525 9.37904 2.2
    endloop
  endfacet
  facet normal -0.555595 -0.831453 -0
    outer loop
      vertex -13.5344 8.89919 2.2
      vertex -14.2525 9.37904 0
      vertex -13.5344 8.89919 0
    endloop
  endfacet
  facet normal -0.271493 -0.96244 0
    outer loop
      vertex -17.4321 10.6961 0
      vertex -16.6008 10.4616 2.2
      vertex -17.4321 10.6961 2.2
    endloop
  endfacet
  facet normal -0.271493 -0.96244 -0
    outer loop
      vertex -16.6008 10.4616 2.2
      vertex -17.4321 10.6961 0
      vertex -16.6008 10.4616 0
    endloop
  endfacet
  facet normal -0.418676 -0.908136 0
    outer loop
      vertex -15.7905 10.1627 0
      vertex -15.0061 9.80107 2.2
      vertex -15.7905 10.1627 2.2
    endloop
  endfacet
  facet normal -0.418676 -0.908136 -0
    outer loop
      vertex -15.0061 9.80107 2.2
      vertex -15.7905 10.1627 0
      vertex -15.0061 9.80107 0
    endloop
  endfacet
  facet normal -0.872462 -0.488682 0
    outer loop
      vertex -10.1989 4.99389 0
      vertex -10.621 5.74748 2.2
      vertex -10.621 5.74748 0
    endloop
  endfacet
  facet normal -0.872462 -0.488682 0
    outer loop
      vertex -10.621 5.74748 2.2
      vertex -10.1989 4.99389 0
      vertex -10.1989 4.99389 2.2
    endloop
  endfacet
  facet normal -0.734314 -0.67881 0
    outer loop
      vertex -11.6355 7.14393 0
      vertex -12.2218 7.77817 2.2
      vertex -12.2218 7.77817 0
    endloop
  endfacet
  facet normal -0.734314 -0.67881 0
    outer loop
      vertex -12.2218 7.77817 2.2
      vertex -11.6355 7.14393 0
      vertex -11.6355 7.14393 2.2
    endloop
  endfacet
  facet normal -0.93819 -0.346121 0
    outer loop
      vertex -9.53838 3.39919 0
      vertex -9.83733 4.20952 2.2
      vertex -9.83733 4.20952 0
    endloop
  endfacet
  facet normal -0.93819 -0.346121 0
    outer loop
      vertex -9.83733 4.20952 2.2
      vertex -9.53838 3.39919 0
      vertex -9.53838 3.39919 2.2
    endloop
  endfacet
  facet normal -0.908156 -0.418632 0
    outer loop
      vertex -9.83733 4.20952 0
      vertex -10.1989 4.99389 2.2
      vertex -10.1989 4.99389 0
    endloop
  endfacet
  facet normal -0.908156 -0.418632 0
    outer loop
      vertex -10.1989 4.99389 2.2
      vertex -9.83733 4.20952 0
      vertex -9.83733 4.20952 2.2
    endloop
  endfacet
  facet normal -0.271493 0.96244 0
    outer loop
      vertex -16.6008 -10.4616 0
      vertex -17.4321 -10.6961 2.2
      vertex -16.6008 -10.4616 2.2
    endloop
  endfacet
  facet normal -0.271493 0.96244 0
    outer loop
      vertex -17.4321 -10.6961 2.2
      vertex -16.6008 -10.4616 0
      vertex -17.4321 -10.6961 0
    endloop
  endfacet
  facet normal 0.488616 -0.872499 0
    outer loop
      vertex -25.7475 9.37904 0
      vertex -24.9939 9.80107 2.2
      vertex -25.7475 9.37904 2.2
    endloop
  endfacet
  facet normal 0.488616 -0.872499 0
    outer loop
      vertex -24.9939 9.80107 2.2
      vertex -25.7475 9.37904 0
      vertex -24.9939 9.80107 0
    endloop
  endfacet
  facet normal -0.117506 0.993072 0
    outer loop
      vertex -18.2792 -10.8646 0
      vertex -19.137 -10.9661 2.2
      vertex -18.2792 -10.8646 2.2
    endloop
  endfacet
  facet normal -0.117506 0.993072 0
    outer loop
      vertex -19.137 -10.9661 2.2
      vertex -18.2792 -10.8646 0
      vertex -19.137 -10.9661 0
    endloop
  endfacet
  facet normal 0.195092 -0.980785 0
    outer loop
      vertex -22.5679 10.6961 0
      vertex -21.7208 10.8646 2.2
      vertex -22.5679 10.6961 2.2
    endloop
  endfacet
  facet normal 0.195092 -0.980785 0
    outer loop
      vertex -21.7208 10.8646 2.2
      vertex -22.5679 10.6961 0
      vertex -21.7208 10.8646 0
    endloop
  endfacet
  facet normal -0.872462 0.488682 0
    outer loop
      vertex -10.621 -5.74748 0
      vertex -10.1989 -4.99389 2.2
      vertex -10.1989 -4.99389 0
    endloop
  endfacet
  facet normal -0.872462 0.488682 0
    outer loop
      vertex -10.1989 -4.99389 2.2
      vertex -10.621 -5.74748 0
      vertex -10.621 -5.74748 2.2
    endloop
  endfacet
  facet normal 0.555595 -0.831453 0
    outer loop
      vertex -26.4656 8.89919 0
      vertex -25.7475 9.37904 2.2
      vertex -26.4656 8.89919 2.2
    endloop
  endfacet
  facet normal 0.555595 -0.831453 0
    outer loop
      vertex -25.7475 9.37904 2.2
      vertex -26.4656 8.89919 0
      vertex -25.7475 9.37904 0
    endloop
  endfacet
  facet normal -0.346081 0.938205 0
    outer loop
      vertex -15.7905 -10.1627 0
      vertex -16.6008 -10.4616 2.2
      vertex -15.7905 -10.1627 2.2
    endloop
  endfacet
  facet normal -0.346081 0.938205 0
    outer loop
      vertex -16.6008 -10.4616 2.2
      vertex -15.7905 -10.1627 0
      vertex -16.6008 -10.4616 0
    endloop
  endfacet
  facet normal -0.785329 0.619079 0
    outer loop
      vertex -11.6355 -7.14393 0
      vertex -11.1008 -6.46564 2.2
      vertex -11.1008 -6.46564 0
    endloop
  endfacet
  facet normal -0.785329 0.619079 0
    outer loop
      vertex -11.1008 -6.46564 2.2
      vertex -11.6355 -7.14393 0
      vertex -11.6355 -7.14393 2.2
    endloop
  endfacet
  facet normal 0.785329 -0.619079 0
    outer loop
      vertex -28.8992 6.46564 2.2
      vertex -28.3645 7.14393 0
      vertex -28.3645 7.14393 2.2
    endloop
  endfacet
  facet normal 0.785329 -0.619079 0
    outer loop
      vertex -28.3645 7.14393 0
      vertex -28.8992 6.46564 2.2
      vertex -28.8992 6.46564 0
    endloop
  endfacet
  facet normal -0.93819 0.346121 0
    outer loop
      vertex -9.83733 -4.20952 0
      vertex -9.53838 -3.39919 2.2
      vertex -9.53838 -3.39919 0
    endloop
  endfacet
  facet normal -0.93819 0.346121 0
    outer loop
      vertex -9.53838 -3.39919 2.2
      vertex -9.83733 -4.20952 0
      vertex -9.83733 -4.20952 2.2
    endloop
  endfacet
  facet normal -0.785329 -0.619079 0
    outer loop
      vertex -11.1008 6.46564 0
      vertex -11.6355 7.14393 2.2
      vertex -11.6355 7.14393 0
    endloop
  endfacet
  facet normal -0.785329 -0.619079 0
    outer loop
      vertex -11.6355 7.14393 2.2
      vertex -11.1008 6.46564 0
      vertex -11.1008 6.46564 2.2
    endloop
  endfacet
  facet normal 0.938209 -0.34607 0
    outer loop
      vertex -30.4616 3.39919 2.2
      vertex -30.1627 4.20952 0
      vertex -30.1627 4.20952 2.2
    endloop
  endfacet
  facet normal 0.938209 -0.34607 0
    outer loop
      vertex -30.1627 4.20952 0
      vertex -30.4616 3.39919 2.2
      vertex -30.4616 3.39919 0
    endloop
  endfacet
  facet normal -0.619095 -0.785316 0
    outer loop
      vertex -13.5344 8.89919 0
      vertex -12.8561 8.36446 2.2
      vertex -13.5344 8.89919 2.2
    endloop
  endfacet
  facet normal -0.619095 -0.785316 -0
    outer loop
      vertex -12.8561 8.36446 2.2
      vertex -13.5344 8.89919 0
      vertex -12.8561 8.36446 0
    endloop
  endfacet
  facet normal 0.0392513 -0.999229 0
    outer loop
      vertex -20.863 10.9661 0
      vertex -20 11 2.2
      vertex -20.863 10.9661 2.2
    endloop
  endfacet
  facet normal 0.0392513 -0.999229 0
    outer loop
      vertex -20 11 2.2
      vertex -20.863 10.9661 0
      vertex -20 11 0
    endloop
  endfacet
  facet normal 0.999229 -0.039249 0
    outer loop
      vertex -31 0 2.2
      vertex -30.9661 0.86305 0
      vertex -30.9661 0.86305 2.2
    endloop
  endfacet
  facet normal 0.999229 -0.039249 0
    outer loop
      vertex -30.9661 0.86305 0
      vertex -31 0 2.2
      vertex -31 0 0
    endloop
  endfacet
  facet normal 0.872462 0.488682 0
    outer loop
      vertex -29.379 -5.74748 2.2
      vertex -29.8011 -4.99389 0
      vertex -29.8011 -4.99389 2.2
    endloop
  endfacet
  facet normal 0.872462 0.488682 0
    outer loop
      vertex -29.8011 -4.99389 0
      vertex -29.379 -5.74748 2.2
      vertex -29.379 -5.74748 0
    endloop
  endfacet
  facet normal -0.117506 -0.993072 0
    outer loop
      vertex -19.137 10.9661 0
      vertex -18.2792 10.8646 2.2
      vertex -19.137 10.9661 2.2
    endloop
  endfacet
  facet normal -0.117506 -0.993072 -0
    outer loop
      vertex -18.2792 10.8646 2.2
      vertex -19.137 10.9661 0
      vertex -18.2792 10.8646 0
    endloop
  endfacet
  facet normal 0.346081 0.938205 -0
    outer loop
      vertex -23.3992 -10.4616 0
      vertex -24.2095 -10.1627 2.2
      vertex -23.3992 -10.4616 2.2
    endloop
  endfacet
  facet normal 0.346081 0.938205 0
    outer loop
      vertex -24.2095 -10.1627 2.2
      vertex -23.3992 -10.4616 0
      vertex -24.2095 -10.1627 0
    endloop
  endfacet
  facet normal 0.271493 0.96244 -0
    outer loop
      vertex -22.5679 -10.6961 0
      vertex -23.3992 -10.4616 2.2
      vertex -22.5679 -10.6961 2.2
    endloop
  endfacet
  facet normal 0.271493 0.96244 0
    outer loop
      vertex -23.3992 -10.4616 2.2
      vertex -22.5679 -10.6961 0
      vertex -23.3992 -10.4616 0
    endloop
  endfacet
  facet normal -0.831501 0.555523 0
    outer loop
      vertex -11.1008 -6.46564 0
      vertex -10.621 -5.74748 2.2
      vertex -10.621 -5.74748 0
    endloop
  endfacet
  facet normal -0.831501 0.555523 0
    outer loop
      vertex -10.621 -5.74748 2.2
      vertex -11.1008 -6.46564 0
      vertex -11.1008 -6.46564 2.2
    endloop
  endfacet
  facet normal 0.195092 0.980785 -0
    outer loop
      vertex -21.7208 -10.8646 0
      vertex -22.5679 -10.6961 2.2
      vertex -21.7208 -10.8646 2.2
    endloop
  endfacet
  facet normal 0.195092 0.980785 0
    outer loop
      vertex -22.5679 -10.6961 2.2
      vertex -21.7208 -10.8646 0
      vertex -22.5679 -10.6961 0
    endloop
  endfacet
  facet normal -0.678769 0.734352 0
    outer loop
      vertex -12.2218 -7.77817 0
      vertex -12.8561 -8.36446 2.2
      vertex -12.2218 -7.77817 2.2
    endloop
  endfacet
  facet normal -0.678769 0.734352 0
    outer loop
      vertex -12.8561 -8.36446 2.2
      vertex -12.2218 -7.77817 0
      vertex -12.8561 -8.36446 0
    endloop
  endfacet
  facet normal 0.619095 0.785316 -0
    outer loop
      vertex -26.4656 -8.89919 0
      vertex -27.1439 -8.36446 2.2
      vertex -26.4656 -8.89919 2.2
    endloop
  endfacet
  facet normal 0.619095 0.785316 0
    outer loop
      vertex -27.1439 -8.36446 2.2
      vertex -26.4656 -8.89919 0
      vertex -27.1439 -8.36446 0
    endloop
  endfacet
  facet normal 0.831501 -0.555523 0
    outer loop
      vertex -29.379 5.74748 2.2
      vertex -28.8992 6.46564 0
      vertex -28.8992 6.46564 2.2
    endloop
  endfacet
  facet normal 0.831501 -0.555523 0
    outer loop
      vertex -28.8992 6.46564 0
      vertex -29.379 5.74748 2.2
      vertex -29.379 5.74748 0
    endloop
  endfacet
  facet normal 0.831501 0.555523 0
    outer loop
      vertex -28.8992 -6.46564 2.2
      vertex -29.379 -5.74748 0
      vertex -29.379 -5.74748 2.2
    endloop
  endfacet
  facet normal 0.831501 0.555523 0
    outer loop
      vertex -29.379 -5.74748 0
      vertex -28.8992 -6.46564 2.2
      vertex -28.8992 -6.46564 0
    endloop
  endfacet
  facet normal 0.488616 0.872499 -0
    outer loop
      vertex -24.9939 -9.80107 0
      vertex -25.7475 -9.37904 2.2
      vertex -24.9939 -9.80107 2.2
    endloop
  endfacet
  facet normal 0.488616 0.872499 0
    outer loop
      vertex -25.7475 -9.37904 2.2
      vertex -24.9939 -9.80107 0
      vertex -25.7475 -9.37904 0
    endloop
  endfacet
  facet normal 0.872462 -0.488682 0
    outer loop
      vertex -29.8011 4.99389 2.2
      vertex -29.379 5.74748 0
      vertex -29.379 5.74748 2.2
    endloop
  endfacet
  facet normal 0.872462 -0.488682 0
    outer loop
      vertex -29.379 5.74748 0
      vertex -29.8011 4.99389 2.2
      vertex -29.8011 4.99389 0
    endloop
  endfacet
  facet normal 0.555595 0.831453 -0
    outer loop
      vertex -25.7475 -9.37904 0
      vertex -26.4656 -8.89919 2.2
      vertex -25.7475 -9.37904 2.2
    endloop
  endfacet
  facet normal 0.555595 0.831453 0
    outer loop
      vertex -26.4656 -8.89919 2.2
      vertex -25.7475 -9.37904 0
      vertex -26.4656 -8.89919 0
    endloop
  endfacet
  facet normal -0.555595 0.831453 0
    outer loop
      vertex -13.5344 -8.89919 0
      vertex -14.2525 -9.37904 2.2
      vertex -13.5344 -8.89919 2.2
    endloop
  endfacet
  facet normal -0.555595 0.831453 0
    outer loop
      vertex -14.2525 -9.37904 2.2
      vertex -13.5344 -8.89919 0
      vertex -14.2525 -9.37904 0
    endloop
  endfacet
  facet normal -0.619095 0.785316 0
    outer loop
      vertex -12.8561 -8.36446 0
      vertex -13.5344 -8.89919 2.2
      vertex -12.8561 -8.36446 2.2
    endloop
  endfacet
  facet normal -0.619095 0.785316 0
    outer loop
      vertex -13.5344 -8.89919 2.2
      vertex -12.8561 -8.36446 0
      vertex -13.5344 -8.89919 0
    endloop
  endfacet
  facet normal -0.520648 0.485406 0.702358
    outer loop
      vertex -11.6355 -7.14393 2.2
      vertex -11.042 -7.6649 3
      vertex -11.0347 -7.65707 3
    endloop
  endfacet
  facet normal -0.522672 0.483165 0.7024
    outer loop
      vertex -11.042 -7.6649 3
      vertex -11.6355 -7.14393 2.2
      vertex -12.2218 -7.77817 2.2
    endloop
  endfacet
  facet normal -0.711206 0.0279439 0.702428
    outer loop
      vertex -9.03391 -0.86305 2.2
      vertex -8.2458 -0.914388 3
      vertex -9 0 2.2
    endloop
  endfacet
  facet normal -0.711201 0.0280368 0.70243
    outer loop
      vertex -8.2458 -0.914388 3
      vertex -9.03391 -0.86305 2.2
      vertex -8.24622 -0.925042 3
    endloop
  endfacet
  facet normal 0.706827 0.0836136 0.702428
    outer loop
      vertex -31.645 -1.84438 3
      vertex -30.8646 -1.72078 2.2
      vertex -31.7525 -0.93563 3
    endloop
  endfacet
  facet normal 0.698087 -0.138856 0.70242
    outer loop
      vertex -31.6429 1.85484 3
      vertex -30.8646 1.72078 2.2
      vertex -30.6961 2.5679 2.2
    endloop
  endfacet
  facet normal 0.697854 -0.140105 0.702403
    outer loop
      vertex -30.8646 1.72078 2.2
      vertex -31.6429 1.85484 3
      vertex -31.645 1.84438 3
    endloop
  endfacet
  facet normal -0.711209 -0.0279385 0.702425
    outer loop
      vertex -8.20988 0 3
      vertex -8.2458 0.914388 3
      vertex -9 0 2.2
    endloop
  endfacet
  facet normal -0.711201 -0.0280368 0.70243
    outer loop
      vertex -9.03391 0.86305 2.2
      vertex -8.2458 0.914388 3
      vertex -8.24622 0.925042 3
    endloop
  endfacet
  facet normal -0.711206 -0.0279439 0.702428
    outer loop
      vertex -8.2458 0.914388 3
      vertex -9.03391 0.86305 2.2
      vertex -9 0 2.2
    endloop
  endfacet
  facet normal 0.48422 -0.521673 0.702416
    outer loop
      vertex -27.6649 8.95804 3
      vertex -27.1439 8.36446 2.2
      vertex -27.6571 8.96528 3
    endloop
  endfacet
  facet normal 0.483112 -0.522672 0.702436
    outer loop
      vertex -27.1439 8.36446 2.2
      vertex -27.6649 8.95804 3
      vertex -27.7782 7.77817 2.2
    endloop
  endfacet
  facet normal -0.294057 -0.648263 0.702343
    outer loop
      vertex -14.6571 10.5095 3
      vertex -15.0061 9.80107 2.2
      vertex -14.6474 10.5051 3
    endloop
  endfacet
  facet normal -0.298003 -0.64639 0.702406
    outer loop
      vertex -15.0061 9.80107 2.2
      vertex -14.6571 10.5095 3
      vertex -15.7905 10.1627 2.2
    endloop
  endfacet
  facet normal 0.522672 0.483165 0.7024
    outer loop
      vertex -28.3645 -7.14393 2.2
      vertex -28.958 -7.6649 3
      vertex -27.7782 -7.77817 2.2
    endloop
  endfacet
  facet normal 0.520648 0.485406 0.702358
    outer loop
      vertex -28.958 -7.6649 3
      vertex -28.3645 -7.14393 2.2
      vertex -28.9653 -7.65707 3
    endloop
  endfacet
  facet normal -0.646378 0.297981 0.702426
    outer loop
      vertex -9.49046 -5.34292 3
      vertex -9.10735 -4.51188 3
      vertex -9.83733 -4.20952 2.2
    endloop
  endfacet
  facet normal -0.59184 0.395406 0.702409
    outer loop
      vertex -11.1008 -6.46564 2.2
      vertex -10.4557 -6.9212 3
      vertex -10.621 -5.74748 2.2
    endloop
  endfacet
  facet normal -0.592449 0.39452 0.702395
    outer loop
      vertex -10.4557 -6.9212 3
      vertex -11.1008 -6.46564 2.2
      vertex -10.4616 -6.93006 3
    endloop
  endfacet
  facet normal 0.246333 0.667795 0.702403
    outer loop
      vertex -24.2095 -10.1627 2.2
      vertex -24.5019 -10.8963 3
      vertex -23.3992 -10.4616 2.2
    endloop
  endfacet
  facet normal 0.241121 0.669782 0.70232
    outer loop
      vertex -24.5019 -10.8963 3
      vertex -24.2095 -10.1627 2.2
      vertex -24.5119 -10.8927 3
    endloop
  endfacet
  facet normal -0.69808 0.13886 0.702426
    outer loop
      vertex -8.53564 -2.75235 3
      vertex -8.35711 -1.85484 3
      vertex -9.30393 -2.5679 2.2
    endloop
  endfacet
  facet normal -0.395416 0.591837 0.702406
    outer loop
      vertex -13.8397 -10.0527 3
      vertex -13.0788 -9.54433 3
      vertex -14.2525 -9.37904 2.2
    endloop
  endfacet
  facet normal 0.246379 -0.667742 0.702437
    outer loop
      vertex -23.3992 10.4616 2.2
      vertex -23.6433 11.2131 3
      vertex -24.5019 10.8963 3
    endloop
  endfacet
  facet normal -0.685035 0.193196 0.702426
    outer loop
      vertex -8.78403 -3.63309 3
      vertex -8.53564 -2.75235 3
      vertex -9.30393 -2.5679 2.2
    endloop
  endfacet
  facet normal -0.706842 0.0834485 0.702432
    outer loop
      vertex -9.03391 -0.86305 2.2
      vertex -8.24747 -0.93563 3
      vertex -8.24622 -0.925042 3
    endloop
  endfacet
  facet normal -0.70682 0.0836584 0.702429
    outer loop
      vertex -8.24747 -0.93563 3
      vertex -9.03391 -0.86305 2.2
      vertex -9.13543 -1.72078 2.2
    endloop
  endfacet
  facet normal -0.0268402 0.711266 0.70241
    outer loop
      vertex -19.137 -10.9661 2.2
      vertex -19.0856 -11.7542 3
      vertex -19.075 -11.7538 3
    endloop
  endfacet
  facet normal -0.0279374 0.711209 0.702425
    outer loop
      vertex -19.0856 -11.7542 3
      vertex -19.137 -10.9661 2.2
      vertex -20 -11 2.2
    endloop
  endfacet
  facet normal 0.706827 -0.0836136 0.702428
    outer loop
      vertex -30.8646 1.72078 2.2
      vertex -31.645 1.84438 3
      vertex -31.7525 0.93563 3
    endloop
  endfacet
  facet normal 0.347351 -0.621224 0.702444
    outer loop
      vertex -25.3619 10.4999 3
      vertex -24.9939 9.80107 2.2
      vertex -25.3526 10.5051 3
    endloop
  endfacet
  facet normal 0.34777 -0.620997 0.702438
    outer loop
      vertex -24.9939 9.80107 2.2
      vertex -25.3619 10.4999 3
      vertex -25.7475 9.37904 2.2
    endloop
  endfacet
  facet normal -0.0836091 -0.706827 0.702428
    outer loop
      vertex -18.2792 10.8646 2.2
      vertex -18.1556 11.645 3
      vertex -19.0644 11.7525 3
    endloop
  endfacet
  facet normal 0.138839 0.698085 0.702425
    outer loop
      vertex -21.8548 -11.6429 3
      vertex -22.5679 -10.6961 2.2
      vertex -22.7523 -11.4644 3
    endloop
  endfacet
  facet normal 0.667728 0.246393 0.702446
    outer loop
      vertex -30.8963 -4.50188 3
      vertex -30.4616 -3.39919 2.2
      vertex -31.2131 -3.64335 3
    endloop
  endfacet
  facet normal 0.620977 0.347818 0.702432
    outer loop
      vertex -30.0527 -6.16032 3
      vertex -29.379 -5.74748 2.2
      vertex -30.4999 -5.36191 3
    endloop
  endfacet
  facet normal 0.669787 -0.241123 0.702314
    outer loop
      vertex -30.8963 4.50188 3
      vertex -30.1627 4.20952 2.2
      vertex -30.8927 4.51188 3
    endloop
  endfacet
  facet normal 0.667804 -0.246327 0.702396
    outer loop
      vertex -30.1627 4.20952 2.2
      vertex -30.8963 4.50188 3
      vertex -30.4616 3.39919 2.2
    endloop
  endfacet
  facet normal 0.0866484 0.706518 0.702371
    outer loop
      vertex -20.863 -10.9661 2.2
      vertex -20.9356 -11.7525 3
      vertex -20.925 -11.7538 3
    endloop
  endfacet
  facet normal 0.0836374 0.706839 0.702413
    outer loop
      vertex -20.9356 -11.7525 3
      vertex -20.863 -10.9661 2.2
      vertex -21.7208 -10.8646 2.2
    endloop
  endfacet
  facet normal 0.522685 -0.483109 0.702428
    outer loop
      vertex -27.7782 7.77817 2.2
      vertex -28.3369 8.33688 3
      vertex -28.958 7.6649 3
    endloop
  endfacet
  facet normal -0.558971 0.440633 0.70242
    outer loop
      vertex -11.0347 -7.65707 3
      vertex -10.4682 -6.93843 3
      vertex -11.6355 -7.14393 2.2
    endloop
  endfacet
  facet normal 0.0279229 -0.711218 0.702417
    outer loop
      vertex -20 11 2.2
      vertex -20 11.7901 3
      vertex -20.9144 11.7542 3
    endloop
  endfacet
  facet normal -0.522685 0.483109 0.702428
    outer loop
      vertex -11.6631 -8.33688 3
      vertex -11.042 -7.6649 3
      vertex -12.2218 -7.77817 2.2
    endloop
  endfacet
  facet normal -0.70682 0.0836595 0.702429
    outer loop
      vertex -8.35503 -1.84438 3
      vertex -8.24747 -0.93563 3
      vertex -9.13543 -1.72078 2.2
    endloop
  endfacet
  facet normal -0.711209 0.0279385 0.702425
    outer loop
      vertex -8.2458 -0.914388 3
      vertex -8.20988 0 3
      vertex -9 0 2.2
    endloop
  endfacet
  facet normal -0.0836091 0.706827 0.702428
    outer loop
      vertex -18.1556 -11.645 3
      vertex -18.2792 -10.8646 2.2
      vertex -19.0644 -11.7525 3
    endloop
  endfacet
  facet normal 0.19323 0.685 0.702451
    outer loop
      vertex -23.3992 -10.4616 2.2
      vertex -23.6331 -11.216 3
      vertex -22.5679 -10.6961 2.2
    endloop
  endfacet
  facet normal 0.194636 0.684583 0.702469
    outer loop
      vertex -23.6331 -11.216 3
      vertex -23.3992 -10.4616 2.2
      vertex -23.6433 -11.2131 3
    endloop
  endfacet
  facet normal -0.298045 0.646334 0.70244
    outer loop
      vertex -15.4881 -10.8927 3
      vertex -14.6571 -10.5095 3
      vertex -15.7905 -10.1627 2.2
    endloop
  endfacet
  facet normal 0.620977 -0.347821 0.70243
    outer loop
      vertex -30.4999 5.36191 3
      vertex -29.8011 4.99389 2.2
      vertex -29.379 5.74748 2.2
    endloop
  endfacet
  facet normal 0.621386 -0.347068 0.702441
    outer loop
      vertex -29.8011 4.99389 2.2
      vertex -30.4999 5.36191 3
      vertex -30.5051 5.3526 3
    endloop
  endfacet
  facet normal -0.347833 -0.620996 0.702407
    outer loop
      vertex -14.2525 9.37904 2.2
      vertex -13.8397 10.0527 3
      vertex -14.6381 10.4999 3
    endloop
  endfacet
  facet normal -0.621118 -0.347586 0.702422
    outer loop
      vertex -9.50013 5.36191 3
      vertex -10.1989 4.99389 2.2
      vertex -9.49492 5.3526 3
    endloop
  endfacet
  facet normal -0.620987 -0.347827 0.702418
    outer loop
      vertex -10.1989 4.99389 2.2
      vertex -9.50013 5.36191 3
      vertex -10.621 5.74748 2.2
    endloop
  endfacet
  facet normal 0.395416 0.591837 0.702406
    outer loop
      vertex -26.1603 -10.0527 3
      vertex -25.7475 -9.37904 2.2
      vertex -26.9212 -9.54433 3
    endloop
  endfacet
  facet normal -0.646396 0.297968 0.702416
    outer loop
      vertex -10.1989 -4.99389 2.2
      vertex -9.49046 -5.34292 3
      vertex -9.83733 -4.20952 2.2
    endloop
  endfacet
  facet normal -0.646453 0.297849 0.702414
    outer loop
      vertex -9.49046 -5.34292 3
      vertex -10.1989 -4.99389 2.2
      vertex -9.49492 -5.3526 3
    endloop
  endfacet
  facet normal -0.138839 0.698085 0.702425
    outer loop
      vertex -17.2477 -11.4644 3
      vertex -17.4321 -10.6961 2.2
      vertex -18.1452 -11.6429 3
    endloop
  endfacet
  facet normal 0.298003 -0.64639 0.702406
    outer loop
      vertex -25.3429 10.5095 3
      vertex -24.9939 9.80107 2.2
      vertex -24.2095 10.1627 2.2
    endloop
  endfacet
  facet normal 0.294057 -0.648263 0.702343
    outer loop
      vertex -24.9939 9.80107 2.2
      vertex -25.3429 10.5095 3
      vertex -25.3526 10.5051 3
    endloop
  endfacet
  facet normal -0.685031 0.1932 0.702429
    outer loop
      vertex -9.53838 -3.39919 2.2
      vertex -8.78403 -3.63309 3
      vertex -9.30393 -2.5679 2.2
    endloop
  endfacet
  facet normal -0.684915 0.193592 0.702434
    outer loop
      vertex -8.78403 -3.63309 3
      vertex -9.53838 -3.39919 2.2
      vertex -8.78693 -3.64335 3
    endloop
  endfacet
  facet normal 0.698081 -0.138837 0.70243
    outer loop
      vertex -30.6961 2.5679 2.2
      vertex -31.4644 2.75235 3
      vertex -31.6429 1.85484 3
    endloop
  endfacet
  facet normal -0.591782 0.395436 0.702442
    outer loop
      vertex -10.4557 -6.9212 3
      vertex -9.94727 -6.16032 3
      vertex -10.621 -5.74748 2.2
    endloop
  endfacet
  facet normal -0.698085 0.138816 0.702429
    outer loop
      vertex -9.13543 -1.72078 2.2
      vertex -8.35711 -1.85484 3
      vertex -8.35503 -1.84438 3
    endloop
  endfacet
  facet normal -0.698078 0.138854 0.702429
    outer loop
      vertex -8.35711 -1.85484 3
      vertex -9.13543 -1.72078 2.2
      vertex -9.30393 -2.5679 2.2
    endloop
  endfacet
  facet normal 0.646346 0.298036 0.702433
    outer loop
      vertex -30.5095 -5.34292 3
      vertex -30.1627 -4.20952 2.2
      vertex -30.8927 -4.51188 3
    endloop
  endfacet
  facet normal 0.347351 0.621224 0.702444
    outer loop
      vertex -24.9939 -9.80107 2.2
      vertex -25.3619 -10.4999 3
      vertex -25.3526 -10.5051 3
    endloop
  endfacet
  facet normal 0.34777 0.620997 0.702438
    outer loop
      vertex -25.3619 -10.4999 3
      vertex -24.9939 -9.80107 2.2
      vertex -25.7475 -9.37904 2.2
    endloop
  endfacet
  facet normal 0.0836091 -0.706827 0.702428
    outer loop
      vertex -21.7208 10.8646 2.2
      vertex -20.9356 11.7525 3
      vertex -21.8444 11.645 3
    endloop
  endfacet
  facet normal -0.483126 0.522669 0.702429
    outer loop
      vertex -11.6631 -8.33688 3
      vertex -12.2218 -7.77817 2.2
      vertex -12.3351 -8.95804 3
    endloop
  endfacet
  facet normal -0.621118 0.347586 0.702422
    outer loop
      vertex -10.1989 -4.99389 2.2
      vertex -9.50013 -5.36191 3
      vertex -9.49492 -5.3526 3
    endloop
  endfacet
  facet normal -0.620987 0.347827 0.702418
    outer loop
      vertex -9.50013 -5.36191 3
      vertex -10.1989 -4.99389 2.2
      vertex -10.621 -5.74748 2.2
    endloop
  endfacet
  facet normal 0.591802 0.395426 0.702431
    outer loop
      vertex -29.5443 -6.9212 3
      vertex -29.379 -5.74748 2.2
      vertex -30.0527 -6.16032 3
    endloop
  endfacet
  facet normal -0.667764 -0.246352 0.702426
    outer loop
      vertex -8.78693 3.64335 3
      vertex -9.10366 4.50188 3
      vertex -9.53838 3.39919 2.2
    endloop
  endfacet
  facet normal -0.440644 0.558953 0.702427
    outer loop
      vertex -13.5344 -8.89919 2.2
      vertex -13.0616 -9.53181 3
      vertex -12.8561 -8.36446 2.2
    endloop
  endfacet
  facet normal -0.443017 0.557127 0.702385
    outer loop
      vertex -13.0616 -9.53181 3
      vertex -13.5344 -8.89919 2.2
      vertex -13.0699 -9.53841 3
    endloop
  endfacet
  facet normal 0.667804 0.246327 0.702396
    outer loop
      vertex -30.8963 -4.50188 3
      vertex -30.1627 -4.20952 2.2
      vertex -30.4616 -3.39919 2.2
    endloop
  endfacet
  facet normal 0.669787 0.241123 0.702314
    outer loop
      vertex -30.1627 -4.20952 2.2
      vertex -30.8963 -4.50188 3
      vertex -30.8927 -4.51188 3
    endloop
  endfacet
  facet normal 0.0836091 0.706827 0.702428
    outer loop
      vertex -20.9356 -11.7525 3
      vertex -21.7208 -10.8646 2.2
      vertex -21.8444 -11.645 3
    endloop
  endfacet
  facet normal 0.193192 -0.685038 0.702424
    outer loop
      vertex -22.5679 10.6961 2.2
      vertex -22.7523 11.4644 3
      vertex -23.6331 11.216 3
    endloop
  endfacet
  facet normal -0.13886 0.698091 0.702415
    outer loop
      vertex -18.2792 -10.8646 2.2
      vertex -18.1452 -11.6429 3
      vertex -17.4321 -10.6961 2.2
    endloop
  endfacet
  facet normal -0.140885 0.697714 0.702387
    outer loop
      vertex -18.1452 -11.6429 3
      vertex -18.2792 -10.8646 2.2
      vertex -18.1556 -11.645 3
    endloop
  endfacet
  facet normal -0.138839 -0.698085 0.702425
    outer loop
      vertex -17.4321 10.6961 2.2
      vertex -17.2477 11.4644 3
      vertex -18.1452 11.6429 3
    endloop
  endfacet
  facet normal -0.394203 0.592636 0.702415
    outer loop
      vertex -13.5344 -8.89919 2.2
      vertex -13.0788 -9.54433 3
      vertex -13.0699 -9.53841 3
    endloop
  endfacet
  facet normal -0.395443 0.591785 0.702435
    outer loop
      vertex -13.0788 -9.54433 3
      vertex -13.5344 -8.89919 2.2
      vertex -14.2525 -9.37904 2.2
    endloop
  endfacet
  facet normal 0.706509 -0.0867455 0.702368
    outer loop
      vertex -30.9661 0.86305 2.2
      vertex -31.7525 0.93563 3
      vertex -31.7538 0.925042 3
    endloop
  endfacet
  facet normal 0.706839 -0.0836442 0.702412
    outer loop
      vertex -31.7525 0.93563 3
      vertex -30.9661 0.86305 2.2
      vertex -30.8646 1.72078 2.2
    endloop
  endfacet
  facet normal -0.347833 0.620996 0.702407
    outer loop
      vertex -13.8397 -10.0527 3
      vertex -14.2525 -9.37904 2.2
      vertex -14.6381 -10.4999 3
    endloop
  endfacet
  facet normal -0.591782 -0.395436 0.702442
    outer loop
      vertex -9.94727 6.16032 3
      vertex -10.4557 6.9212 3
      vertex -10.621 5.74748 2.2
    endloop
  endfacet
  facet normal 0.347833 -0.620996 0.702407
    outer loop
      vertex -25.7475 9.37904 2.2
      vertex -25.3619 10.4999 3
      vertex -26.1603 10.0527 3
    endloop
  endfacet
  facet normal 0.0279374 0.711209 0.702425
    outer loop
      vertex -20.863 -10.9661 2.2
      vertex -20.9144 -11.7542 3
      vertex -20 -11 2.2
    endloop
  endfacet
  facet normal 0.0268402 0.711266 0.70241
    outer loop
      vertex -20.9144 -11.7542 3
      vertex -20.863 -10.9661 2.2
      vertex -20.925 -11.7538 3
    endloop
  endfacet
  facet normal -0.667745 -0.246398 0.702427
    outer loop
      vertex -9.83733 4.20952 2.2
      vertex -9.10366 4.50188 3
      vertex -9.10735 4.51188 3
    endloop
  endfacet
  facet normal -0.667763 -0.246353 0.702427
    outer loop
      vertex -9.10366 4.50188 3
      vertex -9.83733 4.20952 2.2
      vertex -9.53838 3.39919 2.2
    endloop
  endfacet
  facet normal 0.0836374 -0.706839 0.702413
    outer loop
      vertex -20.863 10.9661 2.2
      vertex -20.9356 11.7525 3
      vertex -21.7208 10.8646 2.2
    endloop
  endfacet
  facet normal 0.0866484 -0.706518 0.702371
    outer loop
      vertex -20.9356 11.7525 3
      vertex -20.863 10.9661 2.2
      vertex -20.925 11.7538 3
    endloop
  endfacet
  facet normal 0.140885 0.697714 0.702387
    outer loop
      vertex -21.7208 -10.8646 2.2
      vertex -21.8548 -11.6429 3
      vertex -21.8444 -11.645 3
    endloop
  endfacet
  facet normal 0.13886 0.698091 0.702415
    outer loop
      vertex -21.8548 -11.6429 3
      vertex -21.7208 -10.8646 2.2
      vertex -22.5679 -10.6961 2.2
    endloop
  endfacet
  facet normal 0.298045 0.646334 0.70244
    outer loop
      vertex -24.5119 -10.8927 3
      vertex -24.2095 -10.1627 2.2
      vertex -25.3429 -10.5095 3
    endloop
  endfacet
  facet normal 0.193192 0.685038 0.702424
    outer loop
      vertex -22.7523 -11.4644 3
      vertex -22.5679 -10.6961 2.2
      vertex -23.6331 -11.216 3
    endloop
  endfacet
  facet normal -0.55891 0.440717 0.702416
    outer loop
      vertex -11.1008 -6.46564 2.2
      vertex -10.4682 -6.93843 3
      vertex -10.4616 -6.93006 3
    endloop
  endfacet
  facet normal -0.55897 0.440639 0.702417
    outer loop
      vertex -10.4682 -6.93843 3
      vertex -11.1008 -6.46564 2.2
      vertex -11.6355 -7.14393 2.2
    endloop
  endfacet
  facet normal 0.440611 -0.558959 0.702444
    outer loop
      vertex -27.1439 8.36446 2.2
      vertex -26.9384 9.53181 3
      vertex -27.6571 8.96528 3
    endloop
  endfacet
  facet normal 0.395443 0.591785 0.702435
    outer loop
      vertex -26.4656 -8.89919 2.2
      vertex -26.9212 -9.54433 3
      vertex -25.7475 -9.37904 2.2
    endloop
  endfacet
  facet normal 0.394203 0.592636 0.702415
    outer loop
      vertex -26.9212 -9.54433 3
      vertex -26.4656 -8.89919 2.2
      vertex -26.9301 -9.53841 3
    endloop
  endfacet
  facet normal -0.294057 0.648263 0.702343
    outer loop
      vertex -15.0061 -9.80107 2.2
      vertex -14.6571 -10.5095 3
      vertex -14.6474 -10.5051 3
    endloop
  endfacet
  facet normal -0.298003 0.64639 0.702406
    outer loop
      vertex -14.6571 -10.5095 3
      vertex -15.0061 -9.80107 2.2
      vertex -15.7905 -10.1627 2.2
    endloop
  endfacet
  facet normal -0.667764 0.246352 0.702426
    outer loop
      vertex -9.10366 -4.50188 3
      vertex -8.78693 -3.64335 3
      vertex -9.53838 -3.39919 2.2
    endloop
  endfacet
  facet normal 0.711274 -0.0267045 0.702407
    outer loop
      vertex -31.7542 0.914388 3
      vertex -30.9661 0.86305 2.2
      vertex -31.7538 0.925042 3
    endloop
  endfacet
  facet normal 0.71121 -0.0279358 0.702424
    outer loop
      vertex -30.9661 0.86305 2.2
      vertex -31.7542 0.914388 3
      vertex -31 0 2.2
    endloop
  endfacet
  facet normal -0.194636 0.684583 0.702469
    outer loop
      vertex -16.6008 -10.4616 2.2
      vertex -16.3669 -11.216 3
      vertex -16.3567 -11.2131 3
    endloop
  endfacet
  facet normal -0.19323 0.685 0.702451
    outer loop
      vertex -16.3669 -11.216 3
      vertex -16.6008 -10.4616 2.2
      vertex -17.4321 -10.6961 2.2
    endloop
  endfacet
  facet normal -0.193192 0.685038 0.702424
    outer loop
      vertex -17.2477 -11.4644 3
      vertex -16.3669 -11.216 3
      vertex -17.4321 -10.6961 2.2
    endloop
  endfacet
  facet normal -0.667763 0.246353 0.702427
    outer loop
      vertex -9.83733 -4.20952 2.2
      vertex -9.10366 -4.50188 3
      vertex -9.53838 -3.39919 2.2
    endloop
  endfacet
  facet normal -0.667745 0.246398 0.702427
    outer loop
      vertex -9.10366 -4.50188 3
      vertex -9.83733 -4.20952 2.2
      vertex -9.10735 -4.51188 3
    endloop
  endfacet
  facet normal -0.620988 0.347777 0.702443
    outer loop
      vertex -9.94727 -6.16032 3
      vertex -9.50013 -5.36191 3
      vertex -10.621 -5.74748 2.2
    endloop
  endfacet
  facet normal -0.440611 0.558959 0.702444
    outer loop
      vertex -12.3429 -8.96528 3
      vertex -12.8561 -8.36446 2.2
      vertex -13.0616 -9.53181 3
    endloop
  endfacet
  facet normal -0.483112 0.522672 0.702436
    outer loop
      vertex -12.8561 -8.36446 2.2
      vertex -12.3351 -8.95804 3
      vertex -12.2218 -7.77817 2.2
    endloop
  endfacet
  facet normal -0.48422 0.521673 0.702416
    outer loop
      vertex -12.3351 -8.95804 3
      vertex -12.8561 -8.36446 2.2
      vertex -12.3429 -8.96528 3
    endloop
  endfacet
  facet normal -0.0836374 0.706839 0.702413
    outer loop
      vertex -19.137 -10.9661 2.2
      vertex -19.0644 -11.7525 3
      vertex -18.2792 -10.8646 2.2
    endloop
  endfacet
  facet normal -0.0866484 0.706518 0.702371
    outer loop
      vertex -19.0644 -11.7525 3
      vertex -19.137 -10.9661 2.2
      vertex -19.075 -11.7538 3
    endloop
  endfacet
  facet normal 0.0268402 -0.711266 0.70241
    outer loop
      vertex -20.863 10.9661 2.2
      vertex -20.9144 11.7542 3
      vertex -20.925 11.7538 3
    endloop
  endfacet
  facet normal 0.0279374 -0.711209 0.702425
    outer loop
      vertex -20.9144 11.7542 3
      vertex -20.863 10.9661 2.2
      vertex -20 11 2.2
    endloop
  endfacet
  facet normal 0.522672 -0.483165 0.7024
    outer loop
      vertex -28.958 7.6649 3
      vertex -28.3645 7.14393 2.2
      vertex -27.7782 7.77817 2.2
    endloop
  endfacet
  facet normal 0.520648 -0.485406 0.702358
    outer loop
      vertex -28.3645 7.14393 2.2
      vertex -28.958 7.6649 3
      vertex -28.9653 7.65707 3
    endloop
  endfacet
  facet normal 0.646401 0.297995 0.702399
    outer loop
      vertex -30.5095 -5.34292 3
      vertex -29.8011 -4.99389 2.2
      vertex -30.1627 -4.20952 2.2
    endloop
  endfacet
  facet normal 0.648032 0.29456 0.702345
    outer loop
      vertex -29.8011 -4.99389 2.2
      vertex -30.5095 -5.34292 3
      vertex -30.5051 -5.3526 3
    endloop
  endfacet
  facet normal 0.558971 -0.440633 0.70242
    outer loop
      vertex -28.3645 7.14393 2.2
      vertex -28.9653 7.65707 3
      vertex -29.5318 6.93843 3
    endloop
  endfacet
  facet normal 0.620977 -0.347818 0.702432
    outer loop
      vertex -29.379 5.74748 2.2
      vertex -30.0527 6.16032 3
      vertex -30.4999 5.36191 3
    endloop
  endfacet
  facet normal 0.347833 0.620996 0.702407
    outer loop
      vertex -25.3619 -10.4999 3
      vertex -25.7475 -9.37904 2.2
      vertex -26.1603 -10.0527 3
    endloop
  endfacet
  facet normal 0.706509 0.0867455 0.702368
    outer loop
      vertex -31.7525 -0.93563 3
      vertex -30.9661 -0.86305 2.2
      vertex -31.7538 -0.925042 3
    endloop
  endfacet
  facet normal 0.706839 0.0836442 0.702412
    outer loop
      vertex -30.9661 -0.86305 2.2
      vertex -31.7525 -0.93563 3
      vertex -30.8646 -1.72078 2.2
    endloop
  endfacet
  facet normal 0.620977 0.347821 0.70243
    outer loop
      vertex -29.8011 -4.99389 2.2
      vertex -30.4999 -5.36191 3
      vertex -29.379 -5.74748 2.2
    endloop
  endfacet
  facet normal 0.621386 0.347068 0.702441
    outer loop
      vertex -30.4999 -5.36191 3
      vertex -29.8011 -4.99389 2.2
      vertex -30.5051 -5.3526 3
    endloop
  endfacet
  facet normal 0.71121 0.0279358 0.702424
    outer loop
      vertex -31.7542 -0.914388 3
      vertex -30.9661 -0.86305 2.2
      vertex -31 0 2.2
    endloop
  endfacet
  facet normal 0.711274 0.0267045 0.702407
    outer loop
      vertex -30.9661 -0.86305 2.2
      vertex -31.7542 -0.914388 3
      vertex -31.7538 -0.925042 3
    endloop
  endfacet
  facet normal 0.0279229 0.711218 0.702417
    outer loop
      vertex -20 -11.7901 3
      vertex -20 -11 2.2
      vertex -20.9144 -11.7542 3
    endloop
  endfacet
  facet normal 0.685029 -0.193203 0.70243
    outer loop
      vertex -30.6961 2.5679 2.2
      vertex -31.216 3.63309 3
      vertex -31.4644 2.75235 3
    endloop
  endfacet
  facet normal -0.0279229 0.711218 0.702417
    outer loop
      vertex -19.0856 -11.7542 3
      vertex -20 -11 2.2
      vertex -20 -11.7901 3
    endloop
  endfacet
  facet normal 0.395416 -0.591837 0.702406
    outer loop
      vertex -25.7475 9.37904 2.2
      vertex -26.1603 10.0527 3
      vertex -26.9212 9.54433 3
    endloop
  endfacet
  facet normal 0.395443 -0.591785 0.702435
    outer loop
      vertex -26.9212 9.54433 3
      vertex -26.4656 8.89919 2.2
      vertex -25.7475 9.37904 2.2
    endloop
  endfacet
  facet normal 0.394203 -0.592636 0.702415
    outer loop
      vertex -26.4656 8.89919 2.2
      vertex -26.9212 9.54433 3
      vertex -26.9301 9.53841 3
    endloop
  endfacet
  facet normal -0.48422 -0.521673 0.702416
    outer loop
      vertex -12.8561 8.36446 2.2
      vertex -12.3351 8.95804 3
      vertex -12.3429 8.96528 3
    endloop
  endfacet
  facet normal -0.483112 -0.522672 0.702436
    outer loop
      vertex -12.3351 8.95804 3
      vertex -12.8561 8.36446 2.2
      vertex -12.2218 7.77817 2.2
    endloop
  endfacet
  facet normal 0.685029 0.193203 0.70243
    outer loop
      vertex -31.216 -3.63309 3
      vertex -30.6961 -2.5679 2.2
      vertex -31.4644 -2.75235 3
    endloop
  endfacet
  facet normal 0.684999 0.193233 0.702451
    outer loop
      vertex -31.216 -3.63309 3
      vertex -30.4616 -3.39919 2.2
      vertex -30.6961 -2.5679 2.2
    endloop
  endfacet
  facet normal 0.684895 0.193586 0.702455
    outer loop
      vertex -30.4616 -3.39919 2.2
      vertex -31.216 -3.63309 3
      vertex -31.2131 -3.64335 3
    endloop
  endfacet
  facet normal 0.59184 0.395406 0.702409
    outer loop
      vertex -29.5443 -6.9212 3
      vertex -28.8992 -6.46564 2.2
      vertex -29.379 -5.74748 2.2
    endloop
  endfacet
  facet normal 0.592449 0.39452 0.702395
    outer loop
      vertex -28.8992 -6.46564 2.2
      vertex -29.5443 -6.9212 3
      vertex -29.5384 -6.93006 3
    endloop
  endfacet
  facet normal 0.711218 0.0279233 0.702417
    outer loop
      vertex -31.7542 -0.914388 3
      vertex -31 0 2.2
      vertex -31.7901 0 3
    endloop
  endfacet
  facet normal 0.711218 -0.0279233 0.702417
    outer loop
      vertex -31 0 2.2
      vertex -31.7542 0.914388 3
      vertex -31.7901 0 3
    endloop
  endfacet
  facet normal 0.591802 -0.395426 0.702431
    outer loop
      vertex -29.379 5.74748 2.2
      vertex -29.5443 6.9212 3
      vertex -30.0527 6.16032 3
    endloop
  endfacet
  facet normal -0.246379 0.667742 0.702437
    outer loop
      vertex -16.3567 -11.2131 3
      vertex -15.4981 -10.8963 3
      vertex -16.6008 -10.4616 2.2
    endloop
  endfacet
  facet normal 0.667728 -0.246393 0.702446
    outer loop
      vertex -30.4616 3.39919 2.2
      vertex -30.8963 4.50188 3
      vertex -31.2131 3.64335 3
    endloop
  endfacet
  facet normal -0.55891 -0.440717 0.702416
    outer loop
      vertex -10.4682 6.93843 3
      vertex -11.1008 6.46564 2.2
      vertex -10.4616 6.93006 3
    endloop
  endfacet
  facet normal -0.55897 -0.440639 0.702417
    outer loop
      vertex -11.1008 6.46564 2.2
      vertex -10.4682 6.93843 3
      vertex -11.6355 7.14393 2.2
    endloop
  endfacet
  facet normal -0.193192 -0.685038 0.702424
    outer loop
      vertex -16.3669 11.216 3
      vertex -17.2477 11.4644 3
      vertex -17.4321 10.6961 2.2
    endloop
  endfacet
  facet normal 0.646346 -0.298036 0.702433
    outer loop
      vertex -30.1627 4.20952 2.2
      vertex -30.5095 5.34292 3
      vertex -30.8927 4.51188 3
    endloop
  endfacet
  facet normal 0.246379 0.667742 0.702437
    outer loop
      vertex -23.6433 -11.2131 3
      vertex -23.3992 -10.4616 2.2
      vertex -24.5019 -10.8963 3
    endloop
  endfacet
  facet normal -0.34777 0.620997 0.702438
    outer loop
      vertex -15.0061 -9.80107 2.2
      vertex -14.6381 -10.4999 3
      vertex -14.2525 -9.37904 2.2
    endloop
  endfacet
  facet normal -0.347351 0.621224 0.702444
    outer loop
      vertex -14.6381 -10.4999 3
      vertex -15.0061 -9.80107 2.2
      vertex -14.6474 -10.5051 3
    endloop
  endfacet
  facet normal -0.241121 0.669782 0.70232
    outer loop
      vertex -15.7905 -10.1627 2.2
      vertex -15.4981 -10.8963 3
      vertex -15.4881 -10.8927 3
    endloop
  endfacet
  facet normal -0.246333 0.667795 0.702403
    outer loop
      vertex -15.4981 -10.8963 3
      vertex -15.7905 -10.1627 2.2
      vertex -16.6008 -10.4616 2.2
    endloop
  endfacet
  facet normal -0.0279229 -0.711218 0.702417
    outer loop
      vertex -19.0856 11.7542 3
      vertex -20 11.7901 3
      vertex -20 11 2.2
    endloop
  endfacet
  facet normal 0.648032 -0.29456 0.702345
    outer loop
      vertex -30.5095 5.34292 3
      vertex -29.8011 4.99389 2.2
      vertex -30.5051 5.3526 3
    endloop
  endfacet
  facet normal 0.646401 -0.297995 0.702399
    outer loop
      vertex -29.8011 4.99389 2.2
      vertex -30.5095 5.34292 3
      vertex -30.1627 4.20952 2.2
    endloop
  endfacet
  facet normal 0.443017 0.557127 0.702385
    outer loop
      vertex -26.4656 -8.89919 2.2
      vertex -26.9384 -9.53181 3
      vertex -26.9301 -9.53841 3
    endloop
  endfacet
  facet normal 0.440644 0.558953 0.702427
    outer loop
      vertex -26.9384 -9.53181 3
      vertex -26.4656 -8.89919 2.2
      vertex -27.1439 -8.36446 2.2
    endloop
  endfacet
  facet normal -0.558971 -0.440633 0.70242
    outer loop
      vertex -10.4682 6.93843 3
      vertex -11.0347 7.65707 3
      vertex -11.6355 7.14393 2.2
    endloop
  endfacet
  facet normal 0.440611 0.558959 0.702444
    outer loop
      vertex -26.9384 -9.53181 3
      vertex -27.1439 -8.36446 2.2
      vertex -27.6571 -8.96528 3
    endloop
  endfacet
  facet normal 0.48422 0.521673 0.702416
    outer loop
      vertex -27.1439 -8.36446 2.2
      vertex -27.6649 -8.95804 3
      vertex -27.6571 -8.96528 3
    endloop
  endfacet
  facet normal 0.483112 0.522672 0.702436
    outer loop
      vertex -27.6649 -8.95804 3
      vertex -27.1439 -8.36446 2.2
      vertex -27.7782 -7.77817 2.2
    endloop
  endfacet
  facet normal 0.55897 0.440639 0.702417
    outer loop
      vertex -28.8992 -6.46564 2.2
      vertex -29.5318 -6.93843 3
      vertex -28.3645 -7.14393 2.2
    endloop
  endfacet
  facet normal 0.55891 0.440717 0.702416
    outer loop
      vertex -29.5318 -6.93843 3
      vertex -28.8992 -6.46564 2.2
      vertex -29.5384 -6.93006 3
    endloop
  endfacet
  facet normal 0.298003 0.64639 0.702406
    outer loop
      vertex -24.9939 -9.80107 2.2
      vertex -25.3429 -10.5095 3
      vertex -24.2095 -10.1627 2.2
    endloop
  endfacet
  facet normal 0.294057 0.648263 0.702343
    outer loop
      vertex -25.3429 -10.5095 3
      vertex -24.9939 -9.80107 2.2
      vertex -25.3526 -10.5051 3
    endloop
  endfacet
  facet normal -0.520648 -0.485406 0.702358
    outer loop
      vertex -11.042 7.6649 3
      vertex -11.6355 7.14393 2.2
      vertex -11.0347 7.65707 3
    endloop
  endfacet
  facet normal -0.522672 -0.483165 0.7024
    outer loop
      vertex -11.6355 7.14393 2.2
      vertex -11.042 7.6649 3
      vertex -12.2218 7.77817 2.2
    endloop
  endfacet
  facet normal 0.684895 -0.193586 0.702455
    outer loop
      vertex -31.216 3.63309 3
      vertex -30.4616 3.39919 2.2
      vertex -31.2131 3.64335 3
    endloop
  endfacet
  facet normal 0.684999 -0.193233 0.702451
    outer loop
      vertex -30.4616 3.39919 2.2
      vertex -31.216 3.63309 3
      vertex -30.6961 2.5679 2.2
    endloop
  endfacet
  facet normal 0.698087 0.138856 0.70242
    outer loop
      vertex -30.8646 -1.72078 2.2
      vertex -31.6429 -1.85484 3
      vertex -30.6961 -2.5679 2.2
    endloop
  endfacet
  facet normal 0.697854 0.140105 0.702403
    outer loop
      vertex -31.6429 -1.85484 3
      vertex -30.8646 -1.72078 2.2
      vertex -31.645 -1.84438 3
    endloop
  endfacet
  facet normal 0.698081 0.138837 0.70243
    outer loop
      vertex -31.4644 -2.75235 3
      vertex -30.6961 -2.5679 2.2
      vertex -31.6429 -1.85484 3
    endloop
  endfacet
  facet normal 0.483126 0.522669 0.702429
    outer loop
      vertex -27.6649 -8.95804 3
      vertex -27.7782 -7.77817 2.2
      vertex -28.3369 -8.33688 3
    endloop
  endfacet
  facet normal -0.395416 -0.591837 0.702406
    outer loop
      vertex -13.0788 9.54433 3
      vertex -13.8397 10.0527 3
      vertex -14.2525 9.37904 2.2
    endloop
  endfacet
  facet normal 0.19323 -0.685 0.702451
    outer loop
      vertex -23.6331 11.216 3
      vertex -23.3992 10.4616 2.2
      vertex -22.5679 10.6961 2.2
    endloop
  endfacet
  facet normal 0.194636 -0.684583 0.702469
    outer loop
      vertex -23.3992 10.4616 2.2
      vertex -23.6331 11.216 3
      vertex -23.6433 11.2131 3
    endloop
  endfacet
  facet normal -0.140885 -0.697714 0.702387
    outer loop
      vertex -18.2792 10.8646 2.2
      vertex -18.1452 11.6429 3
      vertex -18.1556 11.645 3
    endloop
  endfacet
  facet normal -0.13886 -0.698091 0.702415
    outer loop
      vertex -18.1452 11.6429 3
      vertex -18.2792 10.8646 2.2
      vertex -17.4321 10.6961 2.2
    endloop
  endfacet
  facet normal -0.440611 -0.558959 0.702444
    outer loop
      vertex -12.8561 8.36446 2.2
      vertex -12.3429 8.96528 3
      vertex -13.0616 9.53181 3
    endloop
  endfacet
  facet normal -0.483126 -0.522669 0.702429
    outer loop
      vertex -12.2218 7.77817 2.2
      vertex -11.6631 8.33688 3
      vertex -12.3351 8.95804 3
    endloop
  endfacet
  facet normal 0.443017 -0.557127 0.702385
    outer loop
      vertex -26.9384 9.53181 3
      vertex -26.4656 8.89919 2.2
      vertex -26.9301 9.53841 3
    endloop
  endfacet
  facet normal 0.440644 -0.558953 0.702427
    outer loop
      vertex -26.4656 8.89919 2.2
      vertex -26.9384 9.53181 3
      vertex -27.1439 8.36446 2.2
    endloop
  endfacet
  facet normal 0.55897 -0.440639 0.702417
    outer loop
      vertex -29.5318 6.93843 3
      vertex -28.8992 6.46564 2.2
      vertex -28.3645 7.14393 2.2
    endloop
  endfacet
  facet normal 0.55891 -0.440717 0.702416
    outer loop
      vertex -28.8992 6.46564 2.2
      vertex -29.5318 6.93843 3
      vertex -29.5384 6.93006 3
    endloop
  endfacet
  facet normal -0.685035 -0.193196 0.702426
    outer loop
      vertex -8.53564 2.75235 3
      vertex -8.78403 3.63309 3
      vertex -9.30393 2.5679 2.2
    endloop
  endfacet
  facet normal 0.522685 0.483109 0.702428
    outer loop
      vertex -28.3369 -8.33688 3
      vertex -27.7782 -7.77817 2.2
      vertex -28.958 -7.6649 3
    endloop
  endfacet
  facet normal 0.558971 0.440633 0.70242
    outer loop
      vertex -28.9653 -7.65707 3
      vertex -28.3645 -7.14393 2.2
      vertex -29.5318 -6.93843 3
    endloop
  endfacet
  facet normal -0.347351 -0.621224 0.702444
    outer loop
      vertex -15.0061 9.80107 2.2
      vertex -14.6381 10.4999 3
      vertex -14.6474 10.5051 3
    endloop
  endfacet
  facet normal -0.34777 -0.620997 0.702438
    outer loop
      vertex -14.6381 10.4999 3
      vertex -15.0061 9.80107 2.2
      vertex -14.2525 9.37904 2.2
    endloop
  endfacet
  facet normal -0.394203 -0.592636 0.702415
    outer loop
      vertex -13.0788 9.54433 3
      vertex -13.5344 8.89919 2.2
      vertex -13.0699 9.53841 3
    endloop
  endfacet
  facet normal -0.395443 -0.591785 0.702435
    outer loop
      vertex -13.5344 8.89919 2.2
      vertex -13.0788 9.54433 3
      vertex -14.2525 9.37904 2.2
    endloop
  endfacet
  facet normal 0.298045 -0.646334 0.70244
    outer loop
      vertex -24.2095 10.1627 2.2
      vertex -24.5119 10.8927 3
      vertex -25.3429 10.5095 3
    endloop
  endfacet
  facet normal 0.246333 -0.667795 0.702403
    outer loop
      vertex -24.5019 10.8963 3
      vertex -24.2095 10.1627 2.2
      vertex -23.3992 10.4616 2.2
    endloop
  endfacet
  facet normal 0.241121 -0.669782 0.70232
    outer loop
      vertex -24.2095 10.1627 2.2
      vertex -24.5019 10.8963 3
      vertex -24.5119 10.8927 3
    endloop
  endfacet
  facet normal 0.140885 -0.697714 0.702387
    outer loop
      vertex -21.8548 11.6429 3
      vertex -21.7208 10.8646 2.2
      vertex -21.8444 11.645 3
    endloop
  endfacet
  facet normal 0.13886 -0.698091 0.702415
    outer loop
      vertex -21.7208 10.8646 2.2
      vertex -21.8548 11.6429 3
      vertex -22.5679 10.6961 2.2
    endloop
  endfacet
  facet normal 0.138839 -0.698085 0.702425
    outer loop
      vertex -22.5679 10.6961 2.2
      vertex -21.8548 11.6429 3
      vertex -22.7523 11.4644 3
    endloop
  endfacet
  facet normal -0.246379 -0.667742 0.702437
    outer loop
      vertex -15.4981 10.8963 3
      vertex -16.3567 11.2131 3
      vertex -16.6008 10.4616 2.2
    endloop
  endfacet
  facet normal -0.194636 -0.684583 0.702469
    outer loop
      vertex -16.3669 11.216 3
      vertex -16.6008 10.4616 2.2
      vertex -16.3567 11.2131 3
    endloop
  endfacet
  facet normal -0.19323 -0.685 0.702451
    outer loop
      vertex -16.6008 10.4616 2.2
      vertex -16.3669 11.216 3
      vertex -17.4321 10.6961 2.2
    endloop
  endfacet
  facet normal -0.241121 -0.669782 0.70232
    outer loop
      vertex -15.4981 10.8963 3
      vertex -15.7905 10.1627 2.2
      vertex -15.4881 10.8927 3
    endloop
  endfacet
  facet normal -0.246333 -0.667795 0.702403
    outer loop
      vertex -15.7905 10.1627 2.2
      vertex -15.4981 10.8963 3
      vertex -16.6008 10.4616 2.2
    endloop
  endfacet
  facet normal 0.483126 -0.522669 0.702429
    outer loop
      vertex -27.7782 7.77817 2.2
      vertex -27.6649 8.95804 3
      vertex -28.3369 8.33688 3
    endloop
  endfacet
  facet normal -0.443017 -0.557127 0.702385
    outer loop
      vertex -13.5344 8.89919 2.2
      vertex -13.0616 9.53181 3
      vertex -13.0699 9.53841 3
    endloop
  endfacet
  facet normal -0.440644 -0.558953 0.702427
    outer loop
      vertex -13.0616 9.53181 3
      vertex -13.5344 8.89919 2.2
      vertex -12.8561 8.36446 2.2
    endloop
  endfacet
  facet normal -0.0866484 -0.706518 0.702371
    outer loop
      vertex -19.137 10.9661 2.2
      vertex -19.0644 11.7525 3
      vertex -19.075 11.7538 3
    endloop
  endfacet
  facet normal -0.0836374 -0.706839 0.702413
    outer loop
      vertex -19.0644 11.7525 3
      vertex -19.137 10.9661 2.2
      vertex -18.2792 10.8646 2.2
    endloop
  endfacet
  facet normal -0.0279374 -0.711209 0.702425
    outer loop
      vertex -19.137 10.9661 2.2
      vertex -19.0856 11.7542 3
      vertex -20 11 2.2
    endloop
  endfacet
  facet normal -0.0268402 -0.711266 0.70241
    outer loop
      vertex -19.0856 11.7542 3
      vertex -19.137 10.9661 2.2
      vertex -19.075 11.7538 3
    endloop
  endfacet
  facet normal -0.646453 -0.297849 0.702414
    outer loop
      vertex -10.1989 4.99389 2.2
      vertex -9.49046 5.34292 3
      vertex -9.49492 5.3526 3
    endloop
  endfacet
  facet normal -0.646396 -0.297968 0.702416
    outer loop
      vertex -9.49046 5.34292 3
      vertex -10.1989 4.99389 2.2
      vertex -9.83733 4.20952 2.2
    endloop
  endfacet
  facet normal -0.298045 -0.646334 0.70244
    outer loop
      vertex -14.6571 10.5095 3
      vertex -15.4881 10.8927 3
      vertex -15.7905 10.1627 2.2
    endloop
  endfacet
  facet normal -0.620988 -0.347777 0.702443
    outer loop
      vertex -9.50013 5.36191 3
      vertex -9.94727 6.16032 3
      vertex -10.621 5.74748 2.2
    endloop
  endfacet
  facet normal -0.69808 -0.13886 0.702426
    outer loop
      vertex -8.35711 1.85484 3
      vertex -8.53564 2.75235 3
      vertex -9.30393 2.5679 2.2
    endloop
  endfacet
  facet normal -0.522685 -0.483109 0.702428
    outer loop
      vertex -11.042 7.6649 3
      vertex -11.6631 8.33688 3
      vertex -12.2218 7.77817 2.2
    endloop
  endfacet
  facet normal 0.592449 -0.39452 0.702395
    outer loop
      vertex -29.5443 6.9212 3
      vertex -28.8992 6.46564 2.2
      vertex -29.5384 6.93006 3
    endloop
  endfacet
  facet normal 0.59184 -0.395406 0.702409
    outer loop
      vertex -28.8992 6.46564 2.2
      vertex -29.5443 6.9212 3
      vertex -29.379 5.74748 2.2
    endloop
  endfacet
  facet normal -0.698085 -0.138816 0.702429
    outer loop
      vertex -8.35711 1.85484 3
      vertex -9.13543 1.72078 2.2
      vertex -8.35503 1.84438 3
    endloop
  endfacet
  facet normal -0.698078 -0.138854 0.702429
    outer loop
      vertex -9.13543 1.72078 2.2
      vertex -8.35711 1.85484 3
      vertex -9.30393 2.5679 2.2
    endloop
  endfacet
  facet normal -0.646378 -0.297981 0.702426
    outer loop
      vertex -9.10735 4.51188 3
      vertex -9.49046 5.34292 3
      vertex -9.83733 4.20952 2.2
    endloop
  endfacet
  facet normal -0.592449 -0.39452 0.702395
    outer loop
      vertex -11.1008 6.46564 2.2
      vertex -10.4557 6.9212 3
      vertex -10.4616 6.93006 3
    endloop
  endfacet
  facet normal -0.59184 -0.395406 0.702409
    outer loop
      vertex -10.4557 6.9212 3
      vertex -11.1008 6.46564 2.2
      vertex -10.621 5.74748 2.2
    endloop
  endfacet
  facet normal -0.684915 -0.193592 0.702434
    outer loop
      vertex -9.53838 3.39919 2.2
      vertex -8.78403 3.63309 3
      vertex -8.78693 3.64335 3
    endloop
  endfacet
  facet normal -0.685031 -0.1932 0.702429
    outer loop
      vertex -8.78403 3.63309 3
      vertex -9.53838 3.39919 2.2
      vertex -9.30393 2.5679 2.2
    endloop
  endfacet
  facet normal -0.70682 -0.0836595 0.702429
    outer loop
      vertex -8.24747 0.93563 3
      vertex -8.35503 1.84438 3
      vertex -9.13543 1.72078 2.2
    endloop
  endfacet
  facet normal -0.70682 -0.0836584 0.702429
    outer loop
      vertex -9.03391 0.86305 2.2
      vertex -8.24747 0.93563 3
      vertex -9.13543 1.72078 2.2
    endloop
  endfacet
  facet normal -0.706842 -0.0834485 0.702432
    outer loop
      vertex -8.24747 0.93563 3
      vertex -9.03391 0.86305 2.2
      vertex -8.24622 0.925042 3
    endloop
  endfacet
  facet normal 0 0 1
    outer loop
      vertex -19.9034 -16.4466 2.4
      vertex -20.8992 -16.7882 2.4
      vertex -19.9034 -16.7882 2.4
    endloop
  endfacet
  facet normal 0 0 1
    outer loop
      vertex -20.8992 -16.7882 2.4
      vertex -21.2868 -16.7882 2.4
      vertex -20.8992 -19.4841 2.4
    endloop
  endfacet
  facet normal 0 0 1
    outer loop
      vertex -19.9034 -16.4466 2.4
      vertex -21.2868 -16.7882 2.4
      vertex -20.8992 -16.7882 2.4
    endloop
  endfacet
  facet normal -0 0 1
    outer loop
      vertex -22.2867 -16.4466 2.4
      vertex -21.2868 -16.7882 2.4
      vertex -19.9034 -16.4466 2.4
    endloop
  endfacet
  facet normal 0 0 1
    outer loop
      vertex -21.2868 -16.7882 2.4
      vertex -22.2867 -16.4466 2.4
      vertex -22.2867 -16.7882 2.4
    endloop
  endfacet
  facet normal 0 0 1
    outer loop
      vertex -20.8992 -19.4841 2.4
      vertex -21.2868 -16.7882 2.4
      vertex -21.2868 -19.4841 2.4
    endloop
  endfacet
  facet normal 0 0 1
    outer loop
      vertex -17.7614 -17.283 2.4
      vertex -18.14 -17.2726 2.4
      vertex -18.1339 -17.3591 2.4
    endloop
  endfacet
  facet normal 0 0 1
    outer loop
      vertex -18.0827 -16.6638 2.4
      vertex -18.1577 -17.191 2.4
      vertex -18.14 -17.2726 2.4
    endloop
  endfacet
  facet normal 0 0 1
    outer loop
      vertex -18.0827 -16.6638 2.4
      vertex -18.1864 -17.115 2.4
      vertex -18.1577 -17.191 2.4
    endloop
  endfacet
  facet normal 0 0 1
    outer loop
      vertex -18.33 -16.9273 2.4
      vertex -18.1337 -16.6268 2.4
      vertex -18.1868 -16.5938 2.4
    endloop
  endfacet
  facet normal 0 0 1
    outer loop
      vertex -18.0827 -16.6638 2.4
      vertex -18.2251 -17.0452 2.4
      vertex -18.1864 -17.115 2.4
    endloop
  endfacet
  facet normal 0 0 1
    outer loop
      vertex -18.3947 -16.8807 2.4
      vertex -18.1868 -16.5938 2.4
      vertex -18.2424 -16.5648 2.4
    endloop
  endfacet
  facet normal 0 0 1
    outer loop
      vertex -18.0827 -16.6638 2.4
      vertex -18.2733 -16.9824 2.4
      vertex -18.2251 -17.0452 2.4
    endloop
  endfacet
  facet normal 0 0 1
    outer loop
      vertex -18.3947 -16.8807 2.4
      vertex -18.2424 -16.5648 2.4
      vertex -18.3004 -16.5399 2.4
    endloop
  endfacet
  facet normal 0 0 1
    outer loop
      vertex -18.0827 -16.6638 2.4
      vertex -18.33 -16.9273 2.4
      vertex -18.2733 -16.9824 2.4
    endloop
  endfacet
  facet normal 0 0 1
    outer loop
      vertex -18.4665 -16.8431 2.4
      vertex -18.3004 -16.5399 2.4
      vertex -18.3609 -16.5188 2.4
    endloop
  endfacet
  facet normal 0 0 1
    outer loop
      vertex -18.1868 -16.5938 2.4
      vertex -18.3947 -16.8807 2.4
      vertex -18.33 -16.9273 2.4
    endloop
  endfacet
  facet normal 0 0 1
    outer loop
      vertex -18.4665 -16.8431 2.4
      vertex -18.3609 -16.5188 2.4
      vertex -18.424 -16.5017 2.4
    endloop
  endfacet
  facet normal 0 0 1
    outer loop
      vertex -18.3004 -16.5399 2.4
      vertex -18.4665 -16.8431 2.4
      vertex -18.3947 -16.8807 2.4
    endloop
  endfacet
  facet normal 0 0 1
    outer loop
      vertex -18.5447 -16.8154 2.4
      vertex -18.424 -16.5017 2.4
      vertex -18.4899 -16.4885 2.4
    endloop
  endfacet
  facet normal 0 0 1
    outer loop
      vertex -18.424 -16.5017 2.4
      vertex -18.5447 -16.8154 2.4
      vertex -18.4665 -16.8431 2.4
    endloop
  endfacet
  facet normal 0 0 1
    outer loop
      vertex -18.5586 -16.479 2.4
      vertex -18.5447 -16.8154 2.4
      vertex -18.4899 -16.4885 2.4
    endloop
  endfacet
  facet normal 0 0 1
    outer loop
      vertex -18.5586 -16.479 2.4
      vertex -18.6286 -16.7983 2.4
      vertex -18.5447 -16.8154 2.4
    endloop
  endfacet
  facet normal 0 0 1
    outer loop
      vertex -18.6302 -16.4734 2.4
      vertex -18.6286 -16.7983 2.4
      vertex -18.5586 -16.479 2.4
    endloop
  endfacet
  facet normal 0 0 1
    outer loop
      vertex -18.7173 -16.7924 2.4
      vertex -18.6302 -16.4734 2.4
      vertex -18.7048 -16.4716 2.4
    endloop
  endfacet
  facet normal 0 0 1
    outer loop
      vertex -18.6302 -16.4734 2.4
      vertex -18.7173 -16.7924 2.4
      vertex -18.6286 -16.7983 2.4
    endloop
  endfacet
  facet normal -0 0 1
    outer loop
      vertex -18.8047 -16.4749 2.4
      vertex -18.7173 -16.7924 2.4
      vertex -18.7048 -16.4716 2.4
    endloop
  endfacet
  facet normal 0 0 1
    outer loop
      vertex -18.7173 -16.7924 2.4
      vertex -18.8047 -16.4749 2.4
      vertex -18.7767 -16.7952 2.4
    endloop
  endfacet
  facet normal 0 0 1
    outer loop
      vertex -18.8047 -16.4749 2.4
      vertex -18.8344 -16.8033 2.4
      vertex -18.7767 -16.7952 2.4
    endloop
  endfacet
  facet normal -0 0 1
    outer loop
      vertex -18.8997 -16.4847 2.4
      vertex -18.8344 -16.8033 2.4
      vertex -18.8047 -16.4749 2.4
    endloop
  endfacet
  facet normal 0 0 1
    outer loop
      vertex -18.8344 -16.8033 2.4
      vertex -18.8997 -16.4847 2.4
      vertex -18.8901 -16.8167 2.4
    endloop
  endfacet
  facet normal -0 0 1
    outer loop
      vertex -18.9898 -16.5011 2.4
      vertex -18.8901 -16.8167 2.4
      vertex -18.8997 -16.4847 2.4
    endloop
  endfacet
  facet normal 0 0 1
    outer loop
      vertex -18.8901 -16.8167 2.4
      vertex -18.9898 -16.5011 2.4
      vertex -18.9434 -16.835 2.4
    endloop
  endfacet
  facet normal -0 0 1
    outer loop
      vertex -19.0749 -16.5241 2.4
      vertex -18.9434 -16.835 2.4
      vertex -18.9898 -16.5011 2.4
    endloop
  endfacet
  facet normal 0 0 1
    outer loop
      vertex -18.9434 -16.835 2.4
      vertex -19.0749 -16.5241 2.4
      vertex -18.9941 -16.8582 2.4
    endloop
  endfacet
  facet normal -0 0 1
    outer loop
      vertex -19.1548 -16.5534 2.4
      vertex -18.9941 -16.8582 2.4
      vertex -19.0749 -16.5241 2.4
    endloop
  endfacet
  facet normal 0 0 1
    outer loop
      vertex -18.9941 -16.8582 2.4
      vertex -19.1548 -16.5534 2.4
      vertex -19.0418 -16.8861 2.4
    endloop
  endfacet
  facet normal -0 0 1
    outer loop
      vertex -19.2295 -16.5892 2.4
      vertex -19.0418 -16.8861 2.4
      vertex -19.1548 -16.5534 2.4
    endloop
  endfacet
  facet normal 0 0 1
    outer loop
      vertex -19.0418 -16.8861 2.4
      vertex -19.2295 -16.5892 2.4
      vertex -19.0862 -16.9184 2.4
    endloop
  endfacet
  facet normal -0 0 1
    outer loop
      vertex -19.2989 -16.6314 2.4
      vertex -19.0862 -16.9184 2.4
      vertex -19.2295 -16.5892 2.4
    endloop
  endfacet
  facet normal -0 0 1
    outer loop
      vertex -19.3629 -16.6799 2.4
      vertex -19.0862 -16.9184 2.4
      vertex -19.2989 -16.6314 2.4
    endloop
  endfacet
  facet normal 0 0 1
    outer loop
      vertex -19.0862 -16.9184 2.4
      vertex -19.3629 -16.6799 2.4
      vertex -19.1272 -16.9549 2.4
    endloop
  endfacet
  facet normal -0 0 1
    outer loop
      vertex -19.4214 -16.7348 2.4
      vertex -19.1272 -16.9549 2.4
      vertex -19.3629 -16.6799 2.4
    endloop
  endfacet
  facet normal 0 0 1
    outer loop
      vertex -19.1272 -16.9549 2.4
      vertex -19.4214 -16.7348 2.4
      vertex -19.1642 -16.9955 2.4
    endloop
  endfacet
  facet normal -0 0 1
    outer loop
      vertex -19.4743 -16.7959 2.4
      vertex -19.1642 -16.9955 2.4
      vertex -19.4214 -16.7348 2.4
    endloop
  endfacet
  facet normal 0 0 1
    outer loop
      vertex -19.1642 -16.9955 2.4
      vertex -19.4743 -16.7959 2.4
      vertex -19.1972 -17.04 2.4
    endloop
  endfacet
  facet normal -0 0 1
    outer loop
      vertex -19.5215 -16.8632 2.4
      vertex -19.1972 -17.04 2.4
      vertex -19.4743 -16.7959 2.4
    endloop
  endfacet
  facet normal 0 0 1
    outer loop
      vertex -19.1972 -17.04 2.4
      vertex -19.5215 -16.8632 2.4
      vertex -19.2256 -17.0882 2.4
    endloop
  endfacet
  facet normal -0 0 1
    outer loop
      vertex -19.5484 -16.9072 2.4
      vertex -19.2256 -17.0882 2.4
      vertex -19.5215 -16.8632 2.4
    endloop
  endfacet
  facet normal -0 0 1
    outer loop
      vertex -19.5726 -16.953 2.4
      vertex -19.2256 -17.0882 2.4
      vertex -19.5484 -16.9072 2.4
    endloop
  endfacet
  facet normal 0 0 1
    outer loop
      vertex -19.2256 -17.0882 2.4
      vertex -19.5726 -16.953 2.4
      vertex -19.2386 -17.1161 2.4
    endloop
  endfacet
  facet normal -0 0 1
    outer loop
      vertex -19.5941 -17.0011 2.4
      vertex -19.2386 -17.1161 2.4
      vertex -19.5726 -16.953 2.4
    endloop
  endfacet
  facet normal 0 0 1
    outer loop
      vertex -19.2386 -17.1161 2.4
      vertex -19.5941 -17.0011 2.4
      vertex -19.2505 -17.1452 2.4
    endloop
  endfacet
  facet normal -0 0 1
    outer loop
      vertex -19.6129 -17.0517 2.4
      vertex -19.2505 -17.1452 2.4
      vertex -19.5941 -17.0011 2.4
    endloop
  endfacet
  facet normal 0 0 1
    outer loop
      vertex -19.2505 -17.1452 2.4
      vertex -19.6129 -17.0517 2.4
      vertex -19.2612 -17.176 2.4
    endloop
  endfacet
  facet normal -0 0 1
    outer loop
      vertex -19.6293 -17.1055 2.4
      vertex -19.2612 -17.176 2.4
      vertex -19.6129 -17.0517 2.4
    endloop
  endfacet
  facet normal 0 0 1
    outer loop
      vertex -19.2612 -17.176 2.4
      vertex -19.6293 -17.1055 2.4
      vertex -19.2708 -17.2086 2.4
    endloop
  endfacet
  facet normal -0 0 1
    outer loop
      vertex -19.6432 -17.1626 2.4
      vertex -19.2708 -17.2086 2.4
      vertex -19.6293 -17.1055 2.4
    endloop
  endfacet
  facet normal 0 0 1
    outer loop
      vertex -19.2708 -17.2086 2.4
      vertex -19.6432 -17.1626 2.4
      vertex -19.2795 -17.2434 2.4
    endloop
  endfacet
  facet normal 0 0 1
    outer loop
      vertex -19.2795 -17.2434 2.4
      vertex -19.6432 -17.1626 2.4
      vertex -19.2871 -17.2806 2.4
    endloop
  endfacet
  facet normal -0 0 1
    outer loop
      vertex -19.6548 -17.2235 2.4
      vertex -19.2871 -17.2806 2.4
      vertex -19.6432 -17.1626 2.4
    endloop
  endfacet
  facet normal 0 0 1
    outer loop
      vertex -19.2871 -17.2806 2.4
      vertex -19.6548 -17.2235 2.4
      vertex -19.2939 -17.3206 2.4
    endloop
  endfacet
  facet normal -0 0 1
    outer loop
      vertex -19.6642 -17.2886 2.4
      vertex -19.2939 -17.3206 2.4
      vertex -19.6548 -17.2235 2.4
    endloop
  endfacet
  facet normal 0 0 1
    outer loop
      vertex -19.2939 -17.3206 2.4
      vertex -19.6642 -17.2886 2.4
      vertex -19.2998 -17.3635 2.4
    endloop
  endfacet
  facet normal -0 0 1
    outer loop
      vertex -19.6714 -17.3584 2.4
      vertex -19.2998 -17.3635 2.4
      vertex -19.6642 -17.2886 2.4
    endloop
  endfacet
  facet normal 0 0 1
    outer loop
      vertex -19.2998 -17.3635 2.4
      vertex -19.6714 -17.3584 2.4
      vertex -19.305 -17.4098 2.4
    endloop
  endfacet
  facet normal 0 0 1
    outer loop
      vertex -19.6766 -17.4331 2.4
      vertex -19.305 -17.4098 2.4
      vertex -19.6714 -17.3584 2.4
    endloop
  endfacet
  facet normal 0 0 1
    outer loop
      vertex -19.305 -17.4098 2.4
      vertex -19.6766 -17.4331 2.4
      vertex -19.3094 -17.4596 2.4
    endloop
  endfacet
  facet normal 0 0 1
    outer loop
      vertex -19.3094 -17.4596 2.4
      vertex -19.6766 -17.4331 2.4
      vertex -19.3131 -17.5132 2.4
    endloop
  endfacet
  facet normal 0 0 1
    outer loop
      vertex -19.3131 -17.5132 2.4
      vertex -19.6766 -17.4331 2.4
      vertex -19.6798 -17.5132 2.4
    endloop
  endfacet
  facet normal 0 0 1
    outer loop
      vertex -18.1339 -17.3591 2.4
      vertex -17.7589 -17.3507 2.4
      vertex -17.7614 -17.283 2.4
    endloop
  endfacet
  facet normal -0 0 1
    outer loop
      vertex -18.14 -17.2726 2.4
      vertex -17.7614 -17.283 2.4
      vertex -17.7687 -17.2164 2.4
    endloop
  endfacet
  facet normal 0 0 1
    outer loop
      vertex -17.7589 -17.3507 2.4
      vertex -18.1339 -17.3591 2.4
      vertex -17.7642 -17.4503 2.4
    endloop
  endfacet
  facet normal 0 0 1
    outer loop
      vertex -18.14 -17.2726 2.4
      vertex -17.7687 -17.2164 2.4
      vertex -17.7807 -17.151 2.4
    endloop
  endfacet
  facet normal 0 0 1
    outer loop
      vertex -18.14 -17.2726 2.4
      vertex -17.7807 -17.151 2.4
      vertex -17.7974 -17.0872 2.4
    endloop
  endfacet
  facet normal -0 0 1
    outer loop
      vertex -18.1373 -17.4241 2.4
      vertex -17.7642 -17.4503 2.4
      vertex -18.1339 -17.3591 2.4
    endloop
  endfacet
  facet normal 0 0 1
    outer loop
      vertex -18.14 -17.2726 2.4
      vertex -17.7974 -17.0872 2.4
      vertex -17.8186 -17.0252 2.4
    endloop
  endfacet
  facet normal 0 0 1
    outer loop
      vertex -17.7642 -17.4503 2.4
      vertex -18.1373 -17.4241 2.4
      vertex -17.78 -17.5467 2.4
    endloop
  endfacet
  facet normal 0 0 1
    outer loop
      vertex -18.14 -17.2726 2.4
      vertex -17.8186 -17.0252 2.4
      vertex -17.8441 -16.9653 2.4
    endloop
  endfacet
  facet normal 0 0 1
    outer loop
      vertex -18.14 -17.2726 2.4
      vertex -17.8441 -16.9653 2.4
      vertex -17.874 -16.9077 2.4
    endloop
  endfacet
  facet normal -0 0 1
    outer loop
      vertex -18.1475 -17.4874 2.4
      vertex -17.78 -17.5467 2.4
      vertex -18.1373 -17.4241 2.4
    endloop
  endfacet
  facet normal 0 0 1
    outer loop
      vertex -18.14 -17.2726 2.4
      vertex -17.874 -16.9077 2.4
      vertex -17.908 -16.8526 2.4
    endloop
  endfacet
  facet normal 0 0 1
    outer loop
      vertex -18.14 -17.2726 2.4
      vertex -17.908 -16.8526 2.4
      vertex -17.9461 -16.8002 2.4
    endloop
  endfacet
  facet normal 0 0 1
    outer loop
      vertex -17.78 -17.5467 2.4
      vertex -18.1475 -17.4874 2.4
      vertex -17.8061 -17.6399 2.4
    endloop
  endfacet
  facet normal 0 0 1
    outer loop
      vertex -18.14 -17.2726 2.4
      vertex -17.9461 -16.8002 2.4
      vertex -17.9881 -16.7509 2.4
    endloop
  endfacet
  facet normal -0 0 1
    outer loop
      vertex -18.1644 -17.5489 2.4
      vertex -17.8061 -17.6399 2.4
      vertex -18.1475 -17.4874 2.4
    endloop
  endfacet
  facet normal 0 0 1
    outer loop
      vertex -18.14 -17.2726 2.4
      vertex -17.9881 -16.7509 2.4
      vertex -18.0339 -16.7049 2.4
    endloop
  endfacet
  facet normal 0 0 1
    outer loop
      vertex -18.14 -17.2726 2.4
      vertex -18.0339 -16.7049 2.4
      vertex -18.0827 -16.6638 2.4
    endloop
  endfacet
  facet normal 0 0 1
    outer loop
      vertex -17.8061 -17.6399 2.4
      vertex -18.1644 -17.5489 2.4
      vertex -17.8426 -17.7297 2.4
    endloop
  endfacet
  facet normal 0 0 1
    outer loop
      vertex -18.33 -16.9273 2.4
      vertex -18.0827 -16.6638 2.4
      vertex -18.1337 -16.6268 2.4
    endloop
  endfacet
  facet normal -0 0 1
    outer loop
      vertex -18.1879 -17.6083 2.4
      vertex -17.8426 -17.7297 2.4
      vertex -18.1644 -17.5489 2.4
    endloop
  endfacet
  facet normal 0 0 1
    outer loop
      vertex -17.8426 -17.7297 2.4
      vertex -18.1879 -17.6083 2.4
      vertex -17.8895 -17.8161 2.4
    endloop
  endfacet
  facet normal -0 0 1
    outer loop
      vertex -18.218 -17.6656 2.4
      vertex -17.8895 -17.8161 2.4
      vertex -18.1879 -17.6083 2.4
    endloop
  endfacet
  facet normal 0 0 1
    outer loop
      vertex -17.8895 -17.8161 2.4
      vertex -18.218 -17.6656 2.4
      vertex -17.9466 -17.8991 2.4
    endloop
  endfacet
  facet normal -0 0 1
    outer loop
      vertex -18.2546 -17.7207 2.4
      vertex -17.9466 -17.8991 2.4
      vertex -18.218 -17.6656 2.4
    endloop
  endfacet
  facet normal 0 0 1
    outer loop
      vertex -17.9466 -17.8991 2.4
      vertex -18.2546 -17.7207 2.4
      vertex -18.0139 -17.9785 2.4
    endloop
  endfacet
  facet normal -0 0 1
    outer loop
      vertex -18.2978 -17.7735 2.4
      vertex -18.0139 -17.9785 2.4
      vertex -18.2546 -17.7207 2.4
    endloop
  endfacet
  facet normal 0 0 1
    outer loop
      vertex -18.0139 -17.9785 2.4
      vertex -18.2978 -17.7735 2.4
      vertex -18.0913 -18.0542 2.4
    endloop
  endfacet
  facet normal -0 0 1
    outer loop
      vertex -18.3473 -17.8238 2.4
      vertex -18.0913 -18.0542 2.4
      vertex -18.2978 -17.7735 2.4
    endloop
  endfacet
  facet normal 0 0 1
    outer loop
      vertex -18.0913 -18.0542 2.4
      vertex -18.3473 -17.8238 2.4
      vertex -18.1788 -18.1263 2.4
    endloop
  endfacet
  facet normal -0 0 1
    outer loop
      vertex -18.4032 -17.8716 2.4
      vertex -18.1788 -18.1263 2.4
      vertex -18.3473 -17.8238 2.4
    endloop
  endfacet
  facet normal 0 0 1
    outer loop
      vertex -18.1788 -18.1263 2.4
      vertex -18.4032 -17.8716 2.4
      vertex -18.2764 -18.1946 2.4
    endloop
  endfacet
  facet normal -0 0 1
    outer loop
      vertex -18.4655 -17.9167 2.4
      vertex -18.2764 -18.1946 2.4
      vertex -18.4032 -17.8716 2.4
    endloop
  endfacet
  facet normal -0 0 1
    outer loop
      vertex -18.5339 -17.9591 2.4
      vertex -18.2764 -18.1946 2.4
      vertex -18.4655 -17.9167 2.4
    endloop
  endfacet
  facet normal 0 0 1
    outer loop
      vertex -18.2764 -18.1946 2.4
      vertex -18.5339 -17.9591 2.4
      vertex -18.3839 -18.2591 2.4
    endloop
  endfacet
  facet normal -0 0 1
    outer loop
      vertex -18.9173 -18.1841 2.4
      vertex -18.3839 -18.2591 2.4
      vertex -18.5339 -17.9591 2.4
    endloop
  endfacet
  facet normal 0 0 1
    outer loop
      vertex -18.3839 -18.2591 2.4
      vertex -18.9173 -18.1841 2.4
      vertex -18.8006 -18.4924 2.4
    endloop
  endfacet
  facet normal -0 0 1
    outer loop
      vertex -19.0748 -18.2792 2.4
      vertex -18.8006 -18.4924 2.4
      vertex -18.9173 -18.1841 2.4
    endloop
  endfacet
  facet normal 0 0 1
    outer loop
      vertex -18.8006 -18.4924 2.4
      vertex -19.0748 -18.2792 2.4
      vertex -18.8939 -18.5512 2.4
    endloop
  endfacet
  facet normal 0 0 1
    outer loop
      vertex -18.8939 -18.5512 2.4
      vertex -19.0748 -18.2792 2.4
      vertex -18.9764 -18.6076 2.4
    endloop
  endfacet
  facet normal -0 0 1
    outer loop
      vertex -19.212 -18.3729 2.4
      vertex -18.9764 -18.6076 2.4
      vertex -19.0748 -18.2792 2.4
    endloop
  endfacet
  facet normal 0 0 1
    outer loop
      vertex -18.9764 -18.6076 2.4
      vertex -19.212 -18.3729 2.4
      vertex -19.0488 -18.6622 2.4
    endloop
  endfacet
  facet normal -0 0 1
    outer loop
      vertex -19.3301 -18.4671 2.4
      vertex -19.0488 -18.6622 2.4
      vertex -19.212 -18.3729 2.4
    endloop
  endfacet
  facet normal 0 0 1
    outer loop
      vertex -19.0488 -18.6622 2.4
      vertex -19.3301 -18.4671 2.4
      vertex -19.1116 -18.7159 2.4
    endloop
  endfacet
  facet normal 0 0 1
    outer loop
      vertex -19.1116 -18.7159 2.4
      vertex -19.3301 -18.4671 2.4
      vertex -19.1654 -18.7693 2.4
    endloop
  endfacet
  facet normal -0 0 1
    outer loop
      vertex -19.4305 -18.5638 2.4
      vertex -19.1654 -18.7693 2.4
      vertex -19.3301 -18.4671 2.4
    endloop
  endfacet
  facet normal 0 0 1
    outer loop
      vertex -19.1654 -18.7693 2.4
      vertex -19.4305 -18.5638 2.4
      vertex -19.2109 -18.823 2.4
    endloop
  endfacet
  facet normal -0 0 1
    outer loop
      vertex -19.5144 -18.665 2.4
      vertex -19.2109 -18.823 2.4
      vertex -19.4305 -18.5638 2.4
    endloop
  endfacet
  facet normal 0 0 1
    outer loop
      vertex -19.2109 -18.823 2.4
      vertex -19.5144 -18.665 2.4
      vertex -19.2486 -18.8778 2.4
    endloop
  endfacet
  facet normal -0 0 1
    outer loop
      vertex -19.5832 -18.7727 2.4
      vertex -19.2486 -18.8778 2.4
      vertex -19.5144 -18.665 2.4
    endloop
  endfacet
  facet normal 0 0 1
    outer loop
      vertex -19.2486 -18.8778 2.4
      vertex -19.5832 -18.7727 2.4
      vertex -19.2792 -18.9343 2.4
    endloop
  endfacet
  facet normal 0 0 1
    outer loop
      vertex -19.2792 -18.9343 2.4
      vertex -19.5832 -18.7727 2.4
      vertex -19.3032 -18.9934 2.4
    endloop
  endfacet
  facet normal -0 0 1
    outer loop
      vertex -19.334 -19.1216 2.4
      vertex -17.7798 -19.4799 2.4
      vertex -17.7798 -19.1216 2.4
    endloop
  endfacet
  facet normal -0 0 1
    outer loop
      vertex -19.6382 -18.889 2.4
      vertex -19.3032 -18.9934 2.4
      vertex -19.5832 -18.7727 2.4
    endloop
  endfacet
  facet normal 0 0 1
    outer loop
      vertex -19.3032 -18.9934 2.4
      vertex -19.6382 -18.889 2.4
      vertex -19.3212 -19.0555 2.4
    endloop
  endfacet
  facet normal -0 0 1
    outer loop
      vertex -19.6807 -19.0159 2.4
      vertex -19.3212 -19.0555 2.4
      vertex -19.6382 -18.889 2.4
    endloop
  endfacet
  facet normal 0 0 1
    outer loop
      vertex -19.3212 -19.0555 2.4
      vertex -19.6807 -19.0159 2.4
      vertex -19.334 -19.1216 2.4
    endloop
  endfacet
  facet normal 0 0 1
    outer loop
      vertex -19.7121 -19.1553 2.4
      vertex -19.334 -19.1216 2.4
      vertex -19.6807 -19.0159 2.4
    endloop
  endfacet
  facet normal 0 0 1
    outer loop
      vertex -19.7335 -19.3093 2.4
      vertex -19.334 -19.1216 2.4
      vertex -19.7121 -19.1553 2.4
    endloop
  endfacet
  facet normal 0 0 1
    outer loop
      vertex -19.7464 -19.4799 2.4
      vertex -19.334 -19.1216 2.4
      vertex -19.7335 -19.3093 2.4
    endloop
  endfacet
  facet normal 0 0 1
    outer loop
      vertex -19.334 -19.1216 2.4
      vertex -19.7464 -19.4799 2.4
      vertex -17.7798 -19.4799 2.4
    endloop
  endfacet
  facet normal 0 1 -0
    outer loop
      vertex -19.9034 -16.7882 2.4
      vertex -20.8992 -16.7882 3
      vertex -19.9034 -16.7882 3
    endloop
  endfacet
  facet normal 0 1 0
    outer loop
      vertex -20.8992 -16.7882 3
      vertex -19.9034 -16.7882 2.4
      vertex -20.8992 -16.7882 2.4
    endloop
  endfacet
  facet normal -1 0 0
    outer loop
      vertex -19.9034 -16.7882 2.4
      vertex -19.9034 -16.4466 3
      vertex -19.9034 -16.4466 2.4
    endloop
  endfacet
  facet normal -1 -0 0
    outer loop
      vertex -19.9034 -16.4466 3
      vertex -19.9034 -16.7882 2.4
      vertex -19.9034 -16.7882 3
    endloop
  endfacet
  facet normal 0 -1 0
    outer loop
      vertex -22.2867 -16.4466 2.4
      vertex -19.9034 -16.4466 3
      vertex -22.2867 -16.4466 3
    endloop
  endfacet
  facet normal 0 -1 -0
    outer loop
      vertex -19.9034 -16.4466 3
      vertex -22.2867 -16.4466 2.4
      vertex -19.9034 -16.4466 2.4
    endloop
  endfacet
  facet normal 1 -0 0
    outer loop
      vertex -22.2867 -16.7882 3
      vertex -22.2867 -16.4466 2.4
      vertex -22.2867 -16.4466 3
    endloop
  endfacet
  facet normal 1 0 0
    outer loop
      vertex -22.2867 -16.4466 2.4
      vertex -22.2867 -16.7882 3
      vertex -22.2867 -16.7882 2.4
    endloop
  endfacet
  facet normal 0 1 -0
    outer loop
      vertex -21.2868 -16.7882 2.4
      vertex -22.2867 -16.7882 3
      vertex -21.2868 -16.7882 3
    endloop
  endfacet
  facet normal 0 1 0
    outer loop
      vertex -22.2867 -16.7882 3
      vertex -21.2868 -16.7882 2.4
      vertex -22.2867 -16.7882 2.4
    endloop
  endfacet
  facet normal 1 -0 0
    outer loop
      vertex -21.2868 -19.4841 3
      vertex -21.2868 -16.7882 2.4
      vertex -21.2868 -16.7882 3
    endloop
  endfacet
  facet normal 1 0 0
    outer loop
      vertex -21.2868 -16.7882 2.4
      vertex -21.2868 -19.4841 3
      vertex -21.2868 -19.4841 2.4
    endloop
  endfacet
  facet normal 0 1 -0
    outer loop
      vertex -20.8992 -19.4841 2.4
      vertex -21.2868 -19.4841 3
      vertex -20.8992 -19.4841 3
    endloop
  endfacet
  facet normal 0 1 0
    outer loop
      vertex -21.2868 -19.4841 3
      vertex -20.8992 -19.4841 2.4
      vertex -21.2868 -19.4841 2.4
    endloop
  endfacet
  facet normal -1 0 0
    outer loop
      vertex -20.8992 -19.4841 2.4
      vertex -20.8992 -16.7882 3
      vertex -20.8992 -16.7882 2.4
    endloop
  endfacet
  facet normal -1 -0 0
    outer loop
      vertex -20.8992 -16.7882 3
      vertex -20.8992 -19.4841 2.4
      vertex -20.8992 -19.4841 3
    endloop
  endfacet
  facet normal 0 -1 0
    outer loop
      vertex -19.334 -19.1216 2.4
      vertex -17.7798 -19.1216 3
      vertex -19.334 -19.1216 3
    endloop
  endfacet
  facet normal 0 -1 -0
    outer loop
      vertex -17.7798 -19.1216 3
      vertex -19.334 -19.1216 2.4
      vertex -17.7798 -19.1216 2.4
    endloop
  endfacet
  facet normal -0.981762 0.190114 0
    outer loop
      vertex -19.334 -19.1216 2.4
      vertex -19.3212 -19.0555 3
      vertex -19.3212 -19.0555 2.4
    endloop
  endfacet
  facet normal -0.981762 0.190114 0
    outer loop
      vertex -19.3212 -19.0555 3
      vertex -19.334 -19.1216 2.4
      vertex -19.334 -19.1216 3
    endloop
  endfacet
  facet normal -0.960466 0.278396 0
    outer loop
      vertex -19.3212 -19.0555 2.4
      vertex -19.3032 -18.9934 3
      vertex -19.3032 -18.9934 2.4
    endloop
  endfacet
  facet normal -0.960466 0.278396 0
    outer loop
      vertex -19.3032 -18.9934 3
      vertex -19.3212 -19.0555 2.4
      vertex -19.3212 -19.0555 3
    endloop
  endfacet
  facet normal -0.926518 0.376251 0
    outer loop
      vertex -19.3032 -18.9934 2.4
      vertex -19.2792 -18.9343 3
      vertex -19.2792 -18.9343 2.4
    endloop
  endfacet
  facet normal -0.926518 0.376251 0
    outer loop
      vertex -19.2792 -18.9343 3
      vertex -19.3032 -18.9934 2.4
      vertex -19.3032 -18.9934 3
    endloop
  endfacet
  facet normal -0.879319 0.476233 0
    outer loop
      vertex -19.2792 -18.9343 2.4
      vertex -19.2486 -18.8778 3
      vertex -19.2486 -18.8778 2.4
    endloop
  endfacet
  facet normal -0.879319 0.476233 0
    outer loop
      vertex -19.2486 -18.8778 3
      vertex -19.2792 -18.9343 2.4
      vertex -19.2792 -18.9343 3
    endloop
  endfacet
  facet normal -0.823866 0.566784 0
    outer loop
      vertex -19.2486 -18.8778 2.4
      vertex -19.2109 -18.823 3
      vertex -19.2109 -18.823 2.4
    endloop
  endfacet
  facet normal -0.823866 0.566784 0
    outer loop
      vertex -19.2109 -18.823 3
      vertex -19.2486 -18.8778 2.4
      vertex -19.2486 -18.8778 3
    endloop
  endfacet
  facet normal -0.762955 0.646452 0
    outer loop
      vertex -19.2109 -18.823 2.4
      vertex -19.1654 -18.7693 3
      vertex -19.1654 -18.7693 2.4
    endloop
  endfacet
  facet normal -0.762955 0.646452 0
    outer loop
      vertex -19.1654 -18.7693 3
      vertex -19.2109 -18.823 2.4
      vertex -19.2109 -18.823 3
    endloop
  endfacet
  facet normal -0.704463 0.70974 0
    outer loop
      vertex -19.1116 -18.7159 2.4
      vertex -19.1654 -18.7693 3
      vertex -19.1116 -18.7159 3
    endloop
  endfacet
  facet normal -0.704463 0.70974 0
    outer loop
      vertex -19.1654 -18.7693 3
      vertex -19.1116 -18.7159 2.4
      vertex -19.1654 -18.7693 2.4
    endloop
  endfacet
  facet normal -0.649894 0.760025 0
    outer loop
      vertex -19.0488 -18.6622 2.4
      vertex -19.1116 -18.7159 3
      vertex -19.0488 -18.6622 3
    endloop
  endfacet
  facet normal -0.649894 0.760025 0
    outer loop
      vertex -19.1116 -18.7159 3
      vertex -19.0488 -18.6622 2.4
      vertex -19.1116 -18.7159 2.4
    endloop
  endfacet
  facet normal -0.602115 0.798409 0
    outer loop
      vertex -18.9764 -18.6076 2.4
      vertex -19.0488 -18.6622 3
      vertex -18.9764 -18.6076 3
    endloop
  endfacet
  facet normal -0.602115 0.798409 0
    outer loop
      vertex -19.0488 -18.6622 3
      vertex -18.9764 -18.6076 2.4
      vertex -19.0488 -18.6622 2.4
    endloop
  endfacet
  facet normal -0.564361 0.825528 0
    outer loop
      vertex -18.8939 -18.5512 2.4
      vertex -18.9764 -18.6076 3
      vertex -18.8939 -18.5512 3
    endloop
  endfacet
  facet normal -0.564361 0.825528 0
    outer loop
      vertex -18.9764 -18.6076 3
      vertex -18.8939 -18.5512 2.4
      vertex -18.9764 -18.6076 2.4
    endloop
  endfacet
  facet normal -0.533174 0.846006 0
    outer loop
      vertex -18.8006 -18.4924 2.4
      vertex -18.8939 -18.5512 3
      vertex -18.8006 -18.4924 3
    endloop
  endfacet
  facet normal -0.533174 0.846006 0
    outer loop
      vertex -18.8939 -18.5512 3
      vertex -18.8006 -18.4924 2.4
      vertex -18.8939 -18.5512 2.4
    endloop
  endfacet
  facet normal -0.48852 0.872552 0
    outer loop
      vertex -18.3839 -18.2591 2.4
      vertex -18.8006 -18.4924 3
      vertex -18.3839 -18.2591 3
    endloop
  endfacet
  facet normal -0.48852 0.872552 0
    outer loop
      vertex -18.8006 -18.4924 3
      vertex -18.3839 -18.2591 2.4
      vertex -18.8006 -18.4924 2.4
    endloop
  endfacet
  facet normal -0.514496 0.857493 0
    outer loop
      vertex -18.2764 -18.1946 2.4
      vertex -18.3839 -18.2591 3
      vertex -18.2764 -18.1946 3
    endloop
  endfacet
  facet normal -0.514496 0.857493 0
    outer loop
      vertex -18.3839 -18.2591 3
      vertex -18.2764 -18.1946 2.4
      vertex -18.3839 -18.2591 2.4
    endloop
  endfacet
  facet normal -0.57335 0.819311 0
    outer loop
      vertex -18.1788 -18.1263 2.4
      vertex -18.2764 -18.1946 3
      vertex -18.1788 -18.1263 3
    endloop
  endfacet
  facet normal -0.57335 0.819311 0
    outer loop
      vertex -18.2764 -18.1946 3
      vertex -18.1788 -18.1263 2.4
      vertex -18.2764 -18.1946 2.4
    endloop
  endfacet
  facet normal -0.635924 0.771752 0
    outer loop
      vertex -18.0913 -18.0542 2.4
      vertex -18.1788 -18.1263 3
      vertex -18.0913 -18.0542 3
    endloop
  endfacet
  facet normal -0.635924 0.771752 0
    outer loop
      vertex -18.1788 -18.1263 3
      vertex -18.0913 -18.0542 2.4
      vertex -18.1788 -18.1263 2.4
    endloop
  endfacet
  facet normal -0.699212 0.714914 0
    outer loop
      vertex -18.0139 -17.9785 2.4
      vertex -18.0913 -18.0542 3
      vertex -18.0139 -17.9785 3
    endloop
  endfacet
  facet normal -0.699212 0.714914 0
    outer loop
      vertex -18.0913 -18.0542 3
      vertex -18.0139 -17.9785 2.4
      vertex -18.0913 -18.0542 2.4
    endloop
  endfacet
  facet normal -0.762839 0.646588 0
    outer loop
      vertex -18.0139 -17.9785 2.4
      vertex -17.9466 -17.8991 3
      vertex -17.9466 -17.8991 2.4
    endloop
  endfacet
  facet normal -0.762839 0.646588 0
    outer loop
      vertex -17.9466 -17.8991 3
      vertex -18.0139 -17.9785 2.4
      vertex -18.0139 -17.9785 3
    endloop
  endfacet
  facet normal -0.823868 0.566782 0
    outer loop
      vertex -17.9466 -17.8991 2.4
      vertex -17.8895 -17.8161 3
      vertex -17.8895 -17.8161 2.4
    endloop
  endfacet
  facet normal -0.823868 0.566782 0
    outer loop
      vertex -17.8895 -17.8161 3
      vertex -17.9466 -17.8991 2.4
      vertex -17.9466 -17.8991 3
    endloop
  endfacet
  facet normal -0.878866 0.477069 0
    outer loop
      vertex -17.8895 -17.8161 2.4
      vertex -17.8426 -17.7297 3
      vertex -17.8426 -17.7297 2.4
    endloop
  endfacet
  facet normal -0.878866 0.477069 0
    outer loop
      vertex -17.8426 -17.7297 3
      vertex -17.8895 -17.8161 2.4
      vertex -17.8895 -17.8161 3
    endloop
  endfacet
  facet normal -0.926399 0.376543 0
    outer loop
      vertex -17.8426 -17.7297 2.4
      vertex -17.8061 -17.6399 3
      vertex -17.8061 -17.6399 2.4
    endloop
  endfacet
  facet normal -0.926399 0.376543 0
    outer loop
      vertex -17.8061 -17.6399 3
      vertex -17.8426 -17.7297 2.4
      vertex -17.8426 -17.7297 3
    endloop
  endfacet
  facet normal -0.962953 0.269668 0
    outer loop
      vertex -17.8061 -17.6399 2.4
      vertex -17.78 -17.5467 3
      vertex -17.78 -17.5467 2.4
    endloop
  endfacet
  facet normal -0.962953 0.269668 0
    outer loop
      vertex -17.78 -17.5467 3
      vertex -17.8061 -17.6399 2.4
      vertex -17.8061 -17.6399 3
    endloop
  endfacet
  facet normal -0.986833 0.161742 0
    outer loop
      vertex -17.78 -17.5467 2.4
      vertex -17.7642 -17.4503 3
      vertex -17.7642 -17.4503 2.4
    endloop
  endfacet
  facet normal -0.986833 0.161742 0
    outer loop
      vertex -17.7642 -17.4503 3
      vertex -17.78 -17.5467 2.4
      vertex -17.78 -17.5467 3
    endloop
  endfacet
  facet normal -0.998587 0.0531377 0
    outer loop
      vertex -17.7642 -17.4503 2.4
      vertex -17.7589 -17.3507 3
      vertex -17.7589 -17.3507 2.4
    endloop
  endfacet
  facet normal -0.998587 0.0531377 0
    outer loop
      vertex -17.7589 -17.3507 3
      vertex -17.7642 -17.4503 2.4
      vertex -17.7642 -17.4503 3
    endloop
  endfacet
  facet normal -0.999319 -0.0369025 0
    outer loop
      vertex -17.7589 -17.3507 2.4
      vertex -17.7614 -17.283 3
      vertex -17.7614 -17.283 2.4
    endloop
  endfacet
  facet normal -0.999319 -0.0369025 0
    outer loop
      vertex -17.7614 -17.283 3
      vertex -17.7589 -17.3507 2.4
      vertex -17.7589 -17.3507 3
    endloop
  endfacet
  facet normal -0.994046 -0.108957 0
    outer loop
      vertex -17.7614 -17.283 2.4
      vertex -17.7687 -17.2164 3
      vertex -17.7687 -17.2164 2.4
    endloop
  endfacet
  facet normal -0.994046 -0.108957 0
    outer loop
      vertex -17.7687 -17.2164 3
      vertex -17.7614 -17.283 2.4
      vertex -17.7614 -17.283 3
    endloop
  endfacet
  facet normal -0.98358 -0.180473 0
    outer loop
      vertex -17.7687 -17.2164 2.4
      vertex -17.7807 -17.151 3
      vertex -17.7807 -17.151 2.4
    endloop
  endfacet
  facet normal -0.98358 -0.180473 0
    outer loop
      vertex -17.7807 -17.151 3
      vertex -17.7687 -17.2164 2.4
      vertex -17.7687 -17.2164 3
    endloop
  endfacet
  facet normal -0.967408 -0.253224 0
    outer loop
      vertex -17.7807 -17.151 2.4
      vertex -17.7974 -17.0872 3
      vertex -17.7974 -17.0872 2.4
    endloop
  endfacet
  facet normal -0.967408 -0.253224 0
    outer loop
      vertex -17.7974 -17.0872 3
      vertex -17.7807 -17.151 2.4
      vertex -17.7807 -17.151 3
    endloop
  endfacet
  facet normal -0.946213 -0.323544 0
    outer loop
      vertex -17.7974 -17.0872 2.4
      vertex -17.8186 -17.0252 3
      vertex -17.8186 -17.0252 2.4
    endloop
  endfacet
  facet normal -0.946213 -0.323544 0
    outer loop
      vertex -17.8186 -17.0252 3
      vertex -17.7974 -17.0872 2.4
      vertex -17.7974 -17.0872 3
    endloop
  endfacet
  facet normal -0.920096 -0.391694 0
    outer loop
      vertex -17.8186 -17.0252 2.4
      vertex -17.8441 -16.9653 3
      vertex -17.8441 -16.9653 2.4
    endloop
  endfacet
  facet normal -0.920096 -0.391694 0
    outer loop
      vertex -17.8441 -16.9653 3
      vertex -17.8186 -17.0252 2.4
      vertex -17.8186 -17.0252 3
    endloop
  endfacet
  facet normal -0.887545 -0.460722 0
    outer loop
      vertex -17.8441 -16.9653 2.4
      vertex -17.874 -16.9077 3
      vertex -17.874 -16.9077 2.4
    endloop
  endfacet
  facet normal -0.887545 -0.460722 0
    outer loop
      vertex -17.874 -16.9077 3
      vertex -17.8441 -16.9653 2.4
      vertex -17.8441 -16.9653 3
    endloop
  endfacet
  facet normal -0.851021 -0.525131 0
    outer loop
      vertex -17.874 -16.9077 2.4
      vertex -17.908 -16.8526 3
      vertex -17.908 -16.8526 2.4
    endloop
  endfacet
  facet normal -0.851021 -0.525131 0
    outer loop
      vertex -17.908 -16.8526 3
      vertex -17.874 -16.9077 2.4
      vertex -17.874 -16.9077 3
    endloop
  endfacet
  facet normal -0.808803 -0.58808 0
    outer loop
      vertex -17.908 -16.8526 2.4
      vertex -17.9461 -16.8002 3
      vertex -17.9461 -16.8002 2.4
    endloop
  endfacet
  facet normal -0.808803 -0.58808 0
    outer loop
      vertex -17.9461 -16.8002 3
      vertex -17.908 -16.8526 2.4
      vertex -17.908 -16.8526 3
    endloop
  endfacet
  facet normal -0.761215 -0.6485 0
    outer loop
      vertex -17.9461 -16.8002 2.4
      vertex -17.9881 -16.7509 3
      vertex -17.9881 -16.7509 2.4
    endloop
  endfacet
  facet normal -0.761215 -0.6485 0
    outer loop
      vertex -17.9881 -16.7509 3
      vertex -17.9461 -16.8002 2.4
      vertex -17.9461 -16.8002 3
    endloop
  endfacet
  facet normal -0.708646 -0.705565 0
    outer loop
      vertex -17.9881 -16.7509 2.4
      vertex -18.0339 -16.7049 3
      vertex -18.0339 -16.7049 2.4
    endloop
  endfacet
  facet normal -0.708646 -0.705565 0
    outer loop
      vertex -18.0339 -16.7049 3
      vertex -17.9881 -16.7509 2.4
      vertex -17.9881 -16.7509 3
    endloop
  endfacet
  facet normal -0.644184 -0.764871 0
    outer loop
      vertex -18.0827 -16.6638 2.4
      vertex -18.0339 -16.7049 3
      vertex -18.0827 -16.6638 3
    endloop
  endfacet
  facet normal -0.644184 -0.764871 -0
    outer loop
      vertex -18.0339 -16.7049 3
      vertex -18.0827 -16.6638 2.4
      vertex -18.0339 -16.7049 2.4
    endloop
  endfacet
  facet normal -0.587228 -0.809422 0
    outer loop
      vertex -18.1337 -16.6268 2.4
      vertex -18.0827 -16.6638 3
      vertex -18.1337 -16.6268 3
    endloop
  endfacet
  facet normal -0.587228 -0.809422 -0
    outer loop
      vertex -18.0827 -16.6638 3
      vertex -18.1337 -16.6268 2.4
      vertex -18.0827 -16.6638 2.4
    endloop
  endfacet
  facet normal -0.527841 -0.849343 0
    outer loop
      vertex -18.1868 -16.5938 2.4
      vertex -18.1337 -16.6268 3
      vertex -18.1868 -16.5938 3
    endloop
  endfacet
  facet normal -0.527841 -0.849343 -0
    outer loop
      vertex -18.1337 -16.6268 3
      vertex -18.1868 -16.5938 2.4
      vertex -18.1337 -16.6268 2.4
    endloop
  endfacet
  facet normal -0.462457 -0.886642 0
    outer loop
      vertex -18.2424 -16.5648 2.4
      vertex -18.1868 -16.5938 3
      vertex -18.2424 -16.5648 3
    endloop
  endfacet
  facet normal -0.462457 -0.886642 -0
    outer loop
      vertex -18.1868 -16.5938 3
      vertex -18.2424 -16.5648 2.4
      vertex -18.1868 -16.5938 2.4
    endloop
  endfacet
  facet normal -0.394493 -0.918899 0
    outer loop
      vertex -18.3004 -16.5399 2.4
      vertex -18.2424 -16.5648 3
      vertex -18.3004 -16.5399 3
    endloop
  endfacet
  facet normal -0.394493 -0.918899 -0
    outer loop
      vertex -18.2424 -16.5648 3
      vertex -18.3004 -16.5399 2.4
      vertex -18.2424 -16.5648 2.4
    endloop
  endfacet
  facet normal -0.329307 -0.944223 0
    outer loop
      vertex -18.3609 -16.5188 2.4
      vertex -18.3004 -16.5399 3
      vertex -18.3609 -16.5188 3
    endloop
  endfacet
  facet normal -0.329307 -0.944223 -0
    outer loop
      vertex -18.3004 -16.5399 3
      vertex -18.3609 -16.5188 2.4
      vertex -18.3004 -16.5399 2.4
    endloop
  endfacet
  facet normal -0.261564 -0.965186 0
    outer loop
      vertex -18.424 -16.5017 2.4
      vertex -18.3609 -16.5188 3
      vertex -18.424 -16.5017 3
    endloop
  endfacet
  facet normal -0.261564 -0.965186 -0
    outer loop
      vertex -18.3609 -16.5188 3
      vertex -18.424 -16.5017 2.4
      vertex -18.3609 -16.5188 2.4
    endloop
  endfacet
  facet normal -0.196402 -0.980523 0
    outer loop
      vertex -18.4899 -16.4885 2.4
      vertex -18.424 -16.5017 3
      vertex -18.4899 -16.4885 3
    endloop
  endfacet
  facet normal -0.196402 -0.980523 -0
    outer loop
      vertex -18.424 -16.5017 3
      vertex -18.4899 -16.4885 2.4
      vertex -18.424 -16.5017 2.4
    endloop
  endfacet
  facet normal -0.136979 -0.990574 0
    outer loop
      vertex -18.5586 -16.479 2.4
      vertex -18.4899 -16.4885 3
      vertex -18.5586 -16.479 3
    endloop
  endfacet
  facet normal -0.136979 -0.990574 -0
    outer loop
      vertex -18.4899 -16.4885 3
      vertex -18.5586 -16.479 2.4
      vertex -18.4899 -16.4885 2.4
    endloop
  endfacet
  facet normal -0.0779742 -0.996955 0
    outer loop
      vertex -18.6302 -16.4734 2.4
      vertex -18.5586 -16.479 3
      vertex -18.6302 -16.4734 3
    endloop
  endfacet
  facet normal -0.0779742 -0.996955 -0
    outer loop
      vertex -18.5586 -16.479 3
      vertex -18.6302 -16.4734 2.4
      vertex -18.5586 -16.479 2.4
    endloop
  endfacet
  facet normal -0.0241217 -0.999709 0
    outer loop
      vertex -18.7048 -16.4716 2.4
      vertex -18.6302 -16.4734 3
      vertex -18.7048 -16.4716 3
    endloop
  endfacet
  facet normal -0.0241217 -0.999709 -0
    outer loop
      vertex -18.6302 -16.4734 3
      vertex -18.7048 -16.4716 2.4
      vertex -18.6302 -16.4734 2.4
    endloop
  endfacet
  facet normal 0.033015 -0.999455 0
    outer loop
      vertex -18.8047 -16.4749 2.4
      vertex -18.7048 -16.4716 3
      vertex -18.8047 -16.4749 3
    endloop
  endfacet
  facet normal 0.033015 -0.999455 0
    outer loop
      vertex -18.7048 -16.4716 3
      vertex -18.8047 -16.4749 2.4
      vertex -18.7048 -16.4716 2.4
    endloop
  endfacet
  facet normal 0.102613 -0.994721 0
    outer loop
      vertex -18.8997 -16.4847 2.4
      vertex -18.8047 -16.4749 3
      vertex -18.8997 -16.4847 3
    endloop
  endfacet
  facet normal 0.102613 -0.994721 0
    outer loop
      vertex -18.8047 -16.4749 3
      vertex -18.8997 -16.4847 2.4
      vertex -18.8047 -16.4749 2.4
    endloop
  endfacet
  facet normal 0.179078 -0.983835 0
    outer loop
      vertex -18.9898 -16.5011 2.4
      vertex -18.8997 -16.4847 3
      vertex -18.9898 -16.5011 3
    endloop
  endfacet
  facet normal 0.179078 -0.983835 0
    outer loop
      vertex -18.8997 -16.4847 3
      vertex -18.9898 -16.5011 2.4
      vertex -18.8997 -16.4847 2.4
    endloop
  endfacet
  facet normal 0.260909 -0.965363 0
    outer loop
      vertex -19.0749 -16.5241 2.4
      vertex -18.9898 -16.5011 3
      vertex -19.0749 -16.5241 3
    endloop
  endfacet
  facet normal 0.260909 -0.965363 0
    outer loop
      vertex -18.9898 -16.5011 3
      vertex -19.0749 -16.5241 2.4
      vertex -18.9898 -16.5011 2.4
    endloop
  endfacet
  facet normal 0.344289 -0.938864 0
    outer loop
      vertex -19.1548 -16.5534 2.4
      vertex -19.0749 -16.5241 3
      vertex -19.1548 -16.5534 3
    endloop
  endfacet
  facet normal 0.344289 -0.938864 0
    outer loop
      vertex -19.0749 -16.5241 3
      vertex -19.1548 -16.5534 2.4
      vertex -19.0749 -16.5241 2.4
    endloop
  endfacet
  facet normal 0.432182 -0.901787 0
    outer loop
      vertex -19.2295 -16.5892 2.4
      vertex -19.1548 -16.5534 3
      vertex -19.2295 -16.5892 3
    endloop
  endfacet
  facet normal 0.432182 -0.901787 0
    outer loop
      vertex -19.1548 -16.5534 3
      vertex -19.2295 -16.5892 2.4
      vertex -19.1548 -16.5534 2.4
    endloop
  endfacet
  facet normal 0.519556 -0.854436 0
    outer loop
      vertex -19.2989 -16.6314 2.4
      vertex -19.2295 -16.5892 3
      vertex -19.2989 -16.6314 3
    endloop
  endfacet
  facet normal 0.519556 -0.854436 0
    outer loop
      vertex -19.2295 -16.5892 3
      vertex -19.2989 -16.6314 2.4
      vertex -19.2295 -16.5892 2.4
    endloop
  endfacet
  facet normal 0.603978 -0.797001 0
    outer loop
      vertex -19.3629 -16.6799 2.4
      vertex -19.2989 -16.6314 3
      vertex -19.3629 -16.6799 3
    endloop
  endfacet
  facet normal 0.603978 -0.797001 0
    outer loop
      vertex -19.2989 -16.6314 3
      vertex -19.3629 -16.6799 2.4
      vertex -19.2989 -16.6314 2.4
    endloop
  endfacet
  facet normal 0.684314 -0.729187 0
    outer loop
      vertex -19.4214 -16.7348 2.4
      vertex -19.3629 -16.6799 3
      vertex -19.4214 -16.7348 3
    endloop
  endfacet
  facet normal 0.684314 -0.729187 0
    outer loop
      vertex -19.3629 -16.6799 3
      vertex -19.4214 -16.7348 2.4
      vertex -19.3629 -16.6799 2.4
    endloop
  endfacet
  facet normal 0.756016 -0.654554 0
    outer loop
      vertex -19.4743 -16.7959 3
      vertex -19.4214 -16.7348 2.4
      vertex -19.4214 -16.7348 3
    endloop
  endfacet
  facet normal 0.756016 -0.654554 0
    outer loop
      vertex -19.4214 -16.7348 2.4
      vertex -19.4743 -16.7959 3
      vertex -19.4743 -16.7959 2.4
    endloop
  endfacet
  facet normal 0.818717 -0.574197 0
    outer loop
      vertex -19.5215 -16.8632 3
      vertex -19.4743 -16.7959 2.4
      vertex -19.4743 -16.7959 3
    endloop
  endfacet
  facet normal 0.818717 -0.574197 0
    outer loop
      vertex -19.4743 -16.7959 2.4
      vertex -19.5215 -16.8632 3
      vertex -19.5215 -16.8632 2.4
    endloop
  endfacet
  facet normal 0.853186 -0.521607 0
    outer loop
      vertex -19.5484 -16.9072 3
      vertex -19.5215 -16.8632 2.4
      vertex -19.5215 -16.8632 3
    endloop
  endfacet
  facet normal 0.853186 -0.521607 0
    outer loop
      vertex -19.5215 -16.8632 2.4
      vertex -19.5484 -16.9072 3
      vertex -19.5484 -16.9072 2.4
    endloop
  endfacet
  facet normal 0.884163 -0.467178 0
    outer loop
      vertex -19.5726 -16.953 3
      vertex -19.5484 -16.9072 2.4
      vertex -19.5484 -16.9072 3
    endloop
  endfacet
  facet normal 0.884163 -0.467178 0
    outer loop
      vertex -19.5484 -16.9072 2.4
      vertex -19.5726 -16.953 3
      vertex -19.5726 -16.953 2.4
    endloop
  endfacet
  facet normal 0.912949 -0.408075 0
    outer loop
      vertex -19.5941 -17.0011 3
      vertex -19.5726 -16.953 2.4
      vertex -19.5726 -16.953 3
    endloop
  endfacet
  facet normal 0.912949 -0.408075 0
    outer loop
      vertex -19.5726 -16.953 2.4
      vertex -19.5941 -17.0011 3
      vertex -19.5941 -17.0011 2.4
    endloop
  endfacet
  facet normal 0.937391 -0.34828 0
    outer loop
      vertex -19.6129 -17.0517 3
      vertex -19.5941 -17.0011 2.4
      vertex -19.5941 -17.0011 3
    endloop
  endfacet
  facet normal 0.937391 -0.34828 0
    outer loop
      vertex -19.5941 -17.0011 2.4
      vertex -19.6129 -17.0517 3
      vertex -19.6129 -17.0517 2.4
    endloop
  endfacet
  facet normal 0.956545 -0.291586 0
    outer loop
      vertex -19.6293 -17.1055 3
      vertex -19.6129 -17.0517 2.4
      vertex -19.6129 -17.0517 3
    endloop
  endfacet
  facet normal 0.956545 -0.291586 0
    outer loop
      vertex -19.6129 -17.0517 2.4
      vertex -19.6293 -17.1055 3
      vertex -19.6293 -17.1055 2.4
    endloop
  endfacet
  facet normal 0.971625 -0.236525 0
    outer loop
      vertex -19.6432 -17.1626 3
      vertex -19.6293 -17.1055 2.4
      vertex -19.6293 -17.1055 3
    endloop
  endfacet
  facet normal 0.971625 -0.236525 0
    outer loop
      vertex -19.6293 -17.1055 2.4
      vertex -19.6432 -17.1626 3
      vertex -19.6432 -17.1626 2.4
    endloop
  endfacet
  facet normal 0.982339 -0.187112 0
    outer loop
      vertex -19.6548 -17.2235 3
      vertex -19.6432 -17.1626 2.4
      vertex -19.6432 -17.1626 3
    endloop
  endfacet
  facet normal 0.982339 -0.187112 0
    outer loop
      vertex -19.6432 -17.1626 2.4
      vertex -19.6548 -17.2235 3
      vertex -19.6548 -17.2235 2.4
    endloop
  endfacet
  facet normal 0.989736 -0.142911 0
    outer loop
      vertex -19.6642 -17.2886 3
      vertex -19.6548 -17.2235 2.4
      vertex -19.6548 -17.2235 3
    endloop
  endfacet
  facet normal 0.989736 -0.142911 0
    outer loop
      vertex -19.6548 -17.2235 2.4
      vertex -19.6642 -17.2886 3
      vertex -19.6642 -17.2886 2.4
    endloop
  endfacet
  facet normal 0.994722 -0.102607 0
    outer loop
      vertex -19.6714 -17.3584 3
      vertex -19.6642 -17.2886 2.4
      vertex -19.6642 -17.2886 3
    endloop
  endfacet
  facet normal 0.994722 -0.102607 0
    outer loop
      vertex -19.6642 -17.2886 2.4
      vertex -19.6714 -17.3584 3
      vertex -19.6714 -17.3584 2.4
    endloop
  endfacet
  facet normal 0.997586 -0.0694437 0
    outer loop
      vertex -19.6766 -17.4331 3
      vertex -19.6714 -17.3584 2.4
      vertex -19.6714 -17.3584 3
    endloop
  endfacet
  facet normal 0.997586 -0.0694437 0
    outer loop
      vertex -19.6714 -17.3584 2.4
      vertex -19.6766 -17.4331 3
      vertex -19.6766 -17.4331 2.4
    endloop
  endfacet
  facet normal 0.999203 -0.0399182 0
    outer loop
      vertex -19.6798 -17.5132 3
      vertex -19.6766 -17.4331 2.4
      vertex -19.6766 -17.4331 3
    endloop
  endfacet
  facet normal 0.999203 -0.0399182 0
    outer loop
      vertex -19.6766 -17.4331 2.4
      vertex -19.6798 -17.5132 3
      vertex -19.6798 -17.5132 2.4
    endloop
  endfacet
  facet normal 0 1 -0
    outer loop
      vertex -19.3131 -17.5132 2.4
      vertex -19.6798 -17.5132 3
      vertex -19.3131 -17.5132 3
    endloop
  endfacet
  facet normal 0 1 0
    outer loop
      vertex -19.6798 -17.5132 3
      vertex -19.3131 -17.5132 2.4
      vertex -19.6798 -17.5132 2.4
    endloop
  endfacet
  facet normal -0.997626 0.068866 0
    outer loop
      vertex -19.3131 -17.5132 2.4
      vertex -19.3094 -17.4596 3
      vertex -19.3094 -17.4596 2.4
    endloop
  endfacet
  facet normal -0.997626 0.068866 0
    outer loop
      vertex -19.3094 -17.4596 3
      vertex -19.3131 -17.5132 2.4
      vertex -19.3131 -17.5132 3
    endloop
  endfacet
  facet normal -0.99612 0.0880106 0
    outer loop
      vertex -19.3094 -17.4596 2.4
      vertex -19.305 -17.4098 3
      vertex -19.305 -17.4098 2.4
    endloop
  endfacet
  facet normal -0.99612 0.0880106 0
    outer loop
      vertex -19.305 -17.4098 3
      vertex -19.3094 -17.4596 2.4
      vertex -19.3094 -17.4596 3
    endloop
  endfacet
  facet normal -0.993752 0.111609 0
    outer loop
      vertex -19.305 -17.4098 2.4
      vertex -19.2998 -17.3635 3
      vertex -19.2998 -17.3635 2.4
    endloop
  endfacet
  facet normal -0.993752 0.111609 0
    outer loop
      vertex -19.2998 -17.3635 3
      vertex -19.305 -17.4098 2.4
      vertex -19.305 -17.4098 3
    endloop
  endfacet
  facet normal -0.990675 0.136247 0
    outer loop
      vertex -19.2998 -17.3635 2.4
      vertex -19.2939 -17.3206 3
      vertex -19.2939 -17.3206 2.4
    endloop
  endfacet
  facet normal -0.990675 0.136247 0
    outer loop
      vertex -19.2939 -17.3206 3
      vertex -19.2998 -17.3635 2.4
      vertex -19.2998 -17.3635 3
    endloop
  endfacet
  facet normal -0.985856 0.167595 0
    outer loop
      vertex -19.2939 -17.3206 2.4
      vertex -19.2871 -17.2806 3
      vertex -19.2871 -17.2806 2.4
    endloop
  endfacet
  facet normal -0.985856 0.167595 0
    outer loop
      vertex -19.2871 -17.2806 3
      vertex -19.2939 -17.3206 2.4
      vertex -19.2939 -17.3206 3
    endloop
  endfacet
  facet normal -0.979762 0.200166 0
    outer loop
      vertex -19.2871 -17.2806 2.4
      vertex -19.2795 -17.2434 3
      vertex -19.2795 -17.2434 2.4
    endloop
  endfacet
  facet normal -0.979762 0.200166 0
    outer loop
      vertex -19.2795 -17.2434 3
      vertex -19.2871 -17.2806 2.4
      vertex -19.2871 -17.2806 3
    endloop
  endfacet
  facet normal -0.970143 0.242536 0
    outer loop
      vertex -19.2795 -17.2434 2.4
      vertex -19.2708 -17.2086 3
      vertex -19.2708 -17.2086 2.4
    endloop
  endfacet
  facet normal -0.970143 0.242536 0
    outer loop
      vertex -19.2708 -17.2086 3
      vertex -19.2795 -17.2434 2.4
      vertex -19.2795 -17.2434 3
    endloop
  endfacet
  facet normal -0.959272 0.282485 0
    outer loop
      vertex -19.2708 -17.2086 2.4
      vertex -19.2612 -17.176 3
      vertex -19.2612 -17.176 2.4
    endloop
  endfacet
  facet normal -0.959272 0.282485 0
    outer loop
      vertex -19.2612 -17.176 3
      vertex -19.2708 -17.2086 2.4
      vertex -19.2708 -17.2086 3
    endloop
  endfacet
  facet normal -0.944621 0.328164 0
    outer loop
      vertex -19.2612 -17.176 2.4
      vertex -19.2505 -17.1452 3
      vertex -19.2505 -17.1452 2.4
    endloop
  endfacet
  facet normal -0.944621 0.328164 0
    outer loop
      vertex -19.2505 -17.1452 3
      vertex -19.2612 -17.176 2.4
      vertex -19.2612 -17.176 3
    endloop
  endfacet
  facet normal -0.925598 0.378509 0
    outer loop
      vertex -19.2505 -17.1452 2.4
      vertex -19.2386 -17.1161 3
      vertex -19.2386 -17.1161 2.4
    endloop
  endfacet
  facet normal -0.925598 0.378509 0
    outer loop
      vertex -19.2386 -17.1161 3
      vertex -19.2505 -17.1452 2.4
      vertex -19.2505 -17.1452 3
    endloop
  endfacet
  facet normal -0.906432 0.422352 0
    outer loop
      vertex -19.2386 -17.1161 2.4
      vertex -19.2256 -17.0882 3
      vertex -19.2256 -17.0882 2.4
    endloop
  endfacet
  facet normal -0.906432 0.422352 0
    outer loop
      vertex -19.2256 -17.0882 3
      vertex -19.2386 -17.1161 2.4
      vertex -19.2386 -17.1161 3
    endloop
  endfacet
  facet normal -0.861566 0.507645 0
    outer loop
      vertex -19.2256 -17.0882 2.4
      vertex -19.1972 -17.04 3
      vertex -19.1972 -17.04 2.4
    endloop
  endfacet
  facet normal -0.861566 0.507645 0
    outer loop
      vertex -19.1972 -17.04 3
      vertex -19.2256 -17.0882 2.4
      vertex -19.2256 -17.0882 3
    endloop
  endfacet
  facet normal -0.803237 0.595659 0
    outer loop
      vertex -19.1972 -17.04 2.4
      vertex -19.1642 -16.9955 3
      vertex -19.1642 -16.9955 2.4
    endloop
  endfacet
  facet normal -0.803237 0.595659 0
    outer loop
      vertex -19.1642 -16.9955 3
      vertex -19.1972 -17.04 2.4
      vertex -19.1972 -17.04 3
    endloop
  endfacet
  facet normal -0.739116 0.673578 0
    outer loop
      vertex -19.1642 -16.9955 2.4
      vertex -19.1272 -16.9549 3
      vertex -19.1272 -16.9549 2.4
    endloop
  endfacet
  facet normal -0.739116 0.673578 0
    outer loop
      vertex -19.1272 -16.9549 3
      vertex -19.1642 -16.9955 2.4
      vertex -19.1642 -16.9955 3
    endloop
  endfacet
  facet normal -0.664929 0.746907 0
    outer loop
      vertex -19.0862 -16.9184 2.4
      vertex -19.1272 -16.9549 3
      vertex -19.0862 -16.9184 3
    endloop
  endfacet
  facet normal -0.664929 0.746907 0
    outer loop
      vertex -19.1272 -16.9549 3
      vertex -19.0862 -16.9184 2.4
      vertex -19.1272 -16.9549 2.4
    endloop
  endfacet
  facet normal -0.58828 0.808657 0
    outer loop
      vertex -19.0418 -16.8861 2.4
      vertex -19.0862 -16.9184 3
      vertex -19.0418 -16.8861 3
    endloop
  endfacet
  facet normal -0.58828 0.808657 0
    outer loop
      vertex -19.0862 -16.9184 3
      vertex -19.0418 -16.8861 2.4
      vertex -19.0862 -16.9184 2.4
    endloop
  endfacet
  facet normal -0.504883 0.863188 0
    outer loop
      vertex -18.9941 -16.8582 2.4
      vertex -19.0418 -16.8861 3
      vertex -18.9941 -16.8582 3
    endloop
  endfacet
  facet normal -0.504883 0.863188 0
    outer loop
      vertex -19.0418 -16.8861 3
      vertex -18.9941 -16.8582 2.4
      vertex -19.0418 -16.8861 2.4
    endloop
  endfacet
  facet normal -0.416099 0.909319 0
    outer loop
      vertex -18.9434 -16.835 2.4
      vertex -18.9941 -16.8582 3
      vertex -18.9434 -16.835 3
    endloop
  endfacet
  facet normal -0.416099 0.909319 0
    outer loop
      vertex -18.9941 -16.8582 3
      vertex -18.9434 -16.835 2.4
      vertex -18.9941 -16.8582 2.4
    endloop
  endfacet
  facet normal -0.324733 0.945806 0
    outer loop
      vertex -18.8901 -16.8167 2.4
      vertex -18.9434 -16.835 3
      vertex -18.8901 -16.8167 3
    endloop
  endfacet
  facet normal -0.324733 0.945806 0
    outer loop
      vertex -18.9434 -16.835 3
      vertex -18.8901 -16.8167 2.4
      vertex -18.9434 -16.835 2.4
    endloop
  endfacet
  facet normal -0.233901 0.97226 0
    outer loop
      vertex -18.8344 -16.8033 2.4
      vertex -18.8901 -16.8167 3
      vertex -18.8344 -16.8033 3
    endloop
  endfacet
  facet normal -0.233901 0.97226 0
    outer loop
      vertex -18.8901 -16.8167 3
      vertex -18.8344 -16.8033 2.4
      vertex -18.8901 -16.8167 2.4
    endloop
  endfacet
  facet normal -0.139018 0.99029 0
    outer loop
      vertex -18.7767 -16.7952 2.4
      vertex -18.8344 -16.8033 3
      vertex -18.7767 -16.7952 3
    endloop
  endfacet
  facet normal -0.139018 0.99029 0
    outer loop
      vertex -18.8344 -16.8033 3
      vertex -18.7767 -16.7952 2.4
      vertex -18.8344 -16.8033 2.4
    endloop
  endfacet
  facet normal -0.0470858 0.998891 0
    outer loop
      vertex -18.7173 -16.7924 2.4
      vertex -18.7767 -16.7952 3
      vertex -18.7173 -16.7924 3
    endloop
  endfacet
  facet normal -0.0470858 0.998891 0
    outer loop
      vertex -18.7767 -16.7952 3
      vertex -18.7173 -16.7924 2.4
      vertex -18.7767 -16.7952 2.4
    endloop
  endfacet
  facet normal 0.0663697 0.997795 -0
    outer loop
      vertex -18.6286 -16.7983 2.4
      vertex -18.7173 -16.7924 3
      vertex -18.6286 -16.7983 3
    endloop
  endfacet
  facet normal 0.0663697 0.997795 0
    outer loop
      vertex -18.7173 -16.7924 3
      vertex -18.6286 -16.7983 2.4
      vertex -18.7173 -16.7924 2.4
    endloop
  endfacet
  facet normal 0.199708 0.979855 -0
    outer loop
      vertex -18.5447 -16.8154 2.4
      vertex -18.6286 -16.7983 3
      vertex -18.5447 -16.8154 3
    endloop
  endfacet
  facet normal 0.199708 0.979855 0
    outer loop
      vertex -18.6286 -16.7983 3
      vertex -18.5447 -16.8154 2.4
      vertex -18.6286 -16.7983 2.4
    endloop
  endfacet
  facet normal 0.333892 0.942611 -0
    outer loop
      vertex -18.4665 -16.8431 2.4
      vertex -18.5447 -16.8154 3
      vertex -18.4665 -16.8431 3
    endloop
  endfacet
  facet normal 0.333892 0.942611 0
    outer loop
      vertex -18.5447 -16.8154 3
      vertex -18.4665 -16.8431 2.4
      vertex -18.5447 -16.8154 2.4
    endloop
  endfacet
  facet normal 0.463915 0.88588 -0
    outer loop
      vertex -18.3947 -16.8807 2.4
      vertex -18.4665 -16.8431 3
      vertex -18.3947 -16.8807 3
    endloop
  endfacet
  facet normal 0.463915 0.88588 0
    outer loop
      vertex -18.4665 -16.8431 3
      vertex -18.3947 -16.8807 2.4
      vertex -18.4665 -16.8431 2.4
    endloop
  endfacet
  facet normal 0.584437 0.811439 -0
    outer loop
      vertex -18.33 -16.9273 2.4
      vertex -18.3947 -16.8807 3
      vertex -18.33 -16.9273 3
    endloop
  endfacet
  facet normal 0.584437 0.811439 0
    outer loop
      vertex -18.3947 -16.8807 3
      vertex -18.33 -16.9273 2.4
      vertex -18.3947 -16.8807 2.4
    endloop
  endfacet
  facet normal 0.696916 0.717153 -0
    outer loop
      vertex -18.2733 -16.9824 2.4
      vertex -18.33 -16.9273 3
      vertex -18.2733 -16.9824 3
    endloop
  endfacet
  facet normal 0.696916 0.717153 0
    outer loop
      vertex -18.33 -16.9273 3
      vertex -18.2733 -16.9824 2.4
      vertex -18.33 -16.9273 2.4
    endloop
  endfacet
  facet normal 0.793281 0.608856 0
    outer loop
      vertex -18.2251 -17.0452 3
      vertex -18.2733 -16.9824 2.4
      vertex -18.2733 -16.9824 3
    endloop
  endfacet
  facet normal 0.793281 0.608856 0
    outer loop
      vertex -18.2733 -16.9824 2.4
      vertex -18.2251 -17.0452 3
      vertex -18.2251 -17.0452 2.4
    endloop
  endfacet
  facet normal 0.874571 0.484898 0
    outer loop
      vertex -18.1864 -17.115 3
      vertex -18.2251 -17.0452 2.4
      vertex -18.2251 -17.0452 3
    endloop
  endfacet
  facet normal 0.874571 0.484898 0
    outer loop
      vertex -18.2251 -17.0452 2.4
      vertex -18.1864 -17.115 3
      vertex -18.1864 -17.115 2.4
    endloop
  endfacet
  facet normal 0.935517 0.353281 0
    outer loop
      vertex -18.1577 -17.191 3
      vertex -18.1864 -17.115 2.4
      vertex -18.1864 -17.115 3
    endloop
  endfacet
  facet normal 0.935517 0.353281 0
    outer loop
      vertex -18.1864 -17.115 2.4
      vertex -18.1577 -17.191 3
      vertex -18.1577 -17.191 2.4
    endloop
  endfacet
  facet normal 0.977274 0.211982 0
    outer loop
      vertex -18.14 -17.2726 3
      vertex -18.1577 -17.191 2.4
      vertex -18.1577 -17.191 3
    endloop
  endfacet
  facet normal 0.977274 0.211982 0
    outer loop
      vertex -18.1577 -17.191 2.4
      vertex -18.14 -17.2726 3
      vertex -18.14 -17.2726 2.4
    endloop
  endfacet
  facet normal 0.997523 0.0703455 0
    outer loop
      vertex -18.1339 -17.3591 3
      vertex -18.14 -17.2726 2.4
      vertex -18.14 -17.2726 3
    endloop
  endfacet
  facet normal 0.997523 0.0703455 0
    outer loop
      vertex -18.14 -17.2726 2.4
      vertex -18.1339 -17.3591 3
      vertex -18.1339 -17.3591 2.4
    endloop
  endfacet
  facet normal 0.998635 -0.0522363 0
    outer loop
      vertex -18.1373 -17.4241 3
      vertex -18.1339 -17.3591 2.4
      vertex -18.1339 -17.3591 3
    endloop
  endfacet
  facet normal 0.998635 -0.0522363 0
    outer loop
      vertex -18.1339 -17.3591 2.4
      vertex -18.1373 -17.4241 3
      vertex -18.1373 -17.4241 2.4
    endloop
  endfacet
  facet normal 0.987265 -0.159085 0
    outer loop
      vertex -18.1475 -17.4874 3
      vertex -18.1373 -17.4241 2.4
      vertex -18.1373 -17.4241 3
    endloop
  endfacet
  facet normal 0.987265 -0.159085 0
    outer loop
      vertex -18.1373 -17.4241 2.4
      vertex -18.1475 -17.4874 3
      vertex -18.1475 -17.4874 2.4
    endloop
  endfacet
  facet normal 0.964255 -0.264974 0
    outer loop
      vertex -18.1644 -17.5489 3
      vertex -18.1475 -17.4874 2.4
      vertex -18.1475 -17.4874 3
    endloop
  endfacet
  facet normal 0.964255 -0.264974 0
    outer loop
      vertex -18.1475 -17.4874 2.4
      vertex -18.1644 -17.5489 3
      vertex -18.1644 -17.5489 2.4
    endloop
  endfacet
  facet normal 0.929874 -0.367879 0
    outer loop
      vertex -18.1879 -17.6083 3
      vertex -18.1644 -17.5489 2.4
      vertex -18.1644 -17.5489 3
    endloop
  endfacet
  facet normal 0.929874 -0.367879 0
    outer loop
      vertex -18.1644 -17.5489 2.4
      vertex -18.1879 -17.6083 3
      vertex -18.1879 -17.6083 2.4
    endloop
  endfacet
  facet normal 0.885287 -0.465046 0
    outer loop
      vertex -18.218 -17.6656 3
      vertex -18.1879 -17.6083 2.4
      vertex -18.1879 -17.6083 3
    endloop
  endfacet
  facet normal 0.885287 -0.465046 0
    outer loop
      vertex -18.1879 -17.6083 2.4
      vertex -18.218 -17.6656 3
      vertex -18.218 -17.6656 2.4
    endloop
  endfacet
  facet normal 0.832979 -0.553304 0
    outer loop
      vertex -18.2546 -17.7207 3
      vertex -18.218 -17.6656 2.4
      vertex -18.218 -17.6656 3
    endloop
  endfacet
  facet normal 0.832979 -0.553304 0
    outer loop
      vertex -18.218 -17.6656 2.4
      vertex -18.2546 -17.7207 3
      vertex -18.2546 -17.7207 2.4
    endloop
  endfacet
  facet normal 0.773957 -0.633238 0
    outer loop
      vertex -18.2978 -17.7735 3
      vertex -18.2546 -17.7207 2.4
      vertex -18.2546 -17.7207 3
    endloop
  endfacet
  facet normal 0.773957 -0.633238 0
    outer loop
      vertex -18.2546 -17.7207 2.4
      vertex -18.2978 -17.7735 3
      vertex -18.2978 -17.7735 2.4
    endloop
  endfacet
  facet normal 0.712752 -0.701416 0
    outer loop
      vertex -18.3473 -17.8238 3
      vertex -18.2978 -17.7735 2.4
      vertex -18.2978 -17.7735 3
    endloop
  endfacet
  facet normal 0.712752 -0.701416 0
    outer loop
      vertex -18.2978 -17.7735 2.4
      vertex -18.3473 -17.8238 3
      vertex -18.3473 -17.8238 2.4
    endloop
  endfacet
  facet normal 0.649895 -0.760024 0
    outer loop
      vertex -18.4032 -17.8716 2.4
      vertex -18.3473 -17.8238 3
      vertex -18.4032 -17.8716 3
    endloop
  endfacet
  facet normal 0.649895 -0.760024 0
    outer loop
      vertex -18.3473 -17.8238 3
      vertex -18.4032 -17.8716 2.4
      vertex -18.3473 -17.8238 2.4
    endloop
  endfacet
  facet normal 0.586392 -0.810027 0
    outer loop
      vertex -18.4655 -17.9167 2.4
      vertex -18.4032 -17.8716 3
      vertex -18.4655 -17.9167 3
    endloop
  endfacet
  facet normal 0.586392 -0.810027 0
    outer loop
      vertex -18.4032 -17.8716 3
      vertex -18.4655 -17.9167 2.4
      vertex -18.4032 -17.8716 2.4
    endloop
  endfacet
  facet normal 0.526868 -0.849947 0
    outer loop
      vertex -18.5339 -17.9591 2.4
      vertex -18.4655 -17.9167 3
      vertex -18.5339 -17.9591 3
    endloop
  endfacet
  facet normal 0.526868 -0.849947 0
    outer loop
      vertex -18.4655 -17.9167 3
      vertex -18.5339 -17.9591 2.4
      vertex -18.4655 -17.9167 2.4
    endloop
  endfacet
  facet normal 0.506135 -0.862454 0
    outer loop
      vertex -18.9173 -18.1841 2.4
      vertex -18.5339 -17.9591 3
      vertex -18.9173 -18.1841 3
    endloop
  endfacet
  facet normal 0.506135 -0.862454 0
    outer loop
      vertex -18.5339 -17.9591 3
      vertex -18.9173 -18.1841 2.4
      vertex -18.5339 -17.9591 2.4
    endloop
  endfacet
  facet normal 0.516892 -0.856051 0
    outer loop
      vertex -19.0748 -18.2792 2.4
      vertex -18.9173 -18.1841 3
      vertex -19.0748 -18.2792 3
    endloop
  endfacet
  facet normal 0.516892 -0.856051 0
    outer loop
      vertex -18.9173 -18.1841 3
      vertex -19.0748 -18.2792 2.4
      vertex -18.9173 -18.1841 2.4
    endloop
  endfacet
  facet normal 0.563972 -0.825794 0
    outer loop
      vertex -19.212 -18.3729 2.4
      vertex -19.0748 -18.2792 3
      vertex -19.212 -18.3729 3
    endloop
  endfacet
  facet normal 0.563972 -0.825794 0
    outer loop
      vertex -19.0748 -18.2792 3
      vertex -19.212 -18.3729 2.4
      vertex -19.0748 -18.2792 2.4
    endloop
  endfacet
  facet normal 0.623564 -0.781772 0
    outer loop
      vertex -19.3301 -18.4671 2.4
      vertex -19.212 -18.3729 3
      vertex -19.3301 -18.4671 3
    endloop
  endfacet
  facet normal 0.623564 -0.781772 0
    outer loop
      vertex -19.212 -18.3729 3
      vertex -19.3301 -18.4671 2.4
      vertex -19.212 -18.3729 2.4
    endloop
  endfacet
  facet normal 0.693711 -0.720254 0
    outer loop
      vertex -19.4305 -18.5638 2.4
      vertex -19.3301 -18.4671 3
      vertex -19.4305 -18.5638 3
    endloop
  endfacet
  facet normal 0.693711 -0.720254 0
    outer loop
      vertex -19.3301 -18.4671 3
      vertex -19.4305 -18.5638 2.4
      vertex -19.3301 -18.4671 2.4
    endloop
  endfacet
  facet normal 0.76984 -0.638237 0
    outer loop
      vertex -19.5144 -18.665 3
      vertex -19.4305 -18.5638 2.4
      vertex -19.4305 -18.5638 3
    endloop
  endfacet
  facet normal 0.76984 -0.638237 0
    outer loop
      vertex -19.4305 -18.5638 2.4
      vertex -19.5144 -18.665 3
      vertex -19.5144 -18.665 2.4
    endloop
  endfacet
  facet normal 0.842726 -0.538343 0
    outer loop
      vertex -19.5832 -18.7727 3
      vertex -19.5144 -18.665 2.4
      vertex -19.5144 -18.665 3
    endloop
  endfacet
  facet normal 0.842726 -0.538343 0
    outer loop
      vertex -19.5144 -18.665 2.4
      vertex -19.5832 -18.7727 3
      vertex -19.5832 -18.7727 2.4
    endloop
  endfacet
  facet normal 0.904007 -0.427518 0
    outer loop
      vertex -19.6382 -18.889 3
      vertex -19.5832 -18.7727 2.4
      vertex -19.5832 -18.7727 3
    endloop
  endfacet
  facet normal 0.904007 -0.427518 0
    outer loop
      vertex -19.5832 -18.7727 2.4
      vertex -19.6382 -18.889 3
      vertex -19.6382 -18.889 2.4
    endloop
  endfacet
  facet normal 0.948234 -0.317572 0
    outer loop
      vertex -19.6807 -19.0159 3
      vertex -19.6382 -18.889 2.4
      vertex -19.6382 -18.889 3
    endloop
  endfacet
  facet normal 0.948234 -0.317572 0
    outer loop
      vertex -19.6382 -18.889 2.4
      vertex -19.6807 -19.0159 3
      vertex -19.6807 -19.0159 2.4
    endloop
  endfacet
  facet normal 0.975557 -0.219745 0
    outer loop
      vertex -19.7121 -19.1553 3
      vertex -19.6807 -19.0159 2.4
      vertex -19.6807 -19.0159 3
    endloop
  endfacet
  facet normal 0.975557 -0.219745 0
    outer loop
      vertex -19.6807 -19.0159 2.4
      vertex -19.7121 -19.1553 3
      vertex -19.7121 -19.1553 2.4
    endloop
  endfacet
  facet normal 0.990483 -0.137638 0
    outer loop
      vertex -19.7335 -19.3093 3
      vertex -19.7121 -19.1553 2.4
      vertex -19.7121 -19.1553 3
    endloop
  endfacet
  facet normal 0.990483 -0.137638 0
    outer loop
      vertex -19.7121 -19.1553 2.4
      vertex -19.7335 -19.3093 3
      vertex -19.7335 -19.3093 2.4
    endloop
  endfacet
  facet normal 0.997153 -0.0754002 0
    outer loop
      vertex -19.7464 -19.4799 3
      vertex -19.7335 -19.3093 2.4
      vertex -19.7335 -19.3093 3
    endloop
  endfacet
  facet normal 0.997153 -0.0754002 0
    outer loop
      vertex -19.7335 -19.3093 2.4
      vertex -19.7464 -19.4799 3
      vertex -19.7464 -19.4799 2.4
    endloop
  endfacet
  facet normal 0 1 -0
    outer loop
      vertex -17.7798 -19.4799 2.4
      vertex -19.7464 -19.4799 3
      vertex -17.7798 -19.4799 3
    endloop
  endfacet
  facet normal 0 1 0
    outer loop
      vertex -19.7464 -19.4799 3
      vertex -17.7798 -19.4799 2.4
      vertex -19.7464 -19.4799 2.4
    endloop
  endfacet
  facet normal -1 0 0
    outer loop
      vertex -17.7798 -19.4799 2.4
      vertex -17.7798 -19.1216 3
      vertex -17.7798 -19.1216 2.4
    endloop
  endfacet
  facet normal -1 -0 0
    outer loop
      vertex -17.7798 -19.1216 3
      vertex -17.7798 -19.4799 2.4
      vertex -17.7798 -19.4799 3
    endloop
  endfacet
  facet normal -0.993071 -0.117516 0
    outer loop
      vertex 30.9661 0.86305 0
      vertex 30.8646 1.72078 2.2
      vertex 30.8646 1.72078 0
    endloop
  endfacet
  facet normal -0.993071 -0.117516 0
    outer loop
      vertex 30.8646 1.72078 2.2
      vertex 30.9661 0.86305 0
      vertex 30.9661 0.86305 2.2
    endloop
  endfacet
  facet normal -0.999229 -0.039249 0
    outer loop
      vertex 31 0 0
      vertex 30.9661 0.86305 2.2
      vertex 30.9661 0.86305 0
    endloop
  endfacet
  facet normal -0.999229 -0.039249 0
    outer loop
      vertex 30.9661 0.86305 2.2
      vertex 31 0 0
      vertex 31 0 2.2
    endloop
  endfacet
  facet normal -0.980786 -0.195087 0
    outer loop
      vertex 30.8646 1.72078 0
      vertex 30.6961 2.5679 2.2
      vertex 30.6961 2.5679 0
    endloop
  endfacet
  facet normal -0.980786 -0.195087 0
    outer loop
      vertex 30.6961 2.5679 2.2
      vertex 30.8646 1.72078 0
      vertex 30.8646 1.72078 2.2
    endloop
  endfacet
  facet normal -0.831501 -0.555523 0
    outer loop
      vertex 29.379 5.74748 0
      vertex 28.8992 6.46564 2.2
      vertex 28.8992 6.46564 0
    endloop
  endfacet
  facet normal -0.831501 -0.555523 0
    outer loop
      vertex 28.8992 6.46564 2.2
      vertex 29.379 5.74748 0
      vertex 29.379 5.74748 2.2
    endloop
  endfacet
  facet normal 0.117506 0.993072 -0
    outer loop
      vertex 19.137 -10.9661 0
      vertex 18.2792 -10.8646 2.2
      vertex 19.137 -10.9661 2.2
    endloop
  endfacet
  facet normal 0.117506 0.993072 0
    outer loop
      vertex 18.2792 -10.8646 2.2
      vertex 19.137 -10.9661 0
      vertex 18.2792 -10.8646 0
    endloop
  endfacet
  facet normal -0.999229 0.039249 0
    outer loop
      vertex 30.9661 -0.86305 0
      vertex 31 0 2.2
      vertex 31 0 0
    endloop
  endfacet
  facet normal -0.999229 0.039249 0
    outer loop
      vertex 31 0 2.2
      vertex 30.9661 -0.86305 0
      vertex 30.9661 -0.86305 2.2
    endloop
  endfacet
  facet normal 0.908156 0.418632 0
    outer loop
      vertex 10.1989 -4.99389 2.2
      vertex 9.83733 -4.20952 0
      vertex 9.83733 -4.20952 2.2
    endloop
  endfacet
  facet normal 0.908156 0.418632 0
    outer loop
      vertex 9.83733 -4.20952 0
      vertex 10.1989 -4.99389 2.2
      vertex 10.1989 -4.99389 0
    endloop
  endfacet
  facet normal 0.962455 -0.271443 0
    outer loop
      vertex 9.30393 2.5679 2.2
      vertex 9.53838 3.39919 0
      vertex 9.53838 3.39919 2.2
    endloop
  endfacet
  facet normal 0.962455 -0.271443 0
    outer loop
      vertex 9.53838 3.39919 0
      vertex 9.30393 2.5679 2.2
      vertex 9.30393 2.5679 0
    endloop
  endfacet
  facet normal 0.117506 -0.993072 0
    outer loop
      vertex 18.2792 10.8646 0
      vertex 19.137 10.9661 2.2
      vertex 18.2792 10.8646 2.2
    endloop
  endfacet
  facet normal 0.117506 -0.993072 0
    outer loop
      vertex 19.137 10.9661 2.2
      vertex 18.2792 10.8646 0
      vertex 19.137 10.9661 0
    endloop
  endfacet
  facet normal 0.271493 -0.96244 0
    outer loop
      vertex 16.6008 10.4616 0
      vertex 17.4321 10.6961 2.2
      vertex 16.6008 10.4616 2.2
    endloop
  endfacet
  facet normal 0.271493 -0.96244 0
    outer loop
      vertex 17.4321 10.6961 2.2
      vertex 16.6008 10.4616 0
      vertex 17.4321 10.6961 0
    endloop
  endfacet
  facet normal -0.195092 0.980785 0
    outer loop
      vertex 22.5679 -10.6961 0
      vertex 21.7208 -10.8646 2.2
      vertex 22.5679 -10.6961 2.2
    endloop
  endfacet
  facet normal -0.195092 0.980785 0
    outer loop
      vertex 21.7208 -10.8646 2.2
      vertex 22.5679 -10.6961 0
      vertex 21.7208 -10.8646 0
    endloop
  endfacet
  facet normal -0.346081 -0.938205 0
    outer loop
      vertex 23.3992 10.4616 0
      vertex 24.2095 10.1627 2.2
      vertex 23.3992 10.4616 2.2
    endloop
  endfacet
  facet normal -0.346081 -0.938205 -0
    outer loop
      vertex 24.2095 10.1627 2.2
      vertex 23.3992 10.4616 0
      vertex 24.2095 10.1627 0
    endloop
  endfacet
  facet normal 0.678769 -0.734352 0
    outer loop
      vertex 12.2218 7.77817 0
      vertex 12.8561 8.36446 2.2
      vertex 12.2218 7.77817 2.2
    endloop
  endfacet
  facet normal 0.678769 -0.734352 0
    outer loop
      vertex 12.8561 8.36446 2.2
      vertex 12.2218 7.77817 0
      vertex 12.8561 8.36446 0
    endloop
  endfacet
  facet normal 0.488616 0.872499 -0
    outer loop
      vertex 15.0061 -9.80107 0
      vertex 14.2525 -9.37904 2.2
      vertex 15.0061 -9.80107 2.2
    endloop
  endfacet
  facet normal 0.488616 0.872499 0
    outer loop
      vertex 14.2525 -9.37904 2.2
      vertex 15.0061 -9.80107 0
      vertex 14.2525 -9.37904 0
    endloop
  endfacet
  facet normal -0.488616 0.872499 0
    outer loop
      vertex 25.7475 -9.37904 0
      vertex 24.9939 -9.80107 2.2
      vertex 25.7475 -9.37904 2.2
    endloop
  endfacet
  facet normal -0.488616 0.872499 0
    outer loop
      vertex 24.9939 -9.80107 2.2
      vertex 25.7475 -9.37904 0
      vertex 24.9939 -9.80107 0
    endloop
  endfacet
  facet normal 0.980786 -0.195087 0
    outer loop
      vertex 9.13543 1.72078 2.2
      vertex 9.30393 2.5679 0
      vertex 9.30393 2.5679 2.2
    endloop
  endfacet
  facet normal 0.980786 -0.195087 0
    outer loop
      vertex 9.30393 2.5679 0
      vertex 9.13543 1.72078 2.2
      vertex 9.13543 1.72078 0
    endloop
  endfacet
  facet normal 0.346081 -0.938205 0
    outer loop
      vertex 15.7905 10.1627 0
      vertex 16.6008 10.4616 2.2
      vertex 15.7905 10.1627 2.2
    endloop
  endfacet
  facet normal 0.346081 -0.938205 0
    outer loop
      vertex 16.6008 10.4616 2.2
      vertex 15.7905 10.1627 0
      vertex 16.6008 10.4616 0
    endloop
  endfacet
  facet normal -0.734314 0.67881 0
    outer loop
      vertex 27.7782 -7.77817 0
      vertex 28.3645 -7.14393 2.2
      vertex 28.3645 -7.14393 0
    endloop
  endfacet
  facet normal -0.734314 0.67881 0
    outer loop
      vertex 28.3645 -7.14393 2.2
      vertex 27.7782 -7.77817 0
      vertex 27.7782 -7.77817 2.2
    endloop
  endfacet
  facet normal -0.96244 0.271496 0
    outer loop
      vertex 30.4616 -3.39919 0
      vertex 30.6961 -2.5679 2.2
      vertex 30.6961 -2.5679 0
    endloop
  endfacet
  facet normal -0.96244 0.271496 0
    outer loop
      vertex 30.6961 -2.5679 2.2
      vertex 30.4616 -3.39919 0
      vertex 30.4616 -3.39919 2.2
    endloop
  endfacet
  facet normal -0.993071 0.117516 0
    outer loop
      vertex 30.8646 -1.72078 0
      vertex 30.9661 -0.86305 2.2
      vertex 30.9661 -0.86305 0
    endloop
  endfacet
  facet normal -0.993071 0.117516 0
    outer loop
      vertex 30.9661 -0.86305 2.2
      vertex 30.8646 -1.72078 0
      vertex 30.8646 -1.72078 2.2
    endloop
  endfacet
  facet normal 0.962455 0.271443 0
    outer loop
      vertex 9.53838 -3.39919 2.2
      vertex 9.30393 -2.5679 0
      vertex 9.30393 -2.5679 2.2
    endloop
  endfacet
  facet normal 0.962455 0.271443 0
    outer loop
      vertex 9.30393 -2.5679 0
      vertex 9.53838 -3.39919 2.2
      vertex 9.53838 -3.39919 0
    endloop
  endfacet
  facet normal -0.619095 -0.785316 0
    outer loop
      vertex 26.4656 8.89919 0
      vertex 27.1439 8.36446 2.2
      vertex 26.4656 8.89919 2.2
    endloop
  endfacet
  facet normal -0.619095 -0.785316 -0
    outer loop
      vertex 27.1439 8.36446 2.2
      vertex 26.4656 8.89919 0
      vertex 27.1439 8.36446 0
    endloop
  endfacet
  facet normal 0.734314 0.67881 0
    outer loop
      vertex 12.2218 -7.77817 2.2
      vertex 11.6355 -7.14393 0
      vertex 11.6355 -7.14393 2.2
    endloop
  endfacet
  facet normal 0.734314 0.67881 0
    outer loop
      vertex 11.6355 -7.14393 0
      vertex 12.2218 -7.77817 2.2
      vertex 12.2218 -7.77817 0
    endloop
  endfacet
  facet normal 0.831501 -0.555523 0
    outer loop
      vertex 10.621 5.74748 2.2
      vertex 11.1008 6.46564 0
      vertex 11.1008 6.46564 2.2
    endloop
  endfacet
  facet normal 0.831501 -0.555523 0
    outer loop
      vertex 11.1008 6.46564 0
      vertex 10.621 5.74748 2.2
      vertex 10.621 5.74748 0
    endloop
  endfacet
  facet normal -0.0392513 0.999229 0
    outer loop
      vertex 20.863 -10.9661 0
      vertex 20 -11 2.2
      vertex 20.863 -10.9661 2.2
    endloop
  endfacet
  facet normal -0.0392513 0.999229 0
    outer loop
      vertex 20 -11 2.2
      vertex 20.863 -10.9661 0
      vertex 20 -11 0
    endloop
  endfacet
  facet normal 0.980786 0.195087 0
    outer loop
      vertex 9.30393 -2.5679 2.2
      vertex 9.13543 -1.72078 0
      vertex 9.13543 -1.72078 2.2
    endloop
  endfacet
  facet normal 0.980786 0.195087 0
    outer loop
      vertex 9.13543 -1.72078 0
      vertex 9.30393 -2.5679 2.2
      vertex 9.30393 -2.5679 0
    endloop
  endfacet
  facet normal -0.96244 -0.271496 0
    outer loop
      vertex 30.6961 2.5679 0
      vertex 30.4616 3.39919 2.2
      vertex 30.4616 3.39919 0
    endloop
  endfacet
  facet normal -0.96244 -0.271496 0
    outer loop
      vertex 30.4616 3.39919 2.2
      vertex 30.6961 2.5679 0
      vertex 30.6961 2.5679 2.2
    endloop
  endfacet
  facet normal -0.678769 -0.734352 0
    outer loop
      vertex 27.1439 8.36446 0
      vertex 27.7782 7.77817 2.2
      vertex 27.1439 8.36446 2.2
    endloop
  endfacet
  facet normal -0.678769 -0.734352 -0
    outer loop
      vertex 27.7782 7.77817 2.2
      vertex 27.1439 8.36446 0
      vertex 27.7782 7.77817 0
    endloop
  endfacet
  facet normal 0.999229 0.0392606 0
    outer loop
      vertex 9.03391 -0.86305 2.2
      vertex 9 0 0
      vertex 9 0 2.2
    endloop
  endfacet
  facet normal 0.999229 0.0392606 0
    outer loop
      vertex 9 0 0
      vertex 9.03391 -0.86305 2.2
      vertex 9.03391 -0.86305 0
    endloop
  endfacet
  facet normal 0.734314 -0.67881 0
    outer loop
      vertex 11.6355 7.14393 2.2
      vertex 12.2218 7.77817 0
      vertex 12.2218 7.77817 2.2
    endloop
  endfacet
  facet normal 0.734314 -0.67881 0
    outer loop
      vertex 12.2218 7.77817 0
      vertex 11.6355 7.14393 2.2
      vertex 11.6355 7.14393 0
    endloop
  endfacet
  facet normal 0.418676 -0.908136 0
    outer loop
      vertex 15.0061 9.80107 0
      vertex 15.7905 10.1627 2.2
      vertex 15.0061 9.80107 2.2
    endloop
  endfacet
  facet normal 0.418676 -0.908136 0
    outer loop
      vertex 15.7905 10.1627 2.2
      vertex 15.0061 9.80107 0
      vertex 15.7905 10.1627 0
    endloop
  endfacet
  facet normal 0.993068 -0.117538 0
    outer loop
      vertex 9.03391 0.86305 2.2
      vertex 9.13543 1.72078 0
      vertex 9.13543 1.72078 2.2
    endloop
  endfacet
  facet normal 0.993068 -0.117538 0
    outer loop
      vertex 9.13543 1.72078 0
      vertex 9.03391 0.86305 2.2
      vertex 9.03391 0.86305 0
    endloop
  endfacet
  facet normal 0.678769 0.734352 -0
    outer loop
      vertex 12.8561 -8.36446 0
      vertex 12.2218 -7.77817 2.2
      vertex 12.8561 -8.36446 2.2
    endloop
  endfacet
  facet normal 0.678769 0.734352 0
    outer loop
      vertex 12.2218 -7.77817 2.2
      vertex 12.8561 -8.36446 0
      vertex 12.2218 -7.77817 0
    endloop
  endfacet
  facet normal 0.619095 -0.785316 0
    outer loop
      vertex 12.8561 8.36446 0
      vertex 13.5344 8.89919 2.2
      vertex 12.8561 8.36446 2.2
    endloop
  endfacet
  facet normal 0.619095 -0.785316 0
    outer loop
      vertex 13.5344 8.89919 2.2
      vertex 12.8561 8.36446 0
      vertex 13.5344 8.89919 0
    endloop
  endfacet
  facet normal 0.93819 0.346121 0
    outer loop
      vertex 9.83733 -4.20952 2.2
      vertex 9.53838 -3.39919 0
      vertex 9.53838 -3.39919 2.2
    endloop
  endfacet
  facet normal 0.93819 0.346121 0
    outer loop
      vertex 9.53838 -3.39919 0
      vertex 9.83733 -4.20952 2.2
      vertex 9.83733 -4.20952 0
    endloop
  endfacet
  facet normal 0.0392513 0.999229 -0
    outer loop
      vertex 20 -11 0
      vertex 19.137 -10.9661 2.2
      vertex 20 -11 2.2
    endloop
  endfacet
  facet normal 0.0392513 0.999229 0
    outer loop
      vertex 19.137 -10.9661 2.2
      vertex 20 -11 0
      vertex 19.137 -10.9661 0
    endloop
  endfacet
  facet normal -0.418676 0.908136 0
    outer loop
      vertex 24.9939 -9.80107 0
      vertex 24.2095 -10.1627 2.2
      vertex 24.9939 -9.80107 2.2
    endloop
  endfacet
  facet normal -0.418676 0.908136 0
    outer loop
      vertex 24.2095 -10.1627 2.2
      vertex 24.9939 -9.80107 0
      vertex 24.2095 -10.1627 0
    endloop
  endfacet
  facet normal 0.993068 0.117538 0
    outer loop
      vertex 9.13543 -1.72078 2.2
      vertex 9.03391 -0.86305 0
      vertex 9.03391 -0.86305 2.2
    endloop
  endfacet
  facet normal 0.993068 0.117538 0
    outer loop
      vertex 9.03391 -0.86305 0
      vertex 9.13543 -1.72078 2.2
      vertex 9.13543 -1.72078 0
    endloop
  endfacet
  facet normal -0.980786 0.195087 0
    outer loop
      vertex 30.6961 -2.5679 0
      vertex 30.8646 -1.72078 2.2
      vertex 30.8646 -1.72078 0
    endloop
  endfacet
  facet normal -0.980786 0.195087 0
    outer loop
      vertex 30.8646 -1.72078 2.2
      vertex 30.6961 -2.5679 0
      vertex 30.6961 -2.5679 2.2
    endloop
  endfacet
  facet normal -0.195092 -0.980785 0
    outer loop
      vertex 21.7208 10.8646 0
      vertex 22.5679 10.6961 2.2
      vertex 21.7208 10.8646 2.2
    endloop
  endfacet
  facet normal -0.195092 -0.980785 -0
    outer loop
      vertex 22.5679 10.6961 2.2
      vertex 21.7208 10.8646 0
      vertex 22.5679 10.6961 0
    endloop
  endfacet
  facet normal -0.0392513 -0.999229 0
    outer loop
      vertex 20 11 0
      vertex 20.863 10.9661 2.2
      vertex 20 11 2.2
    endloop
  endfacet
  facet normal -0.0392513 -0.999229 -0
    outer loop
      vertex 20.863 10.9661 2.2
      vertex 20 11 0
      vertex 20.863 10.9661 0
    endloop
  endfacet
  facet normal -0.488616 -0.872499 0
    outer loop
      vertex 24.9939 9.80107 0
      vertex 25.7475 9.37904 2.2
      vertex 24.9939 9.80107 2.2
    endloop
  endfacet
  facet normal -0.488616 -0.872499 -0
    outer loop
      vertex 25.7475 9.37904 2.2
      vertex 24.9939 9.80107 0
      vertex 25.7475 9.37904 0
    endloop
  endfacet
  facet normal 0.785329 0.619079 0
    outer loop
      vertex 11.6355 -7.14393 2.2
      vertex 11.1008 -6.46564 0
      vertex 11.1008 -6.46564 2.2
    endloop
  endfacet
  facet normal 0.785329 0.619079 0
    outer loop
      vertex 11.1008 -6.46564 0
      vertex 11.6355 -7.14393 2.2
      vertex 11.6355 -7.14393 0
    endloop
  endfacet
  facet normal -0.555595 -0.831453 0
    outer loop
      vertex 25.7475 9.37904 0
      vertex 26.4656 8.89919 2.2
      vertex 25.7475 9.37904 2.2
    endloop
  endfacet
  facet normal -0.555595 -0.831453 -0
    outer loop
      vertex 26.4656 8.89919 2.2
      vertex 25.7475 9.37904 0
      vertex 26.4656 8.89919 0
    endloop
  endfacet
  facet normal -0.271493 -0.96244 0
    outer loop
      vertex 22.5679 10.6961 0
      vertex 23.3992 10.4616 2.2
      vertex 22.5679 10.6961 2.2
    endloop
  endfacet
  facet normal -0.271493 -0.96244 -0
    outer loop
      vertex 23.3992 10.4616 2.2
      vertex 22.5679 10.6961 0
      vertex 23.3992 10.4616 0
    endloop
  endfacet
  facet normal -0.418676 -0.908136 0
    outer loop
      vertex 24.2095 10.1627 0
      vertex 24.9939 9.80107 2.2
      vertex 24.2095 10.1627 2.2
    endloop
  endfacet
  facet normal -0.418676 -0.908136 -0
    outer loop
      vertex 24.9939 9.80107 2.2
      vertex 24.2095 10.1627 0
      vertex 24.9939 9.80107 0
    endloop
  endfacet
  facet normal -0.872462 -0.488682 0
    outer loop
      vertex 29.8011 4.99389 0
      vertex 29.379 5.74748 2.2
      vertex 29.379 5.74748 0
    endloop
  endfacet
  facet normal -0.872462 -0.488682 0
    outer loop
      vertex 29.379 5.74748 2.2
      vertex 29.8011 4.99389 0
      vertex 29.8011 4.99389 2.2
    endloop
  endfacet
  facet normal 0.908156 -0.418632 0
    outer loop
      vertex 9.83733 4.20952 2.2
      vertex 10.1989 4.99389 0
      vertex 10.1989 4.99389 2.2
    endloop
  endfacet
  facet normal 0.908156 -0.418632 0
    outer loop
      vertex 10.1989 4.99389 0
      vertex 9.83733 4.20952 2.2
      vertex 9.83733 4.20952 0
    endloop
  endfacet
  facet normal -0.734314 -0.67881 0
    outer loop
      vertex 28.3645 7.14393 0
      vertex 27.7782 7.77817 2.2
      vertex 27.7782 7.77817 0
    endloop
  endfacet
  facet normal -0.734314 -0.67881 0
    outer loop
      vertex 27.7782 7.77817 2.2
      vertex 28.3645 7.14393 0
      vertex 28.3645 7.14393 2.2
    endloop
  endfacet
  facet normal -0.938209 -0.34607 0
    outer loop
      vertex 30.4616 3.39919 0
      vertex 30.1627 4.20952 2.2
      vertex 30.1627 4.20952 0
    endloop
  endfacet
  facet normal -0.938209 -0.34607 0
    outer loop
      vertex 30.1627 4.20952 2.2
      vertex 30.4616 3.39919 0
      vertex 30.4616 3.39919 2.2
    endloop
  endfacet
  facet normal -0.908143 -0.41866 0
    outer loop
      vertex 30.1627 4.20952 0
      vertex 29.8011 4.99389 2.2
      vertex 29.8011 4.99389 0
    endloop
  endfacet
  facet normal -0.908143 -0.41866 0
    outer loop
      vertex 29.8011 4.99389 2.2
      vertex 30.1627 4.20952 0
      vertex 30.1627 4.20952 2.2
    endloop
  endfacet
  facet normal 0.785329 -0.619079 0
    outer loop
      vertex 11.1008 6.46564 2.2
      vertex 11.6355 7.14393 0
      vertex 11.6355 7.14393 2.2
    endloop
  endfacet
  facet normal 0.785329 -0.619079 0
    outer loop
      vertex 11.6355 7.14393 0
      vertex 11.1008 6.46564 2.2
      vertex 11.1008 6.46564 0
    endloop
  endfacet
  facet normal 0.0392513 -0.999229 0
    outer loop
      vertex 19.137 10.9661 0
      vertex 20 11 2.2
      vertex 19.137 10.9661 2.2
    endloop
  endfacet
  facet normal 0.0392513 -0.999229 0
    outer loop
      vertex 20 11 2.2
      vertex 19.137 10.9661 0
      vertex 20 11 0
    endloop
  endfacet
  facet normal -0.271493 0.96244 0
    outer loop
      vertex 23.3992 -10.4616 0
      vertex 22.5679 -10.6961 2.2
      vertex 23.3992 -10.4616 2.2
    endloop
  endfacet
  facet normal -0.271493 0.96244 0
    outer loop
      vertex 22.5679 -10.6961 2.2
      vertex 23.3992 -10.4616 0
      vertex 22.5679 -10.6961 0
    endloop
  endfacet
  facet normal -0.555595 0.831453 0
    outer loop
      vertex 26.4656 -8.89919 0
      vertex 25.7475 -9.37904 2.2
      vertex 26.4656 -8.89919 2.2
    endloop
  endfacet
  facet normal -0.555595 0.831453 0
    outer loop
      vertex 25.7475 -9.37904 2.2
      vertex 26.4656 -8.89919 0
      vertex 25.7475 -9.37904 0
    endloop
  endfacet
  facet normal 0.619095 0.785316 -0
    outer loop
      vertex 13.5344 -8.89919 0
      vertex 12.8561 -8.36446 2.2
      vertex 13.5344 -8.89919 2.2
    endloop
  endfacet
  facet normal 0.619095 0.785316 0
    outer loop
      vertex 12.8561 -8.36446 2.2
      vertex 13.5344 -8.89919 0
      vertex 12.8561 -8.36446 0
    endloop
  endfacet
  facet normal 0.488616 -0.872499 0
    outer loop
      vertex 14.2525 9.37904 0
      vertex 15.0061 9.80107 2.2
      vertex 14.2525 9.37904 2.2
    endloop
  endfacet
  facet normal 0.488616 -0.872499 0
    outer loop
      vertex 15.0061 9.80107 2.2
      vertex 14.2525 9.37904 0
      vertex 15.0061 9.80107 0
    endloop
  endfacet
  facet normal -0.117506 0.993072 0
    outer loop
      vertex 21.7208 -10.8646 0
      vertex 20.863 -10.9661 2.2
      vertex 21.7208 -10.8646 2.2
    endloop
  endfacet
  facet normal -0.117506 0.993072 0
    outer loop
      vertex 20.863 -10.9661 2.2
      vertex 21.7208 -10.8646 0
      vertex 20.863 -10.9661 0
    endloop
  endfacet
  facet normal 0.872462 -0.488682 0
    outer loop
      vertex 10.1989 4.99389 2.2
      vertex 10.621 5.74748 0
      vertex 10.621 5.74748 2.2
    endloop
  endfacet
  facet normal 0.872462 -0.488682 0
    outer loop
      vertex 10.621 5.74748 0
      vertex 10.1989 4.99389 2.2
      vertex 10.1989 4.99389 0
    endloop
  endfacet
  facet normal 0.195092 -0.980785 0
    outer loop
      vertex 17.4321 10.6961 0
      vertex 18.2792 10.8646 2.2
      vertex 17.4321 10.6961 2.2
    endloop
  endfacet
  facet normal 0.195092 -0.980785 0
    outer loop
      vertex 18.2792 10.8646 2.2
      vertex 17.4321 10.6961 0
      vertex 18.2792 10.8646 0
    endloop
  endfacet
  facet normal -0.872462 0.488682 0
    outer loop
      vertex 29.379 -5.74748 0
      vertex 29.8011 -4.99389 2.2
      vertex 29.8011 -4.99389 0
    endloop
  endfacet
  facet normal -0.872462 0.488682 0
    outer loop
      vertex 29.8011 -4.99389 2.2
      vertex 29.379 -5.74748 0
      vertex 29.379 -5.74748 2.2
    endloop
  endfacet
  facet normal 0.555595 -0.831453 0
    outer loop
      vertex 13.5344 8.89919 0
      vertex 14.2525 9.37904 2.2
      vertex 13.5344 8.89919 2.2
    endloop
  endfacet
  facet normal 0.555595 -0.831453 0
    outer loop
      vertex 14.2525 9.37904 2.2
      vertex 13.5344 8.89919 0
      vertex 14.2525 9.37904 0
    endloop
  endfacet
  facet normal -0.346081 0.938205 0
    outer loop
      vertex 24.2095 -10.1627 0
      vertex 23.3992 -10.4616 2.2
      vertex 24.2095 -10.1627 2.2
    endloop
  endfacet
  facet normal -0.346081 0.938205 0
    outer loop
      vertex 23.3992 -10.4616 2.2
      vertex 24.2095 -10.1627 0
      vertex 23.3992 -10.4616 0
    endloop
  endfacet
  facet normal -0.908143 0.41866 0
    outer loop
      vertex 29.8011 -4.99389 0
      vertex 30.1627 -4.20952 2.2
      vertex 30.1627 -4.20952 0
    endloop
  endfacet
  facet normal -0.908143 0.41866 0
    outer loop
      vertex 30.1627 -4.20952 2.2
      vertex 29.8011 -4.99389 0
      vertex 29.8011 -4.99389 2.2
    endloop
  endfacet
  facet normal -0.785329 0.619079 0
    outer loop
      vertex 28.3645 -7.14393 0
      vertex 28.8992 -6.46564 2.2
      vertex 28.8992 -6.46564 0
    endloop
  endfacet
  facet normal -0.785329 0.619079 0
    outer loop
      vertex 28.8992 -6.46564 2.2
      vertex 28.3645 -7.14393 0
      vertex 28.3645 -7.14393 2.2
    endloop
  endfacet
  facet normal -0.938209 0.34607 0
    outer loop
      vertex 30.1627 -4.20952 0
      vertex 30.4616 -3.39919 2.2
      vertex 30.4616 -3.39919 0
    endloop
  endfacet
  facet normal -0.938209 0.34607 0
    outer loop
      vertex 30.4616 -3.39919 2.2
      vertex 30.1627 -4.20952 0
      vertex 30.1627 -4.20952 2.2
    endloop
  endfacet
  facet normal -0.785329 -0.619079 0
    outer loop
      vertex 28.8992 6.46564 0
      vertex 28.3645 7.14393 2.2
      vertex 28.3645 7.14393 0
    endloop
  endfacet
  facet normal -0.785329 -0.619079 0
    outer loop
      vertex 28.3645 7.14393 2.2
      vertex 28.8992 6.46564 0
      vertex 28.8992 6.46564 2.2
    endloop
  endfacet
  facet normal 0.93819 -0.346121 0
    outer loop
      vertex 9.53838 3.39919 2.2
      vertex 9.83733 4.20952 0
      vertex 9.83733 4.20952 2.2
    endloop
  endfacet
  facet normal 0.93819 -0.346121 0
    outer loop
      vertex 9.83733 4.20952 0
      vertex 9.53838 3.39919 2.2
      vertex 9.53838 3.39919 0
    endloop
  endfacet
  facet normal 0.999229 -0.0392606 0
    outer loop
      vertex 9 0 2.2
      vertex 9.03391 0.86305 0
      vertex 9.03391 0.86305 2.2
    endloop
  endfacet
  facet normal 0.999229 -0.0392606 0
    outer loop
      vertex 9.03391 0.86305 0
      vertex 9 0 2.2
      vertex 9 0 0
    endloop
  endfacet
  facet normal 0.872462 0.488682 0
    outer loop
      vertex 10.621 -5.74748 2.2
      vertex 10.1989 -4.99389 0
      vertex 10.1989 -4.99389 2.2
    endloop
  endfacet
  facet normal 0.872462 0.488682 0
    outer loop
      vertex 10.1989 -4.99389 0
      vertex 10.621 -5.74748 2.2
      vertex 10.621 -5.74748 0
    endloop
  endfacet
  facet normal -0.117506 -0.993072 0
    outer loop
      vertex 20.863 10.9661 0
      vertex 21.7208 10.8646 2.2
      vertex 20.863 10.9661 2.2
    endloop
  endfacet
  facet normal -0.117506 -0.993072 -0
    outer loop
      vertex 21.7208 10.8646 2.2
      vertex 20.863 10.9661 0
      vertex 21.7208 10.8646 0
    endloop
  endfacet
  facet normal 0.555595 0.831453 -0
    outer loop
      vertex 14.2525 -9.37904 0
      vertex 13.5344 -8.89919 2.2
      vertex 14.2525 -9.37904 2.2
    endloop
  endfacet
  facet normal 0.555595 0.831453 0
    outer loop
      vertex 13.5344 -8.89919 2.2
      vertex 14.2525 -9.37904 0
      vertex 13.5344 -8.89919 0
    endloop
  endfacet
  facet normal 0.346081 0.938205 -0
    outer loop
      vertex 16.6008 -10.4616 0
      vertex 15.7905 -10.1627 2.2
      vertex 16.6008 -10.4616 2.2
    endloop
  endfacet
  facet normal 0.346081 0.938205 0
    outer loop
      vertex 15.7905 -10.1627 2.2
      vertex 16.6008 -10.4616 0
      vertex 15.7905 -10.1627 0
    endloop
  endfacet
  facet normal 0.271493 0.96244 -0
    outer loop
      vertex 17.4321 -10.6961 0
      vertex 16.6008 -10.4616 2.2
      vertex 17.4321 -10.6961 2.2
    endloop
  endfacet
  facet normal 0.271493 0.96244 0
    outer loop
      vertex 16.6008 -10.4616 2.2
      vertex 17.4321 -10.6961 0
      vertex 16.6008 -10.4616 0
    endloop
  endfacet
  facet normal -0.831501 0.555523 0
    outer loop
      vertex 28.8992 -6.46564 0
      vertex 29.379 -5.74748 2.2
      vertex 29.379 -5.74748 0
    endloop
  endfacet
  facet normal -0.831501 0.555523 0
    outer loop
      vertex 29.379 -5.74748 2.2
      vertex 28.8992 -6.46564 0
      vertex 28.8992 -6.46564 2.2
    endloop
  endfacet
  facet normal -0.619095 0.785316 0
    outer loop
      vertex 27.1439 -8.36446 0
      vertex 26.4656 -8.89919 2.2
      vertex 27.1439 -8.36446 2.2
    endloop
  endfacet
  facet normal -0.619095 0.785316 0
    outer loop
      vertex 26.4656 -8.89919 2.2
      vertex 27.1439 -8.36446 0
      vertex 26.4656 -8.89919 0
    endloop
  endfacet
  facet normal 0.195092 0.980785 -0
    outer loop
      vertex 18.2792 -10.8646 0
      vertex 17.4321 -10.6961 2.2
      vertex 18.2792 -10.8646 2.2
    endloop
  endfacet
  facet normal 0.195092 0.980785 0
    outer loop
      vertex 17.4321 -10.6961 2.2
      vertex 18.2792 -10.8646 0
      vertex 17.4321 -10.6961 0
    endloop
  endfacet
  facet normal -0.678769 0.734352 0
    outer loop
      vertex 27.7782 -7.77817 0
      vertex 27.1439 -8.36446 2.2
      vertex 27.7782 -7.77817 2.2
    endloop
  endfacet
  facet normal -0.678769 0.734352 0
    outer loop
      vertex 27.1439 -8.36446 2.2
      vertex 27.7782 -7.77817 0
      vertex 27.1439 -8.36446 0
    endloop
  endfacet
  facet normal 0.831501 0.555523 0
    outer loop
      vertex 11.1008 -6.46564 2.2
      vertex 10.621 -5.74748 0
      vertex 10.621 -5.74748 2.2
    endloop
  endfacet
  facet normal 0.831501 0.555523 0
    outer loop
      vertex 10.621 -5.74748 0
      vertex 11.1008 -6.46564 2.2
      vertex 11.1008 -6.46564 0
    endloop
  endfacet
  facet normal 0.418676 0.908136 -0
    outer loop
      vertex 15.7905 -10.1627 0
      vertex 15.0061 -9.80107 2.2
      vertex 15.7905 -10.1627 2.2
    endloop
  endfacet
  facet normal 0.418676 0.908136 0
    outer loop
      vertex 15.0061 -9.80107 2.2
      vertex 15.7905 -10.1627 0
      vertex 15.0061 -9.80107 0
    endloop
  endfacet
  facet normal -0.520648 0.485406 0.702358
    outer loop
      vertex 28.3645 -7.14393 2.2
      vertex 28.958 -7.6649 3
      vertex 28.9653 -7.65707 3
    endloop
  endfacet
  facet normal -0.522672 0.483165 0.7024
    outer loop
      vertex 28.958 -7.6649 3
      vertex 28.3645 -7.14393 2.2
      vertex 27.7782 -7.77817 2.2
    endloop
  endfacet
  facet normal -0.71121 0.0279358 0.702424
    outer loop
      vertex 30.9661 -0.86305 2.2
      vertex 31.7542 -0.914388 3
      vertex 31 0 2.2
    endloop
  endfacet
  facet normal -0.711274 0.0267045 0.702407
    outer loop
      vertex 31.7542 -0.914388 3
      vertex 30.9661 -0.86305 2.2
      vertex 31.7538 -0.925042 3
    endloop
  endfacet
  facet normal 0.70682 0.0836595 0.702429
    outer loop
      vertex 8.35503 -1.84438 3
      vertex 9.13543 -1.72078 2.2
      vertex 8.24747 -0.93563 3
    endloop
  endfacet
  facet normal 0.698078 -0.138854 0.702429
    outer loop
      vertex 8.35711 1.85484 3
      vertex 9.13543 1.72078 2.2
      vertex 9.30393 2.5679 2.2
    endloop
  endfacet
  facet normal 0.698085 -0.138816 0.702429
    outer loop
      vertex 9.13543 1.72078 2.2
      vertex 8.35711 1.85484 3
      vertex 8.35503 1.84438 3
    endloop
  endfacet
  facet normal -0.711218 -0.0279233 0.702417
    outer loop
      vertex 31.7901 0 3
      vertex 31.7542 0.914388 3
      vertex 31 0 2.2
    endloop
  endfacet
  facet normal -0.711274 -0.0267045 0.702407
    outer loop
      vertex 30.9661 0.86305 2.2
      vertex 31.7542 0.914388 3
      vertex 31.7538 0.925042 3
    endloop
  endfacet
  facet normal -0.71121 -0.0279358 0.702424
    outer loop
      vertex 31.7542 0.914388 3
      vertex 30.9661 0.86305 2.2
      vertex 31 0 2.2
    endloop
  endfacet
  facet normal 0.48422 -0.521673 0.702416
    outer loop
      vertex 12.3351 8.95804 3
      vertex 12.8561 8.36446 2.2
      vertex 12.3429 8.96528 3
    endloop
  endfacet
  facet normal 0.483112 -0.522672 0.702436
    outer loop
      vertex 12.8561 8.36446 2.2
      vertex 12.3351 8.95804 3
      vertex 12.2218 7.77817 2.2
    endloop
  endfacet
  facet normal -0.294057 -0.648263 0.702343
    outer loop
      vertex 25.3429 10.5095 3
      vertex 24.9939 9.80107 2.2
      vertex 25.3526 10.5051 3
    endloop
  endfacet
  facet normal -0.298003 -0.64639 0.702406
    outer loop
      vertex 24.9939 9.80107 2.2
      vertex 25.3429 10.5095 3
      vertex 24.2095 10.1627 2.2
    endloop
  endfacet
  facet normal 0.522672 0.483165 0.7024
    outer loop
      vertex 11.6355 -7.14393 2.2
      vertex 11.042 -7.6649 3
      vertex 12.2218 -7.77817 2.2
    endloop
  endfacet
  facet normal 0.520648 0.485406 0.702358
    outer loop
      vertex 11.042 -7.6649 3
      vertex 11.6355 -7.14393 2.2
      vertex 11.0347 -7.65707 3
    endloop
  endfacet
  facet normal -0.646346 0.298036 0.702433
    outer loop
      vertex 30.5095 -5.34292 3
      vertex 30.8927 -4.51188 3
      vertex 30.1627 -4.20952 2.2
    endloop
  endfacet
  facet normal -0.59184 0.395406 0.702409
    outer loop
      vertex 28.8992 -6.46564 2.2
      vertex 29.5443 -6.9212 3
      vertex 29.379 -5.74748 2.2
    endloop
  endfacet
  facet normal -0.592449 0.39452 0.702395
    outer loop
      vertex 29.5443 -6.9212 3
      vertex 28.8992 -6.46564 2.2
      vertex 29.5384 -6.93006 3
    endloop
  endfacet
  facet normal 0.246333 0.667795 0.702403
    outer loop
      vertex 15.7905 -10.1627 2.2
      vertex 15.4981 -10.8963 3
      vertex 16.6008 -10.4616 2.2
    endloop
  endfacet
  facet normal 0.241121 0.669782 0.70232
    outer loop
      vertex 15.4981 -10.8963 3
      vertex 15.7905 -10.1627 2.2
      vertex 15.4881 -10.8927 3
    endloop
  endfacet
  facet normal -0.698081 0.138837 0.70243
    outer loop
      vertex 31.4644 -2.75235 3
      vertex 31.6429 -1.85484 3
      vertex 30.6961 -2.5679 2.2
    endloop
  endfacet
  facet normal -0.395416 0.591837 0.702406
    outer loop
      vertex 26.1603 -10.0527 3
      vertex 26.9212 -9.54433 3
      vertex 25.7475 -9.37904 2.2
    endloop
  endfacet
  facet normal 0.246379 -0.667742 0.702437
    outer loop
      vertex 16.6008 10.4616 2.2
      vertex 16.3567 11.2131 3
      vertex 15.4981 10.8963 3
    endloop
  endfacet
  facet normal -0.685029 0.193203 0.70243
    outer loop
      vertex 31.216 -3.63309 3
      vertex 31.4644 -2.75235 3
      vertex 30.6961 -2.5679 2.2
    endloop
  endfacet
  facet normal -0.706509 0.0867455 0.702368
    outer loop
      vertex 30.9661 -0.86305 2.2
      vertex 31.7525 -0.93563 3
      vertex 31.7538 -0.925042 3
    endloop
  endfacet
  facet normal -0.706839 0.0836442 0.702412
    outer loop
      vertex 31.7525 -0.93563 3
      vertex 30.9661 -0.86305 2.2
      vertex 30.8646 -1.72078 2.2
    endloop
  endfacet
  facet normal -0.0268402 0.711266 0.70241
    outer loop
      vertex 20.863 -10.9661 2.2
      vertex 20.9144 -11.7542 3
      vertex 20.925 -11.7538 3
    endloop
  endfacet
  facet normal -0.0279374 0.711209 0.702425
    outer loop
      vertex 20.9144 -11.7542 3
      vertex 20.863 -10.9661 2.2
      vertex 20 -11 2.2
    endloop
  endfacet
  facet normal 0.70682 -0.0836595 0.702429
    outer loop
      vertex 9.13543 1.72078 2.2
      vertex 8.35503 1.84438 3
      vertex 8.24747 0.93563 3
    endloop
  endfacet
  facet normal 0.347351 -0.621224 0.702444
    outer loop
      vertex 14.6381 10.4999 3
      vertex 15.0061 9.80107 2.2
      vertex 14.6474 10.5051 3
    endloop
  endfacet
  facet normal 0.34777 -0.620997 0.702438
    outer loop
      vertex 15.0061 9.80107 2.2
      vertex 14.6381 10.4999 3
      vertex 14.2525 9.37904 2.2
    endloop
  endfacet
  facet normal -0.0836091 -0.706827 0.702428
    outer loop
      vertex 21.7208 10.8646 2.2
      vertex 21.8444 11.645 3
      vertex 20.9356 11.7525 3
    endloop
  endfacet
  facet normal 0.138839 0.698085 0.702425
    outer loop
      vertex 18.1452 -11.6429 3
      vertex 17.4321 -10.6961 2.2
      vertex 17.2477 -11.4644 3
    endloop
  endfacet
  facet normal 0.667764 0.246352 0.702426
    outer loop
      vertex 9.10366 -4.50188 3
      vertex 9.53838 -3.39919 2.2
      vertex 8.78693 -3.64335 3
    endloop
  endfacet
  facet normal 0.620988 0.347777 0.702443
    outer loop
      vertex 9.94727 -6.16032 3
      vertex 10.621 -5.74748 2.2
      vertex 9.50013 -5.36191 3
    endloop
  endfacet
  facet normal 0.667745 -0.246398 0.702427
    outer loop
      vertex 9.10366 4.50188 3
      vertex 9.83733 4.20952 2.2
      vertex 9.10735 4.51188 3
    endloop
  endfacet
  facet normal 0.667763 -0.246353 0.702427
    outer loop
      vertex 9.83733 4.20952 2.2
      vertex 9.10366 4.50188 3
      vertex 9.53838 3.39919 2.2
    endloop
  endfacet
  facet normal 0.0866484 0.706518 0.702371
    outer loop
      vertex 19.137 -10.9661 2.2
      vertex 19.0644 -11.7525 3
      vertex 19.075 -11.7538 3
    endloop
  endfacet
  facet normal 0.0836374 0.706839 0.702413
    outer loop
      vertex 19.0644 -11.7525 3
      vertex 19.137 -10.9661 2.2
      vertex 18.2792 -10.8646 2.2
    endloop
  endfacet
  facet normal 0.522685 -0.483109 0.702428
    outer loop
      vertex 12.2218 7.77817 2.2
      vertex 11.6631 8.33688 3
      vertex 11.042 7.6649 3
    endloop
  endfacet
  facet normal -0.558971 0.440633 0.70242
    outer loop
      vertex 28.9653 -7.65707 3
      vertex 29.5318 -6.93843 3
      vertex 28.3645 -7.14393 2.2
    endloop
  endfacet
  facet normal 0.0279229 -0.711218 0.702417
    outer loop
      vertex 20 11 2.2
      vertex 20 11.7901 3
      vertex 19.0856 11.7542 3
    endloop
  endfacet
  facet normal -0.522685 0.483109 0.702428
    outer loop
      vertex 28.3369 -8.33688 3
      vertex 28.958 -7.6649 3
      vertex 27.7782 -7.77817 2.2
    endloop
  endfacet
  facet normal -0.706827 0.0836136 0.702428
    outer loop
      vertex 31.645 -1.84438 3
      vertex 31.7525 -0.93563 3
      vertex 30.8646 -1.72078 2.2
    endloop
  endfacet
  facet normal -0.711218 0.0279233 0.702417
    outer loop
      vertex 31.7542 -0.914388 3
      vertex 31.7901 0 3
      vertex 31 0 2.2
    endloop
  endfacet
  facet normal -0.0836091 0.706827 0.702428
    outer loop
      vertex 21.8444 -11.645 3
      vertex 21.7208 -10.8646 2.2
      vertex 20.9356 -11.7525 3
    endloop
  endfacet
  facet normal 0.19323 0.685 0.702451
    outer loop
      vertex 16.6008 -10.4616 2.2
      vertex 16.3669 -11.216 3
      vertex 17.4321 -10.6961 2.2
    endloop
  endfacet
  facet normal 0.194636 0.684583 0.702469
    outer loop
      vertex 16.3669 -11.216 3
      vertex 16.6008 -10.4616 2.2
      vertex 16.3567 -11.2131 3
    endloop
  endfacet
  facet normal -0.298045 0.646334 0.70244
    outer loop
      vertex 24.5119 -10.8927 3
      vertex 25.3429 -10.5095 3
      vertex 24.2095 -10.1627 2.2
    endloop
  endfacet
  facet normal 0.620987 -0.347827 0.702418
    outer loop
      vertex 9.50013 5.36191 3
      vertex 10.1989 4.99389 2.2
      vertex 10.621 5.74748 2.2
    endloop
  endfacet
  facet normal 0.621118 -0.347586 0.702422
    outer loop
      vertex 10.1989 4.99389 2.2
      vertex 9.50013 5.36191 3
      vertex 9.49492 5.3526 3
    endloop
  endfacet
  facet normal -0.347833 -0.620996 0.702407
    outer loop
      vertex 25.7475 9.37904 2.2
      vertex 26.1603 10.0527 3
      vertex 25.3619 10.4999 3
    endloop
  endfacet
  facet normal -0.621386 -0.347068 0.702441
    outer loop
      vertex 30.4999 5.36191 3
      vertex 29.8011 4.99389 2.2
      vertex 30.5051 5.3526 3
    endloop
  endfacet
  facet normal -0.620977 -0.347821 0.70243
    outer loop
      vertex 29.8011 4.99389 2.2
      vertex 30.4999 5.36191 3
      vertex 29.379 5.74748 2.2
    endloop
  endfacet
  facet normal 0.395416 0.591837 0.702406
    outer loop
      vertex 13.8397 -10.0527 3
      vertex 14.2525 -9.37904 2.2
      vertex 13.0788 -9.54433 3
    endloop
  endfacet
  facet normal -0.646401 0.297995 0.702399
    outer loop
      vertex 29.8011 -4.99389 2.2
      vertex 30.5095 -5.34292 3
      vertex 30.1627 -4.20952 2.2
    endloop
  endfacet
  facet normal -0.648032 0.29456 0.702345
    outer loop
      vertex 30.5095 -5.34292 3
      vertex 29.8011 -4.99389 2.2
      vertex 30.5051 -5.3526 3
    endloop
  endfacet
  facet normal -0.138839 0.698085 0.702425
    outer loop
      vertex 22.7523 -11.4644 3
      vertex 22.5679 -10.6961 2.2
      vertex 21.8548 -11.6429 3
    endloop
  endfacet
  facet normal 0.298003 -0.64639 0.702406
    outer loop
      vertex 14.6571 10.5095 3
      vertex 15.0061 9.80107 2.2
      vertex 15.7905 10.1627 2.2
    endloop
  endfacet
  facet normal 0.294057 -0.648263 0.702343
    outer loop
      vertex 15.0061 9.80107 2.2
      vertex 14.6571 10.5095 3
      vertex 14.6474 10.5051 3
    endloop
  endfacet
  facet normal -0.684999 0.193233 0.702451
    outer loop
      vertex 30.4616 -3.39919 2.2
      vertex 31.216 -3.63309 3
      vertex 30.6961 -2.5679 2.2
    endloop
  endfacet
  facet normal -0.684895 0.193586 0.702455
    outer loop
      vertex 31.216 -3.63309 3
      vertex 30.4616 -3.39919 2.2
      vertex 31.2131 -3.64335 3
    endloop
  endfacet
  facet normal 0.69808 -0.13886 0.702426
    outer loop
      vertex 9.30393 2.5679 2.2
      vertex 8.53564 2.75235 3
      vertex 8.35711 1.85484 3
    endloop
  endfacet
  facet normal -0.591802 0.395426 0.702431
    outer loop
      vertex 29.5443 -6.9212 3
      vertex 30.0527 -6.16032 3
      vertex 29.379 -5.74748 2.2
    endloop
  endfacet
  facet normal -0.697854 0.140105 0.702403
    outer loop
      vertex 30.8646 -1.72078 2.2
      vertex 31.6429 -1.85484 3
      vertex 31.645 -1.84438 3
    endloop
  endfacet
  facet normal -0.698087 0.138856 0.70242
    outer loop
      vertex 31.6429 -1.85484 3
      vertex 30.8646 -1.72078 2.2
      vertex 30.6961 -2.5679 2.2
    endloop
  endfacet
  facet normal 0.646378 0.297981 0.702426
    outer loop
      vertex 9.49046 -5.34292 3
      vertex 9.83733 -4.20952 2.2
      vertex 9.10735 -4.51188 3
    endloop
  endfacet
  facet normal 0.347351 0.621224 0.702444
    outer loop
      vertex 15.0061 -9.80107 2.2
      vertex 14.6381 -10.4999 3
      vertex 14.6474 -10.5051 3
    endloop
  endfacet
  facet normal 0.34777 0.620997 0.702438
    outer loop
      vertex 14.6381 -10.4999 3
      vertex 15.0061 -9.80107 2.2
      vertex 14.2525 -9.37904 2.2
    endloop
  endfacet
  facet normal 0.0836091 -0.706827 0.702428
    outer loop
      vertex 18.2792 10.8646 2.2
      vertex 19.0644 11.7525 3
      vertex 18.1556 11.645 3
    endloop
  endfacet
  facet normal -0.483126 0.522669 0.702429
    outer loop
      vertex 28.3369 -8.33688 3
      vertex 27.7782 -7.77817 2.2
      vertex 27.6649 -8.95804 3
    endloop
  endfacet
  facet normal -0.621386 0.347068 0.702441
    outer loop
      vertex 29.8011 -4.99389 2.2
      vertex 30.4999 -5.36191 3
      vertex 30.5051 -5.3526 3
    endloop
  endfacet
  facet normal -0.620977 0.347821 0.70243
    outer loop
      vertex 30.4999 -5.36191 3
      vertex 29.8011 -4.99389 2.2
      vertex 29.379 -5.74748 2.2
    endloop
  endfacet
  facet normal 0.591782 0.395436 0.702442
    outer loop
      vertex 10.4557 -6.9212 3
      vertex 10.621 -5.74748 2.2
      vertex 9.94727 -6.16032 3
    endloop
  endfacet
  facet normal -0.667728 -0.246393 0.702446
    outer loop
      vertex 31.2131 3.64335 3
      vertex 30.8963 4.50188 3
      vertex 30.4616 3.39919 2.2
    endloop
  endfacet
  facet normal -0.440644 0.558953 0.702427
    outer loop
      vertex 26.4656 -8.89919 2.2
      vertex 26.9384 -9.53181 3
      vertex 27.1439 -8.36446 2.2
    endloop
  endfacet
  facet normal -0.443017 0.557127 0.702385
    outer loop
      vertex 26.9384 -9.53181 3
      vertex 26.4656 -8.89919 2.2
      vertex 26.9301 -9.53841 3
    endloop
  endfacet
  facet normal 0.667763 0.246353 0.702427
    outer loop
      vertex 9.10366 -4.50188 3
      vertex 9.83733 -4.20952 2.2
      vertex 9.53838 -3.39919 2.2
    endloop
  endfacet
  facet normal 0.667745 0.246398 0.702427
    outer loop
      vertex 9.83733 -4.20952 2.2
      vertex 9.10366 -4.50188 3
      vertex 9.10735 -4.51188 3
    endloop
  endfacet
  facet normal 0.0836091 0.706827 0.702428
    outer loop
      vertex 19.0644 -11.7525 3
      vertex 18.2792 -10.8646 2.2
      vertex 18.1556 -11.645 3
    endloop
  endfacet
  facet normal 0.193192 -0.685038 0.702424
    outer loop
      vertex 17.4321 10.6961 2.2
      vertex 17.2477 11.4644 3
      vertex 16.3669 11.216 3
    endloop
  endfacet
  facet normal -0.13886 0.698091 0.702415
    outer loop
      vertex 21.7208 -10.8646 2.2
      vertex 21.8548 -11.6429 3
      vertex 22.5679 -10.6961 2.2
    endloop
  endfacet
  facet normal -0.140885 0.697714 0.702387
    outer loop
      vertex 21.8548 -11.6429 3
      vertex 21.7208 -10.8646 2.2
      vertex 21.8444 -11.645 3
    endloop
  endfacet
  facet normal -0.138839 -0.698085 0.702425
    outer loop
      vertex 22.5679 10.6961 2.2
      vertex 22.7523 11.4644 3
      vertex 21.8548 11.6429 3
    endloop
  endfacet
  facet normal -0.394203 0.592636 0.702415
    outer loop
      vertex 26.4656 -8.89919 2.2
      vertex 26.9212 -9.54433 3
      vertex 26.9301 -9.53841 3
    endloop
  endfacet
  facet normal -0.395443 0.591785 0.702435
    outer loop
      vertex 26.9212 -9.54433 3
      vertex 26.4656 -8.89919 2.2
      vertex 25.7475 -9.37904 2.2
    endloop
  endfacet
  facet normal 0.706842 -0.0834485 0.702432
    outer loop
      vertex 9.03391 0.86305 2.2
      vertex 8.24747 0.93563 3
      vertex 8.24622 0.925042 3
    endloop
  endfacet
  facet normal 0.70682 -0.0836584 0.702429
    outer loop
      vertex 8.24747 0.93563 3
      vertex 9.03391 0.86305 2.2
      vertex 9.13543 1.72078 2.2
    endloop
  endfacet
  facet normal -0.347833 0.620996 0.702407
    outer loop
      vertex 26.1603 -10.0527 3
      vertex 25.7475 -9.37904 2.2
      vertex 25.3619 -10.4999 3
    endloop
  endfacet
  facet normal -0.591802 -0.395426 0.702431
    outer loop
      vertex 30.0527 6.16032 3
      vertex 29.5443 6.9212 3
      vertex 29.379 5.74748 2.2
    endloop
  endfacet
  facet normal 0.347833 -0.620996 0.702407
    outer loop
      vertex 14.2525 9.37904 2.2
      vertex 14.6381 10.4999 3
      vertex 13.8397 10.0527 3
    endloop
  endfacet
  facet normal 0.0279374 0.711209 0.702425
    outer loop
      vertex 19.137 -10.9661 2.2
      vertex 19.0856 -11.7542 3
      vertex 20 -11 2.2
    endloop
  endfacet
  facet normal 0.0268402 0.711266 0.70241
    outer loop
      vertex 19.0856 -11.7542 3
      vertex 19.137 -10.9661 2.2
      vertex 19.075 -11.7538 3
    endloop
  endfacet
  facet normal -0.669787 -0.241123 0.702314
    outer loop
      vertex 30.1627 4.20952 2.2
      vertex 30.8963 4.50188 3
      vertex 30.8927 4.51188 3
    endloop
  endfacet
  facet normal -0.667804 -0.246327 0.702396
    outer loop
      vertex 30.8963 4.50188 3
      vertex 30.1627 4.20952 2.2
      vertex 30.4616 3.39919 2.2
    endloop
  endfacet
  facet normal 0.0836374 -0.706839 0.702413
    outer loop
      vertex 19.137 10.9661 2.2
      vertex 19.0644 11.7525 3
      vertex 18.2792 10.8646 2.2
    endloop
  endfacet
  facet normal 0.0866484 -0.706518 0.702371
    outer loop
      vertex 19.0644 11.7525 3
      vertex 19.137 10.9661 2.2
      vertex 19.075 11.7538 3
    endloop
  endfacet
  facet normal 0.140885 0.697714 0.702387
    outer loop
      vertex 18.2792 -10.8646 2.2
      vertex 18.1452 -11.6429 3
      vertex 18.1556 -11.645 3
    endloop
  endfacet
  facet normal 0.13886 0.698091 0.702415
    outer loop
      vertex 18.1452 -11.6429 3
      vertex 18.2792 -10.8646 2.2
      vertex 17.4321 -10.6961 2.2
    endloop
  endfacet
  facet normal 0.298045 0.646334 0.70244
    outer loop
      vertex 15.4881 -10.8927 3
      vertex 15.7905 -10.1627 2.2
      vertex 14.6571 -10.5095 3
    endloop
  endfacet
  facet normal 0.193192 0.685038 0.702424
    outer loop
      vertex 17.2477 -11.4644 3
      vertex 17.4321 -10.6961 2.2
      vertex 16.3669 -11.216 3
    endloop
  endfacet
  facet normal -0.55891 0.440717 0.702416
    outer loop
      vertex 28.8992 -6.46564 2.2
      vertex 29.5318 -6.93843 3
      vertex 29.5384 -6.93006 3
    endloop
  endfacet
  facet normal -0.55897 0.440639 0.702417
    outer loop
      vertex 29.5318 -6.93843 3
      vertex 28.8992 -6.46564 2.2
      vertex 28.3645 -7.14393 2.2
    endloop
  endfacet
  facet normal 0.440611 -0.558959 0.702444
    outer loop
      vertex 12.8561 8.36446 2.2
      vertex 13.0616 9.53181 3
      vertex 12.3429 8.96528 3
    endloop
  endfacet
  facet normal 0.395443 0.591785 0.702435
    outer loop
      vertex 13.5344 -8.89919 2.2
      vertex 13.0788 -9.54433 3
      vertex 14.2525 -9.37904 2.2
    endloop
  endfacet
  facet normal 0.394203 0.592636 0.702415
    outer loop
      vertex 13.0788 -9.54433 3
      vertex 13.5344 -8.89919 2.2
      vertex 13.0699 -9.53841 3
    endloop
  endfacet
  facet normal -0.294057 0.648263 0.702343
    outer loop
      vertex 24.9939 -9.80107 2.2
      vertex 25.3429 -10.5095 3
      vertex 25.3526 -10.5051 3
    endloop
  endfacet
  facet normal -0.298003 0.64639 0.702406
    outer loop
      vertex 25.3429 -10.5095 3
      vertex 24.9939 -9.80107 2.2
      vertex 24.2095 -10.1627 2.2
    endloop
  endfacet
  facet normal -0.667728 0.246393 0.702446
    outer loop
      vertex 30.8963 -4.50188 3
      vertex 31.2131 -3.64335 3
      vertex 30.4616 -3.39919 2.2
    endloop
  endfacet
  facet normal 0.711201 -0.0280368 0.70243
    outer loop
      vertex 8.2458 0.914388 3
      vertex 9.03391 0.86305 2.2
      vertex 8.24622 0.925042 3
    endloop
  endfacet
  facet normal 0.711206 -0.0279439 0.702428
    outer loop
      vertex 9.03391 0.86305 2.2
      vertex 8.2458 0.914388 3
      vertex 9 0 2.2
    endloop
  endfacet
  facet normal -0.194636 0.684583 0.702469
    outer loop
      vertex 23.3992 -10.4616 2.2
      vertex 23.6331 -11.216 3
      vertex 23.6433 -11.2131 3
    endloop
  endfacet
  facet normal -0.19323 0.685 0.702451
    outer loop
      vertex 23.6331 -11.216 3
      vertex 23.3992 -10.4616 2.2
      vertex 22.5679 -10.6961 2.2
    endloop
  endfacet
  facet normal -0.193192 0.685038 0.702424
    outer loop
      vertex 22.7523 -11.4644 3
      vertex 23.6331 -11.216 3
      vertex 22.5679 -10.6961 2.2
    endloop
  endfacet
  facet normal -0.667804 0.246327 0.702396
    outer loop
      vertex 30.1627 -4.20952 2.2
      vertex 30.8963 -4.50188 3
      vertex 30.4616 -3.39919 2.2
    endloop
  endfacet
  facet normal -0.669787 0.241123 0.702314
    outer loop
      vertex 30.8963 -4.50188 3
      vertex 30.1627 -4.20952 2.2
      vertex 30.8927 -4.51188 3
    endloop
  endfacet
  facet normal -0.620977 0.347818 0.702432
    outer loop
      vertex 30.0527 -6.16032 3
      vertex 30.4999 -5.36191 3
      vertex 29.379 -5.74748 2.2
    endloop
  endfacet
  facet normal -0.440611 0.558959 0.702444
    outer loop
      vertex 27.6571 -8.96528 3
      vertex 27.1439 -8.36446 2.2
      vertex 26.9384 -9.53181 3
    endloop
  endfacet
  facet normal -0.483112 0.522672 0.702436
    outer loop
      vertex 27.1439 -8.36446 2.2
      vertex 27.6649 -8.95804 3
      vertex 27.7782 -7.77817 2.2
    endloop
  endfacet
  facet normal -0.48422 0.521673 0.702416
    outer loop
      vertex 27.6649 -8.95804 3
      vertex 27.1439 -8.36446 2.2
      vertex 27.6571 -8.96528 3
    endloop
  endfacet
  facet normal -0.0836374 0.706839 0.702413
    outer loop
      vertex 20.863 -10.9661 2.2
      vertex 20.9356 -11.7525 3
      vertex 21.7208 -10.8646 2.2
    endloop
  endfacet
  facet normal -0.0866484 0.706518 0.702371
    outer loop
      vertex 20.9356 -11.7525 3
      vertex 20.863 -10.9661 2.2
      vertex 20.925 -11.7538 3
    endloop
  endfacet
  facet normal 0.0268402 -0.711266 0.70241
    outer loop
      vertex 19.137 10.9661 2.2
      vertex 19.0856 11.7542 3
      vertex 19.075 11.7538 3
    endloop
  endfacet
  facet normal 0.0279374 -0.711209 0.702425
    outer loop
      vertex 19.0856 11.7542 3
      vertex 19.137 10.9661 2.2
      vertex 20 11 2.2
    endloop
  endfacet
  facet normal 0.522672 -0.483165 0.7024
    outer loop
      vertex 11.042 7.6649 3
      vertex 11.6355 7.14393 2.2
      vertex 12.2218 7.77817 2.2
    endloop
  endfacet
  facet normal 0.520648 -0.485406 0.702358
    outer loop
      vertex 11.6355 7.14393 2.2
      vertex 11.042 7.6649 3
      vertex 11.0347 7.65707 3
    endloop
  endfacet
  facet normal 0.646396 0.297968 0.702416
    outer loop
      vertex 9.49046 -5.34292 3
      vertex 10.1989 -4.99389 2.2
      vertex 9.83733 -4.20952 2.2
    endloop
  endfacet
  facet normal 0.646453 0.297849 0.702414
    outer loop
      vertex 10.1989 -4.99389 2.2
      vertex 9.49046 -5.34292 3
      vertex 9.49492 -5.3526 3
    endloop
  endfacet
  facet normal 0.558971 -0.440633 0.70242
    outer loop
      vertex 11.6355 7.14393 2.2
      vertex 11.0347 7.65707 3
      vertex 10.4682 6.93843 3
    endloop
  endfacet
  facet normal 0.620988 -0.347777 0.702443
    outer loop
      vertex 10.621 5.74748 2.2
      vertex 9.94727 6.16032 3
      vertex 9.50013 5.36191 3
    endloop
  endfacet
  facet normal 0.347833 0.620996 0.702407
    outer loop
      vertex 14.6381 -10.4999 3
      vertex 14.2525 -9.37904 2.2
      vertex 13.8397 -10.0527 3
    endloop
  endfacet
  facet normal 0.706842 0.0834485 0.702432
    outer loop
      vertex 8.24747 -0.93563 3
      vertex 9.03391 -0.86305 2.2
      vertex 8.24622 -0.925042 3
    endloop
  endfacet
  facet normal 0.70682 0.0836584 0.702429
    outer loop
      vertex 9.03391 -0.86305 2.2
      vertex 8.24747 -0.93563 3
      vertex 9.13543 -1.72078 2.2
    endloop
  endfacet
  facet normal 0.620987 0.347827 0.702418
    outer loop
      vertex 10.1989 -4.99389 2.2
      vertex 9.50013 -5.36191 3
      vertex 10.621 -5.74748 2.2
    endloop
  endfacet
  facet normal 0.621118 0.347586 0.702422
    outer loop
      vertex 9.50013 -5.36191 3
      vertex 10.1989 -4.99389 2.2
      vertex 9.49492 -5.3526 3
    endloop
  endfacet
  facet normal 0.711206 0.0279439 0.702428
    outer loop
      vertex 8.2458 -0.914388 3
      vertex 9.03391 -0.86305 2.2
      vertex 9 0 2.2
    endloop
  endfacet
  facet normal 0.711201 0.0280368 0.70243
    outer loop
      vertex 9.03391 -0.86305 2.2
      vertex 8.2458 -0.914388 3
      vertex 8.24622 -0.925042 3
    endloop
  endfacet
  facet normal 0.0279229 0.711218 0.702417
    outer loop
      vertex 20 -11.7901 3
      vertex 20 -11 2.2
      vertex 19.0856 -11.7542 3
    endloop
  endfacet
  facet normal 0.685035 -0.193196 0.702426
    outer loop
      vertex 9.30393 2.5679 2.2
      vertex 8.78403 3.63309 3
      vertex 8.53564 2.75235 3
    endloop
  endfacet
  facet normal -0.0279229 0.711218 0.702417
    outer loop
      vertex 20.9144 -11.7542 3
      vertex 20 -11 2.2
      vertex 20 -11.7901 3
    endloop
  endfacet
  facet normal 0.395416 -0.591837 0.702406
    outer loop
      vertex 14.2525 9.37904 2.2
      vertex 13.8397 10.0527 3
      vertex 13.0788 9.54433 3
    endloop
  endfacet
  facet normal 0.395443 -0.591785 0.702435
    outer loop
      vertex 13.0788 9.54433 3
      vertex 13.5344 8.89919 2.2
      vertex 14.2525 9.37904 2.2
    endloop
  endfacet
  facet normal 0.394203 -0.592636 0.702415
    outer loop
      vertex 13.5344 8.89919 2.2
      vertex 13.0788 9.54433 3
      vertex 13.0699 9.53841 3
    endloop
  endfacet
  facet normal -0.48422 -0.521673 0.702416
    outer loop
      vertex 27.1439 8.36446 2.2
      vertex 27.6649 8.95804 3
      vertex 27.6571 8.96528 3
    endloop
  endfacet
  facet normal -0.483112 -0.522672 0.702436
    outer loop
      vertex 27.6649 8.95804 3
      vertex 27.1439 8.36446 2.2
      vertex 27.7782 7.77817 2.2
    endloop
  endfacet
  facet normal 0.685035 0.193196 0.702426
    outer loop
      vertex 8.78403 -3.63309 3
      vertex 9.30393 -2.5679 2.2
      vertex 8.53564 -2.75235 3
    endloop
  endfacet
  facet normal 0.685031 0.1932 0.702429
    outer loop
      vertex 8.78403 -3.63309 3
      vertex 9.53838 -3.39919 2.2
      vertex 9.30393 -2.5679 2.2
    endloop
  endfacet
  facet normal 0.684915 0.193592 0.702434
    outer loop
      vertex 9.53838 -3.39919 2.2
      vertex 8.78403 -3.63309 3
      vertex 8.78693 -3.64335 3
    endloop
  endfacet
  facet normal 0.59184 0.395406 0.702409
    outer loop
      vertex 10.4557 -6.9212 3
      vertex 11.1008 -6.46564 2.2
      vertex 10.621 -5.74748 2.2
    endloop
  endfacet
  facet normal 0.592449 0.39452 0.702395
    outer loop
      vertex 11.1008 -6.46564 2.2
      vertex 10.4557 -6.9212 3
      vertex 10.4616 -6.93006 3
    endloop
  endfacet
  facet normal 0.711209 0.0279385 0.702425
    outer loop
      vertex 8.2458 -0.914388 3
      vertex 9 0 2.2
      vertex 8.20988 0 3
    endloop
  endfacet
  facet normal 0.711209 -0.0279385 0.702425
    outer loop
      vertex 9 0 2.2
      vertex 8.2458 0.914388 3
      vertex 8.20988 0 3
    endloop
  endfacet
  facet normal 0.591782 -0.395436 0.702442
    outer loop
      vertex 10.621 5.74748 2.2
      vertex 10.4557 6.9212 3
      vertex 9.94727 6.16032 3
    endloop
  endfacet
  facet normal -0.246379 0.667742 0.702437
    outer loop
      vertex 23.6433 -11.2131 3
      vertex 24.5019 -10.8963 3
      vertex 23.3992 -10.4616 2.2
    endloop
  endfacet
  facet normal 0.667764 -0.246352 0.702426
    outer loop
      vertex 9.53838 3.39919 2.2
      vertex 9.10366 4.50188 3
      vertex 8.78693 3.64335 3
    endloop
  endfacet
  facet normal -0.55891 -0.440717 0.702416
    outer loop
      vertex 29.5318 6.93843 3
      vertex 28.8992 6.46564 2.2
      vertex 29.5384 6.93006 3
    endloop
  endfacet
  facet normal -0.55897 -0.440639 0.702417
    outer loop
      vertex 28.8992 6.46564 2.2
      vertex 29.5318 6.93843 3
      vertex 28.3645 7.14393 2.2
    endloop
  endfacet
  facet normal -0.193192 -0.685038 0.702424
    outer loop
      vertex 23.6331 11.216 3
      vertex 22.7523 11.4644 3
      vertex 22.5679 10.6961 2.2
    endloop
  endfacet
  facet normal 0.646378 -0.297981 0.702426
    outer loop
      vertex 9.83733 4.20952 2.2
      vertex 9.49046 5.34292 3
      vertex 9.10735 4.51188 3
    endloop
  endfacet
  facet normal 0.246379 0.667742 0.702437
    outer loop
      vertex 16.3567 -11.2131 3
      vertex 16.6008 -10.4616 2.2
      vertex 15.4981 -10.8963 3
    endloop
  endfacet
  facet normal -0.34777 0.620997 0.702438
    outer loop
      vertex 24.9939 -9.80107 2.2
      vertex 25.3619 -10.4999 3
      vertex 25.7475 -9.37904 2.2
    endloop
  endfacet
  facet normal -0.347351 0.621224 0.702444
    outer loop
      vertex 25.3619 -10.4999 3
      vertex 24.9939 -9.80107 2.2
      vertex 25.3526 -10.5051 3
    endloop
  endfacet
  facet normal -0.241121 0.669782 0.70232
    outer loop
      vertex 24.2095 -10.1627 2.2
      vertex 24.5019 -10.8963 3
      vertex 24.5119 -10.8927 3
    endloop
  endfacet
  facet normal -0.246333 0.667795 0.702403
    outer loop
      vertex 24.5019 -10.8963 3
      vertex 24.2095 -10.1627 2.2
      vertex 23.3992 -10.4616 2.2
    endloop
  endfacet
  facet normal -0.0279229 -0.711218 0.702417
    outer loop
      vertex 20.9144 11.7542 3
      vertex 20 11.7901 3
      vertex 20 11 2.2
    endloop
  endfacet
  facet normal 0.646453 -0.297849 0.702414
    outer loop
      vertex 9.49046 5.34292 3
      vertex 10.1989 4.99389 2.2
      vertex 9.49492 5.3526 3
    endloop
  endfacet
  facet normal 0.646396 -0.297968 0.702416
    outer loop
      vertex 10.1989 4.99389 2.2
      vertex 9.49046 5.34292 3
      vertex 9.83733 4.20952 2.2
    endloop
  endfacet
  facet normal 0.443017 0.557127 0.702385
    outer loop
      vertex 13.5344 -8.89919 2.2
      vertex 13.0616 -9.53181 3
      vertex 13.0699 -9.53841 3
    endloop
  endfacet
  facet normal 0.440644 0.558953 0.702427
    outer loop
      vertex 13.0616 -9.53181 3
      vertex 13.5344 -8.89919 2.2
      vertex 12.8561 -8.36446 2.2
    endloop
  endfacet
  facet normal -0.558971 -0.440633 0.70242
    outer loop
      vertex 29.5318 6.93843 3
      vertex 28.9653 7.65707 3
      vertex 28.3645 7.14393 2.2
    endloop
  endfacet
  facet normal 0.440611 0.558959 0.702444
    outer loop
      vertex 13.0616 -9.53181 3
      vertex 12.8561 -8.36446 2.2
      vertex 12.3429 -8.96528 3
    endloop
  endfacet
  facet normal 0.48422 0.521673 0.702416
    outer loop
      vertex 12.8561 -8.36446 2.2
      vertex 12.3351 -8.95804 3
      vertex 12.3429 -8.96528 3
    endloop
  endfacet
  facet normal 0.483112 0.522672 0.702436
    outer loop
      vertex 12.3351 -8.95804 3
      vertex 12.8561 -8.36446 2.2
      vertex 12.2218 -7.77817 2.2
    endloop
  endfacet
  facet normal 0.55897 0.440639 0.702417
    outer loop
      vertex 11.1008 -6.46564 2.2
      vertex 10.4682 -6.93843 3
      vertex 11.6355 -7.14393 2.2
    endloop
  endfacet
  facet normal 0.55891 0.440717 0.702416
    outer loop
      vertex 10.4682 -6.93843 3
      vertex 11.1008 -6.46564 2.2
      vertex 10.4616 -6.93006 3
    endloop
  endfacet
  facet normal 0.298003 0.64639 0.702406
    outer loop
      vertex 15.0061 -9.80107 2.2
      vertex 14.6571 -10.5095 3
      vertex 15.7905 -10.1627 2.2
    endloop
  endfacet
  facet normal 0.294057 0.648263 0.702343
    outer loop
      vertex 14.6571 -10.5095 3
      vertex 15.0061 -9.80107 2.2
      vertex 14.6474 -10.5051 3
    endloop
  endfacet
  facet normal -0.520648 -0.485406 0.702358
    outer loop
      vertex 28.958 7.6649 3
      vertex 28.3645 7.14393 2.2
      vertex 28.9653 7.65707 3
    endloop
  endfacet
  facet normal -0.522672 -0.483165 0.7024
    outer loop
      vertex 28.3645 7.14393 2.2
      vertex 28.958 7.6649 3
      vertex 27.7782 7.77817 2.2
    endloop
  endfacet
  facet normal 0.684915 -0.193592 0.702434
    outer loop
      vertex 8.78403 3.63309 3
      vertex 9.53838 3.39919 2.2
      vertex 8.78693 3.64335 3
    endloop
  endfacet
  facet normal 0.685031 -0.1932 0.702429
    outer loop
      vertex 9.53838 3.39919 2.2
      vertex 8.78403 3.63309 3
      vertex 9.30393 2.5679 2.2
    endloop
  endfacet
  facet normal 0.698078 0.138854 0.702429
    outer loop
      vertex 9.13543 -1.72078 2.2
      vertex 8.35711 -1.85484 3
      vertex 9.30393 -2.5679 2.2
    endloop
  endfacet
  facet normal 0.698085 0.138816 0.702429
    outer loop
      vertex 8.35711 -1.85484 3
      vertex 9.13543 -1.72078 2.2
      vertex 8.35503 -1.84438 3
    endloop
  endfacet
  facet normal 0.69808 0.13886 0.702426
    outer loop
      vertex 8.53564 -2.75235 3
      vertex 9.30393 -2.5679 2.2
      vertex 8.35711 -1.85484 3
    endloop
  endfacet
  facet normal 0.483126 0.522669 0.702429
    outer loop
      vertex 12.3351 -8.95804 3
      vertex 12.2218 -7.77817 2.2
      vertex 11.6631 -8.33688 3
    endloop
  endfacet
  facet normal -0.395416 -0.591837 0.702406
    outer loop
      vertex 26.9212 9.54433 3
      vertex 26.1603 10.0527 3
      vertex 25.7475 9.37904 2.2
    endloop
  endfacet
  facet normal 0.19323 -0.685 0.702451
    outer loop
      vertex 16.3669 11.216 3
      vertex 16.6008 10.4616 2.2
      vertex 17.4321 10.6961 2.2
    endloop
  endfacet
  facet normal 0.194636 -0.684583 0.702469
    outer loop
      vertex 16.6008 10.4616 2.2
      vertex 16.3669 11.216 3
      vertex 16.3567 11.2131 3
    endloop
  endfacet
  facet normal -0.140885 -0.697714 0.702387
    outer loop
      vertex 21.7208 10.8646 2.2
      vertex 21.8548 11.6429 3
      vertex 21.8444 11.645 3
    endloop
  endfacet
  facet normal -0.13886 -0.698091 0.702415
    outer loop
      vertex 21.8548 11.6429 3
      vertex 21.7208 10.8646 2.2
      vertex 22.5679 10.6961 2.2
    endloop
  endfacet
  facet normal -0.440611 -0.558959 0.702444
    outer loop
      vertex 27.1439 8.36446 2.2
      vertex 27.6571 8.96528 3
      vertex 26.9384 9.53181 3
    endloop
  endfacet
  facet normal -0.483126 -0.522669 0.702429
    outer loop
      vertex 27.7782 7.77817 2.2
      vertex 28.3369 8.33688 3
      vertex 27.6649 8.95804 3
    endloop
  endfacet
  facet normal 0.443017 -0.557127 0.702385
    outer loop
      vertex 13.0616 9.53181 3
      vertex 13.5344 8.89919 2.2
      vertex 13.0699 9.53841 3
    endloop
  endfacet
  facet normal 0.440644 -0.558953 0.702427
    outer loop
      vertex 13.5344 8.89919 2.2
      vertex 13.0616 9.53181 3
      vertex 12.8561 8.36446 2.2
    endloop
  endfacet
  facet normal 0.55897 -0.440639 0.702417
    outer loop
      vertex 10.4682 6.93843 3
      vertex 11.1008 6.46564 2.2
      vertex 11.6355 7.14393 2.2
    endloop
  endfacet
  facet normal 0.55891 -0.440717 0.702416
    outer loop
      vertex 11.1008 6.46564 2.2
      vertex 10.4682 6.93843 3
      vertex 10.4616 6.93006 3
    endloop
  endfacet
  facet normal -0.685029 -0.193203 0.70243
    outer loop
      vertex 31.4644 2.75235 3
      vertex 31.216 3.63309 3
      vertex 30.6961 2.5679 2.2
    endloop
  endfacet
  facet normal 0.522685 0.483109 0.702428
    outer loop
      vertex 11.6631 -8.33688 3
      vertex 12.2218 -7.77817 2.2
      vertex 11.042 -7.6649 3
    endloop
  endfacet
  facet normal 0.558971 0.440633 0.70242
    outer loop
      vertex 11.0347 -7.65707 3
      vertex 11.6355 -7.14393 2.2
      vertex 10.4682 -6.93843 3
    endloop
  endfacet
  facet normal -0.347351 -0.621224 0.702444
    outer loop
      vertex 24.9939 9.80107 2.2
      vertex 25.3619 10.4999 3
      vertex 25.3526 10.5051 3
    endloop
  endfacet
  facet normal -0.34777 -0.620997 0.702438
    outer loop
      vertex 25.3619 10.4999 3
      vertex 24.9939 9.80107 2.2
      vertex 25.7475 9.37904 2.2
    endloop
  endfacet
  facet normal -0.394203 -0.592636 0.702415
    outer loop
      vertex 26.9212 9.54433 3
      vertex 26.4656 8.89919 2.2
      vertex 26.9301 9.53841 3
    endloop
  endfacet
  facet normal -0.395443 -0.591785 0.702435
    outer loop
      vertex 26.4656 8.89919 2.2
      vertex 26.9212 9.54433 3
      vertex 25.7475 9.37904 2.2
    endloop
  endfacet
  facet normal 0.298045 -0.646334 0.70244
    outer loop
      vertex 15.7905 10.1627 2.2
      vertex 15.4881 10.8927 3
      vertex 14.6571 10.5095 3
    endloop
  endfacet
  facet normal 0.246333 -0.667795 0.702403
    outer loop
      vertex 15.4981 10.8963 3
      vertex 15.7905 10.1627 2.2
      vertex 16.6008 10.4616 2.2
    endloop
  endfacet
  facet normal 0.241121 -0.669782 0.70232
    outer loop
      vertex 15.7905 10.1627 2.2
      vertex 15.4981 10.8963 3
      vertex 15.4881 10.8927 3
    endloop
  endfacet
  facet normal 0.140885 -0.697714 0.702387
    outer loop
      vertex 18.1452 11.6429 3
      vertex 18.2792 10.8646 2.2
      vertex 18.1556 11.645 3
    endloop
  endfacet
  facet normal 0.13886 -0.698091 0.702415
    outer loop
      vertex 18.2792 10.8646 2.2
      vertex 18.1452 11.6429 3
      vertex 17.4321 10.6961 2.2
    endloop
  endfacet
  facet normal 0.138839 -0.698085 0.702425
    outer loop
      vertex 17.4321 10.6961 2.2
      vertex 18.1452 11.6429 3
      vertex 17.2477 11.4644 3
    endloop
  endfacet
  facet normal -0.246379 -0.667742 0.702437
    outer loop
      vertex 24.5019 10.8963 3
      vertex 23.6433 11.2131 3
      vertex 23.3992 10.4616 2.2
    endloop
  endfacet
  facet normal -0.194636 -0.684583 0.702469
    outer loop
      vertex 23.6331 11.216 3
      vertex 23.3992 10.4616 2.2
      vertex 23.6433 11.2131 3
    endloop
  endfacet
  facet normal -0.19323 -0.685 0.702451
    outer loop
      vertex 23.3992 10.4616 2.2
      vertex 23.6331 11.216 3
      vertex 22.5679 10.6961 2.2
    endloop
  endfacet
  facet normal -0.241121 -0.669782 0.70232
    outer loop
      vertex 24.5019 10.8963 3
      vertex 24.2095 10.1627 2.2
      vertex 24.5119 10.8927 3
    endloop
  endfacet
  facet normal -0.246333 -0.667795 0.702403
    outer loop
      vertex 24.2095 10.1627 2.2
      vertex 24.5019 10.8963 3
      vertex 23.3992 10.4616 2.2
    endloop
  endfacet
  facet normal 0.483126 -0.522669 0.702429
    outer loop
      vertex 12.2218 7.77817 2.2
      vertex 12.3351 8.95804 3
      vertex 11.6631 8.33688 3
    endloop
  endfacet
  facet normal -0.443017 -0.557127 0.702385
    outer loop
      vertex 26.4656 8.89919 2.2
      vertex 26.9384 9.53181 3
      vertex 26.9301 9.53841 3
    endloop
  endfacet
  facet normal -0.440644 -0.558953 0.702427
    outer loop
      vertex 26.9384 9.53181 3
      vertex 26.4656 8.89919 2.2
      vertex 27.1439 8.36446 2.2
    endloop
  endfacet
  facet normal -0.0866484 -0.706518 0.702371
    outer loop
      vertex 20.863 10.9661 2.2
      vertex 20.9356 11.7525 3
      vertex 20.925 11.7538 3
    endloop
  endfacet
  facet normal -0.0836374 -0.706839 0.702413
    outer loop
      vertex 20.9356 11.7525 3
      vertex 20.863 10.9661 2.2
      vertex 21.7208 10.8646 2.2
    endloop
  endfacet
  facet normal -0.0279374 -0.711209 0.702425
    outer loop
      vertex 20.863 10.9661 2.2
      vertex 20.9144 11.7542 3
      vertex 20 11 2.2
    endloop
  endfacet
  facet normal -0.0268402 -0.711266 0.70241
    outer loop
      vertex 20.9144 11.7542 3
      vertex 20.863 10.9661 2.2
      vertex 20.925 11.7538 3
    endloop
  endfacet
  facet normal -0.648032 -0.29456 0.702345
    outer loop
      vertex 29.8011 4.99389 2.2
      vertex 30.5095 5.34292 3
      vertex 30.5051 5.3526 3
    endloop
  endfacet
  facet normal -0.646401 -0.297995 0.702399
    outer loop
      vertex 30.5095 5.34292 3
      vertex 29.8011 4.99389 2.2
      vertex 30.1627 4.20952 2.2
    endloop
  endfacet
  facet normal -0.298045 -0.646334 0.70244
    outer loop
      vertex 25.3429 10.5095 3
      vertex 24.5119 10.8927 3
      vertex 24.2095 10.1627 2.2
    endloop
  endfacet
  facet normal -0.620977 -0.347818 0.702432
    outer loop
      vertex 30.4999 5.36191 3
      vertex 30.0527 6.16032 3
      vertex 29.379 5.74748 2.2
    endloop
  endfacet
  facet normal -0.698081 -0.138837 0.70243
    outer loop
      vertex 31.6429 1.85484 3
      vertex 31.4644 2.75235 3
      vertex 30.6961 2.5679 2.2
    endloop
  endfacet
  facet normal -0.522685 -0.483109 0.702428
    outer loop
      vertex 28.958 7.6649 3
      vertex 28.3369 8.33688 3
      vertex 27.7782 7.77817 2.2
    endloop
  endfacet
  facet normal 0.592449 -0.39452 0.702395
    outer loop
      vertex 10.4557 6.9212 3
      vertex 11.1008 6.46564 2.2
      vertex 10.4616 6.93006 3
    endloop
  endfacet
  facet normal 0.59184 -0.395406 0.702409
    outer loop
      vertex 11.1008 6.46564 2.2
      vertex 10.4557 6.9212 3
      vertex 10.621 5.74748 2.2
    endloop
  endfacet
  facet normal -0.697854 -0.140105 0.702403
    outer loop
      vertex 31.6429 1.85484 3
      vertex 30.8646 1.72078 2.2
      vertex 31.645 1.84438 3
    endloop
  endfacet
  facet normal -0.698087 -0.138856 0.70242
    outer loop
      vertex 30.8646 1.72078 2.2
      vertex 31.6429 1.85484 3
      vertex 30.6961 2.5679 2.2
    endloop
  endfacet
  facet normal -0.646346 -0.298036 0.702433
    outer loop
      vertex 30.8927 4.51188 3
      vertex 30.5095 5.34292 3
      vertex 30.1627 4.20952 2.2
    endloop
  endfacet
  facet normal -0.592449 -0.39452 0.702395
    outer loop
      vertex 28.8992 6.46564 2.2
      vertex 29.5443 6.9212 3
      vertex 29.5384 6.93006 3
    endloop
  endfacet
  facet normal -0.59184 -0.395406 0.702409
    outer loop
      vertex 29.5443 6.9212 3
      vertex 28.8992 6.46564 2.2
      vertex 29.379 5.74748 2.2
    endloop
  endfacet
  facet normal -0.684895 -0.193586 0.702455
    outer loop
      vertex 30.4616 3.39919 2.2
      vertex 31.216 3.63309 3
      vertex 31.2131 3.64335 3
    endloop
  endfacet
  facet normal -0.684999 -0.193233 0.702451
    outer loop
      vertex 31.216 3.63309 3
      vertex 30.4616 3.39919 2.2
      vertex 30.6961 2.5679 2.2
    endloop
  endfacet
  facet normal -0.706827 -0.0836136 0.702428
    outer loop
      vertex 31.7525 0.93563 3
      vertex 31.645 1.84438 3
      vertex 30.8646 1.72078 2.2
    endloop
  endfacet
  facet normal -0.706839 -0.0836442 0.702412
    outer loop
      vertex 30.9661 0.86305 2.2
      vertex 31.7525 0.93563 3
      vertex 30.8646 1.72078 2.2
    endloop
  endfacet
  facet normal -0.706509 -0.0867455 0.702368
    outer loop
      vertex 31.7525 0.93563 3
      vertex 30.9661 0.86305 2.2
      vertex 31.7538 0.925042 3
    endloop
  endfacet
  facet normal 0 0 1
    outer loop
      vertex 20.0966 -16.3997 2.4
      vertex 19.1008 -16.7414 2.4
      vertex 20.0966 -16.7414 2.4
    endloop
  endfacet
  facet normal 0 0 1
    outer loop
      vertex 19.1008 -16.7414 2.4
      vertex 18.7132 -16.7414 2.4
      vertex 19.1008 -19.4372 2.4
    endloop
  endfacet
  facet normal 0 0 1
    outer loop
      vertex 20.0966 -16.3997 2.4
      vertex 18.7132 -16.7414 2.4
      vertex 19.1008 -16.7414 2.4
    endloop
  endfacet
  facet normal -0 0 1
    outer loop
      vertex 17.7133 -16.3997 2.4
      vertex 18.7132 -16.7414 2.4
      vertex 20.0966 -16.3997 2.4
    endloop
  endfacet
  facet normal 0 0 1
    outer loop
      vertex 18.7132 -16.7414 2.4
      vertex 17.7133 -16.3997 2.4
      vertex 17.7133 -16.7414 2.4
    endloop
  endfacet
  facet normal 0 0 1
    outer loop
      vertex 19.1008 -19.4372 2.4
      vertex 18.7132 -16.7414 2.4
      vertex 18.7132 -19.4372 2.4
    endloop
  endfacet
  facet normal -0 0 1
    outer loop
      vertex 21.7529 -17.181 2.4
      vertex 22.1327 -17.2539 2.4
      vertex 22.1244 -17.1181 2.4
    endloop
  endfacet
  facet normal 0 0 1
    outer loop
      vertex 22.1327 -17.2539 2.4
      vertex 21.7577 -17.2664 2.4
      vertex 22.1293 -17.3344 2.4
    endloop
  endfacet
  facet normal -0 0 1
    outer loop
      vertex 21.7559 -17.3223 2.4
      vertex 22.1293 -17.3344 2.4
      vertex 21.7577 -17.2664 2.4
    endloop
  endfacet
  facet normal -0 0 1
    outer loop
      vertex 21.7387 -17.1023 2.4
      vertex 22.1244 -17.1181 2.4
      vertex 22.0999 -16.9929 2.4
    endloop
  endfacet
  facet normal 0 0 1
    outer loop
      vertex 22.1293 -17.3344 2.4
      vertex 21.7559 -17.3223 2.4
      vertex 22.1191 -17.4103 2.4
    endloop
  endfacet
  facet normal 0 0 1
    outer loop
      vertex 21.7154 -17.0306 2.4
      vertex 22.0999 -16.9929 2.4
      vertex 22.0597 -16.8789 2.4
    endloop
  endfacet
  facet normal -0 0 1
    outer loop
      vertex 21.7502 -17.3742 2.4
      vertex 22.1191 -17.4103 2.4
      vertex 21.7559 -17.3223 2.4
    endloop
  endfacet
  facet normal 0 0 1
    outer loop
      vertex 22.1191 -17.4103 2.4
      vertex 21.7502 -17.3742 2.4
      vertex 22.102 -17.4813 2.4
    endloop
  endfacet
  facet normal 0 0 1
    outer loop
      vertex 21.7154 -17.0306 2.4
      vertex 22.0597 -16.8789 2.4
      vertex 22.0042 -16.7764 2.4
    endloop
  endfacet
  facet normal -0 0 1
    outer loop
      vertex 21.7407 -17.4221 2.4
      vertex 22.102 -17.4813 2.4
      vertex 21.7502 -17.3742 2.4
    endloop
  endfacet
  facet normal 0 0 1
    outer loop
      vertex 21.6832 -16.9663 2.4
      vertex 22.0042 -16.7764 2.4
      vertex 21.9341 -16.686 2.4
    endloop
  endfacet
  facet normal 0 0 1
    outer loop
      vertex 22.102 -17.4813 2.4
      vertex 21.7407 -17.4221 2.4
      vertex 22.0782 -17.5477 2.4
    endloop
  endfacet
  facet normal -0 0 1
    outer loop
      vertex 21.7274 -17.4663 2.4
      vertex 22.0782 -17.5477 2.4
      vertex 21.7407 -17.4221 2.4
    endloop
  endfacet
  facet normal 0 0 1
    outer loop
      vertex 21.6426 -16.9095 2.4
      vertex 21.9341 -16.686 2.4
      vertex 21.8497 -16.6082 2.4
    endloop
  endfacet
  facet normal 0 0 1
    outer loop
      vertex 22.0782 -17.5477 2.4
      vertex 21.7274 -17.4663 2.4
      vertex 22.0475 -17.6092 2.4
    endloop
  endfacet
  facet normal 0 0 1
    outer loop
      vertex 22.0475 -17.6092 2.4
      vertex 21.7274 -17.4663 2.4
      vertex 22.01 -17.6661 2.4
    endloop
  endfacet
  facet normal 0 0 1
    outer loop
      vertex 22.1327 -17.2539 2.4
      vertex 21.7529 -17.181 2.4
      vertex 21.7577 -17.2664 2.4
    endloop
  endfacet
  facet normal 0 0 1
    outer loop
      vertex 21.5938 -16.8607 2.4
      vertex 21.8497 -16.6082 2.4
      vertex 21.7517 -16.5434 2.4
    endloop
  endfacet
  facet normal 0 0 1
    outer loop
      vertex 22.1244 -17.1181 2.4
      vertex 21.7387 -17.1023 2.4
      vertex 21.7529 -17.181 2.4
    endloop
  endfacet
  facet normal 0 0 1
    outer loop
      vertex 22.0999 -16.9929 2.4
      vertex 21.7154 -17.0306 2.4
      vertex 21.7387 -17.1023 2.4
    endloop
  endfacet
  facet normal 0 0 1
    outer loop
      vertex 22.0042 -16.7764 2.4
      vertex 21.6832 -16.9663 2.4
      vertex 21.7154 -17.0306 2.4
    endloop
  endfacet
  facet normal 0 0 1
    outer loop
      vertex 21.9341 -16.686 2.4
      vertex 21.6426 -16.9095 2.4
      vertex 21.6832 -16.9663 2.4
    endloop
  endfacet
  facet normal 0 0 1
    outer loop
      vertex 21.537 -16.82 2.4
      vertex 21.7517 -16.5434 2.4
      vertex 21.6405 -16.4922 2.4
    endloop
  endfacet
  facet normal 0 0 1
    outer loop
      vertex 21.8497 -16.6082 2.4
      vertex 21.5938 -16.8607 2.4
      vertex 21.6426 -16.9095 2.4
    endloop
  endfacet
  facet normal 0 0 1
    outer loop
      vertex 21.7517 -16.5434 2.4
      vertex 21.537 -16.82 2.4
      vertex 21.5938 -16.8607 2.4
    endloop
  endfacet
  facet normal 0 0 1
    outer loop
      vertex 21.4726 -16.7879 2.4
      vertex 21.6405 -16.4922 2.4
      vertex 21.5166 -16.455 2.4
    endloop
  endfacet
  facet normal 0 0 1
    outer loop
      vertex 21.6405 -16.4922 2.4
      vertex 21.4726 -16.7879 2.4
      vertex 21.537 -16.82 2.4
    endloop
  endfacet
  facet normal 0 0 1
    outer loop
      vertex 21.5166 -16.455 2.4
      vertex 21.401 -16.7646 2.4
      vertex 21.4726 -16.7879 2.4
    endloop
  endfacet
  facet normal 0 0 1
    outer loop
      vertex 21.3805 -16.4324 2.4
      vertex 21.401 -16.7646 2.4
      vertex 21.5166 -16.455 2.4
    endloop
  endfacet
  facet normal 0 0 1
    outer loop
      vertex 21.3805 -16.4324 2.4
      vertex 21.3223 -16.7503 2.4
      vertex 21.401 -16.7646 2.4
    endloop
  endfacet
  facet normal 0 0 1
    outer loop
      vertex 21.2327 -16.4247 2.4
      vertex 21.3223 -16.7503 2.4
      vertex 21.3805 -16.4324 2.4
    endloop
  endfacet
  facet normal 0 0 1
    outer loop
      vertex 21.3223 -16.7503 2.4
      vertex 21.2327 -16.4247 2.4
      vertex 21.2369 -16.7455 2.4
    endloop
  endfacet
  facet normal 0 0 1
    outer loop
      vertex 21.2327 -16.4247 2.4
      vertex 21.1756 -16.748 2.4
      vertex 21.2369 -16.7455 2.4
    endloop
  endfacet
  facet normal -0 0 1
    outer loop
      vertex 21.0772 -16.4329 2.4
      vertex 21.1756 -16.748 2.4
      vertex 21.2327 -16.4247 2.4
    endloop
  endfacet
  facet normal 0 0 1
    outer loop
      vertex 21.1756 -16.748 2.4
      vertex 21.0772 -16.4329 2.4
      vertex 21.1168 -16.7553 2.4
    endloop
  endfacet
  facet normal 0 0 1
    outer loop
      vertex 21.0772 -16.4329 2.4
      vertex 21.0607 -16.7673 2.4
      vertex 21.1168 -16.7553 2.4
    endloop
  endfacet
  facet normal -0 0 1
    outer loop
      vertex 20.9356 -16.4576 2.4
      vertex 21.0607 -16.7673 2.4
      vertex 21.0772 -16.4329 2.4
    endloop
  endfacet
  facet normal 0 0 1
    outer loop
      vertex 21.0607 -16.7673 2.4
      vertex 20.9356 -16.4576 2.4
      vertex 21.0077 -16.7838 2.4
    endloop
  endfacet
  facet normal -0 0 1
    outer loop
      vertex 20.808 -16.4985 2.4
      vertex 21.0077 -16.7838 2.4
      vertex 20.9356 -16.4576 2.4
    endloop
  endfacet
  facet normal 0 0 1
    outer loop
      vertex 21.0077 -16.7838 2.4
      vertex 20.808 -16.4985 2.4
      vertex 20.9579 -16.8048 2.4
    endloop
  endfacet
  facet normal 0 0 1
    outer loop
      vertex 20.9579 -16.8048 2.4
      vertex 20.808 -16.4985 2.4
      vertex 20.9116 -16.83 2.4
    endloop
  endfacet
  facet normal -0 0 1
    outer loop
      vertex 20.6947 -16.5555 2.4
      vertex 20.9116 -16.83 2.4
      vertex 20.808 -16.4985 2.4
    endloop
  endfacet
  facet normal 0 0 1
    outer loop
      vertex 20.9116 -16.83 2.4
      vertex 20.6947 -16.5555 2.4
      vertex 20.869 -16.8595 2.4
    endloop
  endfacet
  facet normal -0 0 1
    outer loop
      vertex 20.5956 -16.6286 2.4
      vertex 20.869 -16.8595 2.4
      vertex 20.6947 -16.5555 2.4
    endloop
  endfacet
  facet normal 0 0 1
    outer loop
      vertex 20.869 -16.8595 2.4
      vertex 20.5956 -16.6286 2.4
      vertex 20.8305 -16.893 2.4
    endloop
  endfacet
  facet normal 0 0 1
    outer loop
      vertex 20.8305 -16.893 2.4
      vertex 20.5956 -16.6286 2.4
      vertex 20.7961 -16.9304 2.4
    endloop
  endfacet
  facet normal -0 0 1
    outer loop
      vertex 20.511 -16.7175 2.4
      vertex 20.7961 -16.9304 2.4
      vertex 20.5956 -16.6286 2.4
    endloop
  endfacet
  facet normal 0 0 1
    outer loop
      vertex 20.7961 -16.9304 2.4
      vertex 20.511 -16.7175 2.4
      vertex 20.7662 -16.9715 2.4
    endloop
  endfacet
  facet normal -0 0 1
    outer loop
      vertex 20.4408 -16.8221 2.4
      vertex 20.7662 -16.9715 2.4
      vertex 20.511 -16.7175 2.4
    endloop
  endfacet
  facet normal 0 0 1
    outer loop
      vertex 20.7662 -16.9715 2.4
      vertex 20.4408 -16.8221 2.4
      vertex 20.7411 -17.0163 2.4
    endloop
  endfacet
  facet normal 0 0 1
    outer loop
      vertex 20.7411 -17.0163 2.4
      vertex 20.4408 -16.8221 2.4
      vertex 20.7293 -17.0417 2.4
    endloop
  endfacet
  facet normal -0 0 1
    outer loop
      vertex 20.3853 -16.9424 2.4
      vertex 20.7293 -17.0417 2.4
      vertex 20.4408 -16.8221 2.4
    endloop
  endfacet
  facet normal 0 0 1
    outer loop
      vertex 20.7293 -17.0417 2.4
      vertex 20.3853 -16.9424 2.4
      vertex 20.7188 -17.068 2.4
    endloop
  endfacet
  facet normal 0 0 1
    outer loop
      vertex 20.7188 -17.068 2.4
      vertex 20.3853 -16.9424 2.4
      vertex 20.7097 -17.0955 2.4
    endloop
  endfacet
  facet normal -0 0 1
    outer loop
      vertex 20.3446 -17.0781 2.4
      vertex 20.7097 -17.0955 2.4
      vertex 20.3853 -16.9424 2.4
    endloop
  endfacet
  facet normal 0 0 1
    outer loop
      vertex 20.7097 -17.0955 2.4
      vertex 20.3446 -17.0781 2.4
      vertex 20.7018 -17.1245 2.4
    endloop
  endfacet
  facet normal 0 0 1
    outer loop
      vertex 20.7018 -17.1245 2.4
      vertex 20.3446 -17.0781 2.4
      vertex 20.6951 -17.1554 2.4
    endloop
  endfacet
  facet normal 0 0 1
    outer loop
      vertex 20.6951 -17.1554 2.4
      vertex 20.3446 -17.0781 2.4
      vertex 20.6894 -17.1883 2.4
    endloop
  endfacet
  facet normal 0 0 1
    outer loop
      vertex 20.6894 -17.1883 2.4
      vertex 20.3446 -17.0781 2.4
      vertex 20.6847 -17.2237 2.4
    endloop
  endfacet
  facet normal 0 0 1
    outer loop
      vertex 20.3187 -17.2292 2.4
      vertex 20.6847 -17.2237 2.4
      vertex 20.3446 -17.0781 2.4
    endloop
  endfacet
  facet normal 0 0 1
    outer loop
      vertex 20.6847 -17.2237 2.4
      vertex 20.3187 -17.2292 2.4
      vertex 20.6809 -17.2618 2.4
    endloop
  endfacet
  facet normal 0 0 1
    outer loop
      vertex 20.6809 -17.2618 2.4
      vertex 20.3187 -17.2292 2.4
      vertex 20.678 -17.303 2.4
    endloop
  endfacet
  facet normal 0 0 1
    outer loop
      vertex 20.678 -17.303 2.4
      vertex 20.3187 -17.2292 2.4
      vertex 20.6759 -17.3474 2.4
    endloop
  endfacet
  facet normal 0 0 1
    outer loop
      vertex 20.3077 -17.3955 2.4
      vertex 20.6759 -17.3474 2.4
      vertex 20.3187 -17.2292 2.4
    endloop
  endfacet
  facet normal 0 0 1
    outer loop
      vertex 20.6759 -17.3474 2.4
      vertex 20.3077 -17.3955 2.4
      vertex 20.6744 -17.3955 2.4
    endloop
  endfacet
  facet normal -0 0 1
    outer loop
      vertex 21.7101 -17.5068 2.4
      vertex 22.01 -17.6661 2.4
      vertex 21.7274 -17.4663 2.4
    endloop
  endfacet
  facet normal 0 0 1
    outer loop
      vertex 22.01 -17.6661 2.4
      vertex 21.7101 -17.5068 2.4
      vertex 21.9657 -17.7181 2.4
    endloop
  endfacet
  facet normal -0 0 1
    outer loop
      vertex 21.6888 -17.5438 2.4
      vertex 21.9657 -17.7181 2.4
      vertex 21.7101 -17.5068 2.4
    endloop
  endfacet
  facet normal 0 0 1
    outer loop
      vertex 21.9657 -17.7181 2.4
      vertex 21.6888 -17.5438 2.4
      vertex 21.9146 -17.7654 2.4
    endloop
  endfacet
  facet normal -0 0 1
    outer loop
      vertex 21.6634 -17.5773 2.4
      vertex 21.9146 -17.7654 2.4
      vertex 21.6888 -17.5438 2.4
    endloop
  endfacet
  facet normal 0 0 1
    outer loop
      vertex 21.9146 -17.7654 2.4
      vertex 21.6634 -17.5773 2.4
      vertex 21.8566 -17.808 2.4
    endloop
  endfacet
  facet normal -0 0 1
    outer loop
      vertex 21.6339 -17.6074 2.4
      vertex 21.8566 -17.808 2.4
      vertex 21.6634 -17.5773 2.4
    endloop
  endfacet
  facet normal 0 0 1
    outer loop
      vertex 21.8566 -17.808 2.4
      vertex 21.6339 -17.6074 2.4
      vertex 21.7918 -17.8458 2.4
    endloop
  endfacet
  facet normal -0 0 1
    outer loop
      vertex 21.6003 -17.6343 2.4
      vertex 21.7918 -17.8458 2.4
      vertex 21.6339 -17.6074 2.4
    endloop
  endfacet
  facet normal 0 0 1
    outer loop
      vertex 21.7202 -17.8789 2.4
      vertex 21.6596 -18.1647 2.4
      vertex 21.7159 -18.215 2.4
    endloop
  endfacet
  facet normal 0 0 1
    outer loop
      vertex 21.7918 -17.8458 2.4
      vertex 21.6003 -17.6343 2.4
      vertex 21.7202 -17.8789 2.4
    endloop
  endfacet
  facet normal -0 0 1
    outer loop
      vertex 21.5624 -17.6581 2.4
      vertex 21.7202 -17.8789 2.4
      vertex 21.6003 -17.6343 2.4
    endloop
  endfacet
  facet normal 0 0 1
    outer loop
      vertex 21.7202 -17.8789 2.4
      vertex 21.5935 -18.1235 2.4
      vertex 21.6596 -18.1647 2.4
    endloop
  endfacet
  facet normal -0 0 1
    outer loop
      vertex 21.5202 -17.6789 2.4
      vertex 21.7202 -17.8789 2.4
      vertex 21.5624 -17.6581 2.4
    endloop
  endfacet
  facet normal -0 0 1
    outer loop
      vertex 21.4921 -17.6896 2.4
      vertex 21.7202 -17.8789 2.4
      vertex 21.5202 -17.6789 2.4
    endloop
  endfacet
  facet normal 0 0 1
    outer loop
      vertex 21.7202 -17.8789 2.4
      vertex 21.5176 -18.0913 2.4
      vertex 21.5935 -18.1235 2.4
    endloop
  endfacet
  facet normal -0 0 1
    outer loop
      vertex 21.4618 -17.6992 2.4
      vertex 21.7202 -17.8789 2.4
      vertex 21.4921 -17.6896 2.4
    endloop
  endfacet
  facet normal 0 0 1
    outer loop
      vertex 21.4322 -18.0682 2.4
      vertex 21.7202 -17.8789 2.4
      vertex 21.4618 -17.6992 2.4
    endloop
  endfacet
  facet normal 0 0 1
    outer loop
      vertex 21.7202 -17.8789 2.4
      vertex 21.4322 -18.0682 2.4
      vertex 21.5176 -18.0913 2.4
    endloop
  endfacet
  facet normal -0 0 1
    outer loop
      vertex 21.4292 -17.7076 2.4
      vertex 21.4322 -18.0682 2.4
      vertex 21.4618 -17.6992 2.4
    endloop
  endfacet
  facet normal -0 0 1
    outer loop
      vertex 21.3937 -17.715 2.4
      vertex 21.4322 -18.0682 2.4
      vertex 21.4292 -17.7076 2.4
    endloop
  endfacet
  facet normal 0 0 1
    outer loop
      vertex 21.3371 -18.0543 2.4
      vertex 21.3937 -17.715 2.4
      vertex 21.355 -17.7214 2.4
    endloop
  endfacet
  facet normal 0 0 1
    outer loop
      vertex 21.3937 -17.715 2.4
      vertex 21.3371 -18.0543 2.4
      vertex 21.4322 -18.0682 2.4
    endloop
  endfacet
  facet normal -0 0 1
    outer loop
      vertex 21.3126 -17.7268 2.4
      vertex 21.3371 -18.0543 2.4
      vertex 21.355 -17.7214 2.4
    endloop
  endfacet
  facet normal -0 0 1
    outer loop
      vertex 21.2663 -17.7312 2.4
      vertex 21.3371 -18.0543 2.4
      vertex 21.3126 -17.7268 2.4
    endloop
  endfacet
  facet normal 0 0 1
    outer loop
      vertex 21.2663 -17.7312 2.4
      vertex 21.2327 -18.0497 2.4
      vertex 21.3371 -18.0543 2.4
    endloop
  endfacet
  facet normal -0 0 1
    outer loop
      vertex 21.2155 -17.7349 2.4
      vertex 21.2327 -18.0497 2.4
      vertex 21.2663 -17.7312 2.4
    endloop
  endfacet
  facet normal -0 0 1
    outer loop
      vertex 21.1599 -17.7378 2.4
      vertex 21.2327 -18.0497 2.4
      vertex 21.2155 -17.7349 2.4
    endloop
  endfacet
  facet normal -0 0 1
    outer loop
      vertex 21.0991 -17.7399 2.4
      vertex 21.2327 -18.0497 2.4
      vertex 21.1599 -17.7378 2.4
    endloop
  endfacet
  facet normal 0 0 1
    outer loop
      vertex 21.0327 -18.0497 2.4
      vertex 21.0991 -17.7399 2.4
      vertex 21.0327 -17.7413 2.4
    endloop
  endfacet
  facet normal 0 0 1
    outer loop
      vertex 21.0991 -17.7399 2.4
      vertex 21.0327 -18.0497 2.4
      vertex 21.2327 -18.0497 2.4
    endloop
  endfacet
  facet normal 0 0 1
    outer loop
      vertex 22.2166 -18.4952 2.4
      vertex 21.84 -18.5052 2.4
      vertex 21.8452 -18.5997 2.4
    endloop
  endfacet
  facet normal 0 0 1
    outer loop
      vertex 21.9648 -18.0016 2.4
      vertex 21.8243 -18.4194 2.4
      vertex 21.84 -18.5052 2.4
    endloop
  endfacet
  facet normal 0 0 1
    outer loop
      vertex 21.7159 -18.215 2.4
      vertex 21.8931 -17.9559 2.4
      vertex 21.8117 -17.9151 2.4
    endloop
  endfacet
  facet normal 0 0 1
    outer loop
      vertex 21.9648 -18.0016 2.4
      vertex 21.7983 -18.3424 2.4
      vertex 21.8243 -18.4194 2.4
    endloop
  endfacet
  facet normal 0 0 1
    outer loop
      vertex 21.9648 -18.0016 2.4
      vertex 21.7621 -18.2742 2.4
      vertex 21.7983 -18.3424 2.4
    endloop
  endfacet
  facet normal 0 0 1
    outer loop
      vertex 21.7159 -18.215 2.4
      vertex 21.8117 -17.9151 2.4
      vertex 21.7202 -17.8789 2.4
    endloop
  endfacet
  facet normal 0 0 1
    outer loop
      vertex 21.9648 -18.0016 2.4
      vertex 21.7159 -18.215 2.4
      vertex 21.7621 -18.2742 2.4
    endloop
  endfacet
  facet normal 0 0 1
    outer loop
      vertex 21.8452 -18.5997 2.4
      vertex 22.2202 -18.5955 2.4
      vertex 22.2166 -18.4952 2.4
    endloop
  endfacet
  facet normal 0 0 1
    outer loop
      vertex 21.84 -18.5052 2.4
      vertex 22.2166 -18.4952 2.4
      vertex 22.2054 -18.4032 2.4
    endloop
  endfacet
  facet normal 0 0 1
    outer loop
      vertex 21.84 -18.5052 2.4
      vertex 22.2054 -18.4032 2.4
      vertex 22.1864 -18.3191 2.4
    endloop
  endfacet
  facet normal 0 0 1
    outer loop
      vertex 22.2202 -18.5955 2.4
      vertex 21.8452 -18.5997 2.4
      vertex 22.2106 -18.746 2.4
    endloop
  endfacet
  facet normal 0 0 1
    outer loop
      vertex 21.84 -18.5052 2.4
      vertex 22.1864 -18.3191 2.4
      vertex 22.1594 -18.2423 2.4
    endloop
  endfacet
  facet normal -0 0 1
    outer loop
      vertex 21.8396 -18.6993 2.4
      vertex 22.2106 -18.746 2.4
      vertex 21.8452 -18.5997 2.4
    endloop
  endfacet
  facet normal 0 0 1
    outer loop
      vertex 21.84 -18.5052 2.4
      vertex 22.1594 -18.2423 2.4
      vertex 22.124 -18.1727 2.4
    endloop
  endfacet
  facet normal 0 0 1
    outer loop
      vertex 21.84 -18.5052 2.4
      vertex 22.124 -18.1727 2.4
      vertex 22.0799 -18.1096 2.4
    endloop
  endfacet
  facet normal 0 0 1
    outer loop
      vertex 22.2106 -18.746 2.4
      vertex 21.8396 -18.6993 2.4
      vertex 22.1824 -18.8856 2.4
    endloop
  endfacet
  facet normal 0 0 1
    outer loop
      vertex 21.84 -18.5052 2.4
      vertex 22.0799 -18.1096 2.4
      vertex 22.027 -18.0527 2.4
    endloop
  endfacet
  facet normal -0 0 1
    outer loop
      vertex 21.823 -18.7911 2.4
      vertex 22.1824 -18.8856 2.4
      vertex 21.8396 -18.6993 2.4
    endloop
  endfacet
  facet normal 0 0 1
    outer loop
      vertex 21.84 -18.5052 2.4
      vertex 22.027 -18.0527 2.4
      vertex 21.9648 -18.0016 2.4
    endloop
  endfacet
  facet normal 0 0 1
    outer loop
      vertex 22.1824 -18.8856 2.4
      vertex 21.823 -18.7911 2.4
      vertex 22.1364 -19.0137 2.4
    endloop
  endfacet
  facet normal 0 0 1
    outer loop
      vertex 21.7159 -18.215 2.4
      vertex 21.9648 -18.0016 2.4
      vertex 21.8931 -17.9559 2.4
    endloop
  endfacet
  facet normal -0 0 1
    outer loop
      vertex 21.7957 -18.8748 2.4
      vertex 22.1364 -19.0137 2.4
      vertex 21.823 -18.7911 2.4
    endloop
  endfacet
  facet normal 0 0 1
    outer loop
      vertex 22.1364 -19.0137 2.4
      vertex 21.7957 -18.8748 2.4
      vertex 22.0733 -19.1294 2.4
    endloop
  endfacet
  facet normal -0 0 1
    outer loop
      vertex 21.7581 -18.95 2.4
      vertex 22.0733 -19.1294 2.4
      vertex 21.7957 -18.8748 2.4
    endloop
  endfacet
  facet normal 0 0 1
    outer loop
      vertex 22.0733 -19.1294 2.4
      vertex 21.7581 -18.95 2.4
      vertex 21.9939 -19.2321 2.4
    endloop
  endfacet
  facet normal -0 0 1
    outer loop
      vertex 21.7106 -19.0163 2.4
      vertex 21.9939 -19.2321 2.4
      vertex 21.7581 -18.95 2.4
    endloop
  endfacet
  facet normal 0 0 1
    outer loop
      vertex 21.9939 -19.2321 2.4
      vertex 21.7106 -19.0163 2.4
      vertex 21.899 -19.321 2.4
    endloop
  endfacet
  facet normal -0 0 1
    outer loop
      vertex 21.6535 -19.0734 2.4
      vertex 21.899 -19.321 2.4
      vertex 21.7106 -19.0163 2.4
    endloop
  endfacet
  facet normal 0 0 1
    outer loop
      vertex 21.899 -19.321 2.4
      vertex 21.6535 -19.0734 2.4
      vertex 21.7895 -19.3954 2.4
    endloop
  endfacet
  facet normal -0 0 1
    outer loop
      vertex 21.5872 -19.1209 2.4
      vertex 21.7895 -19.3954 2.4
      vertex 21.6535 -19.0734 2.4
    endloop
  endfacet
  facet normal 0 0 1
    outer loop
      vertex 21.7895 -19.3954 2.4
      vertex 21.5872 -19.1209 2.4
      vertex 21.666 -19.4545 2.4
    endloop
  endfacet
  facet normal -0 0 1
    outer loop
      vertex 21.512 -19.1585 2.4
      vertex 21.666 -19.4545 2.4
      vertex 21.5872 -19.1209 2.4
    endloop
  endfacet
  facet normal 0 0 1
    outer loop
      vertex 21.666 -19.4545 2.4
      vertex 21.512 -19.1585 2.4
      vertex 21.5295 -19.4976 2.4
    endloop
  endfacet
  facet normal -0 0 1
    outer loop
      vertex 21.4284 -19.1858 2.4
      vertex 21.5295 -19.4976 2.4
      vertex 21.512 -19.1585 2.4
    endloop
  endfacet
  facet normal 0 0 1
    outer loop
      vertex 21.4284 -19.1858 2.4
      vertex 21.3806 -19.524 2.4
      vertex 21.5295 -19.4976 2.4
    endloop
  endfacet
  facet normal -0 0 1
    outer loop
      vertex 21.3365 -19.2024 2.4
      vertex 21.3806 -19.524 2.4
      vertex 21.4284 -19.1858 2.4
    endloop
  endfacet
  facet normal -0 0 1
    outer loop
      vertex 21.2369 -19.208 2.4
      vertex 21.3806 -19.524 2.4
      vertex 21.3365 -19.2024 2.4
    endloop
  endfacet
  facet normal 0 0 1
    outer loop
      vertex 21.2369 -19.208 2.4
      vertex 21.2202 -19.533 2.4
      vertex 21.3806 -19.524 2.4
    endloop
  endfacet
  facet normal 0 0 1
    outer loop
      vertex 21.1318 -19.2029 2.4
      vertex 21.2202 -19.533 2.4
      vertex 21.2369 -19.208 2.4
    endloop
  endfacet
  facet normal 0 0 1
    outer loop
      vertex 21.1318 -19.2029 2.4
      vertex 21.1129 -19.5294 2.4
      vertex 21.2202 -19.533 2.4
    endloop
  endfacet
  facet normal 0 0 1
    outer loop
      vertex 21.0114 -19.5185 2.4
      vertex 21.1318 -19.2029 2.4
      vertex 21.0369 -19.1876 2.4
    endloop
  endfacet
  facet normal 0 0 1
    outer loop
      vertex 21.1318 -19.2029 2.4
      vertex 21.0114 -19.5185 2.4
      vertex 21.1129 -19.5294 2.4
    endloop
  endfacet
  facet normal 0 0 1
    outer loop
      vertex 20.9159 -19.5005 2.4
      vertex 21.0369 -19.1876 2.4
      vertex 20.9519 -19.1618 2.4
    endloop
  endfacet
  facet normal 0 0 1
    outer loop
      vertex 21.0369 -19.1876 2.4
      vertex 20.9159 -19.5005 2.4
      vertex 21.0114 -19.5185 2.4
    endloop
  endfacet
  facet normal 0 0 1
    outer loop
      vertex 20.743 -19.4426 2.4
      vertex 20.9519 -19.1618 2.4
      vertex 20.8768 -19.1254 2.4
    endloop
  endfacet
  facet normal 0 0 1
    outer loop
      vertex 20.9519 -19.1618 2.4
      vertex 20.8264 -19.4751 2.4
      vertex 20.9159 -19.5005 2.4
    endloop
  endfacet
  facet normal 0 0 1
    outer loop
      vertex 20.6657 -19.4028 2.4
      vertex 20.8768 -19.1254 2.4
      vertex 20.8114 -19.0783 2.4
    endloop
  endfacet
  facet normal 0 0 1
    outer loop
      vertex 20.5299 -19.3016 2.4
      vertex 20.8114 -19.0783 2.4
      vertex 20.7554 -19.0204 2.4
    endloop
  endfacet
  facet normal 0 0 1
    outer loop
      vertex 20.9519 -19.1618 2.4
      vertex 20.743 -19.4426 2.4
      vertex 20.8264 -19.4751 2.4
    endloop
  endfacet
  facet normal 0 0 1
    outer loop
      vertex 20.4197 -19.1714 2.4
      vertex 20.7554 -19.0204 2.4
      vertex 20.7087 -18.9514 2.4
    endloop
  endfacet
  facet normal 0 0 1
    outer loop
      vertex 20.3558 -19.0585 2.4
      vertex 20.7087 -18.9514 2.4
      vertex 20.6712 -18.8712 2.4
    endloop
  endfacet
  facet normal 0 0 1
    outer loop
      vertex 20.8768 -19.1254 2.4
      vertex 20.6657 -19.4028 2.4
      vertex 20.743 -19.4426 2.4
    endloop
  endfacet
  facet normal 0 0 1
    outer loop
      vertex 20.3085 -18.9373 2.4
      vertex 20.6712 -18.8712 2.4
      vertex 20.6427 -18.7797 2.4
    endloop
  endfacet
  facet normal 0 0 1
    outer loop
      vertex 20.2735 -18.7956 2.4
      vertex 20.6427 -18.7797 2.4
      vertex 20.623 -18.6768 2.4
    endloop
  endfacet
  facet normal 0 0 1
    outer loop
      vertex 20.2568 -18.6861 2.4
      vertex 20.623 -18.6768 2.4
      vertex 20.6119 -18.5622 2.4
    endloop
  endfacet
  facet normal 0 0 1
    outer loop
      vertex 20.8114 -19.0783 2.4
      vertex 20.5947 -19.3558 2.4
      vertex 20.6657 -19.4028 2.4
    endloop
  endfacet
  facet normal 0 0 1
    outer loop
      vertex 20.8114 -19.0783 2.4
      vertex 20.5299 -19.3016 2.4
      vertex 20.5947 -19.3558 2.4
    endloop
  endfacet
  facet normal 0 0 1
    outer loop
      vertex 20.7554 -19.0204 2.4
      vertex 20.4716 -19.2401 2.4
      vertex 20.5299 -19.3016 2.4
    endloop
  endfacet
  facet normal 0 0 1
    outer loop
      vertex 20.7554 -19.0204 2.4
      vertex 20.4197 -19.1714 2.4
      vertex 20.4716 -19.2401 2.4
    endloop
  endfacet
  facet normal 0 0 1
    outer loop
      vertex 20.7087 -18.9514 2.4
      vertex 20.3744 -19.0955 2.4
      vertex 20.4197 -19.1714 2.4
    endloop
  endfacet
  facet normal 0 0 1
    outer loop
      vertex 20.7087 -18.9514 2.4
      vertex 20.3558 -19.0585 2.4
      vertex 20.3744 -19.0955 2.4
    endloop
  endfacet
  facet normal 0 0 1
    outer loop
      vertex 20.6712 -18.8712 2.4
      vertex 20.3386 -19.02 2.4
      vertex 20.3558 -19.0585 2.4
    endloop
  endfacet
  facet normal 0 0 1
    outer loop
      vertex 20.6712 -18.8712 2.4
      vertex 20.3229 -18.9797 2.4
      vertex 20.3386 -19.02 2.4
    endloop
  endfacet
  facet normal 0 0 1
    outer loop
      vertex 20.6712 -18.8712 2.4
      vertex 20.3085 -18.9373 2.4
      vertex 20.3229 -18.9797 2.4
    endloop
  endfacet
  facet normal 0 0 1
    outer loop
      vertex 20.6427 -18.7797 2.4
      vertex 20.2955 -18.8927 2.4
      vertex 20.3085 -18.9373 2.4
    endloop
  endfacet
  facet normal 0 0 1
    outer loop
      vertex 20.6427 -18.7797 2.4
      vertex 20.2838 -18.8456 2.4
      vertex 20.2955 -18.8927 2.4
    endloop
  endfacet
  facet normal 0 0 1
    outer loop
      vertex 20.6427 -18.7797 2.4
      vertex 20.2735 -18.7956 2.4
      vertex 20.2838 -18.8456 2.4
    endloop
  endfacet
  facet normal 0 0 1
    outer loop
      vertex 20.623 -18.6768 2.4
      vertex 20.2645 -18.7425 2.4
      vertex 20.2735 -18.7956 2.4
    endloop
  endfacet
  facet normal 0 0 1
    outer loop
      vertex 20.623 -18.6768 2.4
      vertex 20.2568 -18.6861 2.4
      vertex 20.2645 -18.7425 2.4
    endloop
  endfacet
  facet normal 0 0 1
    outer loop
      vertex 20.6119 -18.5622 2.4
      vertex 20.2504 -18.6261 2.4
      vertex 20.2568 -18.6861 2.4
    endloop
  endfacet
  facet normal 0 -0 1
    outer loop
      vertex 20.2504 -18.6261 2.4
      vertex 20.6119 -18.5622 2.4
      vertex 20.2452 -18.5622 2.4
    endloop
  endfacet
  facet normal 0 1 -0
    outer loop
      vertex 20.0966 -16.7414 2.4
      vertex 19.1008 -16.7414 3
      vertex 20.0966 -16.7414 3
    endloop
  endfacet
  facet normal 0 1 0
    outer loop
      vertex 19.1008 -16.7414 3
      vertex 20.0966 -16.7414 2.4
      vertex 19.1008 -16.7414 2.4
    endloop
  endfacet
  facet normal -1 0 0
    outer loop
      vertex 20.0966 -16.7414 2.4
      vertex 20.0966 -16.3997 3
      vertex 20.0966 -16.3997 2.4
    endloop
  endfacet
  facet normal -1 -0 0
    outer loop
      vertex 20.0966 -16.3997 3
      vertex 20.0966 -16.7414 2.4
      vertex 20.0966 -16.7414 3
    endloop
  endfacet
  facet normal 0 -1 0
    outer loop
      vertex 17.7133 -16.3997 2.4
      vertex 20.0966 -16.3997 3
      vertex 17.7133 -16.3997 3
    endloop
  endfacet
  facet normal 0 -1 -0
    outer loop
      vertex 20.0966 -16.3997 3
      vertex 17.7133 -16.3997 2.4
      vertex 20.0966 -16.3997 2.4
    endloop
  endfacet
  facet normal 1 -0 0
    outer loop
      vertex 17.7133 -16.7414 3
      vertex 17.7133 -16.3997 2.4
      vertex 17.7133 -16.3997 3
    endloop
  endfacet
  facet normal 1 0 0
    outer loop
      vertex 17.7133 -16.3997 2.4
      vertex 17.7133 -16.7414 3
      vertex 17.7133 -16.7414 2.4
    endloop
  endfacet
  facet normal 0 1 -0
    outer loop
      vertex 18.7132 -16.7414 2.4
      vertex 17.7133 -16.7414 3
      vertex 18.7132 -16.7414 3
    endloop
  endfacet
  facet normal 0 1 0
    outer loop
      vertex 17.7133 -16.7414 3
      vertex 18.7132 -16.7414 2.4
      vertex 17.7133 -16.7414 2.4
    endloop
  endfacet
  facet normal 1 -0 0
    outer loop
      vertex 18.7132 -19.4372 3
      vertex 18.7132 -16.7414 2.4
      vertex 18.7132 -16.7414 3
    endloop
  endfacet
  facet normal 1 0 0
    outer loop
      vertex 18.7132 -16.7414 2.4
      vertex 18.7132 -19.4372 3
      vertex 18.7132 -19.4372 2.4
    endloop
  endfacet
  facet normal 0 1 -0
    outer loop
      vertex 19.1008 -19.4372 2.4
      vertex 18.7132 -19.4372 3
      vertex 19.1008 -19.4372 3
    endloop
  endfacet
  facet normal 0 1 0
    outer loop
      vertex 18.7132 -19.4372 3
      vertex 19.1008 -19.4372 2.4
      vertex 18.7132 -19.4372 2.4
    endloop
  endfacet
  facet normal -1 0 0
    outer loop
      vertex 19.1008 -19.4372 2.4
      vertex 19.1008 -16.7414 3
      vertex 19.1008 -16.7414 2.4
    endloop
  endfacet
  facet normal -1 -0 0
    outer loop
      vertex 19.1008 -16.7414 3
      vertex 19.1008 -19.4372 2.4
      vertex 19.1008 -19.4372 3
    endloop
  endfacet
  facet normal -0.174577 0.984643 0
    outer loop
      vertex 21.5295 -19.4976 2.4
      vertex 21.3806 -19.524 3
      vertex 21.5295 -19.4976 3
    endloop
  endfacet
  facet normal -0.174577 0.984643 0
    outer loop
      vertex 21.3806 -19.524 3
      vertex 21.5295 -19.4976 2.4
      vertex 21.3806 -19.524 2.4
    endloop
  endfacet
  facet normal -0.301098 0.953593 0
    outer loop
      vertex 21.666 -19.4545 2.4
      vertex 21.5295 -19.4976 3
      vertex 21.666 -19.4545 3
    endloop
  endfacet
  facet normal -0.301098 0.953593 0
    outer loop
      vertex 21.5295 -19.4976 3
      vertex 21.666 -19.4545 2.4
      vertex 21.5295 -19.4976 2.4
    endloop
  endfacet
  facet normal -0.431662 0.902035 0
    outer loop
      vertex 21.7895 -19.3954 2.4
      vertex 21.666 -19.4545 3
      vertex 21.7895 -19.3954 3
    endloop
  endfacet
  facet normal -0.431662 0.902035 0
    outer loop
      vertex 21.666 -19.4545 3
      vertex 21.7895 -19.3954 2.4
      vertex 21.666 -19.4545 2.4
    endloop
  endfacet
  facet normal -0.562 0.827137 0
    outer loop
      vertex 21.899 -19.321 2.4
      vertex 21.7895 -19.3954 3
      vertex 21.899 -19.321 3
    endloop
  endfacet
  facet normal -0.562 0.827137 0
    outer loop
      vertex 21.7895 -19.3954 3
      vertex 21.899 -19.321 2.4
      vertex 21.7895 -19.3954 2.4
    endloop
  endfacet
  facet normal -0.68366 0.729801 0
    outer loop
      vertex 21.9939 -19.2321 2.4
      vertex 21.899 -19.321 3
      vertex 21.9939 -19.2321 3
    endloop
  endfacet
  facet normal -0.68366 0.729801 0
    outer loop
      vertex 21.899 -19.321 3
      vertex 21.9939 -19.2321 2.4
      vertex 21.899 -19.321 2.4
    endloop
  endfacet
  facet normal -0.791133 0.611645 0
    outer loop
      vertex 21.9939 -19.2321 2.4
      vertex 22.0733 -19.1294 3
      vertex 22.0733 -19.1294 2.4
    endloop
  endfacet
  facet normal -0.791133 0.611645 0
    outer loop
      vertex 22.0733 -19.1294 3
      vertex 21.9939 -19.2321 2.4
      vertex 21.9939 -19.2321 3
    endloop
  endfacet
  facet normal -0.877925 0.478799 0
    outer loop
      vertex 22.0733 -19.1294 2.4
      vertex 22.1364 -19.0137 3
      vertex 22.1364 -19.0137 2.4
    endloop
  endfacet
  facet normal -0.877925 0.478799 0
    outer loop
      vertex 22.1364 -19.0137 3
      vertex 22.0733 -19.1294 2.4
      vertex 22.0733 -19.1294 3
    endloop
  endfacet
  facet normal -0.941159 0.337965 0
    outer loop
      vertex 22.1364 -19.0137 2.4
      vertex 22.1824 -18.8856 3
      vertex 22.1824 -18.8856 2.4
    endloop
  endfacet
  facet normal -0.941159 0.337965 0
    outer loop
      vertex 22.1824 -18.8856 3
      vertex 22.1364 -19.0137 2.4
      vertex 22.1364 -19.0137 3
    endloop
  endfacet
  facet normal -0.980201 0.198006 0
    outer loop
      vertex 22.1824 -18.8856 2.4
      vertex 22.2106 -18.746 3
      vertex 22.2106 -18.746 2.4
    endloop
  endfacet
  facet normal -0.980201 0.198006 0
    outer loop
      vertex 22.2106 -18.746 3
      vertex 22.1824 -18.8856 2.4
      vertex 22.1824 -18.8856 3
    endloop
  endfacet
  facet normal -0.997972 0.063658 0
    outer loop
      vertex 22.2106 -18.746 2.4
      vertex 22.2202 -18.5955 3
      vertex 22.2202 -18.5955 2.4
    endloop
  endfacet
  facet normal -0.997972 0.063658 0
    outer loop
      vertex 22.2202 -18.5955 3
      vertex 22.2106 -18.746 2.4
      vertex 22.2106 -18.746 3
    endloop
  endfacet
  facet normal -0.999356 -0.0358692 0
    outer loop
      vertex 22.2202 -18.5955 2.4
      vertex 22.2166 -18.4952 3
      vertex 22.2166 -18.4952 2.4
    endloop
  endfacet
  facet normal -0.999356 -0.0358692 0
    outer loop
      vertex 22.2166 -18.4952 3
      vertex 22.2202 -18.5955 2.4
      vertex 22.2202 -18.5955 3
    endloop
  endfacet
  facet normal -0.992671 -0.120847 0
    outer loop
      vertex 22.2166 -18.4952 2.4
      vertex 22.2054 -18.4032 3
      vertex 22.2054 -18.4032 2.4
    endloop
  endfacet
  facet normal -0.992671 -0.120847 0
    outer loop
      vertex 22.2054 -18.4032 3
      vertex 22.2166 -18.4952 2.4
      vertex 22.2166 -18.4952 3
    endloop
  endfacet
  facet normal -0.975417 -0.220368 0
    outer loop
      vertex 22.2054 -18.4032 2.4
      vertex 22.1864 -18.3191 3
      vertex 22.1864 -18.3191 2.4
    endloop
  endfacet
  facet normal -0.975417 -0.220368 0
    outer loop
      vertex 22.1864 -18.3191 3
      vertex 22.2054 -18.4032 2.4
      vertex 22.2054 -18.4032 3
    endloop
  endfacet
  facet normal -0.943398 -0.331663 0
    outer loop
      vertex 22.1864 -18.3191 2.4
      vertex 22.1594 -18.2423 3
      vertex 22.1594 -18.2423 2.4
    endloop
  endfacet
  facet normal -0.943398 -0.331663 0
    outer loop
      vertex 22.1594 -18.2423 3
      vertex 22.1864 -18.3191 2.4
      vertex 22.1864 -18.3191 3
    endloop
  endfacet
  facet normal -0.891333 -0.45335 0
    outer loop
      vertex 22.1594 -18.2423 2.4
      vertex 22.124 -18.1727 3
      vertex 22.124 -18.1727 2.4
    endloop
  endfacet
  facet normal -0.891333 -0.45335 0
    outer loop
      vertex 22.124 -18.1727 3
      vertex 22.1594 -18.2423 2.4
      vertex 22.1594 -18.2423 3
    endloop
  endfacet
  facet normal -0.819659 -0.572852 0
    outer loop
      vertex 22.124 -18.1727 2.4
      vertex 22.0799 -18.1096 3
      vertex 22.0799 -18.1096 2.4
    endloop
  endfacet
  facet normal -0.819659 -0.572852 0
    outer loop
      vertex 22.0799 -18.1096 3
      vertex 22.124 -18.1727 2.4
      vertex 22.124 -18.1727 3
    endloop
  endfacet
  facet normal -0.732381 -0.680895 0
    outer loop
      vertex 22.0799 -18.1096 2.4
      vertex 22.027 -18.0527 3
      vertex 22.027 -18.0527 2.4
    endloop
  endfacet
  facet normal -0.732381 -0.680895 0
    outer loop
      vertex 22.027 -18.0527 3
      vertex 22.0799 -18.1096 2.4
      vertex 22.0799 -18.1096 3
    endloop
  endfacet
  facet normal -0.634792 -0.772683 0
    outer loop
      vertex 21.9648 -18.0016 2.4
      vertex 22.027 -18.0527 3
      vertex 21.9648 -18.0016 3
    endloop
  endfacet
  facet normal -0.634792 -0.772683 -0
    outer loop
      vertex 22.027 -18.0527 3
      vertex 21.9648 -18.0016 2.4
      vertex 22.027 -18.0527 2.4
    endloop
  endfacet
  facet normal -0.537484 -0.843274 0
    outer loop
      vertex 21.8931 -17.9559 2.4
      vertex 21.9648 -18.0016 3
      vertex 21.8931 -17.9559 3
    endloop
  endfacet
  facet normal -0.537484 -0.843274 -0
    outer loop
      vertex 21.9648 -18.0016 3
      vertex 21.8931 -17.9559 2.4
      vertex 21.9648 -18.0016 2.4
    endloop
  endfacet
  facet normal -0.448092 -0.893987 0
    outer loop
      vertex 21.8117 -17.9151 2.4
      vertex 21.8931 -17.9559 3
      vertex 21.8117 -17.9151 3
    endloop
  endfacet
  facet normal -0.448092 -0.893987 -0
    outer loop
      vertex 21.8931 -17.9559 3
      vertex 21.8117 -17.9151 2.4
      vertex 21.8931 -17.9559 2.4
    endloop
  endfacet
  facet normal -0.367884 -0.929872 0
    outer loop
      vertex 21.7202 -17.8789 2.4
      vertex 21.8117 -17.9151 3
      vertex 21.7202 -17.8789 3
    endloop
  endfacet
  facet normal -0.367884 -0.929872 -0
    outer loop
      vertex 21.8117 -17.9151 3
      vertex 21.7202 -17.8789 2.4
      vertex 21.8117 -17.9151 2.4
    endloop
  endfacet
  facet normal -0.419621 0.907699 0
    outer loop
      vertex 21.7918 -17.8458 2.4
      vertex 21.7202 -17.8789 3
      vertex 21.7918 -17.8458 3
    endloop
  endfacet
  facet normal -0.419621 0.907699 0
    outer loop
      vertex 21.7202 -17.8789 3
      vertex 21.7918 -17.8458 2.4
      vertex 21.7202 -17.8789 2.4
    endloop
  endfacet
  facet normal -0.503871 0.863779 0
    outer loop
      vertex 21.8566 -17.808 2.4
      vertex 21.7918 -17.8458 3
      vertex 21.8566 -17.808 3
    endloop
  endfacet
  facet normal -0.503871 0.863779 0
    outer loop
      vertex 21.7918 -17.8458 3
      vertex 21.8566 -17.808 2.4
      vertex 21.7918 -17.8458 2.4
    endloop
  endfacet
  facet normal -0.591966 0.805963 0
    outer loop
      vertex 21.9146 -17.7654 2.4
      vertex 21.8566 -17.808 3
      vertex 21.9146 -17.7654 3
    endloop
  endfacet
  facet normal -0.591966 0.805963 0
    outer loop
      vertex 21.8566 -17.808 3
      vertex 21.9146 -17.7654 2.4
      vertex 21.8566 -17.808 2.4
    endloop
  endfacet
  facet normal -0.679293 0.733867 0
    outer loop
      vertex 21.9657 -17.7181 2.4
      vertex 21.9146 -17.7654 3
      vertex 21.9657 -17.7181 3
    endloop
  endfacet
  facet normal -0.679293 0.733867 0
    outer loop
      vertex 21.9146 -17.7654 3
      vertex 21.9657 -17.7181 2.4
      vertex 21.9146 -17.7654 2.4
    endloop
  endfacet
  facet normal -0.761216 0.648498 0
    outer loop
      vertex 21.9657 -17.7181 2.4
      vertex 22.01 -17.6661 3
      vertex 22.01 -17.6661 2.4
    endloop
  endfacet
  facet normal -0.761216 0.648498 0
    outer loop
      vertex 22.01 -17.6661 3
      vertex 21.9657 -17.7181 2.4
      vertex 21.9657 -17.7181 3
    endloop
  endfacet
  facet normal -0.834974 0.55029 0
    outer loop
      vertex 22.01 -17.6661 2.4
      vertex 22.0475 -17.6092 3
      vertex 22.0475 -17.6092 2.4
    endloop
  endfacet
  facet normal -0.834974 0.55029 0
    outer loop
      vertex 22.0475 -17.6092 3
      vertex 22.01 -17.6661 2.4
      vertex 22.01 -17.6661 3
    endloop
  endfacet
  facet normal -0.894718 0.446632 0
    outer loop
      vertex 22.0475 -17.6092 2.4
      vertex 22.0782 -17.5477 3
      vertex 22.0782 -17.5477 2.4
    endloop
  endfacet
  facet normal -0.894718 0.446632 0
    outer loop
      vertex 22.0782 -17.5477 3
      vertex 22.0475 -17.6092 2.4
      vertex 22.0475 -17.6092 3
    endloop
  endfacet
  facet normal -0.941356 0.337414 0
    outer loop
      vertex 22.0782 -17.5477 2.4
      vertex 22.102 -17.4813 3
      vertex 22.102 -17.4813 2.4
    endloop
  endfacet
  facet normal -0.941356 0.337414 0
    outer loop
      vertex 22.102 -17.4813 3
      vertex 22.0782 -17.5477 2.4
      vertex 22.0782 -17.5477 3
    endloop
  endfacet
  facet normal -0.972201 0.23415 0
    outer loop
      vertex 22.102 -17.4813 2.4
      vertex 22.1191 -17.4103 3
      vertex 22.1191 -17.4103 2.4
    endloop
  endfacet
  facet normal -0.972201 0.23415 0
    outer loop
      vertex 22.1191 -17.4103 3
      vertex 22.102 -17.4813 2.4
      vertex 22.102 -17.4813 3
    endloop
  endfacet
  facet normal -0.991091 0.13319 0
    outer loop
      vertex 22.1191 -17.4103 2.4
      vertex 22.1293 -17.3344 3
      vertex 22.1293 -17.3344 2.4
    endloop
  endfacet
  facet normal -0.991091 0.13319 0
    outer loop
      vertex 22.1293 -17.3344 3
      vertex 22.1191 -17.4103 2.4
      vertex 22.1191 -17.4103 3
    endloop
  endfacet
  facet normal -0.999109 0.0421984 0
    outer loop
      vertex 22.1293 -17.3344 2.4
      vertex 22.1327 -17.2539 3
      vertex 22.1327 -17.2539 2.4
    endloop
  endfacet
  facet normal -0.999109 0.0421984 0
    outer loop
      vertex 22.1327 -17.2539 3
      vertex 22.1293 -17.3344 2.4
      vertex 22.1293 -17.3344 3
    endloop
  endfacet
  facet normal -0.998137 -0.0610055 0
    outer loop
      vertex 22.1327 -17.2539 2.4
      vertex 22.1244 -17.1181 3
      vertex 22.1244 -17.1181 2.4
    endloop
  endfacet
  facet normal -0.998137 -0.0610055 0
    outer loop
      vertex 22.1244 -17.1181 3
      vertex 22.1327 -17.2539 2.4
      vertex 22.1327 -17.2539 3
    endloop
  endfacet
  facet normal -0.981386 -0.192044 0
    outer loop
      vertex 22.1244 -17.1181 2.4
      vertex 22.0999 -16.9929 3
      vertex 22.0999 -16.9929 2.4
    endloop
  endfacet
  facet normal -0.981386 -0.192044 0
    outer loop
      vertex 22.0999 -16.9929 3
      vertex 22.1244 -17.1181 2.4
      vertex 22.1244 -17.1181 3
    endloop
  endfacet
  facet normal -0.943082 -0.33256 0
    outer loop
      vertex 22.0999 -16.9929 2.4
      vertex 22.0597 -16.8789 3
      vertex 22.0597 -16.8789 2.4
    endloop
  endfacet
  facet normal -0.943082 -0.33256 0
    outer loop
      vertex 22.0597 -16.8789 3
      vertex 22.0999 -16.9929 2.4
      vertex 22.0999 -16.9929 3
    endloop
  endfacet
  facet normal -0.879367 -0.476145 0
    outer loop
      vertex 22.0597 -16.8789 2.4
      vertex 22.0042 -16.7764 3
      vertex 22.0042 -16.7764 2.4
    endloop
  endfacet
  facet normal -0.879367 -0.476145 0
    outer loop
      vertex 22.0042 -16.7764 3
      vertex 22.0597 -16.8789 2.4
      vertex 22.0597 -16.8789 3
    endloop
  endfacet
  facet normal -0.790246 -0.61279 0
    outer loop
      vertex 22.0042 -16.7764 2.4
      vertex 21.9341 -16.686 3
      vertex 21.9341 -16.686 2.4
    endloop
  endfacet
  facet normal -0.790246 -0.61279 0
    outer loop
      vertex 21.9341 -16.686 3
      vertex 22.0042 -16.7764 2.4
      vertex 22.0042 -16.7764 3
    endloop
  endfacet
  facet normal -0.677773 -0.735271 0
    outer loop
      vertex 21.8497 -16.6082 2.4
      vertex 21.9341 -16.686 3
      vertex 21.8497 -16.6082 3
    endloop
  endfacet
  facet normal -0.677773 -0.735271 -0
    outer loop
      vertex 21.9341 -16.686 3
      vertex 21.8497 -16.6082 2.4
      vertex 21.9341 -16.686 2.4
    endloop
  endfacet
  facet normal -0.551553 -0.83414 0
    outer loop
      vertex 21.7517 -16.5434 2.4
      vertex 21.8497 -16.6082 3
      vertex 21.7517 -16.5434 3
    endloop
  endfacet
  facet normal -0.551553 -0.83414 -0
    outer loop
      vertex 21.8497 -16.6082 3
      vertex 21.7517 -16.5434 2.4
      vertex 21.8497 -16.6082 2.4
    endloop
  endfacet
  facet normal -0.418229 -0.908342 0
    outer loop
      vertex 21.6405 -16.4922 2.4
      vertex 21.7517 -16.5434 3
      vertex 21.6405 -16.4922 3
    endloop
  endfacet
  facet normal -0.418229 -0.908342 -0
    outer loop
      vertex 21.7517 -16.5434 3
      vertex 21.6405 -16.4922 2.4
      vertex 21.7517 -16.5434 2.4
    endloop
  endfacet
  facet normal -0.287561 -0.957762 0
    outer loop
      vertex 21.5166 -16.455 2.4
      vertex 21.6405 -16.4922 3
      vertex 21.5166 -16.455 3
    endloop
  endfacet
  facet normal -0.287561 -0.957762 -0
    outer loop
      vertex 21.6405 -16.4922 3
      vertex 21.5166 -16.455 2.4
      vertex 21.6405 -16.4922 2.4
    endloop
  endfacet
  facet normal -0.163811 -0.986492 0
    outer loop
      vertex 21.3805 -16.4324 2.4
      vertex 21.5166 -16.455 3
      vertex 21.3805 -16.4324 3
    endloop
  endfacet
  facet normal -0.163811 -0.986492 -0
    outer loop
      vertex 21.5166 -16.455 3
      vertex 21.3805 -16.4324 2.4
      vertex 21.5166 -16.455 2.4
    endloop
  endfacet
  facet normal -0.0520269 -0.998646 0
    outer loop
      vertex 21.2327 -16.4247 2.4
      vertex 21.3805 -16.4324 3
      vertex 21.2327 -16.4247 3
    endloop
  endfacet
  facet normal -0.0520269 -0.998646 -0
    outer loop
      vertex 21.3805 -16.4324 3
      vertex 21.2327 -16.4247 2.4
      vertex 21.3805 -16.4324 2.4
    endloop
  endfacet
  facet normal 0.05266 -0.998613 0
    outer loop
      vertex 21.0772 -16.4329 2.4
      vertex 21.2327 -16.4247 3
      vertex 21.0772 -16.4329 3
    endloop
  endfacet
  facet normal 0.05266 -0.998613 0
    outer loop
      vertex 21.2327 -16.4247 3
      vertex 21.0772 -16.4329 2.4
      vertex 21.2327 -16.4247 2.4
    endloop
  endfacet
  facet normal 0.17184 -0.985125 0
    outer loop
      vertex 20.9356 -16.4576 2.4
      vertex 21.0772 -16.4329 3
      vertex 20.9356 -16.4576 3
    endloop
  endfacet
  facet normal 0.17184 -0.985125 0
    outer loop
      vertex 21.0772 -16.4329 3
      vertex 20.9356 -16.4576 2.4
      vertex 21.0772 -16.4329 2.4
    endloop
  endfacet
  facet normal 0.305236 -0.952277 0
    outer loop
      vertex 20.808 -16.4985 2.4
      vertex 20.9356 -16.4576 3
      vertex 20.808 -16.4985 3
    endloop
  endfacet
  facet normal 0.305236 -0.952277 0
    outer loop
      vertex 20.9356 -16.4576 3
      vertex 20.808 -16.4985 2.4
      vertex 20.9356 -16.4576 2.4
    endloop
  endfacet
  facet normal 0.44942 -0.893321 0
    outer loop
      vertex 20.6947 -16.5555 2.4
      vertex 20.808 -16.4985 3
      vertex 20.6947 -16.5555 3
    endloop
  endfacet
  facet normal 0.44942 -0.893321 0
    outer loop
      vertex 20.808 -16.4985 3
      vertex 20.6947 -16.5555 2.4
      vertex 20.808 -16.4985 2.4
    endloop
  endfacet
  facet normal 0.593614 -0.80475 0
    outer loop
      vertex 20.5956 -16.6286 2.4
      vertex 20.6947 -16.5555 3
      vertex 20.5956 -16.6286 3
    endloop
  endfacet
  facet normal 0.593614 -0.80475 0
    outer loop
      vertex 20.6947 -16.5555 3
      vertex 20.5956 -16.6286 2.4
      vertex 20.6947 -16.5555 2.4
    endloop
  endfacet
  facet normal 0.724409 -0.68937 0
    outer loop
      vertex 20.511 -16.7175 3
      vertex 20.5956 -16.6286 2.4
      vertex 20.5956 -16.6286 3
    endloop
  endfacet
  facet normal 0.724409 -0.68937 0
    outer loop
      vertex 20.5956 -16.6286 2.4
      vertex 20.511 -16.7175 3
      vertex 20.511 -16.7175 2.4
    endloop
  endfacet
  facet normal 0.830337 -0.557262 0
    outer loop
      vertex 20.4408 -16.8221 3
      vertex 20.511 -16.7175 2.4
      vertex 20.511 -16.7175 3
    endloop
  endfacet
  facet normal 0.830337 -0.557262 0
    outer loop
      vertex 20.511 -16.7175 2.4
      vertex 20.4408 -16.8221 3
      vertex 20.4408 -16.8221 2.4
    endloop
  endfacet
  facet normal 0.908026 -0.418915 0
    outer loop
      vertex 20.3853 -16.9424 3
      vertex 20.4408 -16.8221 2.4
      vertex 20.4408 -16.8221 3
    endloop
  endfacet
  facet normal 0.908026 -0.418915 0
    outer loop
      vertex 20.4408 -16.8221 2.4
      vertex 20.3853 -16.9424 3
      vertex 20.3853 -16.9424 2.4
    endloop
  endfacet
  facet normal 0.957846 -0.287283 0
    outer loop
      vertex 20.3446 -17.0781 3
      vertex 20.3853 -16.9424 2.4
      vertex 20.3853 -16.9424 3
    endloop
  endfacet
  facet normal 0.957846 -0.287283 0
    outer loop
      vertex 20.3853 -16.9424 2.4
      vertex 20.3446 -17.0781 3
      vertex 20.3446 -17.0781 2.4
    endloop
  endfacet
  facet normal 0.985625 -0.168946 0
    outer loop
      vertex 20.3187 -17.2292 3
      vertex 20.3446 -17.0781 2.4
      vertex 20.3446 -17.0781 3
    endloop
  endfacet
  facet normal 0.985625 -0.168946 0
    outer loop
      vertex 20.3446 -17.0781 2.4
      vertex 20.3187 -17.2292 3
      vertex 20.3187 -17.2292 2.4
    endloop
  endfacet
  facet normal 0.99782 -0.0660013 0
    outer loop
      vertex 20.3077 -17.3955 3
      vertex 20.3187 -17.2292 2.4
      vertex 20.3187 -17.2292 3
    endloop
  endfacet
  facet normal 0.99782 -0.0660013 0
    outer loop
      vertex 20.3187 -17.2292 2.4
      vertex 20.3077 -17.3955 3
      vertex 20.3077 -17.3955 2.4
    endloop
  endfacet
  facet normal 0 1 -0
    outer loop
      vertex 20.6744 -17.3955 2.4
      vertex 20.3077 -17.3955 3
      vertex 20.6744 -17.3955 3
    endloop
  endfacet
  facet normal 0 1 0
    outer loop
      vertex 20.3077 -17.3955 3
      vertex 20.6744 -17.3955 2.4
      vertex 20.3077 -17.3955 2.4
    endloop
  endfacet
  facet normal -0.999514 0.0311699 0
    outer loop
      vertex 20.6744 -17.3955 2.4
      vertex 20.6759 -17.3474 3
      vertex 20.6759 -17.3474 2.4
    endloop
  endfacet
  facet normal -0.999514 0.0311699 0
    outer loop
      vertex 20.6759 -17.3474 3
      vertex 20.6744 -17.3955 2.4
      vertex 20.6744 -17.3955 3
    endloop
  endfacet
  facet normal -0.998883 0.0472445 0
    outer loop
      vertex 20.6759 -17.3474 2.4
      vertex 20.678 -17.303 3
      vertex 20.678 -17.303 2.4
    endloop
  endfacet
  facet normal -0.998883 0.0472445 0
    outer loop
      vertex 20.678 -17.303 3
      vertex 20.6759 -17.3474 2.4
      vertex 20.6759 -17.3474 3
    endloop
  endfacet
  facet normal -0.997532 0.0702146 0
    outer loop
      vertex 20.678 -17.303 2.4
      vertex 20.6809 -17.2618 3
      vertex 20.6809 -17.2618 2.4
    endloop
  endfacet
  facet normal -0.997532 0.0702146 0
    outer loop
      vertex 20.6809 -17.2618 3
      vertex 20.678 -17.303 2.4
      vertex 20.678 -17.303 3
    endloop
  endfacet
  facet normal -0.995063 0.0992451 0
    outer loop
      vertex 20.6809 -17.2618 2.4
      vertex 20.6847 -17.2237 3
      vertex 20.6847 -17.2237 2.4
    endloop
  endfacet
  facet normal -0.995063 0.0992451 0
    outer loop
      vertex 20.6847 -17.2237 3
      vertex 20.6809 -17.2618 2.4
      vertex 20.6809 -17.2618 3
    endloop
  endfacet
  facet normal -0.991301 0.131613 0
    outer loop
      vertex 20.6847 -17.2237 2.4
      vertex 20.6894 -17.1883 3
      vertex 20.6894 -17.1883 2.4
    endloop
  endfacet
  facet normal -0.991301 0.131613 0
    outer loop
      vertex 20.6894 -17.1883 3
      vertex 20.6847 -17.2237 2.4
      vertex 20.6847 -17.2237 3
    endloop
  endfacet
  facet normal -0.985321 0.170709 0
    outer loop
      vertex 20.6894 -17.1883 2.4
      vertex 20.6951 -17.1554 3
      vertex 20.6951 -17.1554 2.4
    endloop
  endfacet
  facet normal -0.985321 0.170709 0
    outer loop
      vertex 20.6951 -17.1554 3
      vertex 20.6894 -17.1883 2.4
      vertex 20.6894 -17.1883 3
    endloop
  endfacet
  facet normal -0.97729 0.211904 0
    outer loop
      vertex 20.6951 -17.1554 2.4
      vertex 20.7018 -17.1245 3
      vertex 20.7018 -17.1245 2.4
    endloop
  endfacet
  facet normal -0.97729 0.211904 0
    outer loop
      vertex 20.7018 -17.1245 3
      vertex 20.6951 -17.1554 2.4
      vertex 20.6951 -17.1554 3
    endloop
  endfacet
  facet normal -0.964841 0.262836 0
    outer loop
      vertex 20.7018 -17.1245 2.4
      vertex 20.7097 -17.0955 3
      vertex 20.7097 -17.0955 2.4
    endloop
  endfacet
  facet normal -0.964841 0.262836 0
    outer loop
      vertex 20.7097 -17.0955 3
      vertex 20.7018 -17.1245 2.4
      vertex 20.7018 -17.1245 3
    endloop
  endfacet
  facet normal -0.949371 0.314156 0
    outer loop
      vertex 20.7097 -17.0955 2.4
      vertex 20.7188 -17.068 3
      vertex 20.7188 -17.068 2.4
    endloop
  endfacet
  facet normal -0.949371 0.314156 0
    outer loop
      vertex 20.7188 -17.068 3
      vertex 20.7097 -17.0955 2.4
      vertex 20.7097 -17.0955 3
    endloop
  endfacet
  facet normal -0.92872 0.370782 0
    outer loop
      vertex 20.7188 -17.068 2.4
      vertex 20.7293 -17.0417 3
      vertex 20.7293 -17.0417 2.4
    endloop
  endfacet
  facet normal -0.92872 0.370782 0
    outer loop
      vertex 20.7293 -17.0417 3
      vertex 20.7188 -17.068 2.4
      vertex 20.7188 -17.068 3
    endloop
  endfacet
  facet normal -0.906912 0.421321 0
    outer loop
      vertex 20.7293 -17.0417 2.4
      vertex 20.7411 -17.0163 3
      vertex 20.7411 -17.0163 2.4
    endloop
  endfacet
  facet normal -0.906912 0.421321 0
    outer loop
      vertex 20.7411 -17.0163 3
      vertex 20.7293 -17.0417 2.4
      vertex 20.7293 -17.0417 3
    endloop
  endfacet
  facet normal -0.872406 0.488781 0
    outer loop
      vertex 20.7411 -17.0163 2.4
      vertex 20.7662 -16.9715 3
      vertex 20.7662 -16.9715 2.4
    endloop
  endfacet
  facet normal -0.872406 0.488781 0
    outer loop
      vertex 20.7662 -16.9715 3
      vertex 20.7411 -17.0163 2.4
      vertex 20.7411 -17.0163 3
    endloop
  endfacet
  facet normal -0.808651 0.588289 0
    outer loop
      vertex 20.7662 -16.9715 2.4
      vertex 20.7961 -16.9304 3
      vertex 20.7961 -16.9304 2.4
    endloop
  endfacet
  facet normal -0.808651 0.588289 0
    outer loop
      vertex 20.7961 -16.9304 3
      vertex 20.7662 -16.9715 2.4
      vertex 20.7662 -16.9715 3
    endloop
  endfacet
  facet normal -0.736009 0.676971 0
    outer loop
      vertex 20.7961 -16.9304 2.4
      vertex 20.8305 -16.893 3
      vertex 20.8305 -16.893 2.4
    endloop
  endfacet
  facet normal -0.736009 0.676971 0
    outer loop
      vertex 20.8305 -16.893 3
      vertex 20.7961 -16.9304 2.4
      vertex 20.7961 -16.9304 3
    endloop
  endfacet
  facet normal -0.656421 0.754395 0
    outer loop
      vertex 20.869 -16.8595 2.4
      vertex 20.8305 -16.893 3
      vertex 20.869 -16.8595 3
    endloop
  endfacet
  facet normal -0.656421 0.754395 0
    outer loop
      vertex 20.8305 -16.893 3
      vertex 20.869 -16.8595 2.4
      vertex 20.8305 -16.893 2.4
    endloop
  endfacet
  facet normal -0.56931 0.822123 0
    outer loop
      vertex 20.9116 -16.83 2.4
      vertex 20.869 -16.8595 3
      vertex 20.9116 -16.83 3
    endloop
  endfacet
  facet normal -0.56931 0.822123 0
    outer loop
      vertex 20.869 -16.8595 3
      vertex 20.9116 -16.83 2.4
      vertex 20.869 -16.8595 2.4
    endloop
  endfacet
  facet normal -0.478054 0.87833 0
    outer loop
      vertex 20.9579 -16.8048 2.4
      vertex 20.9116 -16.83 3
      vertex 20.9579 -16.8048 3
    endloop
  endfacet
  facet normal -0.478054 0.87833 0
    outer loop
      vertex 20.9116 -16.83 3
      vertex 20.9579 -16.8048 2.4
      vertex 20.9116 -16.83 2.4
    endloop
  endfacet
  facet normal -0.388553 0.921426 0
    outer loop
      vertex 21.0077 -16.7838 2.4
      vertex 20.9579 -16.8048 3
      vertex 21.0077 -16.7838 3
    endloop
  endfacet
  facet normal -0.388553 0.921426 0
    outer loop
      vertex 20.9579 -16.8048 3
      vertex 21.0077 -16.7838 2.4
      vertex 20.9579 -16.8048 2.4
    endloop
  endfacet
  facet normal -0.297249 0.9548 0
    outer loop
      vertex 21.0607 -16.7673 2.4
      vertex 21.0077 -16.7838 3
      vertex 21.0607 -16.7673 3
    endloop
  endfacet
  facet normal -0.297249 0.9548 0
    outer loop
      vertex 21.0077 -16.7838 3
      vertex 21.0607 -16.7673 2.4
      vertex 21.0077 -16.7838 2.4
    endloop
  endfacet
  facet normal -0.209172 0.977879 0
    outer loop
      vertex 21.1168 -16.7553 2.4
      vertex 21.0607 -16.7673 3
      vertex 21.1168 -16.7553 3
    endloop
  endfacet
  facet normal -0.209172 0.977879 0
    outer loop
      vertex 21.0607 -16.7673 3
      vertex 21.1168 -16.7553 2.4
      vertex 21.0607 -16.7673 2.4
    endloop
  endfacet
  facet normal -0.123204 0.992381 0
    outer loop
      vertex 21.1756 -16.748 2.4
      vertex 21.1168 -16.7553 3
      vertex 21.1756 -16.748 3
    endloop
  endfacet
  facet normal -0.123204 0.992381 0
    outer loop
      vertex 21.1168 -16.7553 3
      vertex 21.1756 -16.748 2.4
      vertex 21.1168 -16.7553 2.4
    endloop
  endfacet
  facet normal -0.0407492 0.999169 0
    outer loop
      vertex 21.2369 -16.7455 2.4
      vertex 21.1756 -16.748 3
      vertex 21.2369 -16.7455 3
    endloop
  endfacet
  facet normal -0.0407492 0.999169 0
    outer loop
      vertex 21.1756 -16.748 3
      vertex 21.2369 -16.7455 2.4
      vertex 21.1756 -16.748 2.4
    endloop
  endfacet
  facet normal 0.0561175 0.998424 -0
    outer loop
      vertex 21.3223 -16.7503 2.4
      vertex 21.2369 -16.7455 3
      vertex 21.3223 -16.7503 3
    endloop
  endfacet
  facet normal 0.0561175 0.998424 0
    outer loop
      vertex 21.2369 -16.7455 3
      vertex 21.3223 -16.7503 2.4
      vertex 21.2369 -16.7455 2.4
    endloop
  endfacet
  facet normal 0.178775 0.98389 -0
    outer loop
      vertex 21.401 -16.7646 2.4
      vertex 21.3223 -16.7503 3
      vertex 21.401 -16.7646 3
    endloop
  endfacet
  facet normal 0.178775 0.98389 0
    outer loop
      vertex 21.3223 -16.7503 3
      vertex 21.401 -16.7646 2.4
      vertex 21.3223 -16.7503 2.4
    endloop
  endfacet
  facet normal 0.309446 0.950917 -0
    outer loop
      vertex 21.4726 -16.7879 2.4
      vertex 21.401 -16.7646 3
      vertex 21.4726 -16.7879 3
    endloop
  endfacet
  facet normal 0.309446 0.950917 0
    outer loop
      vertex 21.401 -16.7646 3
      vertex 21.4726 -16.7879 2.4
      vertex 21.401 -16.7646 2.4
    endloop
  endfacet
  facet normal 0.446101 0.894982 -0
    outer loop
      vertex 21.537 -16.82 2.4
      vertex 21.4726 -16.7879 3
      vertex 21.537 -16.82 3
    endloop
  endfacet
  facet normal 0.446101 0.894982 0
    outer loop
      vertex 21.4726 -16.7879 3
      vertex 21.537 -16.82 2.4
      vertex 21.4726 -16.7879 2.4
    endloop
  endfacet
  facet normal 0.582456 0.812862 -0
    outer loop
      vertex 21.5938 -16.8607 2.4
      vertex 21.537 -16.82 3
      vertex 21.5938 -16.8607 3
    endloop
  endfacet
  facet normal 0.582456 0.812862 0
    outer loop
      vertex 21.537 -16.82 3
      vertex 21.5938 -16.8607 2.4
      vertex 21.537 -16.82 2.4
    endloop
  endfacet
  facet normal 0.707107 0.707107 0
    outer loop
      vertex 21.6426 -16.9095 3
      vertex 21.5938 -16.8607 2.4
      vertex 21.5938 -16.8607 3
    endloop
  endfacet
  facet normal 0.707107 0.707107 0
    outer loop
      vertex 21.5938 -16.8607 2.4
      vertex 21.6426 -16.9095 3
      vertex 21.6426 -16.9095 2.4
    endloop
  endfacet
  facet normal 0.81354 0.581509 0
    outer loop
      vertex 21.6832 -16.9663 3
      vertex 21.6426 -16.9095 2.4
      vertex 21.6426 -16.9095 3
    endloop
  endfacet
  facet normal 0.81354 0.581509 0
    outer loop
      vertex 21.6426 -16.9095 2.4
      vertex 21.6832 -16.9663 3
      vertex 21.6832 -16.9663 2.4
    endloop
  endfacet
  facet normal 0.894149 0.44777 0
    outer loop
      vertex 21.7154 -17.0306 3
      vertex 21.6832 -16.9663 2.4
      vertex 21.6832 -16.9663 3
    endloop
  endfacet
  facet normal 0.894149 0.44777 0
    outer loop
      vertex 21.6832 -16.9663 2.4
      vertex 21.7154 -17.0306 3
      vertex 21.7154 -17.0306 2.4
    endloop
  endfacet
  facet normal 0.951044 0.309056 0
    outer loop
      vertex 21.7387 -17.1023 3
      vertex 21.7154 -17.0306 2.4
      vertex 21.7154 -17.0306 3
    endloop
  endfacet
  facet normal 0.951044 0.309056 0
    outer loop
      vertex 21.7154 -17.0306 2.4
      vertex 21.7387 -17.1023 3
      vertex 21.7387 -17.1023 2.4
    endloop
  endfacet
  facet normal 0.984109 0.177565 0
    outer loop
      vertex 21.7529 -17.181 3
      vertex 21.7387 -17.1023 2.4
      vertex 21.7387 -17.1023 3
    endloop
  endfacet
  facet normal 0.984109 0.177565 0
    outer loop
      vertex 21.7387 -17.1023 2.4
      vertex 21.7529 -17.181 3
      vertex 21.7529 -17.181 2.4
    endloop
  endfacet
  facet normal 0.998424 0.0561175 0
    outer loop
      vertex 21.7577 -17.2664 3
      vertex 21.7529 -17.181 2.4
      vertex 21.7529 -17.181 3
    endloop
  endfacet
  facet normal 0.998424 0.0561175 0
    outer loop
      vertex 21.7529 -17.181 2.4
      vertex 21.7577 -17.2664 3
      vertex 21.7577 -17.2664 2.4
    endloop
  endfacet
  facet normal 0.999482 -0.0321837 0
    outer loop
      vertex 21.7559 -17.3223 3
      vertex 21.7577 -17.2664 2.4
      vertex 21.7577 -17.2664 3
    endloop
  endfacet
  facet normal 0.999482 -0.0321837 0
    outer loop
      vertex 21.7577 -17.2664 2.4
      vertex 21.7559 -17.3223 3
      vertex 21.7559 -17.3223 2.4
    endloop
  endfacet
  facet normal 0.994023 -0.10917 0
    outer loop
      vertex 21.7502 -17.3742 3
      vertex 21.7559 -17.3223 2.4
      vertex 21.7559 -17.3223 3
    endloop
  endfacet
  facet normal 0.994023 -0.10917 0
    outer loop
      vertex 21.7559 -17.3223 2.4
      vertex 21.7502 -17.3742 3
      vertex 21.7502 -17.3742 2.4
    endloop
  endfacet
  facet normal 0.980894 -0.194541 0
    outer loop
      vertex 21.7407 -17.4221 3
      vertex 21.7502 -17.3742 2.4
      vertex 21.7502 -17.3742 3
    endloop
  endfacet
  facet normal 0.980894 -0.194541 0
    outer loop
      vertex 21.7502 -17.3742 2.4
      vertex 21.7407 -17.4221 3
      vertex 21.7407 -17.4221 2.4
    endloop
  endfacet
  facet normal 0.957587 -0.288143 0
    outer loop
      vertex 21.7274 -17.4663 3
      vertex 21.7407 -17.4221 2.4
      vertex 21.7407 -17.4221 3
    endloop
  endfacet
  facet normal 0.957587 -0.288143 0
    outer loop
      vertex 21.7407 -17.4221 2.4
      vertex 21.7274 -17.4663 3
      vertex 21.7274 -17.4663 2.4
    endloop
  endfacet
  facet normal 0.919614 -0.392823 0
    outer loop
      vertex 21.7101 -17.5068 3
      vertex 21.7274 -17.4663 2.4
      vertex 21.7274 -17.4663 3
    endloop
  endfacet
  facet normal 0.919614 -0.392823 0
    outer loop
      vertex 21.7274 -17.4663 2.4
      vertex 21.7101 -17.5068 3
      vertex 21.7101 -17.5068 2.4
    endloop
  endfacet
  facet normal 0.866653 -0.498911 0
    outer loop
      vertex 21.6888 -17.5438 3
      vertex 21.7101 -17.5068 2.4
      vertex 21.7101 -17.5068 3
    endloop
  endfacet
  facet normal 0.866653 -0.498911 0
    outer loop
      vertex 21.7101 -17.5068 2.4
      vertex 21.6888 -17.5438 3
      vertex 21.6888 -17.5438 2.4
    endloop
  endfacet
  facet normal 0.796849 -0.604178 0
    outer loop
      vertex 21.6634 -17.5773 3
      vertex 21.6888 -17.5438 2.4
      vertex 21.6888 -17.5438 3
    endloop
  endfacet
  facet normal 0.796849 -0.604178 0
    outer loop
      vertex 21.6888 -17.5438 2.4
      vertex 21.6634 -17.5773 3
      vertex 21.6634 -17.5773 2.4
    endloop
  endfacet
  facet normal 0.714189 -0.699953 0
    outer loop
      vertex 21.6339 -17.6074 3
      vertex 21.6634 -17.5773 2.4
      vertex 21.6634 -17.5773 3
    endloop
  endfacet
  facet normal 0.714189 -0.699953 0
    outer loop
      vertex 21.6634 -17.5773 2.4
      vertex 21.6339 -17.6074 3
      vertex 21.6339 -17.6074 2.4
    endloop
  endfacet
  facet normal 0.624978 -0.780642 0
    outer loop
      vertex 21.6003 -17.6343 2.4
      vertex 21.6339 -17.6074 3
      vertex 21.6003 -17.6343 3
    endloop
  endfacet
  facet normal 0.624978 -0.780642 0
    outer loop
      vertex 21.6339 -17.6074 3
      vertex 21.6003 -17.6343 2.4
      vertex 21.6339 -17.6074 2.4
    endloop
  endfacet
  facet normal 0.531805 -0.846867 0
    outer loop
      vertex 21.5624 -17.6581 2.4
      vertex 21.6003 -17.6343 3
      vertex 21.5624 -17.6581 3
    endloop
  endfacet
  facet normal 0.531805 -0.846867 0
    outer loop
      vertex 21.6003 -17.6343 3
      vertex 21.5624 -17.6581 2.4
      vertex 21.6003 -17.6343 2.4
    endloop
  endfacet
  facet normal 0.442105 -0.896963 0
    outer loop
      vertex 21.5202 -17.6789 2.4
      vertex 21.5624 -17.6581 3
      vertex 21.5202 -17.6789 3
    endloop
  endfacet
  facet normal 0.442105 -0.896963 0
    outer loop
      vertex 21.5624 -17.6581 3
      vertex 21.5202 -17.6789 2.4
      vertex 21.5624 -17.6581 2.4
    endloop
  endfacet
  facet normal 0.355857 -0.93454 0
    outer loop
      vertex 21.4921 -17.6896 2.4
      vertex 21.5202 -17.6789 3
      vertex 21.4921 -17.6896 3
    endloop
  endfacet
  facet normal 0.355857 -0.93454 0
    outer loop
      vertex 21.5202 -17.6789 3
      vertex 21.4921 -17.6896 2.4
      vertex 21.5202 -17.6789 2.4
    endloop
  endfacet
  facet normal 0.302035 -0.953297 0
    outer loop
      vertex 21.4618 -17.6992 2.4
      vertex 21.4921 -17.6896 3
      vertex 21.4618 -17.6992 3
    endloop
  endfacet
  facet normal 0.302035 -0.953297 0
    outer loop
      vertex 21.4921 -17.6896 3
      vertex 21.4618 -17.6992 2.4
      vertex 21.4921 -17.6896 2.4
    endloop
  endfacet
  facet normal 0.249519 -0.96837 0
    outer loop
      vertex 21.4292 -17.7076 2.4
      vertex 21.4618 -17.6992 3
      vertex 21.4292 -17.7076 3
    endloop
  endfacet
  facet normal 0.249519 -0.96837 0
    outer loop
      vertex 21.4618 -17.6992 3
      vertex 21.4292 -17.7076 2.4
      vertex 21.4618 -17.6992 2.4
    endloop
  endfacet
  facet normal 0.204064 -0.978957 0
    outer loop
      vertex 21.3937 -17.715 2.4
      vertex 21.4292 -17.7076 3
      vertex 21.3937 -17.715 3
    endloop
  endfacet
  facet normal 0.204064 -0.978957 0
    outer loop
      vertex 21.4292 -17.7076 3
      vertex 21.3937 -17.715 2.4
      vertex 21.4292 -17.7076 2.4
    endloop
  endfacet
  facet normal 0.163159 -0.9866 0
    outer loop
      vertex 21.355 -17.7214 2.4
      vertex 21.3937 -17.715 3
      vertex 21.355 -17.7214 3
    endloop
  endfacet
  facet normal 0.163159 -0.9866 0
    outer loop
      vertex 21.3937 -17.715 3
      vertex 21.355 -17.7214 2.4
      vertex 21.3937 -17.715 2.4
    endloop
  endfacet
  facet normal 0.126338 -0.991987 0
    outer loop
      vertex 21.3126 -17.7268 2.4
      vertex 21.355 -17.7214 3
      vertex 21.3126 -17.7268 3
    endloop
  endfacet
  facet normal 0.126338 -0.991987 0
    outer loop
      vertex 21.355 -17.7214 3
      vertex 21.3126 -17.7268 2.4
      vertex 21.355 -17.7214 2.4
    endloop
  endfacet
  facet normal 0.0946062 -0.995515 0
    outer loop
      vertex 21.2663 -17.7312 2.4
      vertex 21.3126 -17.7268 3
      vertex 21.2663 -17.7312 3
    endloop
  endfacet
  facet normal 0.0946062 -0.995515 0
    outer loop
      vertex 21.3126 -17.7268 3
      vertex 21.2663 -17.7312 2.4
      vertex 21.3126 -17.7268 2.4
    endloop
  endfacet
  facet normal 0.0726422 -0.997358 0
    outer loop
      vertex 21.2155 -17.7349 2.4
      vertex 21.2663 -17.7312 3
      vertex 21.2155 -17.7349 3
    endloop
  endfacet
  facet normal 0.0726422 -0.997358 0
    outer loop
      vertex 21.2663 -17.7312 3
      vertex 21.2155 -17.7349 2.4
      vertex 21.2663 -17.7312 2.4
    endloop
  endfacet
  facet normal 0.0520875 -0.998643 0
    outer loop
      vertex 21.1599 -17.7378 2.4
      vertex 21.2155 -17.7349 3
      vertex 21.1599 -17.7378 3
    endloop
  endfacet
  facet normal 0.0520875 -0.998643 0
    outer loop
      vertex 21.2155 -17.7349 3
      vertex 21.1599 -17.7378 2.4
      vertex 21.2155 -17.7349 2.4
    endloop
  endfacet
  facet normal 0.0345189 -0.999404 0
    outer loop
      vertex 21.0991 -17.7399 2.4
      vertex 21.1599 -17.7378 3
      vertex 21.0991 -17.7399 3
    endloop
  endfacet
  facet normal 0.0345189 -0.999404 0
    outer loop
      vertex 21.1599 -17.7378 3
      vertex 21.0991 -17.7399 2.4
      vertex 21.1599 -17.7378 2.4
    endloop
  endfacet
  facet normal 0.0210797 -0.999778 0
    outer loop
      vertex 21.0327 -17.7413 2.4
      vertex 21.0991 -17.7399 3
      vertex 21.0327 -17.7413 3
    endloop
  endfacet
  facet normal 0.0210797 -0.999778 0
    outer loop
      vertex 21.0991 -17.7399 3
      vertex 21.0327 -17.7413 2.4
      vertex 21.0991 -17.7399 2.4
    endloop
  endfacet
  facet normal 1 -0 0
    outer loop
      vertex 21.0327 -18.0497 3
      vertex 21.0327 -17.7413 2.4
      vertex 21.0327 -17.7413 3
    endloop
  endfacet
  facet normal 1 0 0
    outer loop
      vertex 21.0327 -17.7413 2.4
      vertex 21.0327 -18.0497 3
      vertex 21.0327 -18.0497 2.4
    endloop
  endfacet
  facet normal 0 1 -0
    outer loop
      vertex 21.2327 -18.0497 2.4
      vertex 21.0327 -18.0497 3
      vertex 21.2327 -18.0497 3
    endloop
  endfacet
  facet normal 0 1 0
    outer loop
      vertex 21.0327 -18.0497 3
      vertex 21.2327 -18.0497 2.4
      vertex 21.0327 -18.0497 2.4
    endloop
  endfacet
  facet normal 0.0440186 0.999031 -0
    outer loop
      vertex 21.3371 -18.0543 2.4
      vertex 21.2327 -18.0497 3
      vertex 21.3371 -18.0543 3
    endloop
  endfacet
  facet normal 0.0440186 0.999031 0
    outer loop
      vertex 21.2327 -18.0497 3
      vertex 21.3371 -18.0543 2.4
      vertex 21.2327 -18.0497 2.4
    endloop
  endfacet
  facet normal 0.144625 0.989487 -0
    outer loop
      vertex 21.4322 -18.0682 2.4
      vertex 21.3371 -18.0543 3
      vertex 21.4322 -18.0682 3
    endloop
  endfacet
  facet normal 0.144625 0.989487 0
    outer loop
      vertex 21.3371 -18.0543 3
      vertex 21.4322 -18.0682 2.4
      vertex 21.3371 -18.0543 2.4
    endloop
  endfacet
  facet normal 0.261108 0.96531 -0
    outer loop
      vertex 21.5176 -18.0913 2.4
      vertex 21.4322 -18.0682 3
      vertex 21.5176 -18.0913 3
    endloop
  endfacet
  facet normal 0.261108 0.96531 0
    outer loop
      vertex 21.4322 -18.0682 3
      vertex 21.5176 -18.0913 2.4
      vertex 21.4322 -18.0682 2.4
    endloop
  endfacet
  facet normal 0.39055 0.920582 -0
    outer loop
      vertex 21.5935 -18.1235 2.4
      vertex 21.5176 -18.0913 3
      vertex 21.5935 -18.1235 3
    endloop
  endfacet
  facet normal 0.39055 0.920582 0
    outer loop
      vertex 21.5176 -18.0913 3
      vertex 21.5935 -18.1235 2.4
      vertex 21.5176 -18.0913 2.4
    endloop
  endfacet
  facet normal 0.52896 0.848647 -0
    outer loop
      vertex 21.6596 -18.1647 2.4
      vertex 21.5935 -18.1235 3
      vertex 21.6596 -18.1647 3
    endloop
  endfacet
  facet normal 0.52896 0.848647 0
    outer loop
      vertex 21.5935 -18.1235 3
      vertex 21.6596 -18.1647 2.4
      vertex 21.5935 -18.1235 2.4
    endloop
  endfacet
  facet normal 0.666253 0.745726 -0
    outer loop
      vertex 21.7159 -18.215 2.4
      vertex 21.6596 -18.1647 3
      vertex 21.7159 -18.215 3
    endloop
  endfacet
  facet normal 0.666253 0.745726 0
    outer loop
      vertex 21.6596 -18.1647 3
      vertex 21.7159 -18.215 2.4
      vertex 21.6596 -18.1647 2.4
    endloop
  endfacet
  facet normal 0.788347 0.61523 0
    outer loop
      vertex 21.7621 -18.2742 3
      vertex 21.7159 -18.215 2.4
      vertex 21.7159 -18.215 3
    endloop
  endfacet
  facet normal 0.788347 0.61523 0
    outer loop
      vertex 21.7159 -18.215 2.4
      vertex 21.7621 -18.2742 3
      vertex 21.7621 -18.2742 2.4
    endloop
  endfacet
  facet normal 0.883283 0.46884 0
    outer loop
      vertex 21.7983 -18.3424 3
      vertex 21.7621 -18.2742 2.4
      vertex 21.7621 -18.2742 3
    endloop
  endfacet
  facet normal 0.883283 0.46884 0
    outer loop
      vertex 21.7621 -18.2742 2.4
      vertex 21.7983 -18.3424 3
      vertex 21.7983 -18.3424 2.4
    endloop
  endfacet
  facet normal 0.947446 0.319917 0
    outer loop
      vertex 21.8243 -18.4194 3
      vertex 21.7983 -18.3424 2.4
      vertex 21.7983 -18.3424 3
    endloop
  endfacet
  facet normal 0.947446 0.319917 0
    outer loop
      vertex 21.7983 -18.3424 2.4
      vertex 21.8243 -18.4194 3
      vertex 21.8243 -18.4194 2.4
    endloop
  endfacet
  facet normal 0.983668 0.179995 0
    outer loop
      vertex 21.84 -18.5052 3
      vertex 21.8243 -18.4194 2.4
      vertex 21.8243 -18.4194 3
    endloop
  endfacet
  facet normal 0.983668 0.179995 0
    outer loop
      vertex 21.8243 -18.4194 2.4
      vertex 21.84 -18.5052 3
      vertex 21.84 -18.5052 2.4
    endloop
  endfacet
  facet normal 0.998489 0.0549433 0
    outer loop
      vertex 21.8452 -18.5997 3
      vertex 21.84 -18.5052 2.4
      vertex 21.84 -18.5052 3
    endloop
  endfacet
  facet normal 0.998489 0.0549433 0
    outer loop
      vertex 21.84 -18.5052 2.4
      vertex 21.8452 -18.5997 3
      vertex 21.8452 -18.5997 2.4
    endloop
  endfacet
  facet normal 0.998423 -0.0561362 0
    outer loop
      vertex 21.8396 -18.6993 3
      vertex 21.8452 -18.5997 2.4
      vertex 21.8452 -18.5997 3
    endloop
  endfacet
  facet normal 0.998423 -0.0561362 0
    outer loop
      vertex 21.8452 -18.5997 2.4
      vertex 21.8396 -18.6993 3
      vertex 21.8396 -18.6993 2.4
    endloop
  endfacet
  facet normal 0.984041 -0.177942 0
    outer loop
      vertex 21.823 -18.7911 3
      vertex 21.8396 -18.6993 2.4
      vertex 21.8396 -18.6993 3
    endloop
  endfacet
  facet normal 0.984041 -0.177942 0
    outer loop
      vertex 21.8396 -18.6993 2.4
      vertex 21.823 -18.7911 3
      vertex 21.823 -18.7911 2.4
    endloop
  endfacet
  facet normal 0.950708 -0.310088 0
    outer loop
      vertex 21.7957 -18.8748 3
      vertex 21.823 -18.7911 2.4
      vertex 21.823 -18.7911 3
    endloop
  endfacet
  facet normal 0.950708 -0.310088 0
    outer loop
      vertex 21.823 -18.7911 2.4
      vertex 21.7957 -18.8748 3
      vertex 21.7957 -18.8748 2.4
    endloop
  endfacet
  facet normal 0.894427 -0.447214 0
    outer loop
      vertex 21.7581 -18.95 3
      vertex 21.7957 -18.8748 2.4
      vertex 21.7957 -18.8748 3
    endloop
  endfacet
  facet normal 0.894427 -0.447214 0
    outer loop
      vertex 21.7957 -18.8748 2.4
      vertex 21.7581 -18.95 3
      vertex 21.7581 -18.95 2.4
    endloop
  endfacet
  facet normal 0.812904 -0.582397 0
    outer loop
      vertex 21.7106 -19.0163 3
      vertex 21.7581 -18.95 2.4
      vertex 21.7581 -18.95 3
    endloop
  endfacet
  facet normal 0.812904 -0.582397 0
    outer loop
      vertex 21.7581 -18.95 2.4
      vertex 21.7106 -19.0163 3
      vertex 21.7106 -19.0163 2.4
    endloop
  endfacet
  facet normal 0.707107 -0.707107 0
    outer loop
      vertex 21.6535 -19.0734 3
      vertex 21.7106 -19.0163 2.4
      vertex 21.7106 -19.0163 3
    endloop
  endfacet
  facet normal 0.707107 -0.707107 0
    outer loop
      vertex 21.7106 -19.0163 2.4
      vertex 21.6535 -19.0734 3
      vertex 21.6535 -19.0734 2.4
    endloop
  endfacet
  facet normal 0.582397 -0.812904 0
    outer loop
      vertex 21.5872 -19.1209 2.4
      vertex 21.6535 -19.0734 3
      vertex 21.5872 -19.1209 3
    endloop
  endfacet
  facet normal 0.582397 -0.812904 0
    outer loop
      vertex 21.6535 -19.0734 3
      vertex 21.5872 -19.1209 2.4
      vertex 21.6535 -19.0734 2.4
    endloop
  endfacet
  facet normal 0.447214 -0.894427 0
    outer loop
      vertex 21.512 -19.1585 2.4
      vertex 21.5872 -19.1209 3
      vertex 21.512 -19.1585 3
    endloop
  endfacet
  facet normal 0.447214 -0.894427 0
    outer loop
      vertex 21.5872 -19.1209 3
      vertex 21.512 -19.1585 2.4
      vertex 21.5872 -19.1209 2.4
    endloop
  endfacet
  facet normal 0.310423 -0.950599 0
    outer loop
      vertex 21.4284 -19.1858 2.4
      vertex 21.512 -19.1585 3
      vertex 21.4284 -19.1858 3
    endloop
  endfacet
  facet normal 0.310423 -0.950599 0
    outer loop
      vertex 21.512 -19.1585 3
      vertex 21.4284 -19.1858 2.4
      vertex 21.512 -19.1585 2.4
    endloop
  endfacet
  facet normal 0.177755 -0.984075 0
    outer loop
      vertex 21.3365 -19.2024 2.4
      vertex 21.4284 -19.1858 3
      vertex 21.3365 -19.2024 3
    endloop
  endfacet
  facet normal 0.177755 -0.984075 0
    outer loop
      vertex 21.4284 -19.1858 3
      vertex 21.3365 -19.2024 2.4
      vertex 21.4284 -19.1858 2.4
    endloop
  endfacet
  facet normal 0.0561362 -0.998423 0
    outer loop
      vertex 21.2369 -19.208 2.4
      vertex 21.3365 -19.2024 3
      vertex 21.2369 -19.208 3
    endloop
  endfacet
  facet normal 0.0561362 -0.998423 0
    outer loop
      vertex 21.3365 -19.2024 3
      vertex 21.2369 -19.208 2.4
      vertex 21.3365 -19.2024 2.4
    endloop
  endfacet
  facet normal -0.0484682 -0.998825 0
    outer loop
      vertex 21.1318 -19.2029 2.4
      vertex 21.2369 -19.208 3
      vertex 21.1318 -19.2029 3
    endloop
  endfacet
  facet normal -0.0484682 -0.998825 -0
    outer loop
      vertex 21.2369 -19.208 3
      vertex 21.1318 -19.2029 2.4
      vertex 21.2369 -19.208 2.4
    endloop
  endfacet
  facet normal -0.159167 -0.987252 0
    outer loop
      vertex 21.0369 -19.1876 2.4
      vertex 21.1318 -19.2029 3
      vertex 21.0369 -19.1876 3
    endloop
  endfacet
  facet normal -0.159167 -0.987252 -0
    outer loop
      vertex 21.1318 -19.2029 3
      vertex 21.0369 -19.1876 2.4
      vertex 21.1318 -19.2029 2.4
    endloop
  endfacet
  facet normal -0.290445 -0.956892 0
    outer loop
      vertex 20.9519 -19.1618 2.4
      vertex 21.0369 -19.1876 3
      vertex 20.9519 -19.1618 3
    endloop
  endfacet
  facet normal -0.290445 -0.956892 -0
    outer loop
      vertex 21.0369 -19.1876 3
      vertex 20.9519 -19.1618 2.4
      vertex 21.0369 -19.1876 2.4
    endloop
  endfacet
  facet normal -0.436156 -0.899871 0
    outer loop
      vertex 20.8768 -19.1254 2.4
      vertex 20.9519 -19.1618 3
      vertex 20.8768 -19.1254 3
    endloop
  endfacet
  facet normal -0.436156 -0.899871 -0
    outer loop
      vertex 20.9519 -19.1618 3
      vertex 20.8768 -19.1254 2.4
      vertex 20.9519 -19.1618 2.4
    endloop
  endfacet
  facet normal -0.584403 -0.811464 0
    outer loop
      vertex 20.8114 -19.0783 2.4
      vertex 20.8768 -19.1254 3
      vertex 20.8114 -19.0783 3
    endloop
  endfacet
  facet normal -0.584403 -0.811464 -0
    outer loop
      vertex 20.8768 -19.1254 3
      vertex 20.8114 -19.0783 2.4
      vertex 20.8768 -19.1254 2.4
    endloop
  endfacet
  facet normal -0.718802 -0.695215 0
    outer loop
      vertex 20.8114 -19.0783 2.4
      vertex 20.7554 -19.0204 3
      vertex 20.7554 -19.0204 2.4
    endloop
  endfacet
  facet normal -0.718802 -0.695215 0
    outer loop
      vertex 20.7554 -19.0204 3
      vertex 20.8114 -19.0783 2.4
      vertex 20.8114 -19.0783 3
    endloop
  endfacet
  facet normal -0.828152 -0.560503 0
    outer loop
      vertex 20.7554 -19.0204 2.4
      vertex 20.7087 -18.9514 3
      vertex 20.7087 -18.9514 2.4
    endloop
  endfacet
  facet normal -0.828152 -0.560503 0
    outer loop
      vertex 20.7087 -18.9514 3
      vertex 20.7554 -19.0204 2.4
      vertex 20.7554 -19.0204 3
    endloop
  endfacet
  facet normal -0.905865 -0.423566 0
    outer loop
      vertex 20.7087 -18.9514 2.4
      vertex 20.6712 -18.8712 3
      vertex 20.6712 -18.8712 2.4
    endloop
  endfacet
  facet normal -0.905865 -0.423566 0
    outer loop
      vertex 20.6712 -18.8712 3
      vertex 20.7087 -18.9514 2.4
      vertex 20.7087 -18.9514 3
    endloop
  endfacet
  facet normal -0.954758 -0.297384 0
    outer loop
      vertex 20.6712 -18.8712 2.4
      vertex 20.6427 -18.7797 3
      vertex 20.6427 -18.7797 2.4
    endloop
  endfacet
  facet normal -0.954758 -0.297384 0
    outer loop
      vertex 20.6427 -18.7797 3
      vertex 20.6712 -18.8712 2.4
      vertex 20.6712 -18.8712 3
    endloop
  endfacet
  facet normal -0.982163 -0.188033 0
    outer loop
      vertex 20.6427 -18.7797 2.4
      vertex 20.623 -18.6768 3
      vertex 20.623 -18.6768 2.4
    endloop
  endfacet
  facet normal -0.982163 -0.188033 0
    outer loop
      vertex 20.623 -18.6768 3
      vertex 20.6427 -18.7797 2.4
      vertex 20.6427 -18.7797 3
    endloop
  endfacet
  facet normal -0.995342 -0.0964075 0
    outer loop
      vertex 20.623 -18.6768 2.4
      vertex 20.6119 -18.5622 3
      vertex 20.6119 -18.5622 2.4
    endloop
  endfacet
  facet normal -0.995342 -0.0964075 0
    outer loop
      vertex 20.6119 -18.5622 3
      vertex 20.623 -18.6768 2.4
      vertex 20.623 -18.6768 3
    endloop
  endfacet
  facet normal 0 -1 0
    outer loop
      vertex 20.2452 -18.5622 2.4
      vertex 20.6119 -18.5622 3
      vertex 20.2452 -18.5622 3
    endloop
  endfacet
  facet normal 0 -1 -0
    outer loop
      vertex 20.6119 -18.5622 3
      vertex 20.2452 -18.5622 2.4
      vertex 20.6119 -18.5622 2.4
    endloop
  endfacet
  facet normal 0.996705 0.081109 0
    outer loop
      vertex 20.2504 -18.6261 3
      vertex 20.2452 -18.5622 2.4
      vertex 20.2452 -18.5622 3
    endloop
  endfacet
  facet normal 0.996705 0.081109 0
    outer loop
      vertex 20.2452 -18.5622 2.4
      vertex 20.2504 -18.6261 3
      vertex 20.2504 -18.6261 2.4
    endloop
  endfacet
  facet normal 0.994359 0.106065 0
    outer loop
      vertex 20.2568 -18.6861 3
      vertex 20.2504 -18.6261 2.4
      vertex 20.2504 -18.6261 3
    endloop
  endfacet
  facet normal 0.994359 0.106065 0
    outer loop
      vertex 20.2504 -18.6261 2.4
      vertex 20.2568 -18.6861 3
      vertex 20.2568 -18.6861 2.4
    endloop
  endfacet
  facet normal 0.990809 0.13527 0
    outer loop
      vertex 20.2645 -18.7425 3
      vertex 20.2568 -18.6861 2.4
      vertex 20.2568 -18.6861 3
    endloop
  endfacet
  facet normal 0.990809 0.13527 0
    outer loop
      vertex 20.2568 -18.6861 2.4
      vertex 20.2645 -18.7425 3
      vertex 20.2645 -18.7425 2.4
    endloop
  endfacet
  facet normal 0.985939 0.167108 0
    outer loop
      vertex 20.2735 -18.7956 3
      vertex 20.2645 -18.7425 2.4
      vertex 20.2645 -18.7425 3
    endloop
  endfacet
  facet normal 0.985939 0.167108 0
    outer loop
      vertex 20.2645 -18.7425 2.4
      vertex 20.2735 -18.7956 3
      vertex 20.2735 -18.7956 2.4
    endloop
  endfacet
  facet normal 0.979434 0.201763 0
    outer loop
      vertex 20.2838 -18.8456 3
      vertex 20.2735 -18.7956 2.4
      vertex 20.2735 -18.7956 3
    endloop
  endfacet
  facet normal 0.979434 0.201763 0
    outer loop
      vertex 20.2735 -18.7956 2.4
      vertex 20.2838 -18.8456 3
      vertex 20.2838 -18.8456 2.4
    endloop
  endfacet
  facet normal 0.970505 0.241081 0
    outer loop
      vertex 20.2955 -18.8927 3
      vertex 20.2838 -18.8456 2.4
      vertex 20.2838 -18.8456 3
    endloop
  endfacet
  facet normal 0.970505 0.241081 0
    outer loop
      vertex 20.2838 -18.8456 2.4
      vertex 20.2955 -18.8927 3
      vertex 20.2955 -18.8927 2.4
    endloop
  endfacet
  facet normal 0.960048 0.279835 0
    outer loop
      vertex 20.3085 -18.9373 3
      vertex 20.2955 -18.8927 2.4
      vertex 20.2955 -18.8927 3
    endloop
  endfacet
  facet normal 0.960048 0.279835 0
    outer loop
      vertex 20.2955 -18.8927 2.4
      vertex 20.3085 -18.9373 3
      vertex 20.3085 -18.9373 2.4
    endloop
  endfacet
  facet normal 0.946882 0.321582 0
    outer loop
      vertex 20.3229 -18.9797 3
      vertex 20.3085 -18.9373 2.4
      vertex 20.3085 -18.9373 3
    endloop
  endfacet
  facet normal 0.946882 0.321582 0
    outer loop
      vertex 20.3085 -18.9373 2.4
      vertex 20.3229 -18.9797 3
      vertex 20.3229 -18.9797 2.4
    endloop
  endfacet
  facet normal 0.931788 0.363004 0
    outer loop
      vertex 20.3386 -19.02 3
      vertex 20.3229 -18.9797 2.4
      vertex 20.3229 -18.9797 3
    endloop
  endfacet
  facet normal 0.931788 0.363004 0
    outer loop
      vertex 20.3229 -18.9797 2.4
      vertex 20.3386 -19.02 3
      vertex 20.3386 -19.02 2.4
    endloop
  endfacet
  facet normal 0.913028 0.407898 0
    outer loop
      vertex 20.3558 -19.0585 3
      vertex 20.3386 -19.02 2.4
      vertex 20.3386 -19.02 3
    endloop
  endfacet
  facet normal 0.913028 0.407898 0
    outer loop
      vertex 20.3386 -19.02 2.4
      vertex 20.3558 -19.0585 3
      vertex 20.3558 -19.0585 2.4
    endloop
  endfacet
  facet normal 0.893459 0.449144 0
    outer loop
      vertex 20.3744 -19.0955 3
      vertex 20.3558 -19.0585 2.4
      vertex 20.3558 -19.0585 3
    endloop
  endfacet
  facet normal 0.893459 0.449144 0
    outer loop
      vertex 20.3558 -19.0585 2.4
      vertex 20.3744 -19.0955 3
      vertex 20.3744 -19.0955 2.4
    endloop
  endfacet
  facet normal 0.858688 0.512498 0
    outer loop
      vertex 20.4197 -19.1714 3
      vertex 20.3744 -19.0955 2.4
      vertex 20.3744 -19.0955 3
    endloop
  endfacet
  facet normal 0.858688 0.512498 0
    outer loop
      vertex 20.3744 -19.0955 2.4
      vertex 20.4197 -19.1714 3
      vertex 20.4197 -19.1714 2.4
    endloop
  endfacet
  facet normal 0.797905 0.602784 0
    outer loop
      vertex 20.4716 -19.2401 3
      vertex 20.4197 -19.1714 2.4
      vertex 20.4197 -19.1714 3
    endloop
  endfacet
  facet normal 0.797905 0.602784 0
    outer loop
      vertex 20.4197 -19.1714 2.4
      vertex 20.4716 -19.2401 3
      vertex 20.4716 -19.2401 2.4
    endloop
  endfacet
  facet normal 0.725736 0.687974 0
    outer loop
      vertex 20.5299 -19.3016 3
      vertex 20.4716 -19.2401 2.4
      vertex 20.4716 -19.2401 3
    endloop
  endfacet
  facet normal 0.725736 0.687974 0
    outer loop
      vertex 20.4716 -19.2401 2.4
      vertex 20.5299 -19.3016 3
      vertex 20.5299 -19.3016 2.4
    endloop
  endfacet
  facet normal 0.641581 0.767056 -0
    outer loop
      vertex 20.5947 -19.3558 2.4
      vertex 20.5299 -19.3016 3
      vertex 20.5947 -19.3558 3
    endloop
  endfacet
  facet normal 0.641581 0.767056 0
    outer loop
      vertex 20.5299 -19.3016 3
      vertex 20.5947 -19.3558 2.4
      vertex 20.5299 -19.3016 2.4
    endloop
  endfacet
  facet normal 0.551987 0.833853 -0
    outer loop
      vertex 20.6657 -19.4028 2.4
      vertex 20.5947 -19.3558 3
      vertex 20.6657 -19.4028 3
    endloop
  endfacet
  facet normal 0.551987 0.833853 0
    outer loop
      vertex 20.5947 -19.3558 3
      vertex 20.6657 -19.4028 2.4
      vertex 20.5947 -19.3558 2.4
    endloop
  endfacet
  facet normal 0.457764 0.889074 -0
    outer loop
      vertex 20.743 -19.4426 2.4
      vertex 20.6657 -19.4028 3
      vertex 20.743 -19.4426 3
    endloop
  endfacet
  facet normal 0.457764 0.889074 0
    outer loop
      vertex 20.6657 -19.4028 3
      vertex 20.743 -19.4426 2.4
      vertex 20.6657 -19.4028 2.4
    endloop
  endfacet
  facet normal 0.363093 0.931753 -0
    outer loop
      vertex 20.8264 -19.4751 2.4
      vertex 20.743 -19.4426 3
      vertex 20.8264 -19.4751 3
    endloop
  endfacet
  facet normal 0.363093 0.931753 0
    outer loop
      vertex 20.743 -19.4426 3
      vertex 20.8264 -19.4751 2.4
      vertex 20.743 -19.4426 2.4
    endloop
  endfacet
  facet normal 0.273017 0.962009 -0
    outer loop
      vertex 20.9159 -19.5005 2.4
      vertex 20.8264 -19.4751 3
      vertex 20.9159 -19.5005 3
    endloop
  endfacet
  facet normal 0.273017 0.962009 0
    outer loop
      vertex 20.8264 -19.4751 3
      vertex 20.9159 -19.5005 2.4
      vertex 20.8264 -19.4751 2.4
    endloop
  endfacet
  facet normal 0.18522 0.982697 -0
    outer loop
      vertex 21.0114 -19.5185 2.4
      vertex 20.9159 -19.5005 3
      vertex 21.0114 -19.5185 3
    endloop
  endfacet
  facet normal 0.18522 0.982697 0
    outer loop
      vertex 20.9159 -19.5005 3
      vertex 21.0114 -19.5185 2.4
      vertex 20.9159 -19.5005 2.4
    endloop
  endfacet
  facet normal 0.106775 0.994283 -0
    outer loop
      vertex 21.1129 -19.5294 2.4
      vertex 21.0114 -19.5185 3
      vertex 21.1129 -19.5294 3
    endloop
  endfacet
  facet normal 0.106775 0.994283 0
    outer loop
      vertex 21.0114 -19.5185 3
      vertex 21.1129 -19.5294 2.4
      vertex 21.0114 -19.5185 2.4
    endloop
  endfacet
  facet normal 0.0335319 0.999438 -0
    outer loop
      vertex 21.2202 -19.533 2.4
      vertex 21.1129 -19.5294 3
      vertex 21.2202 -19.533 3
    endloop
  endfacet
  facet normal 0.0335319 0.999438 0
    outer loop
      vertex 21.1129 -19.5294 3
      vertex 21.2202 -19.533 2.4
      vertex 21.1129 -19.5294 2.4
    endloop
  endfacet
  facet normal -0.0560216 0.99843 0
    outer loop
      vertex 21.3806 -19.524 2.4
      vertex 21.2202 -19.533 3
      vertex 21.3806 -19.524 3
    endloop
  endfacet
  facet normal -0.0560216 0.99843 0
    outer loop
      vertex 21.2202 -19.533 3
      vertex 21.3806 -19.524 2.4
      vertex 21.2202 -19.533 2.4
    endloop
  endfacet
  facet normal -0.993071 -0.117516 0
    outer loop
      vertex 70.9661 0.86305 0
      vertex 70.8646 1.72078 2.2
      vertex 70.8646 1.72078 0
    endloop
  endfacet
  facet normal -0.993071 -0.117516 0
    outer loop
      vertex 70.8646 1.72078 2.2
      vertex 70.9661 0.86305 0
      vertex 70.9661 0.86305 2.2
    endloop
  endfacet
  facet normal -0.999229 -0.039249 0
    outer loop
      vertex 71 0 0
      vertex 70.9661 0.86305 2.2
      vertex 70.9661 0.86305 0
    endloop
  endfacet
  facet normal -0.999229 -0.039249 0
    outer loop
      vertex 70.9661 0.86305 2.2
      vertex 71 0 0
      vertex 71 0 2.2
    endloop
  endfacet
  facet normal -0.980786 -0.195087 0
    outer loop
      vertex 70.8646 1.72078 0
      vertex 70.6961 2.5679 2.2
      vertex 70.6961 2.5679 0
    endloop
  endfacet
  facet normal -0.980786 -0.195087 0
    outer loop
      vertex 70.6961 2.5679 2.2
      vertex 70.8646 1.72078 0
      vertex 70.8646 1.72078 2.2
    endloop
  endfacet
  facet normal 0.117506 0.993072 -0
    outer loop
      vertex 59.137 -10.9661 0
      vertex 58.2792 -10.8646 2.2
      vertex 59.137 -10.9661 2.2
    endloop
  endfacet
  facet normal 0.117506 0.993072 0
    outer loop
      vertex 58.2792 -10.8646 2.2
      vertex 59.137 -10.9661 0
      vertex 58.2792 -10.8646 0
    endloop
  endfacet
  facet normal -0.999229 0.039249 0
    outer loop
      vertex 70.9661 -0.86305 0
      vertex 71 0 2.2
      vertex 71 0 0
    endloop
  endfacet
  facet normal -0.999229 0.039249 0
    outer loop
      vertex 71 0 2.2
      vertex 70.9661 -0.86305 0
      vertex 70.9661 -0.86305 2.2
    endloop
  endfacet
  facet normal 0.908143 0.41866 0
    outer loop
      vertex 50.1989 -4.99389 2.2
      vertex 49.8373 -4.20952 0
      vertex 49.8373 -4.20952 2.2
    endloop
  endfacet
  facet normal 0.908143 0.41866 0
    outer loop
      vertex 49.8373 -4.20952 0
      vertex 50.1989 -4.99389 2.2
      vertex 50.1989 -4.99389 0
    endloop
  endfacet
  facet normal 0.96244 -0.271496 0
    outer loop
      vertex 49.3039 2.5679 2.2
      vertex 49.5384 3.39919 0
      vertex 49.5384 3.39919 2.2
    endloop
  endfacet
  facet normal 0.96244 -0.271496 0
    outer loop
      vertex 49.5384 3.39919 0
      vertex 49.3039 2.5679 2.2
      vertex 49.3039 2.5679 0
    endloop
  endfacet
  facet normal 0.117506 -0.993072 0
    outer loop
      vertex 58.2792 10.8646 0
      vertex 59.137 10.9661 2.2
      vertex 58.2792 10.8646 2.2
    endloop
  endfacet
  facet normal 0.117506 -0.993072 0
    outer loop
      vertex 59.137 10.9661 2.2
      vertex 58.2792 10.8646 0
      vertex 59.137 10.9661 0
    endloop
  endfacet
  facet normal 0.271493 -0.96244 0
    outer loop
      vertex 56.6008 10.4616 0
      vertex 57.4321 10.6961 2.2
      vertex 56.6008 10.4616 2.2
    endloop
  endfacet
  facet normal 0.271493 -0.96244 0
    outer loop
      vertex 57.4321 10.6961 2.2
      vertex 56.6008 10.4616 0
      vertex 57.4321 10.6961 0
    endloop
  endfacet
  facet normal -0.195092 0.980785 0
    outer loop
      vertex 62.5679 -10.6961 0
      vertex 61.7208 -10.8646 2.2
      vertex 62.5679 -10.6961 2.2
    endloop
  endfacet
  facet normal -0.195092 0.980785 0
    outer loop
      vertex 61.7208 -10.8646 2.2
      vertex 62.5679 -10.6961 0
      vertex 61.7208 -10.8646 0
    endloop
  endfacet
  facet normal -0.346081 -0.938205 0
    outer loop
      vertex 63.3992 10.4616 0
      vertex 64.2095 10.1627 2.2
      vertex 63.3992 10.4616 2.2
    endloop
  endfacet
  facet normal -0.346081 -0.938205 -0
    outer loop
      vertex 64.2095 10.1627 2.2
      vertex 63.3992 10.4616 0
      vertex 64.2095 10.1627 0
    endloop
  endfacet
  facet normal 0.678769 -0.734352 0
    outer loop
      vertex 52.2218 7.77817 0
      vertex 52.8561 8.36446 2.2
      vertex 52.2218 7.77817 2.2
    endloop
  endfacet
  facet normal 0.678769 -0.734352 0
    outer loop
      vertex 52.8561 8.36446 2.2
      vertex 52.2218 7.77817 0
      vertex 52.8561 8.36446 0
    endloop
  endfacet
  facet normal 0.488616 0.872499 -0
    outer loop
      vertex 55.0061 -9.80107 0
      vertex 54.2525 -9.37904 2.2
      vertex 55.0061 -9.80107 2.2
    endloop
  endfacet
  facet normal 0.488616 0.872499 0
    outer loop
      vertex 54.2525 -9.37904 2.2
      vertex 55.0061 -9.80107 0
      vertex 54.2525 -9.37904 0
    endloop
  endfacet
  facet normal -0.488616 0.872499 0
    outer loop
      vertex 65.7475 -9.37904 0
      vertex 64.9939 -9.80107 2.2
      vertex 65.7475 -9.37904 2.2
    endloop
  endfacet
  facet normal -0.488616 0.872499 0
    outer loop
      vertex 64.9939 -9.80107 2.2
      vertex 65.7475 -9.37904 0
      vertex 64.9939 -9.80107 0
    endloop
  endfacet
  facet normal 0.980786 -0.195087 0
    outer loop
      vertex 49.1354 1.72078 2.2
      vertex 49.3039 2.5679 0
      vertex 49.3039 2.5679 2.2
    endloop
  endfacet
  facet normal 0.980786 -0.195087 0
    outer loop
      vertex 49.3039 2.5679 0
      vertex 49.1354 1.72078 2.2
      vertex 49.1354 1.72078 0
    endloop
  endfacet
  facet normal 0.346081 -0.938205 0
    outer loop
      vertex 55.7905 10.1627 0
      vertex 56.6008 10.4616 2.2
      vertex 55.7905 10.1627 2.2
    endloop
  endfacet
  facet normal 0.346081 -0.938205 0
    outer loop
      vertex 56.6008 10.4616 2.2
      vertex 55.7905 10.1627 0
      vertex 56.6008 10.4616 0
    endloop
  endfacet
  facet normal -0.734314 0.67881 0
    outer loop
      vertex 67.7782 -7.77817 0
      vertex 68.3645 -7.14393 2.2
      vertex 68.3645 -7.14393 0
    endloop
  endfacet
  facet normal -0.734314 0.67881 0
    outer loop
      vertex 68.3645 -7.14393 2.2
      vertex 67.7782 -7.77817 0
      vertex 67.7782 -7.77817 2.2
    endloop
  endfacet
  facet normal -0.96244 0.271496 0
    outer loop
      vertex 70.4616 -3.39919 0
      vertex 70.6961 -2.5679 2.2
      vertex 70.6961 -2.5679 0
    endloop
  endfacet
  facet normal -0.96244 0.271496 0
    outer loop
      vertex 70.6961 -2.5679 2.2
      vertex 70.4616 -3.39919 0
      vertex 70.4616 -3.39919 2.2
    endloop
  endfacet
  facet normal -0.993071 0.117516 0
    outer loop
      vertex 70.8646 -1.72078 0
      vertex 70.9661 -0.86305 2.2
      vertex 70.9661 -0.86305 0
    endloop
  endfacet
  facet normal -0.993071 0.117516 0
    outer loop
      vertex 70.9661 -0.86305 2.2
      vertex 70.8646 -1.72078 0
      vertex 70.8646 -1.72078 2.2
    endloop
  endfacet
  facet normal 0.96244 0.271496 0
    outer loop
      vertex 49.5384 -3.39919 2.2
      vertex 49.3039 -2.5679 0
      vertex 49.3039 -2.5679 2.2
    endloop
  endfacet
  facet normal 0.96244 0.271496 0
    outer loop
      vertex 49.3039 -2.5679 0
      vertex 49.5384 -3.39919 2.2
      vertex 49.5384 -3.39919 0
    endloop
  endfacet
  facet normal 0.555595 0.831453 -0
    outer loop
      vertex 54.2525 -9.37904 0
      vertex 53.5344 -8.89919 2.2
      vertex 54.2525 -9.37904 2.2
    endloop
  endfacet
  facet normal 0.555595 0.831453 0
    outer loop
      vertex 53.5344 -8.89919 2.2
      vertex 54.2525 -9.37904 0
      vertex 53.5344 -8.89919 0
    endloop
  endfacet
  facet normal 0.734314 0.67881 0
    outer loop
      vertex 52.2218 -7.77817 2.2
      vertex 51.6355 -7.14393 0
      vertex 51.6355 -7.14393 2.2
    endloop
  endfacet
  facet normal 0.734314 0.67881 0
    outer loop
      vertex 51.6355 -7.14393 0
      vertex 52.2218 -7.77817 2.2
      vertex 52.2218 -7.77817 0
    endloop
  endfacet
  facet normal 0.831501 -0.555523 0
    outer loop
      vertex 50.621 5.74748 2.2
      vertex 51.1008 6.46564 0
      vertex 51.1008 6.46564 2.2
    endloop
  endfacet
  facet normal 0.831501 -0.555523 0
    outer loop
      vertex 51.1008 6.46564 0
      vertex 50.621 5.74748 2.2
      vertex 50.621 5.74748 0
    endloop
  endfacet
  facet normal -0.0392513 0.999229 0
    outer loop
      vertex 60.863 -10.9661 0
      vertex 60 -11 2.2
      vertex 60.863 -10.9661 2.2
    endloop
  endfacet
  facet normal -0.0392513 0.999229 0
    outer loop
      vertex 60 -11 2.2
      vertex 60.863 -10.9661 0
      vertex 60 -11 0
    endloop
  endfacet
  facet normal 0.980786 0.195087 0
    outer loop
      vertex 49.3039 -2.5679 2.2
      vertex 49.1354 -1.72078 0
      vertex 49.1354 -1.72078 2.2
    endloop
  endfacet
  facet normal 0.980786 0.195087 0
    outer loop
      vertex 49.1354 -1.72078 0
      vertex 49.3039 -2.5679 2.2
      vertex 49.3039 -2.5679 0
    endloop
  endfacet
  facet normal -0.96244 -0.271496 0
    outer loop
      vertex 70.6961 2.5679 0
      vertex 70.4616 3.39919 2.2
      vertex 70.4616 3.39919 0
    endloop
  endfacet
  facet normal -0.96244 -0.271496 0
    outer loop
      vertex 70.4616 3.39919 2.2
      vertex 70.6961 2.5679 0
      vertex 70.6961 2.5679 2.2
    endloop
  endfacet
  facet normal -0.678769 -0.734352 0
    outer loop
      vertex 67.1439 8.36446 0
      vertex 67.7782 7.77817 2.2
      vertex 67.1439 8.36446 2.2
    endloop
  endfacet
  facet normal -0.678769 -0.734352 -0
    outer loop
      vertex 67.7782 7.77817 2.2
      vertex 67.1439 8.36446 0
      vertex 67.7782 7.77817 0
    endloop
  endfacet
  facet normal 0.999229 0.039249 0
    outer loop
      vertex 49.0339 -0.86305 2.2
      vertex 49 0 0
      vertex 49 0 2.2
    endloop
  endfacet
  facet normal 0.999229 0.039249 0
    outer loop
      vertex 49 0 0
      vertex 49.0339 -0.86305 2.2
      vertex 49.0339 -0.86305 0
    endloop
  endfacet
  facet normal 0.734314 -0.67881 0
    outer loop
      vertex 51.6355 7.14393 2.2
      vertex 52.2218 7.77817 0
      vertex 52.2218 7.77817 2.2
    endloop
  endfacet
  facet normal 0.734314 -0.67881 0
    outer loop
      vertex 52.2218 7.77817 0
      vertex 51.6355 7.14393 2.2
      vertex 51.6355 7.14393 0
    endloop
  endfacet
  facet normal 0.418676 -0.908136 0
    outer loop
      vertex 55.0061 9.80107 0
      vertex 55.7905 10.1627 2.2
      vertex 55.0061 9.80107 2.2
    endloop
  endfacet
  facet normal 0.418676 -0.908136 0
    outer loop
      vertex 55.7905 10.1627 2.2
      vertex 55.0061 9.80107 0
      vertex 55.7905 10.1627 0
    endloop
  endfacet
  facet normal 0.993071 -0.117516 0
    outer loop
      vertex 49.0339 0.86305 2.2
      vertex 49.1354 1.72078 0
      vertex 49.1354 1.72078 2.2
    endloop
  endfacet
  facet normal 0.993071 -0.117516 0
    outer loop
      vertex 49.1354 1.72078 0
      vertex 49.0339 0.86305 2.2
      vertex 49.0339 0.86305 0
    endloop
  endfacet
  facet normal 0.678769 0.734352 -0
    outer loop
      vertex 52.8561 -8.36446 0
      vertex 52.2218 -7.77817 2.2
      vertex 52.8561 -8.36446 2.2
    endloop
  endfacet
  facet normal 0.678769 0.734352 0
    outer loop
      vertex 52.2218 -7.77817 2.2
      vertex 52.8561 -8.36446 0
      vertex 52.2218 -7.77817 0
    endloop
  endfacet
  facet normal 0.619095 -0.785316 0
    outer loop
      vertex 52.8561 8.36446 0
      vertex 53.5344 8.89919 2.2
      vertex 52.8561 8.36446 2.2
    endloop
  endfacet
  facet normal 0.619095 -0.785316 0
    outer loop
      vertex 53.5344 8.89919 2.2
      vertex 52.8561 8.36446 0
      vertex 53.5344 8.89919 0
    endloop
  endfacet
  facet normal 0.938209 0.34607 0
    outer loop
      vertex 49.8373 -4.20952 2.2
      vertex 49.5384 -3.39919 0
      vertex 49.5384 -3.39919 2.2
    endloop
  endfacet
  facet normal 0.938209 0.34607 0
    outer loop
      vertex 49.5384 -3.39919 0
      vertex 49.8373 -4.20952 2.2
      vertex 49.8373 -4.20952 0
    endloop
  endfacet
  facet normal 0.0392513 0.999229 -0
    outer loop
      vertex 60 -11 0
      vertex 59.137 -10.9661 2.2
      vertex 60 -11 2.2
    endloop
  endfacet
  facet normal 0.0392513 0.999229 0
    outer loop
      vertex 59.137 -10.9661 2.2
      vertex 60 -11 0
      vertex 59.137 -10.9661 0
    endloop
  endfacet
  facet normal -0.418676 0.908136 0
    outer loop
      vertex 64.9939 -9.80107 0
      vertex 64.2095 -10.1627 2.2
      vertex 64.9939 -9.80107 2.2
    endloop
  endfacet
  facet normal -0.418676 0.908136 0
    outer loop
      vertex 64.2095 -10.1627 2.2
      vertex 64.9939 -9.80107 0
      vertex 64.2095 -10.1627 0
    endloop
  endfacet
  facet normal 0.993071 0.117516 0
    outer loop
      vertex 49.1354 -1.72078 2.2
      vertex 49.0339 -0.86305 0
      vertex 49.0339 -0.86305 2.2
    endloop
  endfacet
  facet normal 0.993071 0.117516 0
    outer loop
      vertex 49.0339 -0.86305 0
      vertex 49.1354 -1.72078 2.2
      vertex 49.1354 -1.72078 0
    endloop
  endfacet
  facet normal -0.980786 0.195087 0
    outer loop
      vertex 70.6961 -2.5679 0
      vertex 70.8646 -1.72078 2.2
      vertex 70.8646 -1.72078 0
    endloop
  endfacet
  facet normal -0.980786 0.195087 0
    outer loop
      vertex 70.8646 -1.72078 2.2
      vertex 70.6961 -2.5679 0
      vertex 70.6961 -2.5679 2.2
    endloop
  endfacet
  facet normal -0.195092 -0.980785 0
    outer loop
      vertex 61.7208 10.8646 0
      vertex 62.5679 10.6961 2.2
      vertex 61.7208 10.8646 2.2
    endloop
  endfacet
  facet normal -0.195092 -0.980785 -0
    outer loop
      vertex 62.5679 10.6961 2.2
      vertex 61.7208 10.8646 0
      vertex 62.5679 10.6961 0
    endloop
  endfacet
  facet normal -0.0392513 -0.999229 0
    outer loop
      vertex 60 11 0
      vertex 60.863 10.9661 2.2
      vertex 60 11 2.2
    endloop
  endfacet
  facet normal -0.0392513 -0.999229 -0
    outer loop
      vertex 60.863 10.9661 2.2
      vertex 60 11 0
      vertex 60.863 10.9661 0
    endloop
  endfacet
  facet normal -0.488616 -0.872499 0
    outer loop
      vertex 64.9939 9.80107 0
      vertex 65.7475 9.37904 2.2
      vertex 64.9939 9.80107 2.2
    endloop
  endfacet
  facet normal -0.488616 -0.872499 -0
    outer loop
      vertex 65.7475 9.37904 2.2
      vertex 64.9939 9.80107 0
      vertex 65.7475 9.37904 0
    endloop
  endfacet
  facet normal 0.785329 0.619079 0
    outer loop
      vertex 51.6355 -7.14393 2.2
      vertex 51.1008 -6.46564 0
      vertex 51.1008 -6.46564 2.2
    endloop
  endfacet
  facet normal 0.785329 0.619079 0
    outer loop
      vertex 51.1008 -6.46564 0
      vertex 51.6355 -7.14393 2.2
      vertex 51.6355 -7.14393 0
    endloop
  endfacet
  facet normal -0.908143 0.41866 0
    outer loop
      vertex 69.8011 -4.99389 0
      vertex 70.1627 -4.20952 2.2
      vertex 70.1627 -4.20952 0
    endloop
  endfacet
  facet normal -0.908143 0.41866 0
    outer loop
      vertex 70.1627 -4.20952 2.2
      vertex 69.8011 -4.99389 0
      vertex 69.8011 -4.99389 2.2
    endloop
  endfacet
  facet normal -0.555595 -0.831453 0
    outer loop
      vertex 65.7475 9.37904 0
      vertex 66.4656 8.89919 2.2
      vertex 65.7475 9.37904 2.2
    endloop
  endfacet
  facet normal -0.555595 -0.831453 -0
    outer loop
      vertex 66.4656 8.89919 2.2
      vertex 65.7475 9.37904 0
      vertex 66.4656 8.89919 0
    endloop
  endfacet
  facet normal -0.271493 -0.96244 0
    outer loop
      vertex 62.5679 10.6961 0
      vertex 63.3992 10.4616 2.2
      vertex 62.5679 10.6961 2.2
    endloop
  endfacet
  facet normal -0.271493 -0.96244 -0
    outer loop
      vertex 63.3992 10.4616 2.2
      vertex 62.5679 10.6961 0
      vertex 63.3992 10.4616 0
    endloop
  endfacet
  facet normal -0.418676 -0.908136 0
    outer loop
      vertex 64.2095 10.1627 0
      vertex 64.9939 9.80107 2.2
      vertex 64.2095 10.1627 2.2
    endloop
  endfacet
  facet normal -0.418676 -0.908136 -0
    outer loop
      vertex 64.9939 9.80107 2.2
      vertex 64.2095 10.1627 0
      vertex 64.9939 9.80107 0
    endloop
  endfacet
  facet normal -0.872462 -0.488682 0
    outer loop
      vertex 69.8011 4.99389 0
      vertex 69.379 5.74748 2.2
      vertex 69.379 5.74748 0
    endloop
  endfacet
  facet normal -0.872462 -0.488682 0
    outer loop
      vertex 69.379 5.74748 2.2
      vertex 69.8011 4.99389 0
      vertex 69.8011 4.99389 2.2
    endloop
  endfacet
  facet normal 0.908143 -0.41866 0
    outer loop
      vertex 49.8373 4.20952 2.2
      vertex 50.1989 4.99389 0
      vertex 50.1989 4.99389 2.2
    endloop
  endfacet
  facet normal 0.908143 -0.41866 0
    outer loop
      vertex 50.1989 4.99389 0
      vertex 49.8373 4.20952 2.2
      vertex 49.8373 4.20952 0
    endloop
  endfacet
  facet normal -0.734314 -0.67881 0
    outer loop
      vertex 68.3645 7.14393 0
      vertex 67.7782 7.77817 2.2
      vertex 67.7782 7.77817 0
    endloop
  endfacet
  facet normal -0.734314 -0.67881 0
    outer loop
      vertex 67.7782 7.77817 2.2
      vertex 68.3645 7.14393 0
      vertex 68.3645 7.14393 2.2
    endloop
  endfacet
  facet normal -0.938209 -0.34607 0
    outer loop
      vertex 70.4616 3.39919 0
      vertex 70.1627 4.20952 2.2
      vertex 70.1627 4.20952 0
    endloop
  endfacet
  facet normal -0.938209 -0.34607 0
    outer loop
      vertex 70.1627 4.20952 2.2
      vertex 70.4616 3.39919 0
      vertex 70.4616 3.39919 2.2
    endloop
  endfacet
  facet normal -0.908143 -0.41866 0
    outer loop
      vertex 70.1627 4.20952 0
      vertex 69.8011 4.99389 2.2
      vertex 69.8011 4.99389 0
    endloop
  endfacet
  facet normal -0.908143 -0.41866 0
    outer loop
      vertex 69.8011 4.99389 2.2
      vertex 70.1627 4.20952 0
      vertex 70.1627 4.20952 2.2
    endloop
  endfacet
  facet normal 0.785329 -0.619079 0
    outer loop
      vertex 51.1008 6.46564 2.2
      vertex 51.6355 7.14393 0
      vertex 51.6355 7.14393 2.2
    endloop
  endfacet
  facet normal 0.785329 -0.619079 0
    outer loop
      vertex 51.6355 7.14393 0
      vertex 51.1008 6.46564 2.2
      vertex 51.1008 6.46564 0
    endloop
  endfacet
  facet normal 0.0392513 -0.999229 0
    outer loop
      vertex 59.137 10.9661 0
      vertex 60 11 2.2
      vertex 59.137 10.9661 2.2
    endloop
  endfacet
  facet normal 0.0392513 -0.999229 0
    outer loop
      vertex 60 11 2.2
      vertex 59.137 10.9661 0
      vertex 60 11 0
    endloop
  endfacet
  facet normal -0.271493 0.96244 0
    outer loop
      vertex 63.3992 -10.4616 0
      vertex 62.5679 -10.6961 2.2
      vertex 63.3992 -10.4616 2.2
    endloop
  endfacet
  facet normal -0.271493 0.96244 0
    outer loop
      vertex 62.5679 -10.6961 2.2
      vertex 63.3992 -10.4616 0
      vertex 62.5679 -10.6961 0
    endloop
  endfacet
  facet normal -0.555595 0.831453 0
    outer loop
      vertex 66.4656 -8.89919 0
      vertex 65.7475 -9.37904 2.2
      vertex 66.4656 -8.89919 2.2
    endloop
  endfacet
  facet normal -0.555595 0.831453 0
    outer loop
      vertex 65.7475 -9.37904 2.2
      vertex 66.4656 -8.89919 0
      vertex 65.7475 -9.37904 0
    endloop
  endfacet
  facet normal 0.619095 0.785316 -0
    outer loop
      vertex 53.5344 -8.89919 0
      vertex 52.8561 -8.36446 2.2
      vertex 53.5344 -8.89919 2.2
    endloop
  endfacet
  facet normal 0.619095 0.785316 0
    outer loop
      vertex 52.8561 -8.36446 2.2
      vertex 53.5344 -8.89919 0
      vertex 52.8561 -8.36446 0
    endloop
  endfacet
  facet normal 0.488616 -0.872499 0
    outer loop
      vertex 54.2525 9.37904 0
      vertex 55.0061 9.80107 2.2
      vertex 54.2525 9.37904 2.2
    endloop
  endfacet
  facet normal 0.488616 -0.872499 0
    outer loop
      vertex 55.0061 9.80107 2.2
      vertex 54.2525 9.37904 0
      vertex 55.0061 9.80107 0
    endloop
  endfacet
  facet normal -0.117506 0.993072 0
    outer loop
      vertex 61.7208 -10.8646 0
      vertex 60.863 -10.9661 2.2
      vertex 61.7208 -10.8646 2.2
    endloop
  endfacet
  facet normal -0.117506 0.993072 0
    outer loop
      vertex 60.863 -10.9661 2.2
      vertex 61.7208 -10.8646 0
      vertex 60.863 -10.9661 0
    endloop
  endfacet
  facet normal 0.872462 -0.488682 0
    outer loop
      vertex 50.1989 4.99389 2.2
      vertex 50.621 5.74748 0
      vertex 50.621 5.74748 2.2
    endloop
  endfacet
  facet normal 0.872462 -0.488682 0
    outer loop
      vertex 50.621 5.74748 0
      vertex 50.1989 4.99389 2.2
      vertex 50.1989 4.99389 0
    endloop
  endfacet
  facet normal 0.195092 -0.980785 0
    outer loop
      vertex 57.4321 10.6961 0
      vertex 58.2792 10.8646 2.2
      vertex 57.4321 10.6961 2.2
    endloop
  endfacet
  facet normal 0.195092 -0.980785 0
    outer loop
      vertex 58.2792 10.8646 2.2
      vertex 57.4321 10.6961 0
      vertex 58.2792 10.8646 0
    endloop
  endfacet
  facet normal -0.872462 0.488682 0
    outer loop
      vertex 69.379 -5.74748 0
      vertex 69.8011 -4.99389 2.2
      vertex 69.8011 -4.99389 0
    endloop
  endfacet
  facet normal -0.872462 0.488682 0
    outer loop
      vertex 69.8011 -4.99389 2.2
      vertex 69.379 -5.74748 0
      vertex 69.379 -5.74748 2.2
    endloop
  endfacet
  facet normal 0.555595 -0.831453 0
    outer loop
      vertex 53.5344 8.89919 0
      vertex 54.2525 9.37904 2.2
      vertex 53.5344 8.89919 2.2
    endloop
  endfacet
  facet normal 0.555595 -0.831453 0
    outer loop
      vertex 54.2525 9.37904 2.2
      vertex 53.5344 8.89919 0
      vertex 54.2525 9.37904 0
    endloop
  endfacet
  facet normal -0.346081 0.938205 0
    outer loop
      vertex 64.2095 -10.1627 0
      vertex 63.3992 -10.4616 2.2
      vertex 64.2095 -10.1627 2.2
    endloop
  endfacet
  facet normal -0.346081 0.938205 0
    outer loop
      vertex 63.3992 -10.4616 2.2
      vertex 64.2095 -10.1627 0
      vertex 63.3992 -10.4616 0
    endloop
  endfacet
  facet normal -0.785329 0.619079 0
    outer loop
      vertex 68.3645 -7.14393 0
      vertex 68.8992 -6.46564 2.2
      vertex 68.8992 -6.46564 0
    endloop
  endfacet
  facet normal -0.785329 0.619079 0
    outer loop
      vertex 68.8992 -6.46564 2.2
      vertex 68.3645 -7.14393 0
      vertex 68.3645 -7.14393 2.2
    endloop
  endfacet
  facet normal -0.938209 0.34607 0
    outer loop
      vertex 70.1627 -4.20952 0
      vertex 70.4616 -3.39919 2.2
      vertex 70.4616 -3.39919 0
    endloop
  endfacet
  facet normal -0.938209 0.34607 0
    outer loop
      vertex 70.4616 -3.39919 2.2
      vertex 70.1627 -4.20952 0
      vertex 70.1627 -4.20952 2.2
    endloop
  endfacet
  facet normal -0.785329 -0.619079 0
    outer loop
      vertex 68.8992 6.46564 0
      vertex 68.3645 7.14393 2.2
      vertex 68.3645 7.14393 0
    endloop
  endfacet
  facet normal -0.785329 -0.619079 0
    outer loop
      vertex 68.3645 7.14393 2.2
      vertex 68.8992 6.46564 0
      vertex 68.8992 6.46564 2.2
    endloop
  endfacet
  facet normal 0.938209 -0.34607 0
    outer loop
      vertex 49.5384 3.39919 2.2
      vertex 49.8373 4.20952 0
      vertex 49.8373 4.20952 2.2
    endloop
  endfacet
  facet normal 0.938209 -0.34607 0
    outer loop
      vertex 49.8373 4.20952 0
      vertex 49.5384 3.39919 2.2
      vertex 49.5384 3.39919 0
    endloop
  endfacet
  facet normal -0.619095 -0.785316 0
    outer loop
      vertex 66.4656 8.89919 0
      vertex 67.1439 8.36446 2.2
      vertex 66.4656 8.89919 2.2
    endloop
  endfacet
  facet normal -0.619095 -0.785316 -0
    outer loop
      vertex 67.1439 8.36446 2.2
      vertex 66.4656 8.89919 0
      vertex 67.1439 8.36446 0
    endloop
  endfacet
  facet normal 0.999229 -0.039249 0
    outer loop
      vertex 49 0 2.2
      vertex 49.0339 0.86305 0
      vertex 49.0339 0.86305 2.2
    endloop
  endfacet
  facet normal 0.999229 -0.039249 0
    outer loop
      vertex 49.0339 0.86305 0
      vertex 49 0 2.2
      vertex 49 0 0
    endloop
  endfacet
  facet normal 0.872462 0.488682 0
    outer loop
      vertex 50.621 -5.74748 2.2
      vertex 50.1989 -4.99389 0
      vertex 50.1989 -4.99389 2.2
    endloop
  endfacet
  facet normal 0.872462 0.488682 0
    outer loop
      vertex 50.1989 -4.99389 0
      vertex 50.621 -5.74748 2.2
      vertex 50.621 -5.74748 0
    endloop
  endfacet
  facet normal -0.117506 -0.993072 0
    outer loop
      vertex 60.863 10.9661 0
      vertex 61.7208 10.8646 2.2
      vertex 60.863 10.9661 2.2
    endloop
  endfacet
  facet normal -0.117506 -0.993072 -0
    outer loop
      vertex 61.7208 10.8646 2.2
      vertex 60.863 10.9661 0
      vertex 61.7208 10.8646 0
    endloop
  endfacet
  facet normal -0.831501 -0.555523 0
    outer loop
      vertex 69.379 5.74748 0
      vertex 68.8992 6.46564 2.2
      vertex 68.8992 6.46564 0
    endloop
  endfacet
  facet normal -0.831501 -0.555523 0
    outer loop
      vertex 68.8992 6.46564 2.2
      vertex 69.379 5.74748 0
      vertex 69.379 5.74748 2.2
    endloop
  endfacet
  facet normal 0.346081 0.938205 -0
    outer loop
      vertex 56.6008 -10.4616 0
      vertex 55.7905 -10.1627 2.2
      vertex 56.6008 -10.4616 2.2
    endloop
  endfacet
  facet normal 0.346081 0.938205 0
    outer loop
      vertex 55.7905 -10.1627 2.2
      vertex 56.6008 -10.4616 0
      vertex 55.7905 -10.1627 0
    endloop
  endfacet
  facet normal 0.271493 0.96244 -0
    outer loop
      vertex 57.4321 -10.6961 0
      vertex 56.6008 -10.4616 2.2
      vertex 57.4321 -10.6961 2.2
    endloop
  endfacet
  facet normal 0.271493 0.96244 0
    outer loop
      vertex 56.6008 -10.4616 2.2
      vertex 57.4321 -10.6961 0
      vertex 56.6008 -10.4616 0
    endloop
  endfacet
  facet normal -0.831501 0.555523 0
    outer loop
      vertex 68.8992 -6.46564 0
      vertex 69.379 -5.74748 2.2
      vertex 69.379 -5.74748 0
    endloop
  endfacet
  facet normal -0.831501 0.555523 0
    outer loop
      vertex 69.379 -5.74748 2.2
      vertex 68.8992 -6.46564 0
      vertex 68.8992 -6.46564 2.2
    endloop
  endfacet
  facet normal -0.619095 0.785316 0
    outer loop
      vertex 67.1439 -8.36446 0
      vertex 66.4656 -8.89919 2.2
      vertex 67.1439 -8.36446 2.2
    endloop
  endfacet
  facet normal -0.619095 0.785316 0
    outer loop
      vertex 66.4656 -8.89919 2.2
      vertex 67.1439 -8.36446 0
      vertex 66.4656 -8.89919 0
    endloop
  endfacet
  facet normal 0.195092 0.980785 -0
    outer loop
      vertex 58.2792 -10.8646 0
      vertex 57.4321 -10.6961 2.2
      vertex 58.2792 -10.8646 2.2
    endloop
  endfacet
  facet normal 0.195092 0.980785 0
    outer loop
      vertex 57.4321 -10.6961 2.2
      vertex 58.2792 -10.8646 0
      vertex 57.4321 -10.6961 0
    endloop
  endfacet
  facet normal -0.678769 0.734352 0
    outer loop
      vertex 67.7782 -7.77817 0
      vertex 67.1439 -8.36446 2.2
      vertex 67.7782 -7.77817 2.2
    endloop
  endfacet
  facet normal -0.678769 0.734352 0
    outer loop
      vertex 67.1439 -8.36446 2.2
      vertex 67.7782 -7.77817 0
      vertex 67.1439 -8.36446 0
    endloop
  endfacet
  facet normal 0.831501 0.555523 0
    outer loop
      vertex 51.1008 -6.46564 2.2
      vertex 50.621 -5.74748 0
      vertex 50.621 -5.74748 2.2
    endloop
  endfacet
  facet normal 0.831501 0.555523 0
    outer loop
      vertex 50.621 -5.74748 0
      vertex 51.1008 -6.46564 2.2
      vertex 51.1008 -6.46564 0
    endloop
  endfacet
  facet normal 0.418676 0.908136 -0
    outer loop
      vertex 55.7905 -10.1627 0
      vertex 55.0061 -9.80107 2.2
      vertex 55.7905 -10.1627 2.2
    endloop
  endfacet
  facet normal 0.418676 0.908136 0
    outer loop
      vertex 55.0061 -9.80107 2.2
      vertex 55.7905 -10.1627 0
      vertex 55.0061 -9.80107 0
    endloop
  endfacet
  facet normal -0.520648 0.485406 0.702358
    outer loop
      vertex 68.3645 -7.14393 2.2
      vertex 68.958 -7.6649 3
      vertex 68.9653 -7.65707 3
    endloop
  endfacet
  facet normal -0.522672 0.483165 0.7024
    outer loop
      vertex 68.958 -7.6649 3
      vertex 68.3645 -7.14393 2.2
      vertex 67.7782 -7.77817 2.2
    endloop
  endfacet
  facet normal -0.71121 0.0279358 0.702424
    outer loop
      vertex 70.9661 -0.86305 2.2
      vertex 71.7542 -0.914388 3
      vertex 71 0 2.2
    endloop
  endfacet
  facet normal -0.711274 0.0267045 0.702407
    outer loop
      vertex 71.7542 -0.914388 3
      vertex 70.9661 -0.86305 2.2
      vertex 71.7538 -0.925042 3
    endloop
  endfacet
  facet normal 0.706827 0.0836136 0.702428
    outer loop
      vertex 48.355 -1.84438 3
      vertex 49.1354 -1.72078 2.2
      vertex 48.2475 -0.93563 3
    endloop
  endfacet
  facet normal 0.698087 -0.138856 0.70242
    outer loop
      vertex 48.3571 1.85484 3
      vertex 49.1354 1.72078 2.2
      vertex 49.3039 2.5679 2.2
    endloop
  endfacet
  facet normal 0.697854 -0.140105 0.702403
    outer loop
      vertex 49.1354 1.72078 2.2
      vertex 48.3571 1.85484 3
      vertex 48.355 1.84438 3
    endloop
  endfacet
  facet normal -0.711218 -0.0279233 0.702417
    outer loop
      vertex 71.7901 0 3
      vertex 71.7542 0.914388 3
      vertex 71 0 2.2
    endloop
  endfacet
  facet normal -0.711274 -0.0267045 0.702407
    outer loop
      vertex 70.9661 0.86305 2.2
      vertex 71.7542 0.914388 3
      vertex 71.7538 0.925042 3
    endloop
  endfacet
  facet normal -0.71121 -0.0279358 0.702424
    outer loop
      vertex 71.7542 0.914388 3
      vertex 70.9661 0.86305 2.2
      vertex 71 0 2.2
    endloop
  endfacet
  facet normal 0.48422 -0.521673 0.702416
    outer loop
      vertex 52.3351 8.95804 3
      vertex 52.8561 8.36446 2.2
      vertex 52.3429 8.96528 3
    endloop
  endfacet
  facet normal 0.483112 -0.522672 0.702436
    outer loop
      vertex 52.8561 8.36446 2.2
      vertex 52.3351 8.95804 3
      vertex 52.2218 7.77817 2.2
    endloop
  endfacet
  facet normal -0.294057 -0.648263 0.702343
    outer loop
      vertex 65.3429 10.5095 3
      vertex 64.9939 9.80107 2.2
      vertex 65.3526 10.5051 3
    endloop
  endfacet
  facet normal -0.298003 -0.64639 0.702406
    outer loop
      vertex 64.9939 9.80107 2.2
      vertex 65.3429 10.5095 3
      vertex 64.2095 10.1627 2.2
    endloop
  endfacet
  facet normal 0.522672 0.483165 0.7024
    outer loop
      vertex 51.6355 -7.14393 2.2
      vertex 51.042 -7.6649 3
      vertex 52.2218 -7.77817 2.2
    endloop
  endfacet
  facet normal 0.520648 0.485406 0.702358
    outer loop
      vertex 51.042 -7.6649 3
      vertex 51.6355 -7.14393 2.2
      vertex 51.0347 -7.65707 3
    endloop
  endfacet
  facet normal -0.646346 0.298036 0.702433
    outer loop
      vertex 70.5095 -5.34292 3
      vertex 70.8927 -4.51188 3
      vertex 70.1627 -4.20952 2.2
    endloop
  endfacet
  facet normal -0.59184 0.395406 0.702409
    outer loop
      vertex 68.8992 -6.46564 2.2
      vertex 69.5443 -6.9212 3
      vertex 69.379 -5.74748 2.2
    endloop
  endfacet
  facet normal -0.592449 0.39452 0.702395
    outer loop
      vertex 69.5443 -6.9212 3
      vertex 68.8992 -6.46564 2.2
      vertex 69.5384 -6.93006 3
    endloop
  endfacet
  facet normal 0.246333 0.667795 0.702403
    outer loop
      vertex 55.7905 -10.1627 2.2
      vertex 55.4981 -10.8963 3
      vertex 56.6008 -10.4616 2.2
    endloop
  endfacet
  facet normal 0.241121 0.669782 0.70232
    outer loop
      vertex 55.4981 -10.8963 3
      vertex 55.7905 -10.1627 2.2
      vertex 55.4881 -10.8927 3
    endloop
  endfacet
  facet normal -0.698081 0.138837 0.70243
    outer loop
      vertex 71.4644 -2.75235 3
      vertex 71.6429 -1.85484 3
      vertex 70.6961 -2.5679 2.2
    endloop
  endfacet
  facet normal -0.395416 0.591837 0.702406
    outer loop
      vertex 66.1603 -10.0527 3
      vertex 66.9212 -9.54433 3
      vertex 65.7475 -9.37904 2.2
    endloop
  endfacet
  facet normal 0.246379 -0.667742 0.702437
    outer loop
      vertex 56.6008 10.4616 2.2
      vertex 56.3567 11.2131 3
      vertex 55.4981 10.8963 3
    endloop
  endfacet
  facet normal -0.685029 0.193203 0.70243
    outer loop
      vertex 71.216 -3.63309 3
      vertex 71.4644 -2.75235 3
      vertex 70.6961 -2.5679 2.2
    endloop
  endfacet
  facet normal -0.706509 0.0867455 0.702368
    outer loop
      vertex 70.9661 -0.86305 2.2
      vertex 71.7525 -0.93563 3
      vertex 71.7538 -0.925042 3
    endloop
  endfacet
  facet normal -0.706839 0.0836442 0.702412
    outer loop
      vertex 71.7525 -0.93563 3
      vertex 70.9661 -0.86305 2.2
      vertex 70.8646 -1.72078 2.2
    endloop
  endfacet
  facet normal -0.0268402 0.711266 0.70241
    outer loop
      vertex 60.863 -10.9661 2.2
      vertex 60.9144 -11.7542 3
      vertex 60.925 -11.7538 3
    endloop
  endfacet
  facet normal -0.0279374 0.711209 0.702425
    outer loop
      vertex 60.9144 -11.7542 3
      vertex 60.863 -10.9661 2.2
      vertex 60 -11 2.2
    endloop
  endfacet
  facet normal 0.706827 -0.0836136 0.702428
    outer loop
      vertex 49.1354 1.72078 2.2
      vertex 48.355 1.84438 3
      vertex 48.2475 0.93563 3
    endloop
  endfacet
  facet normal 0.347351 -0.621224 0.702444
    outer loop
      vertex 54.6381 10.4999 3
      vertex 55.0061 9.80107 2.2
      vertex 54.6474 10.5051 3
    endloop
  endfacet
  facet normal 0.34777 -0.620997 0.702438
    outer loop
      vertex 55.0061 9.80107 2.2
      vertex 54.6381 10.4999 3
      vertex 54.2525 9.37904 2.2
    endloop
  endfacet
  facet normal -0.0836091 -0.706827 0.702428
    outer loop
      vertex 61.7208 10.8646 2.2
      vertex 61.8444 11.645 3
      vertex 60.9356 11.7525 3
    endloop
  endfacet
  facet normal 0.138839 0.698085 0.702425
    outer loop
      vertex 58.1452 -11.6429 3
      vertex 57.4321 -10.6961 2.2
      vertex 57.2477 -11.4644 3
    endloop
  endfacet
  facet normal 0.667728 0.246393 0.702446
    outer loop
      vertex 49.1037 -4.50188 3
      vertex 49.5384 -3.39919 2.2
      vertex 48.7869 -3.64335 3
    endloop
  endfacet
  facet normal 0.620977 0.347818 0.702432
    outer loop
      vertex 49.9473 -6.16032 3
      vertex 50.621 -5.74748 2.2
      vertex 49.5001 -5.36191 3
    endloop
  endfacet
  facet normal 0.669787 -0.241123 0.702314
    outer loop
      vertex 49.1037 4.50188 3
      vertex 49.8373 4.20952 2.2
      vertex 49.1073 4.51188 3
    endloop
  endfacet
  facet normal 0.667804 -0.246327 0.702396
    outer loop
      vertex 49.8373 4.20952 2.2
      vertex 49.1037 4.50188 3
      vertex 49.5384 3.39919 2.2
    endloop
  endfacet
  facet normal 0.0866484 0.706518 0.702371
    outer loop
      vertex 59.137 -10.9661 2.2
      vertex 59.0644 -11.7525 3
      vertex 59.075 -11.7538 3
    endloop
  endfacet
  facet normal 0.0836374 0.706839 0.702413
    outer loop
      vertex 59.0644 -11.7525 3
      vertex 59.137 -10.9661 2.2
      vertex 58.2792 -10.8646 2.2
    endloop
  endfacet
  facet normal 0.522685 -0.483109 0.702428
    outer loop
      vertex 52.2218 7.77817 2.2
      vertex 51.6631 8.33688 3
      vertex 51.042 7.6649 3
    endloop
  endfacet
  facet normal -0.558971 0.440633 0.70242
    outer loop
      vertex 68.9653 -7.65707 3
      vertex 69.5318 -6.93843 3
      vertex 68.3645 -7.14393 2.2
    endloop
  endfacet
  facet normal 0.0279229 -0.711218 0.702417
    outer loop
      vertex 60 11 2.2
      vertex 60 11.7901 3
      vertex 59.0856 11.7542 3
    endloop
  endfacet
  facet normal -0.522685 0.483109 0.702428
    outer loop
      vertex 68.3369 -8.33688 3
      vertex 68.958 -7.6649 3
      vertex 67.7782 -7.77817 2.2
    endloop
  endfacet
  facet normal -0.706827 0.0836136 0.702428
    outer loop
      vertex 71.645 -1.84438 3
      vertex 71.7525 -0.93563 3
      vertex 70.8646 -1.72078 2.2
    endloop
  endfacet
  facet normal -0.711218 0.0279233 0.702417
    outer loop
      vertex 71.7542 -0.914388 3
      vertex 71.7901 0 3
      vertex 71 0 2.2
    endloop
  endfacet
  facet normal -0.0836091 0.706827 0.702428
    outer loop
      vertex 61.8444 -11.645 3
      vertex 61.7208 -10.8646 2.2
      vertex 60.9356 -11.7525 3
    endloop
  endfacet
  facet normal 0.19323 0.685 0.702451
    outer loop
      vertex 56.6008 -10.4616 2.2
      vertex 56.3669 -11.216 3
      vertex 57.4321 -10.6961 2.2
    endloop
  endfacet
  facet normal 0.194636 0.684583 0.702469
    outer loop
      vertex 56.3669 -11.216 3
      vertex 56.6008 -10.4616 2.2
      vertex 56.3567 -11.2131 3
    endloop
  endfacet
  facet normal -0.298045 0.646334 0.70244
    outer loop
      vertex 64.5119 -10.8927 3
      vertex 65.3429 -10.5095 3
      vertex 64.2095 -10.1627 2.2
    endloop
  endfacet
  facet normal 0.620977 -0.347821 0.70243
    outer loop
      vertex 49.5001 5.36191 3
      vertex 50.1989 4.99389 2.2
      vertex 50.621 5.74748 2.2
    endloop
  endfacet
  facet normal 0.621386 -0.347068 0.702441
    outer loop
      vertex 50.1989 4.99389 2.2
      vertex 49.5001 5.36191 3
      vertex 49.4949 5.3526 3
    endloop
  endfacet
  facet normal -0.347833 -0.620996 0.702407
    outer loop
      vertex 65.7475 9.37904 2.2
      vertex 66.1603 10.0527 3
      vertex 65.3619 10.4999 3
    endloop
  endfacet
  facet normal -0.621386 -0.347068 0.702441
    outer loop
      vertex 70.4999 5.36191 3
      vertex 69.8011 4.99389 2.2
      vertex 70.5051 5.3526 3
    endloop
  endfacet
  facet normal -0.620977 -0.347821 0.70243
    outer loop
      vertex 69.8011 4.99389 2.2
      vertex 70.4999 5.36191 3
      vertex 69.379 5.74748 2.2
    endloop
  endfacet
  facet normal 0.395416 0.591837 0.702406
    outer loop
      vertex 53.8397 -10.0527 3
      vertex 54.2525 -9.37904 2.2
      vertex 53.0788 -9.54433 3
    endloop
  endfacet
  facet normal -0.646401 0.297995 0.702399
    outer loop
      vertex 69.8011 -4.99389 2.2
      vertex 70.5095 -5.34292 3
      vertex 70.1627 -4.20952 2.2
    endloop
  endfacet
  facet normal -0.648032 0.29456 0.702345
    outer loop
      vertex 70.5095 -5.34292 3
      vertex 69.8011 -4.99389 2.2
      vertex 70.5051 -5.3526 3
    endloop
  endfacet
  facet normal -0.138839 0.698085 0.702425
    outer loop
      vertex 62.7523 -11.4644 3
      vertex 62.5679 -10.6961 2.2
      vertex 61.8548 -11.6429 3
    endloop
  endfacet
  facet normal 0.298003 -0.64639 0.702406
    outer loop
      vertex 54.6571 10.5095 3
      vertex 55.0061 9.80107 2.2
      vertex 55.7905 10.1627 2.2
    endloop
  endfacet
  facet normal 0.294057 -0.648263 0.702343
    outer loop
      vertex 55.0061 9.80107 2.2
      vertex 54.6571 10.5095 3
      vertex 54.6474 10.5051 3
    endloop
  endfacet
  facet normal -0.684999 0.193233 0.702451
    outer loop
      vertex 70.4616 -3.39919 2.2
      vertex 71.216 -3.63309 3
      vertex 70.6961 -2.5679 2.2
    endloop
  endfacet
  facet normal -0.684895 0.193586 0.702455
    outer loop
      vertex 71.216 -3.63309 3
      vertex 70.4616 -3.39919 2.2
      vertex 71.2131 -3.64335 3
    endloop
  endfacet
  facet normal 0.698081 -0.138837 0.70243
    outer loop
      vertex 49.3039 2.5679 2.2
      vertex 48.5356 2.75235 3
      vertex 48.3571 1.85484 3
    endloop
  endfacet
  facet normal -0.591802 0.395426 0.702431
    outer loop
      vertex 69.5443 -6.9212 3
      vertex 70.0527 -6.16032 3
      vertex 69.379 -5.74748 2.2
    endloop
  endfacet
  facet normal -0.697854 0.140105 0.702403
    outer loop
      vertex 70.8646 -1.72078 2.2
      vertex 71.6429 -1.85484 3
      vertex 71.645 -1.84438 3
    endloop
  endfacet
  facet normal -0.698087 0.138856 0.70242
    outer loop
      vertex 71.6429 -1.85484 3
      vertex 70.8646 -1.72078 2.2
      vertex 70.6961 -2.5679 2.2
    endloop
  endfacet
  facet normal 0.646346 0.298036 0.702433
    outer loop
      vertex 49.4905 -5.34292 3
      vertex 49.8373 -4.20952 2.2
      vertex 49.1073 -4.51188 3
    endloop
  endfacet
  facet normal 0.347351 0.621224 0.702444
    outer loop
      vertex 55.0061 -9.80107 2.2
      vertex 54.6381 -10.4999 3
      vertex 54.6474 -10.5051 3
    endloop
  endfacet
  facet normal 0.34777 0.620997 0.702438
    outer loop
      vertex 54.6381 -10.4999 3
      vertex 55.0061 -9.80107 2.2
      vertex 54.2525 -9.37904 2.2
    endloop
  endfacet
  facet normal 0.0836091 -0.706827 0.702428
    outer loop
      vertex 58.2792 10.8646 2.2
      vertex 59.0644 11.7525 3
      vertex 58.1556 11.645 3
    endloop
  endfacet
  facet normal -0.483126 0.522669 0.702429
    outer loop
      vertex 68.3369 -8.33688 3
      vertex 67.7782 -7.77817 2.2
      vertex 67.6649 -8.95804 3
    endloop
  endfacet
  facet normal -0.621386 0.347068 0.702441
    outer loop
      vertex 69.8011 -4.99389 2.2
      vertex 70.4999 -5.36191 3
      vertex 70.5051 -5.3526 3
    endloop
  endfacet
  facet normal -0.620977 0.347821 0.70243
    outer loop
      vertex 70.4999 -5.36191 3
      vertex 69.8011 -4.99389 2.2
      vertex 69.379 -5.74748 2.2
    endloop
  endfacet
  facet normal 0.591802 0.395426 0.702431
    outer loop
      vertex 50.4557 -6.9212 3
      vertex 50.621 -5.74748 2.2
      vertex 49.9473 -6.16032 3
    endloop
  endfacet
  facet normal -0.667728 -0.246393 0.702446
    outer loop
      vertex 71.2131 3.64335 3
      vertex 70.8963 4.50188 3
      vertex 70.4616 3.39919 2.2
    endloop
  endfacet
  facet normal -0.440644 0.558953 0.702427
    outer loop
      vertex 66.4656 -8.89919 2.2
      vertex 66.9384 -9.53181 3
      vertex 67.1439 -8.36446 2.2
    endloop
  endfacet
  facet normal -0.443017 0.557127 0.702385
    outer loop
      vertex 66.9384 -9.53181 3
      vertex 66.4656 -8.89919 2.2
      vertex 66.9301 -9.53841 3
    endloop
  endfacet
  facet normal 0.667804 0.246327 0.702396
    outer loop
      vertex 49.1037 -4.50188 3
      vertex 49.8373 -4.20952 2.2
      vertex 49.5384 -3.39919 2.2
    endloop
  endfacet
  facet normal 0.669787 0.241123 0.702314
    outer loop
      vertex 49.8373 -4.20952 2.2
      vertex 49.1037 -4.50188 3
      vertex 49.1073 -4.51188 3
    endloop
  endfacet
  facet normal 0.0836091 0.706827 0.702428
    outer loop
      vertex 59.0644 -11.7525 3
      vertex 58.2792 -10.8646 2.2
      vertex 58.1556 -11.645 3
    endloop
  endfacet
  facet normal 0.193192 -0.685038 0.702424
    outer loop
      vertex 57.4321 10.6961 2.2
      vertex 57.2477 11.4644 3
      vertex 56.3669 11.216 3
    endloop
  endfacet
  facet normal -0.13886 0.698091 0.702415
    outer loop
      vertex 61.7208 -10.8646 2.2
      vertex 61.8548 -11.6429 3
      vertex 62.5679 -10.6961 2.2
    endloop
  endfacet
  facet normal -0.140885 0.697714 0.702387
    outer loop
      vertex 61.8548 -11.6429 3
      vertex 61.7208 -10.8646 2.2
      vertex 61.8444 -11.645 3
    endloop
  endfacet
  facet normal -0.138839 -0.698085 0.702425
    outer loop
      vertex 62.5679 10.6961 2.2
      vertex 62.7523 11.4644 3
      vertex 61.8548 11.6429 3
    endloop
  endfacet
  facet normal -0.394203 0.592636 0.702415
    outer loop
      vertex 66.4656 -8.89919 2.2
      vertex 66.9212 -9.54433 3
      vertex 66.9301 -9.53841 3
    endloop
  endfacet
  facet normal -0.395443 0.591785 0.702435
    outer loop
      vertex 66.9212 -9.54433 3
      vertex 66.4656 -8.89919 2.2
      vertex 65.7475 -9.37904 2.2
    endloop
  endfacet
  facet normal 0.706509 -0.0867455 0.702368
    outer loop
      vertex 49.0339 0.86305 2.2
      vertex 48.2475 0.93563 3
      vertex 48.2462 0.925042 3
    endloop
  endfacet
  facet normal 0.706839 -0.0836442 0.702412
    outer loop
      vertex 48.2475 0.93563 3
      vertex 49.0339 0.86305 2.2
      vertex 49.1354 1.72078 2.2
    endloop
  endfacet
  facet normal -0.347833 0.620996 0.702407
    outer loop
      vertex 66.1603 -10.0527 3
      vertex 65.7475 -9.37904 2.2
      vertex 65.3619 -10.4999 3
    endloop
  endfacet
  facet normal -0.591802 -0.395426 0.702431
    outer loop
      vertex 70.0527 6.16032 3
      vertex 69.5443 6.9212 3
      vertex 69.379 5.74748 2.2
    endloop
  endfacet
  facet normal 0.347833 -0.620996 0.702407
    outer loop
      vertex 54.2525 9.37904 2.2
      vertex 54.6381 10.4999 3
      vertex 53.8397 10.0527 3
    endloop
  endfacet
  facet normal 0.0279374 0.711209 0.702425
    outer loop
      vertex 59.137 -10.9661 2.2
      vertex 59.0856 -11.7542 3
      vertex 60 -11 2.2
    endloop
  endfacet
  facet normal 0.0268402 0.711266 0.70241
    outer loop
      vertex 59.0856 -11.7542 3
      vertex 59.137 -10.9661 2.2
      vertex 59.075 -11.7538 3
    endloop
  endfacet
  facet normal -0.669787 -0.241123 0.702314
    outer loop
      vertex 70.1627 4.20952 2.2
      vertex 70.8963 4.50188 3
      vertex 70.8927 4.51188 3
    endloop
  endfacet
  facet normal -0.667804 -0.246327 0.702396
    outer loop
      vertex 70.8963 4.50188 3
      vertex 70.1627 4.20952 2.2
      vertex 70.4616 3.39919 2.2
    endloop
  endfacet
  facet normal 0.0836374 -0.706839 0.702413
    outer loop
      vertex 59.137 10.9661 2.2
      vertex 59.0644 11.7525 3
      vertex 58.2792 10.8646 2.2
    endloop
  endfacet
  facet normal 0.0866484 -0.706518 0.702371
    outer loop
      vertex 59.0644 11.7525 3
      vertex 59.137 10.9661 2.2
      vertex 59.075 11.7538 3
    endloop
  endfacet
  facet normal 0.140885 0.697714 0.702387
    outer loop
      vertex 58.2792 -10.8646 2.2
      vertex 58.1452 -11.6429 3
      vertex 58.1556 -11.645 3
    endloop
  endfacet
  facet normal 0.13886 0.698091 0.702415
    outer loop
      vertex 58.1452 -11.6429 3
      vertex 58.2792 -10.8646 2.2
      vertex 57.4321 -10.6961 2.2
    endloop
  endfacet
  facet normal 0.298045 0.646334 0.70244
    outer loop
      vertex 55.4881 -10.8927 3
      vertex 55.7905 -10.1627 2.2
      vertex 54.6571 -10.5095 3
    endloop
  endfacet
  facet normal 0.193192 0.685038 0.702424
    outer loop
      vertex 57.2477 -11.4644 3
      vertex 57.4321 -10.6961 2.2
      vertex 56.3669 -11.216 3
    endloop
  endfacet
  facet normal -0.55891 0.440717 0.702416
    outer loop
      vertex 68.8992 -6.46564 2.2
      vertex 69.5318 -6.93843 3
      vertex 69.5384 -6.93006 3
    endloop
  endfacet
  facet normal -0.55897 0.440639 0.702417
    outer loop
      vertex 69.5318 -6.93843 3
      vertex 68.8992 -6.46564 2.2
      vertex 68.3645 -7.14393 2.2
    endloop
  endfacet
  facet normal 0.440611 -0.558959 0.702444
    outer loop
      vertex 52.8561 8.36446 2.2
      vertex 53.0616 9.53181 3
      vertex 52.3429 8.96528 3
    endloop
  endfacet
  facet normal 0.395443 0.591785 0.702435
    outer loop
      vertex 53.5344 -8.89919 2.2
      vertex 53.0788 -9.54433 3
      vertex 54.2525 -9.37904 2.2
    endloop
  endfacet
  facet normal 0.394203 0.592636 0.702415
    outer loop
      vertex 53.0788 -9.54433 3
      vertex 53.5344 -8.89919 2.2
      vertex 53.0699 -9.53841 3
    endloop
  endfacet
  facet normal -0.294057 0.648263 0.702343
    outer loop
      vertex 64.9939 -9.80107 2.2
      vertex 65.3429 -10.5095 3
      vertex 65.3526 -10.5051 3
    endloop
  endfacet
  facet normal -0.298003 0.64639 0.702406
    outer loop
      vertex 65.3429 -10.5095 3
      vertex 64.9939 -9.80107 2.2
      vertex 64.2095 -10.1627 2.2
    endloop
  endfacet
  facet normal -0.667728 0.246393 0.702446
    outer loop
      vertex 70.8963 -4.50188 3
      vertex 71.2131 -3.64335 3
      vertex 70.4616 -3.39919 2.2
    endloop
  endfacet
  facet normal 0.711274 -0.0267045 0.702407
    outer loop
      vertex 48.2458 0.914388 3
      vertex 49.0339 0.86305 2.2
      vertex 48.2462 0.925042 3
    endloop
  endfacet
  facet normal 0.71121 -0.0279358 0.702424
    outer loop
      vertex 49.0339 0.86305 2.2
      vertex 48.2458 0.914388 3
      vertex 49 0 2.2
    endloop
  endfacet
  facet normal -0.194636 0.684583 0.702469
    outer loop
      vertex 63.3992 -10.4616 2.2
      vertex 63.6331 -11.216 3
      vertex 63.6433 -11.2131 3
    endloop
  endfacet
  facet normal -0.19323 0.685 0.702451
    outer loop
      vertex 63.6331 -11.216 3
      vertex 63.3992 -10.4616 2.2
      vertex 62.5679 -10.6961 2.2
    endloop
  endfacet
  facet normal -0.193192 0.685038 0.702424
    outer loop
      vertex 62.7523 -11.4644 3
      vertex 63.6331 -11.216 3
      vertex 62.5679 -10.6961 2.2
    endloop
  endfacet
  facet normal -0.667804 0.246327 0.702396
    outer loop
      vertex 70.1627 -4.20952 2.2
      vertex 70.8963 -4.50188 3
      vertex 70.4616 -3.39919 2.2
    endloop
  endfacet
  facet normal -0.669787 0.241123 0.702314
    outer loop
      vertex 70.8963 -4.50188 3
      vertex 70.1627 -4.20952 2.2
      vertex 70.8927 -4.51188 3
    endloop
  endfacet
  facet normal -0.620977 0.347818 0.702432
    outer loop
      vertex 70.0527 -6.16032 3
      vertex 70.4999 -5.36191 3
      vertex 69.379 -5.74748 2.2
    endloop
  endfacet
  facet normal -0.440611 0.558959 0.702444
    outer loop
      vertex 67.6571 -8.96528 3
      vertex 67.1439 -8.36446 2.2
      vertex 66.9384 -9.53181 3
    endloop
  endfacet
  facet normal -0.483112 0.522672 0.702436
    outer loop
      vertex 67.1439 -8.36446 2.2
      vertex 67.6649 -8.95804 3
      vertex 67.7782 -7.77817 2.2
    endloop
  endfacet
  facet normal -0.48422 0.521673 0.702416
    outer loop
      vertex 67.6649 -8.95804 3
      vertex 67.1439 -8.36446 2.2
      vertex 67.6571 -8.96528 3
    endloop
  endfacet
  facet normal -0.0836374 0.706839 0.702413
    outer loop
      vertex 60.863 -10.9661 2.2
      vertex 60.9356 -11.7525 3
      vertex 61.7208 -10.8646 2.2
    endloop
  endfacet
  facet normal -0.0866484 0.706518 0.702371
    outer loop
      vertex 60.9356 -11.7525 3
      vertex 60.863 -10.9661 2.2
      vertex 60.925 -11.7538 3
    endloop
  endfacet
  facet normal 0.0268402 -0.711266 0.70241
    outer loop
      vertex 59.137 10.9661 2.2
      vertex 59.0856 11.7542 3
      vertex 59.075 11.7538 3
    endloop
  endfacet
  facet normal 0.0279374 -0.711209 0.702425
    outer loop
      vertex 59.0856 11.7542 3
      vertex 59.137 10.9661 2.2
      vertex 60 11 2.2
    endloop
  endfacet
  facet normal 0.522672 -0.483165 0.7024
    outer loop
      vertex 51.042 7.6649 3
      vertex 51.6355 7.14393 2.2
      vertex 52.2218 7.77817 2.2
    endloop
  endfacet
  facet normal 0.520648 -0.485406 0.702358
    outer loop
      vertex 51.6355 7.14393 2.2
      vertex 51.042 7.6649 3
      vertex 51.0347 7.65707 3
    endloop
  endfacet
  facet normal 0.646401 0.297995 0.702399
    outer loop
      vertex 49.4905 -5.34292 3
      vertex 50.1989 -4.99389 2.2
      vertex 49.8373 -4.20952 2.2
    endloop
  endfacet
  facet normal 0.648032 0.29456 0.702345
    outer loop
      vertex 50.1989 -4.99389 2.2
      vertex 49.4905 -5.34292 3
      vertex 49.4949 -5.3526 3
    endloop
  endfacet
  facet normal 0.558971 -0.440633 0.70242
    outer loop
      vertex 51.6355 7.14393 2.2
      vertex 51.0347 7.65707 3
      vertex 50.4682 6.93843 3
    endloop
  endfacet
  facet normal 0.620977 -0.347818 0.702432
    outer loop
      vertex 50.621 5.74748 2.2
      vertex 49.9473 6.16032 3
      vertex 49.5001 5.36191 3
    endloop
  endfacet
  facet normal 0.347833 0.620996 0.702407
    outer loop
      vertex 54.6381 -10.4999 3
      vertex 54.2525 -9.37904 2.2
      vertex 53.8397 -10.0527 3
    endloop
  endfacet
  facet normal 0.706509 0.0867455 0.702368
    outer loop
      vertex 48.2475 -0.93563 3
      vertex 49.0339 -0.86305 2.2
      vertex 48.2462 -0.925042 3
    endloop
  endfacet
  facet normal 0.706839 0.0836442 0.702412
    outer loop
      vertex 49.0339 -0.86305 2.2
      vertex 48.2475 -0.93563 3
      vertex 49.1354 -1.72078 2.2
    endloop
  endfacet
  facet normal 0.620977 0.347821 0.70243
    outer loop
      vertex 50.1989 -4.99389 2.2
      vertex 49.5001 -5.36191 3
      vertex 50.621 -5.74748 2.2
    endloop
  endfacet
  facet normal 0.621386 0.347068 0.702441
    outer loop
      vertex 49.5001 -5.36191 3
      vertex 50.1989 -4.99389 2.2
      vertex 49.4949 -5.3526 3
    endloop
  endfacet
  facet normal 0.71121 0.0279358 0.702424
    outer loop
      vertex 48.2458 -0.914388 3
      vertex 49.0339 -0.86305 2.2
      vertex 49 0 2.2
    endloop
  endfacet
  facet normal 0.711274 0.0267045 0.702407
    outer loop
      vertex 49.0339 -0.86305 2.2
      vertex 48.2458 -0.914388 3
      vertex 48.2462 -0.925042 3
    endloop
  endfacet
  facet normal 0.0279229 0.711218 0.702417
    outer loop
      vertex 60 -11.7901 3
      vertex 60 -11 2.2
      vertex 59.0856 -11.7542 3
    endloop
  endfacet
  facet normal 0.685029 -0.193203 0.70243
    outer loop
      vertex 49.3039 2.5679 2.2
      vertex 48.784 3.63309 3
      vertex 48.5356 2.75235 3
    endloop
  endfacet
  facet normal -0.0279229 0.711218 0.702417
    outer loop
      vertex 60.9144 -11.7542 3
      vertex 60 -11 2.2
      vertex 60 -11.7901 3
    endloop
  endfacet
  facet normal 0.395416 -0.591837 0.702406
    outer loop
      vertex 54.2525 9.37904 2.2
      vertex 53.8397 10.0527 3
      vertex 53.0788 9.54433 3
    endloop
  endfacet
  facet normal 0.395443 -0.591785 0.702435
    outer loop
      vertex 53.0788 9.54433 3
      vertex 53.5344 8.89919 2.2
      vertex 54.2525 9.37904 2.2
    endloop
  endfacet
  facet normal 0.394203 -0.592636 0.702415
    outer loop
      vertex 53.5344 8.89919 2.2
      vertex 53.0788 9.54433 3
      vertex 53.0699 9.53841 3
    endloop
  endfacet
  facet normal -0.48422 -0.521673 0.702416
    outer loop
      vertex 67.1439 8.36446 2.2
      vertex 67.6649 8.95804 3
      vertex 67.6571 8.96528 3
    endloop
  endfacet
  facet normal -0.483112 -0.522672 0.702436
    outer loop
      vertex 67.6649 8.95804 3
      vertex 67.1439 8.36446 2.2
      vertex 67.7782 7.77817 2.2
    endloop
  endfacet
  facet normal 0.685029 0.193203 0.70243
    outer loop
      vertex 48.784 -3.63309 3
      vertex 49.3039 -2.5679 2.2
      vertex 48.5356 -2.75235 3
    endloop
  endfacet
  facet normal 0.684999 0.193233 0.702451
    outer loop
      vertex 48.784 -3.63309 3
      vertex 49.5384 -3.39919 2.2
      vertex 49.3039 -2.5679 2.2
    endloop
  endfacet
  facet normal 0.684895 0.193586 0.702455
    outer loop
      vertex 49.5384 -3.39919 2.2
      vertex 48.784 -3.63309 3
      vertex 48.7869 -3.64335 3
    endloop
  endfacet
  facet normal 0.59184 0.395406 0.702409
    outer loop
      vertex 50.4557 -6.9212 3
      vertex 51.1008 -6.46564 2.2
      vertex 50.621 -5.74748 2.2
    endloop
  endfacet
  facet normal 0.592449 0.39452 0.702395
    outer loop
      vertex 51.1008 -6.46564 2.2
      vertex 50.4557 -6.9212 3
      vertex 50.4616 -6.93006 3
    endloop
  endfacet
  facet normal 0.711218 0.0279233 0.702417
    outer loop
      vertex 48.2458 -0.914388 3
      vertex 49 0 2.2
      vertex 48.2099 0 3
    endloop
  endfacet
  facet normal 0.711218 -0.0279233 0.702417
    outer loop
      vertex 49 0 2.2
      vertex 48.2458 0.914388 3
      vertex 48.2099 0 3
    endloop
  endfacet
  facet normal 0.591802 -0.395426 0.702431
    outer loop
      vertex 50.621 5.74748 2.2
      vertex 50.4557 6.9212 3
      vertex 49.9473 6.16032 3
    endloop
  endfacet
  facet normal -0.246379 0.667742 0.702437
    outer loop
      vertex 63.6433 -11.2131 3
      vertex 64.5019 -10.8963 3
      vertex 63.3992 -10.4616 2.2
    endloop
  endfacet
  facet normal 0.667728 -0.246393 0.702446
    outer loop
      vertex 49.5384 3.39919 2.2
      vertex 49.1037 4.50188 3
      vertex 48.7869 3.64335 3
    endloop
  endfacet
  facet normal -0.55891 -0.440717 0.702416
    outer loop
      vertex 69.5318 6.93843 3
      vertex 68.8992 6.46564 2.2
      vertex 69.5384 6.93006 3
    endloop
  endfacet
  facet normal -0.55897 -0.440639 0.702417
    outer loop
      vertex 68.8992 6.46564 2.2
      vertex 69.5318 6.93843 3
      vertex 68.3645 7.14393 2.2
    endloop
  endfacet
  facet normal -0.193192 -0.685038 0.702424
    outer loop
      vertex 63.6331 11.216 3
      vertex 62.7523 11.4644 3
      vertex 62.5679 10.6961 2.2
    endloop
  endfacet
  facet normal 0.646346 -0.298036 0.702433
    outer loop
      vertex 49.8373 4.20952 2.2
      vertex 49.4905 5.34292 3
      vertex 49.1073 4.51188 3
    endloop
  endfacet
  facet normal 0.246379 0.667742 0.702437
    outer loop
      vertex 56.3567 -11.2131 3
      vertex 56.6008 -10.4616 2.2
      vertex 55.4981 -10.8963 3
    endloop
  endfacet
  facet normal -0.34777 0.620997 0.702438
    outer loop
      vertex 64.9939 -9.80107 2.2
      vertex 65.3619 -10.4999 3
      vertex 65.7475 -9.37904 2.2
    endloop
  endfacet
  facet normal -0.347351 0.621224 0.702444
    outer loop
      vertex 65.3619 -10.4999 3
      vertex 64.9939 -9.80107 2.2
      vertex 65.3526 -10.5051 3
    endloop
  endfacet
  facet normal -0.241121 0.669782 0.70232
    outer loop
      vertex 64.2095 -10.1627 2.2
      vertex 64.5019 -10.8963 3
      vertex 64.5119 -10.8927 3
    endloop
  endfacet
  facet normal -0.246333 0.667795 0.702403
    outer loop
      vertex 64.5019 -10.8963 3
      vertex 64.2095 -10.1627 2.2
      vertex 63.3992 -10.4616 2.2
    endloop
  endfacet
  facet normal -0.0279229 -0.711218 0.702417
    outer loop
      vertex 60.9144 11.7542 3
      vertex 60 11.7901 3
      vertex 60 11 2.2
    endloop
  endfacet
  facet normal 0.648032 -0.29456 0.702345
    outer loop
      vertex 49.4905 5.34292 3
      vertex 50.1989 4.99389 2.2
      vertex 49.4949 5.3526 3
    endloop
  endfacet
  facet normal 0.646401 -0.297995 0.702399
    outer loop
      vertex 50.1989 4.99389 2.2
      vertex 49.4905 5.34292 3
      vertex 49.8373 4.20952 2.2
    endloop
  endfacet
  facet normal 0.443017 0.557127 0.702385
    outer loop
      vertex 53.5344 -8.89919 2.2
      vertex 53.0616 -9.53181 3
      vertex 53.0699 -9.53841 3
    endloop
  endfacet
  facet normal 0.440644 0.558953 0.702427
    outer loop
      vertex 53.0616 -9.53181 3
      vertex 53.5344 -8.89919 2.2
      vertex 52.8561 -8.36446 2.2
    endloop
  endfacet
  facet normal -0.558971 -0.440633 0.70242
    outer loop
      vertex 69.5318 6.93843 3
      vertex 68.9653 7.65707 3
      vertex 68.3645 7.14393 2.2
    endloop
  endfacet
  facet normal 0.440611 0.558959 0.702444
    outer loop
      vertex 53.0616 -9.53181 3
      vertex 52.8561 -8.36446 2.2
      vertex 52.3429 -8.96528 3
    endloop
  endfacet
  facet normal 0.48422 0.521673 0.702416
    outer loop
      vertex 52.8561 -8.36446 2.2
      vertex 52.3351 -8.95804 3
      vertex 52.3429 -8.96528 3
    endloop
  endfacet
  facet normal 0.483112 0.522672 0.702436
    outer loop
      vertex 52.3351 -8.95804 3
      vertex 52.8561 -8.36446 2.2
      vertex 52.2218 -7.77817 2.2
    endloop
  endfacet
  facet normal 0.55897 0.440639 0.702417
    outer loop
      vertex 51.1008 -6.46564 2.2
      vertex 50.4682 -6.93843 3
      vertex 51.6355 -7.14393 2.2
    endloop
  endfacet
  facet normal 0.55891 0.440717 0.702416
    outer loop
      vertex 50.4682 -6.93843 3
      vertex 51.1008 -6.46564 2.2
      vertex 50.4616 -6.93006 3
    endloop
  endfacet
  facet normal 0.298003 0.64639 0.702406
    outer loop
      vertex 55.0061 -9.80107 2.2
      vertex 54.6571 -10.5095 3
      vertex 55.7905 -10.1627 2.2
    endloop
  endfacet
  facet normal 0.294057 0.648263 0.702343
    outer loop
      vertex 54.6571 -10.5095 3
      vertex 55.0061 -9.80107 2.2
      vertex 54.6474 -10.5051 3
    endloop
  endfacet
  facet normal -0.520648 -0.485406 0.702358
    outer loop
      vertex 68.958 7.6649 3
      vertex 68.3645 7.14393 2.2
      vertex 68.9653 7.65707 3
    endloop
  endfacet
  facet normal -0.522672 -0.483165 0.7024
    outer loop
      vertex 68.3645 7.14393 2.2
      vertex 68.958 7.6649 3
      vertex 67.7782 7.77817 2.2
    endloop
  endfacet
  facet normal 0.684895 -0.193586 0.702455
    outer loop
      vertex 48.784 3.63309 3
      vertex 49.5384 3.39919 2.2
      vertex 48.7869 3.64335 3
    endloop
  endfacet
  facet normal 0.684999 -0.193233 0.702451
    outer loop
      vertex 49.5384 3.39919 2.2
      vertex 48.784 3.63309 3
      vertex 49.3039 2.5679 2.2
    endloop
  endfacet
  facet normal 0.698087 0.138856 0.70242
    outer loop
      vertex 49.1354 -1.72078 2.2
      vertex 48.3571 -1.85484 3
      vertex 49.3039 -2.5679 2.2
    endloop
  endfacet
  facet normal 0.697854 0.140105 0.702403
    outer loop
      vertex 48.3571 -1.85484 3
      vertex 49.1354 -1.72078 2.2
      vertex 48.355 -1.84438 3
    endloop
  endfacet
  facet normal 0.698081 0.138837 0.70243
    outer loop
      vertex 48.5356 -2.75235 3
      vertex 49.3039 -2.5679 2.2
      vertex 48.3571 -1.85484 3
    endloop
  endfacet
  facet normal 0.483126 0.522669 0.702429
    outer loop
      vertex 52.3351 -8.95804 3
      vertex 52.2218 -7.77817 2.2
      vertex 51.6631 -8.33688 3
    endloop
  endfacet
  facet normal -0.395416 -0.591837 0.702406
    outer loop
      vertex 66.9212 9.54433 3
      vertex 66.1603 10.0527 3
      vertex 65.7475 9.37904 2.2
    endloop
  endfacet
  facet normal 0.19323 -0.685 0.702451
    outer loop
      vertex 56.3669 11.216 3
      vertex 56.6008 10.4616 2.2
      vertex 57.4321 10.6961 2.2
    endloop
  endfacet
  facet normal 0.194636 -0.684583 0.702469
    outer loop
      vertex 56.6008 10.4616 2.2
      vertex 56.3669 11.216 3
      vertex 56.3567 11.2131 3
    endloop
  endfacet
  facet normal -0.140885 -0.697714 0.702387
    outer loop
      vertex 61.7208 10.8646 2.2
      vertex 61.8548 11.6429 3
      vertex 61.8444 11.645 3
    endloop
  endfacet
  facet normal -0.13886 -0.698091 0.702415
    outer loop
      vertex 61.8548 11.6429 3
      vertex 61.7208 10.8646 2.2
      vertex 62.5679 10.6961 2.2
    endloop
  endfacet
  facet normal -0.440611 -0.558959 0.702444
    outer loop
      vertex 67.1439 8.36446 2.2
      vertex 67.6571 8.96528 3
      vertex 66.9384 9.53181 3
    endloop
  endfacet
  facet normal -0.483126 -0.522669 0.702429
    outer loop
      vertex 67.7782 7.77817 2.2
      vertex 68.3369 8.33688 3
      vertex 67.6649 8.95804 3
    endloop
  endfacet
  facet normal 0.443017 -0.557127 0.702385
    outer loop
      vertex 53.0616 9.53181 3
      vertex 53.5344 8.89919 2.2
      vertex 53.0699 9.53841 3
    endloop
  endfacet
  facet normal 0.440644 -0.558953 0.702427
    outer loop
      vertex 53.5344 8.89919 2.2
      vertex 53.0616 9.53181 3
      vertex 52.8561 8.36446 2.2
    endloop
  endfacet
  facet normal 0.55897 -0.440639 0.702417
    outer loop
      vertex 50.4682 6.93843 3
      vertex 51.1008 6.46564 2.2
      vertex 51.6355 7.14393 2.2
    endloop
  endfacet
  facet normal 0.55891 -0.440717 0.702416
    outer loop
      vertex 51.1008 6.46564 2.2
      vertex 50.4682 6.93843 3
      vertex 50.4616 6.93006 3
    endloop
  endfacet
  facet normal -0.685029 -0.193203 0.70243
    outer loop
      vertex 71.4644 2.75235 3
      vertex 71.216 3.63309 3
      vertex 70.6961 2.5679 2.2
    endloop
  endfacet
  facet normal 0.522685 0.483109 0.702428
    outer loop
      vertex 51.6631 -8.33688 3
      vertex 52.2218 -7.77817 2.2
      vertex 51.042 -7.6649 3
    endloop
  endfacet
  facet normal 0.558971 0.440633 0.70242
    outer loop
      vertex 51.0347 -7.65707 3
      vertex 51.6355 -7.14393 2.2
      vertex 50.4682 -6.93843 3
    endloop
  endfacet
  facet normal -0.347351 -0.621224 0.702444
    outer loop
      vertex 64.9939 9.80107 2.2
      vertex 65.3619 10.4999 3
      vertex 65.3526 10.5051 3
    endloop
  endfacet
  facet normal -0.34777 -0.620997 0.702438
    outer loop
      vertex 65.3619 10.4999 3
      vertex 64.9939 9.80107 2.2
      vertex 65.7475 9.37904 2.2
    endloop
  endfacet
  facet normal -0.394203 -0.592636 0.702415
    outer loop
      vertex 66.9212 9.54433 3
      vertex 66.4656 8.89919 2.2
      vertex 66.9301 9.53841 3
    endloop
  endfacet
  facet normal -0.395443 -0.591785 0.702435
    outer loop
      vertex 66.4656 8.89919 2.2
      vertex 66.9212 9.54433 3
      vertex 65.7475 9.37904 2.2
    endloop
  endfacet
  facet normal 0.298045 -0.646334 0.70244
    outer loop
      vertex 55.7905 10.1627 2.2
      vertex 55.4881 10.8927 3
      vertex 54.6571 10.5095 3
    endloop
  endfacet
  facet normal 0.246333 -0.667795 0.702403
    outer loop
      vertex 55.4981 10.8963 3
      vertex 55.7905 10.1627 2.2
      vertex 56.6008 10.4616 2.2
    endloop
  endfacet
  facet normal 0.241121 -0.669782 0.70232
    outer loop
      vertex 55.7905 10.1627 2.2
      vertex 55.4981 10.8963 3
      vertex 55.4881 10.8927 3
    endloop
  endfacet
  facet normal 0.140885 -0.697714 0.702387
    outer loop
      vertex 58.1452 11.6429 3
      vertex 58.2792 10.8646 2.2
      vertex 58.1556 11.645 3
    endloop
  endfacet
  facet normal 0.13886 -0.698091 0.702415
    outer loop
      vertex 58.2792 10.8646 2.2
      vertex 58.1452 11.6429 3
      vertex 57.4321 10.6961 2.2
    endloop
  endfacet
  facet normal 0.138839 -0.698085 0.702425
    outer loop
      vertex 57.4321 10.6961 2.2
      vertex 58.1452 11.6429 3
      vertex 57.2477 11.4644 3
    endloop
  endfacet
  facet normal -0.246379 -0.667742 0.702437
    outer loop
      vertex 64.5019 10.8963 3
      vertex 63.6433 11.2131 3
      vertex 63.3992 10.4616 2.2
    endloop
  endfacet
  facet normal -0.194636 -0.684583 0.702469
    outer loop
      vertex 63.6331 11.216 3
      vertex 63.3992 10.4616 2.2
      vertex 63.6433 11.2131 3
    endloop
  endfacet
  facet normal -0.19323 -0.685 0.702451
    outer loop
      vertex 63.3992 10.4616 2.2
      vertex 63.6331 11.216 3
      vertex 62.5679 10.6961 2.2
    endloop
  endfacet
  facet normal -0.241121 -0.669782 0.70232
    outer loop
      vertex 64.5019 10.8963 3
      vertex 64.2095 10.1627 2.2
      vertex 64.5119 10.8927 3
    endloop
  endfacet
  facet normal -0.246333 -0.667795 0.702403
    outer loop
      vertex 64.2095 10.1627 2.2
      vertex 64.5019 10.8963 3
      vertex 63.3992 10.4616 2.2
    endloop
  endfacet
  facet normal 0.483126 -0.522669 0.702429
    outer loop
      vertex 52.2218 7.77817 2.2
      vertex 52.3351 8.95804 3
      vertex 51.6631 8.33688 3
    endloop
  endfacet
  facet normal -0.443017 -0.557127 0.702385
    outer loop
      vertex 66.4656 8.89919 2.2
      vertex 66.9384 9.53181 3
      vertex 66.9301 9.53841 3
    endloop
  endfacet
  facet normal -0.440644 -0.558953 0.702427
    outer loop
      vertex 66.9384 9.53181 3
      vertex 66.4656 8.89919 2.2
      vertex 67.1439 8.36446 2.2
    endloop
  endfacet
  facet normal -0.0866484 -0.706518 0.702371
    outer loop
      vertex 60.863 10.9661 2.2
      vertex 60.9356 11.7525 3
      vertex 60.925 11.7538 3
    endloop
  endfacet
  facet normal -0.0836374 -0.706839 0.702413
    outer loop
      vertex 60.9356 11.7525 3
      vertex 60.863 10.9661 2.2
      vertex 61.7208 10.8646 2.2
    endloop
  endfacet
  facet normal -0.0279374 -0.711209 0.702425
    outer loop
      vertex 60.863 10.9661 2.2
      vertex 60.9144 11.7542 3
      vertex 60 11 2.2
    endloop
  endfacet
  facet normal -0.0268402 -0.711266 0.70241
    outer loop
      vertex 60.9144 11.7542 3
      vertex 60.863 10.9661 2.2
      vertex 60.925 11.7538 3
    endloop
  endfacet
  facet normal -0.648032 -0.29456 0.702345
    outer loop
      vertex 69.8011 4.99389 2.2
      vertex 70.5095 5.34292 3
      vertex 70.5051 5.3526 3
    endloop
  endfacet
  facet normal -0.646401 -0.297995 0.702399
    outer loop
      vertex 70.5095 5.34292 3
      vertex 69.8011 4.99389 2.2
      vertex 70.1627 4.20952 2.2
    endloop
  endfacet
  facet normal -0.298045 -0.646334 0.70244
    outer loop
      vertex 65.3429 10.5095 3
      vertex 64.5119 10.8927 3
      vertex 64.2095 10.1627 2.2
    endloop
  endfacet
  facet normal -0.620977 -0.347818 0.702432
    outer loop
      vertex 70.4999 5.36191 3
      vertex 70.0527 6.16032 3
      vertex 69.379 5.74748 2.2
    endloop
  endfacet
  facet normal -0.698081 -0.138837 0.70243
    outer loop
      vertex 71.6429 1.85484 3
      vertex 71.4644 2.75235 3
      vertex 70.6961 2.5679 2.2
    endloop
  endfacet
  facet normal -0.522685 -0.483109 0.702428
    outer loop
      vertex 68.958 7.6649 3
      vertex 68.3369 8.33688 3
      vertex 67.7782 7.77817 2.2
    endloop
  endfacet
  facet normal 0.592449 -0.39452 0.702395
    outer loop
      vertex 50.4557 6.9212 3
      vertex 51.1008 6.46564 2.2
      vertex 50.4616 6.93006 3
    endloop
  endfacet
  facet normal 0.59184 -0.395406 0.702409
    outer loop
      vertex 51.1008 6.46564 2.2
      vertex 50.4557 6.9212 3
      vertex 50.621 5.74748 2.2
    endloop
  endfacet
  facet normal -0.697854 -0.140105 0.702403
    outer loop
      vertex 71.6429 1.85484 3
      vertex 70.8646 1.72078 2.2
      vertex 71.645 1.84438 3
    endloop
  endfacet
  facet normal -0.698087 -0.138856 0.70242
    outer loop
      vertex 70.8646 1.72078 2.2
      vertex 71.6429 1.85484 3
      vertex 70.6961 2.5679 2.2
    endloop
  endfacet
  facet normal -0.646346 -0.298036 0.702433
    outer loop
      vertex 70.8927 4.51188 3
      vertex 70.5095 5.34292 3
      vertex 70.1627 4.20952 2.2
    endloop
  endfacet
  facet normal -0.592449 -0.39452 0.702395
    outer loop
      vertex 68.8992 6.46564 2.2
      vertex 69.5443 6.9212 3
      vertex 69.5384 6.93006 3
    endloop
  endfacet
  facet normal -0.59184 -0.395406 0.702409
    outer loop
      vertex 69.5443 6.9212 3
      vertex 68.8992 6.46564 2.2
      vertex 69.379 5.74748 2.2
    endloop
  endfacet
  facet normal -0.684895 -0.193586 0.702455
    outer loop
      vertex 70.4616 3.39919 2.2
      vertex 71.216 3.63309 3
      vertex 71.2131 3.64335 3
    endloop
  endfacet
  facet normal -0.684999 -0.193233 0.702451
    outer loop
      vertex 71.216 3.63309 3
      vertex 70.4616 3.39919 2.2
      vertex 70.6961 2.5679 2.2
    endloop
  endfacet
  facet normal -0.706827 -0.0836136 0.702428
    outer loop
      vertex 71.7525 0.93563 3
      vertex 71.645 1.84438 3
      vertex 70.8646 1.72078 2.2
    endloop
  endfacet
  facet normal -0.706839 -0.0836442 0.702412
    outer loop
      vertex 70.9661 0.86305 2.2
      vertex 71.7525 0.93563 3
      vertex 70.8646 1.72078 2.2
    endloop
  endfacet
  facet normal -0.706509 -0.0867455 0.702368
    outer loop
      vertex 71.7525 0.93563 3
      vertex 70.9661 0.86305 2.2
      vertex 71.7538 0.925042 3
    endloop
  endfacet
  facet normal 0 0 1
    outer loop
      vertex 60.0966 -16.4466 2.4
      vertex 59.1008 -16.7882 2.4
      vertex 60.0966 -16.7882 2.4
    endloop
  endfacet
  facet normal 0 0 1
    outer loop
      vertex 59.1008 -16.7882 2.4
      vertex 58.7132 -16.7882 2.4
      vertex 59.1008 -19.4841 2.4
    endloop
  endfacet
  facet normal 0 0 1
    outer loop
      vertex 60.0966 -16.4466 2.4
      vertex 58.7132 -16.7882 2.4
      vertex 59.1008 -16.7882 2.4
    endloop
  endfacet
  facet normal -0 0 1
    outer loop
      vertex 57.7133 -16.4466 2.4
      vertex 58.7132 -16.7882 2.4
      vertex 60.0966 -16.4466 2.4
    endloop
  endfacet
  facet normal 0 0 1
    outer loop
      vertex 58.7132 -16.7882 2.4
      vertex 57.7133 -16.4466 2.4
      vertex 57.7133 -16.7882 2.4
    endloop
  endfacet
  facet normal 0 0 1
    outer loop
      vertex 59.1008 -19.4841 2.4
      vertex 58.7132 -16.7882 2.4
      vertex 58.7132 -19.4841 2.4
    endloop
  endfacet
  facet normal -0 0 1
    outer loop
      vertex 60.5494 -18.4257 2.4
      vertex 61.4744 -18.7549 2.4
      vertex 61.4744 -18.4257 2.4
    endloop
  endfacet
  facet normal 0 0 1
    outer loop
      vertex 60.2286 -18.7549 2.4
      vertex 60.5494 -18.4257 2.4
      vertex 60.2286 -18.3674 2.4
    endloop
  endfacet
  facet normal 0 0 1
    outer loop
      vertex 60.5494 -18.4257 2.4
      vertex 60.2286 -18.7549 2.4
      vertex 61.4744 -18.7549 2.4
    endloop
  endfacet
  facet normal 0 0 1
    outer loop
      vertex 60.2286 -18.3674 2.4
      vertex 61.4744 -17.0966 2.4
      vertex 61.5702 -16.4716 2.4
    endloop
  endfacet
  facet normal 0 0 1
    outer loop
      vertex 61.4744 -17.0966 2.4
      vertex 60.2286 -18.3674 2.4
      vertex 60.5494 -18.4257 2.4
    endloop
  endfacet
  facet normal -0 0 1
    outer loop
      vertex 61.4744 -17.0966 2.4
      vertex 61.8411 -18.4257 2.4
      vertex 61.8411 -16.4716 2.4
    endloop
  endfacet
  facet normal 0 0 1
    outer loop
      vertex 61.4744 -18.4257 2.4
      vertex 61.8411 -18.4257 2.4
      vertex 61.4744 -17.0966 2.4
    endloop
  endfacet
  facet normal 0 0 1
    outer loop
      vertex 61.4744 -17.0966 2.4
      vertex 61.8411 -16.4716 2.4
      vertex 61.5702 -16.4716 2.4
    endloop
  endfacet
  facet normal 0 0 1
    outer loop
      vertex 61.8411 -18.4257 2.4
      vertex 61.4744 -18.4257 2.4
      vertex 61.8411 -18.7549 2.4
    endloop
  endfacet
  facet normal 0 0 1
    outer loop
      vertex 61.4744 -18.7549 2.4
      vertex 61.8411 -18.7549 2.4
      vertex 61.4744 -18.4257 2.4
    endloop
  endfacet
  facet normal 0 0 1
    outer loop
      vertex 61.8411 -18.7549 2.4
      vertex 61.4744 -18.7549 2.4
      vertex 61.8411 -19.4841 2.4
    endloop
  endfacet
  facet normal 0 0 1
    outer loop
      vertex 61.8411 -19.4841 2.4
      vertex 61.4744 -18.7549 2.4
      vertex 61.4744 -19.4841 2.4
    endloop
  endfacet
  facet normal -0 0 1
    outer loop
      vertex 61.8411 -18.4257 2.4
      vertex 62.2785 -18.7549 2.4
      vertex 62.2785 -18.4257 2.4
    endloop
  endfacet
  facet normal 0 0 1
    outer loop
      vertex 62.2785 -18.7549 2.4
      vertex 61.8411 -18.4257 2.4
      vertex 61.8411 -18.7549 2.4
    endloop
  endfacet
  facet normal 0 1 -0
    outer loop
      vertex 60.0966 -16.7882 2.4
      vertex 59.1008 -16.7882 3
      vertex 60.0966 -16.7882 3
    endloop
  endfacet
  facet normal 0 1 0
    outer loop
      vertex 59.1008 -16.7882 3
      vertex 60.0966 -16.7882 2.4
      vertex 59.1008 -16.7882 2.4
    endloop
  endfacet
  facet normal -1 0 0
    outer loop
      vertex 60.0966 -16.7882 2.4
      vertex 60.0966 -16.4466 3
      vertex 60.0966 -16.4466 2.4
    endloop
  endfacet
  facet normal -1 -0 0
    outer loop
      vertex 60.0966 -16.4466 3
      vertex 60.0966 -16.7882 2.4
      vertex 60.0966 -16.7882 3
    endloop
  endfacet
  facet normal 0 -1 0
    outer loop
      vertex 57.7133 -16.4466 2.4
      vertex 60.0966 -16.4466 3
      vertex 57.7133 -16.4466 3
    endloop
  endfacet
  facet normal 0 -1 -0
    outer loop
      vertex 60.0966 -16.4466 3
      vertex 57.7133 -16.4466 2.4
      vertex 60.0966 -16.4466 2.4
    endloop
  endfacet
  facet normal 1 -0 0
    outer loop
      vertex 57.7133 -16.7882 3
      vertex 57.7133 -16.4466 2.4
      vertex 57.7133 -16.4466 3
    endloop
  endfacet
  facet normal 1 0 0
    outer loop
      vertex 57.7133 -16.4466 2.4
      vertex 57.7133 -16.7882 3
      vertex 57.7133 -16.7882 2.4
    endloop
  endfacet
  facet normal 0 1 -0
    outer loop
      vertex 58.7132 -16.7882 2.4
      vertex 57.7133 -16.7882 3
      vertex 58.7132 -16.7882 3
    endloop
  endfacet
  facet normal 0 1 0
    outer loop
      vertex 57.7133 -16.7882 3
      vertex 58.7132 -16.7882 2.4
      vertex 57.7133 -16.7882 2.4
    endloop
  endfacet
  facet normal 1 -0 0
    outer loop
      vertex 58.7132 -19.4841 3
      vertex 58.7132 -16.7882 2.4
      vertex 58.7132 -16.7882 3
    endloop
  endfacet
  facet normal 1 0 0
    outer loop
      vertex 58.7132 -16.7882 2.4
      vertex 58.7132 -19.4841 3
      vertex 58.7132 -19.4841 2.4
    endloop
  endfacet
  facet normal 0 1 -0
    outer loop
      vertex 59.1008 -19.4841 2.4
      vertex 58.7132 -19.4841 3
      vertex 59.1008 -19.4841 3
    endloop
  endfacet
  facet normal 0 1 0
    outer loop
      vertex 58.7132 -19.4841 3
      vertex 59.1008 -19.4841 2.4
      vertex 58.7132 -19.4841 2.4
    endloop
  endfacet
  facet normal -1 0 0
    outer loop
      vertex 59.1008 -19.4841 2.4
      vertex 59.1008 -16.7882 3
      vertex 59.1008 -16.7882 2.4
    endloop
  endfacet
  facet normal -1 -0 0
    outer loop
      vertex 59.1008 -16.7882 3
      vertex 59.1008 -19.4841 2.4
      vertex 59.1008 -19.4841 3
    endloop
  endfacet
  facet normal 0 1 -0
    outer loop
      vertex 62.2785 -18.7549 2.4
      vertex 61.8411 -18.7549 3
      vertex 62.2785 -18.7549 3
    endloop
  endfacet
  facet normal 0 1 0
    outer loop
      vertex 61.8411 -18.7549 3
      vertex 62.2785 -18.7549 2.4
      vertex 61.8411 -18.7549 2.4
    endloop
  endfacet
  facet normal -1 0 0
    outer loop
      vertex 62.2785 -18.7549 2.4
      vertex 62.2785 -18.4257 3
      vertex 62.2785 -18.4257 2.4
    endloop
  endfacet
  facet normal -1 -0 0
    outer loop
      vertex 62.2785 -18.4257 3
      vertex 62.2785 -18.7549 2.4
      vertex 62.2785 -18.7549 3
    endloop
  endfacet
  facet normal 0 -1 0
    outer loop
      vertex 61.8411 -18.4257 2.4
      vertex 62.2785 -18.4257 3
      vertex 61.8411 -18.4257 3
    endloop
  endfacet
  facet normal 0 -1 -0
    outer loop
      vertex 62.2785 -18.4257 3
      vertex 61.8411 -18.4257 2.4
      vertex 62.2785 -18.4257 2.4
    endloop
  endfacet
  facet normal -1 0 0
    outer loop
      vertex 61.8411 -18.4257 2.4
      vertex 61.8411 -16.4716 3
      vertex 61.8411 -16.4716 2.4
    endloop
  endfacet
  facet normal -1 -0 0
    outer loop
      vertex 61.8411 -16.4716 3
      vertex 61.8411 -18.4257 2.4
      vertex 61.8411 -18.4257 3
    endloop
  endfacet
  facet normal 0 -1 0
    outer loop
      vertex 61.5702 -16.4716 2.4
      vertex 61.8411 -16.4716 3
      vertex 61.5702 -16.4716 3
    endloop
  endfacet
  facet normal 0 -1 -0
    outer loop
      vertex 61.8411 -16.4716 3
      vertex 61.5702 -16.4716 2.4
      vertex 61.8411 -16.4716 2.4
    endloop
  endfacet
  facet normal 0.81628 -0.577656 0
    outer loop
      vertex 60.2286 -18.3674 3
      vertex 61.5702 -16.4716 2.4
      vertex 61.5702 -16.4716 3
    endloop
  endfacet
  facet normal 0.81628 -0.577656 0
    outer loop
      vertex 61.5702 -16.4716 2.4
      vertex 60.2286 -18.3674 3
      vertex 60.2286 -18.3674 2.4
    endloop
  endfacet
  facet normal 1 -0 0
    outer loop
      vertex 60.2286 -18.7549 3
      vertex 60.2286 -18.3674 2.4
      vertex 60.2286 -18.3674 3
    endloop
  endfacet
  facet normal 1 0 0
    outer loop
      vertex 60.2286 -18.3674 2.4
      vertex 60.2286 -18.7549 3
      vertex 60.2286 -18.7549 2.4
    endloop
  endfacet
  facet normal 0 1 -0
    outer loop
      vertex 61.4744 -18.7549 2.4
      vertex 60.2286 -18.7549 3
      vertex 61.4744 -18.7549 3
    endloop
  endfacet
  facet normal 0 1 0
    outer loop
      vertex 60.2286 -18.7549 3
      vertex 61.4744 -18.7549 2.4
      vertex 60.2286 -18.7549 2.4
    endloop
  endfacet
  facet normal 1 -0 0
    outer loop
      vertex 61.4744 -19.4841 3
      vertex 61.4744 -18.7549 2.4
      vertex 61.4744 -18.7549 3
    endloop
  endfacet
  facet normal 1 0 0
    outer loop
      vertex 61.4744 -18.7549 2.4
      vertex 61.4744 -19.4841 3
      vertex 61.4744 -19.4841 2.4
    endloop
  endfacet
  facet normal 0 1 -0
    outer loop
      vertex 61.8411 -19.4841 2.4
      vertex 61.4744 -19.4841 3
      vertex 61.8411 -19.4841 3
    endloop
  endfacet
  facet normal 0 1 0
    outer loop
      vertex 61.4744 -19.4841 3
      vertex 61.8411 -19.4841 2.4
      vertex 61.4744 -19.4841 2.4
    endloop
  endfacet
  facet normal -1 0 0
    outer loop
      vertex 61.8411 -19.4841 2.4
      vertex 61.8411 -18.7549 3
      vertex 61.8411 -18.7549 2.4
    endloop
  endfacet
  facet normal -1 -0 0
    outer loop
      vertex 61.8411 -18.7549 3
      vertex 61.8411 -19.4841 2.4
      vertex 61.8411 -19.4841 3
    endloop
  endfacet
  facet normal -0.820787 0.571235 0
    outer loop
      vertex 60.5494 -18.4257 2.4
      vertex 61.4744 -17.0966 3
      vertex 61.4744 -17.0966 2.4
    endloop
  endfacet
  facet normal -0.820787 0.571235 0
    outer loop
      vertex 61.4744 -17.0966 3
      vertex 60.5494 -18.4257 2.4
      vertex 60.5494 -18.4257 3
    endloop
  endfacet
  facet normal 1 -0 0
    outer loop
      vertex 61.4744 -18.4257 3
      vertex 61.4744 -17.0966 2.4
      vertex 61.4744 -17.0966 3
    endloop
  endfacet
  facet normal 1 0 0
    outer loop
      vertex 61.4744 -17.0966 2.4
      vertex 61.4744 -18.4257 3
      vertex 61.4744 -18.4257 2.4
    endloop
  endfacet
  facet normal 0 -1 0
    outer loop
      vertex 60.5494 -18.4257 2.4
      vertex 61.4744 -18.4257 3
      vertex 60.5494 -18.4257 3
    endloop
  endfacet
  facet normal 0 -1 -0
    outer loop
      vertex 61.4744 -18.4257 3
      vertex 60.5494 -18.4257 2.4
      vertex 61.4744 -18.4257 2.4
    endloop
  endfacet
  facet normal 0.0390526 -0.999237 0
    outer loop
      vertex 87 -22 0
      vertex 87.2354 -21.9908 3
      vertex 87 -22 3
    endloop
  endfacet
  facet normal 0.0390526 -0.999237 0
    outer loop
      vertex 87.2354 -21.9908 3
      vertex 87 -22 0
      vertex 87.2354 -21.9908 0
    endloop
  endfacet
  facet normal -0.87247 0.488668 0
    outer loop
      vertex -89.673 20.362 0
      vertex -89.5579 20.5675 3
      vertex -89.5579 20.5675 0
    endloop
  endfacet
  facet normal -0.87247 0.488668 0
    outer loop
      vertex -89.5579 20.5675 3
      vertex -89.673 20.362 0
      vertex -89.673 20.362 3
    endloop
  endfacet
  facet normal -0.0390526 -0.999237 0
    outer loop
      vertex -87.2354 -21.9908 0
      vertex -87 -22 3
      vertex -87.2354 -21.9908 3
    endloop
  endfacet
  facet normal -0.0390526 -0.999237 -0
    outer loop
      vertex -87 -22 3
      vertex -87.2354 -21.9908 0
      vertex -87 -22 0
    endloop
  endfacet
  facet normal 0.99306 -0.117605 0
    outer loop
      vertex 89.9631 -19.4693 3
      vertex 89.9908 -19.2354 0
      vertex 89.9908 -19.2354 3
    endloop
  endfacet
  facet normal 0.99306 -0.117605 0
    outer loop
      vertex 89.9908 -19.2354 0
      vertex 89.9631 -19.4693 3
      vertex 89.9631 -19.4693 0
    endloop
  endfacet
  facet normal -0 0 -1
    outer loop
      vertex -69.379 -5.74748 0
      vertex -80.7752 -12.3836 0
      vertex -69.8011 -4.99389 0
    endloop
  endfacet
  facet normal 0 0 -1
    outer loop
      vertex -71 0 0
      vertex -80.2585 13.7842 0
      vertex -80.25 14 0
    endloop
  endfacet
  facet normal 0 0 -1
    outer loop
      vertex -80.9089 -12.214 0
      vertex -69.8011 -4.99389 0
      vertex -80.7752 -12.3836 0
    endloop
  endfacet
  facet normal 0 0 -1
    outer loop
      vertex -71 0 0
      vertex -80.2839 13.5698 0
      vertex -80.2585 13.7842 0
    endloop
  endfacet
  facet normal 0 0 -1
    outer loop
      vertex -81.0555 -12.0555 0
      vertex -69.8011 -4.99389 0
      vertex -80.9089 -12.214 0
    endloop
  endfacet
  facet normal 0 0 -1
    outer loop
      vertex -71 0 0
      vertex -80.326 13.358 0
      vertex -80.2839 13.5698 0
    endloop
  endfacet
  facet normal -0 0 -1
    outer loop
      vertex -69.8011 -4.99389 0
      vertex -81.0555 -12.0555 0
      vertex -70.1627 -4.20952 0
    endloop
  endfacet
  facet normal 0 0 -1
    outer loop
      vertex -71 0 0
      vertex -80.3846 13.1502 0
      vertex -80.326 13.358 0
    endloop
  endfacet
  facet normal 0 0 -1
    outer loop
      vertex -81.214 -11.9089 0
      vertex -70.1627 -4.20952 0
      vertex -81.0555 -12.0555 0
    endloop
  endfacet
  facet normal 0 0 -1
    outer loop
      vertex -71 0 0
      vertex -80.4593 12.9476 0
      vertex -80.3846 13.1502 0
    endloop
  endfacet
  facet normal -0 0 -1
    outer loop
      vertex -70.1627 -4.20952 0
      vertex -81.214 -11.9089 0
      vertex -70.4616 -3.39919 0
    endloop
  endfacet
  facet normal 0 0 -1
    outer loop
      vertex -71 0 0
      vertex -80.5497 12.7515 0
      vertex -80.4593 12.9476 0
    endloop
  endfacet
  facet normal 0 0 -1
    outer loop
      vertex -81.3836 -11.7752 0
      vertex -70.4616 -3.39919 0
      vertex -81.214 -11.9089 0
    endloop
  endfacet
  facet normal 0 0 -1
    outer loop
      vertex -71 0 0
      vertex -80.6552 12.5631 0
      vertex -80.5497 12.7515 0
    endloop
  endfacet
  facet normal 0 0 -1
    outer loop
      vertex -81.5631 -11.6552 0
      vertex -70.4616 -3.39919 0
      vertex -81.3836 -11.7752 0
    endloop
  endfacet
  facet normal 0 0 -1
    outer loop
      vertex -71 0 0
      vertex -80.7752 12.3836 0
      vertex -80.6552 12.5631 0
    endloop
  endfacet
  facet normal -0 0 -1
    outer loop
      vertex -70.4616 -3.39919 0
      vertex -81.5631 -11.6552 0
      vertex -70.6961 -2.5679 0
    endloop
  endfacet
  facet normal 0 0 -1
    outer loop
      vertex -71 0 0
      vertex -80.9089 12.214 0
      vertex -80.7752 12.3836 0
    endloop
  endfacet
  facet normal 0 0 -1
    outer loop
      vertex -81.7515 -11.5497 0
      vertex -70.6961 -2.5679 0
      vertex -81.5631 -11.6552 0
    endloop
  endfacet
  facet normal 0 0 -1
    outer loop
      vertex -71 0 0
      vertex -81.0555 12.0555 0
      vertex -80.9089 12.214 0
    endloop
  endfacet
  facet normal 0 0 -1
    outer loop
      vertex -81.9476 -11.4593 0
      vertex -70.6961 -2.5679 0
      vertex -81.7515 -11.5497 0
    endloop
  endfacet
  facet normal 0 0 -1
    outer loop
      vertex -71 0 0
      vertex -81.214 11.9089 0
      vertex -81.0555 12.0555 0
    endloop
  endfacet
  facet normal -0 0 -1
    outer loop
      vertex -70.6961 -2.5679 0
      vertex -81.9476 -11.4593 0
      vertex -70.8646 -1.72078 0
    endloop
  endfacet
  facet normal 0 0 -1
    outer loop
      vertex -71 0 0
      vertex -81.3836 11.7752 0
      vertex -81.214 11.9089 0
    endloop
  endfacet
  facet normal 0 0 -1
    outer loop
      vertex -82.1502 -11.3846 0
      vertex -70.8646 -1.72078 0
      vertex -81.9476 -11.4593 0
    endloop
  endfacet
  facet normal 0 0 -1
    outer loop
      vertex -71 0 0
      vertex -81.5631 11.6552 0
      vertex -81.3836 11.7752 0
    endloop
  endfacet
  facet normal 0 0 -1
    outer loop
      vertex -82.358 -11.326 0
      vertex -70.8646 -1.72078 0
      vertex -82.1502 -11.3846 0
    endloop
  endfacet
  facet normal 0 0 -1
    outer loop
      vertex -71 0 0
      vertex -81.7515 11.5497 0
      vertex -81.5631 11.6552 0
    endloop
  endfacet
  facet normal -0 0 -1
    outer loop
      vertex -70.8646 -1.72078 0
      vertex -82.358 -11.326 0
      vertex -70.9661 -0.86305 0
    endloop
  endfacet
  facet normal 0 0 -1
    outer loop
      vertex -71 0 0
      vertex -81.9476 11.4593 0
      vertex -81.7515 11.5497 0
    endloop
  endfacet
  facet normal 0 0 -1
    outer loop
      vertex -82.5698 -11.2839 0
      vertex -70.9661 -0.86305 0
      vertex -82.358 -11.326 0
    endloop
  endfacet
  facet normal 0 0 -1
    outer loop
      vertex -71 0 0
      vertex -82.1502 11.3846 0
      vertex -81.9476 11.4593 0
    endloop
  endfacet
  facet normal -0 0 -1
    outer loop
      vertex -70.9661 -0.86305 0
      vertex -82.5698 -11.2839 0
      vertex -71 0 0
    endloop
  endfacet
  facet normal 0 0 -1
    outer loop
      vertex -71 0 0
      vertex -82.358 11.326 0
      vertex -82.1502 11.3846 0
    endloop
  endfacet
  facet normal 0 0 -1
    outer loop
      vertex -82.7842 -11.2585 0
      vertex -71 0 0
      vertex -82.5698 -11.2839 0
    endloop
  endfacet
  facet normal 0 0 -1
    outer loop
      vertex -71 0 0
      vertex -82.5698 11.2839 0
      vertex -82.358 11.326 0
    endloop
  endfacet
  facet normal 0 0 -1
    outer loop
      vertex -82.7842 11.2585 0
      vertex -71 0 0
      vertex -82.7842 -11.2585 0
    endloop
  endfacet
  facet normal 0 0 -1
    outer loop
      vertex -71 0 0
      vertex -82.7842 11.2585 0
      vertex -82.5698 11.2839 0
    endloop
  endfacet
  facet normal 0 0 -1
    outer loop
      vertex -83 -11.25 0
      vertex -82.7842 11.2585 0
      vertex -82.7842 -11.2585 0
    endloop
  endfacet
  facet normal 0 0 -1
    outer loop
      vertex -83 -11.25 0
      vertex -83 11.25 0
      vertex -82.7842 11.2585 0
    endloop
  endfacet
  facet normal 0 0 -1
    outer loop
      vertex -83.2158 -11.2585 0
      vertex -83 11.25 0
      vertex -83 -11.25 0
    endloop
  endfacet
  facet normal 0 0 -1
    outer loop
      vertex -83.2158 -11.2585 0
      vertex -83.2158 11.2585 0
      vertex -83 11.25 0
    endloop
  endfacet
  facet normal 0 0 -1
    outer loop
      vertex -83.4302 -11.2839 0
      vertex -83.2158 11.2585 0
      vertex -83.2158 -11.2585 0
    endloop
  endfacet
  facet normal 0 0 -1
    outer loop
      vertex -83.4302 -11.2839 0
      vertex -83.4302 11.2839 0
      vertex -83.2158 11.2585 0
    endloop
  endfacet
  facet normal 0 0 -1
    outer loop
      vertex -83.642 -11.326 0
      vertex -83.4302 11.2839 0
      vertex -83.4302 -11.2839 0
    endloop
  endfacet
  facet normal 0 0 -1
    outer loop
      vertex -83.642 -11.326 0
      vertex -83.642 11.326 0
      vertex -83.4302 11.2839 0
    endloop
  endfacet
  facet normal 0 0 -1
    outer loop
      vertex -83.8498 -11.3846 0
      vertex -83.642 11.326 0
      vertex -83.642 -11.326 0
    endloop
  endfacet
  facet normal 0 0 -1
    outer loop
      vertex -83.8498 -11.3846 0
      vertex -83.8498 11.3846 0
      vertex -83.642 11.326 0
    endloop
  endfacet
  facet normal 0 0 -1
    outer loop
      vertex -84.0524 -11.4593 0
      vertex -83.8498 11.3846 0
      vertex -83.8498 -11.3846 0
    endloop
  endfacet
  facet normal 0 0 -1
    outer loop
      vertex -84.0524 -11.4593 0
      vertex -84.0524 11.4593 0
      vertex -83.8498 11.3846 0
    endloop
  endfacet
  facet normal 0 0 -1
    outer loop
      vertex -84.2485 -11.5497 0
      vertex -84.0524 11.4593 0
      vertex -84.0524 -11.4593 0
    endloop
  endfacet
  facet normal 0 0 -1
    outer loop
      vertex -84.2485 -11.5497 0
      vertex -84.2485 11.5497 0
      vertex -84.0524 11.4593 0
    endloop
  endfacet
  facet normal 0 0 -1
    outer loop
      vertex -84.4369 -11.6552 0
      vertex -84.2485 11.5497 0
      vertex -84.2485 -11.5497 0
    endloop
  endfacet
  facet normal 0 0 -1
    outer loop
      vertex -84.4369 -11.6552 0
      vertex -84.4369 11.6552 0
      vertex -84.2485 11.5497 0
    endloop
  endfacet
  facet normal 0 0 -1
    outer loop
      vertex -84.6164 -11.7752 0
      vertex -84.4369 11.6552 0
      vertex -84.4369 -11.6552 0
    endloop
  endfacet
  facet normal 0 0 -1
    outer loop
      vertex -84.6164 -11.7752 0
      vertex -84.6164 11.7752 0
      vertex -84.4369 11.6552 0
    endloop
  endfacet
  facet normal 0 0 -1
    outer loop
      vertex -84.786 -11.9089 0
      vertex -84.6164 11.7752 0
      vertex -84.6164 -11.7752 0
    endloop
  endfacet
  facet normal 0 0 -1
    outer loop
      vertex -84.786 -11.9089 0
      vertex -84.786 11.9089 0
      vertex -84.6164 11.7752 0
    endloop
  endfacet
  facet normal 0 0 -1
    outer loop
      vertex -84.9445 -12.0555 0
      vertex -84.786 11.9089 0
      vertex -84.786 -11.9089 0
    endloop
  endfacet
  facet normal 0 0 -1
    outer loop
      vertex -84.9445 -12.0555 0
      vertex -84.9445 12.0555 0
      vertex -84.786 11.9089 0
    endloop
  endfacet
  facet normal 0 0 -1
    outer loop
      vertex -85.0911 -12.214 0
      vertex -84.9445 12.0555 0
      vertex -84.9445 -12.0555 0
    endloop
  endfacet
  facet normal 0 0 -1
    outer loop
      vertex -85.0911 -12.214 0
      vertex -85.0911 12.214 0
      vertex -84.9445 12.0555 0
    endloop
  endfacet
  facet normal 0 0 -1
    outer loop
      vertex -85.2248 -12.3836 0
      vertex -85.0911 12.214 0
      vertex -85.0911 -12.214 0
    endloop
  endfacet
  facet normal 0 0 -1
    outer loop
      vertex -85.2248 -12.3836 0
      vertex -85.2248 12.3836 0
      vertex -85.0911 12.214 0
    endloop
  endfacet
  facet normal 0 0 -1
    outer loop
      vertex -85.3448 -12.5631 0
      vertex -85.2248 12.3836 0
      vertex -85.2248 -12.3836 0
    endloop
  endfacet
  facet normal 0 0 -1
    outer loop
      vertex -85.3448 -12.5631 0
      vertex -85.3448 12.5631 0
      vertex -85.2248 12.3836 0
    endloop
  endfacet
  facet normal 0 0 -1
    outer loop
      vertex -85.4503 -12.7515 0
      vertex -85.3448 12.5631 0
      vertex -85.3448 -12.5631 0
    endloop
  endfacet
  facet normal 0 0 -1
    outer loop
      vertex -85.4503 -12.7515 0
      vertex -85.4503 12.7515 0
      vertex -85.3448 12.5631 0
    endloop
  endfacet
  facet normal 0 0 -1
    outer loop
      vertex -90 -19 0
      vertex -85.4503 -12.7515 0
      vertex -85.5407 -12.9476 0
    endloop
  endfacet
  facet normal -0 0 -1
    outer loop
      vertex -85.4503 -12.7515 0
      vertex -90 -19 0
      vertex -85.4503 12.7515 0
    endloop
  endfacet
  facet normal 0 0 -1
    outer loop
      vertex -90 -19 0
      vertex -85.5407 -12.9476 0
      vertex -85.6154 -13.1502 0
    endloop
  endfacet
  facet normal 0 0 -1
    outer loop
      vertex -90 19 0
      vertex -85.4503 12.7515 0
      vertex -90 -19 0
    endloop
  endfacet
  facet normal 0 0 -1
    outer loop
      vertex -90 -19 0
      vertex -85.6154 -13.1502 0
      vertex -85.674 -13.358 0
    endloop
  endfacet
  facet normal 0 0 -1
    outer loop
      vertex -85.4503 12.7515 0
      vertex -90 19 0
      vertex -85.5407 12.9476 0
    endloop
  endfacet
  facet normal 0 0 -1
    outer loop
      vertex -90 -19 0
      vertex -85.674 -13.358 0
      vertex -85.7161 -13.5698 0
    endloop
  endfacet
  facet normal 0 0 -1
    outer loop
      vertex -85.5407 12.9476 0
      vertex -90 19 0
      vertex -85.6154 13.1502 0
    endloop
  endfacet
  facet normal 0 0 -1
    outer loop
      vertex -90 -19 0
      vertex -85.7161 -13.5698 0
      vertex -85.7415 -13.7842 0
    endloop
  endfacet
  facet normal 0 0 -1
    outer loop
      vertex -85.6154 13.1502 0
      vertex -90 19 0
      vertex -85.674 13.358 0
    endloop
  endfacet
  facet normal 0 0 -1
    outer loop
      vertex -90 -19 0
      vertex -85.7415 -13.7842 0
      vertex -85.75 -14 0
    endloop
  endfacet
  facet normal 0 0 -1
    outer loop
      vertex -85.674 13.358 0
      vertex -90 19 0
      vertex -85.7161 13.5698 0
    endloop
  endfacet
  facet normal 0 0 -1
    outer loop
      vertex 85.674 -13.358 0
      vertex 90 -19 0
      vertex 85.7161 -13.5698 0
    endloop
  endfacet
  facet normal 0 0 -1
    outer loop
      vertex 90 19 0
      vertex 85.7415 13.7842 0
      vertex 85.75 14 0
    endloop
  endfacet
  facet normal 0 0 -1
    outer loop
      vertex 85.6154 -13.1502 0
      vertex 90 -19 0
      vertex 85.674 -13.358 0
    endloop
  endfacet
  facet normal 0 0 -1
    outer loop
      vertex 90 19 0
      vertex 85.7161 13.5698 0
      vertex 85.7415 13.7842 0
    endloop
  endfacet
  facet normal 0 0 -1
    outer loop
      vertex 85.5407 -12.9476 0
      vertex 90 -19 0
      vertex 85.6154 -13.1502 0
    endloop
  endfacet
  facet normal 0 0 -1
    outer loop
      vertex 90 19 0
      vertex 85.674 13.358 0
      vertex 85.7161 13.5698 0
    endloop
  endfacet
  facet normal 0 0 -1
    outer loop
      vertex 85.4503 -12.7515 0
      vertex 90 -19 0
      vertex 85.5407 -12.9476 0
    endloop
  endfacet
  facet normal 0 0 -1
    outer loop
      vertex 90 19 0
      vertex 85.6154 13.1502 0
      vertex 85.674 13.358 0
    endloop
  endfacet
  facet normal 0 0 -1
    outer loop
      vertex 90 -19 0
      vertex 85.4503 -12.7515 0
      vertex 90 19 0
    endloop
  endfacet
  facet normal 0 0 -1
    outer loop
      vertex 90 19 0
      vertex 85.5407 12.9476 0
      vertex 85.6154 13.1502 0
    endloop
  endfacet
  facet normal 0 0 -1
    outer loop
      vertex 85.4503 12.7515 0
      vertex 90 19 0
      vertex 85.4503 -12.7515 0
    endloop
  endfacet
  facet normal 0 0 -1
    outer loop
      vertex 90 19 0
      vertex 85.4503 12.7515 0
      vertex 85.5407 12.9476 0
    endloop
  endfacet
  facet normal 0 0 -1
    outer loop
      vertex 85.3448 -12.5631 0
      vertex 85.4503 12.7515 0
      vertex 85.4503 -12.7515 0
    endloop
  endfacet
  facet normal 0 0 -1
    outer loop
      vertex 85.3448 -12.5631 0
      vertex 85.3448 12.5631 0
      vertex 85.4503 12.7515 0
    endloop
  endfacet
  facet normal 0 0 -1
    outer loop
      vertex 85.2248 -12.3836 0
      vertex 85.3448 12.5631 0
      vertex 85.3448 -12.5631 0
    endloop
  endfacet
  facet normal 0 0 -1
    outer loop
      vertex 85.2248 -12.3836 0
      vertex 85.2248 12.3836 0
      vertex 85.3448 12.5631 0
    endloop
  endfacet
  facet normal 0 0 -1
    outer loop
      vertex 85.0911 -12.214 0
      vertex 85.2248 12.3836 0
      vertex 85.2248 -12.3836 0
    endloop
  endfacet
  facet normal 0 0 -1
    outer loop
      vertex 85.0911 -12.214 0
      vertex 85.0911 12.214 0
      vertex 85.2248 12.3836 0
    endloop
  endfacet
  facet normal 0 0 -1
    outer loop
      vertex 84.9445 -12.0555 0
      vertex 85.0911 12.214 0
      vertex 85.0911 -12.214 0
    endloop
  endfacet
  facet normal 0 0 -1
    outer loop
      vertex 84.9445 -12.0555 0
      vertex 84.9445 12.0555 0
      vertex 85.0911 12.214 0
    endloop
  endfacet
  facet normal 0 0 -1
    outer loop
      vertex 84.786 -11.9089 0
      vertex 84.9445 12.0555 0
      vertex 84.9445 -12.0555 0
    endloop
  endfacet
  facet normal 0 0 -1
    outer loop
      vertex 84.786 -11.9089 0
      vertex 84.786 11.9089 0
      vertex 84.9445 12.0555 0
    endloop
  endfacet
  facet normal 0 0 -1
    outer loop
      vertex 84.6164 -11.7752 0
      vertex 84.786 11.9089 0
      vertex 84.786 -11.9089 0
    endloop
  endfacet
  facet normal 0 0 -1
    outer loop
      vertex 84.6164 -11.7752 0
      vertex 84.6164 11.7752 0
      vertex 84.786 11.9089 0
    endloop
  endfacet
  facet normal 0 0 -1
    outer loop
      vertex 84.4369 -11.6552 0
      vertex 84.6164 11.7752 0
      vertex 84.6164 -11.7752 0
    endloop
  endfacet
  facet normal 0 0 -1
    outer loop
      vertex 84.4369 -11.6552 0
      vertex 84.4369 11.6552 0
      vertex 84.6164 11.7752 0
    endloop
  endfacet
  facet normal 0 0 -1
    outer loop
      vertex 84.2485 -11.5497 0
      vertex 84.4369 11.6552 0
      vertex 84.4369 -11.6552 0
    endloop
  endfacet
  facet normal 0 0 -1
    outer loop
      vertex 84.2485 -11.5497 0
      vertex 84.2485 11.5497 0
      vertex 84.4369 11.6552 0
    endloop
  endfacet
  facet normal 0 0 -1
    outer loop
      vertex 84.0524 -11.4593 0
      vertex 84.2485 11.5497 0
      vertex 84.2485 -11.5497 0
    endloop
  endfacet
  facet normal 0 0 -1
    outer loop
      vertex 84.0524 -11.4593 0
      vertex 84.0524 11.4593 0
      vertex 84.2485 11.5497 0
    endloop
  endfacet
  facet normal 0 0 -1
    outer loop
      vertex 83.8498 -11.3846 0
      vertex 84.0524 11.4593 0
      vertex 84.0524 -11.4593 0
    endloop
  endfacet
  facet normal 0 0 -1
    outer loop
      vertex 83.8498 -11.3846 0
      vertex 83.8498 11.3846 0
      vertex 84.0524 11.4593 0
    endloop
  endfacet
  facet normal 0 0 -1
    outer loop
      vertex 83.642 -11.326 0
      vertex 83.8498 11.3846 0
      vertex 83.8498 -11.3846 0
    endloop
  endfacet
  facet normal 0 0 -1
    outer loop
      vertex 83.642 -11.326 0
      vertex 83.642 11.326 0
      vertex 83.8498 11.3846 0
    endloop
  endfacet
  facet normal 0 0 -1
    outer loop
      vertex 83.4302 -11.2839 0
      vertex 83.642 11.326 0
      vertex 83.642 -11.326 0
    endloop
  endfacet
  facet normal 0 0 -1
    outer loop
      vertex 83.4302 -11.2839 0
      vertex 83.4302 11.2839 0
      vertex 83.642 11.326 0
    endloop
  endfacet
  facet normal 0 0 -1
    outer loop
      vertex 83.2158 -11.2585 0
      vertex 83.4302 11.2839 0
      vertex 83.4302 -11.2839 0
    endloop
  endfacet
  facet normal 0 0 -1
    outer loop
      vertex 83.2158 -11.2585 0
      vertex 83.2158 11.2585 0
      vertex 83.4302 11.2839 0
    endloop
  endfacet
  facet normal 0 0 -1
    outer loop
      vertex 83 -11.25 0
      vertex 83.2158 11.2585 0
      vertex 83.2158 -11.2585 0
    endloop
  endfacet
  facet normal 0 0 -1
    outer loop
      vertex 83 -11.25 0
      vertex 83 11.25 0
      vertex 83.2158 11.2585 0
    endloop
  endfacet
  facet normal 0 0 -1
    outer loop
      vertex 82.7842 -11.2585 0
      vertex 83 11.25 0
      vertex 83 -11.25 0
    endloop
  endfacet
  facet normal 0 0 -1
    outer loop
      vertex 82.7842 -11.2585 0
      vertex 82.7842 11.2585 0
      vertex 83 11.25 0
    endloop
  endfacet
  facet normal 0 0 -1
    outer loop
      vertex 71 0 0
      vertex 82.7842 -11.2585 0
      vertex 82.5698 -11.2839 0
    endloop
  endfacet
  facet normal 0 0 -1
    outer loop
      vertex 82.7842 -11.2585 0
      vertex 71 0 0
      vertex 82.7842 11.2585 0
    endloop
  endfacet
  facet normal 0 0 -1
    outer loop
      vertex 70.9661 -0.86305 0
      vertex 82.5698 -11.2839 0
      vertex 82.358 -11.326 0
    endloop
  endfacet
  facet normal -0 0 -1
    outer loop
      vertex 82.7842 11.2585 0
      vertex 71 0 0
      vertex 82.5698 11.2839 0
    endloop
  endfacet
  facet normal 0 0 -1
    outer loop
      vertex 70.8646 -1.72078 0
      vertex 82.358 -11.326 0
      vertex 82.1502 -11.3846 0
    endloop
  endfacet
  facet normal 0 0 -1
    outer loop
      vertex 70.9661 0.86305 0
      vertex 82.5698 11.2839 0
      vertex 71 0 0
    endloop
  endfacet
  facet normal 0 0 -1
    outer loop
      vertex 70.8646 -1.72078 0
      vertex 82.1502 -11.3846 0
      vertex 81.9476 -11.4593 0
    endloop
  endfacet
  facet normal -0 0 -1
    outer loop
      vertex 82.5698 11.2839 0
      vertex 70.9661 0.86305 0
      vertex 82.358 11.326 0
    endloop
  endfacet
  facet normal 0 0 -1
    outer loop
      vertex 70.6961 -2.5679 0
      vertex 81.9476 -11.4593 0
      vertex 81.7515 -11.5497 0
    endloop
  endfacet
  facet normal 0 0 -1
    outer loop
      vertex 70.8646 1.72078 0
      vertex 82.358 11.326 0
      vertex 70.9661 0.86305 0
    endloop
  endfacet
  facet normal 0 0 -1
    outer loop
      vertex 70.6961 -2.5679 0
      vertex 81.7515 -11.5497 0
      vertex 81.5631 -11.6552 0
    endloop
  endfacet
  facet normal -0 0 -1
    outer loop
      vertex 82.358 11.326 0
      vertex 70.8646 1.72078 0
      vertex 82.1502 11.3846 0
    endloop
  endfacet
  facet normal 0 0 -1
    outer loop
      vertex 70.4616 -3.39919 0
      vertex 81.5631 -11.6552 0
      vertex 81.3836 -11.7752 0
    endloop
  endfacet
  facet normal -0 0 -1
    outer loop
      vertex 82.1502 11.3846 0
      vertex 70.8646 1.72078 0
      vertex 81.9476 11.4593 0
    endloop
  endfacet
  facet normal 0 0 -1
    outer loop
      vertex 70.4616 -3.39919 0
      vertex 81.3836 -11.7752 0
      vertex 81.214 -11.9089 0
    endloop
  endfacet
  facet normal 0 0 -1
    outer loop
      vertex 70.6961 2.5679 0
      vertex 81.9476 11.4593 0
      vertex 70.8646 1.72078 0
    endloop
  endfacet
  facet normal 0 0 -1
    outer loop
      vertex 70.1627 -4.20952 0
      vertex 81.214 -11.9089 0
      vertex 81.0555 -12.0555 0
    endloop
  endfacet
  facet normal -0 0 -1
    outer loop
      vertex 81.9476 11.4593 0
      vertex 70.6961 2.5679 0
      vertex 81.7515 11.5497 0
    endloop
  endfacet
  facet normal 0 0 -1
    outer loop
      vertex 69.8011 -4.99389 0
      vertex 81.0555 -12.0555 0
      vertex 80.9089 -12.214 0
    endloop
  endfacet
  facet normal -0 0 -1
    outer loop
      vertex 81.7515 11.5497 0
      vertex 70.6961 2.5679 0
      vertex 81.5631 11.6552 0
    endloop
  endfacet
  facet normal 0 0 -1
    outer loop
      vertex 69.8011 -4.99389 0
      vertex 80.9089 -12.214 0
      vertex 80.7752 -12.3836 0
    endloop
  endfacet
  facet normal 0 0 -1
    outer loop
      vertex 70.4616 3.39919 0
      vertex 81.5631 11.6552 0
      vertex 70.6961 2.5679 0
    endloop
  endfacet
  facet normal 0 0 -1
    outer loop
      vertex 69.379 -5.74748 0
      vertex 80.7752 -12.3836 0
      vertex 80.6552 -12.5631 0
    endloop
  endfacet
  facet normal -0 0 -1
    outer loop
      vertex 81.5631 11.6552 0
      vertex 70.4616 3.39919 0
      vertex 81.3836 11.7752 0
    endloop
  endfacet
  facet normal 0 0 -1
    outer loop
      vertex 69.379 -5.74748 0
      vertex 80.6552 -12.5631 0
      vertex 80.5497 -12.7515 0
    endloop
  endfacet
  facet normal -0 0 -1
    outer loop
      vertex 81.3836 11.7752 0
      vertex 70.4616 3.39919 0
      vertex 81.214 11.9089 0
    endloop
  endfacet
  facet normal 0 0 -1
    outer loop
      vertex 68.8992 -6.46564 0
      vertex 80.5497 -12.7515 0
      vertex 80.4593 -12.9476 0
    endloop
  endfacet
  facet normal 0 0 -1
    outer loop
      vertex 70.1627 4.20952 0
      vertex 81.214 11.9089 0
      vertex 70.4616 3.39919 0
    endloop
  endfacet
  facet normal 0 0 -1
    outer loop
      vertex 68.8992 -6.46564 0
      vertex 80.4593 -12.9476 0
      vertex 80.3846 -13.1502 0
    endloop
  endfacet
  facet normal -0 0 -1
    outer loop
      vertex 81.214 11.9089 0
      vertex 70.1627 4.20952 0
      vertex 81.0555 12.0555 0
    endloop
  endfacet
  facet normal 0 0 -1
    outer loop
      vertex 68.3645 -7.14393 0
      vertex 80.3846 -13.1502 0
      vertex 80.326 -13.358 0
    endloop
  endfacet
  facet normal 0 0 -1
    outer loop
      vertex 69.8011 4.99389 0
      vertex 81.0555 12.0555 0
      vertex 70.1627 4.20952 0
    endloop
  endfacet
  facet normal 0 0 -1
    outer loop
      vertex 68.3645 -7.14393 0
      vertex 80.326 -13.358 0
      vertex 80.2839 -13.5698 0
    endloop
  endfacet
  facet normal -0 0 -1
    outer loop
      vertex 81.0555 12.0555 0
      vertex 69.8011 4.99389 0
      vertex 80.9089 12.214 0
    endloop
  endfacet
  facet normal 0 0 -1
    outer loop
      vertex 67.7782 -7.77817 0
      vertex 80.2839 -13.5698 0
      vertex 80.2585 -13.7842 0
    endloop
  endfacet
  facet normal -0 0 -1
    outer loop
      vertex 80.9089 12.214 0
      vertex 69.8011 4.99389 0
      vertex 80.7752 12.3836 0
    endloop
  endfacet
  facet normal 0 0 -1
    outer loop
      vertex 67.7782 -7.77817 0
      vertex 80.2585 -13.7842 0
      vertex 80.25 -14 0
    endloop
  endfacet
  facet normal 0 0 -1
    outer loop
      vertex 69.379 5.74748 0
      vertex 80.7752 12.3836 0
      vertex 69.8011 4.99389 0
    endloop
  endfacet
  facet normal 0 0 -1
    outer loop
      vertex 84.786 -16.0911 0
      vertex 90 -19 0
      vertex 89.9908 -19.2354 0
    endloop
  endfacet
  facet normal 0 0 -1
    outer loop
      vertex 85.7415 -13.7842 0
      vertex 90 -19 0
      vertex 85.75 -14 0
    endloop
  endfacet
  facet normal 0 0 -1
    outer loop
      vertex 84.786 -16.0911 0
      vertex 89.9908 -19.2354 0
      vertex 89.9631 -19.4693 0
    endloop
  endfacet
  facet normal 0 0 -1
    outer loop
      vertex 85.7161 -13.5698 0
      vertex 90 -19 0
      vertex 85.7415 -13.7842 0
    endloop
  endfacet
  facet normal 0 0 -1
    outer loop
      vertex 84.786 -16.0911 0
      vertex 89.9631 -19.4693 0
      vertex 89.9171 -19.7003 0
    endloop
  endfacet
  facet normal 0 0 -1
    outer loop
      vertex 85.7415 14.2158 0
      vertex 90 19 0
      vertex 85.75 14 0
    endloop
  endfacet
  facet normal 0 0 -1
    outer loop
      vertex 84.786 -16.0911 0
      vertex 89.9171 -19.7003 0
      vertex 89.8532 -19.927 0
    endloop
  endfacet
  facet normal 0 0 -1
    outer loop
      vertex 85.7161 14.4302 0
      vertex 90 19 0
      vertex 85.7415 14.2158 0
    endloop
  endfacet
  facet normal 0 0 -1
    outer loop
      vertex 84.786 -16.0911 0
      vertex 89.8532 -19.927 0
      vertex 89.7716 -20.1481 0
    endloop
  endfacet
  facet normal 0 0 -1
    outer loop
      vertex 85.674 14.642 0
      vertex 90 19 0
      vertex 85.7161 14.4302 0
    endloop
  endfacet
  facet normal 0 0 -1
    outer loop
      vertex 84.786 -16.0911 0
      vertex 89.7716 -20.1481 0
      vertex 89.673 -20.362 0
    endloop
  endfacet
  facet normal 0 0 -1
    outer loop
      vertex 85.6154 14.8498 0
      vertex 90 19 0
      vertex 85.674 14.642 0
    endloop
  endfacet
  facet normal 0 0 -1
    outer loop
      vertex 84.786 -16.0911 0
      vertex 89.673 -20.362 0
      vertex 89.5579 -20.5675 0
    endloop
  endfacet
  facet normal 0 0 -1
    outer loop
      vertex 85.5407 15.0524 0
      vertex 90 19 0
      vertex 85.6154 14.8498 0
    endloop
  endfacet
  facet normal 0 0 -1
    outer loop
      vertex 84.786 -16.0911 0
      vertex 89.5579 -20.5675 0
      vertex 89.427 -20.7634 0
    endloop
  endfacet
  facet normal 0 0 -1
    outer loop
      vertex 85.4503 15.2485 0
      vertex 90 19 0
      vertex 85.5407 15.0524 0
    endloop
  endfacet
  facet normal 0 0 -1
    outer loop
      vertex 84.786 -16.0911 0
      vertex 89.427 -20.7634 0
      vertex 89.2812 -20.9483 0
    endloop
  endfacet
  facet normal 0 0 -1
    outer loop
      vertex 85.3448 15.4369 0
      vertex 90 19 0
      vertex 85.4503 15.2485 0
    endloop
  endfacet
  facet normal 0 0 -1
    outer loop
      vertex 84.786 -16.0911 0
      vertex 89.2812 -20.9483 0
      vertex 89.1213 -21.1213 0
    endloop
  endfacet
  facet normal 0 0 -1
    outer loop
      vertex 85.2248 15.6164 0
      vertex 90 19 0
      vertex 85.3448 15.4369 0
    endloop
  endfacet
  facet normal 0 0 -1
    outer loop
      vertex 84.786 -16.0911 0
      vertex 89.1213 -21.1213 0
      vertex 88.9483 -21.2812 0
    endloop
  endfacet
  facet normal 0 0 -1
    outer loop
      vertex 85.0911 15.786 0
      vertex 90 19 0
      vertex 85.2248 15.6164 0
    endloop
  endfacet
  facet normal 0 0 -1
    outer loop
      vertex 84.786 -16.0911 0
      vertex 88.9483 -21.2812 0
      vertex 88.7634 -21.427 0
    endloop
  endfacet
  facet normal 0 0 -1
    outer loop
      vertex 84.9445 15.9445 0
      vertex 90 19 0
      vertex 85.0911 15.786 0
    endloop
  endfacet
  facet normal 0 0 -1
    outer loop
      vertex 84.786 -16.0911 0
      vertex 88.7634 -21.427 0
      vertex 88.5675 -21.5579 0
    endloop
  endfacet
  facet normal 0 0 -1
    outer loop
      vertex 84.786 16.0911 0
      vertex 90 19 0
      vertex 84.9445 15.9445 0
    endloop
  endfacet
  facet normal 0 0 -1
    outer loop
      vertex 84.786 -16.0911 0
      vertex 88.5675 -21.5579 0
      vertex 88.362 -21.673 0
    endloop
  endfacet
  facet normal -0 0 -1
    outer loop
      vertex 90 19 0
      vertex 84.786 16.0911 0
      vertex 89.9908 19.2354 0
    endloop
  endfacet
  facet normal 0 0 -1
    outer loop
      vertex 84.786 -16.0911 0
      vertex 88.362 -21.673 0
      vertex 88.1481 -21.7716 0
    endloop
  endfacet
  facet normal -0 0 -1
    outer loop
      vertex 89.9908 19.2354 0
      vertex 84.786 16.0911 0
      vertex 89.9631 19.4693 0
    endloop
  endfacet
  facet normal 0 0 -1
    outer loop
      vertex 84.786 -16.0911 0
      vertex 88.1481 -21.7716 0
      vertex 87.927 -21.8532 0
    endloop
  endfacet
  facet normal -0 0 -1
    outer loop
      vertex 89.9631 19.4693 0
      vertex 84.786 16.0911 0
      vertex 89.9171 19.7003 0
    endloop
  endfacet
  facet normal 0 0 -1
    outer loop
      vertex 84.786 -16.0911 0
      vertex 87.927 -21.8532 0
      vertex 87.7003 -21.9171 0
    endloop
  endfacet
  facet normal -0 0 -1
    outer loop
      vertex 89.9171 19.7003 0
      vertex 84.786 16.0911 0
      vertex 89.8532 19.927 0
    endloop
  endfacet
  facet normal 0 0 -1
    outer loop
      vertex 84.786 -16.0911 0
      vertex 87.7003 -21.9171 0
      vertex 87.4693 -21.9631 0
    endloop
  endfacet
  facet normal -0 0 -1
    outer loop
      vertex 89.8532 19.927 0
      vertex 84.786 16.0911 0
      vertex 89.7716 20.1481 0
    endloop
  endfacet
  facet normal 0 0 -1
    outer loop
      vertex 84.786 -16.0911 0
      vertex 87.4693 -21.9631 0
      vertex 87.2354 -21.9908 0
    endloop
  endfacet
  facet normal -0 0 -1
    outer loop
      vertex 89.7716 20.1481 0
      vertex 84.786 16.0911 0
      vertex 89.673 20.362 0
    endloop
  endfacet
  facet normal 0 0 -1
    outer loop
      vertex 84.786 -16.0911 0
      vertex 87.2354 -21.9908 0
      vertex 87 -22 0
    endloop
  endfacet
  facet normal -0 0 -1
    outer loop
      vertex 89.673 20.362 0
      vertex 84.786 16.0911 0
      vertex 89.5579 20.5675 0
    endloop
  endfacet
  facet normal -0 0 -1
    outer loop
      vertex 89.5579 20.5675 0
      vertex 84.786 16.0911 0
      vertex 89.427 20.7634 0
    endloop
  endfacet
  facet normal 0 0 -1
    outer loop
      vertex 90 -19 0
      vertex 85.7415 -14.2158 0
      vertex 85.75 -14 0
    endloop
  endfacet
  facet normal 0 0 -1
    outer loop
      vertex 90 -19 0
      vertex 85.7161 -14.4302 0
      vertex 85.7415 -14.2158 0
    endloop
  endfacet
  facet normal 0 0 -1
    outer loop
      vertex 90 -19 0
      vertex 85.674 -14.642 0
      vertex 85.7161 -14.4302 0
    endloop
  endfacet
  facet normal 0 0 -1
    outer loop
      vertex 90 -19 0
      vertex 85.6154 -14.8498 0
      vertex 85.674 -14.642 0
    endloop
  endfacet
  facet normal 0 0 -1
    outer loop
      vertex 90 -19 0
      vertex 85.5407 -15.0524 0
      vertex 85.6154 -14.8498 0
    endloop
  endfacet
  facet normal 0 0 -1
    outer loop
      vertex 90 -19 0
      vertex 85.4503 -15.2485 0
      vertex 85.5407 -15.0524 0
    endloop
  endfacet
  facet normal 0 0 -1
    outer loop
      vertex 90 -19 0
      vertex 85.3448 -15.4369 0
      vertex 85.4503 -15.2485 0
    endloop
  endfacet
  facet normal 0 0 -1
    outer loop
      vertex 90 -19 0
      vertex 85.2248 -15.6164 0
      vertex 85.3448 -15.4369 0
    endloop
  endfacet
  facet normal 0 0 -1
    outer loop
      vertex 90 -19 0
      vertex 85.0911 -15.786 0
      vertex 85.2248 -15.6164 0
    endloop
  endfacet
  facet normal 0 0 -1
    outer loop
      vertex 90 -19 0
      vertex 84.9445 -15.9445 0
      vertex 85.0911 -15.786 0
    endloop
  endfacet
  facet normal 0 0 -1
    outer loop
      vertex 90 -19 0
      vertex 84.786 -16.0911 0
      vertex 84.9445 -15.9445 0
    endloop
  endfacet
  facet normal 0 0 -1
    outer loop
      vertex 87 -22 0
      vertex 84.6164 -16.2248 0
      vertex 84.786 -16.0911 0
    endloop
  endfacet
  facet normal 0 0 -1
    outer loop
      vertex 87 -22 0
      vertex 84.4369 -16.3448 0
      vertex 84.6164 -16.2248 0
    endloop
  endfacet
  facet normal 0 0 -1
    outer loop
      vertex 87 -22 0
      vertex 84.2485 -16.4503 0
      vertex 84.4369 -16.3448 0
    endloop
  endfacet
  facet normal 0 0 -1
    outer loop
      vertex 87 -22 0
      vertex 84.0524 -16.5407 0
      vertex 84.2485 -16.4503 0
    endloop
  endfacet
  facet normal 0 0 -1
    outer loop
      vertex 87 -22 0
      vertex 83.8498 -16.6154 0
      vertex 84.0524 -16.5407 0
    endloop
  endfacet
  facet normal 0 0 -1
    outer loop
      vertex 87 -22 0
      vertex 83.642 -16.674 0
      vertex 83.8498 -16.6154 0
    endloop
  endfacet
  facet normal 0 0 -1
    outer loop
      vertex 87 -22 0
      vertex 83.4302 -16.7161 0
      vertex 83.642 -16.674 0
    endloop
  endfacet
  facet normal 0 0 -1
    outer loop
      vertex 87 -22 0
      vertex 83.2158 -16.7415 0
      vertex 83.4302 -16.7161 0
    endloop
  endfacet
  facet normal 0 0 -1
    outer loop
      vertex 87 -22 0
      vertex 83 -16.75 0
      vertex 83.2158 -16.7415 0
    endloop
  endfacet
  facet normal 0 0 -1
    outer loop
      vertex 87 -22 0
      vertex 82.7842 -16.7415 0
      vertex 83 -16.75 0
    endloop
  endfacet
  facet normal 0 0 -1
    outer loop
      vertex 87 -22 0
      vertex 82.5698 -16.7161 0
      vertex 82.7842 -16.7415 0
    endloop
  endfacet
  facet normal 0 0 -1
    outer loop
      vertex 87 -22 0
      vertex 82.358 -16.674 0
      vertex 82.5698 -16.7161 0
    endloop
  endfacet
  facet normal 0 0 -1
    outer loop
      vertex 87 -22 0
      vertex 82.1502 -16.6154 0
      vertex 82.358 -16.674 0
    endloop
  endfacet
  facet normal 0 0 -1
    outer loop
      vertex 87 -22 0
      vertex 81.9476 -16.5407 0
      vertex 82.1502 -16.6154 0
    endloop
  endfacet
  facet normal 0 0 -1
    outer loop
      vertex 87 -22 0
      vertex 81.7515 -16.4503 0
      vertex 81.9476 -16.5407 0
    endloop
  endfacet
  facet normal 0 0 -1
    outer loop
      vertex 87 -22 0
      vertex 81.5631 -16.3448 0
      vertex 81.7515 -16.4503 0
    endloop
  endfacet
  facet normal 0 0 -1
    outer loop
      vertex 87 -22 0
      vertex 81.3836 -16.2248 0
      vertex 81.5631 -16.3448 0
    endloop
  endfacet
  facet normal 0 0 -1
    outer loop
      vertex 61.7208 -10.8646 0
      vertex 81.3836 -16.2248 0
      vertex 87 -22 0
    endloop
  endfacet
  facet normal 0 0 -1
    outer loop
      vertex 81.3836 -16.2248 0
      vertex 61.7208 -10.8646 0
      vertex 81.214 -16.0911 0
    endloop
  endfacet
  facet normal -0 0 -1
    outer loop
      vertex 80.7752 12.3836 0
      vertex 69.379 5.74748 0
      vertex 80.6552 12.5631 0
    endloop
  endfacet
  facet normal 0 0 -1
    outer loop
      vertex 67.1439 -8.36446 0
      vertex 80.25 -14 0
      vertex 80.2585 -14.2158 0
    endloop
  endfacet
  facet normal 0 0 -1
    outer loop
      vertex 66.4656 -8.89919 0
      vertex 80.2585 -14.2158 0
      vertex 80.2839 -14.4302 0
    endloop
  endfacet
  facet normal 0 0 -1
    outer loop
      vertex 66.4656 -8.89919 0
      vertex 80.2839 -14.4302 0
      vertex 80.326 -14.642 0
    endloop
  endfacet
  facet normal 0 0 -1
    outer loop
      vertex 65.7475 -9.37904 0
      vertex 80.326 -14.642 0
      vertex 80.3846 -14.8498 0
    endloop
  endfacet
  facet normal 0 0 -1
    outer loop
      vertex 65.7475 -9.37904 0
      vertex 80.3846 -14.8498 0
      vertex 80.4593 -15.0524 0
    endloop
  endfacet
  facet normal 0 0 -1
    outer loop
      vertex 64.9939 -9.80107 0
      vertex 80.4593 -15.0524 0
      vertex 80.5497 -15.2485 0
    endloop
  endfacet
  facet normal 0 0 -1
    outer loop
      vertex 64.2095 -10.1627 0
      vertex 80.5497 -15.2485 0
      vertex 80.6552 -15.4369 0
    endloop
  endfacet
  facet normal 0 0 -1
    outer loop
      vertex 82.5698 -11.2839 0
      vertex 70.9661 -0.86305 0
      vertex 71 0 0
    endloop
  endfacet
  facet normal 0 0 -1
    outer loop
      vertex 82.358 -11.326 0
      vertex 70.8646 -1.72078 0
      vertex 70.9661 -0.86305 0
    endloop
  endfacet
  facet normal 0 0 -1
    outer loop
      vertex 64.2095 -10.1627 0
      vertex 80.6552 -15.4369 0
      vertex 80.7752 -15.6164 0
    endloop
  endfacet
  facet normal 0 0 -1
    outer loop
      vertex 81.9476 -11.4593 0
      vertex 70.6961 -2.5679 0
      vertex 70.8646 -1.72078 0
    endloop
  endfacet
  facet normal 0 0 -1
    outer loop
      vertex 81.5631 -11.6552 0
      vertex 70.4616 -3.39919 0
      vertex 70.6961 -2.5679 0
    endloop
  endfacet
  facet normal 0 0 -1
    outer loop
      vertex 63.3992 -10.4616 0
      vertex 80.7752 -15.6164 0
      vertex 80.9089 -15.786 0
    endloop
  endfacet
  facet normal 0 0 -1
    outer loop
      vertex 81.214 -11.9089 0
      vertex 70.1627 -4.20952 0
      vertex 70.4616 -3.39919 0
    endloop
  endfacet
  facet normal 0 0 -1
    outer loop
      vertex 62.5679 -10.6961 0
      vertex 80.9089 -15.786 0
      vertex 81.0555 -15.9445 0
    endloop
  endfacet
  facet normal 0 0 -1
    outer loop
      vertex 81.0555 -12.0555 0
      vertex 69.8011 -4.99389 0
      vertex 70.1627 -4.20952 0
    endloop
  endfacet
  facet normal 0 -0 -1
    outer loop
      vertex 62.5679 -10.6961 0
      vertex 81.214 -16.0911 0
      vertex 61.7208 -10.8646 0
    endloop
  endfacet
  facet normal 0 0 -1
    outer loop
      vertex 80.7752 -12.3836 0
      vertex 69.379 -5.74748 0
      vertex 69.8011 -4.99389 0
    endloop
  endfacet
  facet normal 0 0 -1
    outer loop
      vertex 80.5497 -12.7515 0
      vertex 68.8992 -6.46564 0
      vertex 69.379 -5.74748 0
    endloop
  endfacet
  facet normal 0 0 -1
    outer loop
      vertex 80.3846 -13.1502 0
      vertex 68.3645 -7.14393 0
      vertex 68.8992 -6.46564 0
    endloop
  endfacet
  facet normal 0 0 -1
    outer loop
      vertex 80.2839 -13.5698 0
      vertex 67.7782 -7.77817 0
      vertex 68.3645 -7.14393 0
    endloop
  endfacet
  facet normal 0 0 -1
    outer loop
      vertex 80.25 -14 0
      vertex 67.1439 -8.36446 0
      vertex 67.7782 -7.77817 0
    endloop
  endfacet
  facet normal 0 0 -1
    outer loop
      vertex 80.2585 -14.2158 0
      vertex 66.4656 -8.89919 0
      vertex 67.1439 -8.36446 0
    endloop
  endfacet
  facet normal 0 0 -1
    outer loop
      vertex 80.326 -14.642 0
      vertex 65.7475 -9.37904 0
      vertex 66.4656 -8.89919 0
    endloop
  endfacet
  facet normal 0 0 -1
    outer loop
      vertex 80.4593 -15.0524 0
      vertex 64.9939 -9.80107 0
      vertex 65.7475 -9.37904 0
    endloop
  endfacet
  facet normal 0 0 -1
    outer loop
      vertex 80.5497 -15.2485 0
      vertex 64.2095 -10.1627 0
      vertex 64.9939 -9.80107 0
    endloop
  endfacet
  facet normal 0 0 -1
    outer loop
      vertex 80.7752 -15.6164 0
      vertex 63.3992 -10.4616 0
      vertex 64.2095 -10.1627 0
    endloop
  endfacet
  facet normal 0 0 -1
    outer loop
      vertex 80.9089 -15.786 0
      vertex 62.5679 -10.6961 0
      vertex 63.3992 -10.4616 0
    endloop
  endfacet
  facet normal 0 0 -1
    outer loop
      vertex 81.214 -16.0911 0
      vertex 62.5679 -10.6961 0
      vertex 81.0555 -15.9445 0
    endloop
  endfacet
  facet normal 0 0 -1
    outer loop
      vertex 87 -22 0
      vertex 60.863 -10.9661 0
      vertex 61.7208 -10.8646 0
    endloop
  endfacet
  facet normal 0 0 -1
    outer loop
      vertex 87 -22 0
      vertex 60 -11 0
      vertex 60.863 -10.9661 0
    endloop
  endfacet
  facet normal 0 0 -1
    outer loop
      vertex 87 -22 0
      vertex 59.137 -10.9661 0
      vertex 60 -11 0
    endloop
  endfacet
  facet normal 0 0 -1
    outer loop
      vertex 87 -22 0
      vertex 58.2792 -10.8646 0
      vertex 59.137 -10.9661 0
    endloop
  endfacet
  facet normal 0 0 -1
    outer loop
      vertex 87 -22 0
      vertex 57.4321 -10.6961 0
      vertex 58.2792 -10.8646 0
    endloop
  endfacet
  facet normal 0 0 -1
    outer loop
      vertex 22.5679 -10.6961 0
      vertex 57.4321 -10.6961 0
      vertex 87 -22 0
    endloop
  endfacet
  facet normal 0 0 -1
    outer loop
      vertex 57.4321 -10.6961 0
      vertex 22.5679 -10.6961 0
      vertex 56.6008 -10.4616 0
    endloop
  endfacet
  facet normal 0 0 -1
    outer loop
      vertex 49.0339 -0.86305 0
      vertex 31 0 0
      vertex 49 0 0
    endloop
  endfacet
  facet normal 0 0 -1
    outer loop
      vertex 30.9661 -0.86305 0
      vertex 49.0339 -0.86305 0
      vertex 49.1354 -1.72078 0
    endloop
  endfacet
  facet normal 0 0 -1
    outer loop
      vertex 30.8646 -1.72078 0
      vertex 49.1354 -1.72078 0
      vertex 49.3039 -2.5679 0
    endloop
  endfacet
  facet normal 0 0 -1
    outer loop
      vertex 30.6961 -2.5679 0
      vertex 49.3039 -2.5679 0
      vertex 49.5384 -3.39919 0
    endloop
  endfacet
  facet normal 0 0 -1
    outer loop
      vertex 30.4616 -3.39919 0
      vertex 49.5384 -3.39919 0
      vertex 49.8373 -4.20952 0
    endloop
  endfacet
  facet normal 0 0 -1
    outer loop
      vertex 30.1627 -4.20952 0
      vertex 49.8373 -4.20952 0
      vertex 50.1989 -4.99389 0
    endloop
  endfacet
  facet normal 0 0 -1
    outer loop
      vertex 29.8011 -4.99389 0
      vertex 50.1989 -4.99389 0
      vertex 50.621 -5.74748 0
    endloop
  endfacet
  facet normal 0 0 -1
    outer loop
      vertex 29.379 -5.74748 0
      vertex 50.621 -5.74748 0
      vertex 51.1008 -6.46564 0
    endloop
  endfacet
  facet normal 0 0 -1
    outer loop
      vertex 28.8992 -6.46564 0
      vertex 51.1008 -6.46564 0
      vertex 51.6355 -7.14393 0
    endloop
  endfacet
  facet normal 0 0 -1
    outer loop
      vertex 28.3645 -7.14393 0
      vertex 51.6355 -7.14393 0
      vertex 52.2218 -7.77817 0
    endloop
  endfacet
  facet normal 0 0 -1
    outer loop
      vertex 27.7782 -7.77817 0
      vertex 52.2218 -7.77817 0
      vertex 52.8561 -8.36446 0
    endloop
  endfacet
  facet normal 0 0 -1
    outer loop
      vertex 27.1439 -8.36446 0
      vertex 52.8561 -8.36446 0
      vertex 53.5344 -8.89919 0
    endloop
  endfacet
  facet normal 0 0 -1
    outer loop
      vertex 26.4656 -8.89919 0
      vertex 53.5344 -8.89919 0
      vertex 54.2525 -9.37904 0
    endloop
  endfacet
  facet normal 0 0 -1
    outer loop
      vertex 25.7475 -9.37904 0
      vertex 54.2525 -9.37904 0
      vertex 55.0061 -9.80107 0
    endloop
  endfacet
  facet normal 0 0 -1
    outer loop
      vertex 24.9939 -9.80107 0
      vertex 55.0061 -9.80107 0
      vertex 55.7905 -10.1627 0
    endloop
  endfacet
  facet normal 0 0 -1
    outer loop
      vertex 49.0339 -0.86305 0
      vertex 30.9661 -0.86305 0
      vertex 31 0 0
    endloop
  endfacet
  facet normal 0 -0 -1
    outer loop
      vertex 23.3992 -10.4616 0
      vertex 56.6008 -10.4616 0
      vertex 22.5679 -10.6961 0
    endloop
  endfacet
  facet normal 0 0 -1
    outer loop
      vertex 49.1354 -1.72078 0
      vertex 30.8646 -1.72078 0
      vertex 30.9661 -0.86305 0
    endloop
  endfacet
  facet normal 0 0 -1
    outer loop
      vertex 49.3039 -2.5679 0
      vertex 30.6961 -2.5679 0
      vertex 30.8646 -1.72078 0
    endloop
  endfacet
  facet normal 0 0 -1
    outer loop
      vertex 49.5384 -3.39919 0
      vertex 30.4616 -3.39919 0
      vertex 30.6961 -2.5679 0
    endloop
  endfacet
  facet normal 0 0 -1
    outer loop
      vertex 49.8373 -4.20952 0
      vertex 30.1627 -4.20952 0
      vertex 30.4616 -3.39919 0
    endloop
  endfacet
  facet normal 0 0 -1
    outer loop
      vertex 50.1989 -4.99389 0
      vertex 29.8011 -4.99389 0
      vertex 30.1627 -4.20952 0
    endloop
  endfacet
  facet normal 0 0 -1
    outer loop
      vertex 50.621 -5.74748 0
      vertex 29.379 -5.74748 0
      vertex 29.8011 -4.99389 0
    endloop
  endfacet
  facet normal 0 0 -1
    outer loop
      vertex 51.1008 -6.46564 0
      vertex 28.8992 -6.46564 0
      vertex 29.379 -5.74748 0
    endloop
  endfacet
  facet normal 0 0 -1
    outer loop
      vertex 51.6355 -7.14393 0
      vertex 28.3645 -7.14393 0
      vertex 28.8992 -6.46564 0
    endloop
  endfacet
  facet normal 0 0 -1
    outer loop
      vertex 52.2218 -7.77817 0
      vertex 27.7782 -7.77817 0
      vertex 28.3645 -7.14393 0
    endloop
  endfacet
  facet normal 0 0 -1
    outer loop
      vertex 52.8561 -8.36446 0
      vertex 27.1439 -8.36446 0
      vertex 27.7782 -7.77817 0
    endloop
  endfacet
  facet normal 0 0 -1
    outer loop
      vertex 53.5344 -8.89919 0
      vertex 26.4656 -8.89919 0
      vertex 27.1439 -8.36446 0
    endloop
  endfacet
  facet normal 0 0 -1
    outer loop
      vertex 54.2525 -9.37904 0
      vertex 25.7475 -9.37904 0
      vertex 26.4656 -8.89919 0
    endloop
  endfacet
  facet normal 0 0 -1
    outer loop
      vertex 55.0061 -9.80107 0
      vertex 24.9939 -9.80107 0
      vertex 25.7475 -9.37904 0
    endloop
  endfacet
  facet normal 0 0 -1
    outer loop
      vertex 55.7905 -10.1627 0
      vertex 24.2095 -10.1627 0
      vertex 24.9939 -9.80107 0
    endloop
  endfacet
  facet normal -0 0 -1
    outer loop
      vertex 55.7905 -10.1627 0
      vertex 23.3992 -10.4616 0
      vertex 24.2095 -10.1627 0
    endloop
  endfacet
  facet normal 0 0 -1
    outer loop
      vertex 56.6008 -10.4616 0
      vertex 23.3992 -10.4616 0
      vertex 55.7905 -10.1627 0
    endloop
  endfacet
  facet normal 0 0 -1
    outer loop
      vertex 87 -22 0
      vertex 21.7208 -10.8646 0
      vertex 22.5679 -10.6961 0
    endloop
  endfacet
  facet normal 0 0 -1
    outer loop
      vertex 87 -22 0
      vertex 20.863 -10.9661 0
      vertex 21.7208 -10.8646 0
    endloop
  endfacet
  facet normal 0 0 -1
    outer loop
      vertex 87 -22 0
      vertex 20 -11 0
      vertex 20.863 -10.9661 0
    endloop
  endfacet
  facet normal 0 0 -1
    outer loop
      vertex 87 -22 0
      vertex 19.137 -10.9661 0
      vertex 20 -11 0
    endloop
  endfacet
  facet normal 0 0 -1
    outer loop
      vertex -19.137 -10.9661 0
      vertex 19.137 -10.9661 0
      vertex 87 -22 0
    endloop
  endfacet
  facet normal 0 0 -1
    outer loop
      vertex 9.03391 -0.86305 0
      vertex -9 0 0
      vertex 9 0 0
    endloop
  endfacet
  facet normal 0 0 -1
    outer loop
      vertex -9.03391 -0.86305 0
      vertex 9.03391 -0.86305 0
      vertex 9.13543 -1.72078 0
    endloop
  endfacet
  facet normal 0 0 -1
    outer loop
      vertex -9.13543 -1.72078 0
      vertex 9.13543 -1.72078 0
      vertex 9.30393 -2.5679 0
    endloop
  endfacet
  facet normal 0 0 -1
    outer loop
      vertex -9.30393 -2.5679 0
      vertex 9.30393 -2.5679 0
      vertex 9.53838 -3.39919 0
    endloop
  endfacet
  facet normal 0 0 -1
    outer loop
      vertex -9.53838 -3.39919 0
      vertex 9.53838 -3.39919 0
      vertex 9.83733 -4.20952 0
    endloop
  endfacet
  facet normal 0 0 -1
    outer loop
      vertex -9.83733 -4.20952 0
      vertex 9.83733 -4.20952 0
      vertex 10.1989 -4.99389 0
    endloop
  endfacet
  facet normal 0 0 -1
    outer loop
      vertex -10.1989 -4.99389 0
      vertex 10.1989 -4.99389 0
      vertex 10.621 -5.74748 0
    endloop
  endfacet
  facet normal 0 0 -1
    outer loop
      vertex -10.621 -5.74748 0
      vertex 10.621 -5.74748 0
      vertex 11.1008 -6.46564 0
    endloop
  endfacet
  facet normal 0 0 -1
    outer loop
      vertex -11.1008 -6.46564 0
      vertex 11.1008 -6.46564 0
      vertex 11.6355 -7.14393 0
    endloop
  endfacet
  facet normal 0 0 -1
    outer loop
      vertex -11.6355 -7.14393 0
      vertex 11.6355 -7.14393 0
      vertex 12.2218 -7.77817 0
    endloop
  endfacet
  facet normal 0 0 -1
    outer loop
      vertex -12.2218 -7.77817 0
      vertex 12.2218 -7.77817 0
      vertex 12.8561 -8.36446 0
    endloop
  endfacet
  facet normal 0 0 -1
    outer loop
      vertex -12.8561 -8.36446 0
      vertex 12.8561 -8.36446 0
      vertex 13.5344 -8.89919 0
    endloop
  endfacet
  facet normal 0 0 -1
    outer loop
      vertex -13.5344 -8.89919 0
      vertex 13.5344 -8.89919 0
      vertex 14.2525 -9.37904 0
    endloop
  endfacet
  facet normal 0 0 -1
    outer loop
      vertex -14.2525 -9.37904 0
      vertex 14.2525 -9.37904 0
      vertex 15.0061 -9.80107 0
    endloop
  endfacet
  facet normal 0 0 -1
    outer loop
      vertex -15.0061 -9.80107 0
      vertex 15.0061 -9.80107 0
      vertex 15.7905 -10.1627 0
    endloop
  endfacet
  facet normal 0 0 -1
    outer loop
      vertex 9.03391 -0.86305 0
      vertex -9.03391 -0.86305 0
      vertex -9 0 0
    endloop
  endfacet
  facet normal 0 0 -1
    outer loop
      vertex 9.13543 -1.72078 0
      vertex -9.13543 -1.72078 0
      vertex -9.03391 -0.86305 0
    endloop
  endfacet
  facet normal 0 0 -1
    outer loop
      vertex -15.7905 -10.1627 0
      vertex 15.7905 -10.1627 0
      vertex 16.6008 -10.4616 0
    endloop
  endfacet
  facet normal 0 0 -1
    outer loop
      vertex 9.30393 -2.5679 0
      vertex -9.30393 -2.5679 0
      vertex -9.13543 -1.72078 0
    endloop
  endfacet
  facet normal 0 0 -1
    outer loop
      vertex 9.53838 -3.39919 0
      vertex -9.53838 -3.39919 0
      vertex -9.30393 -2.5679 0
    endloop
  endfacet
  facet normal 0 0 -1
    outer loop
      vertex -16.6008 -10.4616 0
      vertex 16.6008 -10.4616 0
      vertex 17.4321 -10.6961 0
    endloop
  endfacet
  facet normal 0 0 -1
    outer loop
      vertex 9.83733 -4.20952 0
      vertex -9.83733 -4.20952 0
      vertex -9.53838 -3.39919 0
    endloop
  endfacet
  facet normal 0 0 -1
    outer loop
      vertex 10.1989 -4.99389 0
      vertex -10.1989 -4.99389 0
      vertex -9.83733 -4.20952 0
    endloop
  endfacet
  facet normal 0 0 -1
    outer loop
      vertex 10.621 -5.74748 0
      vertex -10.621 -5.74748 0
      vertex -10.1989 -4.99389 0
    endloop
  endfacet
  facet normal 0 0 -1
    outer loop
      vertex -17.4321 -10.6961 0
      vertex 17.4321 -10.6961 0
      vertex 18.2792 -10.8646 0
    endloop
  endfacet
  facet normal 0 0 -1
    outer loop
      vertex 11.1008 -6.46564 0
      vertex -11.1008 -6.46564 0
      vertex -10.621 -5.74748 0
    endloop
  endfacet
  facet normal 0 0 -1
    outer loop
      vertex 19.137 -10.9661 0
      vertex -19.137 -10.9661 0
      vertex 18.2792 -10.8646 0
    endloop
  endfacet
  facet normal 0 0 -1
    outer loop
      vertex 11.6355 -7.14393 0
      vertex -11.6355 -7.14393 0
      vertex -11.1008 -6.46564 0
    endloop
  endfacet
  facet normal 0 0 -1
    outer loop
      vertex 12.2218 -7.77817 0
      vertex -12.2218 -7.77817 0
      vertex -11.6355 -7.14393 0
    endloop
  endfacet
  facet normal 0 0 -1
    outer loop
      vertex 12.8561 -8.36446 0
      vertex -12.8561 -8.36446 0
      vertex -12.2218 -7.77817 0
    endloop
  endfacet
  facet normal 0 0 -1
    outer loop
      vertex 13.5344 -8.89919 0
      vertex -13.5344 -8.89919 0
      vertex -12.8561 -8.36446 0
    endloop
  endfacet
  facet normal 0 0 -1
    outer loop
      vertex 14.2525 -9.37904 0
      vertex -14.2525 -9.37904 0
      vertex -13.5344 -8.89919 0
    endloop
  endfacet
  facet normal 0 0 -1
    outer loop
      vertex 15.0061 -9.80107 0
      vertex -15.0061 -9.80107 0
      vertex -14.2525 -9.37904 0
    endloop
  endfacet
  facet normal 0 0 -1
    outer loop
      vertex 15.7905 -10.1627 0
      vertex -15.7905 -10.1627 0
      vertex -15.0061 -9.80107 0
    endloop
  endfacet
  facet normal 0 0 -1
    outer loop
      vertex 16.6008 -10.4616 0
      vertex -16.6008 -10.4616 0
      vertex -15.7905 -10.1627 0
    endloop
  endfacet
  facet normal 0 0 -1
    outer loop
      vertex 17.4321 -10.6961 0
      vertex -17.4321 -10.6961 0
      vertex -16.6008 -10.4616 0
    endloop
  endfacet
  facet normal 0 0 -1
    outer loop
      vertex 18.2792 -10.8646 0
      vertex -18.2792 -10.8646 0
      vertex -17.4321 -10.6961 0
    endloop
  endfacet
  facet normal -0 0 -1
    outer loop
      vertex 18.2792 -10.8646 0
      vertex -19.137 -10.9661 0
      vertex -18.2792 -10.8646 0
    endloop
  endfacet
  facet normal 0 0 -1
    outer loop
      vertex -87 -22 0
      vertex -19.137 -10.9661 0
      vertex 87 -22 0
    endloop
  endfacet
  facet normal 0 0 -1
    outer loop
      vertex -19.137 -10.9661 0
      vertex -87 -22 0
      vertex -20 -11 0
    endloop
  endfacet
  facet normal 0 0 -1
    outer loop
      vertex -30.9661 -0.86305 0
      vertex -49 0 0
      vertex -31 0 0
    endloop
  endfacet
  facet normal 0 0 -1
    outer loop
      vertex -49.0339 -0.86305 0
      vertex -30.9661 -0.86305 0
      vertex -30.8646 -1.72078 0
    endloop
  endfacet
  facet normal 0 0 -1
    outer loop
      vertex -49.1354 -1.72078 0
      vertex -30.8646 -1.72078 0
      vertex -30.6961 -2.5679 0
    endloop
  endfacet
  facet normal 0 0 -1
    outer loop
      vertex -49.3039 -2.5679 0
      vertex -30.6961 -2.5679 0
      vertex -30.4616 -3.39919 0
    endloop
  endfacet
  facet normal 0 0 -1
    outer loop
      vertex -49.5384 -3.39919 0
      vertex -30.4616 -3.39919 0
      vertex -30.1627 -4.20952 0
    endloop
  endfacet
  facet normal 0 0 -1
    outer loop
      vertex -49.8373 -4.20952 0
      vertex -30.1627 -4.20952 0
      vertex -29.8011 -4.99389 0
    endloop
  endfacet
  facet normal 0 0 -1
    outer loop
      vertex -50.1989 -4.99389 0
      vertex -29.8011 -4.99389 0
      vertex -29.379 -5.74748 0
    endloop
  endfacet
  facet normal 0 0 -1
    outer loop
      vertex -50.621 -5.74748 0
      vertex -29.379 -5.74748 0
      vertex -28.8992 -6.46564 0
    endloop
  endfacet
  facet normal 0 0 -1
    outer loop
      vertex -51.1008 -6.46564 0
      vertex -28.8992 -6.46564 0
      vertex -28.3645 -7.14393 0
    endloop
  endfacet
  facet normal 0 0 -1
    outer loop
      vertex -51.6355 -7.14393 0
      vertex -28.3645 -7.14393 0
      vertex -27.7782 -7.77817 0
    endloop
  endfacet
  facet normal 0 0 -1
    outer loop
      vertex -52.2218 -7.77817 0
      vertex -27.7782 -7.77817 0
      vertex -27.1439 -8.36446 0
    endloop
  endfacet
  facet normal 0 0 -1
    outer loop
      vertex -52.8561 -8.36446 0
      vertex -27.1439 -8.36446 0
      vertex -26.4656 -8.89919 0
    endloop
  endfacet
  facet normal 0 0 -1
    outer loop
      vertex -53.5344 -8.89919 0
      vertex -26.4656 -8.89919 0
      vertex -25.7475 -9.37904 0
    endloop
  endfacet
  facet normal 0 0 -1
    outer loop
      vertex -54.2525 -9.37904 0
      vertex -25.7475 -9.37904 0
      vertex -24.9939 -9.80107 0
    endloop
  endfacet
  facet normal 0 0 -1
    outer loop
      vertex -55.0061 -9.80107 0
      vertex -24.9939 -9.80107 0
      vertex -24.2095 -10.1627 0
    endloop
  endfacet
  facet normal 0 0 -1
    outer loop
      vertex -30.9661 -0.86305 0
      vertex -49.0339 -0.86305 0
      vertex -49 0 0
    endloop
  endfacet
  facet normal 0 0 -1
    outer loop
      vertex -30.8646 -1.72078 0
      vertex -49.1354 -1.72078 0
      vertex -49.0339 -0.86305 0
    endloop
  endfacet
  facet normal 0 0 -1
    outer loop
      vertex -55.7905 -10.1627 0
      vertex -24.2095 -10.1627 0
      vertex -23.3992 -10.4616 0
    endloop
  endfacet
  facet normal 0 0 -1
    outer loop
      vertex -30.6961 -2.5679 0
      vertex -49.3039 -2.5679 0
      vertex -49.1354 -1.72078 0
    endloop
  endfacet
  facet normal 0 0 -1
    outer loop
      vertex -30.4616 -3.39919 0
      vertex -49.5384 -3.39919 0
      vertex -49.3039 -2.5679 0
    endloop
  endfacet
  facet normal 0 0 -1
    outer loop
      vertex -56.6008 -10.4616 0
      vertex -23.3992 -10.4616 0
      vertex -22.5679 -10.6961 0
    endloop
  endfacet
  facet normal 0 0 -1
    outer loop
      vertex -30.1627 -4.20952 0
      vertex -49.8373 -4.20952 0
      vertex -49.5384 -3.39919 0
    endloop
  endfacet
  facet normal 0 0 -1
    outer loop
      vertex -29.8011 -4.99389 0
      vertex -50.1989 -4.99389 0
      vertex -49.8373 -4.20952 0
    endloop
  endfacet
  facet normal 0 0 -1
    outer loop
      vertex -29.379 -5.74748 0
      vertex -50.621 -5.74748 0
      vertex -50.1989 -4.99389 0
    endloop
  endfacet
  facet normal 0 0 -1
    outer loop
      vertex -57.4321 -10.6961 0
      vertex -22.5679 -10.6961 0
      vertex -21.7208 -10.8646 0
    endloop
  endfacet
  facet normal 0 0 -1
    outer loop
      vertex -28.8992 -6.46564 0
      vertex -51.1008 -6.46564 0
      vertex -50.621 -5.74748 0
    endloop
  endfacet
  facet normal 0 0 -1
    outer loop
      vertex -28.3645 -7.14393 0
      vertex -51.6355 -7.14393 0
      vertex -51.1008 -6.46564 0
    endloop
  endfacet
  facet normal 0 0 -1
    outer loop
      vertex -27.7782 -7.77817 0
      vertex -52.2218 -7.77817 0
      vertex -51.6355 -7.14393 0
    endloop
  endfacet
  facet normal 0 0 -1
    outer loop
      vertex -87 -22 0
      vertex -21.7208 -10.8646 0
      vertex -20.863 -10.9661 0
    endloop
  endfacet
  facet normal -0 0 -1
    outer loop
      vertex -20 -11 0
      vertex -87 -22 0
      vertex -20.863 -10.9661 0
    endloop
  endfacet
  facet normal 0 0 -1
    outer loop
      vertex -27.1439 -8.36446 0
      vertex -52.8561 -8.36446 0
      vertex -52.2218 -7.77817 0
    endloop
  endfacet
  facet normal 0 0 -1
    outer loop
      vertex -26.4656 -8.89919 0
      vertex -53.5344 -8.89919 0
      vertex -52.8561 -8.36446 0
    endloop
  endfacet
  facet normal 0 0 -1
    outer loop
      vertex -25.7475 -9.37904 0
      vertex -54.2525 -9.37904 0
      vertex -53.5344 -8.89919 0
    endloop
  endfacet
  facet normal 0 0 -1
    outer loop
      vertex -24.9939 -9.80107 0
      vertex -55.0061 -9.80107 0
      vertex -54.2525 -9.37904 0
    endloop
  endfacet
  facet normal 0 0 -1
    outer loop
      vertex -24.2095 -10.1627 0
      vertex -55.7905 -10.1627 0
      vertex -55.0061 -9.80107 0
    endloop
  endfacet
  facet normal 0 0 -1
    outer loop
      vertex -23.3992 -10.4616 0
      vertex -56.6008 -10.4616 0
      vertex -55.7905 -10.1627 0
    endloop
  endfacet
  facet normal -0 0 -1
    outer loop
      vertex -21.7208 -10.8646 0
      vertex -87 -22 0
      vertex -57.4321 -10.6961 0
    endloop
  endfacet
  facet normal 0 0 -1
    outer loop
      vertex -22.5679 -10.6961 0
      vertex -57.4321 -10.6961 0
      vertex -56.6008 -10.4616 0
    endloop
  endfacet
  facet normal 0 0 -1
    outer loop
      vertex -57.4321 -10.6961 0
      vertex -87 -22 0
      vertex -58.2792 -10.8646 0
    endloop
  endfacet
  facet normal 0 0 -1
    outer loop
      vertex -58.2792 -10.8646 0
      vertex -87 -22 0
      vertex -59.137 -10.9661 0
    endloop
  endfacet
  facet normal 0 0 -1
    outer loop
      vertex -59.137 -10.9661 0
      vertex -87 -22 0
      vertex -60 -11 0
    endloop
  endfacet
  facet normal 0 0 -1
    outer loop
      vertex -80.6552 -12.5631 0
      vertex -69.379 -5.74748 0
      vertex -80.5497 -12.7515 0
    endloop
  endfacet
  facet normal -0 0 -1
    outer loop
      vertex -68.8992 -6.46564 0
      vertex -80.5497 -12.7515 0
      vertex -69.379 -5.74748 0
    endloop
  endfacet
  facet normal 0 0 -1
    outer loop
      vertex -80.5497 -12.7515 0
      vertex -68.8992 -6.46564 0
      vertex -80.4593 -12.9476 0
    endloop
  endfacet
  facet normal 0 0 -1
    outer loop
      vertex -80.4593 -12.9476 0
      vertex -68.8992 -6.46564 0
      vertex -80.3846 -13.1502 0
    endloop
  endfacet
  facet normal -0 0 -1
    outer loop
      vertex -68.3645 -7.14393 0
      vertex -80.3846 -13.1502 0
      vertex -68.8992 -6.46564 0
    endloop
  endfacet
  facet normal 0 0 -1
    outer loop
      vertex -80.3846 -13.1502 0
      vertex -68.3645 -7.14393 0
      vertex -80.326 -13.358 0
    endloop
  endfacet
  facet normal 0 0 -1
    outer loop
      vertex -80.326 -13.358 0
      vertex -68.3645 -7.14393 0
      vertex -80.2839 -13.5698 0
    endloop
  endfacet
  facet normal -0 0 -1
    outer loop
      vertex -67.7782 -7.77817 0
      vertex -80.2839 -13.5698 0
      vertex -68.3645 -7.14393 0
    endloop
  endfacet
  facet normal 0 0 -1
    outer loop
      vertex -80.2839 -13.5698 0
      vertex -67.7782 -7.77817 0
      vertex -80.2585 -13.7842 0
    endloop
  endfacet
  facet normal 0 0 -1
    outer loop
      vertex -80.2585 -13.7842 0
      vertex -67.7782 -7.77817 0
      vertex -80.25 -14 0
    endloop
  endfacet
  facet normal -0 0 -1
    outer loop
      vertex -67.1439 -8.36446 0
      vertex -80.25 -14 0
      vertex -67.7782 -7.77817 0
    endloop
  endfacet
  facet normal 0 0 -1
    outer loop
      vertex -80.2585 -14.2158 0
      vertex -67.1439 -8.36446 0
      vertex -66.4656 -8.89919 0
    endloop
  endfacet
  facet normal 0 0 -1
    outer loop
      vertex -80.326 -14.642 0
      vertex -66.4656 -8.89919 0
      vertex -65.7475 -9.37904 0
    endloop
  endfacet
  facet normal 0 0 -1
    outer loop
      vertex -80.4593 -15.0524 0
      vertex -65.7475 -9.37904 0
      vertex -64.9939 -9.80107 0
    endloop
  endfacet
  facet normal 0 0 -1
    outer loop
      vertex -80.5497 -15.2485 0
      vertex -64.9939 -9.80107 0
      vertex -64.2095 -10.1627 0
    endloop
  endfacet
  facet normal 0 0 -1
    outer loop
      vertex -80.7752 -15.6164 0
      vertex -64.2095 -10.1627 0
      vertex -63.3992 -10.4616 0
    endloop
  endfacet
  facet normal 0 0 -1
    outer loop
      vertex -80.9089 -15.786 0
      vertex -63.3992 -10.4616 0
      vertex -62.5679 -10.6961 0
    endloop
  endfacet
  facet normal 0 0 -1
    outer loop
      vertex -81.214 -16.0911 0
      vertex -62.5679 -10.6961 0
      vertex -61.7208 -10.8646 0
    endloop
  endfacet
  facet normal 0 0 -1
    outer loop
      vertex -87 -22 0
      vertex -61.7208 -10.8646 0
      vertex -60.863 -10.9661 0
    endloop
  endfacet
  facet normal -0 0 -1
    outer loop
      vertex -60 -11 0
      vertex -87 -22 0
      vertex -60.863 -10.9661 0
    endloop
  endfacet
  facet normal 0 0 -1
    outer loop
      vertex -67.1439 -8.36446 0
      vertex -80.2585 -14.2158 0
      vertex -80.25 -14 0
    endloop
  endfacet
  facet normal 0 0 -1
    outer loop
      vertex -66.4656 -8.89919 0
      vertex -80.2839 -14.4302 0
      vertex -80.2585 -14.2158 0
    endloop
  endfacet
  facet normal 0 0 -1
    outer loop
      vertex -66.4656 -8.89919 0
      vertex -80.326 -14.642 0
      vertex -80.2839 -14.4302 0
    endloop
  endfacet
  facet normal 0 0 -1
    outer loop
      vertex -65.7475 -9.37904 0
      vertex -80.3846 -14.8498 0
      vertex -80.326 -14.642 0
    endloop
  endfacet
  facet normal 0 0 -1
    outer loop
      vertex -65.7475 -9.37904 0
      vertex -80.4593 -15.0524 0
      vertex -80.3846 -14.8498 0
    endloop
  endfacet
  facet normal 0 0 -1
    outer loop
      vertex -64.9939 -9.80107 0
      vertex -80.5497 -15.2485 0
      vertex -80.4593 -15.0524 0
    endloop
  endfacet
  facet normal 0 0 -1
    outer loop
      vertex -64.2095 -10.1627 0
      vertex -80.6552 -15.4369 0
      vertex -80.5497 -15.2485 0
    endloop
  endfacet
  facet normal 0 0 -1
    outer loop
      vertex -64.2095 -10.1627 0
      vertex -80.7752 -15.6164 0
      vertex -80.6552 -15.4369 0
    endloop
  endfacet
  facet normal 0 0 -1
    outer loop
      vertex -63.3992 -10.4616 0
      vertex -80.9089 -15.786 0
      vertex -80.7752 -15.6164 0
    endloop
  endfacet
  facet normal 0 0 -1
    outer loop
      vertex -62.5679 -10.6961 0
      vertex -81.0555 -15.9445 0
      vertex -80.9089 -15.786 0
    endloop
  endfacet
  facet normal 0 0 -1
    outer loop
      vertex -61.7208 -10.8646 0
      vertex -87 -22 0
      vertex -81.3836 -16.2248 0
    endloop
  endfacet
  facet normal 0 0 -1
    outer loop
      vertex -62.5679 -10.6961 0
      vertex -81.214 -16.0911 0
      vertex -81.0555 -15.9445 0
    endloop
  endfacet
  facet normal 0 0 -1
    outer loop
      vertex -61.7208 -10.8646 0
      vertex -81.3836 -16.2248 0
      vertex -81.214 -16.0911 0
    endloop
  endfacet
  facet normal 0 0 -1
    outer loop
      vertex -81.3836 -16.2248 0
      vertex -87 -22 0
      vertex -81.5631 -16.3448 0
    endloop
  endfacet
  facet normal 0 0 -1
    outer loop
      vertex -81.5631 -16.3448 0
      vertex -87 -22 0
      vertex -81.7515 -16.4503 0
    endloop
  endfacet
  facet normal 0 0 -1
    outer loop
      vertex -81.7515 -16.4503 0
      vertex -87 -22 0
      vertex -81.9476 -16.5407 0
    endloop
  endfacet
  facet normal 0 0 -1
    outer loop
      vertex -81.9476 -16.5407 0
      vertex -87 -22 0
      vertex -82.1502 -16.6154 0
    endloop
  endfacet
  facet normal 0 0 -1
    outer loop
      vertex -82.1502 -16.6154 0
      vertex -87 -22 0
      vertex -82.358 -16.674 0
    endloop
  endfacet
  facet normal 0 0 -1
    outer loop
      vertex -82.358 -16.674 0
      vertex -87 -22 0
      vertex -82.5698 -16.7161 0
    endloop
  endfacet
  facet normal 0 0 -1
    outer loop
      vertex -82.5698 -16.7161 0
      vertex -87 -22 0
      vertex -82.7842 -16.7415 0
    endloop
  endfacet
  facet normal -0 0 -1
    outer loop
      vertex -85.7415 -14.2158 0
      vertex -90 -19 0
      vertex -85.75 -14 0
    endloop
  endfacet
  facet normal -0 0 -1
    outer loop
      vertex -85.7161 -14.4302 0
      vertex -90 -19 0
      vertex -85.7415 -14.2158 0
    endloop
  endfacet
  facet normal -0 0 -1
    outer loop
      vertex -85.674 -14.642 0
      vertex -90 -19 0
      vertex -85.7161 -14.4302 0
    endloop
  endfacet
  facet normal -0 0 -1
    outer loop
      vertex -85.6154 -14.8498 0
      vertex -90 -19 0
      vertex -85.674 -14.642 0
    endloop
  endfacet
  facet normal -0 0 -1
    outer loop
      vertex -85.5407 -15.0524 0
      vertex -90 -19 0
      vertex -85.6154 -14.8498 0
    endloop
  endfacet
  facet normal -0 0 -1
    outer loop
      vertex -85.4503 -15.2485 0
      vertex -90 -19 0
      vertex -85.5407 -15.0524 0
    endloop
  endfacet
  facet normal -0 0 -1
    outer loop
      vertex -85.3448 -15.4369 0
      vertex -90 -19 0
      vertex -85.4503 -15.2485 0
    endloop
  endfacet
  facet normal -0 0 -1
    outer loop
      vertex -85.2248 -15.6164 0
      vertex -90 -19 0
      vertex -85.3448 -15.4369 0
    endloop
  endfacet
  facet normal -0 0 -1
    outer loop
      vertex -85.0911 -15.786 0
      vertex -90 -19 0
      vertex -85.2248 -15.6164 0
    endloop
  endfacet
  facet normal -0 0 -1
    outer loop
      vertex -84.9445 -15.9445 0
      vertex -90 -19 0
      vertex -85.0911 -15.786 0
    endloop
  endfacet
  facet normal -0 0 -1
    outer loop
      vertex -84.786 -16.0911 0
      vertex -90 -19 0
      vertex -84.9445 -15.9445 0
    endloop
  endfacet
  facet normal 0 0 -1
    outer loop
      vertex -90 -19 0
      vertex -84.786 -16.0911 0
      vertex -87 -22 0
    endloop
  endfacet
  facet normal -0 0 -1
    outer loop
      vertex -84.6164 -16.2248 0
      vertex -87 -22 0
      vertex -84.786 -16.0911 0
    endloop
  endfacet
  facet normal -0 0 -1
    outer loop
      vertex -84.4369 -16.3448 0
      vertex -87 -22 0
      vertex -84.6164 -16.2248 0
    endloop
  endfacet
  facet normal -0 0 -1
    outer loop
      vertex -84.2485 -16.4503 0
      vertex -87 -22 0
      vertex -84.4369 -16.3448 0
    endloop
  endfacet
  facet normal -0 0 -1
    outer loop
      vertex -84.0524 -16.5407 0
      vertex -87 -22 0
      vertex -84.2485 -16.4503 0
    endloop
  endfacet
  facet normal -0 0 -1
    outer loop
      vertex -83.8498 -16.6154 0
      vertex -87 -22 0
      vertex -84.0524 -16.5407 0
    endloop
  endfacet
  facet normal -0 0 -1
    outer loop
      vertex -83.642 -16.674 0
      vertex -87 -22 0
      vertex -83.8498 -16.6154 0
    endloop
  endfacet
  facet normal -0 0 -1
    outer loop
      vertex -83.4302 -16.7161 0
      vertex -87 -22 0
      vertex -83.642 -16.674 0
    endloop
  endfacet
  facet normal -0 0 -1
    outer loop
      vertex -83.2158 -16.7415 0
      vertex -87 -22 0
      vertex -83.4302 -16.7161 0
    endloop
  endfacet
  facet normal -0 0 -1
    outer loop
      vertex -83 -16.75 0
      vertex -87 -22 0
      vertex -83.2158 -16.7415 0
    endloop
  endfacet
  facet normal 0 0 -1
    outer loop
      vertex -82.7842 -16.7415 0
      vertex -87 -22 0
      vertex -83 -16.75 0
    endloop
  endfacet
  facet normal -0 0 -1
    outer loop
      vertex 89.427 20.7634 0
      vertex 84.786 16.0911 0
      vertex 89.2812 20.9483 0
    endloop
  endfacet
  facet normal -0 0 -1
    outer loop
      vertex 89.2812 20.9483 0
      vertex 84.786 16.0911 0
      vertex 89.1213 21.1213 0
    endloop
  endfacet
  facet normal -0 0 -1
    outer loop
      vertex 89.1213 21.1213 0
      vertex 84.786 16.0911 0
      vertex 88.9483 21.2812 0
    endloop
  endfacet
  facet normal -0 0 -1
    outer loop
      vertex 88.9483 21.2812 0
      vertex 84.786 16.0911 0
      vertex 88.7634 21.427 0
    endloop
  endfacet
  facet normal -0 0 -1
    outer loop
      vertex 88.7634 21.427 0
      vertex 84.786 16.0911 0
      vertex 88.5675 21.5579 0
    endloop
  endfacet
  facet normal -0 0 -1
    outer loop
      vertex 88.5675 21.5579 0
      vertex 84.786 16.0911 0
      vertex 88.362 21.673 0
    endloop
  endfacet
  facet normal -0 0 -1
    outer loop
      vertex 88.362 21.673 0
      vertex 84.786 16.0911 0
      vertex 88.1481 21.7716 0
    endloop
  endfacet
  facet normal -0 0 -1
    outer loop
      vertex 88.1481 21.7716 0
      vertex 84.786 16.0911 0
      vertex 87.927 21.8532 0
    endloop
  endfacet
  facet normal -0 0 -1
    outer loop
      vertex 87.927 21.8532 0
      vertex 84.786 16.0911 0
      vertex 87.7003 21.9171 0
    endloop
  endfacet
  facet normal -0 0 -1
    outer loop
      vertex 87.7003 21.9171 0
      vertex 84.786 16.0911 0
      vertex 87.4693 21.9631 0
    endloop
  endfacet
  facet normal -0 0 -1
    outer loop
      vertex 87.4693 21.9631 0
      vertex 84.786 16.0911 0
      vertex 87.2354 21.9908 0
    endloop
  endfacet
  facet normal -0 0 -1
    outer loop
      vertex 87.2354 21.9908 0
      vertex 84.786 16.0911 0
      vertex 87 22 0
    endloop
  endfacet
  facet normal 0 0 -1
    outer loop
      vertex 84.6164 16.2248 0
      vertex 87 22 0
      vertex 84.786 16.0911 0
    endloop
  endfacet
  facet normal 0 0 -1
    outer loop
      vertex 84.4369 16.3448 0
      vertex 87 22 0
      vertex 84.6164 16.2248 0
    endloop
  endfacet
  facet normal 0 0 -1
    outer loop
      vertex 84.2485 16.4503 0
      vertex 87 22 0
      vertex 84.4369 16.3448 0
    endloop
  endfacet
  facet normal 0 0 -1
    outer loop
      vertex 84.0524 16.5407 0
      vertex 87 22 0
      vertex 84.2485 16.4503 0
    endloop
  endfacet
  facet normal 0 0 -1
    outer loop
      vertex 83.8498 16.6154 0
      vertex 87 22 0
      vertex 84.0524 16.5407 0
    endloop
  endfacet
  facet normal 0 0 -1
    outer loop
      vertex 83.642 16.674 0
      vertex 87 22 0
      vertex 83.8498 16.6154 0
    endloop
  endfacet
  facet normal 0 0 -1
    outer loop
      vertex 83.4302 16.7161 0
      vertex 87 22 0
      vertex 83.642 16.674 0
    endloop
  endfacet
  facet normal 0 0 -1
    outer loop
      vertex 83.2158 16.7415 0
      vertex 87 22 0
      vertex 83.4302 16.7161 0
    endloop
  endfacet
  facet normal 0 0 -1
    outer loop
      vertex 83 16.75 0
      vertex 87 22 0
      vertex 83.2158 16.7415 0
    endloop
  endfacet
  facet normal 0 0 -1
    outer loop
      vertex 82.7842 16.7415 0
      vertex 87 22 0
      vertex 83 16.75 0
    endloop
  endfacet
  facet normal 0 0 -1
    outer loop
      vertex 82.5698 16.7161 0
      vertex 87 22 0
      vertex 82.7842 16.7415 0
    endloop
  endfacet
  facet normal 0 0 -1
    outer loop
      vertex 82.358 16.674 0
      vertex 87 22 0
      vertex 82.5698 16.7161 0
    endloop
  endfacet
  facet normal 0 0 -1
    outer loop
      vertex 82.1502 16.6154 0
      vertex 87 22 0
      vertex 82.358 16.674 0
    endloop
  endfacet
  facet normal 0 0 -1
    outer loop
      vertex 81.9476 16.5407 0
      vertex 87 22 0
      vertex 82.1502 16.6154 0
    endloop
  endfacet
  facet normal 0 0 -1
    outer loop
      vertex 81.7515 16.4503 0
      vertex 87 22 0
      vertex 81.9476 16.5407 0
    endloop
  endfacet
  facet normal 0 0 -1
    outer loop
      vertex 81.5631 16.3448 0
      vertex 87 22 0
      vertex 81.7515 16.4503 0
    endloop
  endfacet
  facet normal 0 0 -1
    outer loop
      vertex 81.3836 16.2248 0
      vertex 87 22 0
      vertex 81.5631 16.3448 0
    endloop
  endfacet
  facet normal 0 0 -1
    outer loop
      vertex 61.7208 10.8646 0
      vertex 81.3836 16.2248 0
      vertex 81.214 16.0911 0
    endloop
  endfacet
  facet normal 0 0 -1
    outer loop
      vertex 62.5679 10.6961 0
      vertex 81.214 16.0911 0
      vertex 81.0555 15.9445 0
    endloop
  endfacet
  facet normal -0 0 -1
    outer loop
      vertex 80.6552 12.5631 0
      vertex 69.379 5.74748 0
      vertex 80.5497 12.7515 0
    endloop
  endfacet
  facet normal 0 0 -1
    outer loop
      vertex 68.8992 6.46564 0
      vertex 80.5497 12.7515 0
      vertex 69.379 5.74748 0
    endloop
  endfacet
  facet normal -0 0 -1
    outer loop
      vertex 80.5497 12.7515 0
      vertex 68.8992 6.46564 0
      vertex 80.4593 12.9476 0
    endloop
  endfacet
  facet normal -0 0 -1
    outer loop
      vertex 80.4593 12.9476 0
      vertex 68.8992 6.46564 0
      vertex 80.3846 13.1502 0
    endloop
  endfacet
  facet normal 0 0 -1
    outer loop
      vertex 68.3645 7.14393 0
      vertex 80.3846 13.1502 0
      vertex 68.8992 6.46564 0
    endloop
  endfacet
  facet normal -0 0 -1
    outer loop
      vertex 80.3846 13.1502 0
      vertex 68.3645 7.14393 0
      vertex 80.326 13.358 0
    endloop
  endfacet
  facet normal -0 0 -1
    outer loop
      vertex 80.326 13.358 0
      vertex 68.3645 7.14393 0
      vertex 80.2839 13.5698 0
    endloop
  endfacet
  facet normal 0 0 -1
    outer loop
      vertex 67.7782 7.77817 0
      vertex 80.2839 13.5698 0
      vertex 68.3645 7.14393 0
    endloop
  endfacet
  facet normal -0 0 -1
    outer loop
      vertex 80.2839 13.5698 0
      vertex 67.7782 7.77817 0
      vertex 80.2585 13.7842 0
    endloop
  endfacet
  facet normal -0 0 -1
    outer loop
      vertex 80.2585 13.7842 0
      vertex 67.7782 7.77817 0
      vertex 80.25 14 0
    endloop
  endfacet
  facet normal 0 0 -1
    outer loop
      vertex 67.1439 8.36446 0
      vertex 80.25 14 0
      vertex 67.7782 7.77817 0
    endloop
  endfacet
  facet normal -0 0 -1
    outer loop
      vertex 80.25 14 0
      vertex 67.1439 8.36446 0
      vertex 80.2585 14.2158 0
    endloop
  endfacet
  facet normal 0 0 -1
    outer loop
      vertex 66.4656 8.89919 0
      vertex 80.2585 14.2158 0
      vertex 67.1439 8.36446 0
    endloop
  endfacet
  facet normal -0 0 -1
    outer loop
      vertex 80.2585 14.2158 0
      vertex 66.4656 8.89919 0
      vertex 80.2839 14.4302 0
    endloop
  endfacet
  facet normal -0 0 -1
    outer loop
      vertex 80.2839 14.4302 0
      vertex 66.4656 8.89919 0
      vertex 80.326 14.642 0
    endloop
  endfacet
  facet normal 0 0 -1
    outer loop
      vertex 65.7475 9.37904 0
      vertex 80.326 14.642 0
      vertex 66.4656 8.89919 0
    endloop
  endfacet
  facet normal -0 0 -1
    outer loop
      vertex 80.326 14.642 0
      vertex 65.7475 9.37904 0
      vertex 80.3846 14.8498 0
    endloop
  endfacet
  facet normal -0 0 -1
    outer loop
      vertex 80.3846 14.8498 0
      vertex 65.7475 9.37904 0
      vertex 80.4593 15.0524 0
    endloop
  endfacet
  facet normal 0 0 -1
    outer loop
      vertex 64.9939 9.80107 0
      vertex 80.4593 15.0524 0
      vertex 65.7475 9.37904 0
    endloop
  endfacet
  facet normal -0 0 -1
    outer loop
      vertex 80.4593 15.0524 0
      vertex 64.9939 9.80107 0
      vertex 80.5497 15.2485 0
    endloop
  endfacet
  facet normal 0 0 -1
    outer loop
      vertex 64.2095 10.1627 0
      vertex 80.5497 15.2485 0
      vertex 64.9939 9.80107 0
    endloop
  endfacet
  facet normal -0 0 -1
    outer loop
      vertex 80.5497 15.2485 0
      vertex 64.2095 10.1627 0
      vertex 80.6552 15.4369 0
    endloop
  endfacet
  facet normal -0 0 -1
    outer loop
      vertex 80.6552 15.4369 0
      vertex 64.2095 10.1627 0
      vertex 80.7752 15.6164 0
    endloop
  endfacet
  facet normal 0 0 -1
    outer loop
      vertex 63.3992 10.4616 0
      vertex 80.7752 15.6164 0
      vertex 64.2095 10.1627 0
    endloop
  endfacet
  facet normal -0 0 -1
    outer loop
      vertex 80.7752 15.6164 0
      vertex 63.3992 10.4616 0
      vertex 80.9089 15.786 0
    endloop
  endfacet
  facet normal 0 0 -1
    outer loop
      vertex 62.5679 10.6961 0
      vertex 80.9089 15.786 0
      vertex 63.3992 10.4616 0
    endloop
  endfacet
  facet normal -0 0 -1
    outer loop
      vertex 80.9089 15.786 0
      vertex 62.5679 10.6961 0
      vertex 81.0555 15.9445 0
    endloop
  endfacet
  facet normal 0 0 -1
    outer loop
      vertex 81.214 16.0911 0
      vertex 62.5679 10.6961 0
      vertex 61.7208 10.8646 0
    endloop
  endfacet
  facet normal -0 0 -1
    outer loop
      vertex 81.3836 16.2248 0
      vertex 61.7208 10.8646 0
      vertex 87 22 0
    endloop
  endfacet
  facet normal 0 0 -1
    outer loop
      vertex 60.863 10.9661 0
      vertex 87 22 0
      vertex 61.7208 10.8646 0
    endloop
  endfacet
  facet normal 0 0 -1
    outer loop
      vertex 60 11 0
      vertex 87 22 0
      vertex 60.863 10.9661 0
    endloop
  endfacet
  facet normal 0 0 -1
    outer loop
      vertex 59.137 10.9661 0
      vertex 87 22 0
      vertex 60 11 0
    endloop
  endfacet
  facet normal 0 0 -1
    outer loop
      vertex 58.2792 10.8646 0
      vertex 87 22 0
      vertex 59.137 10.9661 0
    endloop
  endfacet
  facet normal 0 0 -1
    outer loop
      vertex 57.4321 10.6961 0
      vertex 87 22 0
      vertex 58.2792 10.8646 0
    endloop
  endfacet
  facet normal 0 0 -1
    outer loop
      vertex 22.5679 10.6961 0
      vertex 57.4321 10.6961 0
      vertex 56.6008 10.4616 0
    endloop
  endfacet
  facet normal 0 0 -1
    outer loop
      vertex 23.3992 10.4616 0
      vertex 56.6008 10.4616 0
      vertex 55.7905 10.1627 0
    endloop
  endfacet
  facet normal 0 0 -1
    outer loop
      vertex 31 0 0
      vertex 49.0339 0.86305 0
      vertex 49 0 0
    endloop
  endfacet
  facet normal 0 0 -1
    outer loop
      vertex 30.9661 0.86305 0
      vertex 49.0339 0.86305 0
      vertex 31 0 0
    endloop
  endfacet
  facet normal 0 0 -1
    outer loop
      vertex 49.0339 0.86305 0
      vertex 30.9661 0.86305 0
      vertex 49.1354 1.72078 0
    endloop
  endfacet
  facet normal 0 0 -1
    outer loop
      vertex 30.8646 1.72078 0
      vertex 49.1354 1.72078 0
      vertex 30.9661 0.86305 0
    endloop
  endfacet
  facet normal 0 0 -1
    outer loop
      vertex 49.1354 1.72078 0
      vertex 30.8646 1.72078 0
      vertex 49.3039 2.5679 0
    endloop
  endfacet
  facet normal 0 0 -1
    outer loop
      vertex 30.6961 2.5679 0
      vertex 49.3039 2.5679 0
      vertex 30.8646 1.72078 0
    endloop
  endfacet
  facet normal 0 0 -1
    outer loop
      vertex 49.3039 2.5679 0
      vertex 30.6961 2.5679 0
      vertex 49.5384 3.39919 0
    endloop
  endfacet
  facet normal 0 0 -1
    outer loop
      vertex 30.4616 3.39919 0
      vertex 49.5384 3.39919 0
      vertex 30.6961 2.5679 0
    endloop
  endfacet
  facet normal 0 0 -1
    outer loop
      vertex 49.5384 3.39919 0
      vertex 30.4616 3.39919 0
      vertex 49.8373 4.20952 0
    endloop
  endfacet
  facet normal 0 0 -1
    outer loop
      vertex 30.1627 4.20952 0
      vertex 49.8373 4.20952 0
      vertex 30.4616 3.39919 0
    endloop
  endfacet
  facet normal 0 0 -1
    outer loop
      vertex 49.8373 4.20952 0
      vertex 30.1627 4.20952 0
      vertex 50.1989 4.99389 0
    endloop
  endfacet
  facet normal 0 0 -1
    outer loop
      vertex 29.8011 4.99389 0
      vertex 50.1989 4.99389 0
      vertex 30.1627 4.20952 0
    endloop
  endfacet
  facet normal 0 0 -1
    outer loop
      vertex 50.1989 4.99389 0
      vertex 29.8011 4.99389 0
      vertex 50.621 5.74748 0
    endloop
  endfacet
  facet normal 0 0 -1
    outer loop
      vertex 29.379 5.74748 0
      vertex 50.621 5.74748 0
      vertex 29.8011 4.99389 0
    endloop
  endfacet
  facet normal 0 0 -1
    outer loop
      vertex 50.621 5.74748 0
      vertex 29.379 5.74748 0
      vertex 51.1008 6.46564 0
    endloop
  endfacet
  facet normal 0 0 -1
    outer loop
      vertex 28.8992 6.46564 0
      vertex 51.1008 6.46564 0
      vertex 29.379 5.74748 0
    endloop
  endfacet
  facet normal 0 0 -1
    outer loop
      vertex 51.1008 6.46564 0
      vertex 28.8992 6.46564 0
      vertex 51.6355 7.14393 0
    endloop
  endfacet
  facet normal 0 0 -1
    outer loop
      vertex 28.3645 7.14393 0
      vertex 51.6355 7.14393 0
      vertex 28.8992 6.46564 0
    endloop
  endfacet
  facet normal 0 0 -1
    outer loop
      vertex 51.6355 7.14393 0
      vertex 28.3645 7.14393 0
      vertex 52.2218 7.77817 0
    endloop
  endfacet
  facet normal 0 0 -1
    outer loop
      vertex 27.7782 7.77817 0
      vertex 52.2218 7.77817 0
      vertex 28.3645 7.14393 0
    endloop
  endfacet
  facet normal 0 0 -1
    outer loop
      vertex 52.2218 7.77817 0
      vertex 27.7782 7.77817 0
      vertex 52.8561 8.36446 0
    endloop
  endfacet
  facet normal 0 0 -1
    outer loop
      vertex 27.1439 8.36446 0
      vertex 52.8561 8.36446 0
      vertex 27.7782 7.77817 0
    endloop
  endfacet
  facet normal 0 0 -1
    outer loop
      vertex 52.8561 8.36446 0
      vertex 27.1439 8.36446 0
      vertex 53.5344 8.89919 0
    endloop
  endfacet
  facet normal 0 0 -1
    outer loop
      vertex 26.4656 8.89919 0
      vertex 53.5344 8.89919 0
      vertex 27.1439 8.36446 0
    endloop
  endfacet
  facet normal 0 0 -1
    outer loop
      vertex 53.5344 8.89919 0
      vertex 26.4656 8.89919 0
      vertex 54.2525 9.37904 0
    endloop
  endfacet
  facet normal 0 0 -1
    outer loop
      vertex 25.7475 9.37904 0
      vertex 54.2525 9.37904 0
      vertex 26.4656 8.89919 0
    endloop
  endfacet
  facet normal 0 0 -1
    outer loop
      vertex 54.2525 9.37904 0
      vertex 25.7475 9.37904 0
      vertex 55.0061 9.80107 0
    endloop
  endfacet
  facet normal 0 0 -1
    outer loop
      vertex 24.9939 9.80107 0
      vertex 55.0061 9.80107 0
      vertex 25.7475 9.37904 0
    endloop
  endfacet
  facet normal 0 0 -1
    outer loop
      vertex 55.0061 9.80107 0
      vertex 24.9939 9.80107 0
      vertex 55.7905 10.1627 0
    endloop
  endfacet
  facet normal 0 0 -1
    outer loop
      vertex 24.2095 10.1627 0
      vertex 55.7905 10.1627 0
      vertex 24.9939 9.80107 0
    endloop
  endfacet
  facet normal 0 0 -1
    outer loop
      vertex 23.3992 10.4616 0
      vertex 55.7905 10.1627 0
      vertex 24.2095 10.1627 0
    endloop
  endfacet
  facet normal 0 0 -1
    outer loop
      vertex 56.6008 10.4616 0
      vertex 23.3992 10.4616 0
      vertex 22.5679 10.6961 0
    endloop
  endfacet
  facet normal 0 0 -1
    outer loop
      vertex 57.4321 10.6961 0
      vertex 22.5679 10.6961 0
      vertex 87 22 0
    endloop
  endfacet
  facet normal 0 0 -1
    outer loop
      vertex 21.7208 10.8646 0
      vertex 87 22 0
      vertex 22.5679 10.6961 0
    endloop
  endfacet
  facet normal 0 0 -1
    outer loop
      vertex 20.863 10.9661 0
      vertex 87 22 0
      vertex 21.7208 10.8646 0
    endloop
  endfacet
  facet normal 0 0 -1
    outer loop
      vertex 20 11 0
      vertex 87 22 0
      vertex 20.863 10.9661 0
    endloop
  endfacet
  facet normal 0 0 -1
    outer loop
      vertex 19.137 10.9661 0
      vertex 87 22 0
      vertex 20 11 0
    endloop
  endfacet
  facet normal 0 0 -1
    outer loop
      vertex -19.137 10.9661 0
      vertex 19.137 10.9661 0
      vertex 18.2792 10.8646 0
    endloop
  endfacet
  facet normal 0 0 -1
    outer loop
      vertex -9 0 0
      vertex 9.03391 0.86305 0
      vertex 9 0 0
    endloop
  endfacet
  facet normal 0 0 -1
    outer loop
      vertex -9.03391 0.86305 0
      vertex 9.03391 0.86305 0
      vertex -9 0 0
    endloop
  endfacet
  facet normal 0 0 -1
    outer loop
      vertex 9.03391 0.86305 0
      vertex -9.03391 0.86305 0
      vertex 9.13543 1.72078 0
    endloop
  endfacet
  facet normal 0 0 -1
    outer loop
      vertex -9.13543 1.72078 0
      vertex 9.13543 1.72078 0
      vertex -9.03391 0.86305 0
    endloop
  endfacet
  facet normal 0 0 -1
    outer loop
      vertex 9.13543 1.72078 0
      vertex -9.13543 1.72078 0
      vertex 9.30393 2.5679 0
    endloop
  endfacet
  facet normal 0 0 -1
    outer loop
      vertex -9.30393 2.5679 0
      vertex 9.30393 2.5679 0
      vertex -9.13543 1.72078 0
    endloop
  endfacet
  facet normal 0 0 -1
    outer loop
      vertex 9.30393 2.5679 0
      vertex -9.30393 2.5679 0
      vertex 9.53838 3.39919 0
    endloop
  endfacet
  facet normal 0 0 -1
    outer loop
      vertex -9.53838 3.39919 0
      vertex 9.53838 3.39919 0
      vertex -9.30393 2.5679 0
    endloop
  endfacet
  facet normal 0 0 -1
    outer loop
      vertex 9.53838 3.39919 0
      vertex -9.53838 3.39919 0
      vertex 9.83733 4.20952 0
    endloop
  endfacet
  facet normal 0 0 -1
    outer loop
      vertex -9.83733 4.20952 0
      vertex 9.83733 4.20952 0
      vertex -9.53838 3.39919 0
    endloop
  endfacet
  facet normal 0 0 -1
    outer loop
      vertex 9.83733 4.20952 0
      vertex -9.83733 4.20952 0
      vertex 10.1989 4.99389 0
    endloop
  endfacet
  facet normal 0 0 -1
    outer loop
      vertex -10.1989 4.99389 0
      vertex 10.1989 4.99389 0
      vertex -9.83733 4.20952 0
    endloop
  endfacet
  facet normal 0 0 -1
    outer loop
      vertex 10.1989 4.99389 0
      vertex -10.1989 4.99389 0
      vertex 10.621 5.74748 0
    endloop
  endfacet
  facet normal 0 0 -1
    outer loop
      vertex -10.621 5.74748 0
      vertex 10.621 5.74748 0
      vertex -10.1989 4.99389 0
    endloop
  endfacet
  facet normal 0 0 -1
    outer loop
      vertex 10.621 5.74748 0
      vertex -10.621 5.74748 0
      vertex 11.1008 6.46564 0
    endloop
  endfacet
  facet normal 0 0 -1
    outer loop
      vertex -11.1008 6.46564 0
      vertex 11.1008 6.46564 0
      vertex -10.621 5.74748 0
    endloop
  endfacet
  facet normal 0 0 -1
    outer loop
      vertex 11.1008 6.46564 0
      vertex -11.1008 6.46564 0
      vertex 11.6355 7.14393 0
    endloop
  endfacet
  facet normal 0 0 -1
    outer loop
      vertex -11.6355 7.14393 0
      vertex 11.6355 7.14393 0
      vertex -11.1008 6.46564 0
    endloop
  endfacet
  facet normal 0 0 -1
    outer loop
      vertex 11.6355 7.14393 0
      vertex -11.6355 7.14393 0
      vertex 12.2218 7.77817 0
    endloop
  endfacet
  facet normal 0 0 -1
    outer loop
      vertex -12.2218 7.77817 0
      vertex 12.2218 7.77817 0
      vertex -11.6355 7.14393 0
    endloop
  endfacet
  facet normal 0 0 -1
    outer loop
      vertex 12.2218 7.77817 0
      vertex -12.2218 7.77817 0
      vertex 12.8561 8.36446 0
    endloop
  endfacet
  facet normal 0 0 -1
    outer loop
      vertex -12.8561 8.36446 0
      vertex 12.8561 8.36446 0
      vertex -12.2218 7.77817 0
    endloop
  endfacet
  facet normal 0 0 -1
    outer loop
      vertex 12.8561 8.36446 0
      vertex -12.8561 8.36446 0
      vertex 13.5344 8.89919 0
    endloop
  endfacet
  facet normal 0 0 -1
    outer loop
      vertex -13.5344 8.89919 0
      vertex 13.5344 8.89919 0
      vertex -12.8561 8.36446 0
    endloop
  endfacet
  facet normal 0 0 -1
    outer loop
      vertex 13.5344 8.89919 0
      vertex -13.5344 8.89919 0
      vertex 14.2525 9.37904 0
    endloop
  endfacet
  facet normal 0 0 -1
    outer loop
      vertex -14.2525 9.37904 0
      vertex 14.2525 9.37904 0
      vertex -13.5344 8.89919 0
    endloop
  endfacet
  facet normal 0 0 -1
    outer loop
      vertex 14.2525 9.37904 0
      vertex -14.2525 9.37904 0
      vertex 15.0061 9.80107 0
    endloop
  endfacet
  facet normal 0 0 -1
    outer loop
      vertex -15.0061 9.80107 0
      vertex 15.0061 9.80107 0
      vertex -14.2525 9.37904 0
    endloop
  endfacet
  facet normal 0 0 -1
    outer loop
      vertex 15.0061 9.80107 0
      vertex -15.0061 9.80107 0
      vertex 15.7905 10.1627 0
    endloop
  endfacet
  facet normal 0 0 -1
    outer loop
      vertex -15.7905 10.1627 0
      vertex 15.7905 10.1627 0
      vertex -15.0061 9.80107 0
    endloop
  endfacet
  facet normal 0 0 -1
    outer loop
      vertex 15.7905 10.1627 0
      vertex -15.7905 10.1627 0
      vertex 16.6008 10.4616 0
    endloop
  endfacet
  facet normal 0 0 -1
    outer loop
      vertex -16.6008 10.4616 0
      vertex 16.6008 10.4616 0
      vertex -15.7905 10.1627 0
    endloop
  endfacet
  facet normal 0 0 -1
    outer loop
      vertex 16.6008 10.4616 0
      vertex -16.6008 10.4616 0
      vertex 17.4321 10.6961 0
    endloop
  endfacet
  facet normal 0 0 -1
    outer loop
      vertex -17.4321 10.6961 0
      vertex 17.4321 10.6961 0
      vertex -16.6008 10.4616 0
    endloop
  endfacet
  facet normal 0 0 -1
    outer loop
      vertex 17.4321 10.6961 0
      vertex -17.4321 10.6961 0
      vertex 18.2792 10.8646 0
    endloop
  endfacet
  facet normal 0 0 -1
    outer loop
      vertex -18.2792 10.8646 0
      vertex 18.2792 10.8646 0
      vertex -17.4321 10.6961 0
    endloop
  endfacet
  facet normal 0 0 -1
    outer loop
      vertex -19.137 10.9661 0
      vertex 18.2792 10.8646 0
      vertex -18.2792 10.8646 0
    endloop
  endfacet
  facet normal 0 0 -1
    outer loop
      vertex 19.137 10.9661 0
      vertex -19.137 10.9661 0
      vertex 87 22 0
    endloop
  endfacet
  facet normal 0 0 -1
    outer loop
      vertex -87 22 0
      vertex -19.137 10.9661 0
      vertex -20 11 0
    endloop
  endfacet
  facet normal 0 0 -1
    outer loop
      vertex -87 22 0
      vertex -20 11 0
      vertex -20.863 10.9661 0
    endloop
  endfacet
  facet normal 0 0 -1
    outer loop
      vertex -49 0 0
      vertex -30.9661 0.86305 0
      vertex -31 0 0
    endloop
  endfacet
  facet normal 0 0 -1
    outer loop
      vertex -49.0339 0.86305 0
      vertex -30.9661 0.86305 0
      vertex -49 0 0
    endloop
  endfacet
  facet normal 0 0 -1
    outer loop
      vertex -30.9661 0.86305 0
      vertex -49.0339 0.86305 0
      vertex -30.8646 1.72078 0
    endloop
  endfacet
  facet normal 0 0 -1
    outer loop
      vertex -49.1354 1.72078 0
      vertex -30.8646 1.72078 0
      vertex -49.0339 0.86305 0
    endloop
  endfacet
  facet normal 0 0 -1
    outer loop
      vertex -30.8646 1.72078 0
      vertex -49.1354 1.72078 0
      vertex -30.6961 2.5679 0
    endloop
  endfacet
  facet normal 0 0 -1
    outer loop
      vertex -49.3039 2.5679 0
      vertex -30.6961 2.5679 0
      vertex -49.1354 1.72078 0
    endloop
  endfacet
  facet normal 0 0 -1
    outer loop
      vertex -30.6961 2.5679 0
      vertex -49.3039 2.5679 0
      vertex -30.4616 3.39919 0
    endloop
  endfacet
  facet normal 0 0 -1
    outer loop
      vertex -49.5384 3.39919 0
      vertex -30.4616 3.39919 0
      vertex -49.3039 2.5679 0
    endloop
  endfacet
  facet normal 0 0 -1
    outer loop
      vertex -30.4616 3.39919 0
      vertex -49.5384 3.39919 0
      vertex -30.1627 4.20952 0
    endloop
  endfacet
  facet normal 0 0 -1
    outer loop
      vertex -49.8373 4.20952 0
      vertex -30.1627 4.20952 0
      vertex -49.5384 3.39919 0
    endloop
  endfacet
  facet normal 0 0 -1
    outer loop
      vertex -30.1627 4.20952 0
      vertex -49.8373 4.20952 0
      vertex -29.8011 4.99389 0
    endloop
  endfacet
  facet normal 0 0 -1
    outer loop
      vertex -50.1989 4.99389 0
      vertex -29.8011 4.99389 0
      vertex -49.8373 4.20952 0
    endloop
  endfacet
  facet normal 0 0 -1
    outer loop
      vertex -29.8011 4.99389 0
      vertex -50.1989 4.99389 0
      vertex -29.379 5.74748 0
    endloop
  endfacet
  facet normal 0 0 -1
    outer loop
      vertex -50.621 5.74748 0
      vertex -29.379 5.74748 0
      vertex -50.1989 4.99389 0
    endloop
  endfacet
  facet normal 0 0 -1
    outer loop
      vertex -29.379 5.74748 0
      vertex -50.621 5.74748 0
      vertex -28.8992 6.46564 0
    endloop
  endfacet
  facet normal 0 0 -1
    outer loop
      vertex -51.1008 6.46564 0
      vertex -28.8992 6.46564 0
      vertex -50.621 5.74748 0
    endloop
  endfacet
  facet normal 0 0 -1
    outer loop
      vertex -28.8992 6.46564 0
      vertex -51.1008 6.46564 0
      vertex -28.3645 7.14393 0
    endloop
  endfacet
  facet normal 0 0 -1
    outer loop
      vertex -51.6355 7.14393 0
      vertex -28.3645 7.14393 0
      vertex -51.1008 6.46564 0
    endloop
  endfacet
  facet normal 0 0 -1
    outer loop
      vertex -28.3645 7.14393 0
      vertex -51.6355 7.14393 0
      vertex -27.7782 7.77817 0
    endloop
  endfacet
  facet normal 0 0 -1
    outer loop
      vertex -52.2218 7.77817 0
      vertex -27.7782 7.77817 0
      vertex -51.6355 7.14393 0
    endloop
  endfacet
  facet normal 0 0 -1
    outer loop
      vertex -27.7782 7.77817 0
      vertex -52.2218 7.77817 0
      vertex -27.1439 8.36446 0
    endloop
  endfacet
  facet normal 0 0 -1
    outer loop
      vertex -52.8561 8.36446 0
      vertex -27.1439 8.36446 0
      vertex -52.2218 7.77817 0
    endloop
  endfacet
  facet normal 0 0 -1
    outer loop
      vertex -27.1439 8.36446 0
      vertex -52.8561 8.36446 0
      vertex -26.4656 8.89919 0
    endloop
  endfacet
  facet normal 0 0 -1
    outer loop
      vertex -53.5344 8.89919 0
      vertex -26.4656 8.89919 0
      vertex -52.8561 8.36446 0
    endloop
  endfacet
  facet normal 0 0 -1
    outer loop
      vertex -26.4656 8.89919 0
      vertex -53.5344 8.89919 0
      vertex -25.7475 9.37904 0
    endloop
  endfacet
  facet normal 0 0 -1
    outer loop
      vertex -54.2525 9.37904 0
      vertex -25.7475 9.37904 0
      vertex -53.5344 8.89919 0
    endloop
  endfacet
  facet normal 0 0 -1
    outer loop
      vertex -25.7475 9.37904 0
      vertex -54.2525 9.37904 0
      vertex -24.9939 9.80107 0
    endloop
  endfacet
  facet normal 0 0 -1
    outer loop
      vertex -55.0061 9.80107 0
      vertex -24.9939 9.80107 0
      vertex -54.2525 9.37904 0
    endloop
  endfacet
  facet normal 0 0 -1
    outer loop
      vertex -24.9939 9.80107 0
      vertex -55.0061 9.80107 0
      vertex -24.2095 10.1627 0
    endloop
  endfacet
  facet normal 0 0 -1
    outer loop
      vertex -55.7905 10.1627 0
      vertex -24.2095 10.1627 0
      vertex -55.0061 9.80107 0
    endloop
  endfacet
  facet normal 0 0 -1
    outer loop
      vertex -24.2095 10.1627 0
      vertex -55.7905 10.1627 0
      vertex -23.3992 10.4616 0
    endloop
  endfacet
  facet normal 0 0 -1
    outer loop
      vertex -56.6008 10.4616 0
      vertex -23.3992 10.4616 0
      vertex -55.7905 10.1627 0
    endloop
  endfacet
  facet normal 0 0 -1
    outer loop
      vertex -23.3992 10.4616 0
      vertex -56.6008 10.4616 0
      vertex -22.5679 10.6961 0
    endloop
  endfacet
  facet normal 0 0 -1
    outer loop
      vertex -57.4321 10.6961 0
      vertex -22.5679 10.6961 0
      vertex -56.6008 10.4616 0
    endloop
  endfacet
  facet normal 0 0 -1
    outer loop
      vertex -22.5679 10.6961 0
      vertex -57.4321 10.6961 0
      vertex -21.7208 10.8646 0
    endloop
  endfacet
  facet normal 0 0 -1
    outer loop
      vertex -87 22 0
      vertex -21.7208 10.8646 0
      vertex -57.4321 10.6961 0
    endloop
  endfacet
  facet normal 0 0 -1
    outer loop
      vertex -21.7208 10.8646 0
      vertex -87 22 0
      vertex -20.863 10.9661 0
    endloop
  endfacet
  facet normal 0 0 -1
    outer loop
      vertex -87 22 0
      vertex -57.4321 10.6961 0
      vertex -58.2792 10.8646 0
    endloop
  endfacet
  facet normal 0 0 -1
    outer loop
      vertex -87 22 0
      vertex -58.2792 10.8646 0
      vertex -59.137 10.9661 0
    endloop
  endfacet
  facet normal 0 0 -1
    outer loop
      vertex -87 22 0
      vertex -59.137 10.9661 0
      vertex -60 11 0
    endloop
  endfacet
  facet normal 0 0 -1
    outer loop
      vertex -87 22 0
      vertex -60 11 0
      vertex -60.863 10.9661 0
    endloop
  endfacet
  facet normal 0 0 -1
    outer loop
      vertex -80.7752 -12.3836 0
      vertex -69.379 -5.74748 0
      vertex -80.6552 -12.5631 0
    endloop
  endfacet
  facet normal 0 0 -1
    outer loop
      vertex -71 0 0
      vertex -80.25 14 0
      vertex -70.9661 0.86305 0
    endloop
  endfacet
  facet normal 0 0 -1
    outer loop
      vertex -70.9661 0.86305 0
      vertex -80.25 14 0
      vertex -70.8646 1.72078 0
    endloop
  endfacet
  facet normal 0 0 -1
    outer loop
      vertex -70.8646 1.72078 0
      vertex -80.25 14 0
      vertex -70.6961 2.5679 0
    endloop
  endfacet
  facet normal 0 0 -1
    outer loop
      vertex -70.6961 2.5679 0
      vertex -80.25 14 0
      vertex -70.4616 3.39919 0
    endloop
  endfacet
  facet normal 0 0 -1
    outer loop
      vertex -70.4616 3.39919 0
      vertex -80.25 14 0
      vertex -70.1627 4.20952 0
    endloop
  endfacet
  facet normal 0 0 -1
    outer loop
      vertex -70.1627 4.20952 0
      vertex -80.25 14 0
      vertex -69.8011 4.99389 0
    endloop
  endfacet
  facet normal 0 0 -1
    outer loop
      vertex -80.25 14 0
      vertex -69.379 5.74748 0
      vertex -69.8011 4.99389 0
    endloop
  endfacet
  facet normal 0 0 -1
    outer loop
      vertex -80.25 14 0
      vertex -68.8992 6.46564 0
      vertex -69.379 5.74748 0
    endloop
  endfacet
  facet normal 0 0 -1
    outer loop
      vertex -80.25 14 0
      vertex -68.3645 7.14393 0
      vertex -68.8992 6.46564 0
    endloop
  endfacet
  facet normal 0 0 -1
    outer loop
      vertex -80.25 14 0
      vertex -67.7782 7.77817 0
      vertex -68.3645 7.14393 0
    endloop
  endfacet
  facet normal 0 0 -1
    outer loop
      vertex -80.25 14 0
      vertex -67.1439 8.36446 0
      vertex -67.7782 7.77817 0
    endloop
  endfacet
  facet normal 0 0 -1
    outer loop
      vertex -80.2585 14.2158 0
      vertex -67.1439 8.36446 0
      vertex -80.25 14 0
    endloop
  endfacet
  facet normal 0 0 -1
    outer loop
      vertex -67.1439 8.36446 0
      vertex -80.2585 14.2158 0
      vertex -66.4656 8.89919 0
    endloop
  endfacet
  facet normal 0 0 -1
    outer loop
      vertex -80.2839 14.4302 0
      vertex -66.4656 8.89919 0
      vertex -80.2585 14.2158 0
    endloop
  endfacet
  facet normal 0 0 -1
    outer loop
      vertex -80.326 14.642 0
      vertex -66.4656 8.89919 0
      vertex -80.2839 14.4302 0
    endloop
  endfacet
  facet normal 0 0 -1
    outer loop
      vertex -66.4656 8.89919 0
      vertex -80.326 14.642 0
      vertex -65.7475 9.37904 0
    endloop
  endfacet
  facet normal 0 0 -1
    outer loop
      vertex -80.3846 14.8498 0
      vertex -65.7475 9.37904 0
      vertex -80.326 14.642 0
    endloop
  endfacet
  facet normal 0 0 -1
    outer loop
      vertex -80.4593 15.0524 0
      vertex -65.7475 9.37904 0
      vertex -80.3846 14.8498 0
    endloop
  endfacet
  facet normal 0 0 -1
    outer loop
      vertex -65.7475 9.37904 0
      vertex -80.4593 15.0524 0
      vertex -64.9939 9.80107 0
    endloop
  endfacet
  facet normal 0 0 -1
    outer loop
      vertex -80.5497 15.2485 0
      vertex -64.9939 9.80107 0
      vertex -80.4593 15.0524 0
    endloop
  endfacet
  facet normal 0 0 -1
    outer loop
      vertex -64.9939 9.80107 0
      vertex -80.5497 15.2485 0
      vertex -64.2095 10.1627 0
    endloop
  endfacet
  facet normal 0 0 -1
    outer loop
      vertex -80.6552 15.4369 0
      vertex -64.2095 10.1627 0
      vertex -80.5497 15.2485 0
    endloop
  endfacet
  facet normal 0 0 -1
    outer loop
      vertex -80.7752 15.6164 0
      vertex -64.2095 10.1627 0
      vertex -80.6552 15.4369 0
    endloop
  endfacet
  facet normal 0 0 -1
    outer loop
      vertex -64.2095 10.1627 0
      vertex -80.7752 15.6164 0
      vertex -63.3992 10.4616 0
    endloop
  endfacet
  facet normal 0 0 -1
    outer loop
      vertex -80.9089 15.786 0
      vertex -63.3992 10.4616 0
      vertex -80.7752 15.6164 0
    endloop
  endfacet
  facet normal 0 0 -1
    outer loop
      vertex -63.3992 10.4616 0
      vertex -80.9089 15.786 0
      vertex -62.5679 10.6961 0
    endloop
  endfacet
  facet normal 0 0 -1
    outer loop
      vertex -81.0555 15.9445 0
      vertex -62.5679 10.6961 0
      vertex -80.9089 15.786 0
    endloop
  endfacet
  facet normal 0 0 -1
    outer loop
      vertex -81.214 16.0911 0
      vertex -62.5679 10.6961 0
      vertex -81.0555 15.9445 0
    endloop
  endfacet
  facet normal 0 0 -1
    outer loop
      vertex -62.5679 10.6961 0
      vertex -81.214 16.0911 0
      vertex -61.7208 10.8646 0
    endloop
  endfacet
  facet normal 0 0 -1
    outer loop
      vertex -81.3836 16.2248 0
      vertex -61.7208 10.8646 0
      vertex -81.214 16.0911 0
    endloop
  endfacet
  facet normal 0 0 -1
    outer loop
      vertex -87 22 0
      vertex -61.7208 10.8646 0
      vertex -81.3836 16.2248 0
    endloop
  endfacet
  facet normal 0 0 -1
    outer loop
      vertex -61.7208 10.8646 0
      vertex -87 22 0
      vertex -60.863 10.9661 0
    endloop
  endfacet
  facet normal 0 0 -1
    outer loop
      vertex -87 22 0
      vertex -81.3836 16.2248 0
      vertex -81.5631 16.3448 0
    endloop
  endfacet
  facet normal 0 0 -1
    outer loop
      vertex -87 22 0
      vertex -81.5631 16.3448 0
      vertex -81.7515 16.4503 0
    endloop
  endfacet
  facet normal 0 0 -1
    outer loop
      vertex -87 22 0
      vertex -81.7515 16.4503 0
      vertex -81.9476 16.5407 0
    endloop
  endfacet
  facet normal 0 0 -1
    outer loop
      vertex -87 22 0
      vertex -81.9476 16.5407 0
      vertex -82.1502 16.6154 0
    endloop
  endfacet
  facet normal 0 0 -1
    outer loop
      vertex -87 22 0
      vertex -82.1502 16.6154 0
      vertex -82.358 16.674 0
    endloop
  endfacet
  facet normal 0 0 -1
    outer loop
      vertex -87 22 0
      vertex -82.358 16.674 0
      vertex -82.5698 16.7161 0
    endloop
  endfacet
  facet normal 0 0 -1
    outer loop
      vertex -87 22 0
      vertex -82.5698 16.7161 0
      vertex -82.7842 16.7415 0
    endloop
  endfacet
  facet normal 0 0 -1
    outer loop
      vertex -87 22 0
      vertex -82.7842 16.7415 0
      vertex -83 16.75 0
    endloop
  endfacet
  facet normal 0 0 -1
    outer loop
      vertex -19.137 10.9661 0
      vertex -87 22 0
      vertex 87 22 0
    endloop
  endfacet
  facet normal 0 0 -1
    outer loop
      vertex -83.2158 16.7415 0
      vertex -87 22 0
      vertex -83 16.75 0
    endloop
  endfacet
  facet normal 0 0 -1
    outer loop
      vertex -83.4302 16.7161 0
      vertex -87 22 0
      vertex -83.2158 16.7415 0
    endloop
  endfacet
  facet normal 0 0 -1
    outer loop
      vertex -83.642 16.674 0
      vertex -87 22 0
      vertex -83.4302 16.7161 0
    endloop
  endfacet
  facet normal 0 0 -1
    outer loop
      vertex -83.8498 16.6154 0
      vertex -87 22 0
      vertex -83.642 16.674 0
    endloop
  endfacet
  facet normal 0 0 -1
    outer loop
      vertex -84.0524 16.5407 0
      vertex -87 22 0
      vertex -83.8498 16.6154 0
    endloop
  endfacet
  facet normal 0 0 -1
    outer loop
      vertex -84.2485 16.4503 0
      vertex -87 22 0
      vertex -84.0524 16.5407 0
    endloop
  endfacet
  facet normal 0 0 -1
    outer loop
      vertex -84.4369 16.3448 0
      vertex -87 22 0
      vertex -84.2485 16.4503 0
    endloop
  endfacet
  facet normal 0 0 -1
    outer loop
      vertex -84.6164 16.2248 0
      vertex -87 22 0
      vertex -84.4369 16.3448 0
    endloop
  endfacet
  facet normal 0 0 -1
    outer loop
      vertex -84.786 16.0911 0
      vertex -87 22 0
      vertex -84.6164 16.2248 0
    endloop
  endfacet
  facet normal 0 0 -1
    outer loop
      vertex -90 19 0
      vertex -84.786 16.0911 0
      vertex -84.9445 15.9445 0
    endloop
  endfacet
  facet normal 0 0 -1
    outer loop
      vertex -90 19 0
      vertex -84.9445 15.9445 0
      vertex -85.0911 15.786 0
    endloop
  endfacet
  facet normal 0 0 -1
    outer loop
      vertex -90 19 0
      vertex -85.0911 15.786 0
      vertex -85.2248 15.6164 0
    endloop
  endfacet
  facet normal 0 0 -1
    outer loop
      vertex -90 19 0
      vertex -85.2248 15.6164 0
      vertex -85.3448 15.4369 0
    endloop
  endfacet
  facet normal 0 0 -1
    outer loop
      vertex -90 19 0
      vertex -85.3448 15.4369 0
      vertex -85.4503 15.2485 0
    endloop
  endfacet
  facet normal 0 0 -1
    outer loop
      vertex -90 19 0
      vertex -85.4503 15.2485 0
      vertex -85.5407 15.0524 0
    endloop
  endfacet
  facet normal 0 0 -1
    outer loop
      vertex -90 19 0
      vertex -85.5407 15.0524 0
      vertex -85.6154 14.8498 0
    endloop
  endfacet
  facet normal 0 0 -1
    outer loop
      vertex -90 19 0
      vertex -85.6154 14.8498 0
      vertex -85.674 14.642 0
    endloop
  endfacet
  facet normal 0 0 -1
    outer loop
      vertex -90 19 0
      vertex -85.674 14.642 0
      vertex -85.7161 14.4302 0
    endloop
  endfacet
  facet normal 0 0 -1
    outer loop
      vertex -90 19 0
      vertex -85.7161 14.4302 0
      vertex -85.7415 14.2158 0
    endloop
  endfacet
  facet normal 0 0 -1
    outer loop
      vertex -90 19 0
      vertex -85.7415 14.2158 0
      vertex -85.75 14 0
    endloop
  endfacet
  facet normal 0 0 -1
    outer loop
      vertex -85.7161 13.5698 0
      vertex -90 19 0
      vertex -85.7415 13.7842 0
    endloop
  endfacet
  facet normal 0 0 -1
    outer loop
      vertex -90 -19 0
      vertex -87 -22 0
      vertex -87.2354 -21.9908 0
    endloop
  endfacet
  facet normal 0 0 -1
    outer loop
      vertex -85.7415 13.7842 0
      vertex -90 19 0
      vertex -85.75 14 0
    endloop
  endfacet
  facet normal 0 0 -1
    outer loop
      vertex -90 -19 0
      vertex -87.2354 -21.9908 0
      vertex -87.4693 -21.9631 0
    endloop
  endfacet
  facet normal 0 0 -1
    outer loop
      vertex -84.786 16.0911 0
      vertex -90 19 0
      vertex -87 22 0
    endloop
  endfacet
  facet normal 0 0 -1
    outer loop
      vertex -90 -19 0
      vertex -87.4693 -21.9631 0
      vertex -87.7003 -21.9171 0
    endloop
  endfacet
  facet normal 0 0 -1
    outer loop
      vertex -87 22 0
      vertex -90 19 0
      vertex -87.2354 21.9908 0
    endloop
  endfacet
  facet normal 0 0 -1
    outer loop
      vertex -90 -19 0
      vertex -87.7003 -21.9171 0
      vertex -87.927 -21.8532 0
    endloop
  endfacet
  facet normal 0 0 -1
    outer loop
      vertex -87.2354 21.9908 0
      vertex -90 19 0
      vertex -87.4693 21.9631 0
    endloop
  endfacet
  facet normal 0 0 -1
    outer loop
      vertex -90 -19 0
      vertex -87.927 -21.8532 0
      vertex -88.1481 -21.7716 0
    endloop
  endfacet
  facet normal 0 0 -1
    outer loop
      vertex -87.4693 21.9631 0
      vertex -90 19 0
      vertex -87.7003 21.9171 0
    endloop
  endfacet
  facet normal 0 0 -1
    outer loop
      vertex -90 -19 0
      vertex -88.1481 -21.7716 0
      vertex -88.362 -21.673 0
    endloop
  endfacet
  facet normal 0 0 -1
    outer loop
      vertex -87.7003 21.9171 0
      vertex -90 19 0
      vertex -87.927 21.8532 0
    endloop
  endfacet
  facet normal 0 0 -1
    outer loop
      vertex -90 -19 0
      vertex -88.362 -21.673 0
      vertex -88.5675 -21.5579 0
    endloop
  endfacet
  facet normal 0 0 -1
    outer loop
      vertex -87.927 21.8532 0
      vertex -90 19 0
      vertex -88.1481 21.7716 0
    endloop
  endfacet
  facet normal 0 0 -1
    outer loop
      vertex -90 -19 0
      vertex -88.5675 -21.5579 0
      vertex -88.7634 -21.427 0
    endloop
  endfacet
  facet normal 0 0 -1
    outer loop
      vertex -88.1481 21.7716 0
      vertex -90 19 0
      vertex -88.362 21.673 0
    endloop
  endfacet
  facet normal 0 0 -1
    outer loop
      vertex -90 -19 0
      vertex -88.7634 -21.427 0
      vertex -88.9483 -21.2812 0
    endloop
  endfacet
  facet normal 0 0 -1
    outer loop
      vertex -88.362 21.673 0
      vertex -90 19 0
      vertex -88.5675 21.5579 0
    endloop
  endfacet
  facet normal 0 0 -1
    outer loop
      vertex -90 -19 0
      vertex -88.9483 -21.2812 0
      vertex -89.1213 -21.1213 0
    endloop
  endfacet
  facet normal 0 0 -1
    outer loop
      vertex -88.5675 21.5579 0
      vertex -90 19 0
      vertex -88.7634 21.427 0
    endloop
  endfacet
  facet normal 0 0 -1
    outer loop
      vertex -90 -19 0
      vertex -89.1213 -21.1213 0
      vertex -89.2812 -20.9483 0
    endloop
  endfacet
  facet normal 0 0 -1
    outer loop
      vertex -88.7634 21.427 0
      vertex -90 19 0
      vertex -88.9483 21.2812 0
    endloop
  endfacet
  facet normal 0 0 -1
    outer loop
      vertex -90 -19 0
      vertex -89.2812 -20.9483 0
      vertex -89.427 -20.7634 0
    endloop
  endfacet
  facet normal 0 0 -1
    outer loop
      vertex -88.9483 21.2812 0
      vertex -90 19 0
      vertex -89.1213 21.1213 0
    endloop
  endfacet
  facet normal 0 0 -1
    outer loop
      vertex -90 -19 0
      vertex -89.427 -20.7634 0
      vertex -89.5579 -20.5675 0
    endloop
  endfacet
  facet normal 0 0 -1
    outer loop
      vertex -89.1213 21.1213 0
      vertex -90 19 0
      vertex -89.2812 20.9483 0
    endloop
  endfacet
  facet normal 0 0 -1
    outer loop
      vertex -90 -19 0
      vertex -89.5579 -20.5675 0
      vertex -89.673 -20.362 0
    endloop
  endfacet
  facet normal 0 0 -1
    outer loop
      vertex -89.2812 20.9483 0
      vertex -90 19 0
      vertex -89.427 20.7634 0
    endloop
  endfacet
  facet normal 0 0 -1
    outer loop
      vertex -90 -19 0
      vertex -89.673 -20.362 0
      vertex -89.7716 -20.1481 0
    endloop
  endfacet
  facet normal 0 0 -1
    outer loop
      vertex -89.427 20.7634 0
      vertex -90 19 0
      vertex -89.5579 20.5675 0
    endloop
  endfacet
  facet normal 0 0 -1
    outer loop
      vertex -90 -19 0
      vertex -89.7716 -20.1481 0
      vertex -89.8532 -19.927 0
    endloop
  endfacet
  facet normal 0 0 -1
    outer loop
      vertex -89.5579 20.5675 0
      vertex -90 19 0
      vertex -89.673 20.362 0
    endloop
  endfacet
  facet normal 0 0 -1
    outer loop
      vertex -90 -19 0
      vertex -89.8532 -19.927 0
      vertex -89.9171 -19.7003 0
    endloop
  endfacet
  facet normal 0 0 -1
    outer loop
      vertex -89.673 20.362 0
      vertex -90 19 0
      vertex -89.7716 20.1481 0
    endloop
  endfacet
  facet normal 0 0 -1
    outer loop
      vertex -90 -19 0
      vertex -89.9171 -19.7003 0
      vertex -89.9631 -19.4693 0
    endloop
  endfacet
  facet normal 0 0 -1
    outer loop
      vertex -89.7716 20.1481 0
      vertex -90 19 0
      vertex -89.8532 19.927 0
    endloop
  endfacet
  facet normal 0 0 -1
    outer loop
      vertex -90 -19 0
      vertex -89.9631 -19.4693 0
      vertex -89.9908 -19.2354 0
    endloop
  endfacet
  facet normal 0 0 -1
    outer loop
      vertex -89.8532 19.927 0
      vertex -90 19 0
      vertex -89.9171 19.7003 0
    endloop
  endfacet
  facet normal 0 0 -1
    outer loop
      vertex -89.9171 19.7003 0
      vertex -90 19 0
      vertex -89.9631 19.4693 0
    endloop
  endfacet
  facet normal 0 0 -1
    outer loop
      vertex -89.9631 19.4693 0
      vertex -90 19 0
      vertex -89.9908 19.2354 0
    endloop
  endfacet
  facet normal 0 1 -0
    outer loop
      vertex 87 22 0
      vertex -87 22 3
      vertex 87 22 3
    endloop
  endfacet
  facet normal 0 1 0
    outer loop
      vertex -87 22 3
      vertex 87 22 0
      vertex -87 22 0
    endloop
  endfacet
  facet normal -0.831462 -0.555581 0
    outer loop
      vertex -89.427 -20.7634 0
      vertex -89.5579 -20.5675 3
      vertex -89.5579 -20.5675 0
    endloop
  endfacet
  facet normal -0.831462 -0.555581 0
    outer loop
      vertex -89.5579 -20.5675 3
      vertex -89.427 -20.7634 0
      vertex -89.427 -20.7634 3
    endloop
  endfacet
  facet normal 0.61919 -0.785241 0
    outer loop
      vertex 88.7634 -21.427 0
      vertex 88.9483 -21.2812 3
      vertex 88.7634 -21.427 3
    endloop
  endfacet
  facet normal 0.61919 -0.785241 0
    outer loop
      vertex 88.9483 -21.2812 3
      vertex 88.7634 -21.427 0
      vertex 88.9483 -21.2812 0
    endloop
  endfacet
  facet normal 0.0390526 0.999237 -0
    outer loop
      vertex 87.2354 21.9908 0
      vertex 87 22 3
      vertex 87.2354 21.9908 3
    endloop
  endfacet
  facet normal 0.0390526 0.999237 0
    outer loop
      vertex 87 22 3
      vertex 87.2354 21.9908 0
      vertex 87 22 0
    endloop
  endfacet
  facet normal -0.0390526 0.999237 0
    outer loop
      vertex -87 22 0
      vertex -87.2354 21.9908 3
      vertex -87 22 3
    endloop
  endfacet
  facet normal -0.0390526 0.999237 0
    outer loop
      vertex -87.2354 21.9908 3
      vertex -87 22 0
      vertex -87.2354 21.9908 0
    endloop
  endfacet
  facet normal 0.999237 -0.0390526 0
    outer loop
      vertex 89.9908 -19.2354 3
      vertex 90 -19 0
      vertex 90 -19 3
    endloop
  endfacet
  facet normal 0.999237 -0.0390526 0
    outer loop
      vertex 90 -19 0
      vertex 89.9908 -19.2354 3
      vertex 89.9908 -19.2354 0
    endloop
  endfacet
  facet normal -0.999237 -0.0390526 0
    outer loop
      vertex -89.9908 -19.2354 0
      vertex -90 -19 3
      vertex -90 -19 0
    endloop
  endfacet
  facet normal -0.999237 -0.0390526 0
    outer loop
      vertex -90 -19 3
      vertex -89.9908 -19.2354 0
      vertex -89.9908 -19.2354 3
    endloop
  endfacet
  facet normal 0 -1 0
    outer loop
      vertex -87 -22 0
      vertex 87 -22 3
      vertex -87 -22 3
    endloop
  endfacet
  facet normal 0 -1 -0
    outer loop
      vertex 87 -22 3
      vertex -87 -22 0
      vertex 87 -22 0
    endloop
  endfacet
  facet normal -0.980744 -0.1953 0
    outer loop
      vertex -89.9171 -19.7003 0
      vertex -89.9631 -19.4693 3
      vertex -89.9631 -19.4693 0
    endloop
  endfacet
  facet normal -0.980744 -0.1953 0
    outer loop
      vertex -89.9631 -19.4693 3
      vertex -89.9171 -19.7003 0
      vertex -89.9171 -19.7003 3
    endloop
  endfacet
  facet normal -0.117605 -0.99306 0
    outer loop
      vertex -87.4693 -21.9631 0
      vertex -87.2354 -21.9908 3
      vertex -87.4693 -21.9631 3
    endloop
  endfacet
  facet normal -0.117605 -0.99306 -0
    outer loop
      vertex -87.2354 -21.9908 3
      vertex -87.4693 -21.9631 0
      vertex -87.2354 -21.9908 0
    endloop
  endfacet
  facet normal -0.908158 -0.418627 0
    outer loop
      vertex -89.673 -20.362 0
      vertex -89.7716 -20.1481 3
      vertex -89.7716 -20.1481 0
    endloop
  endfacet
  facet normal -0.908158 -0.418627 0
    outer loop
      vertex -89.7716 -20.1481 3
      vertex -89.673 -20.362 0
      vertex -89.673 -20.362 3
    endloop
  endfacet
  facet normal -1 0 0
    outer loop
      vertex -90 -19 0
      vertex -90 19 3
      vertex -90 19 0
    endloop
  endfacet
  facet normal -1 -0 0
    outer loop
      vertex -90 19 3
      vertex -90 -19 0
      vertex -90 -19 3
    endloop
  endfacet
  facet normal -0.117605 0.99306 0
    outer loop
      vertex -87.2354 21.9908 0
      vertex -87.4693 21.9631 3
      vertex -87.2354 21.9908 3
    endloop
  endfacet
  facet normal -0.117605 0.99306 0
    outer loop
      vertex -87.4693 21.9631 3
      vertex -87.2354 21.9908 0
      vertex -87.4693 21.9631 0
    endloop
  endfacet
  facet normal -0.1953 -0.980744 0
    outer loop
      vertex -87.7003 -21.9171 0
      vertex -87.4693 -21.9631 3
      vertex -87.7003 -21.9171 3
    endloop
  endfacet
  facet normal -0.1953 -0.980744 -0
    outer loop
      vertex -87.4693 -21.9631 3
      vertex -87.7003 -21.9171 0
      vertex -87.4693 -21.9631 0
    endloop
  endfacet
  facet normal -0.999237 0.0390526 0
    outer loop
      vertex -90 19 0
      vertex -89.9908 19.2354 3
      vertex -89.9908 19.2354 0
    endloop
  endfacet
  facet normal -0.999237 0.0390526 0
    outer loop
      vertex -89.9908 19.2354 3
      vertex -90 19 0
      vertex -90 19 3
    endloop
  endfacet
  facet normal 0.678756 0.734364 -0
    outer loop
      vertex 89.1213 21.1213 0
      vertex 88.9483 21.2812 3
      vertex 89.1213 21.1213 3
    endloop
  endfacet
  facet normal 0.678756 0.734364 0
    outer loop
      vertex 88.9483 21.2812 3
      vertex 89.1213 21.1213 0
      vertex 88.9483 21.2812 0
    endloop
  endfacet
  facet normal -0.831462 0.555581 0
    outer loop
      vertex -89.5579 20.5675 0
      vertex -89.427 20.7634 3
      vertex -89.427 20.7634 0
    endloop
  endfacet
  facet normal -0.831462 0.555581 0
    outer loop
      vertex -89.427 20.7634 3
      vertex -89.5579 20.5675 0
      vertex -89.5579 20.5675 3
    endloop
  endfacet
  facet normal 0.87247 0.488668 0
    outer loop
      vertex 89.673 20.362 3
      vertex 89.5579 20.5675 0
      vertex 89.5579 20.5675 3
    endloop
  endfacet
  facet normal 0.87247 0.488668 0
    outer loop
      vertex 89.5579 20.5675 0
      vertex 89.673 20.362 3
      vertex 89.673 20.362 0
    endloop
  endfacet
  facet normal -0.488668 0.87247 0
    outer loop
      vertex -88.362 21.673 0
      vertex -88.5675 21.5579 3
      vertex -88.362 21.673 3
    endloop
  endfacet
  facet normal -0.488668 0.87247 0
    outer loop
      vertex -88.5675 21.5579 3
      vertex -88.362 21.673 0
      vertex -88.5675 21.5579 0
    endloop
  endfacet
  facet normal -0.938147 0.346236 0
    outer loop
      vertex -89.8532 19.927 0
      vertex -89.7716 20.1481 3
      vertex -89.7716 20.1481 0
    endloop
  endfacet
  facet normal -0.938147 0.346236 0
    outer loop
      vertex -89.7716 20.1481 3
      vertex -89.8532 19.927 0
      vertex -89.8532 19.927 3
    endloop
  endfacet
  facet normal -0.99306 0.117605 0
    outer loop
      vertex -89.9908 19.2354 0
      vertex -89.9631 19.4693 3
      vertex -89.9631 19.4693 0
    endloop
  endfacet
  facet normal -0.99306 0.117605 0
    outer loop
      vertex -89.9631 19.4693 3
      vertex -89.9908 19.2354 0
      vertex -89.9908 19.2354 3
    endloop
  endfacet
  facet normal -0.346236 0.938147 0
    outer loop
      vertex -87.927 21.8532 0
      vertex -88.1481 21.7716 3
      vertex -87.927 21.8532 3
    endloop
  endfacet
  facet normal -0.346236 0.938147 0
    outer loop
      vertex -88.1481 21.7716 3
      vertex -87.927 21.8532 0
      vertex -88.1481 21.7716 0
    endloop
  endfacet
  facet normal 0.117605 0.99306 -0
    outer loop
      vertex 87.4693 21.9631 0
      vertex 87.2354 21.9908 3
      vertex 87.4693 21.9631 3
    endloop
  endfacet
  facet normal 0.117605 0.99306 0
    outer loop
      vertex 87.2354 21.9908 3
      vertex 87.4693 21.9631 0
      vertex 87.2354 21.9908 0
    endloop
  endfacet
  facet normal 0.1953 0.980744 -0
    outer loop
      vertex 87.7003 21.9171 0
      vertex 87.4693 21.9631 3
      vertex 87.7003 21.9171 3
    endloop
  endfacet
  facet normal 0.1953 0.980744 0
    outer loop
      vertex 87.4693 21.9631 3
      vertex 87.7003 21.9171 0
      vertex 87.4693 21.9631 0
    endloop
  endfacet
  facet normal -0.555581 -0.831462 0
    outer loop
      vertex -88.7634 -21.427 0
      vertex -88.5675 -21.5579 3
      vertex -88.7634 -21.427 3
    endloop
  endfacet
  facet normal -0.555581 -0.831462 -0
    outer loop
      vertex -88.5675 -21.5579 3
      vertex -88.7634 -21.427 0
      vertex -88.5675 -21.5579 0
    endloop
  endfacet
  facet normal -0.678756 0.734364 0
    outer loop
      vertex -88.9483 21.2812 0
      vertex -89.1213 21.1213 3
      vertex -88.9483 21.2812 3
    endloop
  endfacet
  facet normal -0.678756 0.734364 0
    outer loop
      vertex -89.1213 21.1213 3
      vertex -88.9483 21.2812 0
      vertex -89.1213 21.1213 0
    endloop
  endfacet
  facet normal -0.962495 0.271299 0
    outer loop
      vertex -89.9171 19.7003 0
      vertex -89.8532 19.927 3
      vertex -89.8532 19.927 0
    endloop
  endfacet
  facet normal -0.962495 0.271299 0
    outer loop
      vertex -89.8532 19.927 3
      vertex -89.9171 19.7003 0
      vertex -89.9171 19.7003 3
    endloop
  endfacet
  facet normal -0.271299 0.962495 0
    outer loop
      vertex -87.7003 21.9171 0
      vertex -87.927 21.8532 3
      vertex -87.7003 21.9171 3
    endloop
  endfacet
  facet normal -0.271299 0.962495 0
    outer loop
      vertex -87.927 21.8532 3
      vertex -87.7003 21.9171 0
      vertex -87.927 21.8532 0
    endloop
  endfacet
  facet normal -0.87247 -0.488668 0
    outer loop
      vertex -89.5579 -20.5675 0
      vertex -89.673 -20.362 3
      vertex -89.673 -20.362 0
    endloop
  endfacet
  facet normal -0.87247 -0.488668 0
    outer loop
      vertex -89.673 -20.362 3
      vertex -89.5579 -20.5675 0
      vertex -89.5579 -20.5675 3
    endloop
  endfacet
  facet normal 0.87247 -0.488668 0
    outer loop
      vertex 89.5579 -20.5675 3
      vertex 89.673 -20.362 0
      vertex 89.673 -20.362 3
    endloop
  endfacet
  facet normal 0.87247 -0.488668 0
    outer loop
      vertex 89.673 -20.362 0
      vertex 89.5579 -20.5675 3
      vertex 89.5579 -20.5675 0
    endloop
  endfacet
  facet normal 0.831462 -0.555581 0
    outer loop
      vertex 89.427 -20.7634 3
      vertex 89.5579 -20.5675 0
      vertex 89.5579 -20.5675 3
    endloop
  endfacet
  facet normal 0.831462 -0.555581 0
    outer loop
      vertex 89.5579 -20.5675 0
      vertex 89.427 -20.7634 3
      vertex 89.427 -20.7634 0
    endloop
  endfacet
  facet normal 0.418627 0.908158 -0
    outer loop
      vertex 88.362 21.673 0
      vertex 88.1481 21.7716 3
      vertex 88.362 21.673 3
    endloop
  endfacet
  facet normal 0.418627 0.908158 0
    outer loop
      vertex 88.1481 21.7716 3
      vertex 88.362 21.673 0
      vertex 88.1481 21.7716 0
    endloop
  endfacet
  facet normal -0.418627 0.908158 0
    outer loop
      vertex -88.1481 21.7716 0
      vertex -88.362 21.673 3
      vertex -88.1481 21.7716 3
    endloop
  endfacet
  facet normal -0.418627 0.908158 0
    outer loop
      vertex -88.362 21.673 3
      vertex -88.1481 21.7716 0
      vertex -88.362 21.673 0
    endloop
  endfacet
  facet normal 0.346236 -0.938147 0
    outer loop
      vertex 87.927 -21.8532 0
      vertex 88.1481 -21.7716 3
      vertex 87.927 -21.8532 3
    endloop
  endfacet
  facet normal 0.346236 -0.938147 0
    outer loop
      vertex 88.1481 -21.7716 3
      vertex 87.927 -21.8532 0
      vertex 88.1481 -21.7716 0
    endloop
  endfacet
  facet normal 0.555581 0.831462 -0
    outer loop
      vertex 88.7634 21.427 0
      vertex 88.5675 21.5579 3
      vertex 88.7634 21.427 3
    endloop
  endfacet
  facet normal 0.555581 0.831462 0
    outer loop
      vertex 88.5675 21.5579 3
      vertex 88.7634 21.427 0
      vertex 88.5675 21.5579 0
    endloop
  endfacet
  facet normal 0.999237 0.0390526 0
    outer loop
      vertex 90 19 3
      vertex 89.9908 19.2354 0
      vertex 89.9908 19.2354 3
    endloop
  endfacet
  facet normal 0.999237 0.0390526 0
    outer loop
      vertex 89.9908 19.2354 0
      vertex 90 19 3
      vertex 90 19 0
    endloop
  endfacet
  facet normal -0.488668 -0.87247 0
    outer loop
      vertex -88.5675 -21.5579 0
      vertex -88.362 -21.673 3
      vertex -88.5675 -21.5579 3
    endloop
  endfacet
  facet normal -0.488668 -0.87247 -0
    outer loop
      vertex -88.362 -21.673 3
      vertex -88.5675 -21.5579 0
      vertex -88.362 -21.673 0
    endloop
  endfacet
  facet normal -0.938147 -0.346236 0
    outer loop
      vertex -89.7716 -20.1481 0
      vertex -89.8532 -19.927 3
      vertex -89.8532 -19.927 0
    endloop
  endfacet
  facet normal -0.938147 -0.346236 0
    outer loop
      vertex -89.8532 -19.927 3
      vertex -89.7716 -20.1481 0
      vertex -89.7716 -20.1481 3
    endloop
  endfacet
  facet normal -0.61919 -0.785241 0
    outer loop
      vertex -88.9483 -21.2812 0
      vertex -88.7634 -21.427 3
      vertex -88.9483 -21.2812 3
    endloop
  endfacet
  facet normal -0.61919 -0.785241 -0
    outer loop
      vertex -88.7634 -21.427 3
      vertex -88.9483 -21.2812 0
      vertex -88.7634 -21.427 0
    endloop
  endfacet
  facet normal 0.418627 -0.908158 0
    outer loop
      vertex 88.1481 -21.7716 0
      vertex 88.362 -21.673 3
      vertex 88.1481 -21.7716 3
    endloop
  endfacet
  facet normal 0.418627 -0.908158 0
    outer loop
      vertex 88.362 -21.673 3
      vertex 88.1481 -21.7716 0
      vertex 88.362 -21.673 0
    endloop
  endfacet
  facet normal -0.555581 0.831462 0
    outer loop
      vertex -88.5675 21.5579 0
      vertex -88.7634 21.427 3
      vertex -88.5675 21.5579 3
    endloop
  endfacet
  facet normal -0.555581 0.831462 0
    outer loop
      vertex -88.7634 21.427 3
      vertex -88.5675 21.5579 0
      vertex -88.7634 21.427 0
    endloop
  endfacet
  facet normal -0.271299 -0.962495 0
    outer loop
      vertex -87.927 -21.8532 0
      vertex -87.7003 -21.9171 3
      vertex -87.927 -21.8532 3
    endloop
  endfacet
  facet normal -0.271299 -0.962495 -0
    outer loop
      vertex -87.7003 -21.9171 3
      vertex -87.927 -21.8532 0
      vertex -87.7003 -21.9171 0
    endloop
  endfacet
  facet normal 0.938147 -0.346236 0
    outer loop
      vertex 89.7716 -20.1481 3
      vertex 89.8532 -19.927 0
      vertex 89.8532 -19.927 3
    endloop
  endfacet
  facet normal 0.938147 -0.346236 0
    outer loop
      vertex 89.8532 -19.927 0
      vertex 89.7716 -20.1481 3
      vertex 89.7716 -20.1481 0
    endloop
  endfacet
  facet normal 0.962495 -0.271299 0
    outer loop
      vertex 89.8532 -19.927 3
      vertex 89.9171 -19.7003 0
      vertex 89.9171 -19.7003 3
    endloop
  endfacet
  facet normal 0.962495 -0.271299 0
    outer loop
      vertex 89.9171 -19.7003 0
      vertex 89.8532 -19.927 3
      vertex 89.8532 -19.927 0
    endloop
  endfacet
  facet normal -0.734364 -0.678756 0
    outer loop
      vertex -89.1213 -21.1213 0
      vertex -89.2812 -20.9483 3
      vertex -89.2812 -20.9483 0
    endloop
  endfacet
  facet normal -0.734364 -0.678756 0
    outer loop
      vertex -89.2812 -20.9483 3
      vertex -89.1213 -21.1213 0
      vertex -89.1213 -21.1213 3
    endloop
  endfacet
  facet normal 0.678756 -0.734364 0
    outer loop
      vertex 88.9483 -21.2812 0
      vertex 89.1213 -21.1213 3
      vertex 88.9483 -21.2812 3
    endloop
  endfacet
  facet normal 0.678756 -0.734364 0
    outer loop
      vertex 89.1213 -21.1213 3
      vertex 88.9483 -21.2812 0
      vertex 89.1213 -21.1213 0
    endloop
  endfacet
  facet normal 1 -0 0
    outer loop
      vertex 90 -19 3
      vertex 90 19 0
      vertex 90 19 3
    endloop
  endfacet
  facet normal 1 0 0
    outer loop
      vertex 90 19 0
      vertex 90 -19 3
      vertex 90 -19 0
    endloop
  endfacet
  facet normal -0.418627 -0.908158 0
    outer loop
      vertex -88.362 -21.673 0
      vertex -88.1481 -21.7716 3
      vertex -88.362 -21.673 3
    endloop
  endfacet
  facet normal -0.418627 -0.908158 -0
    outer loop
      vertex -88.1481 -21.7716 3
      vertex -88.362 -21.673 0
      vertex -88.1481 -21.7716 0
    endloop
  endfacet
  facet normal 0.271299 -0.962495 0
    outer loop
      vertex 87.7003 -21.9171 0
      vertex 87.927 -21.8532 3
      vertex 87.7003 -21.9171 3
    endloop
  endfacet
  facet normal 0.271299 -0.962495 0
    outer loop
      vertex 87.927 -21.8532 3
      vertex 87.7003 -21.9171 0
      vertex 87.927 -21.8532 0
    endloop
  endfacet
  facet normal -0.1953 0.980744 0
    outer loop
      vertex -87.4693 21.9631 0
      vertex -87.7003 21.9171 3
      vertex -87.4693 21.9631 3
    endloop
  endfacet
  facet normal -0.1953 0.980744 0
    outer loop
      vertex -87.7003 21.9171 3
      vertex -87.4693 21.9631 0
      vertex -87.7003 21.9171 0
    endloop
  endfacet
  facet normal -0.962495 -0.271299 0
    outer loop
      vertex -89.8532 -19.927 0
      vertex -89.9171 -19.7003 3
      vertex -89.9171 -19.7003 0
    endloop
  endfacet
  facet normal -0.962495 -0.271299 0
    outer loop
      vertex -89.9171 -19.7003 3
      vertex -89.8532 -19.927 0
      vertex -89.8532 -19.927 3
    endloop
  endfacet
  facet normal -0.908158 0.418627 0
    outer loop
      vertex -89.7716 20.1481 0
      vertex -89.673 20.362 3
      vertex -89.673 20.362 0
    endloop
  endfacet
  facet normal -0.908158 0.418627 0
    outer loop
      vertex -89.673 20.362 3
      vertex -89.7716 20.1481 0
      vertex -89.7716 20.1481 3
    endloop
  endfacet
  facet normal 0.785241 0.61919 0
    outer loop
      vertex 89.427 20.7634 3
      vertex 89.2812 20.9483 0
      vertex 89.2812 20.9483 3
    endloop
  endfacet
  facet normal 0.785241 0.61919 0
    outer loop
      vertex 89.2812 20.9483 0
      vertex 89.427 20.7634 3
      vertex 89.427 20.7634 0
    endloop
  endfacet
  facet normal 0.117605 -0.99306 0
    outer loop
      vertex 87.2354 -21.9908 0
      vertex 87.4693 -21.9631 3
      vertex 87.2354 -21.9908 3
    endloop
  endfacet
  facet normal 0.117605 -0.99306 0
    outer loop
      vertex 87.4693 -21.9631 3
      vertex 87.2354 -21.9908 0
      vertex 87.4693 -21.9631 0
    endloop
  endfacet
  facet normal -0.980744 0.1953 0
    outer loop
      vertex -89.9631 19.4693 0
      vertex -89.9171 19.7003 3
      vertex -89.9171 19.7003 0
    endloop
  endfacet
  facet normal -0.980744 0.1953 0
    outer loop
      vertex -89.9171 19.7003 3
      vertex -89.9631 19.4693 0
      vertex -89.9631 19.4693 3
    endloop
  endfacet
  facet normal 0.488668 -0.87247 0
    outer loop
      vertex 88.362 -21.673 0
      vertex 88.5675 -21.5579 3
      vertex 88.362 -21.673 3
    endloop
  endfacet
  facet normal 0.488668 -0.87247 0
    outer loop
      vertex 88.5675 -21.5579 3
      vertex 88.362 -21.673 0
      vertex 88.5675 -21.5579 0
    endloop
  endfacet
  facet normal -0.99306 -0.117605 0
    outer loop
      vertex -89.9631 -19.4693 0
      vertex -89.9908 -19.2354 3
      vertex -89.9908 -19.2354 0
    endloop
  endfacet
  facet normal -0.99306 -0.117605 0
    outer loop
      vertex -89.9908 -19.2354 3
      vertex -89.9631 -19.4693 0
      vertex -89.9631 -19.4693 3
    endloop
  endfacet
  facet normal 0.99306 0.117605 0
    outer loop
      vertex 89.9908 19.2354 3
      vertex 89.9631 19.4693 0
      vertex 89.9631 19.4693 3
    endloop
  endfacet
  facet normal 0.99306 0.117605 0
    outer loop
      vertex 89.9631 19.4693 0
      vertex 89.9908 19.2354 3
      vertex 89.9908 19.2354 0
    endloop
  endfacet
  facet normal -0.678756 -0.734364 0
    outer loop
      vertex -89.1213 -21.1213 0
      vertex -88.9483 -21.2812 3
      vertex -89.1213 -21.1213 3
    endloop
  endfacet
  facet normal -0.678756 -0.734364 -0
    outer loop
      vertex -88.9483 -21.2812 3
      vertex -89.1213 -21.1213 0
      vertex -88.9483 -21.2812 0
    endloop
  endfacet
  facet normal -0.61919 0.785241 0
    outer loop
      vertex -88.7634 21.427 0
      vertex -88.9483 21.2812 3
      vertex -88.7634 21.427 3
    endloop
  endfacet
  facet normal -0.61919 0.785241 0
    outer loop
      vertex -88.9483 21.2812 3
      vertex -88.7634 21.427 0
      vertex -88.9483 21.2812 0
    endloop
  endfacet
  facet normal -0.734364 0.678756 0
    outer loop
      vertex -89.2812 20.9483 0
      vertex -89.1213 21.1213 3
      vertex -89.1213 21.1213 0
    endloop
  endfacet
  facet normal -0.734364 0.678756 0
    outer loop
      vertex -89.1213 21.1213 3
      vertex -89.2812 20.9483 0
      vertex -89.2812 20.9483 3
    endloop
  endfacet
  facet normal 0.346236 0.938147 -0
    outer loop
      vertex 88.1481 21.7716 0
      vertex 87.927 21.8532 3
      vertex 88.1481 21.7716 3
    endloop
  endfacet
  facet normal 0.346236 0.938147 0
    outer loop
      vertex 87.927 21.8532 3
      vertex 88.1481 21.7716 0
      vertex 87.927 21.8532 0
    endloop
  endfacet
  facet normal -0.346236 -0.938147 0
    outer loop
      vertex -88.1481 -21.7716 0
      vertex -87.927 -21.8532 3
      vertex -88.1481 -21.7716 3
    endloop
  endfacet
  facet normal -0.346236 -0.938147 -0
    outer loop
      vertex -87.927 -21.8532 3
      vertex -88.1481 -21.7716 0
      vertex -87.927 -21.8532 0
    endloop
  endfacet
  facet normal 0.271299 0.962495 -0
    outer loop
      vertex 87.927 21.8532 0
      vertex 87.7003 21.9171 3
      vertex 87.927 21.8532 3
    endloop
  endfacet
  facet normal 0.271299 0.962495 0
    outer loop
      vertex 87.7003 21.9171 3
      vertex 87.927 21.8532 0
      vertex 87.7003 21.9171 0
    endloop
  endfacet
  facet normal 0.1953 -0.980744 0
    outer loop
      vertex 87.4693 -21.9631 0
      vertex 87.7003 -21.9171 3
      vertex 87.4693 -21.9631 3
    endloop
  endfacet
  facet normal 0.1953 -0.980744 0
    outer loop
      vertex 87.7003 -21.9171 3
      vertex 87.4693 -21.9631 0
      vertex 87.7003 -21.9171 0
    endloop
  endfacet
  facet normal 0.488668 0.87247 -0
    outer loop
      vertex 88.5675 21.5579 0
      vertex 88.362 21.673 3
      vertex 88.5675 21.5579 3
    endloop
  endfacet
  facet normal 0.488668 0.87247 0
    outer loop
      vertex 88.362 21.673 3
      vertex 88.5675 21.5579 0
      vertex 88.362 21.673 0
    endloop
  endfacet
  facet normal -0.785241 -0.61919 0
    outer loop
      vertex -89.2812 -20.9483 0
      vertex -89.427 -20.7634 3
      vertex -89.427 -20.7634 0
    endloop
  endfacet
  facet normal -0.785241 -0.61919 0
    outer loop
      vertex -89.427 -20.7634 3
      vertex -89.2812 -20.9483 0
      vertex -89.2812 -20.9483 3
    endloop
  endfacet
  facet normal 0 0 1
    outer loop
      vertex -70.8927 4.51188 3
      vertex -81.214 11.9089 3
      vertex -70.8963 4.50188 3
    endloop
  endfacet
  facet normal 0 0 1
    outer loop
      vertex -71.7901 0 3
      vertex -80.2585 -13.7842 3
      vertex -80.25 -14 3
    endloop
  endfacet
  facet normal -0 0 1
    outer loop
      vertex -81.3836 11.7752 3
      vertex -70.8963 4.50188 3
      vertex -81.214 11.9089 3
    endloop
  endfacet
  facet normal 0 0 1
    outer loop
      vertex -71.7901 0 3
      vertex -80.2839 -13.5698 3
      vertex -80.2585 -13.7842 3
    endloop
  endfacet
  facet normal 0 0 1
    outer loop
      vertex -70.8963 4.50188 3
      vertex -81.3836 11.7752 3
      vertex -71.2131 3.64335 3
    endloop
  endfacet
  facet normal 0 0 1
    outer loop
      vertex -71.7901 0 3
      vertex -80.326 -13.358 3
      vertex -80.2839 -13.5698 3
    endloop
  endfacet
  facet normal -0 0 1
    outer loop
      vertex -81.5631 11.6552 3
      vertex -71.2131 3.64335 3
      vertex -81.3836 11.7752 3
    endloop
  endfacet
  facet normal 0 0 1
    outer loop
      vertex -71.7901 0 3
      vertex -80.3846 -13.1502 3
      vertex -80.326 -13.358 3
    endloop
  endfacet
  facet normal 0 0 1
    outer loop
      vertex -71.2131 3.64335 3
      vertex -81.5631 11.6552 3
      vertex -71.216 3.63309 3
    endloop
  endfacet
  facet normal 0 0 1
    outer loop
      vertex -71.7901 0 3
      vertex -80.4593 -12.9476 3
      vertex -80.3846 -13.1502 3
    endloop
  endfacet
  facet normal -0 0 1
    outer loop
      vertex -81.7515 11.5497 3
      vertex -71.216 3.63309 3
      vertex -81.5631 11.6552 3
    endloop
  endfacet
  facet normal 0 0 1
    outer loop
      vertex -71.7901 0 3
      vertex -80.5497 -12.7515 3
      vertex -80.4593 -12.9476 3
    endloop
  endfacet
  facet normal 0 0 1
    outer loop
      vertex -71.216 3.63309 3
      vertex -81.7515 11.5497 3
      vertex -71.4644 2.75235 3
    endloop
  endfacet
  facet normal 0 0 1
    outer loop
      vertex -71.7901 0 3
      vertex -80.6552 -12.5631 3
      vertex -80.5497 -12.7515 3
    endloop
  endfacet
  facet normal -0 0 1
    outer loop
      vertex -81.9476 11.4593 3
      vertex -71.4644 2.75235 3
      vertex -81.7515 11.5497 3
    endloop
  endfacet
  facet normal 0 0 1
    outer loop
      vertex -71.7901 0 3
      vertex -80.7752 -12.3836 3
      vertex -80.6552 -12.5631 3
    endloop
  endfacet
  facet normal -0 0 1
    outer loop
      vertex -82.1502 11.3846 3
      vertex -71.4644 2.75235 3
      vertex -81.9476 11.4593 3
    endloop
  endfacet
  facet normal 0 0 1
    outer loop
      vertex -71.7901 0 3
      vertex -80.9089 -12.214 3
      vertex -80.7752 -12.3836 3
    endloop
  endfacet
  facet normal 0 0 1
    outer loop
      vertex -71.4644 2.75235 3
      vertex -82.1502 11.3846 3
      vertex -71.6429 1.85484 3
    endloop
  endfacet
  facet normal 0 0 1
    outer loop
      vertex -71.7901 0 3
      vertex -81.0555 -12.0555 3
      vertex -80.9089 -12.214 3
    endloop
  endfacet
  facet normal 0 0 1
    outer loop
      vertex -71.6429 1.85484 3
      vertex -82.1502 11.3846 3
      vertex -71.645 1.84438 3
    endloop
  endfacet
  facet normal 0 0 1
    outer loop
      vertex -71.7901 0 3
      vertex -81.214 -11.9089 3
      vertex -81.0555 -12.0555 3
    endloop
  endfacet
  facet normal -0 0 1
    outer loop
      vertex -82.358 11.326 3
      vertex -71.645 1.84438 3
      vertex -82.1502 11.3846 3
    endloop
  endfacet
  facet normal 0 0 1
    outer loop
      vertex -71.7901 0 3
      vertex -81.3836 -11.7752 3
      vertex -81.214 -11.9089 3
    endloop
  endfacet
  facet normal 0 0 1
    outer loop
      vertex -71.645 1.84438 3
      vertex -82.358 11.326 3
      vertex -71.7525 0.93563 3
    endloop
  endfacet
  facet normal 0 0 1
    outer loop
      vertex -71.7901 0 3
      vertex -81.5631 -11.6552 3
      vertex -81.3836 -11.7752 3
    endloop
  endfacet
  facet normal -0 0 1
    outer loop
      vertex -82.5698 11.2839 3
      vertex -71.7525 0.93563 3
      vertex -82.358 11.326 3
    endloop
  endfacet
  facet normal 0 0 1
    outer loop
      vertex -71.7901 0 3
      vertex -81.7515 -11.5497 3
      vertex -81.5631 -11.6552 3
    endloop
  endfacet
  facet normal 0 0 1
    outer loop
      vertex -71.7525 0.93563 3
      vertex -82.5698 11.2839 3
      vertex -71.7538 0.925042 3
    endloop
  endfacet
  facet normal 0 0 1
    outer loop
      vertex -71.7901 0 3
      vertex -81.9476 -11.4593 3
      vertex -81.7515 -11.5497 3
    endloop
  endfacet
  facet normal -0 0 1
    outer loop
      vertex -82.7842 11.2585 3
      vertex -71.7538 0.925042 3
      vertex -82.5698 11.2839 3
    endloop
  endfacet
  facet normal 0 0 1
    outer loop
      vertex -71.7901 0 3
      vertex -82.1502 -11.3846 3
      vertex -81.9476 -11.4593 3
    endloop
  endfacet
  facet normal 0 0 1
    outer loop
      vertex -71.7538 0.925042 3
      vertex -82.7842 11.2585 3
      vertex -71.7542 0.914388 3
    endloop
  endfacet
  facet normal 0 0 1
    outer loop
      vertex -71.7901 0 3
      vertex -82.358 -11.326 3
      vertex -82.1502 -11.3846 3
    endloop
  endfacet
  facet normal 0 0 1
    outer loop
      vertex -71.7542 0.914388 3
      vertex -82.7842 11.2585 3
      vertex -71.7901 0 3
    endloop
  endfacet
  facet normal 0 0 1
    outer loop
      vertex -71.7901 0 3
      vertex -82.5698 -11.2839 3
      vertex -82.358 -11.326 3
    endloop
  endfacet
  facet normal -0 0 1
    outer loop
      vertex -83 11.25 3
      vertex -71.7901 0 3
      vertex -82.7842 11.2585 3
    endloop
  endfacet
  facet normal 0 0 1
    outer loop
      vertex -71.7901 0 3
      vertex -82.7842 -11.2585 3
      vertex -82.5698 -11.2839 3
    endloop
  endfacet
  facet normal 0 0 1
    outer loop
      vertex -83 -11.25 3
      vertex -71.7901 0 3
      vertex -83 11.25 3
    endloop
  endfacet
  facet normal 0 0 1
    outer loop
      vertex -71.7901 0 3
      vertex -83 -11.25 3
      vertex -82.7842 -11.2585 3
    endloop
  endfacet
  facet normal 0 0 1
    outer loop
      vertex -83.2158 11.2585 3
      vertex -83 -11.25 3
      vertex -83 11.25 3
    endloop
  endfacet
  facet normal 0 0 1
    outer loop
      vertex -83.2158 11.2585 3
      vertex -83.2158 -11.2585 3
      vertex -83 -11.25 3
    endloop
  endfacet
  facet normal 0 0 1
    outer loop
      vertex -83.4302 11.2839 3
      vertex -83.2158 -11.2585 3
      vertex -83.2158 11.2585 3
    endloop
  endfacet
  facet normal 0 0 1
    outer loop
      vertex -83.4302 11.2839 3
      vertex -83.4302 -11.2839 3
      vertex -83.2158 -11.2585 3
    endloop
  endfacet
  facet normal 0 0 1
    outer loop
      vertex -83.642 11.326 3
      vertex -83.4302 -11.2839 3
      vertex -83.4302 11.2839 3
    endloop
  endfacet
  facet normal 0 0 1
    outer loop
      vertex -83.642 11.326 3
      vertex -83.642 -11.326 3
      vertex -83.4302 -11.2839 3
    endloop
  endfacet
  facet normal 0 0 1
    outer loop
      vertex -83.8498 11.3846 3
      vertex -83.642 -11.326 3
      vertex -83.642 11.326 3
    endloop
  endfacet
  facet normal 0 0 1
    outer loop
      vertex -83.8498 11.3846 3
      vertex -83.8498 -11.3846 3
      vertex -83.642 -11.326 3
    endloop
  endfacet
  facet normal 0 0 1
    outer loop
      vertex -84.0524 11.4593 3
      vertex -83.8498 -11.3846 3
      vertex -83.8498 11.3846 3
    endloop
  endfacet
  facet normal 0 0 1
    outer loop
      vertex -84.0524 11.4593 3
      vertex -84.0524 -11.4593 3
      vertex -83.8498 -11.3846 3
    endloop
  endfacet
  facet normal 0 0 1
    outer loop
      vertex -84.2485 11.5497 3
      vertex -84.0524 -11.4593 3
      vertex -84.0524 11.4593 3
    endloop
  endfacet
  facet normal 0 0 1
    outer loop
      vertex -84.2485 11.5497 3
      vertex -84.2485 -11.5497 3
      vertex -84.0524 -11.4593 3
    endloop
  endfacet
  facet normal 0 0 1
    outer loop
      vertex -84.4369 11.6552 3
      vertex -84.2485 -11.5497 3
      vertex -84.2485 11.5497 3
    endloop
  endfacet
  facet normal 0 0 1
    outer loop
      vertex -84.4369 11.6552 3
      vertex -84.4369 -11.6552 3
      vertex -84.2485 -11.5497 3
    endloop
  endfacet
  facet normal 0 0 1
    outer loop
      vertex -84.6164 11.7752 3
      vertex -84.4369 -11.6552 3
      vertex -84.4369 11.6552 3
    endloop
  endfacet
  facet normal 0 0 1
    outer loop
      vertex -84.6164 11.7752 3
      vertex -84.6164 -11.7752 3
      vertex -84.4369 -11.6552 3
    endloop
  endfacet
  facet normal 0 0 1
    outer loop
      vertex -84.786 11.9089 3
      vertex -84.6164 -11.7752 3
      vertex -84.6164 11.7752 3
    endloop
  endfacet
  facet normal 0 0 1
    outer loop
      vertex -84.786 11.9089 3
      vertex -84.786 -11.9089 3
      vertex -84.6164 -11.7752 3
    endloop
  endfacet
  facet normal 0 0 1
    outer loop
      vertex -84.9445 12.0555 3
      vertex -84.786 -11.9089 3
      vertex -84.786 11.9089 3
    endloop
  endfacet
  facet normal 0 0 1
    outer loop
      vertex -84.9445 12.0555 3
      vertex -84.9445 -12.0555 3
      vertex -84.786 -11.9089 3
    endloop
  endfacet
  facet normal 0 0 1
    outer loop
      vertex -85.0911 12.214 3
      vertex -84.9445 -12.0555 3
      vertex -84.9445 12.0555 3
    endloop
  endfacet
  facet normal 0 0 1
    outer loop
      vertex -85.0911 12.214 3
      vertex -85.0911 -12.214 3
      vertex -84.9445 -12.0555 3
    endloop
  endfacet
  facet normal 0 0 1
    outer loop
      vertex -85.2248 12.3836 3
      vertex -85.0911 -12.214 3
      vertex -85.0911 12.214 3
    endloop
  endfacet
  facet normal 0 0 1
    outer loop
      vertex -85.2248 12.3836 3
      vertex -85.2248 -12.3836 3
      vertex -85.0911 -12.214 3
    endloop
  endfacet
  facet normal 0 0 1
    outer loop
      vertex -85.3448 12.5631 3
      vertex -85.2248 -12.3836 3
      vertex -85.2248 12.3836 3
    endloop
  endfacet
  facet normal 0 0 1
    outer loop
      vertex -85.3448 12.5631 3
      vertex -85.3448 -12.5631 3
      vertex -85.2248 -12.3836 3
    endloop
  endfacet
  facet normal 0 0 1
    outer loop
      vertex -85.4503 12.7515 3
      vertex -85.3448 -12.5631 3
      vertex -85.3448 12.5631 3
    endloop
  endfacet
  facet normal 0 0 1
    outer loop
      vertex -85.4503 12.7515 3
      vertex -85.4503 -12.7515 3
      vertex -85.3448 -12.5631 3
    endloop
  endfacet
  facet normal 0 0 1
    outer loop
      vertex -90 19 3
      vertex -85.4503 12.7515 3
      vertex -85.5407 12.9476 3
    endloop
  endfacet
  facet normal 0 0 1
    outer loop
      vertex -85.4503 12.7515 3
      vertex -90 19 3
      vertex -85.4503 -12.7515 3
    endloop
  endfacet
  facet normal 0 0 1
    outer loop
      vertex -90 19 3
      vertex -85.5407 12.9476 3
      vertex -85.6154 13.1502 3
    endloop
  endfacet
  facet normal 0 0 1
    outer loop
      vertex -90 -19 3
      vertex -85.4503 -12.7515 3
      vertex -90 19 3
    endloop
  endfacet
  facet normal 0 0 1
    outer loop
      vertex -90 19 3
      vertex -85.6154 13.1502 3
      vertex -85.674 13.358 3
    endloop
  endfacet
  facet normal 0 0 1
    outer loop
      vertex -85.4503 -12.7515 3
      vertex -90 -19 3
      vertex -85.5407 -12.9476 3
    endloop
  endfacet
  facet normal 0 0 1
    outer loop
      vertex -90 19 3
      vertex -85.674 13.358 3
      vertex -85.7161 13.5698 3
    endloop
  endfacet
  facet normal 0 0 1
    outer loop
      vertex -85.5407 -12.9476 3
      vertex -90 -19 3
      vertex -85.6154 -13.1502 3
    endloop
  endfacet
  facet normal 0 0 1
    outer loop
      vertex -90 19 3
      vertex -85.7161 13.5698 3
      vertex -85.7415 13.7842 3
    endloop
  endfacet
  facet normal 0 0 1
    outer loop
      vertex -85.6154 -13.1502 3
      vertex -90 -19 3
      vertex -85.674 -13.358 3
    endloop
  endfacet
  facet normal 0 0 1
    outer loop
      vertex -90 19 3
      vertex -85.7415 13.7842 3
      vertex -85.75 14 3
    endloop
  endfacet
  facet normal 0 0 1
    outer loop
      vertex -85.674 -13.358 3
      vertex -90 -19 3
      vertex -85.7161 -13.5698 3
    endloop
  endfacet
  facet normal 0 0 1
    outer loop
      vertex -61.2868 -16.7882 3
      vertex -62.2867 -16.7882 3
      vertex -61.2868 -19.4841 3
    endloop
  endfacet
  facet normal 0 0 1
    outer loop
      vertex -58.8089 -17.3382 3
      vertex -59.4631 -17.3382 3
      vertex -58.8089 -19.4841 3
    endloop
  endfacet
  facet normal -0 0 1
    outer loop
      vertex -59.0644 -11.7525 3
      vertex -58.4423 -16.4716 3
      vertex -58.1556 -11.645 3
    endloop
  endfacet
  facet normal 0 0 1
    outer loop
      vertex -58.4423 -16.4716 3
      vertex -59.0644 -11.7525 3
      vertex -58.6839 -16.4716 3
    endloop
  endfacet
  facet normal -0 0 1
    outer loop
      vertex -59.075 -11.7538 3
      vertex -58.6839 -16.4716 3
      vertex -59.0644 -11.7525 3
    endloop
  endfacet
  facet normal -0 0 1
    outer loop
      vertex -59.0856 -11.7542 3
      vertex -58.6839 -16.4716 3
      vertex -59.075 -11.7538 3
    endloop
  endfacet
  facet normal -0 0 1
    outer loop
      vertex -59.9034 -16.4466 3
      vertex -58.6839 -16.4716 3
      vertex -59.0856 -11.7542 3
    endloop
  endfacet
  facet normal 0 -0 1
    outer loop
      vertex -59.1988 -17.0294 3
      vertex -58.753 -16.6866 3
      vertex -59.9034 -16.4466 3
    endloop
  endfacet
  facet normal 0 0 1
    outer loop
      vertex -58.753 -16.6866 3
      vertex -59.0966 -17.0046 3
      vertex -58.7901 -16.7691 3
    endloop
  endfacet
  facet normal 0 0 1
    outer loop
      vertex -58.7901 -16.7691 3
      vertex -59.0112 -16.9749 3
      vertex -58.8321 -16.8373 3
    endloop
  endfacet
  facet normal 0 -0 1
    outer loop
      vertex -59.0112 -16.9749 3
      vertex -58.7901 -16.7691 3
      vertex -59.0966 -17.0046 3
    endloop
  endfacet
  facet normal 0 0 1
    outer loop
      vertex -58.7184 -16.5881 3
      vertex -59.9034 -16.4466 3
      vertex -58.753 -16.6866 3
    endloop
  endfacet
  facet normal 0 0 1
    outer loop
      vertex -58.6839 -16.4716 3
      vertex -59.9034 -16.4466 3
      vertex -58.7184 -16.5881 3
    endloop
  endfacet
  facet normal 0 0 1
    outer loop
      vertex -58.8321 -16.8373 3
      vertex -58.9403 -16.9383 3
      vertex -58.8814 -16.8931 3
    endloop
  endfacet
  facet normal 0 -0 1
    outer loop
      vertex -58.9403 -16.9383 3
      vertex -58.8321 -16.8373 3
      vertex -59.0112 -16.9749 3
    endloop
  endfacet
  facet normal 0 0 1
    outer loop
      vertex -58.753 -16.6866 3
      vertex -59.1988 -17.0294 3
      vertex -59.0966 -17.0046 3
    endloop
  endfacet
  facet normal 0 0 1
    outer loop
      vertex -59.1988 -17.0294 3
      vertex -59.9034 -16.4466 3
      vertex -59.3201 -17.0511 3
    endloop
  endfacet
  facet normal -0 0 1
    outer loop
      vertex -59.9034 -16.7882 3
      vertex -59.4631 -17.0716 3
      vertex -59.9034 -16.4466 3
    endloop
  endfacet
  facet normal 0 0 1
    outer loop
      vertex -59.3201 -17.0511 3
      vertex -59.9034 -16.4466 3
      vertex -59.4631 -17.0716 3
    endloop
  endfacet
  facet normal -0 0 1
    outer loop
      vertex -60 -11.7901 3
      vertex -59.9034 -16.4466 3
      vertex -59.0856 -11.7542 3
    endloop
  endfacet
  facet normal 0 0 1
    outer loop
      vertex -60.9144 -11.7542 3
      vertex -59.9034 -16.4466 3
      vertex -60 -11.7901 3
    endloop
  endfacet
  facet normal 0 0 1
    outer loop
      vertex -60.925 -11.7538 3
      vertex -59.9034 -16.4466 3
      vertex -60.9144 -11.7542 3
    endloop
  endfacet
  facet normal 0 0 1
    outer loop
      vertex -62.2867 -16.4466 3
      vertex -60.925 -11.7538 3
      vertex -60.9356 -11.7525 3
    endloop
  endfacet
  facet normal 0 0 1
    outer loop
      vertex -62.2867 -16.4466 3
      vertex -60.9356 -11.7525 3
      vertex -61.8444 -11.645 3
    endloop
  endfacet
  facet normal 0 0 1
    outer loop
      vertex -62.2867 -16.4466 3
      vertex -61.8444 -11.645 3
      vertex -61.8548 -11.6429 3
    endloop
  endfacet
  facet normal 0 0 1
    outer loop
      vertex -60.925 -11.7538 3
      vertex -62.2867 -16.4466 3
      vertex -59.9034 -16.4466 3
    endloop
  endfacet
  facet normal 0 0 1
    outer loop
      vertex -63.6331 -11.216 3
      vertex -62.2867 -16.4466 3
      vertex -62.7523 -11.4644 3
    endloop
  endfacet
  facet normal 0 0 1
    outer loop
      vertex -62.7523 -11.4644 3
      vertex -62.2867 -16.4466 3
      vertex -61.8548 -11.6429 3
    endloop
  endfacet
  facet normal 0 0 1
    outer loop
      vertex -21.2868 -16.7882 3
      vertex -22.2867 -16.7882 3
      vertex -21.2868 -19.4841 3
    endloop
  endfacet
  facet normal -0 0 1
    outer loop
      vertex -17.78 -17.5467 3
      vertex -17.7798 -19.1216 3
      vertex -17.7642 -17.4503 3
    endloop
  endfacet
  facet normal -0 0 1
    outer loop
      vertex -17.8061 -17.6399 3
      vertex -17.7798 -19.1216 3
      vertex -17.78 -17.5467 3
    endloop
  endfacet
  facet normal -0 0 1
    outer loop
      vertex -17.8426 -17.7297 3
      vertex -17.7798 -19.1216 3
      vertex -17.8061 -17.6399 3
    endloop
  endfacet
  facet normal -0 0 1
    outer loop
      vertex -17.8895 -17.8161 3
      vertex -17.7798 -19.1216 3
      vertex -17.8426 -17.7297 3
    endloop
  endfacet
  facet normal -0 0 1
    outer loop
      vertex -17.9466 -17.8991 3
      vertex -17.7798 -19.1216 3
      vertex -17.8895 -17.8161 3
    endloop
  endfacet
  facet normal -0 0 1
    outer loop
      vertex -18.0139 -17.9785 3
      vertex -17.7798 -19.1216 3
      vertex -17.9466 -17.8991 3
    endloop
  endfacet
  facet normal -0 0 1
    outer loop
      vertex -18.0913 -18.0542 3
      vertex -17.7798 -19.1216 3
      vertex -18.0139 -17.9785 3
    endloop
  endfacet
  facet normal -0 0 1
    outer loop
      vertex -18.1788 -18.1263 3
      vertex -17.7798 -19.1216 3
      vertex -18.0913 -18.0542 3
    endloop
  endfacet
  facet normal -0 0 1
    outer loop
      vertex -18.2764 -18.1946 3
      vertex -17.7798 -19.1216 3
      vertex -18.1788 -18.1263 3
    endloop
  endfacet
  facet normal -0 0 1
    outer loop
      vertex -18.3839 -18.2591 3
      vertex -17.7798 -19.1216 3
      vertex -18.2764 -18.1946 3
    endloop
  endfacet
  facet normal -0 0 1
    outer loop
      vertex -18.8006 -18.4924 3
      vertex -17.7798 -19.1216 3
      vertex -18.3839 -18.2591 3
    endloop
  endfacet
  facet normal -0 0 1
    outer loop
      vertex -18.8939 -18.5512 3
      vertex -17.7798 -19.1216 3
      vertex -18.8006 -18.4924 3
    endloop
  endfacet
  facet normal -0 0 1
    outer loop
      vertex -18.9764 -18.6076 3
      vertex -17.7798 -19.1216 3
      vertex -18.8939 -18.5512 3
    endloop
  endfacet
  facet normal -0 0 1
    outer loop
      vertex -19.0488 -18.6622 3
      vertex -17.7798 -19.1216 3
      vertex -18.9764 -18.6076 3
    endloop
  endfacet
  facet normal 0 0 1
    outer loop
      vertex -19.334 -19.1216 3
      vertex -19.0488 -18.6622 3
      vertex -19.1116 -18.7159 3
    endloop
  endfacet
  facet normal 0 0 1
    outer loop
      vertex -19.334 -19.1216 3
      vertex -19.1116 -18.7159 3
      vertex -19.1654 -18.7693 3
    endloop
  endfacet
  facet normal 0 0 1
    outer loop
      vertex -19.334 -19.1216 3
      vertex -19.1654 -18.7693 3
      vertex -19.2109 -18.823 3
    endloop
  endfacet
  facet normal 0 0 1
    outer loop
      vertex -19.3212 -19.0555 3
      vertex -19.2109 -18.823 3
      vertex -19.2486 -18.8778 3
    endloop
  endfacet
  facet normal 0 0 1
    outer loop
      vertex -19.3212 -19.0555 3
      vertex -19.2486 -18.8778 3
      vertex -19.2792 -18.9343 3
    endloop
  endfacet
  facet normal 0 0 1
    outer loop
      vertex -19.3212 -19.0555 3
      vertex -19.2792 -18.9343 3
      vertex -19.3032 -18.9934 3
    endloop
  endfacet
  facet normal 0 0 1
    outer loop
      vertex -19.2109 -18.823 3
      vertex -19.3212 -19.0555 3
      vertex -19.334 -19.1216 3
    endloop
  endfacet
  facet normal 0 0 1
    outer loop
      vertex -19.0488 -18.6622 3
      vertex -19.334 -19.1216 3
      vertex -17.7798 -19.1216 3
    endloop
  endfacet
  facet normal 0 0 1
    outer loop
      vertex -13.8397 -10.0527 3
      vertex -17.7614 -17.283 3
      vertex -17.7589 -17.3507 3
    endloop
  endfacet
  facet normal 0 0 1
    outer loop
      vertex -16.3669 -11.216 3
      vertex -17.7687 -17.2164 3
      vertex -17.7614 -17.283 3
    endloop
  endfacet
  facet normal 0 0 1
    outer loop
      vertex -16.3669 -11.216 3
      vertex -17.7807 -17.151 3
      vertex -17.7687 -17.2164 3
    endloop
  endfacet
  facet normal 0 0 1
    outer loop
      vertex -16.3669 -11.216 3
      vertex -17.7974 -17.0872 3
      vertex -17.7807 -17.151 3
    endloop
  endfacet
  facet normal 0 0 1
    outer loop
      vertex -16.3669 -11.216 3
      vertex -17.8186 -17.0252 3
      vertex -17.7974 -17.0872 3
    endloop
  endfacet
  facet normal 0 0 1
    outer loop
      vertex -16.3669 -11.216 3
      vertex -17.8441 -16.9653 3
      vertex -17.8186 -17.0252 3
    endloop
  endfacet
  facet normal 0 0 1
    outer loop
      vertex -16.3669 -11.216 3
      vertex -17.874 -16.9077 3
      vertex -17.8441 -16.9653 3
    endloop
  endfacet
  facet normal 0 0 1
    outer loop
      vertex -16.3669 -11.216 3
      vertex -17.908 -16.8526 3
      vertex -17.874 -16.9077 3
    endloop
  endfacet
  facet normal 0 0 1
    outer loop
      vertex -16.3669 -11.216 3
      vertex -17.9461 -16.8002 3
      vertex -17.908 -16.8526 3
    endloop
  endfacet
  facet normal 0 0 1
    outer loop
      vertex -16.3669 -11.216 3
      vertex -17.9881 -16.7509 3
      vertex -17.9461 -16.8002 3
    endloop
  endfacet
  facet normal 0 0 1
    outer loop
      vertex -16.3669 -11.216 3
      vertex -18.0339 -16.7049 3
      vertex -17.9881 -16.7509 3
    endloop
  endfacet
  facet normal 0 0 1
    outer loop
      vertex -17.2477 -11.4644 3
      vertex -18.0827 -16.6638 3
      vertex -18.0339 -16.7049 3
    endloop
  endfacet
  facet normal 0 0 1
    outer loop
      vertex -17.2477 -11.4644 3
      vertex -18.1337 -16.6268 3
      vertex -18.0827 -16.6638 3
    endloop
  endfacet
  facet normal 0 0 1
    outer loop
      vertex -18.2424 -16.5648 3
      vertex -17.2477 -11.4644 3
      vertex -18.1452 -11.6429 3
    endloop
  endfacet
  facet normal 0 0 1
    outer loop
      vertex -18.3609 -16.5188 3
      vertex -18.1452 -11.6429 3
      vertex -18.1556 -11.645 3
    endloop
  endfacet
  facet normal 0 0 1
    outer loop
      vertex -17.2477 -11.4644 3
      vertex -18.1868 -16.5938 3
      vertex -18.1337 -16.6268 3
    endloop
  endfacet
  facet normal 0 0 1
    outer loop
      vertex -17.2477 -11.4644 3
      vertex -18.2424 -16.5648 3
      vertex -18.1868 -16.5938 3
    endloop
  endfacet
  facet normal 0 0 1
    outer loop
      vertex -18.1452 -11.6429 3
      vertex -18.3004 -16.5399 3
      vertex -18.2424 -16.5648 3
    endloop
  endfacet
  facet normal 0 0 1
    outer loop
      vertex -18.1452 -11.6429 3
      vertex -18.3609 -16.5188 3
      vertex -18.3004 -16.5399 3
    endloop
  endfacet
  facet normal 0 0 1
    outer loop
      vertex -18.1556 -11.645 3
      vertex -18.424 -16.5017 3
      vertex -18.3609 -16.5188 3
    endloop
  endfacet
  facet normal 0 0 1
    outer loop
      vertex -18.1556 -11.645 3
      vertex -18.4899 -16.4885 3
      vertex -18.424 -16.5017 3
    endloop
  endfacet
  facet normal 0 0 1
    outer loop
      vertex -18.1556 -11.645 3
      vertex -18.5586 -16.479 3
      vertex -18.4899 -16.4885 3
    endloop
  endfacet
  facet normal -0 0 1
    outer loop
      vertex -19.0644 -11.7525 3
      vertex -18.5586 -16.479 3
      vertex -18.1556 -11.645 3
    endloop
  endfacet
  facet normal 0 0 1
    outer loop
      vertex -18.5586 -16.479 3
      vertex -19.0644 -11.7525 3
      vertex -18.6302 -16.4734 3
    endloop
  endfacet
  facet normal 0 0 1
    outer loop
      vertex -18.6302 -16.4734 3
      vertex -19.0644 -11.7525 3
      vertex -18.7048 -16.4716 3
    endloop
  endfacet
  facet normal -0 0 1
    outer loop
      vertex -19.075 -11.7538 3
      vertex -18.7048 -16.4716 3
      vertex -19.0644 -11.7525 3
    endloop
  endfacet
  facet normal 0 0 1
    outer loop
      vertex -18.7048 -16.4716 3
      vertex -19.075 -11.7538 3
      vertex -18.8047 -16.4749 3
    endloop
  endfacet
  facet normal -0 0 1
    outer loop
      vertex -19.0856 -11.7542 3
      vertex -18.8047 -16.4749 3
      vertex -19.075 -11.7538 3
    endloop
  endfacet
  facet normal 0 0 1
    outer loop
      vertex -18.8047 -16.4749 3
      vertex -19.0856 -11.7542 3
      vertex -18.8997 -16.4847 3
    endloop
  endfacet
  facet normal -0 0 1
    outer loop
      vertex -19.9034 -16.4466 3
      vertex -18.8997 -16.4847 3
      vertex -19.0856 -11.7542 3
    endloop
  endfacet
  facet normal 0 0 1
    outer loop
      vertex -18.8997 -16.4847 3
      vertex -19.9034 -16.4466 3
      vertex -18.9898 -16.5011 3
    endloop
  endfacet
  facet normal 0 0 1
    outer loop
      vertex -18.9898 -16.5011 3
      vertex -19.9034 -16.4466 3
      vertex -19.0749 -16.5241 3
    endloop
  endfacet
  facet normal 0 0 1
    outer loop
      vertex -19.0749 -16.5241 3
      vertex -19.9034 -16.4466 3
      vertex -19.1548 -16.5534 3
    endloop
  endfacet
  facet normal 0 0 1
    outer loop
      vertex -19.1548 -16.5534 3
      vertex -19.9034 -16.4466 3
      vertex -19.2295 -16.5892 3
    endloop
  endfacet
  facet normal 0 0 1
    outer loop
      vertex -19.2295 -16.5892 3
      vertex -19.9034 -16.4466 3
      vertex -19.2989 -16.6314 3
    endloop
  endfacet
  facet normal 0 0 1
    outer loop
      vertex -19.2989 -16.6314 3
      vertex -19.9034 -16.4466 3
      vertex -19.3629 -16.6799 3
    endloop
  endfacet
  facet normal 0 0 1
    outer loop
      vertex -19.3629 -16.6799 3
      vertex -19.9034 -16.4466 3
      vertex -19.4214 -16.7348 3
    endloop
  endfacet
  facet normal 0 0 1
    outer loop
      vertex -19.4214 -16.7348 3
      vertex -19.9034 -16.4466 3
      vertex -19.4743 -16.7959 3
    endloop
  endfacet
  facet normal -0 0 1
    outer loop
      vertex -19.9034 -16.7882 3
      vertex -19.4743 -16.7959 3
      vertex -19.9034 -16.4466 3
    endloop
  endfacet
  facet normal 0 0 1
    outer loop
      vertex -19.4743 -16.7959 3
      vertex -19.9034 -16.7882 3
      vertex -19.5215 -16.8632 3
    endloop
  endfacet
  facet normal 0 0 1
    outer loop
      vertex -19.5215 -16.8632 3
      vertex -19.9034 -16.7882 3
      vertex -19.5484 -16.9072 3
    endloop
  endfacet
  facet normal 0 0 1
    outer loop
      vertex -19.5484 -16.9072 3
      vertex -19.9034 -16.7882 3
      vertex -19.5726 -16.953 3
    endloop
  endfacet
  facet normal 0 0 1
    outer loop
      vertex -19.5726 -16.953 3
      vertex -19.9034 -16.7882 3
      vertex -19.5941 -17.0011 3
    endloop
  endfacet
  facet normal 0 0 1
    outer loop
      vertex -19.5941 -17.0011 3
      vertex -19.9034 -16.7882 3
      vertex -19.6129 -17.0517 3
    endloop
  endfacet
  facet normal 0 0 1
    outer loop
      vertex -19.6129 -17.0517 3
      vertex -19.9034 -16.7882 3
      vertex -19.6293 -17.1055 3
    endloop
  endfacet
  facet normal 0 0 1
    outer loop
      vertex -19.6293 -17.1055 3
      vertex -19.9034 -16.7882 3
      vertex -19.6432 -17.1626 3
    endloop
  endfacet
  facet normal 0 0 1
    outer loop
      vertex -19.6382 -18.889 3
      vertex -20.8992 -19.4841 3
      vertex -19.6807 -19.0159 3
    endloop
  endfacet
  facet normal 0 0 1
    outer loop
      vertex -19.6807 -19.0159 3
      vertex -20.8992 -19.4841 3
      vertex -19.7121 -19.1553 3
    endloop
  endfacet
  facet normal 0 0 1
    outer loop
      vertex -19.7121 -19.1553 3
      vertex -20.8992 -19.4841 3
      vertex -19.7335 -19.3093 3
    endloop
  endfacet
  facet normal 0 0 1
    outer loop
      vertex -19.6714 -17.3584 3
      vertex -20.8992 -16.7882 3
      vertex -19.6766 -17.4331 3
    endloop
  endfacet
  facet normal -0 0 1
    outer loop
      vertex -20.8992 -16.7882 3
      vertex -19.6714 -17.3584 3
      vertex -19.9034 -16.7882 3
    endloop
  endfacet
  facet normal 0 0 1
    outer loop
      vertex -19.6642 -17.2886 3
      vertex -19.9034 -16.7882 3
      vertex -19.6714 -17.3584 3
    endloop
  endfacet
  facet normal 0 0 1
    outer loop
      vertex -19.6548 -17.2235 3
      vertex -19.9034 -16.7882 3
      vertex -19.6642 -17.2886 3
    endloop
  endfacet
  facet normal 0 0 1
    outer loop
      vertex -19.6432 -17.1626 3
      vertex -19.9034 -16.7882 3
      vertex -19.6548 -17.2235 3
    endloop
  endfacet
  facet normal -0 0 1
    outer loop
      vertex -20 -11.7901 3
      vertex -19.9034 -16.4466 3
      vertex -19.0856 -11.7542 3
    endloop
  endfacet
  facet normal 0 0 1
    outer loop
      vertex -20.9144 -11.7542 3
      vertex -19.9034 -16.4466 3
      vertex -20 -11.7901 3
    endloop
  endfacet
  facet normal 0 0 1
    outer loop
      vertex -20.925 -11.7538 3
      vertex -19.9034 -16.4466 3
      vertex -20.9144 -11.7542 3
    endloop
  endfacet
  facet normal 0 0 1
    outer loop
      vertex -22.2867 -16.4466 3
      vertex -20.925 -11.7538 3
      vertex -20.9356 -11.7525 3
    endloop
  endfacet
  facet normal 0 0 1
    outer loop
      vertex -22.2867 -16.4466 3
      vertex -20.9356 -11.7525 3
      vertex -21.8444 -11.645 3
    endloop
  endfacet
  facet normal 0 0 1
    outer loop
      vertex -22.2867 -16.4466 3
      vertex -21.8444 -11.645 3
      vertex -21.8548 -11.6429 3
    endloop
  endfacet
  facet normal 0 0 1
    outer loop
      vertex -20.925 -11.7538 3
      vertex -22.2867 -16.4466 3
      vertex -19.9034 -16.4466 3
    endloop
  endfacet
  facet normal 0 0 1
    outer loop
      vertex -23.6331 -11.216 3
      vertex -22.2867 -16.4466 3
      vertex -22.7523 -11.4644 3
    endloop
  endfacet
  facet normal 0 0 1
    outer loop
      vertex -22.7523 -11.4644 3
      vertex -22.2867 -16.4466 3
      vertex -21.8548 -11.6429 3
    endloop
  endfacet
  facet normal 0 0 1
    outer loop
      vertex -18.14 -17.2726 3
      vertex -18.1373 -17.4241 3
      vertex -18.1339 -17.3591 3
    endloop
  endfacet
  facet normal 0 0 1
    outer loop
      vertex -18.14 -17.2726 3
      vertex -18.1475 -17.4874 3
      vertex -18.1373 -17.4241 3
    endloop
  endfacet
  facet normal 0 0 1
    outer loop
      vertex -18.1577 -17.191 3
      vertex -18.1475 -17.4874 3
      vertex -18.14 -17.2726 3
    endloop
  endfacet
  facet normal 0 0 1
    outer loop
      vertex -18.1577 -17.191 3
      vertex -18.1644 -17.5489 3
      vertex -18.1475 -17.4874 3
    endloop
  endfacet
  facet normal 0 0 1
    outer loop
      vertex -18.1864 -17.115 3
      vertex -18.1644 -17.5489 3
      vertex -18.1577 -17.191 3
    endloop
  endfacet
  facet normal 0 0 1
    outer loop
      vertex -18.2251 -17.0452 3
      vertex -18.1644 -17.5489 3
      vertex -18.1864 -17.115 3
    endloop
  endfacet
  facet normal 0 0 1
    outer loop
      vertex -18.2733 -16.9824 3
      vertex -18.1644 -17.5489 3
      vertex -18.2251 -17.0452 3
    endloop
  endfacet
  facet normal 0 0 1
    outer loop
      vertex -18.33 -16.9273 3
      vertex -18.1644 -17.5489 3
      vertex -18.2733 -16.9824 3
    endloop
  endfacet
  facet normal 0 0 1
    outer loop
      vertex -18.3947 -16.8807 3
      vertex -18.1644 -17.5489 3
      vertex -18.33 -16.9273 3
    endloop
  endfacet
  facet normal 0 0 1
    outer loop
      vertex -18.4665 -16.8431 3
      vertex -18.1644 -17.5489 3
      vertex -18.3947 -16.8807 3
    endloop
  endfacet
  facet normal 0 0 1
    outer loop
      vertex -18.5447 -16.8154 3
      vertex -18.1644 -17.5489 3
      vertex -18.4665 -16.8431 3
    endloop
  endfacet
  facet normal 0 0 1
    outer loop
      vertex -18.6286 -16.7983 3
      vertex -18.1644 -17.5489 3
      vertex -18.5447 -16.8154 3
    endloop
  endfacet
  facet normal 0 0 1
    outer loop
      vertex -18.1644 -17.5489 3
      vertex -18.6286 -16.7983 3
      vertex -18.1879 -17.6083 3
    endloop
  endfacet
  facet normal 0 0 1
    outer loop
      vertex -18.1879 -17.6083 3
      vertex -18.6286 -16.7983 3
      vertex -18.218 -17.6656 3
    endloop
  endfacet
  facet normal 0 0 1
    outer loop
      vertex -18.218 -17.6656 3
      vertex -18.6286 -16.7983 3
      vertex -18.2546 -17.7207 3
    endloop
  endfacet
  facet normal -0 0 1
    outer loop
      vertex -19.2871 -17.2806 3
      vertex -18.2546 -17.7207 3
      vertex -18.6286 -16.7983 3
    endloop
  endfacet
  facet normal 0 0 1
    outer loop
      vertex -18.2546 -17.7207 3
      vertex -19.2871 -17.2806 3
      vertex -18.2978 -17.7735 3
    endloop
  endfacet
  facet normal 0 0 1
    outer loop
      vertex -18.2978 -17.7735 3
      vertex -19.2871 -17.2806 3
      vertex -18.3473 -17.8238 3
    endloop
  endfacet
  facet normal -0 0 1
    outer loop
      vertex -19.2939 -17.3206 3
      vertex -18.3473 -17.8238 3
      vertex -19.2871 -17.2806 3
    endloop
  endfacet
  facet normal 0 0 1
    outer loop
      vertex -18.3473 -17.8238 3
      vertex -19.2939 -17.3206 3
      vertex -18.4032 -17.8716 3
    endloop
  endfacet
  facet normal 0 0 1
    outer loop
      vertex -19.2871 -17.2806 3
      vertex -18.6286 -16.7983 3
      vertex -18.7173 -16.7924 3
    endloop
  endfacet
  facet normal 0 0 1
    outer loop
      vertex -19.2795 -17.2434 3
      vertex -18.7173 -16.7924 3
      vertex -18.7767 -16.7952 3
    endloop
  endfacet
  facet normal 0 0 1
    outer loop
      vertex -19.2795 -17.2434 3
      vertex -18.7767 -16.7952 3
      vertex -18.8344 -16.8033 3
    endloop
  endfacet
  facet normal 0 0 1
    outer loop
      vertex -19.2708 -17.2086 3
      vertex -18.8344 -16.8033 3
      vertex -18.8901 -16.8167 3
    endloop
  endfacet
  facet normal -0 0 1
    outer loop
      vertex -19.2998 -17.3635 3
      vertex -18.4032 -17.8716 3
      vertex -19.2939 -17.3206 3
    endloop
  endfacet
  facet normal 0 0 1
    outer loop
      vertex -19.2708 -17.2086 3
      vertex -18.8901 -16.8167 3
      vertex -18.9434 -16.835 3
    endloop
  endfacet
  facet normal 0 0 1
    outer loop
      vertex -19.2612 -17.176 3
      vertex -18.9434 -16.835 3
      vertex -18.9941 -16.8582 3
    endloop
  endfacet
  facet normal 0 0 1
    outer loop
      vertex -19.2612 -17.176 3
      vertex -18.9941 -16.8582 3
      vertex -19.0418 -16.8861 3
    endloop
  endfacet
  facet normal 0 0 1
    outer loop
      vertex -18.4655 -17.9167 3
      vertex -19.3094 -17.4596 3
      vertex -18.5339 -17.9591 3
    endloop
  endfacet
  facet normal 0 0 1
    outer loop
      vertex -19.2612 -17.176 3
      vertex -19.0418 -16.8861 3
      vertex -19.0862 -16.9184 3
    endloop
  endfacet
  facet normal 0 0 1
    outer loop
      vertex -19.2612 -17.176 3
      vertex -19.0862 -16.9184 3
      vertex -19.1272 -16.9549 3
    endloop
  endfacet
  facet normal 0 0 1
    outer loop
      vertex -19.2612 -17.176 3
      vertex -19.1272 -16.9549 3
      vertex -19.1642 -16.9955 3
    endloop
  endfacet
  facet normal 0 0 1
    outer loop
      vertex -19.2505 -17.1452 3
      vertex -19.1642 -16.9955 3
      vertex -19.1972 -17.04 3
    endloop
  endfacet
  facet normal 0 0 1
    outer loop
      vertex -18.5339 -17.9591 3
      vertex -19.3131 -17.5132 3
      vertex -18.9173 -18.1841 3
    endloop
  endfacet
  facet normal 0 0 1
    outer loop
      vertex -19.2386 -17.1161 3
      vertex -19.1972 -17.04 3
      vertex -19.2256 -17.0882 3
    endloop
  endfacet
  facet normal 0 0 1
    outer loop
      vertex -19.2505 -17.1452 3
      vertex -19.1972 -17.04 3
      vertex -19.2386 -17.1161 3
    endloop
  endfacet
  facet normal 0 0 1
    outer loop
      vertex -19.1642 -16.9955 3
      vertex -19.2505 -17.1452 3
      vertex -19.2612 -17.176 3
    endloop
  endfacet
  facet normal 0 0 1
    outer loop
      vertex -18.9434 -16.835 3
      vertex -19.2612 -17.176 3
      vertex -19.2708 -17.2086 3
    endloop
  endfacet
  facet normal 0 0 1
    outer loop
      vertex -18.8344 -16.8033 3
      vertex -19.2708 -17.2086 3
      vertex -19.2795 -17.2434 3
    endloop
  endfacet
  facet normal 0 0 1
    outer loop
      vertex -18.7173 -16.7924 3
      vertex -19.2795 -17.2434 3
      vertex -19.2871 -17.2806 3
    endloop
  endfacet
  facet normal 0 0 1
    outer loop
      vertex -18.4032 -17.8716 3
      vertex -19.2998 -17.3635 3
      vertex -18.4655 -17.9167 3
    endloop
  endfacet
  facet normal -0 0 1
    outer loop
      vertex -19.305 -17.4098 3
      vertex -18.4655 -17.9167 3
      vertex -19.2998 -17.3635 3
    endloop
  endfacet
  facet normal -0 0 1
    outer loop
      vertex -19.3094 -17.4596 3
      vertex -18.4655 -17.9167 3
      vertex -19.305 -17.4098 3
    endloop
  endfacet
  facet normal -0 0 1
    outer loop
      vertex -19.3131 -17.5132 3
      vertex -18.5339 -17.9591 3
      vertex -19.3094 -17.4596 3
    endloop
  endfacet
  facet normal 0 0 1
    outer loop
      vertex -18.9173 -18.1841 3
      vertex -19.3131 -17.5132 3
      vertex -19.0748 -18.2792 3
    endloop
  endfacet
  facet normal 0 0 1
    outer loop
      vertex -19.0748 -18.2792 3
      vertex -19.3131 -17.5132 3
      vertex -19.212 -18.3729 3
    endloop
  endfacet
  facet normal -0 0 1
    outer loop
      vertex -19.6798 -17.5132 3
      vertex -19.212 -18.3729 3
      vertex -19.3131 -17.5132 3
    endloop
  endfacet
  facet normal 0 0 1
    outer loop
      vertex -19.212 -18.3729 3
      vertex -19.6798 -17.5132 3
      vertex -19.3301 -18.4671 3
    endloop
  endfacet
  facet normal 0 0 1
    outer loop
      vertex -19.3301 -18.4671 3
      vertex -19.6798 -17.5132 3
      vertex -19.4305 -18.5638 3
    endloop
  endfacet
  facet normal 0 0 1
    outer loop
      vertex -19.4305 -18.5638 3
      vertex -19.6798 -17.5132 3
      vertex -19.5144 -18.665 3
    endloop
  endfacet
  facet normal 0 0 1
    outer loop
      vertex -19.5144 -18.665 3
      vertex -19.6798 -17.5132 3
      vertex -19.5832 -18.7727 3
    endloop
  endfacet
  facet normal 0 0 1
    outer loop
      vertex -20.8992 -19.4841 3
      vertex -19.5832 -18.7727 3
      vertex -19.6798 -17.5132 3
    endloop
  endfacet
  facet normal 0 0 1
    outer loop
      vertex -19.5832 -18.7727 3
      vertex -20.8992 -19.4841 3
      vertex -19.6382 -18.889 3
    endloop
  endfacet
  facet normal 0 0 1
    outer loop
      vertex 18.7132 -16.7414 3
      vertex 17.7133 -16.7414 3
      vertex 18.7132 -19.4372 3
    endloop
  endfacet
  facet normal 0 0 1
    outer loop
      vertex 26.9212 -9.54433 3
      vertex 22.2166 -18.4952 3
      vertex 22.2202 -18.5955 3
    endloop
  endfacet
  facet normal 0 0 1
    outer loop
      vertex 23.6331 -11.216 3
      vertex 22.1327 -17.2539 3
      vertex 22.2166 -18.4952 3
    endloop
  endfacet
  facet normal 0 0 1
    outer loop
      vertex 22.2166 -18.4952 3
      vertex 22.1327 -17.2539 3
      vertex 22.2054 -18.4032 3
    endloop
  endfacet
  facet normal -0 0 1
    outer loop
      vertex 22.1293 -17.3344 3
      vertex 22.2054 -18.4032 3
      vertex 22.1327 -17.2539 3
    endloop
  endfacet
  facet normal 0 0 1
    outer loop
      vertex 22.2054 -18.4032 3
      vertex 22.1293 -17.3344 3
      vertex 22.1864 -18.3191 3
    endloop
  endfacet
  facet normal 0 0 1
    outer loop
      vertex 23.6331 -11.216 3
      vertex 22.1244 -17.1181 3
      vertex 22.1327 -17.2539 3
    endloop
  endfacet
  facet normal 0 0 1
    outer loop
      vertex 23.6331 -11.216 3
      vertex 22.0999 -16.9929 3
      vertex 22.1244 -17.1181 3
    endloop
  endfacet
  facet normal 0 0 1
    outer loop
      vertex 23.6331 -11.216 3
      vertex 22.0597 -16.8789 3
      vertex 22.0999 -16.9929 3
    endloop
  endfacet
  facet normal 0 0 1
    outer loop
      vertex 23.6331 -11.216 3
      vertex 22.0042 -16.7764 3
      vertex 22.0597 -16.8789 3
    endloop
  endfacet
  facet normal 0 0 1
    outer loop
      vertex 23.6331 -11.216 3
      vertex 21.9341 -16.686 3
      vertex 22.0042 -16.7764 3
    endloop
  endfacet
  facet normal 0 0 1
    outer loop
      vertex 21.7517 -16.5434 3
      vertex 22.7523 -11.4644 3
      vertex 21.8548 -11.6429 3
    endloop
  endfacet
  facet normal 0 0 1
    outer loop
      vertex 22.7523 -11.4644 3
      vertex 21.8497 -16.6082 3
      vertex 21.9341 -16.686 3
    endloop
  endfacet
  facet normal 0 0 1
    outer loop
      vertex 21.6405 -16.4922 3
      vertex 21.8548 -11.6429 3
      vertex 21.8444 -11.645 3
    endloop
  endfacet
  facet normal 0 0 1
    outer loop
      vertex 22.7523 -11.4644 3
      vertex 21.7517 -16.5434 3
      vertex 21.8497 -16.6082 3
    endloop
  endfacet
  facet normal 0 0 1
    outer loop
      vertex 21.8548 -11.6429 3
      vertex 21.6405 -16.4922 3
      vertex 21.7517 -16.5434 3
    endloop
  endfacet
  facet normal 0 0 1
    outer loop
      vertex 21.8444 -11.645 3
      vertex 21.5166 -16.455 3
      vertex 21.6405 -16.4922 3
    endloop
  endfacet
  facet normal 0 0 1
    outer loop
      vertex 21.8444 -11.645 3
      vertex 21.3805 -16.4324 3
      vertex 21.5166 -16.455 3
    endloop
  endfacet
  facet normal -0 0 1
    outer loop
      vertex 20.9356 -11.7525 3
      vertex 21.3805 -16.4324 3
      vertex 21.8444 -11.645 3
    endloop
  endfacet
  facet normal 0 0 1
    outer loop
      vertex 21.3805 -16.4324 3
      vertex 20.9356 -11.7525 3
      vertex 21.2327 -16.4247 3
    endloop
  endfacet
  facet normal -0 0 1
    outer loop
      vertex 20.925 -11.7538 3
      vertex 21.2327 -16.4247 3
      vertex 20.9356 -11.7525 3
    endloop
  endfacet
  facet normal 0 0 1
    outer loop
      vertex 21.2327 -16.4247 3
      vertex 20.925 -11.7538 3
      vertex 21.0772 -16.4329 3
    endloop
  endfacet
  facet normal -0 0 1
    outer loop
      vertex 20.9144 -11.7542 3
      vertex 21.0772 -16.4329 3
      vertex 20.925 -11.7538 3
    endloop
  endfacet
  facet normal -0 0 1
    outer loop
      vertex 20.0966 -16.3997 3
      vertex 21.0772 -16.4329 3
      vertex 20.9144 -11.7542 3
    endloop
  endfacet
  facet normal 0 0 1
    outer loop
      vertex 21.0772 -16.4329 3
      vertex 20.0966 -16.3997 3
      vertex 20.9356 -16.4576 3
    endloop
  endfacet
  facet normal 0 0 1
    outer loop
      vertex 20.9356 -16.4576 3
      vertex 20.0966 -16.3997 3
      vertex 20.808 -16.4985 3
    endloop
  endfacet
  facet normal 0 0 1
    outer loop
      vertex 20.808 -16.4985 3
      vertex 20.0966 -16.3997 3
      vertex 20.6947 -16.5555 3
    endloop
  endfacet
  facet normal 0 0 1
    outer loop
      vertex 20.6947 -16.5555 3
      vertex 20.0966 -16.3997 3
      vertex 20.5956 -16.6286 3
    endloop
  endfacet
  facet normal 0 0 1
    outer loop
      vertex 20.5956 -16.6286 3
      vertex 20.0966 -16.3997 3
      vertex 20.511 -16.7175 3
    endloop
  endfacet
  facet normal 0 0 1
    outer loop
      vertex 20.0966 -16.7414 3
      vertex 20.511 -16.7175 3
      vertex 20.0966 -16.3997 3
    endloop
  endfacet
  facet normal 0 0 1
    outer loop
      vertex 20.511 -16.7175 3
      vertex 20.0966 -16.7414 3
      vertex 20.4408 -16.8221 3
    endloop
  endfacet
  facet normal 0 0 1
    outer loop
      vertex 20.4408 -16.8221 3
      vertex 20.0966 -16.7414 3
      vertex 20.3853 -16.9424 3
    endloop
  endfacet
  facet normal 0 0 1
    outer loop
      vertex 20.3187 -17.2292 3
      vertex 20.0966 -16.7414 3
      vertex 20.3077 -17.3955 3
    endloop
  endfacet
  facet normal 0 0 1
    outer loop
      vertex 20.3446 -17.0781 3
      vertex 20.0966 -16.7414 3
      vertex 20.3187 -17.2292 3
    endloop
  endfacet
  facet normal 0 0 1
    outer loop
      vertex 20.3853 -16.9424 3
      vertex 20.0966 -16.7414 3
      vertex 20.3446 -17.0781 3
    endloop
  endfacet
  facet normal -0 0 1
    outer loop
      vertex 20 -11.7901 3
      vertex 20.0966 -16.3997 3
      vertex 20.9144 -11.7542 3
    endloop
  endfacet
  facet normal 0 0 1
    outer loop
      vertex 19.0856 -11.7542 3
      vertex 20.0966 -16.3997 3
      vertex 20 -11.7901 3
    endloop
  endfacet
  facet normal 0 0 1
    outer loop
      vertex 19.075 -11.7538 3
      vertex 20.0966 -16.3997 3
      vertex 19.0856 -11.7542 3
    endloop
  endfacet
  facet normal 0 0 1
    outer loop
      vertex 17.7133 -16.3997 3
      vertex 19.075 -11.7538 3
      vertex 19.0644 -11.7525 3
    endloop
  endfacet
  facet normal 0 0 1
    outer loop
      vertex 17.7133 -16.3997 3
      vertex 19.0644 -11.7525 3
      vertex 18.1556 -11.645 3
    endloop
  endfacet
  facet normal 0 0 1
    outer loop
      vertex 17.7133 -16.3997 3
      vertex 18.1556 -11.645 3
      vertex 18.1452 -11.6429 3
    endloop
  endfacet
  facet normal 0 0 1
    outer loop
      vertex 19.075 -11.7538 3
      vertex 17.7133 -16.3997 3
      vertex 20.0966 -16.3997 3
    endloop
  endfacet
  facet normal 0 0 1
    outer loop
      vertex 16.3669 -11.216 3
      vertex 17.7133 -16.3997 3
      vertex 17.2477 -11.4644 3
    endloop
  endfacet
  facet normal 0 0 1
    outer loop
      vertex 17.2477 -11.4644 3
      vertex 17.7133 -16.3997 3
      vertex 18.1452 -11.6429 3
    endloop
  endfacet
  facet normal -0 0 1
    outer loop
      vertex 22.1191 -17.4103 3
      vertex 22.1864 -18.3191 3
      vertex 22.1293 -17.3344 3
    endloop
  endfacet
  facet normal 0 0 1
    outer loop
      vertex 22.1864 -18.3191 3
      vertex 22.1191 -17.4103 3
      vertex 22.1594 -18.2423 3
    endloop
  endfacet
  facet normal -0 0 1
    outer loop
      vertex 22.102 -17.4813 3
      vertex 22.1594 -18.2423 3
      vertex 22.1191 -17.4103 3
    endloop
  endfacet
  facet normal 0 0 1
    outer loop
      vertex 22.1594 -18.2423 3
      vertex 22.102 -17.4813 3
      vertex 22.124 -18.1727 3
    endloop
  endfacet
  facet normal -0 0 1
    outer loop
      vertex 22.0782 -17.5477 3
      vertex 22.124 -18.1727 3
      vertex 22.102 -17.4813 3
    endloop
  endfacet
  facet normal 0 0 1
    outer loop
      vertex 22.124 -18.1727 3
      vertex 22.0782 -17.5477 3
      vertex 22.0799 -18.1096 3
    endloop
  endfacet
  facet normal -0 0 1
    outer loop
      vertex 22.0475 -17.6092 3
      vertex 22.0799 -18.1096 3
      vertex 22.0782 -17.5477 3
    endloop
  endfacet
  facet normal -0 0 1
    outer loop
      vertex 22.01 -17.6661 3
      vertex 22.0799 -18.1096 3
      vertex 22.0475 -17.6092 3
    endloop
  endfacet
  facet normal 0 0 1
    outer loop
      vertex 22.0799 -18.1096 3
      vertex 22.01 -17.6661 3
      vertex 22.027 -18.0527 3
    endloop
  endfacet
  facet normal -0 0 1
    outer loop
      vertex 21.9657 -17.7181 3
      vertex 22.027 -18.0527 3
      vertex 22.01 -17.6661 3
    endloop
  endfacet
  facet normal 0 0 1
    outer loop
      vertex 21.9657 -17.7181 3
      vertex 21.9648 -18.0016 3
      vertex 22.027 -18.0527 3
    endloop
  endfacet
  facet normal -0 0 1
    outer loop
      vertex 21.9146 -17.7654 3
      vertex 21.9648 -18.0016 3
      vertex 21.9657 -17.7181 3
    endloop
  endfacet
  facet normal 0 0 1
    outer loop
      vertex 21.9146 -17.7654 3
      vertex 21.8931 -17.9559 3
      vertex 21.9648 -18.0016 3
    endloop
  endfacet
  facet normal -0 0 1
    outer loop
      vertex 21.8566 -17.808 3
      vertex 21.8931 -17.9559 3
      vertex 21.9146 -17.7654 3
    endloop
  endfacet
  facet normal 0 0 1
    outer loop
      vertex 21.8566 -17.808 3
      vertex 21.8117 -17.9151 3
      vertex 21.8931 -17.9559 3
    endloop
  endfacet
  facet normal -0 0 1
    outer loop
      vertex 21.7918 -17.8458 3
      vertex 21.8117 -17.9151 3
      vertex 21.8566 -17.808 3
    endloop
  endfacet
  facet normal 0 0 1
    outer loop
      vertex 21.8117 -17.9151 3
      vertex 21.7918 -17.8458 3
      vertex 21.7202 -17.8789 3
    endloop
  endfacet
  facet normal 0 0 1
    outer loop
      vertex 21.355 -17.7214 3
      vertex 21.7577 -17.2664 3
      vertex 21.7529 -17.181 3
    endloop
  endfacet
  facet normal 0 0 1
    outer loop
      vertex 21.7577 -17.2664 3
      vertex 21.3937 -17.715 3
      vertex 21.7559 -17.3223 3
    endloop
  endfacet
  facet normal 0 -0 1
    outer loop
      vertex 21.4292 -17.7076 3
      vertex 21.7559 -17.3223 3
      vertex 21.3937 -17.715 3
    endloop
  endfacet
  facet normal 0 0 1
    outer loop
      vertex 21.3223 -16.7503 3
      vertex 21.7529 -17.181 3
      vertex 21.7387 -17.1023 3
    endloop
  endfacet
  facet normal 0 0 1
    outer loop
      vertex 21.7559 -17.3223 3
      vertex 21.4292 -17.7076 3
      vertex 21.7502 -17.3742 3
    endloop
  endfacet
  facet normal 0 0 1
    outer loop
      vertex 21.401 -16.7646 3
      vertex 21.7387 -17.1023 3
      vertex 21.7154 -17.0306 3
    endloop
  endfacet
  facet normal 0 -0 1
    outer loop
      vertex 21.4921 -17.6896 3
      vertex 21.7502 -17.3742 3
      vertex 21.4618 -17.6992 3
    endloop
  endfacet
  facet normal 0 0 1
    outer loop
      vertex 21.7502 -17.3742 3
      vertex 21.4921 -17.6896 3
      vertex 21.7407 -17.4221 3
    endloop
  endfacet
  facet normal 0 0 1
    outer loop
      vertex 21.4726 -16.7879 3
      vertex 21.7154 -17.0306 3
      vertex 21.6832 -16.9663 3
    endloop
  endfacet
  facet normal 0 0 1
    outer loop
      vertex 21.7407 -17.4221 3
      vertex 21.5624 -17.6581 3
      vertex 21.7274 -17.4663 3
    endloop
  endfacet
  facet normal 0 0 1
    outer loop
      vertex 21.4726 -16.7879 3
      vertex 21.6832 -16.9663 3
      vertex 21.6426 -16.9095 3
    endloop
  endfacet
  facet normal 0 0 1
    outer loop
      vertex 21.7274 -17.4663 3
      vertex 21.5624 -17.6581 3
      vertex 21.7101 -17.5068 3
    endloop
  endfacet
  facet normal 0 0 1
    outer loop
      vertex 21.6888 -17.5438 3
      vertex 21.5624 -17.6581 3
      vertex 21.6634 -17.5773 3
    endloop
  endfacet
  facet normal 0 0 1
    outer loop
      vertex 21.4726 -16.7879 3
      vertex 21.6426 -16.9095 3
      vertex 21.5938 -16.8607 3
    endloop
  endfacet
  facet normal 0 0 1
    outer loop
      vertex 21.6339 -17.6074 3
      vertex 21.5624 -17.6581 3
      vertex 21.6003 -17.6343 3
    endloop
  endfacet
  facet normal 0 0 1
    outer loop
      vertex 21.4726 -16.7879 3
      vertex 21.5938 -16.8607 3
      vertex 21.537 -16.82 3
    endloop
  endfacet
  facet normal 0 0 1
    outer loop
      vertex 21.6634 -17.5773 3
      vertex 21.5624 -17.6581 3
      vertex 21.6339 -17.6074 3
    endloop
  endfacet
  facet normal 0 0 1
    outer loop
      vertex 21.5624 -17.6581 3
      vertex 21.4921 -17.6896 3
      vertex 21.5202 -17.6789 3
    endloop
  endfacet
  facet normal 0 0 1
    outer loop
      vertex 21.7154 -17.0306 3
      vertex 21.4726 -16.7879 3
      vertex 21.401 -16.7646 3
    endloop
  endfacet
  facet normal 0 0 1
    outer loop
      vertex 21.7101 -17.5068 3
      vertex 21.5624 -17.6581 3
      vertex 21.6888 -17.5438 3
    endloop
  endfacet
  facet normal 0 -0 1
    outer loop
      vertex 21.5624 -17.6581 3
      vertex 21.7407 -17.4221 3
      vertex 21.4921 -17.6896 3
    endloop
  endfacet
  facet normal 0 0 1
    outer loop
      vertex 21.3223 -16.7503 3
      vertex 21.7387 -17.1023 3
      vertex 21.401 -16.7646 3
    endloop
  endfacet
  facet normal 0 -0 1
    outer loop
      vertex 21.4618 -17.6992 3
      vertex 21.7502 -17.3742 3
      vertex 21.4292 -17.7076 3
    endloop
  endfacet
  facet normal 0 0 1
    outer loop
      vertex 21.7577 -17.2664 3
      vertex 21.355 -17.7214 3
      vertex 21.3937 -17.715 3
    endloop
  endfacet
  facet normal 0 0 1
    outer loop
      vertex 21.7529 -17.181 3
      vertex 21.3223 -16.7503 3
      vertex 21.3126 -17.7268 3
    endloop
  endfacet
  facet normal 0 0 1
    outer loop
      vertex 21.7529 -17.181 3
      vertex 21.3126 -17.7268 3
      vertex 21.355 -17.7214 3
    endloop
  endfacet
  facet normal 0 0 1
    outer loop
      vertex 21.2369 -16.7455 3
      vertex 21.3126 -17.7268 3
      vertex 21.3223 -16.7503 3
    endloop
  endfacet
  facet normal 0 0 1
    outer loop
      vertex 21.3126 -17.7268 3
      vertex 21.2369 -16.7455 3
      vertex 21.2663 -17.7312 3
    endloop
  endfacet
  facet normal -0 0 1
    outer loop
      vertex 21.1756 -16.748 3
      vertex 21.2663 -17.7312 3
      vertex 21.2369 -16.7455 3
    endloop
  endfacet
  facet normal 0 0 1
    outer loop
      vertex 21.2663 -17.7312 3
      vertex 21.1756 -16.748 3
      vertex 21.2155 -17.7349 3
    endloop
  endfacet
  facet normal -0 0 1
    outer loop
      vertex 21.1168 -16.7553 3
      vertex 21.2155 -17.7349 3
      vertex 21.1756 -16.748 3
    endloop
  endfacet
  facet normal -0 0 1
    outer loop
      vertex 21.0607 -16.7673 3
      vertex 21.2155 -17.7349 3
      vertex 21.1168 -16.7553 3
    endloop
  endfacet
  facet normal -0 0 1
    outer loop
      vertex 20.6894 -17.1883 3
      vertex 21.2155 -17.7349 3
      vertex 21.0607 -16.7673 3
    endloop
  endfacet
  facet normal 0 0 1
    outer loop
      vertex 21.2155 -17.7349 3
      vertex 20.6894 -17.1883 3
      vertex 21.1599 -17.7378 3
    endloop
  endfacet
  facet normal -0 0 1
    outer loop
      vertex 20.6847 -17.2237 3
      vertex 21.1599 -17.7378 3
      vertex 20.6894 -17.1883 3
    endloop
  endfacet
  facet normal -0 0 1
    outer loop
      vertex 20.6809 -17.2618 3
      vertex 21.1599 -17.7378 3
      vertex 20.6847 -17.2237 3
    endloop
  endfacet
  facet normal 0 0 1
    outer loop
      vertex 20.6894 -17.1883 3
      vertex 21.0607 -16.7673 3
      vertex 21.0077 -16.7838 3
    endloop
  endfacet
  facet normal 0 0 1
    outer loop
      vertex 21.4322 -18.0682 3
      vertex 21.8452 -18.5997 3
      vertex 21.84 -18.5052 3
    endloop
  endfacet
  facet normal 0 0 1
    outer loop
      vertex 21.5176 -18.0913 3
      vertex 21.84 -18.5052 3
      vertex 21.8243 -18.4194 3
    endloop
  endfacet
  facet normal 0 0 1
    outer loop
      vertex 21.8452 -18.5997 3
      vertex 21.4322 -18.0682 3
      vertex 21.3371 -18.0543 3
    endloop
  endfacet
  facet normal 0 0 1
    outer loop
      vertex 21.5176 -18.0913 3
      vertex 21.8243 -18.4194 3
      vertex 21.7983 -18.3424 3
    endloop
  endfacet
  facet normal 0 0 1
    outer loop
      vertex 21.8452 -18.5997 3
      vertex 21.3371 -18.0543 3
      vertex 21.8396 -18.6993 3
    endloop
  endfacet
  facet normal 0 0 1
    outer loop
      vertex 21.5935 -18.1235 3
      vertex 21.7983 -18.3424 3
      vertex 21.7621 -18.2742 3
    endloop
  endfacet
  facet normal 0 0 1
    outer loop
      vertex 21.3365 -19.2024 3
      vertex 21.8396 -18.6993 3
      vertex 21.3371 -18.0543 3
    endloop
  endfacet
  facet normal 0 0 1
    outer loop
      vertex 21.5935 -18.1235 3
      vertex 21.7621 -18.2742 3
      vertex 21.7159 -18.215 3
    endloop
  endfacet
  facet normal 0 0 1
    outer loop
      vertex 21.84 -18.5052 3
      vertex 21.5176 -18.0913 3
      vertex 21.4322 -18.0682 3
    endloop
  endfacet
  facet normal 0 0 1
    outer loop
      vertex 21.5935 -18.1235 3
      vertex 21.7159 -18.215 3
      vertex 21.6596 -18.1647 3
    endloop
  endfacet
  facet normal 0 0 1
    outer loop
      vertex 21.8396 -18.6993 3
      vertex 21.3365 -19.2024 3
      vertex 21.823 -18.7911 3
    endloop
  endfacet
  facet normal 0 0 1
    outer loop
      vertex 21.7983 -18.3424 3
      vertex 21.5935 -18.1235 3
      vertex 21.5176 -18.0913 3
    endloop
  endfacet
  facet normal 0 -0 1
    outer loop
      vertex 21.4284 -19.1858 3
      vertex 21.823 -18.7911 3
      vertex 21.3365 -19.2024 3
    endloop
  endfacet
  facet normal 0 -0 1
    outer loop
      vertex 21.512 -19.1585 3
      vertex 21.7957 -18.8748 3
      vertex 21.4284 -19.1858 3
    endloop
  endfacet
  facet normal 0 0 1
    outer loop
      vertex 21.7957 -18.8748 3
      vertex 21.512 -19.1585 3
      vertex 21.7581 -18.95 3
    endloop
  endfacet
  facet normal 0 0 1
    outer loop
      vertex 21.7106 -19.0163 3
      vertex 21.512 -19.1585 3
      vertex 21.6535 -19.0734 3
    endloop
  endfacet
  facet normal 0 0 1
    outer loop
      vertex 21.6535 -19.0734 3
      vertex 21.512 -19.1585 3
      vertex 21.5872 -19.1209 3
    endloop
  endfacet
  facet normal 0 0 1
    outer loop
      vertex 21.7581 -18.95 3
      vertex 21.512 -19.1585 3
      vertex 21.7106 -19.0163 3
    endloop
  endfacet
  facet normal 0 0 1
    outer loop
      vertex 21.823 -18.7911 3
      vertex 21.4284 -19.1858 3
      vertex 21.7957 -18.8748 3
    endloop
  endfacet
  facet normal 0 0 1
    outer loop
      vertex 21.3371 -18.0543 3
      vertex 21.2369 -19.208 3
      vertex 21.3365 -19.2024 3
    endloop
  endfacet
  facet normal 0 0 1
    outer loop
      vertex 21.2327 -18.0497 3
      vertex 21.2369 -19.208 3
      vertex 21.3371 -18.0543 3
    endloop
  endfacet
  facet normal 0 0 1
    outer loop
      vertex 21.2327 -18.0497 3
      vertex 21.1318 -19.2029 3
      vertex 21.2369 -19.208 3
    endloop
  endfacet
  facet normal -0 0 1
    outer loop
      vertex 20.6427 -18.7797 3
      vertex 21.1318 -19.2029 3
      vertex 21.2327 -18.0497 3
    endloop
  endfacet
  facet normal 0 0 1
    outer loop
      vertex 20.6119 -18.5622 3
      vertex 21.2327 -18.0497 3
      vertex 21.0327 -18.0497 3
    endloop
  endfacet
  facet normal 0 0 1
    outer loop
      vertex 21.0327 -17.7413 3
      vertex 20.6744 -17.3955 3
      vertex 21.0327 -18.0497 3
    endloop
  endfacet
  facet normal 0 0 1
    outer loop
      vertex 20.7018 -17.1245 3
      vertex 21.0077 -16.7838 3
      vertex 20.9579 -16.8048 3
    endloop
  endfacet
  facet normal -0 0 1
    outer loop
      vertex 20.3077 -17.3955 3
      vertex 21.0327 -18.0497 3
      vertex 20.6744 -17.3955 3
    endloop
  endfacet
  facet normal 0 0 1
    outer loop
      vertex 20.7018 -17.1245 3
      vertex 20.9579 -16.8048 3
      vertex 20.9116 -16.83 3
    endloop
  endfacet
  facet normal 0 0 1
    outer loop
      vertex 21.2327 -18.0497 3
      vertex 20.6119 -18.5622 3
      vertex 20.623 -18.6768 3
    endloop
  endfacet
  facet normal 0 0 1
    outer loop
      vertex 20.7411 -17.0163 3
      vertex 20.9116 -16.83 3
      vertex 20.869 -16.8595 3
    endloop
  endfacet
  facet normal 0 0 1
    outer loop
      vertex 20.7411 -17.0163 3
      vertex 20.869 -16.8595 3
      vertex 20.8305 -16.893 3
    endloop
  endfacet
  facet normal 0 -0 1
    outer loop
      vertex 20.6427 -18.7797 3
      vertex 21.2327 -18.0497 3
      vertex 20.623 -18.6768 3
    endloop
  endfacet
  facet normal 0 0 1
    outer loop
      vertex 20.7411 -17.0163 3
      vertex 20.8305 -16.893 3
      vertex 20.7961 -16.9304 3
    endloop
  endfacet
  facet normal 0 0 1
    outer loop
      vertex 20.7411 -17.0163 3
      vertex 20.7961 -16.9304 3
      vertex 20.7662 -16.9715 3
    endloop
  endfacet
  facet normal 0 0 1
    outer loop
      vertex 21.1318 -19.2029 3
      vertex 20.6427 -18.7797 3
      vertex 21.0369 -19.1876 3
    endloop
  endfacet
  facet normal 0 0 1
    outer loop
      vertex 20.7293 -17.0417 3
      vertex 20.9116 -16.83 3
      vertex 20.7411 -17.0163 3
    endloop
  endfacet
  facet normal 0 0 1
    outer loop
      vertex 20.7188 -17.068 3
      vertex 20.9116 -16.83 3
      vertex 20.7293 -17.0417 3
    endloop
  endfacet
  facet normal 0 0 1
    outer loop
      vertex 20.7018 -17.1245 3
      vertex 20.9116 -16.83 3
      vertex 20.7188 -17.068 3
    endloop
  endfacet
  facet normal 0 0 1
    outer loop
      vertex 20.7018 -17.1245 3
      vertex 20.7188 -17.068 3
      vertex 20.7097 -17.0955 3
    endloop
  endfacet
  facet normal -0 -0 1
    outer loop
      vertex 20.6712 -18.8712 3
      vertex 21.0369 -19.1876 3
      vertex 20.6427 -18.7797 3
    endloop
  endfacet
  facet normal 0 0 1
    outer loop
      vertex 21.0077 -16.7838 3
      vertex 20.7018 -17.1245 3
      vertex 20.6951 -17.1554 3
    endloop
  endfacet
  facet normal 0 0 1
    outer loop
      vertex 21.0077 -16.7838 3
      vertex 20.6951 -17.1554 3
      vertex 20.6894 -17.1883 3
    endloop
  endfacet
  facet normal 0 0 1
    outer loop
      vertex 21.1599 -17.7378 3
      vertex 20.6809 -17.2618 3
      vertex 21.0991 -17.7399 3
    endloop
  endfacet
  facet normal -0 0 1
    outer loop
      vertex 20.678 -17.303 3
      vertex 21.0991 -17.7399 3
      vertex 20.6809 -17.2618 3
    endloop
  endfacet
  facet normal -0 0 1
    outer loop
      vertex 20.6759 -17.3474 3
      vertex 21.0991 -17.7399 3
      vertex 20.678 -17.303 3
    endloop
  endfacet
  facet normal 0 0 1
    outer loop
      vertex 21.0991 -17.7399 3
      vertex 20.6759 -17.3474 3
      vertex 21.0327 -17.7413 3
    endloop
  endfacet
  facet normal 0 0 1
    outer loop
      vertex 21.0327 -17.7413 3
      vertex 20.6759 -17.3474 3
      vertex 20.6744 -17.3955 3
    endloop
  endfacet
  facet normal 0 0 1
    outer loop
      vertex 21.0369 -19.1876 3
      vertex 20.6712 -18.8712 3
      vertex 20.9519 -19.1618 3
    endloop
  endfacet
  facet normal -0 -0 1
    outer loop
      vertex 20.7087 -18.9514 3
      vertex 20.9519 -19.1618 3
      vertex 20.6712 -18.8712 3
    endloop
  endfacet
  facet normal 0 0 1
    outer loop
      vertex 20.9519 -19.1618 3
      vertex 20.7087 -18.9514 3
      vertex 20.8768 -19.1254 3
    endloop
  endfacet
  facet normal 0 0 1
    outer loop
      vertex 20.8768 -19.1254 3
      vertex 20.7087 -18.9514 3
      vertex 20.8114 -19.0783 3
    endloop
  endfacet
  facet normal 0 0 1
    outer loop
      vertex 20.8114 -19.0783 3
      vertex 20.7087 -18.9514 3
      vertex 20.7554 -19.0204 3
    endloop
  endfacet
  facet normal 0 0 1
    outer loop
      vertex 21.0327 -18.0497 3
      vertex 20.3077 -17.3955 3
      vertex 20.6119 -18.5622 3
    endloop
  endfacet
  facet normal 0 0 1
    outer loop
      vertex 20.6119 -18.5622 3
      vertex 20.3077 -17.3955 3
      vertex 20.2452 -18.5622 3
    endloop
  endfacet
  facet normal 0 0 1
    outer loop
      vertex 58.7132 -16.7882 3
      vertex 57.7133 -16.7882 3
      vertex 58.7132 -19.4841 3
    endloop
  endfacet
  facet normal 0 0 1
    outer loop
      vertex 61.4744 -18.7549 3
      vertex 60.2286 -18.7549 3
      vertex 61.4744 -19.4841 3
    endloop
  endfacet
  facet normal 0 0 1
    outer loop
      vertex 61.8444 -11.645 3
      vertex 61.5702 -16.4716 3
      vertex 61.8411 -16.4716 3
    endloop
  endfacet
  facet normal -0 0 1
    outer loop
      vertex 60.9356 -11.7525 3
      vertex 61.5702 -16.4716 3
      vertex 61.8444 -11.645 3
    endloop
  endfacet
  facet normal -0 0 1
    outer loop
      vertex 60.925 -11.7538 3
      vertex 61.5702 -16.4716 3
      vertex 60.9356 -11.7525 3
    endloop
  endfacet
  facet normal -0 0 1
    outer loop
      vertex 60.9144 -11.7542 3
      vertex 61.5702 -16.4716 3
      vertex 60.925 -11.7538 3
    endloop
  endfacet
  facet normal -0 0 1
    outer loop
      vertex 60.0966 -16.4466 3
      vertex 61.5702 -16.4716 3
      vertex 60.9144 -11.7542 3
    endloop
  endfacet
  facet normal 0 0 1
    outer loop
      vertex 61.5702 -16.4716 3
      vertex 60.0966 -16.7882 3
      vertex 60.2286 -18.3674 3
    endloop
  endfacet
  facet normal 0 0 1
    outer loop
      vertex 60.0966 -16.7882 3
      vertex 61.5702 -16.4716 3
      vertex 60.0966 -16.4466 3
    endloop
  endfacet
  facet normal -0 0 1
    outer loop
      vertex 60 -11.7901 3
      vertex 60.0966 -16.4466 3
      vertex 60.9144 -11.7542 3
    endloop
  endfacet
  facet normal 0 0 1
    outer loop
      vertex 59.0856 -11.7542 3
      vertex 60.0966 -16.4466 3
      vertex 60 -11.7901 3
    endloop
  endfacet
  facet normal 0 0 1
    outer loop
      vertex 59.075 -11.7538 3
      vertex 60.0966 -16.4466 3
      vertex 59.0856 -11.7542 3
    endloop
  endfacet
  facet normal 0 0 1
    outer loop
      vertex 57.7133 -16.4466 3
      vertex 59.075 -11.7538 3
      vertex 59.0644 -11.7525 3
    endloop
  endfacet
  facet normal 0 0 1
    outer loop
      vertex 57.7133 -16.4466 3
      vertex 59.0644 -11.7525 3
      vertex 58.1556 -11.645 3
    endloop
  endfacet
  facet normal 0 0 1
    outer loop
      vertex 57.7133 -16.4466 3
      vertex 58.1556 -11.645 3
      vertex 58.1452 -11.6429 3
    endloop
  endfacet
  facet normal 0 0 1
    outer loop
      vertex 59.075 -11.7538 3
      vertex 57.7133 -16.4466 3
      vertex 60.0966 -16.4466 3
    endloop
  endfacet
  facet normal 0 0 1
    outer loop
      vertex 56.3669 -11.216 3
      vertex 57.7133 -16.4466 3
      vertex 57.2477 -11.4644 3
    endloop
  endfacet
  facet normal 0 0 1
    outer loop
      vertex 57.2477 -11.4644 3
      vertex 57.7133 -16.4466 3
      vertex 58.1452 -11.6429 3
    endloop
  endfacet
  facet normal 0 0 1
    outer loop
      vertex 61.8411 -16.4716 3
      vertex 62.7523 -11.4644 3
      vertex 61.8548 -11.6429 3
    endloop
  endfacet
  facet normal 0 0 1
    outer loop
      vertex 61.8411 -16.4716 3
      vertex 61.8548 -11.6429 3
      vertex 61.8444 -11.645 3
    endloop
  endfacet
  facet normal 0 0 1
    outer loop
      vertex 62.7523 -11.4644 3
      vertex 61.8411 -16.4716 3
      vertex 62.2785 -18.4257 3
    endloop
  endfacet
  facet normal 0 0 1
    outer loop
      vertex 62.2785 -18.4257 3
      vertex 61.8411 -16.4716 3
      vertex 61.8411 -18.4257 3
    endloop
  endfacet
  facet normal 0 0 1
    outer loop
      vertex 85.674 13.358 3
      vertex 90 19 3
      vertex 85.7161 13.5698 3
    endloop
  endfacet
  facet normal 0 0 1
    outer loop
      vertex 90 -19 3
      vertex 85.7415 -13.7842 3
      vertex 85.75 -14 3
    endloop
  endfacet
  facet normal 0 0 1
    outer loop
      vertex 85.6154 13.1502 3
      vertex 90 19 3
      vertex 85.674 13.358 3
    endloop
  endfacet
  facet normal 0 0 1
    outer loop
      vertex 90 -19 3
      vertex 85.7161 -13.5698 3
      vertex 85.7415 -13.7842 3
    endloop
  endfacet
  facet normal 0 0 1
    outer loop
      vertex 85.5407 12.9476 3
      vertex 90 19 3
      vertex 85.6154 13.1502 3
    endloop
  endfacet
  facet normal 0 0 1
    outer loop
      vertex 90 -19 3
      vertex 85.674 -13.358 3
      vertex 85.7161 -13.5698 3
    endloop
  endfacet
  facet normal 0 0 1
    outer loop
      vertex 85.4503 12.7515 3
      vertex 90 19 3
      vertex 85.5407 12.9476 3
    endloop
  endfacet
  facet normal 0 0 1
    outer loop
      vertex 90 -19 3
      vertex 85.6154 -13.1502 3
      vertex 85.674 -13.358 3
    endloop
  endfacet
  facet normal 0 0 1
    outer loop
      vertex 90 19 3
      vertex 85.4503 12.7515 3
      vertex 90 -19 3
    endloop
  endfacet
  facet normal 0 0 1
    outer loop
      vertex 90 -19 3
      vertex 85.5407 -12.9476 3
      vertex 85.6154 -13.1502 3
    endloop
  endfacet
  facet normal -0 0 1
    outer loop
      vertex 85.4503 -12.7515 3
      vertex 90 -19 3
      vertex 85.4503 12.7515 3
    endloop
  endfacet
  facet normal 0 0 1
    outer loop
      vertex 90 -19 3
      vertex 85.4503 -12.7515 3
      vertex 85.5407 -12.9476 3
    endloop
  endfacet
  facet normal -0 0 1
    outer loop
      vertex 85.3448 12.5631 3
      vertex 85.4503 -12.7515 3
      vertex 85.4503 12.7515 3
    endloop
  endfacet
  facet normal 0 0 1
    outer loop
      vertex 85.3448 12.5631 3
      vertex 85.3448 -12.5631 3
      vertex 85.4503 -12.7515 3
    endloop
  endfacet
  facet normal -0 0 1
    outer loop
      vertex 85.2248 12.3836 3
      vertex 85.3448 -12.5631 3
      vertex 85.3448 12.5631 3
    endloop
  endfacet
  facet normal 0 0 1
    outer loop
      vertex 85.2248 12.3836 3
      vertex 85.2248 -12.3836 3
      vertex 85.3448 -12.5631 3
    endloop
  endfacet
  facet normal -0 0 1
    outer loop
      vertex 85.0911 12.214 3
      vertex 85.2248 -12.3836 3
      vertex 85.2248 12.3836 3
    endloop
  endfacet
  facet normal 0 0 1
    outer loop
      vertex 85.0911 12.214 3
      vertex 85.0911 -12.214 3
      vertex 85.2248 -12.3836 3
    endloop
  endfacet
  facet normal -0 0 1
    outer loop
      vertex 84.9445 12.0555 3
      vertex 85.0911 -12.214 3
      vertex 85.0911 12.214 3
    endloop
  endfacet
  facet normal 0 0 1
    outer loop
      vertex 84.9445 12.0555 3
      vertex 84.9445 -12.0555 3
      vertex 85.0911 -12.214 3
    endloop
  endfacet
  facet normal -0 0 1
    outer loop
      vertex 84.786 11.9089 3
      vertex 84.9445 -12.0555 3
      vertex 84.9445 12.0555 3
    endloop
  endfacet
  facet normal 0 0 1
    outer loop
      vertex 84.786 11.9089 3
      vertex 84.786 -11.9089 3
      vertex 84.9445 -12.0555 3
    endloop
  endfacet
  facet normal -0 0 1
    outer loop
      vertex 84.6164 11.7752 3
      vertex 84.786 -11.9089 3
      vertex 84.786 11.9089 3
    endloop
  endfacet
  facet normal 0 0 1
    outer loop
      vertex 84.6164 11.7752 3
      vertex 84.6164 -11.7752 3
      vertex 84.786 -11.9089 3
    endloop
  endfacet
  facet normal -0 0 1
    outer loop
      vertex 84.4369 11.6552 3
      vertex 84.6164 -11.7752 3
      vertex 84.6164 11.7752 3
    endloop
  endfacet
  facet normal 0 0 1
    outer loop
      vertex 84.4369 11.6552 3
      vertex 84.4369 -11.6552 3
      vertex 84.6164 -11.7752 3
    endloop
  endfacet
  facet normal -0 0 1
    outer loop
      vertex 84.2485 11.5497 3
      vertex 84.4369 -11.6552 3
      vertex 84.4369 11.6552 3
    endloop
  endfacet
  facet normal 0 0 1
    outer loop
      vertex 84.2485 11.5497 3
      vertex 84.2485 -11.5497 3
      vertex 84.4369 -11.6552 3
    endloop
  endfacet
  facet normal -0 0 1
    outer loop
      vertex 84.0524 11.4593 3
      vertex 84.2485 -11.5497 3
      vertex 84.2485 11.5497 3
    endloop
  endfacet
  facet normal 0 0 1
    outer loop
      vertex 84.0524 11.4593 3
      vertex 84.0524 -11.4593 3
      vertex 84.2485 -11.5497 3
    endloop
  endfacet
  facet normal -0 0 1
    outer loop
      vertex 83.8498 11.3846 3
      vertex 84.0524 -11.4593 3
      vertex 84.0524 11.4593 3
    endloop
  endfacet
  facet normal 0 0 1
    outer loop
      vertex 83.8498 11.3846 3
      vertex 83.8498 -11.3846 3
      vertex 84.0524 -11.4593 3
    endloop
  endfacet
  facet normal -0 0 1
    outer loop
      vertex 83.642 11.326 3
      vertex 83.8498 -11.3846 3
      vertex 83.8498 11.3846 3
    endloop
  endfacet
  facet normal 0 0 1
    outer loop
      vertex 83.642 11.326 3
      vertex 83.642 -11.326 3
      vertex 83.8498 -11.3846 3
    endloop
  endfacet
  facet normal -0 0 1
    outer loop
      vertex 83.4302 11.2839 3
      vertex 83.642 -11.326 3
      vertex 83.642 11.326 3
    endloop
  endfacet
  facet normal 0 0 1
    outer loop
      vertex 83.4302 11.2839 3
      vertex 83.4302 -11.2839 3
      vertex 83.642 -11.326 3
    endloop
  endfacet
  facet normal -0 0 1
    outer loop
      vertex 83.2158 11.2585 3
      vertex 83.4302 -11.2839 3
      vertex 83.4302 11.2839 3
    endloop
  endfacet
  facet normal 0 0 1
    outer loop
      vertex 83.2158 11.2585 3
      vertex 83.2158 -11.2585 3
      vertex 83.4302 -11.2839 3
    endloop
  endfacet
  facet normal -0 0 1
    outer loop
      vertex 83 11.25 3
      vertex 83.2158 -11.2585 3
      vertex 83.2158 11.2585 3
    endloop
  endfacet
  facet normal 0 0 1
    outer loop
      vertex 83 11.25 3
      vertex 83 -11.25 3
      vertex 83.2158 -11.2585 3
    endloop
  endfacet
  facet normal 0 0 1
    outer loop
      vertex 71.7901 0 3
      vertex 83 11.25 3
      vertex 82.7842 11.2585 3
    endloop
  endfacet
  facet normal 0 0 1
    outer loop
      vertex 83 11.25 3
      vertex 71.7901 0 3
      vertex 83 -11.25 3
    endloop
  endfacet
  facet normal 0 0 1
    outer loop
      vertex 71.7538 0.925042 3
      vertex 82.7842 11.2585 3
      vertex 82.5698 11.2839 3
    endloop
  endfacet
  facet normal 0 0 1
    outer loop
      vertex 83 -11.25 3
      vertex 71.7901 0 3
      vertex 82.7842 -11.2585 3
    endloop
  endfacet
  facet normal 0 0 1
    outer loop
      vertex 71.7525 0.93563 3
      vertex 82.5698 11.2839 3
      vertex 82.358 11.326 3
    endloop
  endfacet
  facet normal -0 0 1
    outer loop
      vertex 71.7542 -0.914388 3
      vertex 82.7842 -11.2585 3
      vertex 71.7901 0 3
    endloop
  endfacet
  facet normal 0 0 1
    outer loop
      vertex 71.645 1.84438 3
      vertex 82.358 11.326 3
      vertex 82.1502 11.3846 3
    endloop
  endfacet
  facet normal -0 0 1
    outer loop
      vertex 71.7538 -0.925042 3
      vertex 82.7842 -11.2585 3
      vertex 71.7542 -0.914388 3
    endloop
  endfacet
  facet normal 0 0 1
    outer loop
      vertex 71.4644 2.75235 3
      vertex 82.1502 11.3846 3
      vertex 81.9476 11.4593 3
    endloop
  endfacet
  facet normal 0 0 1
    outer loop
      vertex 82.7842 -11.2585 3
      vertex 71.7538 -0.925042 3
      vertex 82.5698 -11.2839 3
    endloop
  endfacet
  facet normal 0 0 1
    outer loop
      vertex 71.4644 2.75235 3
      vertex 81.9476 11.4593 3
      vertex 81.7515 11.5497 3
    endloop
  endfacet
  facet normal -0 0 1
    outer loop
      vertex 71.7525 -0.93563 3
      vertex 82.5698 -11.2839 3
      vertex 71.7538 -0.925042 3
    endloop
  endfacet
  facet normal 0 0 1
    outer loop
      vertex 71.216 3.63309 3
      vertex 81.7515 11.5497 3
      vertex 81.5631 11.6552 3
    endloop
  endfacet
  facet normal 0 0 1
    outer loop
      vertex 82.5698 -11.2839 3
      vertex 71.7525 -0.93563 3
      vertex 82.358 -11.326 3
    endloop
  endfacet
  facet normal 0 0 1
    outer loop
      vertex 71.2131 3.64335 3
      vertex 81.5631 11.6552 3
      vertex 81.3836 11.7752 3
    endloop
  endfacet
  facet normal -0 0 1
    outer loop
      vertex 71.645 -1.84438 3
      vertex 82.358 -11.326 3
      vertex 71.7525 -0.93563 3
    endloop
  endfacet
  facet normal 0 0 1
    outer loop
      vertex 70.8963 4.50188 3
      vertex 81.3836 11.7752 3
      vertex 81.214 11.9089 3
    endloop
  endfacet
  facet normal 0 0 1
    outer loop
      vertex 82.358 -11.326 3
      vertex 71.645 -1.84438 3
      vertex 82.1502 -11.3846 3
    endloop
  endfacet
  facet normal 0 0 1
    outer loop
      vertex 70.8927 4.51188 3
      vertex 81.214 11.9089 3
      vertex 81.0555 12.0555 3
    endloop
  endfacet
  facet normal -0 0 1
    outer loop
      vertex 71.6429 -1.85484 3
      vertex 82.1502 -11.3846 3
      vertex 71.645 -1.84438 3
    endloop
  endfacet
  facet normal 0 0 1
    outer loop
      vertex 70.5095 5.34292 3
      vertex 81.0555 12.0555 3
      vertex 80.9089 12.214 3
    endloop
  endfacet
  facet normal -0 0 1
    outer loop
      vertex 71.4644 -2.75235 3
      vertex 82.1502 -11.3846 3
      vertex 71.6429 -1.85484 3
    endloop
  endfacet
  facet normal 0 0 1
    outer loop
      vertex 70.5051 5.3526 3
      vertex 80.9089 12.214 3
      vertex 80.7752 12.3836 3
    endloop
  endfacet
  facet normal 0 0 1
    outer loop
      vertex 82.1502 -11.3846 3
      vertex 71.4644 -2.75235 3
      vertex 81.9476 -11.4593 3
    endloop
  endfacet
  facet normal 0 0 1
    outer loop
      vertex 70.0527 6.16032 3
      vertex 80.7752 12.3836 3
      vertex 80.6552 12.5631 3
    endloop
  endfacet
  facet normal 0 0 1
    outer loop
      vertex 81.9476 -11.4593 3
      vertex 71.4644 -2.75235 3
      vertex 81.7515 -11.5497 3
    endloop
  endfacet
  facet normal 0 0 1
    outer loop
      vertex 70.0527 6.16032 3
      vertex 80.6552 12.5631 3
      vertex 80.5497 12.7515 3
    endloop
  endfacet
  facet normal -0 0 1
    outer loop
      vertex 71.216 -3.63309 3
      vertex 81.7515 -11.5497 3
      vertex 71.4644 -2.75235 3
    endloop
  endfacet
  facet normal 0 0 1
    outer loop
      vertex 69.5443 6.9212 3
      vertex 80.5497 12.7515 3
      vertex 80.4593 12.9476 3
    endloop
  endfacet
  facet normal 0 0 1
    outer loop
      vertex 81.7515 -11.5497 3
      vertex 71.216 -3.63309 3
      vertex 81.5631 -11.6552 3
    endloop
  endfacet
  facet normal 0 0 1
    outer loop
      vertex 69.5384 6.93006 3
      vertex 80.4593 12.9476 3
      vertex 80.3846 13.1502 3
    endloop
  endfacet
  facet normal -0 0 1
    outer loop
      vertex 71.2131 -3.64335 3
      vertex 81.5631 -11.6552 3
      vertex 71.216 -3.63309 3
    endloop
  endfacet
  facet normal 0 0 1
    outer loop
      vertex 68.9653 7.65707 3
      vertex 80.3846 13.1502 3
      vertex 80.326 13.358 3
    endloop
  endfacet
  facet normal 0 0 1
    outer loop
      vertex 81.5631 -11.6552 3
      vertex 71.2131 -3.64335 3
      vertex 81.3836 -11.7752 3
    endloop
  endfacet
  facet normal 0 0 1
    outer loop
      vertex 68.9653 7.65707 3
      vertex 80.326 13.358 3
      vertex 80.2839 13.5698 3
    endloop
  endfacet
  facet normal -0 0 1
    outer loop
      vertex 70.8963 -4.50188 3
      vertex 81.3836 -11.7752 3
      vertex 71.2131 -3.64335 3
    endloop
  endfacet
  facet normal 0 0 1
    outer loop
      vertex 68.3369 8.33688 3
      vertex 80.2839 13.5698 3
      vertex 80.2585 13.7842 3
    endloop
  endfacet
  facet normal 0 0 1
    outer loop
      vertex 81.3836 -11.7752 3
      vertex 70.8963 -4.50188 3
      vertex 81.214 -11.9089 3
    endloop
  endfacet
  facet normal 0 0 1
    outer loop
      vertex 68.3369 8.33688 3
      vertex 80.2585 13.7842 3
      vertex 80.25 14 3
    endloop
  endfacet
  facet normal -0 0 1
    outer loop
      vertex 70.8927 -4.51188 3
      vertex 81.214 -11.9089 3
      vertex 70.8963 -4.50188 3
    endloop
  endfacet
  facet normal 0 0 1
    outer loop
      vertex 84.786 16.0911 3
      vertex 90 19 3
      vertex 89.9908 19.2354 3
    endloop
  endfacet
  facet normal 0 0 1
    outer loop
      vertex 85.7415 13.7842 3
      vertex 90 19 3
      vertex 85.75 14 3
    endloop
  endfacet
  facet normal 0 0 1
    outer loop
      vertex 84.786 16.0911 3
      vertex 89.9908 19.2354 3
      vertex 89.9631 19.4693 3
    endloop
  endfacet
  facet normal 0 0 1
    outer loop
      vertex 85.7161 13.5698 3
      vertex 90 19 3
      vertex 85.7415 13.7842 3
    endloop
  endfacet
  facet normal 0 0 1
    outer loop
      vertex 84.786 16.0911 3
      vertex 89.9631 19.4693 3
      vertex 89.9171 19.7003 3
    endloop
  endfacet
  facet normal -0 0 1
    outer loop
      vertex 85.7415 -14.2158 3
      vertex 90 -19 3
      vertex 85.75 -14 3
    endloop
  endfacet
  facet normal 0 0 1
    outer loop
      vertex 84.786 16.0911 3
      vertex 89.9171 19.7003 3
      vertex 89.8532 19.927 3
    endloop
  endfacet
  facet normal -0 0 1
    outer loop
      vertex 85.7161 -14.4302 3
      vertex 90 -19 3
      vertex 85.7415 -14.2158 3
    endloop
  endfacet
  facet normal 0 0 1
    outer loop
      vertex 84.786 16.0911 3
      vertex 89.8532 19.927 3
      vertex 89.7716 20.1481 3
    endloop
  endfacet
  facet normal -0 0 1
    outer loop
      vertex 85.674 -14.642 3
      vertex 90 -19 3
      vertex 85.7161 -14.4302 3
    endloop
  endfacet
  facet normal 0 0 1
    outer loop
      vertex 84.786 16.0911 3
      vertex 89.7716 20.1481 3
      vertex 89.673 20.362 3
    endloop
  endfacet
  facet normal -0 0 1
    outer loop
      vertex 85.6154 -14.8498 3
      vertex 90 -19 3
      vertex 85.674 -14.642 3
    endloop
  endfacet
  facet normal 0 0 1
    outer loop
      vertex 84.786 16.0911 3
      vertex 89.673 20.362 3
      vertex 89.5579 20.5675 3
    endloop
  endfacet
  facet normal -0 0 1
    outer loop
      vertex 85.5407 -15.0524 3
      vertex 90 -19 3
      vertex 85.6154 -14.8498 3
    endloop
  endfacet
  facet normal 0 0 1
    outer loop
      vertex 84.786 16.0911 3
      vertex 89.5579 20.5675 3
      vertex 89.427 20.7634 3
    endloop
  endfacet
  facet normal -0 0 1
    outer loop
      vertex 85.4503 -15.2485 3
      vertex 90 -19 3
      vertex 85.5407 -15.0524 3
    endloop
  endfacet
  facet normal 0 0 1
    outer loop
      vertex 84.786 16.0911 3
      vertex 89.427 20.7634 3
      vertex 89.2812 20.9483 3
    endloop
  endfacet
  facet normal -0 0 1
    outer loop
      vertex 85.3448 -15.4369 3
      vertex 90 -19 3
      vertex 85.4503 -15.2485 3
    endloop
  endfacet
  facet normal 0 0 1
    outer loop
      vertex 84.786 16.0911 3
      vertex 89.2812 20.9483 3
      vertex 89.1213 21.1213 3
    endloop
  endfacet
  facet normal -0 0 1
    outer loop
      vertex 85.2248 -15.6164 3
      vertex 90 -19 3
      vertex 85.3448 -15.4369 3
    endloop
  endfacet
  facet normal 0 0 1
    outer loop
      vertex 84.786 16.0911 3
      vertex 89.1213 21.1213 3
      vertex 88.9483 21.2812 3
    endloop
  endfacet
  facet normal -0 0 1
    outer loop
      vertex 85.0911 -15.786 3
      vertex 90 -19 3
      vertex 85.2248 -15.6164 3
    endloop
  endfacet
  facet normal 0 0 1
    outer loop
      vertex 84.786 16.0911 3
      vertex 88.9483 21.2812 3
      vertex 88.7634 21.427 3
    endloop
  endfacet
  facet normal -0 0 1
    outer loop
      vertex 84.9445 -15.9445 3
      vertex 90 -19 3
      vertex 85.0911 -15.786 3
    endloop
  endfacet
  facet normal 0 0 1
    outer loop
      vertex 84.786 16.0911 3
      vertex 88.7634 21.427 3
      vertex 88.5675 21.5579 3
    endloop
  endfacet
  facet normal -0 0 1
    outer loop
      vertex 84.786 -16.0911 3
      vertex 90 -19 3
      vertex 84.9445 -15.9445 3
    endloop
  endfacet
  facet normal 0 0 1
    outer loop
      vertex 84.786 16.0911 3
      vertex 88.5675 21.5579 3
      vertex 88.362 21.673 3
    endloop
  endfacet
  facet normal 0 0 1
    outer loop
      vertex 90 -19 3
      vertex 84.786 -16.0911 3
      vertex 89.9908 -19.2354 3
    endloop
  endfacet
  facet normal 0 0 1
    outer loop
      vertex 84.786 16.0911 3
      vertex 88.362 21.673 3
      vertex 88.1481 21.7716 3
    endloop
  endfacet
  facet normal 0 0 1
    outer loop
      vertex 89.9908 -19.2354 3
      vertex 84.786 -16.0911 3
      vertex 89.9631 -19.4693 3
    endloop
  endfacet
  facet normal 0 0 1
    outer loop
      vertex 84.786 16.0911 3
      vertex 88.1481 21.7716 3
      vertex 87.927 21.8532 3
    endloop
  endfacet
  facet normal 0 0 1
    outer loop
      vertex 89.9631 -19.4693 3
      vertex 84.786 -16.0911 3
      vertex 89.9171 -19.7003 3
    endloop
  endfacet
  facet normal 0 0 1
    outer loop
      vertex 84.786 16.0911 3
      vertex 87.927 21.8532 3
      vertex 87.7003 21.9171 3
    endloop
  endfacet
  facet normal 0 0 1
    outer loop
      vertex 89.9171 -19.7003 3
      vertex 84.786 -16.0911 3
      vertex 89.8532 -19.927 3
    endloop
  endfacet
  facet normal 0 0 1
    outer loop
      vertex 84.786 16.0911 3
      vertex 87.7003 21.9171 3
      vertex 87.4693 21.9631 3
    endloop
  endfacet
  facet normal 0 0 1
    outer loop
      vertex 89.8532 -19.927 3
      vertex 84.786 -16.0911 3
      vertex 89.7716 -20.1481 3
    endloop
  endfacet
  facet normal 0 0 1
    outer loop
      vertex 84.786 16.0911 3
      vertex 87.4693 21.9631 3
      vertex 87.2354 21.9908 3
    endloop
  endfacet
  facet normal 0 0 1
    outer loop
      vertex 89.7716 -20.1481 3
      vertex 84.786 -16.0911 3
      vertex 89.673 -20.362 3
    endloop
  endfacet
  facet normal 0 0 1
    outer loop
      vertex 84.786 16.0911 3
      vertex 87.2354 21.9908 3
      vertex 87 22 3
    endloop
  endfacet
  facet normal 0 0 1
    outer loop
      vertex 89.673 -20.362 3
      vertex 84.786 -16.0911 3
      vertex 89.5579 -20.5675 3
    endloop
  endfacet
  facet normal 0 0 1
    outer loop
      vertex 89.5579 -20.5675 3
      vertex 84.786 -16.0911 3
      vertex 89.427 -20.7634 3
    endloop
  endfacet
  facet normal 0 0 1
    outer loop
      vertex 90 19 3
      vertex 85.7415 14.2158 3
      vertex 85.75 14 3
    endloop
  endfacet
  facet normal 0 0 1
    outer loop
      vertex 90 19 3
      vertex 85.7161 14.4302 3
      vertex 85.7415 14.2158 3
    endloop
  endfacet
  facet normal 0 0 1
    outer loop
      vertex 90 19 3
      vertex 85.674 14.642 3
      vertex 85.7161 14.4302 3
    endloop
  endfacet
  facet normal 0 0 1
    outer loop
      vertex 90 19 3
      vertex 85.6154 14.8498 3
      vertex 85.674 14.642 3
    endloop
  endfacet
  facet normal 0 0 1
    outer loop
      vertex 90 19 3
      vertex 85.5407 15.0524 3
      vertex 85.6154 14.8498 3
    endloop
  endfacet
  facet normal 0 0 1
    outer loop
      vertex 90 19 3
      vertex 85.4503 15.2485 3
      vertex 85.5407 15.0524 3
    endloop
  endfacet
  facet normal 0 0 1
    outer loop
      vertex 90 19 3
      vertex 85.3448 15.4369 3
      vertex 85.4503 15.2485 3
    endloop
  endfacet
  facet normal 0 0 1
    outer loop
      vertex 90 19 3
      vertex 85.2248 15.6164 3
      vertex 85.3448 15.4369 3
    endloop
  endfacet
  facet normal 0 0 1
    outer loop
      vertex 90 19 3
      vertex 85.0911 15.786 3
      vertex 85.2248 15.6164 3
    endloop
  endfacet
  facet normal 0 0 1
    outer loop
      vertex 90 19 3
      vertex 84.9445 15.9445 3
      vertex 85.0911 15.786 3
    endloop
  endfacet
  facet normal 0 0 1
    outer loop
      vertex 90 19 3
      vertex 84.786 16.0911 3
      vertex 84.9445 15.9445 3
    endloop
  endfacet
  facet normal 0 0 1
    outer loop
      vertex 87 22 3
      vertex 84.6164 16.2248 3
      vertex 84.786 16.0911 3
    endloop
  endfacet
  facet normal 0 0 1
    outer loop
      vertex 87 22 3
      vertex 84.4369 16.3448 3
      vertex 84.6164 16.2248 3
    endloop
  endfacet
  facet normal 0 0 1
    outer loop
      vertex 87 22 3
      vertex 84.2485 16.4503 3
      vertex 84.4369 16.3448 3
    endloop
  endfacet
  facet normal 0 0 1
    outer loop
      vertex 87 22 3
      vertex 84.0524 16.5407 3
      vertex 84.2485 16.4503 3
    endloop
  endfacet
  facet normal 0 0 1
    outer loop
      vertex 87 22 3
      vertex 83.8498 16.6154 3
      vertex 84.0524 16.5407 3
    endloop
  endfacet
  facet normal 0 0 1
    outer loop
      vertex 87 22 3
      vertex 83.642 16.674 3
      vertex 83.8498 16.6154 3
    endloop
  endfacet
  facet normal 0 0 1
    outer loop
      vertex 87 22 3
      vertex 83.4302 16.7161 3
      vertex 83.642 16.674 3
    endloop
  endfacet
  facet normal 0 0 1
    outer loop
      vertex 87 22 3
      vertex 83.2158 16.7415 3
      vertex 83.4302 16.7161 3
    endloop
  endfacet
  facet normal 0 0 1
    outer loop
      vertex 87 22 3
      vertex 83 16.75 3
      vertex 83.2158 16.7415 3
    endloop
  endfacet
  facet normal 0 0 1
    outer loop
      vertex 87 22 3
      vertex 82.7842 16.7415 3
      vertex 83 16.75 3
    endloop
  endfacet
  facet normal 0 0 1
    outer loop
      vertex 87 22 3
      vertex 82.5698 16.7161 3
      vertex 82.7842 16.7415 3
    endloop
  endfacet
  facet normal 0 0 1
    outer loop
      vertex 87 22 3
      vertex 82.358 16.674 3
      vertex 82.5698 16.7161 3
    endloop
  endfacet
  facet normal 0 0 1
    outer loop
      vertex 87 22 3
      vertex 82.1502 16.6154 3
      vertex 82.358 16.674 3
    endloop
  endfacet
  facet normal 0 0 1
    outer loop
      vertex 87 22 3
      vertex 81.9476 16.5407 3
      vertex 82.1502 16.6154 3
    endloop
  endfacet
  facet normal 0 0 1
    outer loop
      vertex 87 22 3
      vertex 81.7515 16.4503 3
      vertex 81.9476 16.5407 3
    endloop
  endfacet
  facet normal 0 0 1
    outer loop
      vertex 87 22 3
      vertex 81.5631 16.3448 3
      vertex 81.7515 16.4503 3
    endloop
  endfacet
  facet normal 0 0 1
    outer loop
      vertex 87 22 3
      vertex 81.3836 16.2248 3
      vertex 81.5631 16.3448 3
    endloop
  endfacet
  facet normal 0 0 1
    outer loop
      vertex 61.8444 11.645 3
      vertex 81.3836 16.2248 3
      vertex 87 22 3
    endloop
  endfacet
  facet normal 0 -0 1
    outer loop
      vertex 61.8548 11.6429 3
      vertex 81.3836 16.2248 3
      vertex 61.8444 11.645 3
    endloop
  endfacet
  facet normal 0 0 1
    outer loop
      vertex 81.214 -11.9089 3
      vertex 70.8927 -4.51188 3
      vertex 81.0555 -12.0555 3
    endloop
  endfacet
  facet normal 0 0 1
    outer loop
      vertex 67.6649 8.95804 3
      vertex 80.25 14 3
      vertex 80.2585 14.2158 3
    endloop
  endfacet
  facet normal 0 0 1
    outer loop
      vertex 67.6571 8.96528 3
      vertex 80.2585 14.2158 3
      vertex 80.2839 14.4302 3
    endloop
  endfacet
  facet normal 0 0 1
    outer loop
      vertex 66.9384 9.53181 3
      vertex 80.2839 14.4302 3
      vertex 80.326 14.642 3
    endloop
  endfacet
  facet normal 0 0 1
    outer loop
      vertex 66.9212 9.54433 3
      vertex 80.326 14.642 3
      vertex 80.3846 14.8498 3
    endloop
  endfacet
  facet normal 0 0 1
    outer loop
      vertex 66.1603 10.0527 3
      vertex 80.3846 14.8498 3
      vertex 80.4593 15.0524 3
    endloop
  endfacet
  facet normal 0 0 1
    outer loop
      vertex 65.3619 10.4999 3
      vertex 80.4593 15.0524 3
      vertex 80.5497 15.2485 3
    endloop
  endfacet
  facet normal 0 0 1
    outer loop
      vertex 65.3526 10.5051 3
      vertex 80.5497 15.2485 3
      vertex 80.6552 15.4369 3
    endloop
  endfacet
  facet normal 0 0 1
    outer loop
      vertex 82.7842 11.2585 3
      vertex 71.7542 0.914388 3
      vertex 71.7901 0 3
    endloop
  endfacet
  facet normal 0 0 1
    outer loop
      vertex 82.7842 11.2585 3
      vertex 71.7538 0.925042 3
      vertex 71.7542 0.914388 3
    endloop
  endfacet
  facet normal 0 0 1
    outer loop
      vertex 82.5698 11.2839 3
      vertex 71.7525 0.93563 3
      vertex 71.7538 0.925042 3
    endloop
  endfacet
  facet normal 0 0 1
    outer loop
      vertex 82.358 11.326 3
      vertex 71.645 1.84438 3
      vertex 71.7525 0.93563 3
    endloop
  endfacet
  facet normal 0 0 1
    outer loop
      vertex 82.1502 11.3846 3
      vertex 71.6429 1.85484 3
      vertex 71.645 1.84438 3
    endloop
  endfacet
  facet normal 0 0 1
    outer loop
      vertex 82.1502 11.3846 3
      vertex 71.4644 2.75235 3
      vertex 71.6429 1.85484 3
    endloop
  endfacet
  facet normal 0 0 1
    outer loop
      vertex 64.5119 10.8927 3
      vertex 80.6552 15.4369 3
      vertex 80.7752 15.6164 3
    endloop
  endfacet
  facet normal 0 0 1
    outer loop
      vertex 81.7515 11.5497 3
      vertex 71.216 3.63309 3
      vertex 71.4644 2.75235 3
    endloop
  endfacet
  facet normal 0 0 1
    outer loop
      vertex 64.5019 10.8963 3
      vertex 80.7752 15.6164 3
      vertex 80.9089 15.786 3
    endloop
  endfacet
  facet normal 0 0 1
    outer loop
      vertex 81.5631 11.6552 3
      vertex 71.2131 3.64335 3
      vertex 71.216 3.63309 3
    endloop
  endfacet
  facet normal 0 0 1
    outer loop
      vertex 81.3836 11.7752 3
      vertex 70.8963 4.50188 3
      vertex 71.2131 3.64335 3
    endloop
  endfacet
  facet normal 0 0 1
    outer loop
      vertex 81.214 11.9089 3
      vertex 70.8927 4.51188 3
      vertex 70.8963 4.50188 3
    endloop
  endfacet
  facet normal 0 0 1
    outer loop
      vertex 81.0555 12.0555 3
      vertex 70.5095 5.34292 3
      vertex 70.8927 4.51188 3
    endloop
  endfacet
  facet normal 0 0 1
    outer loop
      vertex 63.6433 11.2131 3
      vertex 80.9089 15.786 3
      vertex 81.0555 15.9445 3
    endloop
  endfacet
  facet normal 0 0 1
    outer loop
      vertex 81.3836 16.2248 3
      vertex 61.8548 11.6429 3
      vertex 81.214 16.0911 3
    endloop
  endfacet
  facet normal 0 0 1
    outer loop
      vertex 80.9089 12.214 3
      vertex 70.5051 5.3526 3
      vertex 70.5095 5.34292 3
    endloop
  endfacet
  facet normal 0 0 1
    outer loop
      vertex 80.7752 12.3836 3
      vertex 70.4999 5.36191 3
      vertex 70.5051 5.3526 3
    endloop
  endfacet
  facet normal 0 0 1
    outer loop
      vertex 80.7752 12.3836 3
      vertex 70.0527 6.16032 3
      vertex 70.4999 5.36191 3
    endloop
  endfacet
  facet normal 0 0 1
    outer loop
      vertex 80.5497 12.7515 3
      vertex 69.5443 6.9212 3
      vertex 70.0527 6.16032 3
    endloop
  endfacet
  facet normal 0 0 1
    outer loop
      vertex 80.4593 12.9476 3
      vertex 69.5384 6.93006 3
      vertex 69.5443 6.9212 3
    endloop
  endfacet
  facet normal 0 0 1
    outer loop
      vertex 80.3846 13.1502 3
      vertex 69.5318 6.93843 3
      vertex 69.5384 6.93006 3
    endloop
  endfacet
  facet normal 0 0 1
    outer loop
      vertex 80.3846 13.1502 3
      vertex 68.9653 7.65707 3
      vertex 69.5318 6.93843 3
    endloop
  endfacet
  facet normal 0 0 1
    outer loop
      vertex 80.2839 13.5698 3
      vertex 68.958 7.6649 3
      vertex 68.9653 7.65707 3
    endloop
  endfacet
  facet normal 0 0 1
    outer loop
      vertex 80.2839 13.5698 3
      vertex 68.3369 8.33688 3
      vertex 68.958 7.6649 3
    endloop
  endfacet
  facet normal 0 0 1
    outer loop
      vertex 80.25 14 3
      vertex 67.6649 8.95804 3
      vertex 68.3369 8.33688 3
    endloop
  endfacet
  facet normal 0 0 1
    outer loop
      vertex 80.2585 14.2158 3
      vertex 67.6571 8.96528 3
      vertex 67.6649 8.95804 3
    endloop
  endfacet
  facet normal 0 0 1
    outer loop
      vertex 80.2839 14.4302 3
      vertex 66.9384 9.53181 3
      vertex 67.6571 8.96528 3
    endloop
  endfacet
  facet normal 0 0 1
    outer loop
      vertex 80.326 14.642 3
      vertex 66.9301 9.53841 3
      vertex 66.9384 9.53181 3
    endloop
  endfacet
  facet normal 0 0 1
    outer loop
      vertex 80.326 14.642 3
      vertex 66.9212 9.54433 3
      vertex 66.9301 9.53841 3
    endloop
  endfacet
  facet normal 0 0 1
    outer loop
      vertex 80.3846 14.8498 3
      vertex 66.1603 10.0527 3
      vertex 66.9212 9.54433 3
    endloop
  endfacet
  facet normal 0 0 1
    outer loop
      vertex 80.4593 15.0524 3
      vertex 65.3619 10.4999 3
      vertex 66.1603 10.0527 3
    endloop
  endfacet
  facet normal 0 0 1
    outer loop
      vertex 80.5497 15.2485 3
      vertex 65.3526 10.5051 3
      vertex 65.3619 10.4999 3
    endloop
  endfacet
  facet normal 0 0 1
    outer loop
      vertex 80.6552 15.4369 3
      vertex 65.3429 10.5095 3
      vertex 65.3526 10.5051 3
    endloop
  endfacet
  facet normal 0 0 1
    outer loop
      vertex 80.6552 15.4369 3
      vertex 64.5119 10.8927 3
      vertex 65.3429 10.5095 3
    endloop
  endfacet
  facet normal 0 0 1
    outer loop
      vertex 80.7752 15.6164 3
      vertex 64.5019 10.8963 3
      vertex 64.5119 10.8927 3
    endloop
  endfacet
  facet normal 0 0 1
    outer loop
      vertex 80.9089 15.786 3
      vertex 63.6433 11.2131 3
      vertex 64.5019 10.8963 3
    endloop
  endfacet
  facet normal 0 0 1
    outer loop
      vertex 81.0555 15.9445 3
      vertex 63.6331 11.216 3
      vertex 63.6433 11.2131 3
    endloop
  endfacet
  facet normal 0 0 1
    outer loop
      vertex 81.0555 15.9445 3
      vertex 62.7523 11.4644 3
      vertex 63.6331 11.216 3
    endloop
  endfacet
  facet normal 0 0 1
    outer loop
      vertex 81.214 16.0911 3
      vertex 62.7523 11.4644 3
      vertex 81.0555 15.9445 3
    endloop
  endfacet
  facet normal 0 -0 1
    outer loop
      vertex 62.7523 11.4644 3
      vertex 81.214 16.0911 3
      vertex 61.8548 11.6429 3
    endloop
  endfacet
  facet normal 0 0 1
    outer loop
      vertex 87 22 3
      vertex 60.9356 11.7525 3
      vertex 61.8444 11.645 3
    endloop
  endfacet
  facet normal 0 0 1
    outer loop
      vertex 87 22 3
      vertex 60.925 11.7538 3
      vertex 60.9356 11.7525 3
    endloop
  endfacet
  facet normal 0 0 1
    outer loop
      vertex 87 22 3
      vertex 60.9144 11.7542 3
      vertex 60.925 11.7538 3
    endloop
  endfacet
  facet normal 0 0 1
    outer loop
      vertex 87 22 3
      vertex 60 11.7901 3
      vertex 60.9144 11.7542 3
    endloop
  endfacet
  facet normal 0 0 1
    outer loop
      vertex 87 22 3
      vertex 59.0856 11.7542 3
      vertex 60 11.7901 3
    endloop
  endfacet
  facet normal 0 0 1
    outer loop
      vertex 87 22 3
      vertex 59.075 11.7538 3
      vertex 59.0856 11.7542 3
    endloop
  endfacet
  facet normal 0 0 1
    outer loop
      vertex 87 22 3
      vertex 59.0644 11.7525 3
      vertex 59.075 11.7538 3
    endloop
  endfacet
  facet normal 0 0 1
    outer loop
      vertex 87 22 3
      vertex 58.1556 11.645 3
      vertex 59.0644 11.7525 3
    endloop
  endfacet
  facet normal 0 0 1
    outer loop
      vertex 87 22 3
      vertex 58.1452 11.6429 3
      vertex 58.1556 11.645 3
    endloop
  endfacet
  facet normal 0 0 1
    outer loop
      vertex 21.8548 11.6429 3
      vertex 58.1452 11.6429 3
      vertex 87 22 3
    endloop
  endfacet
  facet normal 0 0 1
    outer loop
      vertex 58.1452 11.6429 3
      vertex 21.8548 11.6429 3
      vertex 57.2477 11.4644 3
    endloop
  endfacet
  facet normal 0 0 1
    outer loop
      vertex 57.2477 11.4644 3
      vertex 22.7523 11.4644 3
      vertex 56.3669 11.216 3
    endloop
  endfacet
  facet normal 0 0 1
    outer loop
      vertex 24.5119 10.8927 3
      vertex 55.4981 10.8963 3
      vertex 56.3567 11.2131 3
    endloop
  endfacet
  facet normal 0 0 1
    outer loop
      vertex 26.9384 9.53181 3
      vertex 53.0616 9.53181 3
      vertex 53.0699 9.53841 3
    endloop
  endfacet
  facet normal 0 0 1
    outer loop
      vertex 27.6649 8.95804 3
      vertex 52.3351 8.95804 3
      vertex 52.3429 8.96528 3
    endloop
  endfacet
  facet normal 0 0 1
    outer loop
      vertex 30.4999 5.36191 3
      vertex 49.5001 5.36191 3
      vertex 49.9473 6.16032 3
    endloop
  endfacet
  facet normal 0 0 1
    outer loop
      vertex 30.5095 5.34292 3
      vertex 49.4905 5.34292 3
      vertex 49.4949 5.3526 3
    endloop
  endfacet
  facet normal 0 0 1
    outer loop
      vertex 30.8963 4.50188 3
      vertex 49.1037 4.50188 3
      vertex 49.1073 4.51188 3
    endloop
  endfacet
  facet normal 0 0 1
    outer loop
      vertex 31.7525 0.93563 3
      vertex 48.2475 0.93563 3
      vertex 48.355 1.84438 3
    endloop
  endfacet
  facet normal 0 0 1
    outer loop
      vertex 31.7542 0.914388 3
      vertex 48.2458 0.914388 3
      vertex 48.2462 0.925042 3
    endloop
  endfacet
  facet normal 0 0 1
    outer loop
      vertex 48.2458 0.914388 3
      vertex 31.7901 0 3
      vertex 48.2099 0 3
    endloop
  endfacet
  facet normal 0 0 1
    outer loop
      vertex 48.2475 0.93563 3
      vertex 31.7525 0.93563 3
      vertex 48.2462 0.925042 3
    endloop
  endfacet
  facet normal 0 0 1
    outer loop
      vertex 31.645 1.84438 3
      vertex 48.355 1.84438 3
      vertex 48.3571 1.85484 3
    endloop
  endfacet
  facet normal 0 0 1
    outer loop
      vertex 31.6429 1.85484 3
      vertex 48.3571 1.85484 3
      vertex 48.5356 2.75235 3
    endloop
  endfacet
  facet normal 0 0 1
    outer loop
      vertex 31.4644 2.75235 3
      vertex 48.5356 2.75235 3
      vertex 48.784 3.63309 3
    endloop
  endfacet
  facet normal 0 0 1
    outer loop
      vertex 31.216 3.63309 3
      vertex 48.784 3.63309 3
      vertex 48.7869 3.64335 3
    endloop
  endfacet
  facet normal 0 0 1
    outer loop
      vertex 49.1037 4.50188 3
      vertex 31.2131 3.64335 3
      vertex 48.7869 3.64335 3
    endloop
  endfacet
  facet normal 0 0 1
    outer loop
      vertex 49.4905 5.34292 3
      vertex 30.8927 4.51188 3
      vertex 49.1073 4.51188 3
    endloop
  endfacet
  facet normal 0 0 1
    outer loop
      vertex 49.5001 5.36191 3
      vertex 30.4999 5.36191 3
      vertex 49.4949 5.3526 3
    endloop
  endfacet
  facet normal 0 0 1
    outer loop
      vertex 30.0527 6.16032 3
      vertex 49.9473 6.16032 3
      vertex 50.4557 6.9212 3
    endloop
  endfacet
  facet normal 0 0 1
    outer loop
      vertex 29.5443 6.9212 3
      vertex 50.4557 6.9212 3
      vertex 50.4616 6.93006 3
    endloop
  endfacet
  facet normal 0 0 1
    outer loop
      vertex 29.5384 6.93006 3
      vertex 50.4616 6.93006 3
      vertex 50.4682 6.93843 3
    endloop
  endfacet
  facet normal 0 0 1
    outer loop
      vertex 29.5318 6.93843 3
      vertex 50.4682 6.93843 3
      vertex 51.0347 7.65707 3
    endloop
  endfacet
  facet normal 0 0 1
    outer loop
      vertex 28.9653 7.65707 3
      vertex 51.0347 7.65707 3
      vertex 51.042 7.6649 3
    endloop
  endfacet
  facet normal 0 0 1
    outer loop
      vertex 28.958 7.6649 3
      vertex 51.042 7.6649 3
      vertex 51.6631 8.33688 3
    endloop
  endfacet
  facet normal 0 0 1
    outer loop
      vertex 52.3351 8.95804 3
      vertex 28.3369 8.33688 3
      vertex 51.6631 8.33688 3
    endloop
  endfacet
  facet normal 0 0 1
    outer loop
      vertex 53.0616 9.53181 3
      vertex 27.6571 8.96528 3
      vertex 52.3429 8.96528 3
    endloop
  endfacet
  facet normal 0 0 1
    outer loop
      vertex 26.9301 9.53841 3
      vertex 53.0699 9.53841 3
      vertex 53.0788 9.54433 3
    endloop
  endfacet
  facet normal 0 0 1
    outer loop
      vertex 26.9212 9.54433 3
      vertex 53.0788 9.54433 3
      vertex 53.8397 10.0527 3
    endloop
  endfacet
  facet normal 0 0 1
    outer loop
      vertex 26.1603 10.0527 3
      vertex 53.8397 10.0527 3
      vertex 54.6381 10.4999 3
    endloop
  endfacet
  facet normal 0 0 1
    outer loop
      vertex 25.3619 10.4999 3
      vertex 54.6381 10.4999 3
      vertex 54.6474 10.5051 3
    endloop
  endfacet
  facet normal 0 0 1
    outer loop
      vertex 25.3526 10.5051 3
      vertex 54.6474 10.5051 3
      vertex 54.6571 10.5095 3
    endloop
  endfacet
  facet normal 0 0 1
    outer loop
      vertex 25.3429 10.5095 3
      vertex 54.6571 10.5095 3
      vertex 55.4881 10.8927 3
    endloop
  endfacet
  facet normal 0 0 1
    outer loop
      vertex 48.2458 0.914388 3
      vertex 31.7542 0.914388 3
      vertex 31.7901 0 3
    endloop
  endfacet
  facet normal 0 0 1
    outer loop
      vertex 48.2462 0.925042 3
      vertex 31.7538 0.925042 3
      vertex 31.7542 0.914388 3
    endloop
  endfacet
  facet normal 0 0 1
    outer loop
      vertex 48.2462 0.925042 3
      vertex 31.7525 0.93563 3
      vertex 31.7538 0.925042 3
    endloop
  endfacet
  facet normal 0 0 1
    outer loop
      vertex 48.355 1.84438 3
      vertex 31.645 1.84438 3
      vertex 31.7525 0.93563 3
    endloop
  endfacet
  facet normal 0 0 1
    outer loop
      vertex 48.3571 1.85484 3
      vertex 31.6429 1.85484 3
      vertex 31.645 1.84438 3
    endloop
  endfacet
  facet normal 0 0 1
    outer loop
      vertex 48.5356 2.75235 3
      vertex 31.4644 2.75235 3
      vertex 31.6429 1.85484 3
    endloop
  endfacet
  facet normal 0 0 1
    outer loop
      vertex 55.4981 10.8963 3
      vertex 24.5119 10.8927 3
      vertex 55.4881 10.8927 3
    endloop
  endfacet
  facet normal 0 0 1
    outer loop
      vertex 56.3669 11.216 3
      vertex 22.7523 11.4644 3
      vertex 56.3567 11.2131 3
    endloop
  endfacet
  facet normal 0 0 1
    outer loop
      vertex 48.784 3.63309 3
      vertex 31.216 3.63309 3
      vertex 31.4644 2.75235 3
    endloop
  endfacet
  facet normal 0 0 1
    outer loop
      vertex 48.7869 3.64335 3
      vertex 31.2131 3.64335 3
      vertex 31.216 3.63309 3
    endloop
  endfacet
  facet normal 0 0 1
    outer loop
      vertex 49.1037 4.50188 3
      vertex 30.8963 4.50188 3
      vertex 31.2131 3.64335 3
    endloop
  endfacet
  facet normal 0 0 1
    outer loop
      vertex 49.1073 4.51188 3
      vertex 30.8927 4.51188 3
      vertex 30.8963 4.50188 3
    endloop
  endfacet
  facet normal 0 0 1
    outer loop
      vertex 49.4905 5.34292 3
      vertex 30.5095 5.34292 3
      vertex 30.8927 4.51188 3
    endloop
  endfacet
  facet normal 0 0 1
    outer loop
      vertex 49.4949 5.3526 3
      vertex 30.5051 5.3526 3
      vertex 30.5095 5.34292 3
    endloop
  endfacet
  facet normal 0 0 1
    outer loop
      vertex 49.4949 5.3526 3
      vertex 30.4999 5.36191 3
      vertex 30.5051 5.3526 3
    endloop
  endfacet
  facet normal 0 0 1
    outer loop
      vertex 49.9473 6.16032 3
      vertex 30.0527 6.16032 3
      vertex 30.4999 5.36191 3
    endloop
  endfacet
  facet normal 0 0 1
    outer loop
      vertex 50.4557 6.9212 3
      vertex 29.5443 6.9212 3
      vertex 30.0527 6.16032 3
    endloop
  endfacet
  facet normal 0 0 1
    outer loop
      vertex 50.4616 6.93006 3
      vertex 29.5384 6.93006 3
      vertex 29.5443 6.9212 3
    endloop
  endfacet
  facet normal 0 0 1
    outer loop
      vertex 50.4682 6.93843 3
      vertex 29.5318 6.93843 3
      vertex 29.5384 6.93006 3
    endloop
  endfacet
  facet normal 0 0 1
    outer loop
      vertex 51.0347 7.65707 3
      vertex 28.9653 7.65707 3
      vertex 29.5318 6.93843 3
    endloop
  endfacet
  facet normal 0 0 1
    outer loop
      vertex 51.042 7.6649 3
      vertex 28.958 7.6649 3
      vertex 28.9653 7.65707 3
    endloop
  endfacet
  facet normal 0 0 1
    outer loop
      vertex 51.6631 8.33688 3
      vertex 28.3369 8.33688 3
      vertex 28.958 7.6649 3
    endloop
  endfacet
  facet normal 0 0 1
    outer loop
      vertex 52.3351 8.95804 3
      vertex 27.6649 8.95804 3
      vertex 28.3369 8.33688 3
    endloop
  endfacet
  facet normal 0 0 1
    outer loop
      vertex 52.3429 8.96528 3
      vertex 27.6571 8.96528 3
      vertex 27.6649 8.95804 3
    endloop
  endfacet
  facet normal 0 0 1
    outer loop
      vertex 53.0616 9.53181 3
      vertex 26.9384 9.53181 3
      vertex 27.6571 8.96528 3
    endloop
  endfacet
  facet normal 0 0 1
    outer loop
      vertex 53.0699 9.53841 3
      vertex 26.9301 9.53841 3
      vertex 26.9384 9.53181 3
    endloop
  endfacet
  facet normal 0 0 1
    outer loop
      vertex 53.0788 9.54433 3
      vertex 26.9212 9.54433 3
      vertex 26.9301 9.53841 3
    endloop
  endfacet
  facet normal 0 0 1
    outer loop
      vertex 53.8397 10.0527 3
      vertex 26.1603 10.0527 3
      vertex 26.9212 9.54433 3
    endloop
  endfacet
  facet normal 0 0 1
    outer loop
      vertex 54.6381 10.4999 3
      vertex 25.3619 10.4999 3
      vertex 26.1603 10.0527 3
    endloop
  endfacet
  facet normal 0 0 1
    outer loop
      vertex 54.6474 10.5051 3
      vertex 25.3526 10.5051 3
      vertex 25.3619 10.4999 3
    endloop
  endfacet
  facet normal 0 0 1
    outer loop
      vertex 54.6571 10.5095 3
      vertex 25.3429 10.5095 3
      vertex 25.3526 10.5051 3
    endloop
  endfacet
  facet normal 0 0 1
    outer loop
      vertex 55.4881 10.8927 3
      vertex 24.5119 10.8927 3
      vertex 25.3429 10.5095 3
    endloop
  endfacet
  facet normal 0 0 1
    outer loop
      vertex 56.3567 11.2131 3
      vertex 24.5019 10.8963 3
      vertex 24.5119 10.8927 3
    endloop
  endfacet
  facet normal 0 0 1
    outer loop
      vertex 56.3567 11.2131 3
      vertex 23.6433 11.2131 3
      vertex 24.5019 10.8963 3
    endloop
  endfacet
  facet normal 0 0 1
    outer loop
      vertex 56.3567 11.2131 3
      vertex 23.6331 11.216 3
      vertex 23.6433 11.2131 3
    endloop
  endfacet
  facet normal 0 0 1
    outer loop
      vertex 56.3567 11.2131 3
      vertex 22.7523 11.4644 3
      vertex 23.6331 11.216 3
    endloop
  endfacet
  facet normal 0 0 1
    outer loop
      vertex 57.2477 11.4644 3
      vertex 21.8548 11.6429 3
      vertex 22.7523 11.4644 3
    endloop
  endfacet
  facet normal 0 0 1
    outer loop
      vertex 87 22 3
      vertex 21.8444 11.645 3
      vertex 21.8548 11.6429 3
    endloop
  endfacet
  facet normal 0 0 1
    outer loop
      vertex 87 22 3
      vertex 20.9356 11.7525 3
      vertex 21.8444 11.645 3
    endloop
  endfacet
  facet normal 0 0 1
    outer loop
      vertex 87 22 3
      vertex 20.925 11.7538 3
      vertex 20.9356 11.7525 3
    endloop
  endfacet
  facet normal 0 0 1
    outer loop
      vertex 87 22 3
      vertex 20.9144 11.7542 3
      vertex 20.925 11.7538 3
    endloop
  endfacet
  facet normal 0 0 1
    outer loop
      vertex 87 22 3
      vertex 20 11.7901 3
      vertex 20.9144 11.7542 3
    endloop
  endfacet
  facet normal 0 0 1
    outer loop
      vertex 87 22 3
      vertex 19.0856 11.7542 3
      vertex 20 11.7901 3
    endloop
  endfacet
  facet normal 0 0 1
    outer loop
      vertex 87 22 3
      vertex 19.075 11.7538 3
      vertex 19.0856 11.7542 3
    endloop
  endfacet
  facet normal 0 0 1
    outer loop
      vertex -19.075 11.7538 3
      vertex 19.075 11.7538 3
      vertex 87 22 3
    endloop
  endfacet
  facet normal 0 0 1
    outer loop
      vertex 19.075 11.7538 3
      vertex -19.075 11.7538 3
      vertex 19.0644 11.7525 3
    endloop
  endfacet
  facet normal 0 0 1
    outer loop
      vertex -15.4981 10.8963 3
      vertex 15.4981 10.8963 3
      vertex 16.3567 11.2131 3
    endloop
  endfacet
  facet normal 0 0 1
    outer loop
      vertex -14.6571 10.5095 3
      vertex 14.6571 10.5095 3
      vertex 15.4881 10.8927 3
    endloop
  endfacet
  facet normal 0 0 1
    outer loop
      vertex -14.6381 10.4999 3
      vertex 14.6381 10.4999 3
      vertex 14.6474 10.5051 3
    endloop
  endfacet
  facet normal 0 0 1
    outer loop
      vertex -13.0616 9.53181 3
      vertex 13.0616 9.53181 3
      vertex 13.0699 9.53841 3
    endloop
  endfacet
  facet normal 0 0 1
    outer loop
      vertex -12.3351 8.95804 3
      vertex 12.3351 8.95804 3
      vertex 12.3429 8.96528 3
    endloop
  endfacet
  facet normal 0 0 1
    outer loop
      vertex -11.042 7.6649 3
      vertex 11.042 7.6649 3
      vertex 11.6631 8.33688 3
    endloop
  endfacet
  facet normal 0 0 1
    outer loop
      vertex -10.4682 6.93843 3
      vertex 10.4682 6.93843 3
      vertex 11.0347 7.65707 3
    endloop
  endfacet
  facet normal 0 0 1
    outer loop
      vertex -9.10366 4.50188 3
      vertex 9.10366 4.50188 3
      vertex 9.10735 4.51188 3
    endloop
  endfacet
  facet normal 0 0 1
    outer loop
      vertex 8.2458 0.914388 3
      vertex -8.20988 0 3
      vertex 8.20988 0 3
    endloop
  endfacet
  facet normal 0 0 1
    outer loop
      vertex -8.2458 0.914388 3
      vertex 8.2458 0.914388 3
      vertex 8.24622 0.925042 3
    endloop
  endfacet
  facet normal 0 0 1
    outer loop
      vertex -8.24622 0.925042 3
      vertex 8.24622 0.925042 3
      vertex 8.24747 0.93563 3
    endloop
  endfacet
  facet normal 0 0 1
    outer loop
      vertex -8.24747 0.93563 3
      vertex 8.24747 0.93563 3
      vertex 8.35503 1.84438 3
    endloop
  endfacet
  facet normal 0 0 1
    outer loop
      vertex -8.35503 1.84438 3
      vertex 8.35503 1.84438 3
      vertex 8.35711 1.85484 3
    endloop
  endfacet
  facet normal 0 0 1
    outer loop
      vertex -8.35711 1.85484 3
      vertex 8.35711 1.85484 3
      vertex 8.53564 2.75235 3
    endloop
  endfacet
  facet normal 0 0 1
    outer loop
      vertex -8.53564 2.75235 3
      vertex 8.53564 2.75235 3
      vertex 8.78403 3.63309 3
    endloop
  endfacet
  facet normal 0 0 1
    outer loop
      vertex -8.78403 3.63309 3
      vertex 8.78403 3.63309 3
      vertex 8.78693 3.64335 3
    endloop
  endfacet
  facet normal 0 0 1
    outer loop
      vertex 9.10366 4.50188 3
      vertex -8.78693 3.64335 3
      vertex 8.78693 3.64335 3
    endloop
  endfacet
  facet normal 0 0 1
    outer loop
      vertex -9.10735 4.51188 3
      vertex 9.10735 4.51188 3
      vertex 9.49046 5.34292 3
    endloop
  endfacet
  facet normal 0 0 1
    outer loop
      vertex -9.49046 5.34292 3
      vertex 9.49046 5.34292 3
      vertex 9.49492 5.3526 3
    endloop
  endfacet
  facet normal 0 0 1
    outer loop
      vertex -9.49492 5.3526 3
      vertex 9.49492 5.3526 3
      vertex 9.50013 5.36191 3
    endloop
  endfacet
  facet normal 0 0 1
    outer loop
      vertex -9.50013 5.36191 3
      vertex 9.50013 5.36191 3
      vertex 9.94727 6.16032 3
    endloop
  endfacet
  facet normal 0 0 1
    outer loop
      vertex -9.94727 6.16032 3
      vertex 9.94727 6.16032 3
      vertex 10.4557 6.9212 3
    endloop
  endfacet
  facet normal 0 0 1
    outer loop
      vertex -10.4557 6.9212 3
      vertex 10.4557 6.9212 3
      vertex 10.4616 6.93006 3
    endloop
  endfacet
  facet normal 0 0 1
    outer loop
      vertex 10.4682 6.93843 3
      vertex -10.4682 6.93843 3
      vertex 10.4616 6.93006 3
    endloop
  endfacet
  facet normal 0 0 1
    outer loop
      vertex 11.042 7.6649 3
      vertex -11.042 7.6649 3
      vertex 11.0347 7.65707 3
    endloop
  endfacet
  facet normal 0 0 1
    outer loop
      vertex 12.3351 8.95804 3
      vertex -11.6631 8.33688 3
      vertex 11.6631 8.33688 3
    endloop
  endfacet
  facet normal 0 0 1
    outer loop
      vertex 13.0616 9.53181 3
      vertex -12.3429 8.96528 3
      vertex 12.3429 8.96528 3
    endloop
  endfacet
  facet normal 0 0 1
    outer loop
      vertex -13.0699 9.53841 3
      vertex 13.0699 9.53841 3
      vertex 13.0788 9.54433 3
    endloop
  endfacet
  facet normal 0 0 1
    outer loop
      vertex -13.0788 9.54433 3
      vertex 13.0788 9.54433 3
      vertex 13.8397 10.0527 3
    endloop
  endfacet
  facet normal 0 0 1
    outer loop
      vertex 14.6381 10.4999 3
      vertex -13.8397 10.0527 3
      vertex 13.8397 10.0527 3
    endloop
  endfacet
  facet normal 0 0 1
    outer loop
      vertex 14.6571 10.5095 3
      vertex -14.6571 10.5095 3
      vertex 14.6474 10.5051 3
    endloop
  endfacet
  facet normal 0 0 1
    outer loop
      vertex 8.2458 0.914388 3
      vertex -8.2458 0.914388 3
      vertex -8.20988 0 3
    endloop
  endfacet
  facet normal 0 0 1
    outer loop
      vertex 8.24622 0.925042 3
      vertex -8.24622 0.925042 3
      vertex -8.2458 0.914388 3
    endloop
  endfacet
  facet normal 0 0 1
    outer loop
      vertex 8.24747 0.93563 3
      vertex -8.24747 0.93563 3
      vertex -8.24622 0.925042 3
    endloop
  endfacet
  facet normal 0 0 1
    outer loop
      vertex 8.35503 1.84438 3
      vertex -8.35503 1.84438 3
      vertex -8.24747 0.93563 3
    endloop
  endfacet
  facet normal 0 0 1
    outer loop
      vertex 8.35711 1.85484 3
      vertex -8.35711 1.85484 3
      vertex -8.35503 1.84438 3
    endloop
  endfacet
  facet normal 0 0 1
    outer loop
      vertex 8.53564 2.75235 3
      vertex -8.53564 2.75235 3
      vertex -8.35711 1.85484 3
    endloop
  endfacet
  facet normal 0 0 1
    outer loop
      vertex 15.4981 10.8963 3
      vertex -15.4881 10.8927 3
      vertex 15.4881 10.8927 3
    endloop
  endfacet
  facet normal 0 0 1
    outer loop
      vertex 8.78403 3.63309 3
      vertex -8.78403 3.63309 3
      vertex -8.53564 2.75235 3
    endloop
  endfacet
  facet normal 0 0 1
    outer loop
      vertex 8.78693 3.64335 3
      vertex -8.78693 3.64335 3
      vertex -8.78403 3.63309 3
    endloop
  endfacet
  facet normal 0 0 1
    outer loop
      vertex 9.10366 4.50188 3
      vertex -9.10366 4.50188 3
      vertex -8.78693 3.64335 3
    endloop
  endfacet
  facet normal 0 0 1
    outer loop
      vertex -16.3567 11.2131 3
      vertex 16.3567 11.2131 3
      vertex 16.3669 11.216 3
    endloop
  endfacet
  facet normal 0 0 1
    outer loop
      vertex -16.3567 11.2131 3
      vertex 16.3669 11.216 3
      vertex 17.2477 11.4644 3
    endloop
  endfacet
  facet normal 0 0 1
    outer loop
      vertex 9.10735 4.51188 3
      vertex -9.10735 4.51188 3
      vertex -9.10366 4.50188 3
    endloop
  endfacet
  facet normal 0 0 1
    outer loop
      vertex 9.49046 5.34292 3
      vertex -9.49046 5.34292 3
      vertex -9.10735 4.51188 3
    endloop
  endfacet
  facet normal 0 0 1
    outer loop
      vertex 9.49492 5.3526 3
      vertex -9.49492 5.3526 3
      vertex -9.49046 5.34292 3
    endloop
  endfacet
  facet normal 0 0 1
    outer loop
      vertex 9.50013 5.36191 3
      vertex -9.50013 5.36191 3
      vertex -9.49492 5.3526 3
    endloop
  endfacet
  facet normal 0 0 1
    outer loop
      vertex 9.94727 6.16032 3
      vertex -9.94727 6.16032 3
      vertex -9.50013 5.36191 3
    endloop
  endfacet
  facet normal 0 0 1
    outer loop
      vertex -17.2477 11.4644 3
      vertex 17.2477 11.4644 3
      vertex 18.1452 11.6429 3
    endloop
  endfacet
  facet normal 0 0 1
    outer loop
      vertex -17.2477 11.4644 3
      vertex 18.1452 11.6429 3
      vertex 18.1556 11.645 3
    endloop
  endfacet
  facet normal 0 0 1
    outer loop
      vertex 10.4557 6.9212 3
      vertex -10.4557 6.9212 3
      vertex -9.94727 6.16032 3
    endloop
  endfacet
  facet normal 0 0 1
    outer loop
      vertex 10.4616 6.93006 3
      vertex -10.4616 6.93006 3
      vertex -10.4557 6.9212 3
    endloop
  endfacet
  facet normal 0 0 1
    outer loop
      vertex 10.4616 6.93006 3
      vertex -10.4682 6.93843 3
      vertex -10.4616 6.93006 3
    endloop
  endfacet
  facet normal 0 0 1
    outer loop
      vertex 11.0347 7.65707 3
      vertex -11.0347 7.65707 3
      vertex -10.4682 6.93843 3
    endloop
  endfacet
  facet normal 0 0 1
    outer loop
      vertex 19.0644 11.7525 3
      vertex -19.075 11.7538 3
      vertex 18.1556 11.645 3
    endloop
  endfacet
  facet normal 0 0 1
    outer loop
      vertex 11.0347 7.65707 3
      vertex -11.042 7.6649 3
      vertex -11.0347 7.65707 3
    endloop
  endfacet
  facet normal 0 0 1
    outer loop
      vertex 11.6631 8.33688 3
      vertex -11.6631 8.33688 3
      vertex -11.042 7.6649 3
    endloop
  endfacet
  facet normal 0 0 1
    outer loop
      vertex 12.3351 8.95804 3
      vertex -12.3351 8.95804 3
      vertex -11.6631 8.33688 3
    endloop
  endfacet
  facet normal 0 0 1
    outer loop
      vertex 12.3429 8.96528 3
      vertex -12.3429 8.96528 3
      vertex -12.3351 8.95804 3
    endloop
  endfacet
  facet normal 0 0 1
    outer loop
      vertex 13.0616 9.53181 3
      vertex -13.0616 9.53181 3
      vertex -12.3429 8.96528 3
    endloop
  endfacet
  facet normal 0 0 1
    outer loop
      vertex 13.0699 9.53841 3
      vertex -13.0699 9.53841 3
      vertex -13.0616 9.53181 3
    endloop
  endfacet
  facet normal 0 0 1
    outer loop
      vertex 13.0788 9.54433 3
      vertex -13.0788 9.54433 3
      vertex -13.0699 9.53841 3
    endloop
  endfacet
  facet normal 0 0 1
    outer loop
      vertex 13.8397 10.0527 3
      vertex -13.8397 10.0527 3
      vertex -13.0788 9.54433 3
    endloop
  endfacet
  facet normal 0 0 1
    outer loop
      vertex 14.6381 10.4999 3
      vertex -14.6381 10.4999 3
      vertex -13.8397 10.0527 3
    endloop
  endfacet
  facet normal 0 0 1
    outer loop
      vertex 14.6474 10.5051 3
      vertex -14.6474 10.5051 3
      vertex -14.6381 10.4999 3
    endloop
  endfacet
  facet normal 0 0 1
    outer loop
      vertex 14.6474 10.5051 3
      vertex -14.6571 10.5095 3
      vertex -14.6474 10.5051 3
    endloop
  endfacet
  facet normal 0 0 1
    outer loop
      vertex 15.4881 10.8927 3
      vertex -15.4881 10.8927 3
      vertex -14.6571 10.5095 3
    endloop
  endfacet
  facet normal 0 0 1
    outer loop
      vertex 15.4981 10.8963 3
      vertex -15.4981 10.8963 3
      vertex -15.4881 10.8927 3
    endloop
  endfacet
  facet normal 0 0 1
    outer loop
      vertex 16.3567 11.2131 3
      vertex -16.3567 11.2131 3
      vertex -15.4981 10.8963 3
    endloop
  endfacet
  facet normal 0 0 1
    outer loop
      vertex 17.2477 11.4644 3
      vertex -16.3669 11.216 3
      vertex -16.3567 11.2131 3
    endloop
  endfacet
  facet normal 0 0 1
    outer loop
      vertex 17.2477 11.4644 3
      vertex -17.2477 11.4644 3
      vertex -16.3669 11.216 3
    endloop
  endfacet
  facet normal 0 0 1
    outer loop
      vertex 18.1556 11.645 3
      vertex -18.1452 11.6429 3
      vertex -17.2477 11.4644 3
    endloop
  endfacet
  facet normal 0 0 1
    outer loop
      vertex 18.1556 11.645 3
      vertex -18.1556 11.645 3
      vertex -18.1452 11.6429 3
    endloop
  endfacet
  facet normal 0 0 1
    outer loop
      vertex 18.1556 11.645 3
      vertex -19.0644 11.7525 3
      vertex -18.1556 11.645 3
    endloop
  endfacet
  facet normal 0 0 1
    outer loop
      vertex 18.1556 11.645 3
      vertex -19.075 11.7538 3
      vertex -19.0644 11.7525 3
    endloop
  endfacet
  facet normal -0 0 1
    outer loop
      vertex -87 22 3
      vertex -19.075 11.7538 3
      vertex 87 22 3
    endloop
  endfacet
  facet normal 0 0 1
    outer loop
      vertex -19.075 11.7538 3
      vertex -87 22 3
      vertex -19.0856 11.7542 3
    endloop
  endfacet
  facet normal 0 0 1
    outer loop
      vertex -19.0856 11.7542 3
      vertex -87 22 3
      vertex -20 11.7901 3
    endloop
  endfacet
  facet normal 0 0 1
    outer loop
      vertex -20 11.7901 3
      vertex -87 22 3
      vertex -20.9144 11.7542 3
    endloop
  endfacet
  facet normal 0 0 1
    outer loop
      vertex -55.4881 10.8927 3
      vertex -24.5019 10.8963 3
      vertex -23.6433 11.2131 3
    endloop
  endfacet
  facet normal 0 0 1
    outer loop
      vertex -54.6571 10.5095 3
      vertex -25.3429 10.5095 3
      vertex -24.5119 10.8927 3
    endloop
  endfacet
  facet normal 0 0 1
    outer loop
      vertex -54.6381 10.4999 3
      vertex -25.3619 10.4999 3
      vertex -25.3526 10.5051 3
    endloop
  endfacet
  facet normal 0 0 1
    outer loop
      vertex -53.0616 9.53181 3
      vertex -26.9384 9.53181 3
      vertex -26.9301 9.53841 3
    endloop
  endfacet
  facet normal 0 0 1
    outer loop
      vertex -52.3351 8.95804 3
      vertex -27.6649 8.95804 3
      vertex -27.6571 8.96528 3
    endloop
  endfacet
  facet normal 0 0 1
    outer loop
      vertex -51.042 7.6649 3
      vertex -28.958 7.6649 3
      vertex -28.3369 8.33688 3
    endloop
  endfacet
  facet normal 0 0 1
    outer loop
      vertex -50.4682 6.93843 3
      vertex -29.5318 6.93843 3
      vertex -28.9653 7.65707 3
    endloop
  endfacet
  facet normal 0 0 1
    outer loop
      vertex -49.4905 5.34292 3
      vertex -30.5095 5.34292 3
      vertex -30.5051 5.3526 3
    endloop
  endfacet
  facet normal 0 0 1
    outer loop
      vertex -48.3571 1.85484 3
      vertex -31.6429 1.85484 3
      vertex -31.4644 2.75235 3
    endloop
  endfacet
  facet normal 0 0 1
    outer loop
      vertex -31.7542 0.914388 3
      vertex -48.2099 0 3
      vertex -31.7901 0 3
    endloop
  endfacet
  facet normal 0 0 1
    outer loop
      vertex -48.2458 0.914388 3
      vertex -31.7542 0.914388 3
      vertex -31.7538 0.925042 3
    endloop
  endfacet
  facet normal 0 0 1
    outer loop
      vertex -48.2462 0.925042 3
      vertex -31.7538 0.925042 3
      vertex -31.7525 0.93563 3
    endloop
  endfacet
  facet normal 0 0 1
    outer loop
      vertex -48.2475 0.93563 3
      vertex -31.7525 0.93563 3
      vertex -31.645 1.84438 3
    endloop
  endfacet
  facet normal 0 0 1
    outer loop
      vertex -31.6429 1.85484 3
      vertex -48.3571 1.85484 3
      vertex -31.645 1.84438 3
    endloop
  endfacet
  facet normal 0 0 1
    outer loop
      vertex -48.5356 2.75235 3
      vertex -31.4644 2.75235 3
      vertex -31.216 3.63309 3
    endloop
  endfacet
  facet normal 0 0 1
    outer loop
      vertex -48.784 3.63309 3
      vertex -31.216 3.63309 3
      vertex -31.2131 3.64335 3
    endloop
  endfacet
  facet normal 0 0 1
    outer loop
      vertex -48.7869 3.64335 3
      vertex -31.2131 3.64335 3
      vertex -30.8963 4.50188 3
    endloop
  endfacet
  facet normal 0 0 1
    outer loop
      vertex -49.1037 4.50188 3
      vertex -30.8963 4.50188 3
      vertex -30.8927 4.51188 3
    endloop
  endfacet
  facet normal 0 0 1
    outer loop
      vertex -30.5095 5.34292 3
      vertex -49.1073 4.51188 3
      vertex -30.8927 4.51188 3
    endloop
  endfacet
  facet normal 0 0 1
    outer loop
      vertex -49.4949 5.3526 3
      vertex -30.5051 5.3526 3
      vertex -30.4999 5.36191 3
    endloop
  endfacet
  facet normal 0 0 1
    outer loop
      vertex -49.5001 5.36191 3
      vertex -30.4999 5.36191 3
      vertex -30.0527 6.16032 3
    endloop
  endfacet
  facet normal 0 0 1
    outer loop
      vertex -49.9473 6.16032 3
      vertex -30.0527 6.16032 3
      vertex -29.5443 6.9212 3
    endloop
  endfacet
  facet normal 0 0 1
    outer loop
      vertex -50.4557 6.9212 3
      vertex -29.5443 6.9212 3
      vertex -29.5384 6.93006 3
    endloop
  endfacet
  facet normal 0 0 1
    outer loop
      vertex -29.5318 6.93843 3
      vertex -50.4682 6.93843 3
      vertex -29.5384 6.93006 3
    endloop
  endfacet
  facet normal 0 0 1
    outer loop
      vertex -28.958 7.6649 3
      vertex -51.042 7.6649 3
      vertex -28.9653 7.65707 3
    endloop
  endfacet
  facet normal 0 0 1
    outer loop
      vertex -27.6649 8.95804 3
      vertex -51.6631 8.33688 3
      vertex -28.3369 8.33688 3
    endloop
  endfacet
  facet normal 0 0 1
    outer loop
      vertex -26.9384 9.53181 3
      vertex -52.3429 8.96528 3
      vertex -27.6571 8.96528 3
    endloop
  endfacet
  facet normal 0 0 1
    outer loop
      vertex -53.0699 9.53841 3
      vertex -26.9301 9.53841 3
      vertex -26.9212 9.54433 3
    endloop
  endfacet
  facet normal 0 0 1
    outer loop
      vertex -53.0788 9.54433 3
      vertex -26.9212 9.54433 3
      vertex -26.1603 10.0527 3
    endloop
  endfacet
  facet normal 0 0 1
    outer loop
      vertex -25.3619 10.4999 3
      vertex -53.8397 10.0527 3
      vertex -26.1603 10.0527 3
    endloop
  endfacet
  facet normal 0 0 1
    outer loop
      vertex -25.3429 10.5095 3
      vertex -54.6571 10.5095 3
      vertex -25.3526 10.5051 3
    endloop
  endfacet
  facet normal 0 0 1
    outer loop
      vertex -31.7542 0.914388 3
      vertex -48.2458 0.914388 3
      vertex -48.2099 0 3
    endloop
  endfacet
  facet normal 0 0 1
    outer loop
      vertex -31.7538 0.925042 3
      vertex -48.2462 0.925042 3
      vertex -48.2458 0.914388 3
    endloop
  endfacet
  facet normal 0 0 1
    outer loop
      vertex -31.7525 0.93563 3
      vertex -48.2475 0.93563 3
      vertex -48.2462 0.925042 3
    endloop
  endfacet
  facet normal 0 0 1
    outer loop
      vertex -31.645 1.84438 3
      vertex -48.355 1.84438 3
      vertex -48.2475 0.93563 3
    endloop
  endfacet
  facet normal 0 0 1
    outer loop
      vertex -31.645 1.84438 3
      vertex -48.3571 1.85484 3
      vertex -48.355 1.84438 3
    endloop
  endfacet
  facet normal 0 0 1
    outer loop
      vertex -31.4644 2.75235 3
      vertex -48.5356 2.75235 3
      vertex -48.3571 1.85484 3
    endloop
  endfacet
  facet normal 0 0 1
    outer loop
      vertex -24.5019 10.8963 3
      vertex -55.4881 10.8927 3
      vertex -24.5119 10.8927 3
    endloop
  endfacet
  facet normal 0 0 1
    outer loop
      vertex -31.216 3.63309 3
      vertex -48.784 3.63309 3
      vertex -48.5356 2.75235 3
    endloop
  endfacet
  facet normal 0 0 1
    outer loop
      vertex -31.2131 3.64335 3
      vertex -48.7869 3.64335 3
      vertex -48.784 3.63309 3
    endloop
  endfacet
  facet normal 0 0 1
    outer loop
      vertex -30.8963 4.50188 3
      vertex -49.1037 4.50188 3
      vertex -48.7869 3.64335 3
    endloop
  endfacet
  facet normal 0 0 1
    outer loop
      vertex -56.3567 11.2131 3
      vertex -23.6433 11.2131 3
      vertex -23.6331 11.216 3
    endloop
  endfacet
  facet normal 0 0 1
    outer loop
      vertex -56.3567 11.2131 3
      vertex -23.6331 11.216 3
      vertex -22.7523 11.4644 3
    endloop
  endfacet
  facet normal 0 0 1
    outer loop
      vertex -30.8927 4.51188 3
      vertex -49.1073 4.51188 3
      vertex -49.1037 4.50188 3
    endloop
  endfacet
  facet normal 0 0 1
    outer loop
      vertex -30.5095 5.34292 3
      vertex -49.4905 5.34292 3
      vertex -49.1073 4.51188 3
    endloop
  endfacet
  facet normal 0 0 1
    outer loop
      vertex -30.5051 5.3526 3
      vertex -49.4949 5.3526 3
      vertex -49.4905 5.34292 3
    endloop
  endfacet
  facet normal 0 0 1
    outer loop
      vertex -30.4999 5.36191 3
      vertex -49.5001 5.36191 3
      vertex -49.4949 5.3526 3
    endloop
  endfacet
  facet normal 0 0 1
    outer loop
      vertex -30.0527 6.16032 3
      vertex -49.9473 6.16032 3
      vertex -49.5001 5.36191 3
    endloop
  endfacet
  facet normal 0 0 1
    outer loop
      vertex -57.2477 11.4644 3
      vertex -22.7523 11.4644 3
      vertex -21.8548 11.6429 3
    endloop
  endfacet
  facet normal 0 0 1
    outer loop
      vertex -57.2477 11.4644 3
      vertex -21.8548 11.6429 3
      vertex -21.8444 11.645 3
    endloop
  endfacet
  facet normal 0 0 1
    outer loop
      vertex -29.5443 6.9212 3
      vertex -50.4557 6.9212 3
      vertex -49.9473 6.16032 3
    endloop
  endfacet
  facet normal 0 0 1
    outer loop
      vertex -29.5384 6.93006 3
      vertex -50.4616 6.93006 3
      vertex -50.4557 6.9212 3
    endloop
  endfacet
  facet normal 0 0 1
    outer loop
      vertex -29.5384 6.93006 3
      vertex -50.4682 6.93843 3
      vertex -50.4616 6.93006 3
    endloop
  endfacet
  facet normal 0 0 1
    outer loop
      vertex -28.9653 7.65707 3
      vertex -51.0347 7.65707 3
      vertex -50.4682 6.93843 3
    endloop
  endfacet
  facet normal 0 0 1
    outer loop
      vertex -28.9653 7.65707 3
      vertex -51.042 7.6649 3
      vertex -51.0347 7.65707 3
    endloop
  endfacet
  facet normal 0 0 1
    outer loop
      vertex -28.3369 8.33688 3
      vertex -51.6631 8.33688 3
      vertex -51.042 7.6649 3
    endloop
  endfacet
  facet normal 0 0 1
    outer loop
      vertex -87 22 3
      vertex -21.8444 11.645 3
      vertex -20.9356 11.7525 3
    endloop
  endfacet
  facet normal 0 0 1
    outer loop
      vertex -87 22 3
      vertex -20.9356 11.7525 3
      vertex -20.925 11.7538 3
    endloop
  endfacet
  facet normal 0 0 1
    outer loop
      vertex -27.6649 8.95804 3
      vertex -52.3351 8.95804 3
      vertex -51.6631 8.33688 3
    endloop
  endfacet
  facet normal 0 0 1
    outer loop
      vertex -20.9144 11.7542 3
      vertex -87 22 3
      vertex -20.925 11.7538 3
    endloop
  endfacet
  facet normal 0 0 1
    outer loop
      vertex -27.6571 8.96528 3
      vertex -52.3429 8.96528 3
      vertex -52.3351 8.95804 3
    endloop
  endfacet
  facet normal 0 0 1
    outer loop
      vertex -26.9384 9.53181 3
      vertex -53.0616 9.53181 3
      vertex -52.3429 8.96528 3
    endloop
  endfacet
  facet normal 0 0 1
    outer loop
      vertex -26.9301 9.53841 3
      vertex -53.0699 9.53841 3
      vertex -53.0616 9.53181 3
    endloop
  endfacet
  facet normal 0 0 1
    outer loop
      vertex -26.9212 9.54433 3
      vertex -53.0788 9.54433 3
      vertex -53.0699 9.53841 3
    endloop
  endfacet
  facet normal 0 0 1
    outer loop
      vertex -26.1603 10.0527 3
      vertex -53.8397 10.0527 3
      vertex -53.0788 9.54433 3
    endloop
  endfacet
  facet normal 0 0 1
    outer loop
      vertex -25.3619 10.4999 3
      vertex -54.6381 10.4999 3
      vertex -53.8397 10.0527 3
    endloop
  endfacet
  facet normal 0 0 1
    outer loop
      vertex -25.3526 10.5051 3
      vertex -54.6474 10.5051 3
      vertex -54.6381 10.4999 3
    endloop
  endfacet
  facet normal 0 0 1
    outer loop
      vertex -25.3526 10.5051 3
      vertex -54.6571 10.5095 3
      vertex -54.6474 10.5051 3
    endloop
  endfacet
  facet normal 0 0 1
    outer loop
      vertex -24.5119 10.8927 3
      vertex -55.4881 10.8927 3
      vertex -54.6571 10.5095 3
    endloop
  endfacet
  facet normal 0 0 1
    outer loop
      vertex -23.6433 11.2131 3
      vertex -55.4981 10.8963 3
      vertex -55.4881 10.8927 3
    endloop
  endfacet
  facet normal 0 0 1
    outer loop
      vertex -23.6433 11.2131 3
      vertex -56.3567 11.2131 3
      vertex -55.4981 10.8963 3
    endloop
  endfacet
  facet normal 0 0 1
    outer loop
      vertex -22.7523 11.4644 3
      vertex -56.3669 11.216 3
      vertex -56.3567 11.2131 3
    endloop
  endfacet
  facet normal 0 0 1
    outer loop
      vertex -22.7523 11.4644 3
      vertex -57.2477 11.4644 3
      vertex -56.3669 11.216 3
    endloop
  endfacet
  facet normal 0 0 1
    outer loop
      vertex -21.8444 11.645 3
      vertex -87 22 3
      vertex -58.1452 11.6429 3
    endloop
  endfacet
  facet normal 0 0 1
    outer loop
      vertex -21.8444 11.645 3
      vertex -58.1452 11.6429 3
      vertex -57.2477 11.4644 3
    endloop
  endfacet
  facet normal 0 0 1
    outer loop
      vertex -58.1452 11.6429 3
      vertex -87 22 3
      vertex -58.1556 11.645 3
    endloop
  endfacet
  facet normal 0 0 1
    outer loop
      vertex -58.1556 11.645 3
      vertex -87 22 3
      vertex -59.0644 11.7525 3
    endloop
  endfacet
  facet normal 0 0 1
    outer loop
      vertex -59.0644 11.7525 3
      vertex -87 22 3
      vertex -59.075 11.7538 3
    endloop
  endfacet
  facet normal 0 0 1
    outer loop
      vertex -59.075 11.7538 3
      vertex -87 22 3
      vertex -59.0856 11.7542 3
    endloop
  endfacet
  facet normal 0 0 1
    outer loop
      vertex -59.0856 11.7542 3
      vertex -87 22 3
      vertex -60 11.7901 3
    endloop
  endfacet
  facet normal 0 0 1
    outer loop
      vertex -60 11.7901 3
      vertex -87 22 3
      vertex -60.9144 11.7542 3
    endloop
  endfacet
  facet normal 0 0 1
    outer loop
      vertex -81.3836 16.2248 3
      vertex -61.8548 11.6429 3
      vertex -61.8444 11.645 3
    endloop
  endfacet
  facet normal 0 0 1
    outer loop
      vertex -80.7752 15.6164 3
      vertex -64.5019 10.8963 3
      vertex -63.6433 11.2131 3
    endloop
  endfacet
  facet normal 0 0 1
    outer loop
      vertex -80.2839 14.4302 3
      vertex -66.9384 9.53181 3
      vertex -66.9301 9.53841 3
    endloop
  endfacet
  facet normal 0 0 1
    outer loop
      vertex -80.25 14 3
      vertex -67.6649 8.95804 3
      vertex -67.6571 8.96528 3
    endloop
  endfacet
  facet normal 0 0 1
    outer loop
      vertex -68.3369 8.33688 3
      vertex -80.2839 13.5698 3
      vertex -68.958 7.6649 3
    endloop
  endfacet
  facet normal -0 0 1
    outer loop
      vertex -80.326 13.358 3
      vertex -68.9653 7.65707 3
      vertex -80.2839 13.5698 3
    endloop
  endfacet
  facet normal 0 0 1
    outer loop
      vertex -68.9653 7.65707 3
      vertex -80.3846 13.1502 3
      vertex -69.5318 6.93843 3
    endloop
  endfacet
  facet normal -0 0 1
    outer loop
      vertex -80.4593 12.9476 3
      vertex -69.5384 6.93006 3
      vertex -80.3846 13.1502 3
    endloop
  endfacet
  facet normal -0 0 1
    outer loop
      vertex -80.6552 12.5631 3
      vertex -70.0527 6.16032 3
      vertex -80.5497 12.7515 3
    endloop
  endfacet
  facet normal 0 0 1
    outer loop
      vertex -70.5095 5.34292 3
      vertex -81.0555 12.0555 3
      vertex -70.8927 4.51188 3
    endloop
  endfacet
  facet normal -0 0 1
    outer loop
      vertex -81.0555 12.0555 3
      vertex -70.5095 5.34292 3
      vertex -80.9089 12.214 3
    endloop
  endfacet
  facet normal 0 0 1
    outer loop
      vertex -70.5051 5.3526 3
      vertex -80.9089 12.214 3
      vertex -70.5095 5.34292 3
    endloop
  endfacet
  facet normal -0 0 1
    outer loop
      vertex -80.9089 12.214 3
      vertex -70.5051 5.3526 3
      vertex -80.7752 12.3836 3
    endloop
  endfacet
  facet normal 0 0 1
    outer loop
      vertex -70.4999 5.36191 3
      vertex -80.7752 12.3836 3
      vertex -70.5051 5.3526 3
    endloop
  endfacet
  facet normal 0 0 1
    outer loop
      vertex -70.0527 6.16032 3
      vertex -80.7752 12.3836 3
      vertex -70.4999 5.36191 3
    endloop
  endfacet
  facet normal -0 0 1
    outer loop
      vertex -80.7752 12.3836 3
      vertex -70.0527 6.16032 3
      vertex -80.6552 12.5631 3
    endloop
  endfacet
  facet normal 0 0 1
    outer loop
      vertex -69.5443 6.9212 3
      vertex -80.5497 12.7515 3
      vertex -70.0527 6.16032 3
    endloop
  endfacet
  facet normal -0 0 1
    outer loop
      vertex -80.5497 12.7515 3
      vertex -69.5443 6.9212 3
      vertex -80.4593 12.9476 3
    endloop
  endfacet
  facet normal 0 0 1
    outer loop
      vertex -69.5384 6.93006 3
      vertex -80.4593 12.9476 3
      vertex -69.5443 6.9212 3
    endloop
  endfacet
  facet normal 0 0 1
    outer loop
      vertex -69.5318 6.93843 3
      vertex -80.3846 13.1502 3
      vertex -69.5384 6.93006 3
    endloop
  endfacet
  facet normal -0 0 1
    outer loop
      vertex -80.3846 13.1502 3
      vertex -68.9653 7.65707 3
      vertex -80.326 13.358 3
    endloop
  endfacet
  facet normal 0 0 1
    outer loop
      vertex -68.958 7.6649 3
      vertex -80.2839 13.5698 3
      vertex -68.9653 7.65707 3
    endloop
  endfacet
  facet normal -0 0 1
    outer loop
      vertex -80.2839 13.5698 3
      vertex -68.3369 8.33688 3
      vertex -80.2585 13.7842 3
    endloop
  endfacet
  facet normal -0 0 1
    outer loop
      vertex -80.2585 13.7842 3
      vertex -68.3369 8.33688 3
      vertex -80.25 14 3
    endloop
  endfacet
  facet normal 0 0 1
    outer loop
      vertex -67.6649 8.95804 3
      vertex -80.25 14 3
      vertex -68.3369 8.33688 3
    endloop
  endfacet
  facet normal 0 0 1
    outer loop
      vertex -66.9384 9.53181 3
      vertex -80.2839 14.4302 3
      vertex -67.6571 8.96528 3
    endloop
  endfacet
  facet normal 0 0 1
    outer loop
      vertex -80.326 14.642 3
      vertex -66.9301 9.53841 3
      vertex -66.9212 9.54433 3
    endloop
  endfacet
  facet normal 0 0 1
    outer loop
      vertex -80.3846 14.8498 3
      vertex -66.9212 9.54433 3
      vertex -66.1603 10.0527 3
    endloop
  endfacet
  facet normal 0 0 1
    outer loop
      vertex -80.4593 15.0524 3
      vertex -66.1603 10.0527 3
      vertex -65.3619 10.4999 3
    endloop
  endfacet
  facet normal 0 0 1
    outer loop
      vertex -80.5497 15.2485 3
      vertex -65.3619 10.4999 3
      vertex -65.3526 10.5051 3
    endloop
  endfacet
  facet normal 0 0 1
    outer loop
      vertex -80.6552 15.4369 3
      vertex -65.3526 10.5051 3
      vertex -65.3429 10.5095 3
    endloop
  endfacet
  facet normal 0 0 1
    outer loop
      vertex -80.6552 15.4369 3
      vertex -65.3429 10.5095 3
      vertex -64.5119 10.8927 3
    endloop
  endfacet
  facet normal 0 0 1
    outer loop
      vertex -64.5019 10.8963 3
      vertex -80.7752 15.6164 3
      vertex -64.5119 10.8927 3
    endloop
  endfacet
  facet normal 0 0 1
    outer loop
      vertex -81.0555 15.9445 3
      vertex -63.6433 11.2131 3
      vertex -63.6331 11.216 3
    endloop
  endfacet
  facet normal 0 0 1
    outer loop
      vertex -81.0555 15.9445 3
      vertex -63.6331 11.216 3
      vertex -62.7523 11.4644 3
    endloop
  endfacet
  facet normal 0 0 1
    outer loop
      vertex -61.8548 11.6429 3
      vertex -81.214 16.0911 3
      vertex -62.7523 11.4644 3
    endloop
  endfacet
  facet normal 0 0 1
    outer loop
      vertex -87 22 3
      vertex -61.8444 11.645 3
      vertex -60.9356 11.7525 3
    endloop
  endfacet
  facet normal 0 0 1
    outer loop
      vertex -87 22 3
      vertex -60.9356 11.7525 3
      vertex -60.925 11.7538 3
    endloop
  endfacet
  facet normal 0 0 1
    outer loop
      vertex -60.9144 11.7542 3
      vertex -87 22 3
      vertex -60.925 11.7538 3
    endloop
  endfacet
  facet normal 0 0 1
    outer loop
      vertex -67.6571 8.96528 3
      vertex -80.2585 14.2158 3
      vertex -80.25 14 3
    endloop
  endfacet
  facet normal 0 0 1
    outer loop
      vertex -67.6571 8.96528 3
      vertex -80.2839 14.4302 3
      vertex -80.2585 14.2158 3
    endloop
  endfacet
  facet normal 0 0 1
    outer loop
      vertex -66.9301 9.53841 3
      vertex -80.326 14.642 3
      vertex -80.2839 14.4302 3
    endloop
  endfacet
  facet normal 0 0 1
    outer loop
      vertex -66.9212 9.54433 3
      vertex -80.3846 14.8498 3
      vertex -80.326 14.642 3
    endloop
  endfacet
  facet normal 0 0 1
    outer loop
      vertex -66.1603 10.0527 3
      vertex -80.4593 15.0524 3
      vertex -80.3846 14.8498 3
    endloop
  endfacet
  facet normal 0 0 1
    outer loop
      vertex -65.3619 10.4999 3
      vertex -80.5497 15.2485 3
      vertex -80.4593 15.0524 3
    endloop
  endfacet
  facet normal 0 0 1
    outer loop
      vertex -65.3526 10.5051 3
      vertex -80.6552 15.4369 3
      vertex -80.5497 15.2485 3
    endloop
  endfacet
  facet normal 0 0 1
    outer loop
      vertex -64.5119 10.8927 3
      vertex -80.7752 15.6164 3
      vertex -80.6552 15.4369 3
    endloop
  endfacet
  facet normal 0 0 1
    outer loop
      vertex -63.6433 11.2131 3
      vertex -80.9089 15.786 3
      vertex -80.7752 15.6164 3
    endloop
  endfacet
  facet normal 0 0 1
    outer loop
      vertex -63.6433 11.2131 3
      vertex -81.0555 15.9445 3
      vertex -80.9089 15.786 3
    endloop
  endfacet
  facet normal 0 0 1
    outer loop
      vertex -61.8444 11.645 3
      vertex -87 22 3
      vertex -81.3836 16.2248 3
    endloop
  endfacet
  facet normal 0 0 1
    outer loop
      vertex -62.7523 11.4644 3
      vertex -81.214 16.0911 3
      vertex -81.0555 15.9445 3
    endloop
  endfacet
  facet normal 0 0 1
    outer loop
      vertex -61.8548 11.6429 3
      vertex -81.3836 16.2248 3
      vertex -81.214 16.0911 3
    endloop
  endfacet
  facet normal 0 0 1
    outer loop
      vertex -81.3836 16.2248 3
      vertex -87 22 3
      vertex -81.5631 16.3448 3
    endloop
  endfacet
  facet normal 0 0 1
    outer loop
      vertex -81.5631 16.3448 3
      vertex -87 22 3
      vertex -81.7515 16.4503 3
    endloop
  endfacet
  facet normal 0 0 1
    outer loop
      vertex -81.7515 16.4503 3
      vertex -87 22 3
      vertex -81.9476 16.5407 3
    endloop
  endfacet
  facet normal 0 0 1
    outer loop
      vertex -81.9476 16.5407 3
      vertex -87 22 3
      vertex -82.1502 16.6154 3
    endloop
  endfacet
  facet normal 0 0 1
    outer loop
      vertex -82.1502 16.6154 3
      vertex -87 22 3
      vertex -82.358 16.674 3
    endloop
  endfacet
  facet normal 0 0 1
    outer loop
      vertex -82.358 16.674 3
      vertex -87 22 3
      vertex -82.5698 16.7161 3
    endloop
  endfacet
  facet normal 0 0 1
    outer loop
      vertex -82.5698 16.7161 3
      vertex -87 22 3
      vertex -82.7842 16.7415 3
    endloop
  endfacet
  facet normal 0 0 1
    outer loop
      vertex -85.7415 14.2158 3
      vertex -90 19 3
      vertex -85.75 14 3
    endloop
  endfacet
  facet normal 0 0 1
    outer loop
      vertex -85.7161 14.4302 3
      vertex -90 19 3
      vertex -85.7415 14.2158 3
    endloop
  endfacet
  facet normal 0 0 1
    outer loop
      vertex -85.674 14.642 3
      vertex -90 19 3
      vertex -85.7161 14.4302 3
    endloop
  endfacet
  facet normal 0 0 1
    outer loop
      vertex -85.6154 14.8498 3
      vertex -90 19 3
      vertex -85.674 14.642 3
    endloop
  endfacet
  facet normal 0 0 1
    outer loop
      vertex -85.5407 15.0524 3
      vertex -90 19 3
      vertex -85.6154 14.8498 3
    endloop
  endfacet
  facet normal 0 0 1
    outer loop
      vertex -85.4503 15.2485 3
      vertex -90 19 3
      vertex -85.5407 15.0524 3
    endloop
  endfacet
  facet normal 0 0 1
    outer loop
      vertex -85.3448 15.4369 3
      vertex -90 19 3
      vertex -85.4503 15.2485 3
    endloop
  endfacet
  facet normal 0 0 1
    outer loop
      vertex -85.2248 15.6164 3
      vertex -90 19 3
      vertex -85.3448 15.4369 3
    endloop
  endfacet
  facet normal 0 0 1
    outer loop
      vertex -85.0911 15.786 3
      vertex -90 19 3
      vertex -85.2248 15.6164 3
    endloop
  endfacet
  facet normal 0 0 1
    outer loop
      vertex -84.9445 15.9445 3
      vertex -90 19 3
      vertex -85.0911 15.786 3
    endloop
  endfacet
  facet normal 0 0 1
    outer loop
      vertex -84.786 16.0911 3
      vertex -90 19 3
      vertex -84.9445 15.9445 3
    endloop
  endfacet
  facet normal -0 0 1
    outer loop
      vertex -90 19 3
      vertex -84.786 16.0911 3
      vertex -87 22 3
    endloop
  endfacet
  facet normal 0 0 1
    outer loop
      vertex -84.6164 16.2248 3
      vertex -87 22 3
      vertex -84.786 16.0911 3
    endloop
  endfacet
  facet normal 0 0 1
    outer loop
      vertex -84.4369 16.3448 3
      vertex -87 22 3
      vertex -84.6164 16.2248 3
    endloop
  endfacet
  facet normal 0 0 1
    outer loop
      vertex -84.2485 16.4503 3
      vertex -87 22 3
      vertex -84.4369 16.3448 3
    endloop
  endfacet
  facet normal 0 0 1
    outer loop
      vertex -84.0524 16.5407 3
      vertex -87 22 3
      vertex -84.2485 16.4503 3
    endloop
  endfacet
  facet normal 0 0 1
    outer loop
      vertex -83.8498 16.6154 3
      vertex -87 22 3
      vertex -84.0524 16.5407 3
    endloop
  endfacet
  facet normal 0 0 1
    outer loop
      vertex -83.642 16.674 3
      vertex -87 22 3
      vertex -83.8498 16.6154 3
    endloop
  endfacet
  facet normal 0 0 1
    outer loop
      vertex -83.4302 16.7161 3
      vertex -87 22 3
      vertex -83.642 16.674 3
    endloop
  endfacet
  facet normal 0 0 1
    outer loop
      vertex -83.2158 16.7415 3
      vertex -87 22 3
      vertex -83.4302 16.7161 3
    endloop
  endfacet
  facet normal 0 0 1
    outer loop
      vertex -83 16.75 3
      vertex -87 22 3
      vertex -83.2158 16.7415 3
    endloop
  endfacet
  facet normal 0 0 1
    outer loop
      vertex -82.7842 16.7415 3
      vertex -87 22 3
      vertex -83 16.75 3
    endloop
  endfacet
  facet normal 0 0 1
    outer loop
      vertex 89.427 -20.7634 3
      vertex 84.786 -16.0911 3
      vertex 89.2812 -20.9483 3
    endloop
  endfacet
  facet normal 0 0 1
    outer loop
      vertex 89.2812 -20.9483 3
      vertex 84.786 -16.0911 3
      vertex 89.1213 -21.1213 3
    endloop
  endfacet
  facet normal 0 0 1
    outer loop
      vertex 89.1213 -21.1213 3
      vertex 84.786 -16.0911 3
      vertex 88.9483 -21.2812 3
    endloop
  endfacet
  facet normal 0 0 1
    outer loop
      vertex 88.9483 -21.2812 3
      vertex 84.786 -16.0911 3
      vertex 88.7634 -21.427 3
    endloop
  endfacet
  facet normal 0 0 1
    outer loop
      vertex 88.7634 -21.427 3
      vertex 84.786 -16.0911 3
      vertex 88.5675 -21.5579 3
    endloop
  endfacet
  facet normal 0 0 1
    outer loop
      vertex 88.5675 -21.5579 3
      vertex 84.786 -16.0911 3
      vertex 88.362 -21.673 3
    endloop
  endfacet
  facet normal 0 0 1
    outer loop
      vertex 88.362 -21.673 3
      vertex 84.786 -16.0911 3
      vertex 88.1481 -21.7716 3
    endloop
  endfacet
  facet normal 0 0 1
    outer loop
      vertex 88.1481 -21.7716 3
      vertex 84.786 -16.0911 3
      vertex 87.927 -21.8532 3
    endloop
  endfacet
  facet normal 0 0 1
    outer loop
      vertex 87.927 -21.8532 3
      vertex 84.786 -16.0911 3
      vertex 87.7003 -21.9171 3
    endloop
  endfacet
  facet normal 0 0 1
    outer loop
      vertex 87.7003 -21.9171 3
      vertex 84.786 -16.0911 3
      vertex 87.4693 -21.9631 3
    endloop
  endfacet
  facet normal 0 0 1
    outer loop
      vertex 87.4693 -21.9631 3
      vertex 84.786 -16.0911 3
      vertex 87.2354 -21.9908 3
    endloop
  endfacet
  facet normal 0 0 1
    outer loop
      vertex 87.2354 -21.9908 3
      vertex 84.786 -16.0911 3
      vertex 87 -22 3
    endloop
  endfacet
  facet normal -0 0 1
    outer loop
      vertex 84.6164 -16.2248 3
      vertex 87 -22 3
      vertex 84.786 -16.0911 3
    endloop
  endfacet
  facet normal -0 0 1
    outer loop
      vertex 84.4369 -16.3448 3
      vertex 87 -22 3
      vertex 84.6164 -16.2248 3
    endloop
  endfacet
  facet normal -0 0 1
    outer loop
      vertex 84.2485 -16.4503 3
      vertex 87 -22 3
      vertex 84.4369 -16.3448 3
    endloop
  endfacet
  facet normal -0 0 1
    outer loop
      vertex 84.0524 -16.5407 3
      vertex 87 -22 3
      vertex 84.2485 -16.4503 3
    endloop
  endfacet
  facet normal -0 0 1
    outer loop
      vertex 83.8498 -16.6154 3
      vertex 87 -22 3
      vertex 84.0524 -16.5407 3
    endloop
  endfacet
  facet normal -0 0 1
    outer loop
      vertex 83.642 -16.674 3
      vertex 87 -22 3
      vertex 83.8498 -16.6154 3
    endloop
  endfacet
  facet normal -0 0 1
    outer loop
      vertex 83.4302 -16.7161 3
      vertex 87 -22 3
      vertex 83.642 -16.674 3
    endloop
  endfacet
  facet normal -0 0 1
    outer loop
      vertex 83.2158 -16.7415 3
      vertex 87 -22 3
      vertex 83.4302 -16.7161 3
    endloop
  endfacet
  facet normal -0 0 1
    outer loop
      vertex 83 -16.75 3
      vertex 87 -22 3
      vertex 83.2158 -16.7415 3
    endloop
  endfacet
  facet normal 0 0 1
    outer loop
      vertex 82.7842 -16.7415 3
      vertex 87 -22 3
      vertex 83 -16.75 3
    endloop
  endfacet
  facet normal 0 0 1
    outer loop
      vertex 82.5698 -16.7161 3
      vertex 87 -22 3
      vertex 82.7842 -16.7415 3
    endloop
  endfacet
  facet normal 0 0 1
    outer loop
      vertex 82.358 -16.674 3
      vertex 87 -22 3
      vertex 82.5698 -16.7161 3
    endloop
  endfacet
  facet normal 0 0 1
    outer loop
      vertex 82.1502 -16.6154 3
      vertex 87 -22 3
      vertex 82.358 -16.674 3
    endloop
  endfacet
  facet normal 0 0 1
    outer loop
      vertex 81.9476 -16.5407 3
      vertex 87 -22 3
      vertex 82.1502 -16.6154 3
    endloop
  endfacet
  facet normal 0 0 1
    outer loop
      vertex 81.7515 -16.4503 3
      vertex 87 -22 3
      vertex 81.9476 -16.5407 3
    endloop
  endfacet
  facet normal 0 0 1
    outer loop
      vertex 81.5631 -16.3448 3
      vertex 87 -22 3
      vertex 81.7515 -16.4503 3
    endloop
  endfacet
  facet normal 0 0 1
    outer loop
      vertex 61.8411 -19.4841 3
      vertex 81.5631 -16.3448 3
      vertex 81.3836 -16.2248 3
    endloop
  endfacet
  facet normal 0 0 1
    outer loop
      vertex 61.8411 -19.4841 3
      vertex 81.3836 -16.2248 3
      vertex 81.214 -16.0911 3
    endloop
  endfacet
  facet normal 0 0 1
    outer loop
      vertex 62.2785 -18.7549 3
      vertex 81.214 -16.0911 3
      vertex 81.0555 -15.9445 3
    endloop
  endfacet
  facet normal -0 0 1
    outer loop
      vertex 70.5095 -5.34292 3
      vertex 81.0555 -12.0555 3
      vertex 70.8927 -4.51188 3
    endloop
  endfacet
  facet normal 0 0 1
    outer loop
      vertex 81.0555 -12.0555 3
      vertex 70.5095 -5.34292 3
      vertex 80.9089 -12.214 3
    endloop
  endfacet
  facet normal -0 0 1
    outer loop
      vertex 70.5051 -5.3526 3
      vertex 80.9089 -12.214 3
      vertex 70.5095 -5.34292 3
    endloop
  endfacet
  facet normal 0 0 1
    outer loop
      vertex 80.9089 -12.214 3
      vertex 70.5051 -5.3526 3
      vertex 80.7752 -12.3836 3
    endloop
  endfacet
  facet normal -0 0 1
    outer loop
      vertex 70.4999 -5.36191 3
      vertex 80.7752 -12.3836 3
      vertex 70.5051 -5.3526 3
    endloop
  endfacet
  facet normal -0 0 1
    outer loop
      vertex 70.0527 -6.16032 3
      vertex 80.7752 -12.3836 3
      vertex 70.4999 -5.36191 3
    endloop
  endfacet
  facet normal 0 0 1
    outer loop
      vertex 80.7752 -12.3836 3
      vertex 70.0527 -6.16032 3
      vertex 80.6552 -12.5631 3
    endloop
  endfacet
  facet normal 0 0 1
    outer loop
      vertex 80.6552 -12.5631 3
      vertex 70.0527 -6.16032 3
      vertex 80.5497 -12.7515 3
    endloop
  endfacet
  facet normal -0 0 1
    outer loop
      vertex 69.5443 -6.9212 3
      vertex 80.5497 -12.7515 3
      vertex 70.0527 -6.16032 3
    endloop
  endfacet
  facet normal 0 0 1
    outer loop
      vertex 80.5497 -12.7515 3
      vertex 69.5443 -6.9212 3
      vertex 80.4593 -12.9476 3
    endloop
  endfacet
  facet normal -0 0 1
    outer loop
      vertex 69.5384 -6.93006 3
      vertex 80.4593 -12.9476 3
      vertex 69.5443 -6.9212 3
    endloop
  endfacet
  facet normal 0 0 1
    outer loop
      vertex 80.4593 -12.9476 3
      vertex 69.5384 -6.93006 3
      vertex 80.3846 -13.1502 3
    endloop
  endfacet
  facet normal -0 0 1
    outer loop
      vertex 69.5318 -6.93843 3
      vertex 80.3846 -13.1502 3
      vertex 69.5384 -6.93006 3
    endloop
  endfacet
  facet normal -0 0 1
    outer loop
      vertex 68.9653 -7.65707 3
      vertex 80.3846 -13.1502 3
      vertex 69.5318 -6.93843 3
    endloop
  endfacet
  facet normal 0 0 1
    outer loop
      vertex 80.3846 -13.1502 3
      vertex 68.9653 -7.65707 3
      vertex 80.326 -13.358 3
    endloop
  endfacet
  facet normal 0 0 1
    outer loop
      vertex 80.326 -13.358 3
      vertex 68.9653 -7.65707 3
      vertex 80.2839 -13.5698 3
    endloop
  endfacet
  facet normal -0 0 1
    outer loop
      vertex 68.958 -7.6649 3
      vertex 80.2839 -13.5698 3
      vertex 68.9653 -7.65707 3
    endloop
  endfacet
  facet normal -0 0 1
    outer loop
      vertex 68.3369 -8.33688 3
      vertex 80.2839 -13.5698 3
      vertex 68.958 -7.6649 3
    endloop
  endfacet
  facet normal 0 0 1
    outer loop
      vertex 80.2839 -13.5698 3
      vertex 68.3369 -8.33688 3
      vertex 80.2585 -13.7842 3
    endloop
  endfacet
  facet normal 0 0 1
    outer loop
      vertex 80.2585 -13.7842 3
      vertex 68.3369 -8.33688 3
      vertex 80.25 -14 3
    endloop
  endfacet
  facet normal -0 0 1
    outer loop
      vertex 67.6649 -8.95804 3
      vertex 80.25 -14 3
      vertex 68.3369 -8.33688 3
    endloop
  endfacet
  facet normal 0 0 1
    outer loop
      vertex 80.25 -14 3
      vertex 67.6649 -8.95804 3
      vertex 80.2585 -14.2158 3
    endloop
  endfacet
  facet normal -0 0 1
    outer loop
      vertex 67.6571 -8.96528 3
      vertex 80.2585 -14.2158 3
      vertex 67.6649 -8.95804 3
    endloop
  endfacet
  facet normal 0 0 1
    outer loop
      vertex 80.2585 -14.2158 3
      vertex 67.6571 -8.96528 3
      vertex 80.2839 -14.4302 3
    endloop
  endfacet
  facet normal -0 0 1
    outer loop
      vertex 66.9384 -9.53181 3
      vertex 80.2839 -14.4302 3
      vertex 67.6571 -8.96528 3
    endloop
  endfacet
  facet normal 0 0 1
    outer loop
      vertex 80.2839 -14.4302 3
      vertex 66.9384 -9.53181 3
      vertex 80.326 -14.642 3
    endloop
  endfacet
  facet normal -0 0 1
    outer loop
      vertex 66.9301 -9.53841 3
      vertex 80.326 -14.642 3
      vertex 66.9384 -9.53181 3
    endloop
  endfacet
  facet normal -0 0 1
    outer loop
      vertex 66.9212 -9.54433 3
      vertex 80.326 -14.642 3
      vertex 66.9301 -9.53841 3
    endloop
  endfacet
  facet normal 0 0 1
    outer loop
      vertex 80.326 -14.642 3
      vertex 66.9212 -9.54433 3
      vertex 80.3846 -14.8498 3
    endloop
  endfacet
  facet normal -0 0 1
    outer loop
      vertex 66.1603 -10.0527 3
      vertex 80.3846 -14.8498 3
      vertex 66.9212 -9.54433 3
    endloop
  endfacet
  facet normal 0 0 1
    outer loop
      vertex 62.2785 -18.4257 3
      vertex 80.3846 -14.8498 3
      vertex 66.1603 -10.0527 3
    endloop
  endfacet
  facet normal 0 0 1
    outer loop
      vertex 80.3846 -14.8498 3
      vertex 62.2785 -18.4257 3
      vertex 80.4593 -15.0524 3
    endloop
  endfacet
  facet normal 0 0 1
    outer loop
      vertex 62.2785 -18.7549 3
      vertex 80.4593 -15.0524 3
      vertex 62.2785 -18.4257 3
    endloop
  endfacet
  facet normal 0 0 1
    outer loop
      vertex 80.4593 -15.0524 3
      vertex 62.2785 -18.7549 3
      vertex 80.5497 -15.2485 3
    endloop
  endfacet
  facet normal 0 0 1
    outer loop
      vertex 80.5497 -15.2485 3
      vertex 62.2785 -18.7549 3
      vertex 80.6552 -15.4369 3
    endloop
  endfacet
  facet normal 0 0 1
    outer loop
      vertex 80.7752 -15.6164 3
      vertex 62.2785 -18.7549 3
      vertex 80.9089 -15.786 3
    endloop
  endfacet
  facet normal 0 0 1
    outer loop
      vertex 80.6552 -15.4369 3
      vertex 62.2785 -18.7549 3
      vertex 80.7752 -15.6164 3
    endloop
  endfacet
  facet normal 0 0 1
    outer loop
      vertex 62.2785 -18.4257 3
      vertex 66.1603 -10.0527 3
      vertex 65.3619 -10.4999 3
    endloop
  endfacet
  facet normal 0 0 1
    outer loop
      vertex 62.2785 -18.4257 3
      vertex 65.3619 -10.4999 3
      vertex 65.3526 -10.5051 3
    endloop
  endfacet
  facet normal 0 0 1
    outer loop
      vertex 62.2785 -18.4257 3
      vertex 65.3526 -10.5051 3
      vertex 65.3429 -10.5095 3
    endloop
  endfacet
  facet normal 0 0 1
    outer loop
      vertex 62.2785 -18.4257 3
      vertex 65.3429 -10.5095 3
      vertex 64.5119 -10.8927 3
    endloop
  endfacet
  facet normal 0 0 1
    outer loop
      vertex 62.2785 -18.4257 3
      vertex 64.5119 -10.8927 3
      vertex 64.5019 -10.8963 3
    endloop
  endfacet
  facet normal 0 0 1
    outer loop
      vertex 62.2785 -18.4257 3
      vertex 64.5019 -10.8963 3
      vertex 63.6433 -11.2131 3
    endloop
  endfacet
  facet normal 0 0 1
    outer loop
      vertex 62.2785 -18.4257 3
      vertex 63.6433 -11.2131 3
      vertex 63.6331 -11.216 3
    endloop
  endfacet
  facet normal 0 0 1
    outer loop
      vertex 62.2785 -18.4257 3
      vertex 63.6331 -11.216 3
      vertex 62.7523 -11.4644 3
    endloop
  endfacet
  facet normal 0 0 1
    outer loop
      vertex 80.9089 -15.786 3
      vertex 62.2785 -18.7549 3
      vertex 81.0555 -15.9445 3
    endloop
  endfacet
  facet normal 0 0 1
    outer loop
      vertex 81.214 -16.0911 3
      vertex 62.2785 -18.7549 3
      vertex 61.8411 -19.4841 3
    endloop
  endfacet
  facet normal 0 0 1
    outer loop
      vertex 61.8411 -19.4841 3
      vertex 62.2785 -18.7549 3
      vertex 61.8411 -18.7549 3
    endloop
  endfacet
  facet normal 0 0 1
    outer loop
      vertex 81.5631 -16.3448 3
      vertex 61.8411 -19.4841 3
      vertex 87 -22 3
    endloop
  endfacet
  facet normal -0 0 1
    outer loop
      vertex 61.4744 -19.4841 3
      vertex 87 -22 3
      vertex 61.8411 -19.4841 3
    endloop
  endfacet
  facet normal -0 0 1
    outer loop
      vertex 59.1008 -16.7882 3
      vertex 60.2286 -18.3674 3
      vertex 60.0966 -16.7882 3
    endloop
  endfacet
  facet normal 0 0 1
    outer loop
      vertex 59.1008 -19.4841 3
      vertex 60.2286 -18.3674 3
      vertex 59.1008 -16.7882 3
    endloop
  endfacet
  facet normal 0 0 1
    outer loop
      vertex 60.2286 -18.3674 3
      vertex 59.1008 -19.4841 3
      vertex 60.2286 -18.7549 3
    endloop
  endfacet
  facet normal 0 0 1
    outer loop
      vertex 59.1008 -19.4841 3
      vertex 61.4744 -19.4841 3
      vertex 60.2286 -18.7549 3
    endloop
  endfacet
  facet normal -0 0 1
    outer loop
      vertex 59.1008 -19.4841 3
      vertex 87 -22 3
      vertex 61.4744 -19.4841 3
    endloop
  endfacet
  facet normal -0 0 1
    outer loop
      vertex 58.7132 -19.4841 3
      vertex 87 -22 3
      vertex 59.1008 -19.4841 3
    endloop
  endfacet
  facet normal 0 0 1
    outer loop
      vertex 56.3567 -11.2131 3
      vertex 57.7133 -16.4466 3
      vertex 56.3669 -11.216 3
    endloop
  endfacet
  facet normal 0 0 1
    outer loop
      vertex 55.4981 -10.8963 3
      vertex 57.7133 -16.4466 3
      vertex 56.3567 -11.2131 3
    endloop
  endfacet
  facet normal 0 0 1
    outer loop
      vertex 55.4881 -10.8927 3
      vertex 57.7133 -16.4466 3
      vertex 55.4981 -10.8963 3
    endloop
  endfacet
  facet normal 0 0 1
    outer loop
      vertex 54.6571 -10.5095 3
      vertex 57.7133 -16.4466 3
      vertex 55.4881 -10.8927 3
    endloop
  endfacet
  facet normal 0 0 1
    outer loop
      vertex 54.6474 -10.5051 3
      vertex 57.7133 -16.4466 3
      vertex 54.6571 -10.5095 3
    endloop
  endfacet
  facet normal 0 0 1
    outer loop
      vertex 54.6381 -10.4999 3
      vertex 57.7133 -16.4466 3
      vertex 54.6474 -10.5051 3
    endloop
  endfacet
  facet normal 0 0 1
    outer loop
      vertex 53.8397 -10.0527 3
      vertex 57.7133 -16.4466 3
      vertex 54.6381 -10.4999 3
    endloop
  endfacet
  facet normal 0 0 1
    outer loop
      vertex 57.7133 -16.4466 3
      vertex 53.8397 -10.0527 3
      vertex 57.7133 -16.7882 3
    endloop
  endfacet
  facet normal 0 0 1
    outer loop
      vertex 53.0788 -9.54433 3
      vertex 57.7133 -16.7882 3
      vertex 53.8397 -10.0527 3
    endloop
  endfacet
  facet normal 0 0 1
    outer loop
      vertex 53.0699 -9.53841 3
      vertex 57.7133 -16.7882 3
      vertex 53.0788 -9.54433 3
    endloop
  endfacet
  facet normal 0 0 1
    outer loop
      vertex 53.0616 -9.53181 3
      vertex 57.7133 -16.7882 3
      vertex 53.0699 -9.53841 3
    endloop
  endfacet
  facet normal 0 0 1
    outer loop
      vertex 52.3429 -8.96528 3
      vertex 57.7133 -16.7882 3
      vertex 53.0616 -9.53181 3
    endloop
  endfacet
  facet normal 0 0 1
    outer loop
      vertex 22.1824 -18.8856 3
      vertex 57.7133 -16.7882 3
      vertex 52.3429 -8.96528 3
    endloop
  endfacet
  facet normal 0 0 1
    outer loop
      vertex 22.1824 -18.8856 3
      vertex 52.3429 -8.96528 3
      vertex 52.3351 -8.95804 3
    endloop
  endfacet
  facet normal 0 0 1
    outer loop
      vertex 27.6649 -8.95804 3
      vertex 52.3351 -8.95804 3
      vertex 51.6631 -8.33688 3
    endloop
  endfacet
  facet normal 0 0 1
    outer loop
      vertex 28.3369 -8.33688 3
      vertex 51.6631 -8.33688 3
      vertex 51.042 -7.6649 3
    endloop
  endfacet
  facet normal 0 0 1
    outer loop
      vertex 28.958 -7.6649 3
      vertex 51.042 -7.6649 3
      vertex 51.0347 -7.65707 3
    endloop
  endfacet
  facet normal 0 0 1
    outer loop
      vertex 28.9653 -7.65707 3
      vertex 51.0347 -7.65707 3
      vertex 50.4682 -6.93843 3
    endloop
  endfacet
  facet normal 0 0 1
    outer loop
      vertex 29.5318 -6.93843 3
      vertex 50.4682 -6.93843 3
      vertex 50.4616 -6.93006 3
    endloop
  endfacet
  facet normal 0 0 1
    outer loop
      vertex 29.5384 -6.93006 3
      vertex 50.4616 -6.93006 3
      vertex 50.4557 -6.9212 3
    endloop
  endfacet
  facet normal 0 0 1
    outer loop
      vertex 29.5443 -6.9212 3
      vertex 50.4557 -6.9212 3
      vertex 49.9473 -6.16032 3
    endloop
  endfacet
  facet normal 0 0 1
    outer loop
      vertex 30.4999 -5.36191 3
      vertex 49.5001 -5.36191 3
      vertex 49.4949 -5.3526 3
    endloop
  endfacet
  facet normal -0 0 1
    outer loop
      vertex 30.8927 -4.51188 3
      vertex 49.4905 -5.34292 3
      vertex 49.1073 -4.51188 3
    endloop
  endfacet
  facet normal -0 0 1
    outer loop
      vertex 31.2131 -3.64335 3
      vertex 49.1037 -4.50188 3
      vertex 48.7869 -3.64335 3
    endloop
  endfacet
  facet normal 0 0 1
    outer loop
      vertex 31.7525 -0.93563 3
      vertex 48.2475 -0.93563 3
      vertex 48.2462 -0.925042 3
    endloop
  endfacet
  facet normal -0 0 1
    outer loop
      vertex 31.7901 0 3
      vertex 48.2458 -0.914388 3
      vertex 48.2099 0 3
    endloop
  endfacet
  facet normal 0 0 1
    outer loop
      vertex 31.7542 -0.914388 3
      vertex 48.2458 -0.914388 3
      vertex 31.7901 0 3
    endloop
  endfacet
  facet normal 0 0 1
    outer loop
      vertex 48.2458 -0.914388 3
      vertex 31.7542 -0.914388 3
      vertex 48.2462 -0.925042 3
    endloop
  endfacet
  facet normal 0 0 1
    outer loop
      vertex 31.7538 -0.925042 3
      vertex 48.2462 -0.925042 3
      vertex 31.7542 -0.914388 3
    endloop
  endfacet
  facet normal 0 0 1
    outer loop
      vertex 31.7525 -0.93563 3
      vertex 48.2462 -0.925042 3
      vertex 31.7538 -0.925042 3
    endloop
  endfacet
  facet normal 0 0 1
    outer loop
      vertex 48.2475 -0.93563 3
      vertex 31.7525 -0.93563 3
      vertex 48.355 -1.84438 3
    endloop
  endfacet
  facet normal 0 0 1
    outer loop
      vertex 31.645 -1.84438 3
      vertex 48.355 -1.84438 3
      vertex 31.7525 -0.93563 3
    endloop
  endfacet
  facet normal 0 0 1
    outer loop
      vertex 48.355 -1.84438 3
      vertex 31.645 -1.84438 3
      vertex 48.3571 -1.85484 3
    endloop
  endfacet
  facet normal 0 0 1
    outer loop
      vertex 31.6429 -1.85484 3
      vertex 48.3571 -1.85484 3
      vertex 31.645 -1.84438 3
    endloop
  endfacet
  facet normal 0 0 1
    outer loop
      vertex 48.3571 -1.85484 3
      vertex 31.6429 -1.85484 3
      vertex 48.5356 -2.75235 3
    endloop
  endfacet
  facet normal 0 0 1
    outer loop
      vertex 31.4644 -2.75235 3
      vertex 48.5356 -2.75235 3
      vertex 31.6429 -1.85484 3
    endloop
  endfacet
  facet normal 0 0 1
    outer loop
      vertex 48.5356 -2.75235 3
      vertex 31.4644 -2.75235 3
      vertex 48.784 -3.63309 3
    endloop
  endfacet
  facet normal 0 0 1
    outer loop
      vertex 31.216 -3.63309 3
      vertex 48.784 -3.63309 3
      vertex 31.4644 -2.75235 3
    endloop
  endfacet
  facet normal 0 0 1
    outer loop
      vertex 48.784 -3.63309 3
      vertex 31.216 -3.63309 3
      vertex 48.7869 -3.64335 3
    endloop
  endfacet
  facet normal 0 0 1
    outer loop
      vertex 31.2131 -3.64335 3
      vertex 48.7869 -3.64335 3
      vertex 31.216 -3.63309 3
    endloop
  endfacet
  facet normal 0 0 1
    outer loop
      vertex 30.8963 -4.50188 3
      vertex 49.1037 -4.50188 3
      vertex 31.2131 -3.64335 3
    endloop
  endfacet
  facet normal 0 0 1
    outer loop
      vertex 49.1037 -4.50188 3
      vertex 30.8963 -4.50188 3
      vertex 49.1073 -4.51188 3
    endloop
  endfacet
  facet normal 0 0 1
    outer loop
      vertex 30.8927 -4.51188 3
      vertex 49.1073 -4.51188 3
      vertex 30.8963 -4.50188 3
    endloop
  endfacet
  facet normal 0 0 1
    outer loop
      vertex 30.5095 -5.34292 3
      vertex 49.4905 -5.34292 3
      vertex 30.8927 -4.51188 3
    endloop
  endfacet
  facet normal 0 0 1
    outer loop
      vertex 49.4905 -5.34292 3
      vertex 30.5095 -5.34292 3
      vertex 49.4949 -5.3526 3
    endloop
  endfacet
  facet normal 0 0 1
    outer loop
      vertex 30.5051 -5.3526 3
      vertex 49.4949 -5.3526 3
      vertex 30.5095 -5.34292 3
    endloop
  endfacet
  facet normal 0 0 1
    outer loop
      vertex 30.4999 -5.36191 3
      vertex 49.4949 -5.3526 3
      vertex 30.5051 -5.3526 3
    endloop
  endfacet
  facet normal 0 0 1
    outer loop
      vertex 49.5001 -5.36191 3
      vertex 30.4999 -5.36191 3
      vertex 49.9473 -6.16032 3
    endloop
  endfacet
  facet normal 0 0 1
    outer loop
      vertex 30.0527 -6.16032 3
      vertex 49.9473 -6.16032 3
      vertex 30.4999 -5.36191 3
    endloop
  endfacet
  facet normal 0 0 1
    outer loop
      vertex 29.5443 -6.9212 3
      vertex 49.9473 -6.16032 3
      vertex 30.0527 -6.16032 3
    endloop
  endfacet
  facet normal 0 0 1
    outer loop
      vertex 50.4557 -6.9212 3
      vertex 29.5443 -6.9212 3
      vertex 29.5384 -6.93006 3
    endloop
  endfacet
  facet normal 0 0 1
    outer loop
      vertex 50.4616 -6.93006 3
      vertex 29.5384 -6.93006 3
      vertex 29.5318 -6.93843 3
    endloop
  endfacet
  facet normal 0 0 1
    outer loop
      vertex 50.4682 -6.93843 3
      vertex 29.5318 -6.93843 3
      vertex 28.9653 -7.65707 3
    endloop
  endfacet
  facet normal 0 0 1
    outer loop
      vertex 51.0347 -7.65707 3
      vertex 28.9653 -7.65707 3
      vertex 28.958 -7.6649 3
    endloop
  endfacet
  facet normal 0 0 1
    outer loop
      vertex 51.042 -7.6649 3
      vertex 28.958 -7.6649 3
      vertex 28.3369 -8.33688 3
    endloop
  endfacet
  facet normal 0 0 1
    outer loop
      vertex 51.6631 -8.33688 3
      vertex 28.3369 -8.33688 3
      vertex 27.6649 -8.95804 3
    endloop
  endfacet
  facet normal 0 0 1
    outer loop
      vertex 52.3351 -8.95804 3
      vertex 27.6649 -8.95804 3
      vertex 27.6571 -8.96528 3
    endloop
  endfacet
  facet normal 0 0 1
    outer loop
      vertex 52.3351 -8.95804 3
      vertex 27.6571 -8.96528 3
      vertex 22.2106 -18.746 3
    endloop
  endfacet
  facet normal 0 0 1
    outer loop
      vertex 22.2106 -18.746 3
      vertex 27.6571 -8.96528 3
      vertex 26.9384 -9.53181 3
    endloop
  endfacet
  facet normal 0 0 1
    outer loop
      vertex 22.2202 -18.5955 3
      vertex 26.9384 -9.53181 3
      vertex 26.9301 -9.53841 3
    endloop
  endfacet
  facet normal 0 0 1
    outer loop
      vertex 22.2202 -18.5955 3
      vertex 26.9301 -9.53841 3
      vertex 26.9212 -9.54433 3
    endloop
  endfacet
  facet normal 0 0 1
    outer loop
      vertex 22.2166 -18.4952 3
      vertex 26.9212 -9.54433 3
      vertex 26.1603 -10.0527 3
    endloop
  endfacet
  facet normal 0 0 1
    outer loop
      vertex 22.2166 -18.4952 3
      vertex 26.1603 -10.0527 3
      vertex 25.3619 -10.4999 3
    endloop
  endfacet
  facet normal 0 0 1
    outer loop
      vertex 22.2166 -18.4952 3
      vertex 25.3619 -10.4999 3
      vertex 25.3526 -10.5051 3
    endloop
  endfacet
  facet normal 0 0 1
    outer loop
      vertex 22.2166 -18.4952 3
      vertex 25.3526 -10.5051 3
      vertex 25.3429 -10.5095 3
    endloop
  endfacet
  facet normal 0 0 1
    outer loop
      vertex 22.2166 -18.4952 3
      vertex 25.3429 -10.5095 3
      vertex 24.5119 -10.8927 3
    endloop
  endfacet
  facet normal 0 0 1
    outer loop
      vertex 22.2166 -18.4952 3
      vertex 24.5119 -10.8927 3
      vertex 24.5019 -10.8963 3
    endloop
  endfacet
  facet normal 0 0 1
    outer loop
      vertex 22.2166 -18.4952 3
      vertex 24.5019 -10.8963 3
      vertex 23.6433 -11.2131 3
    endloop
  endfacet
  facet normal 0 0 1
    outer loop
      vertex 22.2166 -18.4952 3
      vertex 23.6433 -11.2131 3
      vertex 23.6331 -11.216 3
    endloop
  endfacet
  facet normal 0 0 1
    outer loop
      vertex 21.9341 -16.686 3
      vertex 23.6331 -11.216 3
      vertex 22.7523 -11.4644 3
    endloop
  endfacet
  facet normal 0 0 1
    outer loop
      vertex 26.9384 -9.53181 3
      vertex 22.2202 -18.5955 3
      vertex 22.2106 -18.746 3
    endloop
  endfacet
  facet normal 0 0 1
    outer loop
      vertex 52.3351 -8.95804 3
      vertex 22.2106 -18.746 3
      vertex 22.1824 -18.8856 3
    endloop
  endfacet
  facet normal 0 0 1
    outer loop
      vertex 57.7133 -16.7882 3
      vertex 22.1824 -18.8856 3
      vertex 58.7132 -19.4841 3
    endloop
  endfacet
  facet normal -0 0 1
    outer loop
      vertex 22.1364 -19.0137 3
      vertex 58.7132 -19.4841 3
      vertex 22.1824 -18.8856 3
    endloop
  endfacet
  facet normal -0 0 1
    outer loop
      vertex 22.0733 -19.1294 3
      vertex 58.7132 -19.4841 3
      vertex 22.1364 -19.0137 3
    endloop
  endfacet
  facet normal -0 0 1
    outer loop
      vertex 21.9939 -19.2321 3
      vertex 58.7132 -19.4841 3
      vertex 22.0733 -19.1294 3
    endloop
  endfacet
  facet normal -0 0 1
    outer loop
      vertex 21.899 -19.321 3
      vertex 58.7132 -19.4841 3
      vertex 21.9939 -19.2321 3
    endloop
  endfacet
  facet normal -0 0 1
    outer loop
      vertex 21.7895 -19.3954 3
      vertex 58.7132 -19.4841 3
      vertex 21.899 -19.321 3
    endloop
  endfacet
  facet normal -0 0 1
    outer loop
      vertex 21.666 -19.4545 3
      vertex 58.7132 -19.4841 3
      vertex 21.7895 -19.3954 3
    endloop
  endfacet
  facet normal 0 0 1
    outer loop
      vertex 21.5295 -19.4976 3
      vertex 58.7132 -19.4841 3
      vertex 21.666 -19.4545 3
    endloop
  endfacet
  facet normal 0 0 1
    outer loop
      vertex 21.3806 -19.524 3
      vertex 58.7132 -19.4841 3
      vertex 21.5295 -19.4976 3
    endloop
  endfacet
  facet normal 0 0 1
    outer loop
      vertex 58.7132 -19.4841 3
      vertex 21.3806 -19.524 3
      vertex 87 -22 3
    endloop
  endfacet
  facet normal -0 0 1
    outer loop
      vertex 21.2202 -19.533 3
      vertex 87 -22 3
      vertex 21.3806 -19.524 3
    endloop
  endfacet
  facet normal 0 0 1
    outer loop
      vertex -17.7798 -19.4799 3
      vertex 21.2202 -19.533 3
      vertex 21.1129 -19.5294 3
    endloop
  endfacet
  facet normal -0 0 1
    outer loop
      vertex 19.1008 -16.7414 3
      vertex 20.3077 -17.3955 3
      vertex 20.0966 -16.7414 3
    endloop
  endfacet
  facet normal 0 0 1
    outer loop
      vertex 20.3077 -17.3955 3
      vertex 19.1008 -16.7414 3
      vertex 20.2452 -18.5622 3
    endloop
  endfacet
  facet normal 0 0 1
    outer loop
      vertex 19.1008 -19.4372 3
      vertex 20.2452 -18.5622 3
      vertex 19.1008 -16.7414 3
    endloop
  endfacet
  facet normal 0 0 1
    outer loop
      vertex 20.2452 -18.5622 3
      vertex 19.1008 -19.4372 3
      vertex 20.2504 -18.6261 3
    endloop
  endfacet
  facet normal 0 0 1
    outer loop
      vertex 20.2504 -18.6261 3
      vertex 19.1008 -19.4372 3
      vertex 20.2568 -18.6861 3
    endloop
  endfacet
  facet normal 0 0 1
    outer loop
      vertex 20.2568 -18.6861 3
      vertex 19.1008 -19.4372 3
      vertex 20.2645 -18.7425 3
    endloop
  endfacet
  facet normal 0 0 1
    outer loop
      vertex 20.2645 -18.7425 3
      vertex 19.1008 -19.4372 3
      vertex 20.2735 -18.7956 3
    endloop
  endfacet
  facet normal 0 0 1
    outer loop
      vertex 20.2735 -18.7956 3
      vertex 19.1008 -19.4372 3
      vertex 20.2838 -18.8456 3
    endloop
  endfacet
  facet normal 0 0 1
    outer loop
      vertex 20.2838 -18.8456 3
      vertex 19.1008 -19.4372 3
      vertex 20.2955 -18.8927 3
    endloop
  endfacet
  facet normal 0 0 1
    outer loop
      vertex 20.2955 -18.8927 3
      vertex 19.1008 -19.4372 3
      vertex 20.3085 -18.9373 3
    endloop
  endfacet
  facet normal 0 0 1
    outer loop
      vertex 20.3085 -18.9373 3
      vertex 19.1008 -19.4372 3
      vertex 20.3229 -18.9797 3
    endloop
  endfacet
  facet normal 0 0 1
    outer loop
      vertex 20.3229 -18.9797 3
      vertex 19.1008 -19.4372 3
      vertex 20.3386 -19.02 3
    endloop
  endfacet
  facet normal 0 0 1
    outer loop
      vertex 20.3386 -19.02 3
      vertex 19.1008 -19.4372 3
      vertex 20.3558 -19.0585 3
    endloop
  endfacet
  facet normal 0 0 1
    outer loop
      vertex 20.3558 -19.0585 3
      vertex 19.1008 -19.4372 3
      vertex 20.3744 -19.0955 3
    endloop
  endfacet
  facet normal 0 0 1
    outer loop
      vertex 19.1008 -19.4372 3
      vertex 20.4197 -19.1714 3
      vertex 20.3744 -19.0955 3
    endloop
  endfacet
  facet normal 0 0 1
    outer loop
      vertex 19.1008 -19.4372 3
      vertex 20.4716 -19.2401 3
      vertex 20.4197 -19.1714 3
    endloop
  endfacet
  facet normal 0 0 1
    outer loop
      vertex 19.1008 -19.4372 3
      vertex 20.5299 -19.3016 3
      vertex 20.4716 -19.2401 3
    endloop
  endfacet
  facet normal 0 0 1
    outer loop
      vertex 19.1008 -19.4372 3
      vertex 20.5947 -19.3558 3
      vertex 20.5299 -19.3016 3
    endloop
  endfacet
  facet normal 0 0 1
    outer loop
      vertex 19.1008 -19.4372 3
      vertex 20.6657 -19.4028 3
      vertex 20.5947 -19.3558 3
    endloop
  endfacet
  facet normal -0 0 1
    outer loop
      vertex 19.1008 -19.4372 3
      vertex 20.743 -19.4426 3
      vertex 20.6657 -19.4028 3
    endloop
  endfacet
  facet normal 0 0 1
    outer loop
      vertex 19.1008 -19.4372 3
      vertex 20.8264 -19.4751 3
      vertex 20.743 -19.4426 3
    endloop
  endfacet
  facet normal 0 0 1
    outer loop
      vertex 19.1008 -19.4372 3
      vertex 20.9159 -19.5005 3
      vertex 20.8264 -19.4751 3
    endloop
  endfacet
  facet normal 0 0 1
    outer loop
      vertex 19.1008 -19.4372 3
      vertex 21.0114 -19.5185 3
      vertex 20.9159 -19.5005 3
    endloop
  endfacet
  facet normal 0 0 1
    outer loop
      vertex 19.1008 -19.4372 3
      vertex 21.1129 -19.5294 3
      vertex 21.0114 -19.5185 3
    endloop
  endfacet
  facet normal -0 0 1
    outer loop
      vertex 18.7132 -19.4372 3
      vertex 21.1129 -19.5294 3
      vertex 19.1008 -19.4372 3
    endloop
  endfacet
  facet normal 0 0 1
    outer loop
      vertex 16.3567 -11.2131 3
      vertex 17.7133 -16.3997 3
      vertex 16.3669 -11.216 3
    endloop
  endfacet
  facet normal 0 0 1
    outer loop
      vertex 15.4981 -10.8963 3
      vertex 17.7133 -16.3997 3
      vertex 16.3567 -11.2131 3
    endloop
  endfacet
  facet normal 0 0 1
    outer loop
      vertex 15.4881 -10.8927 3
      vertex 17.7133 -16.3997 3
      vertex 15.4981 -10.8963 3
    endloop
  endfacet
  facet normal 0 0 1
    outer loop
      vertex 14.6571 -10.5095 3
      vertex 17.7133 -16.3997 3
      vertex 15.4881 -10.8927 3
    endloop
  endfacet
  facet normal 0 0 1
    outer loop
      vertex 14.6474 -10.5051 3
      vertex 17.7133 -16.3997 3
      vertex 14.6571 -10.5095 3
    endloop
  endfacet
  facet normal 0 0 1
    outer loop
      vertex 14.6381 -10.4999 3
      vertex 17.7133 -16.3997 3
      vertex 14.6474 -10.5051 3
    endloop
  endfacet
  facet normal 0 0 1
    outer loop
      vertex 13.8397 -10.0527 3
      vertex 17.7133 -16.3997 3
      vertex 14.6381 -10.4999 3
    endloop
  endfacet
  facet normal 0 0 1
    outer loop
      vertex 17.7133 -16.3997 3
      vertex 13.8397 -10.0527 3
      vertex 17.7133 -16.7414 3
    endloop
  endfacet
  facet normal 0 0 1
    outer loop
      vertex 13.0788 -9.54433 3
      vertex 17.7133 -16.7414 3
      vertex 13.8397 -10.0527 3
    endloop
  endfacet
  facet normal 0 0 1
    outer loop
      vertex 13.0699 -9.53841 3
      vertex 17.7133 -16.7414 3
      vertex 13.0788 -9.54433 3
    endloop
  endfacet
  facet normal 0 0 1
    outer loop
      vertex 13.0616 -9.53181 3
      vertex 17.7133 -16.7414 3
      vertex 13.0699 -9.53841 3
    endloop
  endfacet
  facet normal 0 0 1
    outer loop
      vertex 12.3429 -8.96528 3
      vertex 17.7133 -16.7414 3
      vertex 13.0616 -9.53181 3
    endloop
  endfacet
  facet normal 0 0 1
    outer loop
      vertex -17.7798 -19.4799 3
      vertex 17.7133 -16.7414 3
      vertex 12.3429 -8.96528 3
    endloop
  endfacet
  facet normal 0 0 1
    outer loop
      vertex -17.7798 -19.4799 3
      vertex 12.3429 -8.96528 3
      vertex 12.3351 -8.95804 3
    endloop
  endfacet
  facet normal 0 0 1
    outer loop
      vertex -12.3351 -8.95804 3
      vertex 12.3351 -8.95804 3
      vertex 11.6631 -8.33688 3
    endloop
  endfacet
  facet normal 0 0 1
    outer loop
      vertex -11.6631 -8.33688 3
      vertex 11.6631 -8.33688 3
      vertex 11.042 -7.6649 3
    endloop
  endfacet
  facet normal 0 0 1
    outer loop
      vertex -11.042 -7.6649 3
      vertex 11.042 -7.6649 3
      vertex 11.0347 -7.65707 3
    endloop
  endfacet
  facet normal 0 0 1
    outer loop
      vertex -11.0347 -7.65707 3
      vertex 11.0347 -7.65707 3
      vertex 10.4682 -6.93843 3
    endloop
  endfacet
  facet normal 0 0 1
    outer loop
      vertex -10.4682 -6.93843 3
      vertex 10.4682 -6.93843 3
      vertex 10.4616 -6.93006 3
    endloop
  endfacet
  facet normal 0 0 1
    outer loop
      vertex -10.4616 -6.93006 3
      vertex 10.4616 -6.93006 3
      vertex 10.4557 -6.9212 3
    endloop
  endfacet
  facet normal 0 0 1
    outer loop
      vertex -10.4557 -6.9212 3
      vertex 10.4557 -6.9212 3
      vertex 9.94727 -6.16032 3
    endloop
  endfacet
  facet normal -0 0 1
    outer loop
      vertex -8.78693 -3.64335 3
      vertex 9.10366 -4.50188 3
      vertex 8.78693 -3.64335 3
    endloop
  endfacet
  facet normal -0 0 1
    outer loop
      vertex -8.20988 0 3
      vertex 8.2458 -0.914388 3
      vertex 8.20988 0 3
    endloop
  endfacet
  facet normal 0 0 1
    outer loop
      vertex -8.2458 -0.914388 3
      vertex 8.2458 -0.914388 3
      vertex -8.20988 0 3
    endloop
  endfacet
  facet normal 0 0 1
    outer loop
      vertex 8.2458 -0.914388 3
      vertex -8.2458 -0.914388 3
      vertex 8.24622 -0.925042 3
    endloop
  endfacet
  facet normal 0 0 1
    outer loop
      vertex -8.24622 -0.925042 3
      vertex 8.24622 -0.925042 3
      vertex -8.2458 -0.914388 3
    endloop
  endfacet
  facet normal 0 0 1
    outer loop
      vertex 8.24622 -0.925042 3
      vertex -8.24622 -0.925042 3
      vertex 8.24747 -0.93563 3
    endloop
  endfacet
  facet normal 0 0 1
    outer loop
      vertex -8.24747 -0.93563 3
      vertex 8.24747 -0.93563 3
      vertex -8.24622 -0.925042 3
    endloop
  endfacet
  facet normal 0 0 1
    outer loop
      vertex 8.24747 -0.93563 3
      vertex -8.24747 -0.93563 3
      vertex 8.35503 -1.84438 3
    endloop
  endfacet
  facet normal 0 0 1
    outer loop
      vertex -8.35503 -1.84438 3
      vertex 8.35503 -1.84438 3
      vertex -8.24747 -0.93563 3
    endloop
  endfacet
  facet normal 0 0 1
    outer loop
      vertex 8.35503 -1.84438 3
      vertex -8.35503 -1.84438 3
      vertex 8.35711 -1.85484 3
    endloop
  endfacet
  facet normal 0 0 1
    outer loop
      vertex -8.35711 -1.85484 3
      vertex 8.35711 -1.85484 3
      vertex -8.35503 -1.84438 3
    endloop
  endfacet
  facet normal 0 0 1
    outer loop
      vertex 8.35711 -1.85484 3
      vertex -8.35711 -1.85484 3
      vertex 8.53564 -2.75235 3
    endloop
  endfacet
  facet normal 0 0 1
    outer loop
      vertex -8.53564 -2.75235 3
      vertex 8.53564 -2.75235 3
      vertex -8.35711 -1.85484 3
    endloop
  endfacet
  facet normal 0 0 1
    outer loop
      vertex 8.53564 -2.75235 3
      vertex -8.53564 -2.75235 3
      vertex 8.78403 -3.63309 3
    endloop
  endfacet
  facet normal 0 0 1
    outer loop
      vertex -8.78403 -3.63309 3
      vertex 8.78403 -3.63309 3
      vertex -8.53564 -2.75235 3
    endloop
  endfacet
  facet normal 0 0 1
    outer loop
      vertex 8.78403 -3.63309 3
      vertex -8.78403 -3.63309 3
      vertex 8.78693 -3.64335 3
    endloop
  endfacet
  facet normal 0 0 1
    outer loop
      vertex -8.78693 -3.64335 3
      vertex 8.78693 -3.64335 3
      vertex -8.78403 -3.63309 3
    endloop
  endfacet
  facet normal 0 0 1
    outer loop
      vertex -9.10366 -4.50188 3
      vertex 9.10366 -4.50188 3
      vertex -8.78693 -3.64335 3
    endloop
  endfacet
  facet normal 0 0 1
    outer loop
      vertex 9.10366 -4.50188 3
      vertex -9.10366 -4.50188 3
      vertex 9.10735 -4.51188 3
    endloop
  endfacet
  facet normal 0 0 1
    outer loop
      vertex -9.10735 -4.51188 3
      vertex 9.10735 -4.51188 3
      vertex -9.10366 -4.50188 3
    endloop
  endfacet
  facet normal 0 0 1
    outer loop
      vertex 9.10735 -4.51188 3
      vertex -9.10735 -4.51188 3
      vertex 9.49046 -5.34292 3
    endloop
  endfacet
  facet normal 0 0 1
    outer loop
      vertex -9.49046 -5.34292 3
      vertex 9.49046 -5.34292 3
      vertex -9.10735 -4.51188 3
    endloop
  endfacet
  facet normal 0 0 1
    outer loop
      vertex 9.49046 -5.34292 3
      vertex -9.49046 -5.34292 3
      vertex 9.49492 -5.3526 3
    endloop
  endfacet
  facet normal 0 0 1
    outer loop
      vertex -9.49492 -5.3526 3
      vertex 9.49492 -5.3526 3
      vertex -9.49046 -5.34292 3
    endloop
  endfacet
  facet normal 0 0 1
    outer loop
      vertex 9.49492 -5.3526 3
      vertex -9.49492 -5.3526 3
      vertex 9.50013 -5.36191 3
    endloop
  endfacet
  facet normal 0 0 1
    outer loop
      vertex -9.50013 -5.36191 3
      vertex 9.50013 -5.36191 3
      vertex -9.49492 -5.3526 3
    endloop
  endfacet
  facet normal 0 0 1
    outer loop
      vertex 9.50013 -5.36191 3
      vertex -9.50013 -5.36191 3
      vertex 9.94727 -6.16032 3
    endloop
  endfacet
  facet normal 0 0 1
    outer loop
      vertex -9.94727 -6.16032 3
      vertex 9.94727 -6.16032 3
      vertex -9.50013 -5.36191 3
    endloop
  endfacet
  facet normal 0 0 1
    outer loop
      vertex -10.4557 -6.9212 3
      vertex 9.94727 -6.16032 3
      vertex -9.94727 -6.16032 3
    endloop
  endfacet
  facet normal 0 0 1
    outer loop
      vertex 10.4557 -6.9212 3
      vertex -10.4557 -6.9212 3
      vertex -10.4616 -6.93006 3
    endloop
  endfacet
  facet normal 0 0 1
    outer loop
      vertex 10.4616 -6.93006 3
      vertex -10.4616 -6.93006 3
      vertex -10.4682 -6.93843 3
    endloop
  endfacet
  facet normal 0 0 1
    outer loop
      vertex 10.4682 -6.93843 3
      vertex -10.4682 -6.93843 3
      vertex -11.0347 -7.65707 3
    endloop
  endfacet
  facet normal 0 0 1
    outer loop
      vertex 11.0347 -7.65707 3
      vertex -11.0347 -7.65707 3
      vertex -11.042 -7.6649 3
    endloop
  endfacet
  facet normal 0 0 1
    outer loop
      vertex 11.042 -7.6649 3
      vertex -11.042 -7.6649 3
      vertex -11.6631 -8.33688 3
    endloop
  endfacet
  facet normal 0 0 1
    outer loop
      vertex 11.6631 -8.33688 3
      vertex -11.6631 -8.33688 3
      vertex -12.3351 -8.95804 3
    endloop
  endfacet
  facet normal 0 0 1
    outer loop
      vertex 12.3351 -8.95804 3
      vertex -12.3351 -8.95804 3
      vertex -17.7798 -19.4799 3
    endloop
  endfacet
  facet normal 0 0 1
    outer loop
      vertex -17.7798 -19.4799 3
      vertex -12.3351 -8.95804 3
      vertex -12.3429 -8.96528 3
    endloop
  endfacet
  facet normal 0 0 1
    outer loop
      vertex -17.7798 -19.4799 3
      vertex -12.3429 -8.96528 3
      vertex -13.0616 -9.53181 3
    endloop
  endfacet
  facet normal 0 0 1
    outer loop
      vertex -17.7798 -19.4799 3
      vertex -13.0616 -9.53181 3
      vertex -13.0699 -9.53841 3
    endloop
  endfacet
  facet normal 0 0 1
    outer loop
      vertex -17.7798 -19.1216 3
      vertex -13.0699 -9.53841 3
      vertex -13.0788 -9.54433 3
    endloop
  endfacet
  facet normal 0 0 1
    outer loop
      vertex -17.7642 -17.4503 3
      vertex -13.0788 -9.54433 3
      vertex -13.8397 -10.0527 3
    endloop
  endfacet
  facet normal 0 0 1
    outer loop
      vertex -17.7614 -17.283 3
      vertex -13.8397 -10.0527 3
      vertex -14.6381 -10.4999 3
    endloop
  endfacet
  facet normal 0 0 1
    outer loop
      vertex -17.7614 -17.283 3
      vertex -14.6381 -10.4999 3
      vertex -14.6474 -10.5051 3
    endloop
  endfacet
  facet normal 0 0 1
    outer loop
      vertex -17.7614 -17.283 3
      vertex -14.6474 -10.5051 3
      vertex -14.6571 -10.5095 3
    endloop
  endfacet
  facet normal 0 0 1
    outer loop
      vertex -17.7614 -17.283 3
      vertex -14.6571 -10.5095 3
      vertex -15.4881 -10.8927 3
    endloop
  endfacet
  facet normal 0 0 1
    outer loop
      vertex -17.7614 -17.283 3
      vertex -15.4881 -10.8927 3
      vertex -15.4981 -10.8963 3
    endloop
  endfacet
  facet normal 0 0 1
    outer loop
      vertex -17.7614 -17.283 3
      vertex -15.4981 -10.8963 3
      vertex -16.3567 -11.2131 3
    endloop
  endfacet
  facet normal 0 0 1
    outer loop
      vertex -17.7614 -17.283 3
      vertex -16.3567 -11.2131 3
      vertex -16.3669 -11.216 3
    endloop
  endfacet
  facet normal 0 0 1
    outer loop
      vertex -18.0339 -16.7049 3
      vertex -16.3669 -11.216 3
      vertex -17.2477 -11.4644 3
    endloop
  endfacet
  facet normal 0 0 1
    outer loop
      vertex -13.8397 -10.0527 3
      vertex -17.7589 -17.3507 3
      vertex -17.7642 -17.4503 3
    endloop
  endfacet
  facet normal 0 0 1
    outer loop
      vertex -13.0788 -9.54433 3
      vertex -17.7642 -17.4503 3
      vertex -17.7798 -19.1216 3
    endloop
  endfacet
  facet normal 0 0 1
    outer loop
      vertex -13.0699 -9.53841 3
      vertex -17.7798 -19.1216 3
      vertex -17.7798 -19.4799 3
    endloop
  endfacet
  facet normal 0 0 1
    outer loop
      vertex 17.7133 -16.7414 3
      vertex -17.7798 -19.4799 3
      vertex 18.7132 -19.4372 3
    endloop
  endfacet
  facet normal 0 0 1
    outer loop
      vertex 18.7132 -19.4372 3
      vertex -17.7798 -19.4799 3
      vertex 21.1129 -19.5294 3
    endloop
  endfacet
  facet normal 0 0 1
    outer loop
      vertex 21.2202 -19.533 3
      vertex -17.7798 -19.4799 3
      vertex 87 -22 3
    endloop
  endfacet
  facet normal 0 0 1
    outer loop
      vertex -87 -22 3
      vertex -17.7798 -19.4799 3
      vertex -19.7464 -19.4799 3
    endloop
  endfacet
  facet normal 0 0 1
    outer loop
      vertex -19.6766 -17.4331 3
      vertex -20.8992 -16.7882 3
      vertex -19.6798 -17.5132 3
    endloop
  endfacet
  facet normal 0 0 1
    outer loop
      vertex -19.6798 -17.5132 3
      vertex -20.8992 -16.7882 3
      vertex -20.8992 -19.4841 3
    endloop
  endfacet
  facet normal 0 0 1
    outer loop
      vertex -19.7335 -19.3093 3
      vertex -20.8992 -19.4841 3
      vertex -19.7464 -19.4799 3
    endloop
  endfacet
  facet normal 0 0 1
    outer loop
      vertex -87 -22 3
      vertex -19.7464 -19.4799 3
      vertex -20.8992 -19.4841 3
    endloop
  endfacet
  facet normal 0 0 1
    outer loop
      vertex -87 -22 3
      vertex -20.8992 -19.4841 3
      vertex -21.2868 -19.4841 3
    endloop
  endfacet
  facet normal 0 0 1
    outer loop
      vertex -23.6433 -11.2131 3
      vertex -22.2867 -16.4466 3
      vertex -23.6331 -11.216 3
    endloop
  endfacet
  facet normal 0 0 1
    outer loop
      vertex -24.5019 -10.8963 3
      vertex -22.2867 -16.4466 3
      vertex -23.6433 -11.2131 3
    endloop
  endfacet
  facet normal 0 0 1
    outer loop
      vertex -24.5119 -10.8927 3
      vertex -22.2867 -16.4466 3
      vertex -24.5019 -10.8963 3
    endloop
  endfacet
  facet normal 0 0 1
    outer loop
      vertex -25.3429 -10.5095 3
      vertex -22.2867 -16.4466 3
      vertex -24.5119 -10.8927 3
    endloop
  endfacet
  facet normal 0 0 1
    outer loop
      vertex -25.3526 -10.5051 3
      vertex -22.2867 -16.4466 3
      vertex -25.3429 -10.5095 3
    endloop
  endfacet
  facet normal 0 0 1
    outer loop
      vertex -25.3619 -10.4999 3
      vertex -22.2867 -16.4466 3
      vertex -25.3526 -10.5051 3
    endloop
  endfacet
  facet normal 0 0 1
    outer loop
      vertex -26.1603 -10.0527 3
      vertex -22.2867 -16.4466 3
      vertex -25.3619 -10.4999 3
    endloop
  endfacet
  facet normal 0 0 1
    outer loop
      vertex -22.2867 -16.4466 3
      vertex -26.1603 -10.0527 3
      vertex -22.2867 -16.7882 3
    endloop
  endfacet
  facet normal 0 0 1
    outer loop
      vertex -26.9212 -9.54433 3
      vertex -22.2867 -16.7882 3
      vertex -26.1603 -10.0527 3
    endloop
  endfacet
  facet normal 0 0 1
    outer loop
      vertex -26.9301 -9.53841 3
      vertex -22.2867 -16.7882 3
      vertex -26.9212 -9.54433 3
    endloop
  endfacet
  facet normal 0 0 1
    outer loop
      vertex -26.9384 -9.53181 3
      vertex -22.2867 -16.7882 3
      vertex -26.9301 -9.53841 3
    endloop
  endfacet
  facet normal 0 0 1
    outer loop
      vertex -27.6571 -8.96528 3
      vertex -22.2867 -16.7882 3
      vertex -26.9384 -9.53181 3
    endloop
  endfacet
  facet normal 0 0 1
    outer loop
      vertex -58.4423 -19.4841 3
      vertex -22.2867 -16.7882 3
      vertex -27.6571 -8.96528 3
    endloop
  endfacet
  facet normal 0 0 1
    outer loop
      vertex -52.3429 -8.96528 3
      vertex -27.6571 -8.96528 3
      vertex -27.6649 -8.95804 3
    endloop
  endfacet
  facet normal 0 0 1
    outer loop
      vertex -52.3351 -8.95804 3
      vertex -27.6649 -8.95804 3
      vertex -28.3369 -8.33688 3
    endloop
  endfacet
  facet normal 0 0 1
    outer loop
      vertex -51.6631 -8.33688 3
      vertex -28.3369 -8.33688 3
      vertex -28.958 -7.6649 3
    endloop
  endfacet
  facet normal 0 0 1
    outer loop
      vertex -51.042 -7.6649 3
      vertex -28.958 -7.6649 3
      vertex -28.9653 -7.65707 3
    endloop
  endfacet
  facet normal 0 0 1
    outer loop
      vertex -51.0347 -7.65707 3
      vertex -28.9653 -7.65707 3
      vertex -29.5318 -6.93843 3
    endloop
  endfacet
  facet normal 0 0 1
    outer loop
      vertex -50.4682 -6.93843 3
      vertex -29.5318 -6.93843 3
      vertex -29.5384 -6.93006 3
    endloop
  endfacet
  facet normal 0 0 1
    outer loop
      vertex -50.4616 -6.93006 3
      vertex -29.5384 -6.93006 3
      vertex -29.5443 -6.9212 3
    endloop
  endfacet
  facet normal 0 0 1
    outer loop
      vertex -50.4557 -6.9212 3
      vertex -29.5443 -6.9212 3
      vertex -30.0527 -6.16032 3
    endloop
  endfacet
  facet normal -0 0 1
    outer loop
      vertex -49.1073 -4.51188 3
      vertex -30.5095 -5.34292 3
      vertex -30.8927 -4.51188 3
    endloop
  endfacet
  facet normal 0 0 1
    outer loop
      vertex -48.3571 -1.85484 3
      vertex -31.6429 -1.85484 3
      vertex -31.645 -1.84438 3
    endloop
  endfacet
  facet normal -0 0 1
    outer loop
      vertex -48.2099 0 3
      vertex -31.7542 -0.914388 3
      vertex -31.7901 0 3
    endloop
  endfacet
  facet normal 0 0 1
    outer loop
      vertex -48.2458 -0.914388 3
      vertex -31.7542 -0.914388 3
      vertex -48.2099 0 3
    endloop
  endfacet
  facet normal 0 0 1
    outer loop
      vertex -31.7542 -0.914388 3
      vertex -48.2458 -0.914388 3
      vertex -31.7538 -0.925042 3
    endloop
  endfacet
  facet normal 0 0 1
    outer loop
      vertex -48.2462 -0.925042 3
      vertex -31.7538 -0.925042 3
      vertex -48.2458 -0.914388 3
    endloop
  endfacet
  facet normal 0 0 1
    outer loop
      vertex -31.7538 -0.925042 3
      vertex -48.2462 -0.925042 3
      vertex -31.7525 -0.93563 3
    endloop
  endfacet
  facet normal 0 0 1
    outer loop
      vertex -48.2475 -0.93563 3
      vertex -31.7525 -0.93563 3
      vertex -48.2462 -0.925042 3
    endloop
  endfacet
  facet normal 0 0 1
    outer loop
      vertex -31.7525 -0.93563 3
      vertex -48.2475 -0.93563 3
      vertex -31.645 -1.84438 3
    endloop
  endfacet
  facet normal 0 0 1
    outer loop
      vertex -48.355 -1.84438 3
      vertex -31.645 -1.84438 3
      vertex -48.2475 -0.93563 3
    endloop
  endfacet
  facet normal 0 0 1
    outer loop
      vertex -48.3571 -1.85484 3
      vertex -31.645 -1.84438 3
      vertex -48.355 -1.84438 3
    endloop
  endfacet
  facet normal 0 0 1
    outer loop
      vertex -31.6429 -1.85484 3
      vertex -48.3571 -1.85484 3
      vertex -31.4644 -2.75235 3
    endloop
  endfacet
  facet normal 0 0 1
    outer loop
      vertex -48.5356 -2.75235 3
      vertex -31.4644 -2.75235 3
      vertex -48.3571 -1.85484 3
    endloop
  endfacet
  facet normal 0 0 1
    outer loop
      vertex -31.4644 -2.75235 3
      vertex -48.5356 -2.75235 3
      vertex -31.216 -3.63309 3
    endloop
  endfacet
  facet normal 0 0 1
    outer loop
      vertex -48.784 -3.63309 3
      vertex -31.216 -3.63309 3
      vertex -48.5356 -2.75235 3
    endloop
  endfacet
  facet normal 0 0 1
    outer loop
      vertex -31.216 -3.63309 3
      vertex -48.784 -3.63309 3
      vertex -31.2131 -3.64335 3
    endloop
  endfacet
  facet normal 0 0 1
    outer loop
      vertex -48.7869 -3.64335 3
      vertex -31.2131 -3.64335 3
      vertex -48.784 -3.63309 3
    endloop
  endfacet
  facet normal 0 0 1
    outer loop
      vertex -31.2131 -3.64335 3
      vertex -48.7869 -3.64335 3
      vertex -30.8963 -4.50188 3
    endloop
  endfacet
  facet normal 0 0 1
    outer loop
      vertex -49.1037 -4.50188 3
      vertex -30.8963 -4.50188 3
      vertex -48.7869 -3.64335 3
    endloop
  endfacet
  facet normal 0 0 1
    outer loop
      vertex -30.8963 -4.50188 3
      vertex -49.1037 -4.50188 3
      vertex -30.8927 -4.51188 3
    endloop
  endfacet
  facet normal 0 0 1
    outer loop
      vertex -49.1073 -4.51188 3
      vertex -30.8927 -4.51188 3
      vertex -49.1037 -4.50188 3
    endloop
  endfacet
  facet normal 0 0 1
    outer loop
      vertex -49.4905 -5.34292 3
      vertex -30.5095 -5.34292 3
      vertex -49.1073 -4.51188 3
    endloop
  endfacet
  facet normal 0 0 1
    outer loop
      vertex -30.5095 -5.34292 3
      vertex -49.4905 -5.34292 3
      vertex -30.5051 -5.3526 3
    endloop
  endfacet
  facet normal 0 0 1
    outer loop
      vertex -49.4949 -5.3526 3
      vertex -30.5051 -5.3526 3
      vertex -49.4905 -5.34292 3
    endloop
  endfacet
  facet normal 0 0 1
    outer loop
      vertex -30.5051 -5.3526 3
      vertex -49.4949 -5.3526 3
      vertex -30.4999 -5.36191 3
    endloop
  endfacet
  facet normal 0 0 1
    outer loop
      vertex -49.5001 -5.36191 3
      vertex -30.4999 -5.36191 3
      vertex -49.4949 -5.3526 3
    endloop
  endfacet
  facet normal 0 0 1
    outer loop
      vertex -30.4999 -5.36191 3
      vertex -49.5001 -5.36191 3
      vertex -30.0527 -6.16032 3
    endloop
  endfacet
  facet normal 0 0 1
    outer loop
      vertex -49.9473 -6.16032 3
      vertex -30.0527 -6.16032 3
      vertex -49.5001 -5.36191 3
    endloop
  endfacet
  facet normal 0 0 1
    outer loop
      vertex -50.4557 -6.9212 3
      vertex -30.0527 -6.16032 3
      vertex -49.9473 -6.16032 3
    endloop
  endfacet
  facet normal 0 0 1
    outer loop
      vertex -29.5443 -6.9212 3
      vertex -50.4557 -6.9212 3
      vertex -50.4616 -6.93006 3
    endloop
  endfacet
  facet normal 0 0 1
    outer loop
      vertex -29.5384 -6.93006 3
      vertex -50.4616 -6.93006 3
      vertex -50.4682 -6.93843 3
    endloop
  endfacet
  facet normal 0 0 1
    outer loop
      vertex -29.5318 -6.93843 3
      vertex -50.4682 -6.93843 3
      vertex -51.0347 -7.65707 3
    endloop
  endfacet
  facet normal 0 0 1
    outer loop
      vertex -28.9653 -7.65707 3
      vertex -51.0347 -7.65707 3
      vertex -51.042 -7.6649 3
    endloop
  endfacet
  facet normal 0 0 1
    outer loop
      vertex -28.958 -7.6649 3
      vertex -51.042 -7.6649 3
      vertex -51.6631 -8.33688 3
    endloop
  endfacet
  facet normal 0 0 1
    outer loop
      vertex -28.3369 -8.33688 3
      vertex -51.6631 -8.33688 3
      vertex -52.3351 -8.95804 3
    endloop
  endfacet
  facet normal 0 0 1
    outer loop
      vertex -27.6649 -8.95804 3
      vertex -52.3351 -8.95804 3
      vertex -52.3429 -8.96528 3
    endloop
  endfacet
  facet normal 0 0 1
    outer loop
      vertex -27.6571 -8.96528 3
      vertex -52.3429 -8.96528 3
      vertex -58.4423 -19.4841 3
    endloop
  endfacet
  facet normal 0 0 1
    outer loop
      vertex -58.4423 -19.4841 3
      vertex -52.3429 -8.96528 3
      vertex -53.0616 -9.53181 3
    endloop
  endfacet
  facet normal 0 0 1
    outer loop
      vertex -58.4423 -19.4841 3
      vertex -53.0616 -9.53181 3
      vertex -53.0699 -9.53841 3
    endloop
  endfacet
  facet normal 0 0 1
    outer loop
      vertex -58.4423 -19.4841 3
      vertex -53.0699 -9.53841 3
      vertex -53.0788 -9.54433 3
    endloop
  endfacet
  facet normal 0 0 1
    outer loop
      vertex -58.4423 -19.4841 3
      vertex -53.0788 -9.54433 3
      vertex -53.8397 -10.0527 3
    endloop
  endfacet
  facet normal 0 0 1
    outer loop
      vertex -58.4423 -16.4716 3
      vertex -53.8397 -10.0527 3
      vertex -54.6381 -10.4999 3
    endloop
  endfacet
  facet normal 0 0 1
    outer loop
      vertex -58.4423 -16.4716 3
      vertex -54.6381 -10.4999 3
      vertex -54.6474 -10.5051 3
    endloop
  endfacet
  facet normal 0 0 1
    outer loop
      vertex -58.4423 -16.4716 3
      vertex -54.6474 -10.5051 3
      vertex -54.6571 -10.5095 3
    endloop
  endfacet
  facet normal 0 0 1
    outer loop
      vertex -58.4423 -16.4716 3
      vertex -54.6571 -10.5095 3
      vertex -55.4881 -10.8927 3
    endloop
  endfacet
  facet normal 0 0 1
    outer loop
      vertex -58.4423 -16.4716 3
      vertex -55.4881 -10.8927 3
      vertex -55.4981 -10.8963 3
    endloop
  endfacet
  facet normal 0 0 1
    outer loop
      vertex -58.4423 -16.4716 3
      vertex -55.4981 -10.8963 3
      vertex -56.3567 -11.2131 3
    endloop
  endfacet
  facet normal 0 0 1
    outer loop
      vertex -58.4423 -16.4716 3
      vertex -56.3567 -11.2131 3
      vertex -56.3669 -11.216 3
    endloop
  endfacet
  facet normal 0 0 1
    outer loop
      vertex -58.4423 -16.4716 3
      vertex -56.3669 -11.216 3
      vertex -57.2477 -11.4644 3
    endloop
  endfacet
  facet normal 0 0 1
    outer loop
      vertex -58.4423 -16.4716 3
      vertex -57.2477 -11.4644 3
      vertex -58.1452 -11.6429 3
    endloop
  endfacet
  facet normal 0 0 1
    outer loop
      vertex -58.4423 -16.4716 3
      vertex -58.1452 -11.6429 3
      vertex -58.1556 -11.645 3
    endloop
  endfacet
  facet normal 0 0 1
    outer loop
      vertex -53.8397 -10.0527 3
      vertex -58.4423 -16.4716 3
      vertex -58.4423 -19.4841 3
    endloop
  endfacet
  facet normal 0 0 1
    outer loop
      vertex -22.2867 -16.7882 3
      vertex -58.4423 -19.4841 3
      vertex -21.2868 -19.4841 3
    endloop
  endfacet
  facet normal 0 0 1
    outer loop
      vertex -87 -22 3
      vertex -21.2868 -19.4841 3
      vertex -58.4423 -19.4841 3
    endloop
  endfacet
  facet normal 0 0 1
    outer loop
      vertex -87 -22 3
      vertex -58.4423 -19.4841 3
      vertex -58.8089 -19.4841 3
    endloop
  endfacet
  facet normal 0 0 1
    outer loop
      vertex -59.4631 -17.0716 3
      vertex -59.9034 -16.7882 3
      vertex -59.4631 -17.3382 3
    endloop
  endfacet
  facet normal -0 0 1
    outer loop
      vertex -60.8992 -16.7882 3
      vertex -59.4631 -17.3382 3
      vertex -59.9034 -16.7882 3
    endloop
  endfacet
  facet normal 0 0 1
    outer loop
      vertex -59.4631 -17.3382 3
      vertex -60.8992 -16.7882 3
      vertex -60.8992 -19.4841 3
    endloop
  endfacet
  facet normal 0 0 1
    outer loop
      vertex -59.4631 -17.3382 3
      vertex -60.8992 -19.4841 3
      vertex -58.8089 -19.4841 3
    endloop
  endfacet
  facet normal 0 0 1
    outer loop
      vertex -87 -22 3
      vertex -58.8089 -19.4841 3
      vertex -60.8992 -19.4841 3
    endloop
  endfacet
  facet normal 0 0 1
    outer loop
      vertex -87 -22 3
      vertex -60.8992 -19.4841 3
      vertex -61.2868 -19.4841 3
    endloop
  endfacet
  facet normal 0 0 1
    outer loop
      vertex -63.6433 -11.2131 3
      vertex -62.2867 -16.4466 3
      vertex -63.6331 -11.216 3
    endloop
  endfacet
  facet normal 0 0 1
    outer loop
      vertex -64.5019 -10.8963 3
      vertex -62.2867 -16.4466 3
      vertex -63.6433 -11.2131 3
    endloop
  endfacet
  facet normal 0 0 1
    outer loop
      vertex -64.5119 -10.8927 3
      vertex -62.2867 -16.4466 3
      vertex -64.5019 -10.8963 3
    endloop
  endfacet
  facet normal 0 0 1
    outer loop
      vertex -65.3429 -10.5095 3
      vertex -62.2867 -16.4466 3
      vertex -64.5119 -10.8927 3
    endloop
  endfacet
  facet normal 0 0 1
    outer loop
      vertex -65.3526 -10.5051 3
      vertex -62.2867 -16.4466 3
      vertex -65.3429 -10.5095 3
    endloop
  endfacet
  facet normal 0 0 1
    outer loop
      vertex -65.3619 -10.4999 3
      vertex -62.2867 -16.4466 3
      vertex -65.3526 -10.5051 3
    endloop
  endfacet
  facet normal 0 0 1
    outer loop
      vertex -66.1603 -10.0527 3
      vertex -62.2867 -16.4466 3
      vertex -65.3619 -10.4999 3
    endloop
  endfacet
  facet normal 0 0 1
    outer loop
      vertex -62.2867 -16.4466 3
      vertex -66.1603 -10.0527 3
      vertex -62.2867 -16.7882 3
    endloop
  endfacet
  facet normal -0 0 1
    outer loop
      vertex -80.3846 -14.8498 3
      vertex -62.2867 -16.7882 3
      vertex -66.1603 -10.0527 3
    endloop
  endfacet
  facet normal 0 0 1
    outer loop
      vertex -80.3846 -14.8498 3
      vertex -66.1603 -10.0527 3
      vertex -66.9212 -9.54433 3
    endloop
  endfacet
  facet normal 0 0 1
    outer loop
      vertex -80.326 -14.642 3
      vertex -66.9212 -9.54433 3
      vertex -66.9301 -9.53841 3
    endloop
  endfacet
  facet normal 0 0 1
    outer loop
      vertex -80.326 -14.642 3
      vertex -66.9301 -9.53841 3
      vertex -66.9384 -9.53181 3
    endloop
  endfacet
  facet normal 0 0 1
    outer loop
      vertex -80.2839 -14.4302 3
      vertex -66.9384 -9.53181 3
      vertex -67.6571 -8.96528 3
    endloop
  endfacet
  facet normal 0 0 1
    outer loop
      vertex -80.2585 -14.2158 3
      vertex -67.6571 -8.96528 3
      vertex -67.6649 -8.95804 3
    endloop
  endfacet
  facet normal 0 0 1
    outer loop
      vertex -80.25 -14 3
      vertex -67.6649 -8.95804 3
      vertex -68.3369 -8.33688 3
    endloop
  endfacet
  facet normal 0 0 1
    outer loop
      vertex -80.25 -14 3
      vertex -68.3369 -8.33688 3
      vertex -68.958 -7.6649 3
    endloop
  endfacet
  facet normal 0 0 1
    outer loop
      vertex -80.25 -14 3
      vertex -68.958 -7.6649 3
      vertex -68.9653 -7.65707 3
    endloop
  endfacet
  facet normal 0 0 1
    outer loop
      vertex -80.25 -14 3
      vertex -68.9653 -7.65707 3
      vertex -69.5318 -6.93843 3
    endloop
  endfacet
  facet normal 0 0 1
    outer loop
      vertex -80.25 -14 3
      vertex -69.5318 -6.93843 3
      vertex -69.5384 -6.93006 3
    endloop
  endfacet
  facet normal 0 0 1
    outer loop
      vertex -80.25 -14 3
      vertex -69.5384 -6.93006 3
      vertex -69.5443 -6.9212 3
    endloop
  endfacet
  facet normal 0 0 1
    outer loop
      vertex -80.25 -14 3
      vertex -69.5443 -6.9212 3
      vertex -70.0527 -6.16032 3
    endloop
  endfacet
  facet normal 0 0 1
    outer loop
      vertex -80.25 -14 3
      vertex -70.4999 -5.36191 3
      vertex -70.5051 -5.3526 3
    endloop
  endfacet
  facet normal 0 0 1
    outer loop
      vertex -80.25 -14 3
      vertex -70.5095 -5.34292 3
      vertex -70.8927 -4.51188 3
    endloop
  endfacet
  facet normal 0 0 1
    outer loop
      vertex -80.25 -14 3
      vertex -71.216 -3.63309 3
      vertex -71.4644 -2.75235 3
    endloop
  endfacet
  facet normal -0 0 1
    outer loop
      vertex -81.214 11.9089 3
      vertex -70.8927 4.51188 3
      vertex -81.0555 12.0555 3
    endloop
  endfacet
  facet normal 0 0 1
    outer loop
      vertex -71.7901 0 3
      vertex -80.25 -14 3
      vertex -71.7542 -0.914388 3
    endloop
  endfacet
  facet normal 0 0 1
    outer loop
      vertex -71.7542 -0.914388 3
      vertex -80.25 -14 3
      vertex -71.7538 -0.925042 3
    endloop
  endfacet
  facet normal 0 0 1
    outer loop
      vertex -71.7538 -0.925042 3
      vertex -80.25 -14 3
      vertex -71.7525 -0.93563 3
    endloop
  endfacet
  facet normal 0 0 1
    outer loop
      vertex -71.7525 -0.93563 3
      vertex -80.25 -14 3
      vertex -71.645 -1.84438 3
    endloop
  endfacet
  facet normal 0 0 1
    outer loop
      vertex -71.645 -1.84438 3
      vertex -80.25 -14 3
      vertex -71.6429 -1.85484 3
    endloop
  endfacet
  facet normal 0 0 1
    outer loop
      vertex -71.6429 -1.85484 3
      vertex -80.25 -14 3
      vertex -71.4644 -2.75235 3
    endloop
  endfacet
  facet normal 0 0 1
    outer loop
      vertex -71.216 -3.63309 3
      vertex -80.25 -14 3
      vertex -71.2131 -3.64335 3
    endloop
  endfacet
  facet normal 0 0 1
    outer loop
      vertex -71.2131 -3.64335 3
      vertex -80.25 -14 3
      vertex -70.8963 -4.50188 3
    endloop
  endfacet
  facet normal 0 0 1
    outer loop
      vertex -70.8963 -4.50188 3
      vertex -80.25 -14 3
      vertex -70.8927 -4.51188 3
    endloop
  endfacet
  facet normal 0 0 1
    outer loop
      vertex -70.5095 -5.34292 3
      vertex -80.25 -14 3
      vertex -70.5051 -5.3526 3
    endloop
  endfacet
  facet normal 0 0 1
    outer loop
      vertex -70.4999 -5.36191 3
      vertex -80.25 -14 3
      vertex -70.0527 -6.16032 3
    endloop
  endfacet
  facet normal 0 0 1
    outer loop
      vertex -67.6649 -8.95804 3
      vertex -80.25 -14 3
      vertex -80.2585 -14.2158 3
    endloop
  endfacet
  facet normal 0 0 1
    outer loop
      vertex -67.6571 -8.96528 3
      vertex -80.2585 -14.2158 3
      vertex -80.2839 -14.4302 3
    endloop
  endfacet
  facet normal 0 0 1
    outer loop
      vertex -66.9384 -9.53181 3
      vertex -80.2839 -14.4302 3
      vertex -80.326 -14.642 3
    endloop
  endfacet
  facet normal 0 0 1
    outer loop
      vertex -66.9212 -9.54433 3
      vertex -80.326 -14.642 3
      vertex -80.3846 -14.8498 3
    endloop
  endfacet
  facet normal 0 0 1
    outer loop
      vertex -62.2867 -16.7882 3
      vertex -80.3846 -14.8498 3
      vertex -80.4593 -15.0524 3
    endloop
  endfacet
  facet normal -0 0 1
    outer loop
      vertex -80.5497 -15.2485 3
      vertex -62.2867 -16.7882 3
      vertex -80.4593 -15.0524 3
    endloop
  endfacet
  facet normal -0 0 1
    outer loop
      vertex -80.6552 -15.4369 3
      vertex -62.2867 -16.7882 3
      vertex -80.5497 -15.2485 3
    endloop
  endfacet
  facet normal -0 0 1
    outer loop
      vertex -80.7752 -15.6164 3
      vertex -62.2867 -16.7882 3
      vertex -80.6552 -15.4369 3
    endloop
  endfacet
  facet normal 0 0 1
    outer loop
      vertex -62.2867 -16.7882 3
      vertex -80.7752 -15.6164 3
      vertex -61.2868 -19.4841 3
    endloop
  endfacet
  facet normal -0 0 1
    outer loop
      vertex -80.9089 -15.786 3
      vertex -61.2868 -19.4841 3
      vertex -80.7752 -15.6164 3
    endloop
  endfacet
  facet normal -0 0 1
    outer loop
      vertex -81.0555 -15.9445 3
      vertex -61.2868 -19.4841 3
      vertex -80.9089 -15.786 3
    endloop
  endfacet
  facet normal -0 0 1
    outer loop
      vertex -81.214 -16.0911 3
      vertex -61.2868 -19.4841 3
      vertex -81.0555 -15.9445 3
    endloop
  endfacet
  facet normal -0 0 1
    outer loop
      vertex -81.3836 -16.2248 3
      vertex -61.2868 -19.4841 3
      vertex -81.214 -16.0911 3
    endloop
  endfacet
  facet normal -0 0 1
    outer loop
      vertex -81.5631 -16.3448 3
      vertex -61.2868 -19.4841 3
      vertex -81.3836 -16.2248 3
    endloop
  endfacet
  facet normal 0 0 1
    outer loop
      vertex -87 -22 3
      vertex -81.5631 -16.3448 3
      vertex -81.7515 -16.4503 3
    endloop
  endfacet
  facet normal 0 0 1
    outer loop
      vertex -87 -22 3
      vertex -81.7515 -16.4503 3
      vertex -81.9476 -16.5407 3
    endloop
  endfacet
  facet normal 0 0 1
    outer loop
      vertex -87 -22 3
      vertex -81.9476 -16.5407 3
      vertex -82.1502 -16.6154 3
    endloop
  endfacet
  facet normal 0 0 1
    outer loop
      vertex -87 -22 3
      vertex -82.1502 -16.6154 3
      vertex -82.358 -16.674 3
    endloop
  endfacet
  facet normal 0 0 1
    outer loop
      vertex -87 -22 3
      vertex -82.358 -16.674 3
      vertex -82.5698 -16.7161 3
    endloop
  endfacet
  facet normal 0 0 1
    outer loop
      vertex -87 -22 3
      vertex -82.5698 -16.7161 3
      vertex -82.7842 -16.7415 3
    endloop
  endfacet
  facet normal 0 0 1
    outer loop
      vertex -87 -22 3
      vertex -82.7842 -16.7415 3
      vertex -83 -16.75 3
    endloop
  endfacet
  facet normal 0 0 1
    outer loop
      vertex -87 -22 3
      vertex -83 -16.75 3
      vertex -83.2158 -16.7415 3
    endloop
  endfacet
  facet normal 0 0 1
    outer loop
      vertex -87 -22 3
      vertex -83.2158 -16.7415 3
      vertex -83.4302 -16.7161 3
    endloop
  endfacet
  facet normal 0 0 1
    outer loop
      vertex -17.7798 -19.4799 3
      vertex -87 -22 3
      vertex 87 -22 3
    endloop
  endfacet
  facet normal 0 0 1
    outer loop
      vertex -81.5631 -16.3448 3
      vertex -87 -22 3
      vertex -61.2868 -19.4841 3
    endloop
  endfacet
  facet normal 0 0 1
    outer loop
      vertex -83.642 -16.674 3
      vertex -87 -22 3
      vertex -83.4302 -16.7161 3
    endloop
  endfacet
  facet normal 0 0 1
    outer loop
      vertex -83.8498 -16.6154 3
      vertex -87 -22 3
      vertex -83.642 -16.674 3
    endloop
  endfacet
  facet normal 0 0 1
    outer loop
      vertex -84.0524 -16.5407 3
      vertex -87 -22 3
      vertex -83.8498 -16.6154 3
    endloop
  endfacet
  facet normal 0 0 1
    outer loop
      vertex -84.2485 -16.4503 3
      vertex -87 -22 3
      vertex -84.0524 -16.5407 3
    endloop
  endfacet
  facet normal 0 0 1
    outer loop
      vertex -84.4369 -16.3448 3
      vertex -87 -22 3
      vertex -84.2485 -16.4503 3
    endloop
  endfacet
  facet normal 0 0 1
    outer loop
      vertex -84.6164 -16.2248 3
      vertex -87 -22 3
      vertex -84.4369 -16.3448 3
    endloop
  endfacet
  facet normal 0 0 1
    outer loop
      vertex -84.786 -16.0911 3
      vertex -87 -22 3
      vertex -84.6164 -16.2248 3
    endloop
  endfacet
  facet normal 0 0 1
    outer loop
      vertex -90 -19 3
      vertex -84.786 -16.0911 3
      vertex -84.9445 -15.9445 3
    endloop
  endfacet
  facet normal 0 0 1
    outer loop
      vertex -90 -19 3
      vertex -84.9445 -15.9445 3
      vertex -85.0911 -15.786 3
    endloop
  endfacet
  facet normal 0 0 1
    outer loop
      vertex -90 -19 3
      vertex -85.0911 -15.786 3
      vertex -85.2248 -15.6164 3
    endloop
  endfacet
  facet normal 0 0 1
    outer loop
      vertex -90 -19 3
      vertex -85.2248 -15.6164 3
      vertex -85.3448 -15.4369 3
    endloop
  endfacet
  facet normal 0 0 1
    outer loop
      vertex -90 -19 3
      vertex -85.3448 -15.4369 3
      vertex -85.4503 -15.2485 3
    endloop
  endfacet
  facet normal 0 0 1
    outer loop
      vertex -90 -19 3
      vertex -85.4503 -15.2485 3
      vertex -85.5407 -15.0524 3
    endloop
  endfacet
  facet normal 0 0 1
    outer loop
      vertex -90 -19 3
      vertex -85.5407 -15.0524 3
      vertex -85.6154 -14.8498 3
    endloop
  endfacet
  facet normal 0 0 1
    outer loop
      vertex -90 -19 3
      vertex -85.6154 -14.8498 3
      vertex -85.674 -14.642 3
    endloop
  endfacet
  facet normal 0 0 1
    outer loop
      vertex -90 -19 3
      vertex -85.674 -14.642 3
      vertex -85.7161 -14.4302 3
    endloop
  endfacet
  facet normal 0 0 1
    outer loop
      vertex -90 -19 3
      vertex -85.7161 -14.4302 3
      vertex -85.7415 -14.2158 3
    endloop
  endfacet
  facet normal 0 0 1
    outer loop
      vertex -90 -19 3
      vertex -85.7415 -14.2158 3
      vertex -85.75 -14 3
    endloop
  endfacet
  facet normal 0 0 1
    outer loop
      vertex -85.7161 -13.5698 3
      vertex -90 -19 3
      vertex -85.7415 -13.7842 3
    endloop
  endfacet
  facet normal 0 0 1
    outer loop
      vertex -90 19 3
      vertex -87 22 3
      vertex -87.2354 21.9908 3
    endloop
  endfacet
  facet normal 0 0 1
    outer loop
      vertex -85.7415 -13.7842 3
      vertex -90 -19 3
      vertex -85.75 -14 3
    endloop
  endfacet
  facet normal 0 0 1
    outer loop
      vertex -90 19 3
      vertex -87.2354 21.9908 3
      vertex -87.4693 21.9631 3
    endloop
  endfacet
  facet normal 0 0 1
    outer loop
      vertex -84.786 -16.0911 3
      vertex -90 -19 3
      vertex -87 -22 3
    endloop
  endfacet
  facet normal 0 0 1
    outer loop
      vertex -90 19 3
      vertex -87.4693 21.9631 3
      vertex -87.7003 21.9171 3
    endloop
  endfacet
  facet normal 0 0 1
    outer loop
      vertex -87 -22 3
      vertex -90 -19 3
      vertex -87.2354 -21.9908 3
    endloop
  endfacet
  facet normal 0 0 1
    outer loop
      vertex -90 19 3
      vertex -87.7003 21.9171 3
      vertex -87.927 21.8532 3
    endloop
  endfacet
  facet normal 0 0 1
    outer loop
      vertex -87.2354 -21.9908 3
      vertex -90 -19 3
      vertex -87.4693 -21.9631 3
    endloop
  endfacet
  facet normal 0 0 1
    outer loop
      vertex -90 19 3
      vertex -87.927 21.8532 3
      vertex -88.1481 21.7716 3
    endloop
  endfacet
  facet normal 0 0 1
    outer loop
      vertex -87.4693 -21.9631 3
      vertex -90 -19 3
      vertex -87.7003 -21.9171 3
    endloop
  endfacet
  facet normal 0 0 1
    outer loop
      vertex -90 19 3
      vertex -88.1481 21.7716 3
      vertex -88.362 21.673 3
    endloop
  endfacet
  facet normal 0 0 1
    outer loop
      vertex -87.7003 -21.9171 3
      vertex -90 -19 3
      vertex -87.927 -21.8532 3
    endloop
  endfacet
  facet normal 0 0 1
    outer loop
      vertex -90 19 3
      vertex -88.362 21.673 3
      vertex -88.5675 21.5579 3
    endloop
  endfacet
  facet normal 0 0 1
    outer loop
      vertex -87.927 -21.8532 3
      vertex -90 -19 3
      vertex -88.1481 -21.7716 3
    endloop
  endfacet
  facet normal 0 0 1
    outer loop
      vertex -90 19 3
      vertex -88.5675 21.5579 3
      vertex -88.7634 21.427 3
    endloop
  endfacet
  facet normal 0 0 1
    outer loop
      vertex -88.1481 -21.7716 3
      vertex -90 -19 3
      vertex -88.362 -21.673 3
    endloop
  endfacet
  facet normal 0 0 1
    outer loop
      vertex -90 19 3
      vertex -88.7634 21.427 3
      vertex -88.9483 21.2812 3
    endloop
  endfacet
  facet normal 0 0 1
    outer loop
      vertex -88.362 -21.673 3
      vertex -90 -19 3
      vertex -88.5675 -21.5579 3
    endloop
  endfacet
  facet normal 0 0 1
    outer loop
      vertex -90 19 3
      vertex -88.9483 21.2812 3
      vertex -89.1213 21.1213 3
    endloop
  endfacet
  facet normal 0 0 1
    outer loop
      vertex -88.5675 -21.5579 3
      vertex -90 -19 3
      vertex -88.7634 -21.427 3
    endloop
  endfacet
  facet normal 0 0 1
    outer loop
      vertex -90 19 3
      vertex -89.1213 21.1213 3
      vertex -89.2812 20.9483 3
    endloop
  endfacet
  facet normal 0 0 1
    outer loop
      vertex -88.7634 -21.427 3
      vertex -90 -19 3
      vertex -88.9483 -21.2812 3
    endloop
  endfacet
  facet normal 0 0 1
    outer loop
      vertex -90 19 3
      vertex -89.2812 20.9483 3
      vertex -89.427 20.7634 3
    endloop
  endfacet
  facet normal 0 0 1
    outer loop
      vertex -88.9483 -21.2812 3
      vertex -90 -19 3
      vertex -89.1213 -21.1213 3
    endloop
  endfacet
  facet normal 0 0 1
    outer loop
      vertex -90 19 3
      vertex -89.427 20.7634 3
      vertex -89.5579 20.5675 3
    endloop
  endfacet
  facet normal 0 0 1
    outer loop
      vertex -89.1213 -21.1213 3
      vertex -90 -19 3
      vertex -89.2812 -20.9483 3
    endloop
  endfacet
  facet normal 0 0 1
    outer loop
      vertex -90 19 3
      vertex -89.5579 20.5675 3
      vertex -89.673 20.362 3
    endloop
  endfacet
  facet normal 0 0 1
    outer loop
      vertex -89.2812 -20.9483 3
      vertex -90 -19 3
      vertex -89.427 -20.7634 3
    endloop
  endfacet
  facet normal 0 0 1
    outer loop
      vertex -90 19 3
      vertex -89.673 20.362 3
      vertex -89.7716 20.1481 3
    endloop
  endfacet
  facet normal 0 0 1
    outer loop
      vertex -89.427 -20.7634 3
      vertex -90 -19 3
      vertex -89.5579 -20.5675 3
    endloop
  endfacet
  facet normal 0 0 1
    outer loop
      vertex -90 19 3
      vertex -89.7716 20.1481 3
      vertex -89.8532 19.927 3
    endloop
  endfacet
  facet normal 0 0 1
    outer loop
      vertex -89.5579 -20.5675 3
      vertex -90 -19 3
      vertex -89.673 -20.362 3
    endloop
  endfacet
  facet normal 0 0 1
    outer loop
      vertex -90 19 3
      vertex -89.8532 19.927 3
      vertex -89.9171 19.7003 3
    endloop
  endfacet
  facet normal 0 0 1
    outer loop
      vertex -89.673 -20.362 3
      vertex -90 -19 3
      vertex -89.7716 -20.1481 3
    endloop
  endfacet
  facet normal 0 0 1
    outer loop
      vertex -90 19 3
      vertex -89.9171 19.7003 3
      vertex -89.9631 19.4693 3
    endloop
  endfacet
  facet normal 0 0 1
    outer loop
      vertex -89.7716 -20.1481 3
      vertex -90 -19 3
      vertex -89.8532 -19.927 3
    endloop
  endfacet
  facet normal 0 0 1
    outer loop
      vertex -90 19 3
      vertex -89.9631 19.4693 3
      vertex -89.9908 19.2354 3
    endloop
  endfacet
  facet normal 0 0 1
    outer loop
      vertex -89.8532 -19.927 3
      vertex -90 -19 3
      vertex -89.9171 -19.7003 3
    endloop
  endfacet
  facet normal 0 0 1
    outer loop
      vertex -89.9171 -19.7003 3
      vertex -90 -19 3
      vertex -89.9631 -19.4693 3
    endloop
  endfacet
  facet normal 0 0 1
    outer loop
      vertex -89.9631 -19.4693 3
      vertex -90 -19 3
      vertex -89.9908 -19.2354 3
    endloop
  endfacet
  facet normal 0 0 1
    outer loop
      vertex 61.4744 -17.0966 3
      vertex 60.5494 -18.4257 3
      vertex 61.4744 -18.4257 3
    endloop
  endfacet
  facet normal 0.831462 0.555581 0
    outer loop
      vertex 89.5579 20.5675 3
      vertex 89.427 20.7634 0
      vertex 89.427 20.7634 3
    endloop
  endfacet
  facet normal 0.831462 0.555581 0
    outer loop
      vertex 89.427 20.7634 0
      vertex 89.5579 20.5675 3
      vertex 89.5579 20.5675 0
    endloop
  endfacet
  facet normal 0.938147 0.346236 0
    outer loop
      vertex 89.8532 19.927 3
      vertex 89.7716 20.1481 0
      vertex 89.7716 20.1481 3
    endloop
  endfacet
  facet normal 0.938147 0.346236 0
    outer loop
      vertex 89.7716 20.1481 0
      vertex 89.8532 19.927 3
      vertex 89.8532 19.927 0
    endloop
  endfacet
  facet normal 0.908158 0.418627 0
    outer loop
      vertex 89.7716 20.1481 3
      vertex 89.673 20.362 0
      vertex 89.673 20.362 3
    endloop
  endfacet
  facet normal 0.908158 0.418627 0
    outer loop
      vertex 89.673 20.362 0
      vertex 89.7716 20.1481 3
      vertex 89.7716 20.1481 0
    endloop
  endfacet
  facet normal 0.785241 -0.61919 0
    outer loop
      vertex 89.2812 -20.9483 3
      vertex 89.427 -20.7634 0
      vertex 89.427 -20.7634 3
    endloop
  endfacet
  facet normal 0.785241 -0.61919 0
    outer loop
      vertex 89.427 -20.7634 0
      vertex 89.2812 -20.9483 3
      vertex 89.2812 -20.9483 0
    endloop
  endfacet
  facet normal 0.962495 0.271299 0
    outer loop
      vertex 89.9171 19.7003 3
      vertex 89.8532 19.927 0
      vertex 89.8532 19.927 3
    endloop
  endfacet
  facet normal 0.962495 0.271299 0
    outer loop
      vertex 89.8532 19.927 0
      vertex 89.9171 19.7003 3
      vertex 89.9171 19.7003 0
    endloop
  endfacet
  facet normal -0.785241 0.61919 0
    outer loop
      vertex -89.427 20.7634 0
      vertex -89.2812 20.9483 3
      vertex -89.2812 20.9483 0
    endloop
  endfacet
  facet normal -0.785241 0.61919 0
    outer loop
      vertex -89.2812 20.9483 3
      vertex -89.427 20.7634 0
      vertex -89.427 20.7634 3
    endloop
  endfacet
  facet normal 0.734364 -0.678756 0
    outer loop
      vertex 89.1213 -21.1213 3
      vertex 89.2812 -20.9483 0
      vertex 89.2812 -20.9483 3
    endloop
  endfacet
  facet normal 0.734364 -0.678756 0
    outer loop
      vertex 89.2812 -20.9483 0
      vertex 89.1213 -21.1213 3
      vertex 89.1213 -21.1213 0
    endloop
  endfacet
  facet normal 0.980744 0.1953 0
    outer loop
      vertex 89.9631 19.4693 3
      vertex 89.9171 19.7003 0
      vertex 89.9171 19.7003 3
    endloop
  endfacet
  facet normal 0.980744 0.1953 0
    outer loop
      vertex 89.9171 19.7003 0
      vertex 89.9631 19.4693 3
      vertex 89.9631 19.4693 0
    endloop
  endfacet
  facet normal 0.734364 0.678756 0
    outer loop
      vertex 89.2812 20.9483 3
      vertex 89.1213 21.1213 0
      vertex 89.1213 21.1213 3
    endloop
  endfacet
  facet normal 0.734364 0.678756 0
    outer loop
      vertex 89.1213 21.1213 0
      vertex 89.2812 20.9483 3
      vertex 89.2812 20.9483 0
    endloop
  endfacet
  facet normal 0.908158 -0.418627 0
    outer loop
      vertex 89.673 -20.362 3
      vertex 89.7716 -20.1481 0
      vertex 89.7716 -20.1481 3
    endloop
  endfacet
  facet normal 0.908158 -0.418627 0
    outer loop
      vertex 89.7716 -20.1481 0
      vertex 89.673 -20.362 3
      vertex 89.673 -20.362 0
    endloop
  endfacet
  facet normal 0.980744 -0.1953 0
    outer loop
      vertex 89.9171 -19.7003 3
      vertex 89.9631 -19.4693 0
      vertex 89.9631 -19.4693 3
    endloop
  endfacet
  facet normal 0.980744 -0.1953 0
    outer loop
      vertex 89.9631 -19.4693 0
      vertex 89.9171 -19.7003 3
      vertex 89.9171 -19.7003 0
    endloop
  endfacet
  facet normal 0.555581 -0.831462 0
    outer loop
      vertex 88.5675 -21.5579 0
      vertex 88.7634 -21.427 3
      vertex 88.5675 -21.5579 3
    endloop
  endfacet
  facet normal 0.555581 -0.831462 0
    outer loop
      vertex 88.7634 -21.427 3
      vertex 88.5675 -21.5579 0
      vertex 88.7634 -21.427 0
    endloop
  endfacet
  facet normal 0.61919 0.785241 -0
    outer loop
      vertex 88.9483 21.2812 0
      vertex 88.7634 21.427 3
      vertex 88.9483 21.2812 3
    endloop
  endfacet
  facet normal 0.61919 0.785241 0
    outer loop
      vertex 88.7634 21.427 3
      vertex 88.9483 21.2812 0
      vertex 88.7634 21.427 0
    endloop
  endfacet
endsolid OpenSCAD_Model
