solid OpenSCAD_Model
  facet normal -0.938181 0.346144 0
    outer loop
      vertex -55.3806 -1.91342 0
      vertex -55.2447 -1.54508 16.5
      vertex -55.2447 -1.54508 0
    endloop
  endfacet
  facet normal -0.938181 0.346144 0
    outer loop
      vertex -55.2447 -1.54508 16.5
      vertex -55.3806 -1.91342 0
      vertex -55.3806 -1.91342 16.5
    endloop
  endfacet
  facet normal -0.993052 -0.117676 0
    outer loop
      vertex -55.0154 0.392295 0
      vertex -55.0616 0.782172 16.5
      vertex -55.0616 0.782172 0
    endloop
  endfacet
  facet normal -0.993052 -0.117676 0
    outer loop
      vertex -55.0616 0.782172 16.5
      vertex -55.0154 0.392295 0
      vertex -55.0154 0.392295 16.5
    endloop
  endfacet
  facet normal -0.99923 -0.039226 0
    outer loop
      vertex -55 0 0
      vertex -55.0154 0.392295 16.5
      vertex -55.0154 0.392295 0
    endloop
  endfacet
  facet normal -0.99923 -0.039226 0
    outer loop
      vertex -55.0154 0.392295 16.5
      vertex -55 0 0
      vertex -55 0 16.5
    endloop
  endfacet
  facet normal -0.98083 -0.194863 0
    outer loop
      vertex -55.0616 0.782172 0
      vertex -55.1381 1.16723 16.5
      vertex -55.1381 1.16723 0
    endloop
  endfacet
  facet normal -0.98083 -0.194863 0
    outer loop
      vertex -55.1381 1.16723 16.5
      vertex -55.0616 0.782172 0
      vertex -55.0616 0.782172 16.5
    endloop
  endfacet
  facet normal 0.831493 -0.555535 0
    outer loop
      vertex -64.2632 2.61249 16.5
      vertex -64.0451 2.93893 0
      vertex -64.0451 2.93893 16.5
    endloop
  endfacet
  facet normal 0.831493 -0.555535 0
    outer loop
      vertex -64.0451 2.93893 0
      vertex -64.2632 2.61249 16.5
      vertex -64.2632 2.61249 0
    endloop
  endfacet
  facet normal -0.785257 0.619169 0
    outer loop
      vertex -56.198 -3.24724 0
      vertex -55.9549 -2.93893 16.5
      vertex -55.9549 -2.93893 0
    endloop
  endfacet
  facet normal -0.785257 0.619169 0
    outer loop
      vertex -55.9549 -2.93893 16.5
      vertex -56.198 -3.24724 0
      vertex -56.198 -3.24724 16.5
    endloop
  endfacet
  facet normal -0.619103 -0.78531 0
    outer loop
      vertex -57.0611 4.04508 0
      vertex -56.7528 3.80203 16.5
      vertex -57.0611 4.04508 16.5
    endloop
  endfacet
  facet normal -0.619103 -0.78531 -0
    outer loop
      vertex -56.7528 3.80203 16.5
      vertex -57.0611 4.04508 0
      vertex -56.7528 3.80203 0
    endloop
  endfacet
  facet normal -0.908107 0.418738 0
    outer loop
      vertex -55.545 -2.26995 0
      vertex -55.3806 -1.91342 16.5
      vertex -55.3806 -1.91342 0
    endloop
  endfacet
  facet normal -0.908107 0.418738 0
    outer loop
      vertex -55.3806 -1.91342 16.5
      vertex -55.545 -2.26995 0
      vertex -55.545 -2.26995 16.5
    endloop
  endfacet
  facet normal -0.27142 -0.962461 0
    outer loop
      vertex -58.8328 4.86185 0
      vertex -58.4549 4.75528 16.5
      vertex -58.8328 4.86185 16.5
    endloop
  endfacet
  facet normal -0.27142 -0.962461 -0
    outer loop
      vertex -58.4549 4.75528 16.5
      vertex -58.8328 4.86185 0
      vertex -58.4549 4.75528 0
    endloop
  endfacet
  facet normal 0.678798 0.734325 -0
    outer loop
      vertex -63.2472 -3.80203 0
      vertex -63.5355 -3.53553 16.5
      vertex -63.2472 -3.80203 16.5
    endloop
  endfacet
  facet normal 0.678798 0.734325 0
    outer loop
      vertex -63.5355 -3.53553 16.5
      vertex -63.2472 -3.80203 0
      vertex -63.5355 -3.53553 0
    endloop
  endfacet
  facet normal 0.27142 -0.962461 0
    outer loop
      vertex -61.5451 4.75528 0
      vertex -61.1672 4.86185 16.5
      vertex -61.5451 4.75528 16.5
    endloop
  endfacet
  facet normal 0.27142 -0.962461 0
    outer loop
      vertex -61.1672 4.86185 16.5
      vertex -61.5451 4.75528 0
      vertex -61.1672 4.86185 0
    endloop
  endfacet
  facet normal 0.619103 0.78531 -0
    outer loop
      vertex -62.9389 -4.04508 0
      vertex -63.2472 -3.80203 16.5
      vertex -62.9389 -4.04508 16.5
    endloop
  endfacet
  facet normal 0.619103 0.78531 0
    outer loop
      vertex -63.2472 -3.80203 16.5
      vertex -62.9389 -4.04508 0
      vertex -63.2472 -3.80203 0
    endloop
  endfacet
  facet normal -0.555617 0.831438 0
    outer loop
      vertex -57.0611 -4.04508 0
      vertex -57.3875 -4.2632 16.5
      vertex -57.0611 -4.04508 16.5
    endloop
  endfacet
  facet normal -0.555617 0.831438 0
    outer loop
      vertex -57.3875 -4.2632 16.5
      vertex -57.0611 -4.04508 0
      vertex -57.3875 -4.2632 0
    endloop
  endfacet
  facet normal -0.734313 0.678811 0
    outer loop
      vertex -56.4645 -3.53553 0
      vertex -56.198 -3.24724 16.5
      vertex -56.198 -3.24724 0
    endloop
  endfacet
  facet normal -0.734313 0.678811 0
    outer loop
      vertex -56.198 -3.24724 16.5
      vertex -56.4645 -3.53553 0
      vertex -56.4645 -3.53553 16.5
    endloop
  endfacet
  facet normal -0.117543 0.993068 0
    outer loop
      vertex -59.2178 -4.93844 0
      vertex -59.6077 -4.98459 16.5
      vertex -59.2178 -4.93844 16.5
    endloop
  endfacet
  facet normal -0.117543 0.993068 0
    outer loop
      vertex -59.6077 -4.98459 16.5
      vertex -59.2178 -4.93844 0
      vertex -59.6077 -4.98459 0
    endloop
  endfacet
  facet normal 0.488662 -0.872473 0
    outer loop
      vertex -62.6125 4.2632 0
      vertex -62.27 4.45503 16.5
      vertex -62.6125 4.2632 16.5
    endloop
  endfacet
  facet normal 0.488662 -0.872473 0
    outer loop
      vertex -62.27 4.45503 16.5
      vertex -62.6125 4.2632 0
      vertex -62.27 4.45503 0
    endloop
  endfacet
  facet normal 0.908107 -0.418738 0
    outer loop
      vertex -64.6194 1.91342 16.5
      vertex -64.455 2.26995 0
      vertex -64.455 2.26995 16.5
    endloop
  endfacet
  facet normal 0.908107 -0.418738 0
    outer loop
      vertex -64.455 2.26995 0
      vertex -64.6194 1.91342 16.5
      vertex -64.6194 1.91342 0
    endloop
  endfacet
  facet normal 0.678798 -0.734325 0
    outer loop
      vertex -63.5355 3.53553 0
      vertex -63.2472 3.80203 16.5
      vertex -63.5355 3.53553 16.5
    endloop
  endfacet
  facet normal 0.678798 -0.734325 0
    outer loop
      vertex -63.2472 3.80203 16.5
      vertex -63.5355 3.53553 0
      vertex -63.2472 3.80203 0
    endloop
  endfacet
  facet normal 0.938181 0.346144 0
    outer loop
      vertex -64.6194 -1.91342 16.5
      vertex -64.7553 -1.54508 0
      vertex -64.7553 -1.54508 16.5
    endloop
  endfacet
  facet normal 0.938181 0.346144 0
    outer loop
      vertex -64.7553 -1.54508 0
      vertex -64.6194 -1.91342 16.5
      vertex -64.6194 -1.91342 0
    endloop
  endfacet
  facet normal -0.98083 0.194863 0
    outer loop
      vertex -55.1381 -1.16723 0
      vertex -55.0616 -0.782172 16.5
      vertex -55.0616 -0.782172 0
    endloop
  endfacet
  facet normal -0.98083 0.194863 0
    outer loop
      vertex -55.0616 -0.782172 16.5
      vertex -55.1381 -1.16723 0
      vertex -55.1381 -1.16723 16.5
    endloop
  endfacet
  facet normal -0.99923 0.039226 0
    outer loop
      vertex -55.0154 -0.392295 0
      vertex -55 0 16.5
      vertex -55 0 0
    endloop
  endfacet
  facet normal -0.99923 0.039226 0
    outer loop
      vertex -55 0 16.5
      vertex -55.0154 -0.392295 0
      vertex -55.0154 -0.392295 16.5
    endloop
  endfacet
  facet normal -0.962432 -0.271524 0
    outer loop
      vertex -55.1381 1.16723 0
      vertex -55.2447 1.54508 16.5
      vertex -55.2447 1.54508 0
    endloop
  endfacet
  facet normal -0.962432 -0.271524 0
    outer loop
      vertex -55.2447 1.54508 16.5
      vertex -55.1381 1.16723 0
      vertex -55.1381 1.16723 16.5
    endloop
  endfacet
  facet normal 0.993052 0.117676 0
    outer loop
      vertex -64.9384 -0.782172 16.5
      vertex -64.9846 -0.392295 0
      vertex -64.9846 -0.392295 16.5
    endloop
  endfacet
  facet normal 0.993052 0.117676 0
    outer loop
      vertex -64.9846 -0.392295 0
      vertex -64.9384 -0.782172 16.5
      vertex -64.9384 -0.782172 0
    endloop
  endfacet
  facet normal -0.117543 -0.993068 0
    outer loop
      vertex -59.6077 4.98459 0
      vertex -59.2178 4.93844 16.5
      vertex -59.6077 4.98459 16.5
    endloop
  endfacet
  facet normal -0.117543 -0.993068 -0
    outer loop
      vertex -59.2178 4.93844 16.5
      vertex -59.6077 4.98459 0
      vertex -59.2178 4.93844 0
    endloop
  endfacet
  facet normal 0.117543 0.993068 -0
    outer loop
      vertex -60.3923 -4.98459 0
      vertex -60.7822 -4.93844 16.5
      vertex -60.3923 -4.98459 16.5
    endloop
  endfacet
  facet normal 0.117543 0.993068 0
    outer loop
      vertex -60.7822 -4.93844 16.5
      vertex -60.3923 -4.98459 0
      vertex -60.7822 -4.93844 0
    endloop
  endfacet
  facet normal 0.87253 0.48856 0
    outer loop
      vertex -64.2632 -2.61249 16.5
      vertex -64.455 -2.26995 0
      vertex -64.455 -2.26995 16.5
    endloop
  endfacet
  facet normal 0.87253 0.48856 0
    outer loop
      vertex -64.455 -2.26995 0
      vertex -64.2632 -2.61249 16.5
      vertex -64.2632 -2.61249 0
    endloop
  endfacet
  facet normal -0.87253 -0.48856 0
    outer loop
      vertex -55.545 2.26995 0
      vertex -55.7368 2.61249 16.5
      vertex -55.7368 2.61249 0
    endloop
  endfacet
  facet normal -0.87253 -0.48856 0
    outer loop
      vertex -55.7368 2.61249 16.5
      vertex -55.545 2.26995 0
      vertex -55.545 2.26995 16.5
    endloop
  endfacet
  facet normal -0.962432 0.271524 0
    outer loop
      vertex -55.2447 -1.54508 0
      vertex -55.1381 -1.16723 16.5
      vertex -55.1381 -1.16723 0
    endloop
  endfacet
  facet normal -0.962432 0.271524 0
    outer loop
      vertex -55.1381 -1.16723 16.5
      vertex -55.2447 -1.54508 0
      vertex -55.2447 -1.54508 16.5
    endloop
  endfacet
  facet normal -0.418608 0.908167 0
    outer loop
      vertex -57.73 -4.45503 0
      vertex -58.0866 -4.6194 16.5
      vertex -57.73 -4.45503 16.5
    endloop
  endfacet
  facet normal -0.418608 0.908167 0
    outer loop
      vertex -58.0866 -4.6194 16.5
      vertex -57.73 -4.45503 0
      vertex -58.0866 -4.6194 0
    endloop
  endfacet
  facet normal -0.678798 0.734325 0
    outer loop
      vertex -56.4645 -3.53553 0
      vertex -56.7528 -3.80203 16.5
      vertex -56.4645 -3.53553 16.5
    endloop
  endfacet
  facet normal -0.678798 0.734325 0
    outer loop
      vertex -56.7528 -3.80203 16.5
      vertex -56.4645 -3.53553 0
      vertex -56.7528 -3.80203 0
    endloop
  endfacet
  facet normal 0.555617 -0.831438 0
    outer loop
      vertex -62.9389 4.04508 0
      vertex -62.6125 4.2632 16.5
      vertex -62.9389 4.04508 16.5
    endloop
  endfacet
  facet normal 0.555617 -0.831438 0
    outer loop
      vertex -62.6125 4.2632 16.5
      vertex -62.9389 4.04508 0
      vertex -62.6125 4.2632 0
    endloop
  endfacet
  facet normal 0.785257 0.619169 0
    outer loop
      vertex -63.802 -3.24724 16.5
      vertex -64.0451 -2.93893 0
      vertex -64.0451 -2.93893 16.5
    endloop
  endfacet
  facet normal 0.785257 0.619169 0
    outer loop
      vertex -64.0451 -2.93893 0
      vertex -63.802 -3.24724 16.5
      vertex -63.802 -3.24724 0
    endloop
  endfacet
  facet normal 0.555617 0.831438 -0
    outer loop
      vertex -62.6125 -4.2632 0
      vertex -62.9389 -4.04508 16.5
      vertex -62.6125 -4.2632 16.5
    endloop
  endfacet
  facet normal 0.555617 0.831438 0
    outer loop
      vertex -62.9389 -4.04508 16.5
      vertex -62.6125 -4.2632 0
      vertex -62.9389 -4.04508 0
    endloop
  endfacet
  facet normal 0.0392509 -0.999229 0
    outer loop
      vertex -60.3923 4.98459 0
      vertex -60 5 16.5
      vertex -60.3923 4.98459 16.5
    endloop
  endfacet
  facet normal 0.0392509 -0.999229 0
    outer loop
      vertex -60 5 16.5
      vertex -60.3923 4.98459 0
      vertex -60 5 0
    endloop
  endfacet
  facet normal -0.418608 -0.908167 0
    outer loop
      vertex -58.0866 4.6194 0
      vertex -57.73 4.45503 16.5
      vertex -58.0866 4.6194 16.5
    endloop
  endfacet
  facet normal -0.418608 -0.908167 -0
    outer loop
      vertex -57.73 4.45503 16.5
      vertex -58.0866 4.6194 0
      vertex -57.73 4.45503 0
    endloop
  endfacet
  facet normal 0.195112 0.980781 -0
    outer loop
      vertex -60.7822 -4.93844 0
      vertex -61.1672 -4.86185 16.5
      vertex -60.7822 -4.93844 16.5
    endloop
  endfacet
  facet normal 0.195112 0.980781 0
    outer loop
      vertex -61.1672 -4.86185 16.5
      vertex -60.7822 -4.93844 0
      vertex -61.1672 -4.86185 0
    endloop
  endfacet
  facet normal -0.488662 0.872473 0
    outer loop
      vertex -57.3875 -4.2632 0
      vertex -57.73 -4.45503 16.5
      vertex -57.3875 -4.2632 16.5
    endloop
  endfacet
  facet normal -0.488662 0.872473 0
    outer loop
      vertex -57.73 -4.45503 16.5
      vertex -57.3875 -4.2632 0
      vertex -57.73 -4.45503 0
    endloop
  endfacet
  facet normal -0.555617 -0.831438 0
    outer loop
      vertex -57.3875 4.2632 0
      vertex -57.0611 4.04508 16.5
      vertex -57.3875 4.2632 16.5
    endloop
  endfacet
  facet normal -0.555617 -0.831438 -0
    outer loop
      vertex -57.0611 4.04508 16.5
      vertex -57.3875 4.2632 0
      vertex -57.0611 4.04508 0
    endloop
  endfacet
  facet normal 0.980782 -0.195108 0
    outer loop
      vertex -64.9384 0.782172 16.5
      vertex -64.8618 1.16723 0
      vertex -64.8618 1.16723 16.5
    endloop
  endfacet
  facet normal 0.980782 -0.195108 0
    outer loop
      vertex -64.8618 1.16723 0
      vertex -64.9384 0.782172 16.5
      vertex -64.9384 0.782172 0
    endloop
  endfacet
  facet normal -0.488662 -0.872473 0
    outer loop
      vertex -57.73 4.45503 0
      vertex -57.3875 4.2632 16.5
      vertex -57.73 4.45503 16.5
    endloop
  endfacet
  facet normal -0.488662 -0.872473 -0
    outer loop
      vertex -57.3875 4.2632 16.5
      vertex -57.73 4.45503 0
      vertex -57.3875 4.2632 0
    endloop
  endfacet
  facet normal -0.0392509 0.999229 0
    outer loop
      vertex -59.6077 -4.98459 0
      vertex -60 -5 16.5
      vertex -59.6077 -4.98459 16.5
    endloop
  endfacet
  facet normal -0.0392509 0.999229 0
    outer loop
      vertex -60 -5 16.5
      vertex -59.6077 -4.98459 0
      vertex -60 -5 0
    endloop
  endfacet
  facet normal -0.831493 0.555535 0
    outer loop
      vertex -55.9549 -2.93893 0
      vertex -55.7368 -2.61249 16.5
      vertex -55.7368 -2.61249 0
    endloop
  endfacet
  facet normal -0.831493 0.555535 0
    outer loop
      vertex -55.7368 -2.61249 16.5
      vertex -55.9549 -2.93893 0
      vertex -55.9549 -2.93893 16.5
    endloop
  endfacet
  facet normal -0.195112 0.980781 0
    outer loop
      vertex -58.8328 -4.86185 0
      vertex -59.2178 -4.93844 16.5
      vertex -58.8328 -4.86185 16.5
    endloop
  endfacet
  facet normal -0.195112 0.980781 0
    outer loop
      vertex -59.2178 -4.93844 16.5
      vertex -58.8328 -4.86185 0
      vertex -59.2178 -4.93844 0
    endloop
  endfacet
  facet normal 0.346133 -0.938186 0
    outer loop
      vertex -61.9134 4.6194 0
      vertex -61.5451 4.75528 16.5
      vertex -61.9134 4.6194 16.5
    endloop
  endfacet
  facet normal 0.346133 -0.938186 0
    outer loop
      vertex -61.5451 4.75528 16.5
      vertex -61.9134 4.6194 0
      vertex -61.5451 4.75528 0
    endloop
  endfacet
  facet normal -0.993052 0.117676 0
    outer loop
      vertex -55.0616 -0.782172 0
      vertex -55.0154 -0.392295 16.5
      vertex -55.0154 -0.392295 0
    endloop
  endfacet
  facet normal -0.993052 0.117676 0
    outer loop
      vertex -55.0154 -0.392295 16.5
      vertex -55.0616 -0.782172 0
      vertex -55.0616 -0.782172 16.5
    endloop
  endfacet
  facet normal -0.678798 -0.734325 0
    outer loop
      vertex -56.7528 3.80203 0
      vertex -56.4645 3.53553 16.5
      vertex -56.7528 3.80203 16.5
    endloop
  endfacet
  facet normal -0.678798 -0.734325 -0
    outer loop
      vertex -56.4645 3.53553 16.5
      vertex -56.7528 3.80203 0
      vertex -56.4645 3.53553 0
    endloop
  endfacet
  facet normal -0.938181 -0.346144 0
    outer loop
      vertex -55.2447 1.54508 0
      vertex -55.3806 1.91342 16.5
      vertex -55.3806 1.91342 0
    endloop
  endfacet
  facet normal -0.938181 -0.346144 0
    outer loop
      vertex -55.3806 1.91342 16.5
      vertex -55.2447 1.54508 0
      vertex -55.2447 1.54508 16.5
    endloop
  endfacet
  facet normal 0.908107 0.418738 0
    outer loop
      vertex -64.455 -2.26995 16.5
      vertex -64.6194 -1.91342 0
      vertex -64.6194 -1.91342 16.5
    endloop
  endfacet
  facet normal 0.908107 0.418738 0
    outer loop
      vertex -64.6194 -1.91342 0
      vertex -64.455 -2.26995 16.5
      vertex -64.455 -2.26995 0
    endloop
  endfacet
  facet normal -0.908107 -0.418738 0
    outer loop
      vertex -55.3806 1.91342 0
      vertex -55.545 2.26995 16.5
      vertex -55.545 2.26995 0
    endloop
  endfacet
  facet normal -0.908107 -0.418738 0
    outer loop
      vertex -55.545 2.26995 16.5
      vertex -55.3806 1.91342 0
      vertex -55.3806 1.91342 16.5
    endloop
  endfacet
  facet normal 0.195112 -0.980781 0
    outer loop
      vertex -61.1672 4.86185 0
      vertex -60.7822 4.93844 16.5
      vertex -61.1672 4.86185 16.5
    endloop
  endfacet
  facet normal 0.195112 -0.980781 0
    outer loop
      vertex -60.7822 4.93844 16.5
      vertex -61.1672 4.86185 0
      vertex -60.7822 4.93844 0
    endloop
  endfacet
  facet normal -0.734313 -0.678811 0
    outer loop
      vertex -56.198 3.24724 0
      vertex -56.4645 3.53553 16.5
      vertex -56.4645 3.53553 0
    endloop
  endfacet
  facet normal -0.734313 -0.678811 0
    outer loop
      vertex -56.4645 3.53553 16.5
      vertex -56.198 3.24724 0
      vertex -56.198 3.24724 16.5
    endloop
  endfacet
  facet normal 0.831493 0.555535 0
    outer loop
      vertex -64.0451 -2.93893 16.5
      vertex -64.2632 -2.61249 0
      vertex -64.2632 -2.61249 16.5
    endloop
  endfacet
  facet normal 0.831493 0.555535 0
    outer loop
      vertex -64.2632 -2.61249 0
      vertex -64.0451 -2.93893 16.5
      vertex -64.0451 -2.93893 0
    endloop
  endfacet
  facet normal -0.785257 -0.619169 0
    outer loop
      vertex -55.9549 2.93893 0
      vertex -56.198 3.24724 16.5
      vertex -56.198 3.24724 0
    endloop
  endfacet
  facet normal -0.785257 -0.619169 0
    outer loop
      vertex -56.198 3.24724 16.5
      vertex -55.9549 2.93893 0
      vertex -55.9549 2.93893 16.5
    endloop
  endfacet
  facet normal 0.734313 0.678811 0
    outer loop
      vertex -63.5355 -3.53553 16.5
      vertex -63.802 -3.24724 0
      vertex -63.802 -3.24724 16.5
    endloop
  endfacet
  facet normal 0.734313 0.678811 0
    outer loop
      vertex -63.802 -3.24724 0
      vertex -63.5355 -3.53553 16.5
      vertex -63.5355 -3.53553 0
    endloop
  endfacet
  facet normal 0.99923 0.039226 0
    outer loop
      vertex -64.9846 -0.392295 16.5
      vertex -65 0 0
      vertex -65 0 16.5
    endloop
  endfacet
  facet normal 0.99923 0.039226 0
    outer loop
      vertex -65 0 0
      vertex -64.9846 -0.392295 16.5
      vertex -64.9846 -0.392295 0
    endloop
  endfacet
  facet normal 0.117543 -0.993068 0
    outer loop
      vertex -60.7822 4.93844 0
      vertex -60.3923 4.98459 16.5
      vertex -60.7822 4.93844 16.5
    endloop
  endfacet
  facet normal 0.117543 -0.993068 0
    outer loop
      vertex -60.3923 4.98459 16.5
      vertex -60.7822 4.93844 0
      vertex -60.3923 4.98459 0
    endloop
  endfacet
  facet normal 0.938181 -0.346144 0
    outer loop
      vertex -64.7553 1.54508 16.5
      vertex -64.6194 1.91342 0
      vertex -64.6194 1.91342 16.5
    endloop
  endfacet
  facet normal 0.938181 -0.346144 0
    outer loop
      vertex -64.6194 1.91342 0
      vertex -64.7553 1.54508 16.5
      vertex -64.7553 1.54508 0
    endloop
  endfacet
  facet normal -0.346133 0.938186 0
    outer loop
      vertex -58.0866 -4.6194 0
      vertex -58.4549 -4.75528 16.5
      vertex -58.0866 -4.6194 16.5
    endloop
  endfacet
  facet normal -0.346133 0.938186 0
    outer loop
      vertex -58.4549 -4.75528 16.5
      vertex -58.0866 -4.6194 0
      vertex -58.4549 -4.75528 0
    endloop
  endfacet
  facet normal 0.619103 -0.78531 0
    outer loop
      vertex -63.2472 3.80203 0
      vertex -62.9389 4.04508 16.5
      vertex -63.2472 3.80203 16.5
    endloop
  endfacet
  facet normal 0.619103 -0.78531 0
    outer loop
      vertex -62.9389 4.04508 16.5
      vertex -63.2472 3.80203 0
      vertex -62.9389 4.04508 0
    endloop
  endfacet
  facet normal 0.993052 -0.117676 0
    outer loop
      vertex -64.9846 0.392295 16.5
      vertex -64.9384 0.782172 0
      vertex -64.9384 0.782172 16.5
    endloop
  endfacet
  facet normal 0.993052 -0.117676 0
    outer loop
      vertex -64.9384 0.782172 0
      vertex -64.9846 0.392295 16.5
      vertex -64.9846 0.392295 0
    endloop
  endfacet
  facet normal -0.0392509 -0.999229 0
    outer loop
      vertex -60 5 0
      vertex -59.6077 4.98459 16.5
      vertex -60 5 16.5
    endloop
  endfacet
  facet normal -0.0392509 -0.999229 -0
    outer loop
      vertex -59.6077 4.98459 16.5
      vertex -60 5 0
      vertex -59.6077 4.98459 0
    endloop
  endfacet
  facet normal 0.418608 -0.908167 0
    outer loop
      vertex -62.27 4.45503 0
      vertex -61.9134 4.6194 16.5
      vertex -62.27 4.45503 16.5
    endloop
  endfacet
  facet normal 0.418608 -0.908167 0
    outer loop
      vertex -61.9134 4.6194 16.5
      vertex -62.27 4.45503 0
      vertex -61.9134 4.6194 0
    endloop
  endfacet
  facet normal -0.87253 0.48856 0
    outer loop
      vertex -55.7368 -2.61249 0
      vertex -55.545 -2.26995 16.5
      vertex -55.545 -2.26995 0
    endloop
  endfacet
  facet normal -0.87253 0.48856 0
    outer loop
      vertex -55.545 -2.26995 16.5
      vertex -55.7368 -2.61249 0
      vertex -55.7368 -2.61249 16.5
    endloop
  endfacet
  facet normal 0.418608 0.908167 -0
    outer loop
      vertex -61.9134 -4.6194 0
      vertex -62.27 -4.45503 16.5
      vertex -61.9134 -4.6194 16.5
    endloop
  endfacet
  facet normal 0.418608 0.908167 0
    outer loop
      vertex -62.27 -4.45503 16.5
      vertex -61.9134 -4.6194 0
      vertex -62.27 -4.45503 0
    endloop
  endfacet
  facet normal 0.980782 0.195108 0
    outer loop
      vertex -64.8618 -1.16723 16.5
      vertex -64.9384 -0.782172 0
      vertex -64.9384 -0.782172 16.5
    endloop
  endfacet
  facet normal 0.980782 0.195108 0
    outer loop
      vertex -64.9384 -0.782172 0
      vertex -64.8618 -1.16723 16.5
      vertex -64.8618 -1.16723 0
    endloop
  endfacet
  facet normal -0.831493 -0.555535 0
    outer loop
      vertex -55.7368 2.61249 0
      vertex -55.9549 2.93893 16.5
      vertex -55.9549 2.93893 0
    endloop
  endfacet
  facet normal -0.831493 -0.555535 0
    outer loop
      vertex -55.9549 2.93893 16.5
      vertex -55.7368 2.61249 0
      vertex -55.7368 2.61249 16.5
    endloop
  endfacet
  facet normal 0.346133 0.938186 -0
    outer loop
      vertex -61.5451 -4.75528 0
      vertex -61.9134 -4.6194 16.5
      vertex -61.5451 -4.75528 16.5
    endloop
  endfacet
  facet normal 0.346133 0.938186 0
    outer loop
      vertex -61.9134 -4.6194 16.5
      vertex -61.5451 -4.75528 0
      vertex -61.9134 -4.6194 0
    endloop
  endfacet
  facet normal -0.27142 0.962461 0
    outer loop
      vertex -58.4549 -4.75528 0
      vertex -58.8328 -4.86185 16.5
      vertex -58.4549 -4.75528 16.5
    endloop
  endfacet
  facet normal -0.27142 0.962461 0
    outer loop
      vertex -58.8328 -4.86185 16.5
      vertex -58.4549 -4.75528 0
      vertex -58.8328 -4.86185 0
    endloop
  endfacet
  facet normal 0.962498 0.271288 0
    outer loop
      vertex -64.7553 -1.54508 16.5
      vertex -64.8618 -1.16723 0
      vertex -64.8618 -1.16723 16.5
    endloop
  endfacet
  facet normal 0.962498 0.271288 0
    outer loop
      vertex -64.8618 -1.16723 0
      vertex -64.7553 -1.54508 16.5
      vertex -64.7553 -1.54508 0
    endloop
  endfacet
  facet normal -0.346133 -0.938186 0
    outer loop
      vertex -58.4549 4.75528 0
      vertex -58.0866 4.6194 16.5
      vertex -58.4549 4.75528 16.5
    endloop
  endfacet
  facet normal -0.346133 -0.938186 -0
    outer loop
      vertex -58.0866 4.6194 16.5
      vertex -58.4549 4.75528 0
      vertex -58.0866 4.6194 0
    endloop
  endfacet
  facet normal 0.0392509 0.999229 -0
    outer loop
      vertex -60 -5 0
      vertex -60.3923 -4.98459 16.5
      vertex -60 -5 16.5
    endloop
  endfacet
  facet normal 0.0392509 0.999229 0
    outer loop
      vertex -60.3923 -4.98459 16.5
      vertex -60 -5 0
      vertex -60.3923 -4.98459 0
    endloop
  endfacet
  facet normal 0.87253 -0.48856 0
    outer loop
      vertex -64.455 2.26995 16.5
      vertex -64.2632 2.61249 0
      vertex -64.2632 2.61249 16.5
    endloop
  endfacet
  facet normal 0.87253 -0.48856 0
    outer loop
      vertex -64.2632 2.61249 0
      vertex -64.455 2.26995 16.5
      vertex -64.455 2.26995 0
    endloop
  endfacet
  facet normal 0.99923 -0.039226 0
    outer loop
      vertex -65 0 16.5
      vertex -64.9846 0.392295 0
      vertex -64.9846 0.392295 16.5
    endloop
  endfacet
  facet normal 0.99923 -0.039226 0
    outer loop
      vertex -64.9846 0.392295 0
      vertex -65 0 16.5
      vertex -65 0 0
    endloop
  endfacet
  facet normal 0.962498 -0.271288 0
    outer loop
      vertex -64.8618 1.16723 16.5
      vertex -64.7553 1.54508 0
      vertex -64.7553 1.54508 16.5
    endloop
  endfacet
  facet normal 0.962498 -0.271288 0
    outer loop
      vertex -64.7553 1.54508 0
      vertex -64.8618 1.16723 16.5
      vertex -64.8618 1.16723 0
    endloop
  endfacet
  facet normal 0.27142 0.962461 -0
    outer loop
      vertex -61.1672 -4.86185 0
      vertex -61.5451 -4.75528 16.5
      vertex -61.1672 -4.86185 16.5
    endloop
  endfacet
  facet normal 0.27142 0.962461 0
    outer loop
      vertex -61.5451 -4.75528 16.5
      vertex -61.1672 -4.86185 0
      vertex -61.5451 -4.75528 0
    endloop
  endfacet
  facet normal 0.734313 -0.678811 0
    outer loop
      vertex -63.802 3.24724 16.5
      vertex -63.5355 3.53553 0
      vertex -63.5355 3.53553 16.5
    endloop
  endfacet
  facet normal 0.734313 -0.678811 0
    outer loop
      vertex -63.5355 3.53553 0
      vertex -63.802 3.24724 16.5
      vertex -63.802 3.24724 0
    endloop
  endfacet
  facet normal 0.785257 -0.619169 0
    outer loop
      vertex -64.0451 2.93893 16.5
      vertex -63.802 3.24724 0
      vertex -63.802 3.24724 16.5
    endloop
  endfacet
  facet normal 0.785257 -0.619169 0
    outer loop
      vertex -63.802 3.24724 0
      vertex -64.0451 2.93893 16.5
      vertex -64.0451 2.93893 0
    endloop
  endfacet
  facet normal 0.488662 0.872473 -0
    outer loop
      vertex -62.27 -4.45503 0
      vertex -62.6125 -4.2632 16.5
      vertex -62.27 -4.45503 16.5
    endloop
  endfacet
  facet normal 0.488662 0.872473 0
    outer loop
      vertex -62.6125 -4.2632 16.5
      vertex -62.27 -4.45503 0
      vertex -62.6125 -4.2632 0
    endloop
  endfacet
  facet normal -0.195112 -0.980781 0
    outer loop
      vertex -59.2178 4.93844 0
      vertex -58.8328 4.86185 16.5
      vertex -59.2178 4.93844 16.5
    endloop
  endfacet
  facet normal -0.195112 -0.980781 -0
    outer loop
      vertex -58.8328 4.86185 16.5
      vertex -59.2178 4.93844 0
      vertex -58.8328 4.86185 0
    endloop
  endfacet
  facet normal -0.619103 0.78531 0
    outer loop
      vertex -56.7528 -3.80203 0
      vertex -57.0611 -4.04508 16.5
      vertex -56.7528 -3.80203 16.5
    endloop
  endfacet
  facet normal -0.619103 0.78531 0
    outer loop
      vertex -57.0611 -4.04508 16.5
      vertex -56.7528 -3.80203 0
      vertex -57.0611 -4.04508 0
    endloop
  endfacet
  facet normal 0 1 -0
    outer loop
      vertex -54.9771 -8.7 16.5
      vertex -65.0229 -8.7 29
      vertex -54.9771 -8.7 29
    endloop
  endfacet
  facet normal 0 1 0
    outer loop
      vertex -65.0229 -8.7 29
      vertex -54.9771 -8.7 16.5
      vertex -65.0229 -8.7 16.5
    endloop
  endfacet
  facet normal -0.866023 0.500004 0
    outer loop
      vertex -54.9771 -8.7 16.5
      vertex -49.9541 0 29
      vertex -49.9541 0 16.5
    endloop
  endfacet
  facet normal -0.866023 0.500004 0
    outer loop
      vertex -49.9541 0 29
      vertex -54.9771 -8.7 16.5
      vertex -54.9771 -8.7 29
    endloop
  endfacet
  facet normal 0 -1 0
    outer loop
      vertex -65.0229 8.7 16.5
      vertex -54.9771 8.7 29
      vertex -65.0229 8.7 29
    endloop
  endfacet
  facet normal 0 -1 -0
    outer loop
      vertex -54.9771 8.7 29
      vertex -65.0229 8.7 16.5
      vertex -54.9771 8.7 16.5
    endloop
  endfacet
  facet normal -0.866023 -0.500004 0
    outer loop
      vertex -49.9541 0 16.5
      vertex -54.9771 8.7 29
      vertex -54.9771 8.7 16.5
    endloop
  endfacet
  facet normal -0.866023 -0.500004 0
    outer loop
      vertex -54.9771 8.7 29
      vertex -49.9541 0 16.5
      vertex -49.9541 0 29
    endloop
  endfacet
  facet normal 0.866023 -0.500004 0
    outer loop
      vertex -70.0459 0 29
      vertex -65.0229 8.7 16.5
      vertex -65.0229 8.7 29
    endloop
  endfacet
  facet normal 0.866023 -0.500004 0
    outer loop
      vertex -65.0229 8.7 16.5
      vertex -70.0459 0 29
      vertex -70.0459 0 16.5
    endloop
  endfacet
  facet normal 0.866023 0.500004 0
    outer loop
      vertex -65.0229 -8.7 29
      vertex -70.0459 0 16.5
      vertex -70.0459 0 29
    endloop
  endfacet
  facet normal 0.866023 0.500004 0
    outer loop
      vertex -70.0459 0 16.5
      vertex -65.0229 -8.7 29
      vertex -65.0229 -8.7 16.5
    endloop
  endfacet
  facet normal -0 0 1
    outer loop
      vertex -55.7368 2.61249 16.5
      vertex -49.9541 0 16.5
      vertex -54.9771 8.7 16.5
    endloop
  endfacet
  facet normal 0 0 1
    outer loop
      vertex -55.0154 -0.392295 16.5
      vertex -49.9541 0 16.5
      vertex -55 0 16.5
    endloop
  endfacet
  facet normal 0 0 1
    outer loop
      vertex -49.9541 0 16.5
      vertex -55.0154 0.392295 16.5
      vertex -55 0 16.5
    endloop
  endfacet
  facet normal 0 0 1
    outer loop
      vertex -49.9541 0 16.5
      vertex -55.0616 0.782172 16.5
      vertex -55.0154 0.392295 16.5
    endloop
  endfacet
  facet normal 0 0 1
    outer loop
      vertex -49.9541 0 16.5
      vertex -55.1381 1.16723 16.5
      vertex -55.0616 0.782172 16.5
    endloop
  endfacet
  facet normal 0 0 1
    outer loop
      vertex -49.9541 0 16.5
      vertex -55.2447 1.54508 16.5
      vertex -55.1381 1.16723 16.5
    endloop
  endfacet
  facet normal 0 0 1
    outer loop
      vertex -49.9541 0 16.5
      vertex -55.3806 1.91342 16.5
      vertex -55.2447 1.54508 16.5
    endloop
  endfacet
  facet normal 0 0 1
    outer loop
      vertex -49.9541 0 16.5
      vertex -55.545 2.26995 16.5
      vertex -55.3806 1.91342 16.5
    endloop
  endfacet
  facet normal 0 0 1
    outer loop
      vertex -49.9541 0 16.5
      vertex -55.7368 2.61249 16.5
      vertex -55.545 2.26995 16.5
    endloop
  endfacet
  facet normal 0 0 1
    outer loop
      vertex -54.9771 8.7 16.5
      vertex -55.9549 2.93893 16.5
      vertex -55.7368 2.61249 16.5
    endloop
  endfacet
  facet normal 0 0 1
    outer loop
      vertex -54.9771 8.7 16.5
      vertex -56.198 3.24724 16.5
      vertex -55.9549 2.93893 16.5
    endloop
  endfacet
  facet normal 0 0 1
    outer loop
      vertex -54.9771 8.7 16.5
      vertex -56.4645 3.53553 16.5
      vertex -56.198 3.24724 16.5
    endloop
  endfacet
  facet normal 0 0 1
    outer loop
      vertex -54.9771 8.7 16.5
      vertex -56.7528 3.80203 16.5
      vertex -56.4645 3.53553 16.5
    endloop
  endfacet
  facet normal 0 0 1
    outer loop
      vertex -54.9771 8.7 16.5
      vertex -57.0611 4.04508 16.5
      vertex -56.7528 3.80203 16.5
    endloop
  endfacet
  facet normal 0 0 1
    outer loop
      vertex -54.9771 8.7 16.5
      vertex -57.3875 4.2632 16.5
      vertex -57.0611 4.04508 16.5
    endloop
  endfacet
  facet normal 0 0 1
    outer loop
      vertex -54.9771 8.7 16.5
      vertex -57.73 4.45503 16.5
      vertex -57.3875 4.2632 16.5
    endloop
  endfacet
  facet normal 0 0 1
    outer loop
      vertex -54.9771 8.7 16.5
      vertex -58.0866 4.6194 16.5
      vertex -57.73 4.45503 16.5
    endloop
  endfacet
  facet normal 0 0 1
    outer loop
      vertex -54.9771 8.7 16.5
      vertex -58.4549 4.75528 16.5
      vertex -58.0866 4.6194 16.5
    endloop
  endfacet
  facet normal 0 0 1
    outer loop
      vertex -54.9771 8.7 16.5
      vertex -58.8328 4.86185 16.5
      vertex -58.4549 4.75528 16.5
    endloop
  endfacet
  facet normal 0 0 1
    outer loop
      vertex -54.9771 8.7 16.5
      vertex -59.2178 4.93844 16.5
      vertex -58.8328 4.86185 16.5
    endloop
  endfacet
  facet normal 0 0 1
    outer loop
      vertex -54.9771 8.7 16.5
      vertex -59.6077 4.98459 16.5
      vertex -59.2178 4.93844 16.5
    endloop
  endfacet
  facet normal 0 0 1
    outer loop
      vertex -54.9771 8.7 16.5
      vertex -60 5 16.5
      vertex -59.6077 4.98459 16.5
    endloop
  endfacet
  facet normal -0 0 1
    outer loop
      vertex -65.0229 8.7 16.5
      vertex -60 5 16.5
      vertex -54.9771 8.7 16.5
    endloop
  endfacet
  facet normal 0 0 1
    outer loop
      vertex -60 5 16.5
      vertex -65.0229 8.7 16.5
      vertex -60.3923 4.98459 16.5
    endloop
  endfacet
  facet normal 0 0 1
    outer loop
      vertex -60.3923 4.98459 16.5
      vertex -65.0229 8.7 16.5
      vertex -60.7822 4.93844 16.5
    endloop
  endfacet
  facet normal 0 0 1
    outer loop
      vertex -60.7822 4.93844 16.5
      vertex -65.0229 8.7 16.5
      vertex -61.1672 4.86185 16.5
    endloop
  endfacet
  facet normal 0 0 1
    outer loop
      vertex -61.1672 4.86185 16.5
      vertex -65.0229 8.7 16.5
      vertex -61.5451 4.75528 16.5
    endloop
  endfacet
  facet normal 0 0 1
    outer loop
      vertex -61.5451 4.75528 16.5
      vertex -65.0229 8.7 16.5
      vertex -61.9134 4.6194 16.5
    endloop
  endfacet
  facet normal 0 0 1
    outer loop
      vertex -61.9134 4.6194 16.5
      vertex -65.0229 8.7 16.5
      vertex -62.27 4.45503 16.5
    endloop
  endfacet
  facet normal 0 0 1
    outer loop
      vertex -64.9384 0.782172 16.5
      vertex -70.0459 0 16.5
      vertex -64.9846 0.392295 16.5
    endloop
  endfacet
  facet normal 0 0 1
    outer loop
      vertex -64.8618 1.16723 16.5
      vertex -70.0459 0 16.5
      vertex -64.9384 0.782172 16.5
    endloop
  endfacet
  facet normal 0 0 1
    outer loop
      vertex -64.7553 1.54508 16.5
      vertex -70.0459 0 16.5
      vertex -64.8618 1.16723 16.5
    endloop
  endfacet
  facet normal 0 0 1
    outer loop
      vertex -64.6194 1.91342 16.5
      vertex -70.0459 0 16.5
      vertex -64.7553 1.54508 16.5
    endloop
  endfacet
  facet normal 0 0 1
    outer loop
      vertex -64.455 2.26995 16.5
      vertex -70.0459 0 16.5
      vertex -64.6194 1.91342 16.5
    endloop
  endfacet
  facet normal 0 0 1
    outer loop
      vertex -64.2632 2.61249 16.5
      vertex -70.0459 0 16.5
      vertex -64.455 2.26995 16.5
    endloop
  endfacet
  facet normal 0 0 1
    outer loop
      vertex -70.0459 0 16.5
      vertex -64.2632 2.61249 16.5
      vertex -65.0229 8.7 16.5
    endloop
  endfacet
  facet normal 0 0 1
    outer loop
      vertex -64.0451 2.93893 16.5
      vertex -65.0229 8.7 16.5
      vertex -64.2632 2.61249 16.5
    endloop
  endfacet
  facet normal 0 0 1
    outer loop
      vertex -63.802 3.24724 16.5
      vertex -65.0229 8.7 16.5
      vertex -64.0451 2.93893 16.5
    endloop
  endfacet
  facet normal 0 0 1
    outer loop
      vertex -63.5355 3.53553 16.5
      vertex -65.0229 8.7 16.5
      vertex -63.802 3.24724 16.5
    endloop
  endfacet
  facet normal 0 0 1
    outer loop
      vertex -63.2472 3.80203 16.5
      vertex -65.0229 8.7 16.5
      vertex -63.5355 3.53553 16.5
    endloop
  endfacet
  facet normal 0 0 1
    outer loop
      vertex -62.9389 4.04508 16.5
      vertex -65.0229 8.7 16.5
      vertex -63.2472 3.80203 16.5
    endloop
  endfacet
  facet normal 0 0 1
    outer loop
      vertex -62.6125 4.2632 16.5
      vertex -65.0229 8.7 16.5
      vertex -62.9389 4.04508 16.5
    endloop
  endfacet
  facet normal 0 0 1
    outer loop
      vertex -62.27 4.45503 16.5
      vertex -65.0229 8.7 16.5
      vertex -62.6125 4.2632 16.5
    endloop
  endfacet
  facet normal 0 0 1
    outer loop
      vertex -55.0616 -0.782172 16.5
      vertex -49.9541 0 16.5
      vertex -55.0154 -0.392295 16.5
    endloop
  endfacet
  facet normal 0 0 1
    outer loop
      vertex -55.1381 -1.16723 16.5
      vertex -49.9541 0 16.5
      vertex -55.0616 -0.782172 16.5
    endloop
  endfacet
  facet normal 0 0 1
    outer loop
      vertex -55.2447 -1.54508 16.5
      vertex -49.9541 0 16.5
      vertex -55.1381 -1.16723 16.5
    endloop
  endfacet
  facet normal 0 0 1
    outer loop
      vertex -55.3806 -1.91342 16.5
      vertex -49.9541 0 16.5
      vertex -55.2447 -1.54508 16.5
    endloop
  endfacet
  facet normal 0 0 1
    outer loop
      vertex -55.545 -2.26995 16.5
      vertex -49.9541 0 16.5
      vertex -55.3806 -1.91342 16.5
    endloop
  endfacet
  facet normal 0 0 1
    outer loop
      vertex -55.7368 -2.61249 16.5
      vertex -49.9541 0 16.5
      vertex -55.545 -2.26995 16.5
    endloop
  endfacet
  facet normal 0 0 1
    outer loop
      vertex -49.9541 0 16.5
      vertex -55.7368 -2.61249 16.5
      vertex -54.9771 -8.7 16.5
    endloop
  endfacet
  facet normal -0 0 1
    outer loop
      vertex -55.9549 -2.93893 16.5
      vertex -54.9771 -8.7 16.5
      vertex -55.7368 -2.61249 16.5
    endloop
  endfacet
  facet normal -0 0 1
    outer loop
      vertex -56.198 -3.24724 16.5
      vertex -54.9771 -8.7 16.5
      vertex -55.9549 -2.93893 16.5
    endloop
  endfacet
  facet normal -0 0 1
    outer loop
      vertex -56.4645 -3.53553 16.5
      vertex -54.9771 -8.7 16.5
      vertex -56.198 -3.24724 16.5
    endloop
  endfacet
  facet normal -0 0 1
    outer loop
      vertex -56.7528 -3.80203 16.5
      vertex -54.9771 -8.7 16.5
      vertex -56.4645 -3.53553 16.5
    endloop
  endfacet
  facet normal -0 0 1
    outer loop
      vertex -57.0611 -4.04508 16.5
      vertex -54.9771 -8.7 16.5
      vertex -56.7528 -3.80203 16.5
    endloop
  endfacet
  facet normal -0 0 1
    outer loop
      vertex -57.3875 -4.2632 16.5
      vertex -54.9771 -8.7 16.5
      vertex -57.0611 -4.04508 16.5
    endloop
  endfacet
  facet normal -0 0 1
    outer loop
      vertex -57.73 -4.45503 16.5
      vertex -54.9771 -8.7 16.5
      vertex -57.3875 -4.2632 16.5
    endloop
  endfacet
  facet normal -0 0 1
    outer loop
      vertex -58.0866 -4.6194 16.5
      vertex -54.9771 -8.7 16.5
      vertex -57.73 -4.45503 16.5
    endloop
  endfacet
  facet normal -0 0 1
    outer loop
      vertex -58.4549 -4.75528 16.5
      vertex -54.9771 -8.7 16.5
      vertex -58.0866 -4.6194 16.5
    endloop
  endfacet
  facet normal -0 0 1
    outer loop
      vertex -58.8328 -4.86185 16.5
      vertex -54.9771 -8.7 16.5
      vertex -58.4549 -4.75528 16.5
    endloop
  endfacet
  facet normal -0 0 1
    outer loop
      vertex -59.2178 -4.93844 16.5
      vertex -54.9771 -8.7 16.5
      vertex -58.8328 -4.86185 16.5
    endloop
  endfacet
  facet normal -0 0 1
    outer loop
      vertex -59.6077 -4.98459 16.5
      vertex -54.9771 -8.7 16.5
      vertex -59.2178 -4.93844 16.5
    endloop
  endfacet
  facet normal -0 0 1
    outer loop
      vertex -60 -5 16.5
      vertex -54.9771 -8.7 16.5
      vertex -59.6077 -4.98459 16.5
    endloop
  endfacet
  facet normal 0 0 1
    outer loop
      vertex -65.0229 -8.7 16.5
      vertex -60 -5 16.5
      vertex -60.3923 -4.98459 16.5
    endloop
  endfacet
  facet normal 0 0 1
    outer loop
      vertex -65.0229 -8.7 16.5
      vertex -60.3923 -4.98459 16.5
      vertex -60.7822 -4.93844 16.5
    endloop
  endfacet
  facet normal 0 0 1
    outer loop
      vertex -65.0229 -8.7 16.5
      vertex -60.7822 -4.93844 16.5
      vertex -61.1672 -4.86185 16.5
    endloop
  endfacet
  facet normal 0 0 1
    outer loop
      vertex -65.0229 -8.7 16.5
      vertex -61.1672 -4.86185 16.5
      vertex -61.5451 -4.75528 16.5
    endloop
  endfacet
  facet normal 0 0 1
    outer loop
      vertex -65.0229 -8.7 16.5
      vertex -61.5451 -4.75528 16.5
      vertex -61.9134 -4.6194 16.5
    endloop
  endfacet
  facet normal 0 0 1
    outer loop
      vertex -65.0229 -8.7 16.5
      vertex -61.9134 -4.6194 16.5
      vertex -62.27 -4.45503 16.5
    endloop
  endfacet
  facet normal 0 0 1
    outer loop
      vertex -65.0229 -8.7 16.5
      vertex -62.27 -4.45503 16.5
      vertex -62.6125 -4.2632 16.5
    endloop
  endfacet
  facet normal 0 0 1
    outer loop
      vertex -60 -5 16.5
      vertex -65.0229 -8.7 16.5
      vertex -54.9771 -8.7 16.5
    endloop
  endfacet
  facet normal 0 0 1
    outer loop
      vertex -62.9389 -4.04508 16.5
      vertex -65.0229 -8.7 16.5
      vertex -62.6125 -4.2632 16.5
    endloop
  endfacet
  facet normal 0 0 1
    outer loop
      vertex -63.2472 -3.80203 16.5
      vertex -65.0229 -8.7 16.5
      vertex -62.9389 -4.04508 16.5
    endloop
  endfacet
  facet normal 0 0 1
    outer loop
      vertex -63.5355 -3.53553 16.5
      vertex -65.0229 -8.7 16.5
      vertex -63.2472 -3.80203 16.5
    endloop
  endfacet
  facet normal 0 0 1
    outer loop
      vertex -63.802 -3.24724 16.5
      vertex -65.0229 -8.7 16.5
      vertex -63.5355 -3.53553 16.5
    endloop
  endfacet
  facet normal 0 0 1
    outer loop
      vertex -64.0451 -2.93893 16.5
      vertex -65.0229 -8.7 16.5
      vertex -63.802 -3.24724 16.5
    endloop
  endfacet
  facet normal 0 0 1
    outer loop
      vertex -64.2632 -2.61249 16.5
      vertex -65.0229 -8.7 16.5
      vertex -64.0451 -2.93893 16.5
    endloop
  endfacet
  facet normal 0 0 1
    outer loop
      vertex -70.0459 0 16.5
      vertex -64.2632 -2.61249 16.5
      vertex -64.455 -2.26995 16.5
    endloop
  endfacet
  facet normal 0 0 1
    outer loop
      vertex -70.0459 0 16.5
      vertex -64.455 -2.26995 16.5
      vertex -64.6194 -1.91342 16.5
    endloop
  endfacet
  facet normal 0 0 1
    outer loop
      vertex -70.0459 0 16.5
      vertex -64.6194 -1.91342 16.5
      vertex -64.7553 -1.54508 16.5
    endloop
  endfacet
  facet normal 0 0 1
    outer loop
      vertex -70.0459 0 16.5
      vertex -64.7553 -1.54508 16.5
      vertex -64.8618 -1.16723 16.5
    endloop
  endfacet
  facet normal 0 0 1
    outer loop
      vertex -70.0459 0 16.5
      vertex -64.8618 -1.16723 16.5
      vertex -64.9384 -0.782172 16.5
    endloop
  endfacet
  facet normal 0 0 1
    outer loop
      vertex -70.0459 0 16.5
      vertex -64.9384 -0.782172 16.5
      vertex -64.9846 -0.392295 16.5
    endloop
  endfacet
  facet normal -0 0 1
    outer loop
      vertex -70.0459 0 16.5
      vertex -64.9846 -0.392295 16.5
      vertex -65 0 16.5
    endloop
  endfacet
  facet normal 0 0 1
    outer loop
      vertex -64.9846 0.392295 16.5
      vertex -70.0459 0 16.5
      vertex -65 0 16.5
    endloop
  endfacet
  facet normal 0 0 1
    outer loop
      vertex -64.2632 -2.61249 16.5
      vertex -70.0459 0 16.5
      vertex -65.0229 -8.7 16.5
    endloop
  endfacet
  facet normal -0.615291 -0.355749 0.703462
    outer loop
      vertex -48.8606 0.0861324 30
      vertex -49.9541 0 29
      vertex -48.8108 0 30
    endloop
  endfacet
  facet normal -0.615421 -0.355317 0.703567
    outer loop
      vertex -49.9541 0 29
      vertex -48.8606 0.0861324 30
      vertex -54.9771 8.7 29
    endloop
  endfacet
  facet normal -0.615291 0.355749 0.703462
    outer loop
      vertex -49.9541 0 29
      vertex -48.8606 -0.0861324 30
      vertex -48.8108 0 30
    endloop
  endfacet
  facet normal -0.615421 0.355317 0.703567
    outer loop
      vertex -48.8606 -0.0861324 30
      vertex -49.9541 0 29
      vertex -54.9771 -8.7 29
    endloop
  endfacet
  facet normal 0.615396 0.355296 0.7036
    outer loop
      vertex -65.5946 -9.6901 30
      vertex -65.0229 -8.7 29
      vertex -71.1394 -0.0861324 30
    endloop
  endfacet
  facet normal 0.615396 -0.355296 0.7036
    outer loop
      vertex -65.0229 8.7 29
      vertex -65.5946 9.6901 30
      vertex -71.1394 0.0861324 30
    endloop
  endfacet
  facet normal -0.615396 -0.355296 0.7036
    outer loop
      vertex -48.8606 0.0861324 30
      vertex -54.4054 9.6901 30
      vertex -54.9771 8.7 29
    endloop
  endfacet
  facet normal -0.615396 0.355296 0.7036
    outer loop
      vertex -54.4054 -9.6901 30
      vertex -48.8606 -0.0861324 30
      vertex -54.9771 -8.7 29
    endloop
  endfacet
  facet normal 0 0.710616 0.70358
    outer loop
      vertex -54.9771 -8.7 29
      vertex -65.5946 -9.6901 30
      vertex -54.4054 -9.6901 30
    endloop
  endfacet
  facet normal 0 0.710616 0.70358
    outer loop
      vertex -65.5946 -9.6901 30
      vertex -54.9771 -8.7 29
      vertex -65.0229 -8.7 29
    endloop
  endfacet
  facet normal 0.615421 0.355317 0.703567
    outer loop
      vertex -70.0459 0 29
      vertex -71.1394 -0.0861324 30
      vertex -65.0229 -8.7 29
    endloop
  endfacet
  facet normal 0.615291 0.355749 0.703462
    outer loop
      vertex -71.1394 -0.0861324 30
      vertex -70.0459 0 29
      vertex -71.1892 0 30
    endloop
  endfacet
  facet normal 0.615421 -0.355317 0.703567
    outer loop
      vertex -71.1394 0.0861324 30
      vertex -70.0459 0 29
      vertex -65.0229 8.7 29
    endloop
  endfacet
  facet normal 0.615291 -0.355749 0.703462
    outer loop
      vertex -70.0459 0 29
      vertex -71.1394 0.0861324 30
      vertex -71.1892 0 30
    endloop
  endfacet
  facet normal 0 -0.710616 0.70358
    outer loop
      vertex -65.0229 8.7 29
      vertex -54.4054 9.6901 30
      vertex -65.5946 9.6901 30
    endloop
  endfacet
  facet normal 0 -0.710616 0.70358
    outer loop
      vertex -54.4054 9.6901 30
      vertex -65.0229 8.7 29
      vertex -54.9771 8.7 29
    endloop
  endfacet
  facet normal 0 0 1
    outer loop
      vertex -59.8712 -12.9288 29.4
      vertex -61.199 -13.3843 29.4
      vertex -59.8712 -13.3843 29.4
    endloop
  endfacet
  facet normal 0 0 1
    outer loop
      vertex -61.199 -13.3843 29.4
      vertex -61.7157 -13.3843 29.4
      vertex -61.199 -16.9787 29.4
    endloop
  endfacet
  facet normal 0 0 1
    outer loop
      vertex -59.8712 -12.9288 29.4
      vertex -61.7157 -13.3843 29.4
      vertex -61.199 -13.3843 29.4
    endloop
  endfacet
  facet normal -0 0 1
    outer loop
      vertex -63.049 -12.9288 29.4
      vertex -61.7157 -13.3843 29.4
      vertex -59.8712 -12.9288 29.4
    endloop
  endfacet
  facet normal 0 0 1
    outer loop
      vertex -61.7157 -13.3843 29.4
      vertex -63.049 -12.9288 29.4
      vertex -63.049 -13.3843 29.4
    endloop
  endfacet
  facet normal 0 0 1
    outer loop
      vertex -61.199 -16.9787 29.4
      vertex -61.7157 -13.3843 29.4
      vertex -61.7157 -16.9787 29.4
    endloop
  endfacet
  facet normal -0 0 1
    outer loop
      vertex -58.4428 -13.4497 29.4
      vertex -58.4119 -14.1176 29.4
      vertex -58.3868 -13.3588 29.4
    endloop
  endfacet
  facet normal -0 0 1
    outer loop
      vertex -58.5085 -13.5241 29.4
      vertex -58.4119 -14.1176 29.4
      vertex -58.4428 -13.4497 29.4
    endloop
  endfacet
  facet normal -0 0 1
    outer loop
      vertex -58.587 -13.5844 29.4
      vertex -58.4119 -14.1176 29.4
      vertex -58.5085 -13.5241 29.4
    endloop
  endfacet
  facet normal -0 0 1
    outer loop
      vertex -58.6816 -13.6331 29.4
      vertex -58.4119 -14.1176 29.4
      vertex -58.587 -13.5844 29.4
    endloop
  endfacet
  facet normal -0 0 1
    outer loop
      vertex -58.7954 -13.6728 29.4
      vertex -58.4119 -14.1176 29.4
      vertex -58.6816 -13.6331 29.4
    endloop
  endfacet
  facet normal -0 0 1
    outer loop
      vertex -58.9317 -13.7059 29.4
      vertex -58.4119 -14.1176 29.4
      vertex -58.7954 -13.6728 29.4
    endloop
  endfacet
  facet normal 0 0 1
    outer loop
      vertex -59.2841 -14.1176 29.4
      vertex -58.9317 -13.7059 29.4
      vertex -59.0935 -13.7348 29.4
    endloop
  endfacet
  facet normal 0 0 1
    outer loop
      vertex -59.2841 -14.1176 29.4
      vertex -59.0935 -13.7348 29.4
      vertex -59.2841 -13.7621 29.4
    endloop
  endfacet
  facet normal 0 0 1
    outer loop
      vertex -58.9317 -13.7059 29.4
      vertex -59.2841 -14.1176 29.4
      vertex -58.4119 -14.1176 29.4
    endloop
  endfacet
  facet normal 0 0 1
    outer loop
      vertex -58.2912 -13.1174 29.4
      vertex -57.923 -12.9621 29.4
      vertex -58.2453 -12.9621 29.4
    endloop
  endfacet
  facet normal 0 0 1
    outer loop
      vertex -58.3374 -13.2489 29.4
      vertex -57.923 -12.9621 29.4
      vertex -58.2912 -13.1174 29.4
    endloop
  endfacet
  facet normal 0 0 1
    outer loop
      vertex -58.3868 -13.3588 29.4
      vertex -57.923 -12.9621 29.4
      vertex -58.3374 -13.2489 29.4
    endloop
  endfacet
  facet normal 0 0 1
    outer loop
      vertex -57.923 -12.9621 29.4
      vertex -58.3868 -13.3588 29.4
      vertex -58.4119 -14.1176 29.4
    endloop
  endfacet
  facet normal 0 0 1
    outer loop
      vertex -57.923 -12.9621 29.4
      vertex -58.4119 -14.1176 29.4
      vertex -57.923 -16.9787 29.4
    endloop
  endfacet
  facet normal 0 0 1
    outer loop
      vertex -57.923 -16.9787 29.4
      vertex -58.4119 -14.1176 29.4
      vertex -58.4119 -16.9787 29.4
    endloop
  endfacet
  facet normal 0 1 -0
    outer loop
      vertex -59.8712 -13.3843 29.4
      vertex -61.199 -13.3843 30
      vertex -59.8712 -13.3843 30
    endloop
  endfacet
  facet normal 0 1 0
    outer loop
      vertex -61.199 -13.3843 30
      vertex -59.8712 -13.3843 29.4
      vertex -61.199 -13.3843 29.4
    endloop
  endfacet
  facet normal -1 0 0
    outer loop
      vertex -59.8712 -13.3843 29.4
      vertex -59.8712 -12.9288 30
      vertex -59.8712 -12.9288 29.4
    endloop
  endfacet
  facet normal -1 -0 0
    outer loop
      vertex -59.8712 -12.9288 30
      vertex -59.8712 -13.3843 29.4
      vertex -59.8712 -13.3843 30
    endloop
  endfacet
  facet normal 0 -1 0
    outer loop
      vertex -63.049 -12.9288 29.4
      vertex -59.8712 -12.9288 30
      vertex -63.049 -12.9288 30
    endloop
  endfacet
  facet normal 0 -1 -0
    outer loop
      vertex -59.8712 -12.9288 30
      vertex -63.049 -12.9288 29.4
      vertex -59.8712 -12.9288 29.4
    endloop
  endfacet
  facet normal 1 -0 0
    outer loop
      vertex -63.049 -13.3843 30
      vertex -63.049 -12.9288 29.4
      vertex -63.049 -12.9288 30
    endloop
  endfacet
  facet normal 1 0 0
    outer loop
      vertex -63.049 -12.9288 29.4
      vertex -63.049 -13.3843 30
      vertex -63.049 -13.3843 29.4
    endloop
  endfacet
  facet normal 0 1 -0
    outer loop
      vertex -61.7157 -13.3843 29.4
      vertex -63.049 -13.3843 30
      vertex -61.7157 -13.3843 30
    endloop
  endfacet
  facet normal 0 1 0
    outer loop
      vertex -63.049 -13.3843 30
      vertex -61.7157 -13.3843 29.4
      vertex -63.049 -13.3843 29.4
    endloop
  endfacet
  facet normal 1 -0 0
    outer loop
      vertex -61.7157 -16.9787 30
      vertex -61.7157 -13.3843 29.4
      vertex -61.7157 -13.3843 30
    endloop
  endfacet
  facet normal 1 0 0
    outer loop
      vertex -61.7157 -13.3843 29.4
      vertex -61.7157 -16.9787 30
      vertex -61.7157 -16.9787 29.4
    endloop
  endfacet
  facet normal 0 1 -0
    outer loop
      vertex -61.199 -16.9787 29.4
      vertex -61.7157 -16.9787 30
      vertex -61.199 -16.9787 30
    endloop
  endfacet
  facet normal 0 1 0
    outer loop
      vertex -61.7157 -16.9787 30
      vertex -61.199 -16.9787 29.4
      vertex -61.7157 -16.9787 29.4
    endloop
  endfacet
  facet normal -1 0 0
    outer loop
      vertex -61.199 -16.9787 29.4
      vertex -61.199 -13.3843 30
      vertex -61.199 -13.3843 29.4
    endloop
  endfacet
  facet normal -1 -0 0
    outer loop
      vertex -61.199 -13.3843 30
      vertex -61.199 -16.9787 29.4
      vertex -61.199 -16.9787 30
    endloop
  endfacet
  facet normal 0 -1 0
    outer loop
      vertex -58.2453 -12.9621 29.4
      vertex -57.923 -12.9621 30
      vertex -58.2453 -12.9621 30
    endloop
  endfacet
  facet normal 0 -1 -0
    outer loop
      vertex -57.923 -12.9621 30
      vertex -58.2453 -12.9621 29.4
      vertex -57.923 -12.9621 29.4
    endloop
  endfacet
  facet normal 0.958991 -0.283436 0
    outer loop
      vertex -58.2912 -13.1174 30
      vertex -58.2453 -12.9621 29.4
      vertex -58.2453 -12.9621 30
    endloop
  endfacet
  facet normal 0.958991 -0.283436 0
    outer loop
      vertex -58.2453 -12.9621 29.4
      vertex -58.2912 -13.1174 30
      vertex -58.2912 -13.1174 29.4
    endloop
  endfacet
  facet normal 0.943466 -0.331469 0
    outer loop
      vertex -58.3374 -13.2489 30
      vertex -58.2912 -13.1174 29.4
      vertex -58.2912 -13.1174 30
    endloop
  endfacet
  facet normal 0.943466 -0.331469 0
    outer loop
      vertex -58.2912 -13.1174 29.4
      vertex -58.3374 -13.2489 30
      vertex -58.3374 -13.2489 29.4
    endloop
  endfacet
  facet normal 0.912092 -0.409985 0
    outer loop
      vertex -58.3868 -13.3588 30
      vertex -58.3374 -13.2489 29.4
      vertex -58.3374 -13.2489 30
    endloop
  endfacet
  facet normal 0.912092 -0.409985 0
    outer loop
      vertex -58.3374 -13.2489 29.4
      vertex -58.3868 -13.3588 30
      vertex -58.3868 -13.3588 29.4
    endloop
  endfacet
  facet normal 0.851401 -0.524515 0
    outer loop
      vertex -58.4428 -13.4497 30
      vertex -58.3868 -13.3588 29.4
      vertex -58.3868 -13.3588 30
    endloop
  endfacet
  facet normal 0.851401 -0.524515 0
    outer loop
      vertex -58.3868 -13.3588 29.4
      vertex -58.4428 -13.4497 30
      vertex -58.4428 -13.4497 29.4
    endloop
  endfacet
  facet normal 0.749573 -0.661921 0
    outer loop
      vertex -58.5085 -13.5241 30
      vertex -58.4428 -13.4497 29.4
      vertex -58.4428 -13.4497 30
    endloop
  endfacet
  facet normal 0.749573 -0.661921 0
    outer loop
      vertex -58.4428 -13.4497 29.4
      vertex -58.5085 -13.5241 30
      vertex -58.5085 -13.5241 29.4
    endloop
  endfacet
  facet normal 0.609174 -0.793037 0
    outer loop
      vertex -58.587 -13.5844 29.4
      vertex -58.5085 -13.5241 30
      vertex -58.587 -13.5844 30
    endloop
  endfacet
  facet normal 0.609174 -0.793037 0
    outer loop
      vertex -58.5085 -13.5241 30
      vertex -58.587 -13.5844 29.4
      vertex -58.5085 -13.5241 29.4
    endloop
  endfacet
  facet normal 0.457709 -0.889102 0
    outer loop
      vertex -58.6816 -13.6331 29.4
      vertex -58.587 -13.5844 30
      vertex -58.6816 -13.6331 30
    endloop
  endfacet
  facet normal 0.457709 -0.889102 0
    outer loop
      vertex -58.587 -13.5844 30
      vertex -58.6816 -13.6331 29.4
      vertex -58.587 -13.5844 29.4
    endloop
  endfacet
  facet normal 0.329389 -0.944194 0
    outer loop
      vertex -58.7954 -13.6728 29.4
      vertex -58.6816 -13.6331 30
      vertex -58.7954 -13.6728 30
    endloop
  endfacet
  facet normal 0.329389 -0.944194 0
    outer loop
      vertex -58.6816 -13.6331 30
      vertex -58.7954 -13.6728 29.4
      vertex -58.6816 -13.6331 29.4
    endloop
  endfacet
  facet normal 0.235988 -0.971756 0
    outer loop
      vertex -58.9317 -13.7059 29.4
      vertex -58.7954 -13.6728 30
      vertex -58.9317 -13.7059 30
    endloop
  endfacet
  facet normal 0.235988 -0.971756 0
    outer loop
      vertex -58.7954 -13.6728 30
      vertex -58.9317 -13.7059 29.4
      vertex -58.7954 -13.6728 29.4
    endloop
  endfacet
  facet normal 0.175833 -0.98442 0
    outer loop
      vertex -59.0935 -13.7348 29.4
      vertex -58.9317 -13.7059 30
      vertex -59.0935 -13.7348 30
    endloop
  endfacet
  facet normal 0.175833 -0.98442 0
    outer loop
      vertex -58.9317 -13.7059 30
      vertex -59.0935 -13.7348 29.4
      vertex -58.9317 -13.7059 29.4
    endloop
  endfacet
  facet normal 0.141785 -0.989897 0
    outer loop
      vertex -59.2841 -13.7621 29.4
      vertex -59.0935 -13.7348 30
      vertex -59.2841 -13.7621 30
    endloop
  endfacet
  facet normal 0.141785 -0.989897 0
    outer loop
      vertex -59.0935 -13.7348 30
      vertex -59.2841 -13.7621 29.4
      vertex -59.0935 -13.7348 29.4
    endloop
  endfacet
  facet normal 1 -0 0
    outer loop
      vertex -59.2841 -14.1176 30
      vertex -59.2841 -13.7621 29.4
      vertex -59.2841 -13.7621 30
    endloop
  endfacet
  facet normal 1 0 0
    outer loop
      vertex -59.2841 -13.7621 29.4
      vertex -59.2841 -14.1176 30
      vertex -59.2841 -14.1176 29.4
    endloop
  endfacet
  facet normal 0 1 -0
    outer loop
      vertex -58.4119 -14.1176 29.4
      vertex -59.2841 -14.1176 30
      vertex -58.4119 -14.1176 30
    endloop
  endfacet
  facet normal 0 1 0
    outer loop
      vertex -59.2841 -14.1176 30
      vertex -58.4119 -14.1176 29.4
      vertex -59.2841 -14.1176 29.4
    endloop
  endfacet
  facet normal 1 -0 0
    outer loop
      vertex -58.4119 -16.9787 30
      vertex -58.4119 -14.1176 29.4
      vertex -58.4119 -14.1176 30
    endloop
  endfacet
  facet normal 1 0 0
    outer loop
      vertex -58.4119 -14.1176 29.4
      vertex -58.4119 -16.9787 30
      vertex -58.4119 -16.9787 29.4
    endloop
  endfacet
  facet normal 0 1 -0
    outer loop
      vertex -57.923 -16.9787 29.4
      vertex -58.4119 -16.9787 30
      vertex -57.923 -16.9787 30
    endloop
  endfacet
  facet normal 0 1 0
    outer loop
      vertex -58.4119 -16.9787 30
      vertex -57.923 -16.9787 29.4
      vertex -58.4119 -16.9787 29.4
    endloop
  endfacet
  facet normal -1 0 0
    outer loop
      vertex -57.923 -16.9787 29.4
      vertex -57.923 -12.9621 30
      vertex -57.923 -12.9621 29.4
    endloop
  endfacet
  facet normal -1 -0 0
    outer loop
      vertex -57.923 -12.9621 30
      vertex -57.923 -16.9787 29.4
      vertex -57.923 -16.9787 30
    endloop
  endfacet
  facet normal -0.938181 0.346144 0
    outer loop
      vertex -15.3806 -1.91342 0
      vertex -15.2447 -1.54508 16.5
      vertex -15.2447 -1.54508 0
    endloop
  endfacet
  facet normal -0.938181 0.346144 0
    outer loop
      vertex -15.2447 -1.54508 16.5
      vertex -15.3806 -1.91342 0
      vertex -15.3806 -1.91342 16.5
    endloop
  endfacet
  facet normal -0.993052 -0.117676 0
    outer loop
      vertex -15.0154 0.392295 0
      vertex -15.0616 0.782172 16.5
      vertex -15.0616 0.782172 0
    endloop
  endfacet
  facet normal -0.993052 -0.117676 0
    outer loop
      vertex -15.0616 0.782172 16.5
      vertex -15.0154 0.392295 0
      vertex -15.0154 0.392295 16.5
    endloop
  endfacet
  facet normal -0.99923 -0.039226 0
    outer loop
      vertex -15 0 0
      vertex -15.0154 0.392295 16.5
      vertex -15.0154 0.392295 0
    endloop
  endfacet
  facet normal -0.99923 -0.039226 0
    outer loop
      vertex -15.0154 0.392295 16.5
      vertex -15 0 0
      vertex -15 0 16.5
    endloop
  endfacet
  facet normal -0.980782 -0.195108 0
    outer loop
      vertex -15.0616 0.782172 0
      vertex -15.1382 1.16723 16.5
      vertex -15.1382 1.16723 0
    endloop
  endfacet
  facet normal -0.980782 -0.195108 0
    outer loop
      vertex -15.1382 1.16723 16.5
      vertex -15.0616 0.782172 0
      vertex -15.0616 0.782172 16.5
    endloop
  endfacet
  facet normal 0.831493 -0.555535 0
    outer loop
      vertex -24.2632 2.61249 16.5
      vertex -24.0451 2.93893 0
      vertex -24.0451 2.93893 16.5
    endloop
  endfacet
  facet normal 0.831493 -0.555535 0
    outer loop
      vertex -24.0451 2.93893 0
      vertex -24.2632 2.61249 16.5
      vertex -24.2632 2.61249 0
    endloop
  endfacet
  facet normal -0.785257 0.619169 0
    outer loop
      vertex -16.198 -3.24724 0
      vertex -15.9549 -2.93893 16.5
      vertex -15.9549 -2.93893 0
    endloop
  endfacet
  facet normal -0.785257 0.619169 0
    outer loop
      vertex -15.9549 -2.93893 16.5
      vertex -16.198 -3.24724 0
      vertex -16.198 -3.24724 16.5
    endloop
  endfacet
  facet normal -0.619103 -0.78531 0
    outer loop
      vertex -17.0611 4.04508 0
      vertex -16.7528 3.80203 16.5
      vertex -17.0611 4.04508 16.5
    endloop
  endfacet
  facet normal -0.619103 -0.78531 -0
    outer loop
      vertex -16.7528 3.80203 16.5
      vertex -17.0611 4.04508 0
      vertex -16.7528 3.80203 0
    endloop
  endfacet
  facet normal -0.908107 0.418738 0
    outer loop
      vertex -15.545 -2.26995 0
      vertex -15.3806 -1.91342 16.5
      vertex -15.3806 -1.91342 0
    endloop
  endfacet
  facet normal -0.908107 0.418738 0
    outer loop
      vertex -15.3806 -1.91342 16.5
      vertex -15.545 -2.26995 0
      vertex -15.545 -2.26995 16.5
    endloop
  endfacet
  facet normal -0.27142 -0.962461 0
    outer loop
      vertex -18.8328 4.86185 0
      vertex -18.4549 4.75528 16.5
      vertex -18.8328 4.86185 16.5
    endloop
  endfacet
  facet normal -0.27142 -0.962461 -0
    outer loop
      vertex -18.4549 4.75528 16.5
      vertex -18.8328 4.86185 0
      vertex -18.4549 4.75528 0
    endloop
  endfacet
  facet normal 0.678798 0.734325 -0
    outer loop
      vertex -23.2472 -3.80203 0
      vertex -23.5355 -3.53553 16.5
      vertex -23.2472 -3.80203 16.5
    endloop
  endfacet
  facet normal 0.678798 0.734325 0
    outer loop
      vertex -23.5355 -3.53553 16.5
      vertex -23.2472 -3.80203 0
      vertex -23.5355 -3.53553 0
    endloop
  endfacet
  facet normal 0.27142 -0.962461 0
    outer loop
      vertex -21.5451 4.75528 0
      vertex -21.1672 4.86185 16.5
      vertex -21.5451 4.75528 16.5
    endloop
  endfacet
  facet normal 0.27142 -0.962461 0
    outer loop
      vertex -21.1672 4.86185 16.5
      vertex -21.5451 4.75528 0
      vertex -21.1672 4.86185 0
    endloop
  endfacet
  facet normal 0.619103 0.78531 -0
    outer loop
      vertex -22.9389 -4.04508 0
      vertex -23.2472 -3.80203 16.5
      vertex -22.9389 -4.04508 16.5
    endloop
  endfacet
  facet normal 0.619103 0.78531 0
    outer loop
      vertex -23.2472 -3.80203 16.5
      vertex -22.9389 -4.04508 0
      vertex -23.2472 -3.80203 0
    endloop
  endfacet
  facet normal -0.555617 0.831438 0
    outer loop
      vertex -17.0611 -4.04508 0
      vertex -17.3875 -4.2632 16.5
      vertex -17.0611 -4.04508 16.5
    endloop
  endfacet
  facet normal -0.555617 0.831438 0
    outer loop
      vertex -17.3875 -4.2632 16.5
      vertex -17.0611 -4.04508 0
      vertex -17.3875 -4.2632 0
    endloop
  endfacet
  facet normal -0.734313 0.678811 0
    outer loop
      vertex -16.4645 -3.53553 0
      vertex -16.198 -3.24724 16.5
      vertex -16.198 -3.24724 0
    endloop
  endfacet
  facet normal -0.734313 0.678811 0
    outer loop
      vertex -16.198 -3.24724 16.5
      vertex -16.4645 -3.53553 0
      vertex -16.4645 -3.53553 16.5
    endloop
  endfacet
  facet normal -0.117543 0.993068 0
    outer loop
      vertex -19.2178 -4.93844 0
      vertex -19.6077 -4.98459 16.5
      vertex -19.2178 -4.93844 16.5
    endloop
  endfacet
  facet normal -0.117543 0.993068 0
    outer loop
      vertex -19.6077 -4.98459 16.5
      vertex -19.2178 -4.93844 0
      vertex -19.6077 -4.98459 0
    endloop
  endfacet
  facet normal 0.488662 -0.872473 0
    outer loop
      vertex -22.6125 4.2632 0
      vertex -22.27 4.45503 16.5
      vertex -22.6125 4.2632 16.5
    endloop
  endfacet
  facet normal 0.488662 -0.872473 0
    outer loop
      vertex -22.27 4.45503 16.5
      vertex -22.6125 4.2632 0
      vertex -22.27 4.45503 0
    endloop
  endfacet
  facet normal 0.908107 -0.418738 0
    outer loop
      vertex -24.6194 1.91342 16.5
      vertex -24.455 2.26995 0
      vertex -24.455 2.26995 16.5
    endloop
  endfacet
  facet normal 0.908107 -0.418738 0
    outer loop
      vertex -24.455 2.26995 0
      vertex -24.6194 1.91342 16.5
      vertex -24.6194 1.91342 0
    endloop
  endfacet
  facet normal 0.678798 -0.734325 0
    outer loop
      vertex -23.5355 3.53553 0
      vertex -23.2472 3.80203 16.5
      vertex -23.5355 3.53553 16.5
    endloop
  endfacet
  facet normal 0.678798 -0.734325 0
    outer loop
      vertex -23.2472 3.80203 16.5
      vertex -23.5355 3.53553 0
      vertex -23.2472 3.80203 0
    endloop
  endfacet
  facet normal 0.938181 0.346144 0
    outer loop
      vertex -24.6194 -1.91342 16.5
      vertex -24.7553 -1.54508 0
      vertex -24.7553 -1.54508 16.5
    endloop
  endfacet
  facet normal 0.938181 0.346144 0
    outer loop
      vertex -24.7553 -1.54508 0
      vertex -24.6194 -1.91342 16.5
      vertex -24.6194 -1.91342 0
    endloop
  endfacet
  facet normal -0.980782 0.195108 0
    outer loop
      vertex -15.1382 -1.16723 0
      vertex -15.0616 -0.782172 16.5
      vertex -15.0616 -0.782172 0
    endloop
  endfacet
  facet normal -0.980782 0.195108 0
    outer loop
      vertex -15.0616 -0.782172 16.5
      vertex -15.1382 -1.16723 0
      vertex -15.1382 -1.16723 16.5
    endloop
  endfacet
  facet normal -0.99923 0.039226 0
    outer loop
      vertex -15.0154 -0.392295 0
      vertex -15 0 16.5
      vertex -15 0 0
    endloop
  endfacet
  facet normal -0.99923 0.039226 0
    outer loop
      vertex -15 0 16.5
      vertex -15.0154 -0.392295 0
      vertex -15.0154 -0.392295 16.5
    endloop
  endfacet
  facet normal -0.962498 -0.271288 0
    outer loop
      vertex -15.1382 1.16723 0
      vertex -15.2447 1.54508 16.5
      vertex -15.2447 1.54508 0
    endloop
  endfacet
  facet normal -0.962498 -0.271288 0
    outer loop
      vertex -15.2447 1.54508 16.5
      vertex -15.1382 1.16723 0
      vertex -15.1382 1.16723 16.5
    endloop
  endfacet
  facet normal 0.993052 0.117676 0
    outer loop
      vertex -24.9384 -0.782172 16.5
      vertex -24.9846 -0.392295 0
      vertex -24.9846 -0.392295 16.5
    endloop
  endfacet
  facet normal 0.993052 0.117676 0
    outer loop
      vertex -24.9846 -0.392295 0
      vertex -24.9384 -0.782172 16.5
      vertex -24.9384 -0.782172 0
    endloop
  endfacet
  facet normal -0.117543 -0.993068 0
    outer loop
      vertex -19.6077 4.98459 0
      vertex -19.2178 4.93844 16.5
      vertex -19.6077 4.98459 16.5
    endloop
  endfacet
  facet normal -0.117543 -0.993068 -0
    outer loop
      vertex -19.2178 4.93844 16.5
      vertex -19.6077 4.98459 0
      vertex -19.2178 4.93844 0
    endloop
  endfacet
  facet normal 0.117543 0.993068 -0
    outer loop
      vertex -20.3923 -4.98459 0
      vertex -20.7822 -4.93844 16.5
      vertex -20.3923 -4.98459 16.5
    endloop
  endfacet
  facet normal 0.117543 0.993068 0
    outer loop
      vertex -20.7822 -4.93844 16.5
      vertex -20.3923 -4.98459 0
      vertex -20.7822 -4.93844 0
    endloop
  endfacet
  facet normal 0.87253 0.48856 0
    outer loop
      vertex -24.2632 -2.61249 16.5
      vertex -24.455 -2.26995 0
      vertex -24.455 -2.26995 16.5
    endloop
  endfacet
  facet normal 0.87253 0.48856 0
    outer loop
      vertex -24.455 -2.26995 0
      vertex -24.2632 -2.61249 16.5
      vertex -24.2632 -2.61249 0
    endloop
  endfacet
  facet normal -0.87253 -0.48856 0
    outer loop
      vertex -15.545 2.26995 0
      vertex -15.7368 2.61249 16.5
      vertex -15.7368 2.61249 0
    endloop
  endfacet
  facet normal -0.87253 -0.48856 0
    outer loop
      vertex -15.7368 2.61249 16.5
      vertex -15.545 2.26995 0
      vertex -15.545 2.26995 16.5
    endloop
  endfacet
  facet normal -0.962498 0.271288 0
    outer loop
      vertex -15.2447 -1.54508 0
      vertex -15.1382 -1.16723 16.5
      vertex -15.1382 -1.16723 0
    endloop
  endfacet
  facet normal -0.962498 0.271288 0
    outer loop
      vertex -15.1382 -1.16723 16.5
      vertex -15.2447 -1.54508 0
      vertex -15.2447 -1.54508 16.5
    endloop
  endfacet
  facet normal -0.418608 0.908167 0
    outer loop
      vertex -17.73 -4.45503 0
      vertex -18.0866 -4.6194 16.5
      vertex -17.73 -4.45503 16.5
    endloop
  endfacet
  facet normal -0.418608 0.908167 0
    outer loop
      vertex -18.0866 -4.6194 16.5
      vertex -17.73 -4.45503 0
      vertex -18.0866 -4.6194 0
    endloop
  endfacet
  facet normal -0.678798 0.734325 0
    outer loop
      vertex -16.4645 -3.53553 0
      vertex -16.7528 -3.80203 16.5
      vertex -16.4645 -3.53553 16.5
    endloop
  endfacet
  facet normal -0.678798 0.734325 0
    outer loop
      vertex -16.7528 -3.80203 16.5
      vertex -16.4645 -3.53553 0
      vertex -16.7528 -3.80203 0
    endloop
  endfacet
  facet normal 0.555617 -0.831438 0
    outer loop
      vertex -22.9389 4.04508 0
      vertex -22.6125 4.2632 16.5
      vertex -22.9389 4.04508 16.5
    endloop
  endfacet
  facet normal 0.555617 -0.831438 0
    outer loop
      vertex -22.6125 4.2632 16.5
      vertex -22.9389 4.04508 0
      vertex -22.6125 4.2632 0
    endloop
  endfacet
  facet normal 0.785257 0.619169 0
    outer loop
      vertex -23.802 -3.24724 16.5
      vertex -24.0451 -2.93893 0
      vertex -24.0451 -2.93893 16.5
    endloop
  endfacet
  facet normal 0.785257 0.619169 0
    outer loop
      vertex -24.0451 -2.93893 0
      vertex -23.802 -3.24724 16.5
      vertex -23.802 -3.24724 0
    endloop
  endfacet
  facet normal 0.555617 0.831438 -0
    outer loop
      vertex -22.6125 -4.2632 0
      vertex -22.9389 -4.04508 16.5
      vertex -22.6125 -4.2632 16.5
    endloop
  endfacet
  facet normal 0.555617 0.831438 0
    outer loop
      vertex -22.9389 -4.04508 16.5
      vertex -22.6125 -4.2632 0
      vertex -22.9389 -4.04508 0
    endloop
  endfacet
  facet normal 0.0392509 -0.999229 0
    outer loop
      vertex -20.3923 4.98459 0
      vertex -20 5 16.5
      vertex -20.3923 4.98459 16.5
    endloop
  endfacet
  facet normal 0.0392509 -0.999229 0
    outer loop
      vertex -20 5 16.5
      vertex -20.3923 4.98459 0
      vertex -20 5 0
    endloop
  endfacet
  facet normal -0.418608 -0.908167 0
    outer loop
      vertex -18.0866 4.6194 0
      vertex -17.73 4.45503 16.5
      vertex -18.0866 4.6194 16.5
    endloop
  endfacet
  facet normal -0.418608 -0.908167 -0
    outer loop
      vertex -17.73 4.45503 16.5
      vertex -18.0866 4.6194 0
      vertex -17.73 4.45503 0
    endloop
  endfacet
  facet normal 0.195112 0.980781 -0
    outer loop
      vertex -20.7822 -4.93844 0
      vertex -21.1672 -4.86185 16.5
      vertex -20.7822 -4.93844 16.5
    endloop
  endfacet
  facet normal 0.195112 0.980781 0
    outer loop
      vertex -21.1672 -4.86185 16.5
      vertex -20.7822 -4.93844 0
      vertex -21.1672 -4.86185 0
    endloop
  endfacet
  facet normal -0.488662 0.872473 0
    outer loop
      vertex -17.3875 -4.2632 0
      vertex -17.73 -4.45503 16.5
      vertex -17.3875 -4.2632 16.5
    endloop
  endfacet
  facet normal -0.488662 0.872473 0
    outer loop
      vertex -17.73 -4.45503 16.5
      vertex -17.3875 -4.2632 0
      vertex -17.73 -4.45503 0
    endloop
  endfacet
  facet normal -0.555617 -0.831438 0
    outer loop
      vertex -17.3875 4.2632 0
      vertex -17.0611 4.04508 16.5
      vertex -17.3875 4.2632 16.5
    endloop
  endfacet
  facet normal -0.555617 -0.831438 -0
    outer loop
      vertex -17.0611 4.04508 16.5
      vertex -17.3875 4.2632 0
      vertex -17.0611 4.04508 0
    endloop
  endfacet
  facet normal 0.980782 -0.195108 0
    outer loop
      vertex -24.9384 0.782172 16.5
      vertex -24.8618 1.16723 0
      vertex -24.8618 1.16723 16.5
    endloop
  endfacet
  facet normal 0.980782 -0.195108 0
    outer loop
      vertex -24.8618 1.16723 0
      vertex -24.9384 0.782172 16.5
      vertex -24.9384 0.782172 0
    endloop
  endfacet
  facet normal -0.488662 -0.872473 0
    outer loop
      vertex -17.73 4.45503 0
      vertex -17.3875 4.2632 16.5
      vertex -17.73 4.45503 16.5
    endloop
  endfacet
  facet normal -0.488662 -0.872473 -0
    outer loop
      vertex -17.3875 4.2632 16.5
      vertex -17.73 4.45503 0
      vertex -17.3875 4.2632 0
    endloop
  endfacet
  facet normal -0.0392509 0.999229 0
    outer loop
      vertex -19.6077 -4.98459 0
      vertex -20 -5 16.5
      vertex -19.6077 -4.98459 16.5
    endloop
  endfacet
  facet normal -0.0392509 0.999229 0
    outer loop
      vertex -20 -5 16.5
      vertex -19.6077 -4.98459 0
      vertex -20 -5 0
    endloop
  endfacet
  facet normal -0.831493 0.555535 0
    outer loop
      vertex -15.9549 -2.93893 0
      vertex -15.7368 -2.61249 16.5
      vertex -15.7368 -2.61249 0
    endloop
  endfacet
  facet normal -0.831493 0.555535 0
    outer loop
      vertex -15.7368 -2.61249 16.5
      vertex -15.9549 -2.93893 0
      vertex -15.9549 -2.93893 16.5
    endloop
  endfacet
  facet normal -0.195112 0.980781 0
    outer loop
      vertex -18.8328 -4.86185 0
      vertex -19.2178 -4.93844 16.5
      vertex -18.8328 -4.86185 16.5
    endloop
  endfacet
  facet normal -0.195112 0.980781 0
    outer loop
      vertex -19.2178 -4.93844 16.5
      vertex -18.8328 -4.86185 0
      vertex -19.2178 -4.93844 0
    endloop
  endfacet
  facet normal 0.346133 -0.938186 0
    outer loop
      vertex -21.9134 4.6194 0
      vertex -21.5451 4.75528 16.5
      vertex -21.9134 4.6194 16.5
    endloop
  endfacet
  facet normal 0.346133 -0.938186 0
    outer loop
      vertex -21.5451 4.75528 16.5
      vertex -21.9134 4.6194 0
      vertex -21.5451 4.75528 0
    endloop
  endfacet
  facet normal -0.993052 0.117676 0
    outer loop
      vertex -15.0616 -0.782172 0
      vertex -15.0154 -0.392295 16.5
      vertex -15.0154 -0.392295 0
    endloop
  endfacet
  facet normal -0.993052 0.117676 0
    outer loop
      vertex -15.0154 -0.392295 16.5
      vertex -15.0616 -0.782172 0
      vertex -15.0616 -0.782172 16.5
    endloop
  endfacet
  facet normal -0.678798 -0.734325 0
    outer loop
      vertex -16.7528 3.80203 0
      vertex -16.4645 3.53553 16.5
      vertex -16.7528 3.80203 16.5
    endloop
  endfacet
  facet normal -0.678798 -0.734325 -0
    outer loop
      vertex -16.4645 3.53553 16.5
      vertex -16.7528 3.80203 0
      vertex -16.4645 3.53553 0
    endloop
  endfacet
  facet normal -0.938181 -0.346144 0
    outer loop
      vertex -15.2447 1.54508 0
      vertex -15.3806 1.91342 16.5
      vertex -15.3806 1.91342 0
    endloop
  endfacet
  facet normal -0.938181 -0.346144 0
    outer loop
      vertex -15.3806 1.91342 16.5
      vertex -15.2447 1.54508 0
      vertex -15.2447 1.54508 16.5
    endloop
  endfacet
  facet normal 0.908107 0.418738 0
    outer loop
      vertex -24.455 -2.26995 16.5
      vertex -24.6194 -1.91342 0
      vertex -24.6194 -1.91342 16.5
    endloop
  endfacet
  facet normal 0.908107 0.418738 0
    outer loop
      vertex -24.6194 -1.91342 0
      vertex -24.455 -2.26995 16.5
      vertex -24.455 -2.26995 0
    endloop
  endfacet
  facet normal -0.908107 -0.418738 0
    outer loop
      vertex -15.3806 1.91342 0
      vertex -15.545 2.26995 16.5
      vertex -15.545 2.26995 0
    endloop
  endfacet
  facet normal -0.908107 -0.418738 0
    outer loop
      vertex -15.545 2.26995 16.5
      vertex -15.3806 1.91342 0
      vertex -15.3806 1.91342 16.5
    endloop
  endfacet
  facet normal 0.195112 -0.980781 0
    outer loop
      vertex -21.1672 4.86185 0
      vertex -20.7822 4.93844 16.5
      vertex -21.1672 4.86185 16.5
    endloop
  endfacet
  facet normal 0.195112 -0.980781 0
    outer loop
      vertex -20.7822 4.93844 16.5
      vertex -21.1672 4.86185 0
      vertex -20.7822 4.93844 0
    endloop
  endfacet
  facet normal -0.734313 -0.678811 0
    outer loop
      vertex -16.198 3.24724 0
      vertex -16.4645 3.53553 16.5
      vertex -16.4645 3.53553 0
    endloop
  endfacet
  facet normal -0.734313 -0.678811 0
    outer loop
      vertex -16.4645 3.53553 16.5
      vertex -16.198 3.24724 0
      vertex -16.198 3.24724 16.5
    endloop
  endfacet
  facet normal 0.831493 0.555535 0
    outer loop
      vertex -24.0451 -2.93893 16.5
      vertex -24.2632 -2.61249 0
      vertex -24.2632 -2.61249 16.5
    endloop
  endfacet
  facet normal 0.831493 0.555535 0
    outer loop
      vertex -24.2632 -2.61249 0
      vertex -24.0451 -2.93893 16.5
      vertex -24.0451 -2.93893 0
    endloop
  endfacet
  facet normal -0.785257 -0.619169 0
    outer loop
      vertex -15.9549 2.93893 0
      vertex -16.198 3.24724 16.5
      vertex -16.198 3.24724 0
    endloop
  endfacet
  facet normal -0.785257 -0.619169 0
    outer loop
      vertex -16.198 3.24724 16.5
      vertex -15.9549 2.93893 0
      vertex -15.9549 2.93893 16.5
    endloop
  endfacet
  facet normal 0.734313 0.678811 0
    outer loop
      vertex -23.5355 -3.53553 16.5
      vertex -23.802 -3.24724 0
      vertex -23.802 -3.24724 16.5
    endloop
  endfacet
  facet normal 0.734313 0.678811 0
    outer loop
      vertex -23.802 -3.24724 0
      vertex -23.5355 -3.53553 16.5
      vertex -23.5355 -3.53553 0
    endloop
  endfacet
  facet normal 0.99923 0.039226 0
    outer loop
      vertex -24.9846 -0.392295 16.5
      vertex -25 0 0
      vertex -25 0 16.5
    endloop
  endfacet
  facet normal 0.99923 0.039226 0
    outer loop
      vertex -25 0 0
      vertex -24.9846 -0.392295 16.5
      vertex -24.9846 -0.392295 0
    endloop
  endfacet
  facet normal 0.117543 -0.993068 0
    outer loop
      vertex -20.7822 4.93844 0
      vertex -20.3923 4.98459 16.5
      vertex -20.7822 4.93844 16.5
    endloop
  endfacet
  facet normal 0.117543 -0.993068 0
    outer loop
      vertex -20.3923 4.98459 16.5
      vertex -20.7822 4.93844 0
      vertex -20.3923 4.98459 0
    endloop
  endfacet
  facet normal 0.938181 -0.346144 0
    outer loop
      vertex -24.7553 1.54508 16.5
      vertex -24.6194 1.91342 0
      vertex -24.6194 1.91342 16.5
    endloop
  endfacet
  facet normal 0.938181 -0.346144 0
    outer loop
      vertex -24.6194 1.91342 0
      vertex -24.7553 1.54508 16.5
      vertex -24.7553 1.54508 0
    endloop
  endfacet
  facet normal -0.346133 0.938186 0
    outer loop
      vertex -18.0866 -4.6194 0
      vertex -18.4549 -4.75528 16.5
      vertex -18.0866 -4.6194 16.5
    endloop
  endfacet
  facet normal -0.346133 0.938186 0
    outer loop
      vertex -18.4549 -4.75528 16.5
      vertex -18.0866 -4.6194 0
      vertex -18.4549 -4.75528 0
    endloop
  endfacet
  facet normal 0.619103 -0.78531 0
    outer loop
      vertex -23.2472 3.80203 0
      vertex -22.9389 4.04508 16.5
      vertex -23.2472 3.80203 16.5
    endloop
  endfacet
  facet normal 0.619103 -0.78531 0
    outer loop
      vertex -22.9389 4.04508 16.5
      vertex -23.2472 3.80203 0
      vertex -22.9389 4.04508 0
    endloop
  endfacet
  facet normal 0.993052 -0.117676 0
    outer loop
      vertex -24.9846 0.392295 16.5
      vertex -24.9384 0.782172 0
      vertex -24.9384 0.782172 16.5
    endloop
  endfacet
  facet normal 0.993052 -0.117676 0
    outer loop
      vertex -24.9384 0.782172 0
      vertex -24.9846 0.392295 16.5
      vertex -24.9846 0.392295 0
    endloop
  endfacet
  facet normal -0.0392509 -0.999229 0
    outer loop
      vertex -20 5 0
      vertex -19.6077 4.98459 16.5
      vertex -20 5 16.5
    endloop
  endfacet
  facet normal -0.0392509 -0.999229 -0
    outer loop
      vertex -19.6077 4.98459 16.5
      vertex -20 5 0
      vertex -19.6077 4.98459 0
    endloop
  endfacet
  facet normal 0.418608 -0.908167 0
    outer loop
      vertex -22.27 4.45503 0
      vertex -21.9134 4.6194 16.5
      vertex -22.27 4.45503 16.5
    endloop
  endfacet
  facet normal 0.418608 -0.908167 0
    outer loop
      vertex -21.9134 4.6194 16.5
      vertex -22.27 4.45503 0
      vertex -21.9134 4.6194 0
    endloop
  endfacet
  facet normal -0.87253 0.48856 0
    outer loop
      vertex -15.7368 -2.61249 0
      vertex -15.545 -2.26995 16.5
      vertex -15.545 -2.26995 0
    endloop
  endfacet
  facet normal -0.87253 0.48856 0
    outer loop
      vertex -15.545 -2.26995 16.5
      vertex -15.7368 -2.61249 0
      vertex -15.7368 -2.61249 16.5
    endloop
  endfacet
  facet normal 0.418608 0.908167 -0
    outer loop
      vertex -21.9134 -4.6194 0
      vertex -22.27 -4.45503 16.5
      vertex -21.9134 -4.6194 16.5
    endloop
  endfacet
  facet normal 0.418608 0.908167 0
    outer loop
      vertex -22.27 -4.45503 16.5
      vertex -21.9134 -4.6194 0
      vertex -22.27 -4.45503 0
    endloop
  endfacet
  facet normal -0.831493 -0.555535 0
    outer loop
      vertex -15.7368 2.61249 0
      vertex -15.9549 2.93893 16.5
      vertex -15.9549 2.93893 0
    endloop
  endfacet
  facet normal -0.831493 -0.555535 0
    outer loop
      vertex -15.9549 2.93893 16.5
      vertex -15.7368 2.61249 0
      vertex -15.7368 2.61249 16.5
    endloop
  endfacet
  facet normal 0.346133 0.938186 -0
    outer loop
      vertex -21.5451 -4.75528 0
      vertex -21.9134 -4.6194 16.5
      vertex -21.5451 -4.75528 16.5
    endloop
  endfacet
  facet normal 0.346133 0.938186 0
    outer loop
      vertex -21.9134 -4.6194 16.5
      vertex -21.5451 -4.75528 0
      vertex -21.9134 -4.6194 0
    endloop
  endfacet
  facet normal -0.27142 0.962461 0
    outer loop
      vertex -18.4549 -4.75528 0
      vertex -18.8328 -4.86185 16.5
      vertex -18.4549 -4.75528 16.5
    endloop
  endfacet
  facet normal -0.27142 0.962461 0
    outer loop
      vertex -18.8328 -4.86185 16.5
      vertex -18.4549 -4.75528 0
      vertex -18.8328 -4.86185 0
    endloop
  endfacet
  facet normal 0.962498 0.271288 0
    outer loop
      vertex -24.7553 -1.54508 16.5
      vertex -24.8618 -1.16723 0
      vertex -24.8618 -1.16723 16.5
    endloop
  endfacet
  facet normal 0.962498 0.271288 0
    outer loop
      vertex -24.8618 -1.16723 0
      vertex -24.7553 -1.54508 16.5
      vertex -24.7553 -1.54508 0
    endloop
  endfacet
  facet normal -0.346133 -0.938186 0
    outer loop
      vertex -18.4549 4.75528 0
      vertex -18.0866 4.6194 16.5
      vertex -18.4549 4.75528 16.5
    endloop
  endfacet
  facet normal -0.346133 -0.938186 -0
    outer loop
      vertex -18.0866 4.6194 16.5
      vertex -18.4549 4.75528 0
      vertex -18.0866 4.6194 0
    endloop
  endfacet
  facet normal 0.0392509 0.999229 -0
    outer loop
      vertex -20 -5 0
      vertex -20.3923 -4.98459 16.5
      vertex -20 -5 16.5
    endloop
  endfacet
  facet normal 0.0392509 0.999229 0
    outer loop
      vertex -20.3923 -4.98459 16.5
      vertex -20 -5 0
      vertex -20.3923 -4.98459 0
    endloop
  endfacet
  facet normal 0.87253 -0.48856 0
    outer loop
      vertex -24.455 2.26995 16.5
      vertex -24.2632 2.61249 0
      vertex -24.2632 2.61249 16.5
    endloop
  endfacet
  facet normal 0.87253 -0.48856 0
    outer loop
      vertex -24.2632 2.61249 0
      vertex -24.455 2.26995 16.5
      vertex -24.455 2.26995 0
    endloop
  endfacet
  facet normal 0.99923 -0.039226 0
    outer loop
      vertex -25 0 16.5
      vertex -24.9846 0.392295 0
      vertex -24.9846 0.392295 16.5
    endloop
  endfacet
  facet normal 0.99923 -0.039226 0
    outer loop
      vertex -24.9846 0.392295 0
      vertex -25 0 16.5
      vertex -25 0 0
    endloop
  endfacet
  facet normal 0.980782 0.195108 0
    outer loop
      vertex -24.8618 -1.16723 16.5
      vertex -24.9384 -0.782172 0
      vertex -24.9384 -0.782172 16.5
    endloop
  endfacet
  facet normal 0.980782 0.195108 0
    outer loop
      vertex -24.9384 -0.782172 0
      vertex -24.8618 -1.16723 16.5
      vertex -24.8618 -1.16723 0
    endloop
  endfacet
  facet normal 0.962498 -0.271288 0
    outer loop
      vertex -24.8618 1.16723 16.5
      vertex -24.7553 1.54508 0
      vertex -24.7553 1.54508 16.5
    endloop
  endfacet
  facet normal 0.962498 -0.271288 0
    outer loop
      vertex -24.7553 1.54508 0
      vertex -24.8618 1.16723 16.5
      vertex -24.8618 1.16723 0
    endloop
  endfacet
  facet normal 0.27142 0.962461 -0
    outer loop
      vertex -21.1672 -4.86185 0
      vertex -21.5451 -4.75528 16.5
      vertex -21.1672 -4.86185 16.5
    endloop
  endfacet
  facet normal 0.27142 0.962461 0
    outer loop
      vertex -21.5451 -4.75528 16.5
      vertex -21.1672 -4.86185 0
      vertex -21.5451 -4.75528 0
    endloop
  endfacet
  facet normal 0.734313 -0.678811 0
    outer loop
      vertex -23.802 3.24724 16.5
      vertex -23.5355 3.53553 0
      vertex -23.5355 3.53553 16.5
    endloop
  endfacet
  facet normal 0.734313 -0.678811 0
    outer loop
      vertex -23.5355 3.53553 0
      vertex -23.802 3.24724 16.5
      vertex -23.802 3.24724 0
    endloop
  endfacet
  facet normal 0.785257 -0.619169 0
    outer loop
      vertex -24.0451 2.93893 16.5
      vertex -23.802 3.24724 0
      vertex -23.802 3.24724 16.5
    endloop
  endfacet
  facet normal 0.785257 -0.619169 0
    outer loop
      vertex -23.802 3.24724 0
      vertex -24.0451 2.93893 16.5
      vertex -24.0451 2.93893 0
    endloop
  endfacet
  facet normal 0.488662 0.872473 -0
    outer loop
      vertex -22.27 -4.45503 0
      vertex -22.6125 -4.2632 16.5
      vertex -22.27 -4.45503 16.5
    endloop
  endfacet
  facet normal 0.488662 0.872473 0
    outer loop
      vertex -22.6125 -4.2632 16.5
      vertex -22.27 -4.45503 0
      vertex -22.6125 -4.2632 0
    endloop
  endfacet
  facet normal -0.195112 -0.980781 0
    outer loop
      vertex -19.2178 4.93844 0
      vertex -18.8328 4.86185 16.5
      vertex -19.2178 4.93844 16.5
    endloop
  endfacet
  facet normal -0.195112 -0.980781 -0
    outer loop
      vertex -18.8328 4.86185 16.5
      vertex -19.2178 4.93844 0
      vertex -18.8328 4.86185 0
    endloop
  endfacet
  facet normal -0.619103 0.78531 0
    outer loop
      vertex -16.7528 -3.80203 0
      vertex -17.0611 -4.04508 16.5
      vertex -16.7528 -3.80203 16.5
    endloop
  endfacet
  facet normal -0.619103 0.78531 0
    outer loop
      vertex -17.0611 -4.04508 16.5
      vertex -16.7528 -3.80203 0
      vertex -17.0611 -4.04508 0
    endloop
  endfacet
  facet normal 0 1 -0
    outer loop
      vertex -14.9771 -8.7 16.5
      vertex -25.0229 -8.7 29
      vertex -14.9771 -8.7 29
    endloop
  endfacet
  facet normal 0 1 0
    outer loop
      vertex -25.0229 -8.7 29
      vertex -14.9771 -8.7 16.5
      vertex -25.0229 -8.7 16.5
    endloop
  endfacet
  facet normal -0.866023 0.500004 0
    outer loop
      vertex -14.9771 -8.7 16.5
      vertex -9.9541 0 29
      vertex -9.9541 0 16.5
    endloop
  endfacet
  facet normal -0.866023 0.500004 0
    outer loop
      vertex -9.9541 0 29
      vertex -14.9771 -8.7 16.5
      vertex -14.9771 -8.7 29
    endloop
  endfacet
  facet normal 0 -1 0
    outer loop
      vertex -25.0229 8.7 16.5
      vertex -14.9771 8.7 29
      vertex -25.0229 8.7 29
    endloop
  endfacet
  facet normal 0 -1 -0
    outer loop
      vertex -14.9771 8.7 29
      vertex -25.0229 8.7 16.5
      vertex -14.9771 8.7 16.5
    endloop
  endfacet
  facet normal -0.866023 -0.500004 0
    outer loop
      vertex -9.9541 0 16.5
      vertex -14.9771 8.7 29
      vertex -14.9771 8.7 16.5
    endloop
  endfacet
  facet normal -0.866023 -0.500004 0
    outer loop
      vertex -14.9771 8.7 29
      vertex -9.9541 0 16.5
      vertex -9.9541 0 29
    endloop
  endfacet
  facet normal 0.866023 -0.500004 0
    outer loop
      vertex -30.0459 0 29
      vertex -25.0229 8.7 16.5
      vertex -25.0229 8.7 29
    endloop
  endfacet
  facet normal 0.866023 -0.500004 0
    outer loop
      vertex -25.0229 8.7 16.5
      vertex -30.0459 0 29
      vertex -30.0459 0 16.5
    endloop
  endfacet
  facet normal 0.866023 0.500004 0
    outer loop
      vertex -25.0229 -8.7 29
      vertex -30.0459 0 16.5
      vertex -30.0459 0 29
    endloop
  endfacet
  facet normal 0.866023 0.500004 0
    outer loop
      vertex -30.0459 0 16.5
      vertex -25.0229 -8.7 29
      vertex -25.0229 -8.7 16.5
    endloop
  endfacet
  facet normal -0 0 1
    outer loop
      vertex -15.7368 2.61249 16.5
      vertex -9.9541 0 16.5
      vertex -14.9771 8.7 16.5
    endloop
  endfacet
  facet normal 0 0 1
    outer loop
      vertex -15.0154 -0.392295 16.5
      vertex -9.9541 0 16.5
      vertex -15 0 16.5
    endloop
  endfacet
  facet normal 0 0 1
    outer loop
      vertex -9.9541 0 16.5
      vertex -15.0154 0.392295 16.5
      vertex -15 0 16.5
    endloop
  endfacet
  facet normal 0 0 1
    outer loop
      vertex -9.9541 0 16.5
      vertex -15.0616 0.782172 16.5
      vertex -15.0154 0.392295 16.5
    endloop
  endfacet
  facet normal 0 0 1
    outer loop
      vertex -9.9541 0 16.5
      vertex -15.1382 1.16723 16.5
      vertex -15.0616 0.782172 16.5
    endloop
  endfacet
  facet normal 0 0 1
    outer loop
      vertex -9.9541 0 16.5
      vertex -15.2447 1.54508 16.5
      vertex -15.1382 1.16723 16.5
    endloop
  endfacet
  facet normal 0 0 1
    outer loop
      vertex -9.9541 0 16.5
      vertex -15.3806 1.91342 16.5
      vertex -15.2447 1.54508 16.5
    endloop
  endfacet
  facet normal 0 0 1
    outer loop
      vertex -9.9541 0 16.5
      vertex -15.545 2.26995 16.5
      vertex -15.3806 1.91342 16.5
    endloop
  endfacet
  facet normal 0 0 1
    outer loop
      vertex -9.9541 0 16.5
      vertex -15.7368 2.61249 16.5
      vertex -15.545 2.26995 16.5
    endloop
  endfacet
  facet normal 0 0 1
    outer loop
      vertex -14.9771 8.7 16.5
      vertex -15.9549 2.93893 16.5
      vertex -15.7368 2.61249 16.5
    endloop
  endfacet
  facet normal 0 0 1
    outer loop
      vertex -14.9771 8.7 16.5
      vertex -16.198 3.24724 16.5
      vertex -15.9549 2.93893 16.5
    endloop
  endfacet
  facet normal 0 0 1
    outer loop
      vertex -14.9771 8.7 16.5
      vertex -16.4645 3.53553 16.5
      vertex -16.198 3.24724 16.5
    endloop
  endfacet
  facet normal 0 0 1
    outer loop
      vertex -14.9771 8.7 16.5
      vertex -16.7528 3.80203 16.5
      vertex -16.4645 3.53553 16.5
    endloop
  endfacet
  facet normal 0 0 1
    outer loop
      vertex -14.9771 8.7 16.5
      vertex -17.0611 4.04508 16.5
      vertex -16.7528 3.80203 16.5
    endloop
  endfacet
  facet normal 0 0 1
    outer loop
      vertex -14.9771 8.7 16.5
      vertex -17.3875 4.2632 16.5
      vertex -17.0611 4.04508 16.5
    endloop
  endfacet
  facet normal 0 0 1
    outer loop
      vertex -14.9771 8.7 16.5
      vertex -17.73 4.45503 16.5
      vertex -17.3875 4.2632 16.5
    endloop
  endfacet
  facet normal 0 0 1
    outer loop
      vertex -14.9771 8.7 16.5
      vertex -18.0866 4.6194 16.5
      vertex -17.73 4.45503 16.5
    endloop
  endfacet
  facet normal 0 0 1
    outer loop
      vertex -14.9771 8.7 16.5
      vertex -18.4549 4.75528 16.5
      vertex -18.0866 4.6194 16.5
    endloop
  endfacet
  facet normal 0 0 1
    outer loop
      vertex -14.9771 8.7 16.5
      vertex -18.8328 4.86185 16.5
      vertex -18.4549 4.75528 16.5
    endloop
  endfacet
  facet normal 0 0 1
    outer loop
      vertex -14.9771 8.7 16.5
      vertex -19.2178 4.93844 16.5
      vertex -18.8328 4.86185 16.5
    endloop
  endfacet
  facet normal 0 0 1
    outer loop
      vertex -14.9771 8.7 16.5
      vertex -19.6077 4.98459 16.5
      vertex -19.2178 4.93844 16.5
    endloop
  endfacet
  facet normal 0 0 1
    outer loop
      vertex -14.9771 8.7 16.5
      vertex -20 5 16.5
      vertex -19.6077 4.98459 16.5
    endloop
  endfacet
  facet normal -0 0 1
    outer loop
      vertex -25.0229 8.7 16.5
      vertex -20 5 16.5
      vertex -14.9771 8.7 16.5
    endloop
  endfacet
  facet normal 0 0 1
    outer loop
      vertex -20 5 16.5
      vertex -25.0229 8.7 16.5
      vertex -20.3923 4.98459 16.5
    endloop
  endfacet
  facet normal 0 0 1
    outer loop
      vertex -20.3923 4.98459 16.5
      vertex -25.0229 8.7 16.5
      vertex -20.7822 4.93844 16.5
    endloop
  endfacet
  facet normal 0 0 1
    outer loop
      vertex -20.7822 4.93844 16.5
      vertex -25.0229 8.7 16.5
      vertex -21.1672 4.86185 16.5
    endloop
  endfacet
  facet normal 0 0 1
    outer loop
      vertex -21.1672 4.86185 16.5
      vertex -25.0229 8.7 16.5
      vertex -21.5451 4.75528 16.5
    endloop
  endfacet
  facet normal 0 0 1
    outer loop
      vertex -21.5451 4.75528 16.5
      vertex -25.0229 8.7 16.5
      vertex -21.9134 4.6194 16.5
    endloop
  endfacet
  facet normal 0 0 1
    outer loop
      vertex -21.9134 4.6194 16.5
      vertex -25.0229 8.7 16.5
      vertex -22.27 4.45503 16.5
    endloop
  endfacet
  facet normal 0 0 1
    outer loop
      vertex -24.9384 0.782172 16.5
      vertex -30.0459 0 16.5
      vertex -24.9846 0.392295 16.5
    endloop
  endfacet
  facet normal 0 0 1
    outer loop
      vertex -24.8618 1.16723 16.5
      vertex -30.0459 0 16.5
      vertex -24.9384 0.782172 16.5
    endloop
  endfacet
  facet normal 0 0 1
    outer loop
      vertex -24.7553 1.54508 16.5
      vertex -30.0459 0 16.5
      vertex -24.8618 1.16723 16.5
    endloop
  endfacet
  facet normal 0 0 1
    outer loop
      vertex -24.6194 1.91342 16.5
      vertex -30.0459 0 16.5
      vertex -24.7553 1.54508 16.5
    endloop
  endfacet
  facet normal 0 0 1
    outer loop
      vertex -24.455 2.26995 16.5
      vertex -30.0459 0 16.5
      vertex -24.6194 1.91342 16.5
    endloop
  endfacet
  facet normal 0 0 1
    outer loop
      vertex -24.2632 2.61249 16.5
      vertex -30.0459 0 16.5
      vertex -24.455 2.26995 16.5
    endloop
  endfacet
  facet normal 0 0 1
    outer loop
      vertex -30.0459 0 16.5
      vertex -24.2632 2.61249 16.5
      vertex -25.0229 8.7 16.5
    endloop
  endfacet
  facet normal 0 0 1
    outer loop
      vertex -24.0451 2.93893 16.5
      vertex -25.0229 8.7 16.5
      vertex -24.2632 2.61249 16.5
    endloop
  endfacet
  facet normal 0 0 1
    outer loop
      vertex -23.802 3.24724 16.5
      vertex -25.0229 8.7 16.5
      vertex -24.0451 2.93893 16.5
    endloop
  endfacet
  facet normal 0 0 1
    outer loop
      vertex -23.5355 3.53553 16.5
      vertex -25.0229 8.7 16.5
      vertex -23.802 3.24724 16.5
    endloop
  endfacet
  facet normal 0 0 1
    outer loop
      vertex -23.2472 3.80203 16.5
      vertex -25.0229 8.7 16.5
      vertex -23.5355 3.53553 16.5
    endloop
  endfacet
  facet normal 0 0 1
    outer loop
      vertex -22.9389 4.04508 16.5
      vertex -25.0229 8.7 16.5
      vertex -23.2472 3.80203 16.5
    endloop
  endfacet
  facet normal 0 0 1
    outer loop
      vertex -22.6125 4.2632 16.5
      vertex -25.0229 8.7 16.5
      vertex -22.9389 4.04508 16.5
    endloop
  endfacet
  facet normal 0 0 1
    outer loop
      vertex -22.27 4.45503 16.5
      vertex -25.0229 8.7 16.5
      vertex -22.6125 4.2632 16.5
    endloop
  endfacet
  facet normal 0 0 1
    outer loop
      vertex -15.0616 -0.782172 16.5
      vertex -9.9541 0 16.5
      vertex -15.0154 -0.392295 16.5
    endloop
  endfacet
  facet normal 0 0 1
    outer loop
      vertex -15.1382 -1.16723 16.5
      vertex -9.9541 0 16.5
      vertex -15.0616 -0.782172 16.5
    endloop
  endfacet
  facet normal 0 0 1
    outer loop
      vertex -15.2447 -1.54508 16.5
      vertex -9.9541 0 16.5
      vertex -15.1382 -1.16723 16.5
    endloop
  endfacet
  facet normal 0 0 1
    outer loop
      vertex -15.3806 -1.91342 16.5
      vertex -9.9541 0 16.5
      vertex -15.2447 -1.54508 16.5
    endloop
  endfacet
  facet normal 0 0 1
    outer loop
      vertex -15.545 -2.26995 16.5
      vertex -9.9541 0 16.5
      vertex -15.3806 -1.91342 16.5
    endloop
  endfacet
  facet normal 0 0 1
    outer loop
      vertex -15.7368 -2.61249 16.5
      vertex -9.9541 0 16.5
      vertex -15.545 -2.26995 16.5
    endloop
  endfacet
  facet normal 0 0 1
    outer loop
      vertex -9.9541 0 16.5
      vertex -15.7368 -2.61249 16.5
      vertex -14.9771 -8.7 16.5
    endloop
  endfacet
  facet normal -0 0 1
    outer loop
      vertex -15.9549 -2.93893 16.5
      vertex -14.9771 -8.7 16.5
      vertex -15.7368 -2.61249 16.5
    endloop
  endfacet
  facet normal -0 0 1
    outer loop
      vertex -16.198 -3.24724 16.5
      vertex -14.9771 -8.7 16.5
      vertex -15.9549 -2.93893 16.5
    endloop
  endfacet
  facet normal -0 0 1
    outer loop
      vertex -16.4645 -3.53553 16.5
      vertex -14.9771 -8.7 16.5
      vertex -16.198 -3.24724 16.5
    endloop
  endfacet
  facet normal -0 0 1
    outer loop
      vertex -16.7528 -3.80203 16.5
      vertex -14.9771 -8.7 16.5
      vertex -16.4645 -3.53553 16.5
    endloop
  endfacet
  facet normal -0 0 1
    outer loop
      vertex -17.0611 -4.04508 16.5
      vertex -14.9771 -8.7 16.5
      vertex -16.7528 -3.80203 16.5
    endloop
  endfacet
  facet normal -0 0 1
    outer loop
      vertex -17.3875 -4.2632 16.5
      vertex -14.9771 -8.7 16.5
      vertex -17.0611 -4.04508 16.5
    endloop
  endfacet
  facet normal -0 0 1
    outer loop
      vertex -17.73 -4.45503 16.5
      vertex -14.9771 -8.7 16.5
      vertex -17.3875 -4.2632 16.5
    endloop
  endfacet
  facet normal -0 0 1
    outer loop
      vertex -18.0866 -4.6194 16.5
      vertex -14.9771 -8.7 16.5
      vertex -17.73 -4.45503 16.5
    endloop
  endfacet
  facet normal -0 0 1
    outer loop
      vertex -18.4549 -4.75528 16.5
      vertex -14.9771 -8.7 16.5
      vertex -18.0866 -4.6194 16.5
    endloop
  endfacet
  facet normal -0 0 1
    outer loop
      vertex -18.8328 -4.86185 16.5
      vertex -14.9771 -8.7 16.5
      vertex -18.4549 -4.75528 16.5
    endloop
  endfacet
  facet normal -0 0 1
    outer loop
      vertex -19.2178 -4.93844 16.5
      vertex -14.9771 -8.7 16.5
      vertex -18.8328 -4.86185 16.5
    endloop
  endfacet
  facet normal -0 0 1
    outer loop
      vertex -19.6077 -4.98459 16.5
      vertex -14.9771 -8.7 16.5
      vertex -19.2178 -4.93844 16.5
    endloop
  endfacet
  facet normal -0 0 1
    outer loop
      vertex -20 -5 16.5
      vertex -14.9771 -8.7 16.5
      vertex -19.6077 -4.98459 16.5
    endloop
  endfacet
  facet normal 0 0 1
    outer loop
      vertex -25.0229 -8.7 16.5
      vertex -20 -5 16.5
      vertex -20.3923 -4.98459 16.5
    endloop
  endfacet
  facet normal 0 0 1
    outer loop
      vertex -25.0229 -8.7 16.5
      vertex -20.3923 -4.98459 16.5
      vertex -20.7822 -4.93844 16.5
    endloop
  endfacet
  facet normal 0 0 1
    outer loop
      vertex -25.0229 -8.7 16.5
      vertex -20.7822 -4.93844 16.5
      vertex -21.1672 -4.86185 16.5
    endloop
  endfacet
  facet normal 0 0 1
    outer loop
      vertex -25.0229 -8.7 16.5
      vertex -21.1672 -4.86185 16.5
      vertex -21.5451 -4.75528 16.5
    endloop
  endfacet
  facet normal 0 0 1
    outer loop
      vertex -25.0229 -8.7 16.5
      vertex -21.5451 -4.75528 16.5
      vertex -21.9134 -4.6194 16.5
    endloop
  endfacet
  facet normal 0 0 1
    outer loop
      vertex -25.0229 -8.7 16.5
      vertex -21.9134 -4.6194 16.5
      vertex -22.27 -4.45503 16.5
    endloop
  endfacet
  facet normal 0 0 1
    outer loop
      vertex -25.0229 -8.7 16.5
      vertex -22.27 -4.45503 16.5
      vertex -22.6125 -4.2632 16.5
    endloop
  endfacet
  facet normal 0 0 1
    outer loop
      vertex -20 -5 16.5
      vertex -25.0229 -8.7 16.5
      vertex -14.9771 -8.7 16.5
    endloop
  endfacet
  facet normal 0 0 1
    outer loop
      vertex -22.9389 -4.04508 16.5
      vertex -25.0229 -8.7 16.5
      vertex -22.6125 -4.2632 16.5
    endloop
  endfacet
  facet normal 0 0 1
    outer loop
      vertex -23.2472 -3.80203 16.5
      vertex -25.0229 -8.7 16.5
      vertex -22.9389 -4.04508 16.5
    endloop
  endfacet
  facet normal 0 0 1
    outer loop
      vertex -23.5355 -3.53553 16.5
      vertex -25.0229 -8.7 16.5
      vertex -23.2472 -3.80203 16.5
    endloop
  endfacet
  facet normal 0 0 1
    outer loop
      vertex -23.802 -3.24724 16.5
      vertex -25.0229 -8.7 16.5
      vertex -23.5355 -3.53553 16.5
    endloop
  endfacet
  facet normal 0 0 1
    outer loop
      vertex -24.0451 -2.93893 16.5
      vertex -25.0229 -8.7 16.5
      vertex -23.802 -3.24724 16.5
    endloop
  endfacet
  facet normal 0 0 1
    outer loop
      vertex -24.2632 -2.61249 16.5
      vertex -25.0229 -8.7 16.5
      vertex -24.0451 -2.93893 16.5
    endloop
  endfacet
  facet normal 0 0 1
    outer loop
      vertex -30.0459 0 16.5
      vertex -24.2632 -2.61249 16.5
      vertex -24.455 -2.26995 16.5
    endloop
  endfacet
  facet normal 0 0 1
    outer loop
      vertex -30.0459 0 16.5
      vertex -24.455 -2.26995 16.5
      vertex -24.6194 -1.91342 16.5
    endloop
  endfacet
  facet normal 0 0 1
    outer loop
      vertex -30.0459 0 16.5
      vertex -24.6194 -1.91342 16.5
      vertex -24.7553 -1.54508 16.5
    endloop
  endfacet
  facet normal 0 0 1
    outer loop
      vertex -30.0459 0 16.5
      vertex -24.7553 -1.54508 16.5
      vertex -24.8618 -1.16723 16.5
    endloop
  endfacet
  facet normal 0 0 1
    outer loop
      vertex -30.0459 0 16.5
      vertex -24.8618 -1.16723 16.5
      vertex -24.9384 -0.782172 16.5
    endloop
  endfacet
  facet normal 0 0 1
    outer loop
      vertex -30.0459 0 16.5
      vertex -24.9384 -0.782172 16.5
      vertex -24.9846 -0.392295 16.5
    endloop
  endfacet
  facet normal -0 0 1
    outer loop
      vertex -30.0459 0 16.5
      vertex -24.9846 -0.392295 16.5
      vertex -25 0 16.5
    endloop
  endfacet
  facet normal 0 0 1
    outer loop
      vertex -24.9846 0.392295 16.5
      vertex -30.0459 0 16.5
      vertex -25 0 16.5
    endloop
  endfacet
  facet normal 0 0 1
    outer loop
      vertex -24.2632 -2.61249 16.5
      vertex -30.0459 0 16.5
      vertex -25.0229 -8.7 16.5
    endloop
  endfacet
  facet normal -0.615427 -0.355256 0.703593
    outer loop
      vertex -8.86056 0.0861324 30
      vertex -9.9541 0 29
      vertex -8.81084 0 30
    endloop
  endfacet
  facet normal -0.61541 -0.355311 0.70358
    outer loop
      vertex -9.9541 0 29
      vertex -8.86056 0.0861324 30
      vertex -14.9771 8.7 29
    endloop
  endfacet
  facet normal -0.615427 0.355256 0.703593
    outer loop
      vertex -9.9541 0 29
      vertex -8.86056 -0.0861324 30
      vertex -8.81084 0 30
    endloop
  endfacet
  facet normal -0.61541 0.355311 0.70358
    outer loop
      vertex -8.86056 -0.0861324 30
      vertex -9.9541 0 29
      vertex -14.9771 -8.7 29
    endloop
  endfacet
  facet normal 0.615396 0.355296 0.7036
    outer loop
      vertex -25.5946 -9.6901 30
      vertex -25.0229 -8.7 29
      vertex -31.1394 -0.0861324 30
    endloop
  endfacet
  facet normal 0.615396 -0.355296 0.7036
    outer loop
      vertex -25.0229 8.7 29
      vertex -25.5946 9.6901 30
      vertex -31.1394 0.0861324 30
    endloop
  endfacet
  facet normal -0.615394 -0.355297 0.703601
    outer loop
      vertex -8.86056 0.0861324 30
      vertex -14.4054 9.6901 30
      vertex -14.9771 8.7 29
    endloop
  endfacet
  facet normal -0.615394 0.355297 0.703601
    outer loop
      vertex -14.4054 -9.6901 30
      vertex -8.86056 -0.0861324 30
      vertex -14.9771 -8.7 29
    endloop
  endfacet
  facet normal 0 0.710616 0.70358
    outer loop
      vertex -14.9771 -8.7 29
      vertex -25.5946 -9.6901 30
      vertex -14.4054 -9.6901 30
    endloop
  endfacet
  facet normal 0 0.710616 0.70358
    outer loop
      vertex -25.5946 -9.6901 30
      vertex -14.9771 -8.7 29
      vertex -25.0229 -8.7 29
    endloop
  endfacet
  facet normal 0.615421 0.355317 0.703567
    outer loop
      vertex -30.0459 0 29
      vertex -31.1394 -0.0861324 30
      vertex -25.0229 -8.7 29
    endloop
  endfacet
  facet normal 0.615291 0.355749 0.703462
    outer loop
      vertex -31.1394 -0.0861324 30
      vertex -30.0459 0 29
      vertex -31.1892 0 30
    endloop
  endfacet
  facet normal 0.615421 -0.355317 0.703567
    outer loop
      vertex -31.1394 0.0861324 30
      vertex -30.0459 0 29
      vertex -25.0229 8.7 29
    endloop
  endfacet
  facet normal 0.615291 -0.355749 0.703462
    outer loop
      vertex -30.0459 0 29
      vertex -31.1394 0.0861324 30
      vertex -31.1892 0 30
    endloop
  endfacet
  facet normal 0 -0.710616 0.70358
    outer loop
      vertex -25.0229 8.7 29
      vertex -14.4054 9.6901 30
      vertex -25.5946 9.6901 30
    endloop
  endfacet
  facet normal 0 -0.710616 0.70358
    outer loop
      vertex -14.4054 9.6901 30
      vertex -25.0229 8.7 29
      vertex -14.9771 8.7 29
    endloop
  endfacet
  facet normal 0 0 1
    outer loop
      vertex -19.8712 -12.9288 29.4
      vertex -21.199 -13.3843 29.4
      vertex -19.8712 -13.3843 29.4
    endloop
  endfacet
  facet normal 0 0 1
    outer loop
      vertex -21.199 -13.3843 29.4
      vertex -21.7157 -13.3843 29.4
      vertex -21.199 -16.9787 29.4
    endloop
  endfacet
  facet normal 0 0 1
    outer loop
      vertex -19.8712 -12.9288 29.4
      vertex -21.7157 -13.3843 29.4
      vertex -21.199 -13.3843 29.4
    endloop
  endfacet
  facet normal -0 0 1
    outer loop
      vertex -23.049 -12.9288 29.4
      vertex -21.7157 -13.3843 29.4
      vertex -19.8712 -12.9288 29.4
    endloop
  endfacet
  facet normal 0 0 1
    outer loop
      vertex -21.7157 -13.3843 29.4
      vertex -23.049 -12.9288 29.4
      vertex -23.049 -13.3843 29.4
    endloop
  endfacet
  facet normal 0 0 1
    outer loop
      vertex -21.199 -16.9787 29.4
      vertex -21.7157 -13.3843 29.4
      vertex -21.7157 -16.9787 29.4
    endloop
  endfacet
  facet normal 0 0 1
    outer loop
      vertex -17.0152 -14.044 29.4
      vertex -17.52 -14.0302 29.4
      vertex -17.5119 -14.1454 29.4
    endloop
  endfacet
  facet normal 0 0 1
    outer loop
      vertex -17.4436 -13.2184 29.4
      vertex -17.5437 -13.9214 29.4
      vertex -17.52 -14.0302 29.4
    endloop
  endfacet
  facet normal 0 0 1
    outer loop
      vertex -17.4436 -13.2184 29.4
      vertex -17.5818 -13.82 29.4
      vertex -17.5437 -13.9214 29.4
    endloop
  endfacet
  facet normal 0 0 1
    outer loop
      vertex -17.7734 -13.5698 29.4
      vertex -17.5115 -13.169 29.4
      vertex -17.5825 -13.125 29.4
    endloop
  endfacet
  facet normal 0 0 1
    outer loop
      vertex -17.4436 -13.2184 29.4
      vertex -17.6335 -13.7269 29.4
      vertex -17.5818 -13.82 29.4
    endloop
  endfacet
  facet normal 0 0 1
    outer loop
      vertex -17.8596 -13.5075 29.4
      vertex -17.5825 -13.125 29.4
      vertex -17.6565 -13.0864 29.4
    endloop
  endfacet
  facet normal 0 0 1
    outer loop
      vertex -17.4436 -13.2184 29.4
      vertex -17.6977 -13.6432 29.4
      vertex -17.6335 -13.7269 29.4
    endloop
  endfacet
  facet normal 0 0 1
    outer loop
      vertex -17.8596 -13.5075 29.4
      vertex -17.6565 -13.0864 29.4
      vertex -17.7338 -13.0531 29.4
    endloop
  endfacet
  facet normal 0 0 1
    outer loop
      vertex -17.4436 -13.2184 29.4
      vertex -17.7734 -13.5698 29.4
      vertex -17.6977 -13.6432 29.4
    endloop
  endfacet
  facet normal 0 0 1
    outer loop
      vertex -17.9554 -13.4575 29.4
      vertex -17.7338 -13.0531 29.4
      vertex -17.8145 -13.0251 29.4
    endloop
  endfacet
  facet normal 0 0 1
    outer loop
      vertex -17.5825 -13.125 29.4
      vertex -17.8596 -13.5075 29.4
      vertex -17.7734 -13.5698 29.4
    endloop
  endfacet
  facet normal 0 0 1
    outer loop
      vertex -17.9554 -13.4575 29.4
      vertex -17.8145 -13.0251 29.4
      vertex -17.8987 -13.0023 29.4
    endloop
  endfacet
  facet normal 0 0 1
    outer loop
      vertex -17.7338 -13.0531 29.4
      vertex -17.9554 -13.4575 29.4
      vertex -17.8596 -13.5075 29.4
    endloop
  endfacet
  facet normal 0 0 1
    outer loop
      vertex -18.0596 -13.4206 29.4
      vertex -17.8987 -13.0023 29.4
      vertex -17.9865 -12.9846 29.4
    endloop
  endfacet
  facet normal 0 0 1
    outer loop
      vertex -17.8987 -13.0023 29.4
      vertex -18.0596 -13.4206 29.4
      vertex -17.9554 -13.4575 29.4
    endloop
  endfacet
  facet normal 0 0 1
    outer loop
      vertex -18.0781 -12.9721 29.4
      vertex -18.0596 -13.4206 29.4
      vertex -17.9865 -12.9846 29.4
    endloop
  endfacet
  facet normal 0 0 1
    outer loop
      vertex -18.0781 -12.9721 29.4
      vertex -18.1714 -13.3977 29.4
      vertex -18.0596 -13.4206 29.4
    endloop
  endfacet
  facet normal 0 0 1
    outer loop
      vertex -18.1736 -12.9646 29.4
      vertex -18.1714 -13.3977 29.4
      vertex -18.0781 -12.9721 29.4
    endloop
  endfacet
  facet normal 0 0 1
    outer loop
      vertex -18.2897 -13.3899 29.4
      vertex -18.1736 -12.9646 29.4
      vertex -18.2731 -12.9621 29.4
    endloop
  endfacet
  facet normal 0 0 1
    outer loop
      vertex -18.1736 -12.9646 29.4
      vertex -18.2897 -13.3899 29.4
      vertex -18.1714 -13.3977 29.4
    endloop
  endfacet
  facet normal -0 0 1
    outer loop
      vertex -18.4062 -12.9665 29.4
      vertex -18.2897 -13.3899 29.4
      vertex -18.2731 -12.9621 29.4
    endloop
  endfacet
  facet normal 0 0 1
    outer loop
      vertex -18.2897 -13.3899 29.4
      vertex -18.4062 -12.9665 29.4
      vertex -18.369 -13.3936 29.4
    endloop
  endfacet
  facet normal 0 0 1
    outer loop
      vertex -18.4062 -12.9665 29.4
      vertex -18.4459 -13.4044 29.4
      vertex -18.369 -13.3936 29.4
    endloop
  endfacet
  facet normal -0 0 1
    outer loop
      vertex -18.5329 -12.9796 29.4
      vertex -18.4459 -13.4044 29.4
      vertex -18.4062 -12.9665 29.4
    endloop
  endfacet
  facet normal 0 0 1
    outer loop
      vertex -18.4459 -13.4044 29.4
      vertex -18.5329 -12.9796 29.4
      vertex -18.5201 -13.4222 29.4
    endloop
  endfacet
  facet normal -0 0 1
    outer loop
      vertex -18.6531 -13.0015 29.4
      vertex -18.5201 -13.4222 29.4
      vertex -18.5329 -12.9796 29.4
    endloop
  endfacet
  facet normal 0 0 1
    outer loop
      vertex -18.5201 -13.4222 29.4
      vertex -18.6531 -13.0015 29.4
      vertex -18.5912 -13.4467 29.4
    endloop
  endfacet
  facet normal -0 0 1
    outer loop
      vertex -18.7665 -13.0321 29.4
      vertex -18.5912 -13.4467 29.4
      vertex -18.6531 -13.0015 29.4
    endloop
  endfacet
  facet normal 0 0 1
    outer loop
      vertex -18.5912 -13.4467 29.4
      vertex -18.7665 -13.0321 29.4
      vertex -18.6588 -13.4776 29.4
    endloop
  endfacet
  facet normal -0 0 1
    outer loop
      vertex -18.873 -13.0712 29.4
      vertex -18.6588 -13.4776 29.4
      vertex -18.7665 -13.0321 29.4
    endloop
  endfacet
  facet normal 0 0 1
    outer loop
      vertex -18.6588 -13.4776 29.4
      vertex -18.873 -13.0712 29.4
      vertex -18.7224 -13.5147 29.4
    endloop
  endfacet
  facet normal -0 0 1
    outer loop
      vertex -18.9727 -13.119 29.4
      vertex -18.7224 -13.5147 29.4
      vertex -18.873 -13.0712 29.4
    endloop
  endfacet
  facet normal 0 0 1
    outer loop
      vertex -18.7224 -13.5147 29.4
      vertex -18.9727 -13.119 29.4
      vertex -18.7817 -13.5578 29.4
    endloop
  endfacet
  facet normal -0 0 1
    outer loop
      vertex -19.0652 -13.1752 29.4
      vertex -18.7817 -13.5578 29.4
      vertex -18.9727 -13.119 29.4
    endloop
  endfacet
  facet normal -0 0 1
    outer loop
      vertex -19.1505 -13.2399 29.4
      vertex -18.7817 -13.5578 29.4
      vertex -19.0652 -13.1752 29.4
    endloop
  endfacet
  facet normal 0 0 1
    outer loop
      vertex -18.7817 -13.5578 29.4
      vertex -19.1505 -13.2399 29.4
      vertex -18.8362 -13.6065 29.4
    endloop
  endfacet
  facet normal -0 0 1
    outer loop
      vertex -19.2285 -13.313 29.4
      vertex -18.8362 -13.6065 29.4
      vertex -19.1505 -13.2399 29.4
    endloop
  endfacet
  facet normal 0 0 1
    outer loop
      vertex -18.8362 -13.6065 29.4
      vertex -19.2285 -13.313 29.4
      vertex -18.8857 -13.6607 29.4
    endloop
  endfacet
  facet normal -0 0 1
    outer loop
      vertex -19.299 -13.3945 29.4
      vertex -18.8857 -13.6607 29.4
      vertex -19.2285 -13.313 29.4
    endloop
  endfacet
  facet normal 0 0 1
    outer loop
      vertex -18.8857 -13.6607 29.4
      vertex -19.299 -13.3945 29.4
      vertex -18.9295 -13.72 29.4
    endloop
  endfacet
  facet normal -0 0 1
    outer loop
      vertex -19.3619 -13.4843 29.4
      vertex -18.9295 -13.72 29.4
      vertex -19.299 -13.3945 29.4
    endloop
  endfacet
  facet normal 0 0 1
    outer loop
      vertex -18.9295 -13.72 29.4
      vertex -19.3619 -13.4843 29.4
      vertex -18.9675 -13.7843 29.4
    endloop
  endfacet
  facet normal -0 0 1
    outer loop
      vertex -19.3979 -13.543 29.4
      vertex -18.9675 -13.7843 29.4
      vertex -19.3619 -13.4843 29.4
    endloop
  endfacet
  facet normal -0 0 1
    outer loop
      vertex -19.4301 -13.604 29.4
      vertex -18.9675 -13.7843 29.4
      vertex -19.3979 -13.543 29.4
    endloop
  endfacet
  facet normal 0 0 1
    outer loop
      vertex -18.9675 -13.7843 29.4
      vertex -19.4301 -13.604 29.4
      vertex -18.9848 -13.8214 29.4
    endloop
  endfacet
  facet normal -0 0 1
    outer loop
      vertex -19.4588 -13.6681 29.4
      vertex -18.9848 -13.8214 29.4
      vertex -19.4301 -13.604 29.4
    endloop
  endfacet
  facet normal 0 0 1
    outer loop
      vertex -18.9848 -13.8214 29.4
      vertex -19.4588 -13.6681 29.4
      vertex -19.0006 -13.8603 29.4
    endloop
  endfacet
  facet normal -0 0 1
    outer loop
      vertex -19.4839 -13.7357 29.4
      vertex -19.0006 -13.8603 29.4
      vertex -19.4588 -13.6681 29.4
    endloop
  endfacet
  facet normal 0 0 1
    outer loop
      vertex -19.0006 -13.8603 29.4
      vertex -19.4839 -13.7357 29.4
      vertex -19.0149 -13.9013 29.4
    endloop
  endfacet
  facet normal -0 0 1
    outer loop
      vertex -19.5057 -13.8073 29.4
      vertex -19.0149 -13.9013 29.4
      vertex -19.4839 -13.7357 29.4
    endloop
  endfacet
  facet normal 0 0 1
    outer loop
      vertex -19.0149 -13.9013 29.4
      vertex -19.5057 -13.8073 29.4
      vertex -19.0278 -13.9448 29.4
    endloop
  endfacet
  facet normal -0 0 1
    outer loop
      vertex -19.5243 -13.8834 29.4
      vertex -19.0278 -13.9448 29.4
      vertex -19.5057 -13.8073 29.4
    endloop
  endfacet
  facet normal 0 0 1
    outer loop
      vertex -19.0278 -13.9448 29.4
      vertex -19.5243 -13.8834 29.4
      vertex -19.0393 -13.9912 29.4
    endloop
  endfacet
  facet normal 0 0 1
    outer loop
      vertex -19.0393 -13.9912 29.4
      vertex -19.5243 -13.8834 29.4
      vertex -19.0495 -14.0408 29.4
    endloop
  endfacet
  facet normal -0 0 1
    outer loop
      vertex -19.5397 -13.9647 29.4
      vertex -19.0495 -14.0408 29.4
      vertex -19.5243 -13.8834 29.4
    endloop
  endfacet
  facet normal 0 0 1
    outer loop
      vertex -19.0495 -14.0408 29.4
      vertex -19.5397 -13.9647 29.4
      vertex -19.0585 -14.0941 29.4
    endloop
  endfacet
  facet normal -0 0 1
    outer loop
      vertex -19.5522 -14.0515 29.4
      vertex -19.0585 -14.0941 29.4
      vertex -19.5397 -13.9647 29.4
    endloop
  endfacet
  facet normal 0 0 1
    outer loop
      vertex -19.0585 -14.0941 29.4
      vertex -19.5522 -14.0515 29.4
      vertex -19.0665 -14.1514 29.4
    endloop
  endfacet
  facet normal -0 0 1
    outer loop
      vertex -19.5619 -14.1445 29.4
      vertex -19.0665 -14.1514 29.4
      vertex -19.5522 -14.0515 29.4
    endloop
  endfacet
  facet normal 0 0 1
    outer loop
      vertex -19.0665 -14.1514 29.4
      vertex -19.5619 -14.1445 29.4
      vertex -19.0733 -14.213 29.4
    endloop
  endfacet
  facet normal 0 0 1
    outer loop
      vertex -19.5688 -14.2441 29.4
      vertex -19.0733 -14.213 29.4
      vertex -19.5619 -14.1445 29.4
    endloop
  endfacet
  facet normal 0 0 1
    outer loop
      vertex -19.0733 -14.213 29.4
      vertex -19.5688 -14.2441 29.4
      vertex -19.0792 -14.2794 29.4
    endloop
  endfacet
  facet normal 0 0 1
    outer loop
      vertex -19.0792 -14.2794 29.4
      vertex -19.5688 -14.2441 29.4
      vertex -19.0841 -14.351 29.4
    endloop
  endfacet
  facet normal 0 0 1
    outer loop
      vertex -19.0841 -14.351 29.4
      vertex -19.5688 -14.2441 29.4
      vertex -19.573 -14.351 29.4
    endloop
  endfacet
  facet normal 0 0 1
    outer loop
      vertex -17.5119 -14.1454 29.4
      vertex -17.0119 -14.1343 29.4
      vertex -17.0152 -14.044 29.4
    endloop
  endfacet
  facet normal -0 0 1
    outer loop
      vertex -17.52 -14.0302 29.4
      vertex -17.0152 -14.044 29.4
      vertex -17.0249 -13.9551 29.4
    endloop
  endfacet
  facet normal 0 0 1
    outer loop
      vertex -17.0119 -14.1343 29.4
      vertex -17.5119 -14.1454 29.4
      vertex -17.0189 -14.2671 29.4
    endloop
  endfacet
  facet normal 0 0 1
    outer loop
      vertex -17.52 -14.0302 29.4
      vertex -17.0249 -13.9551 29.4
      vertex -17.041 -13.868 29.4
    endloop
  endfacet
  facet normal 0 0 1
    outer loop
      vertex -17.52 -14.0302 29.4
      vertex -17.041 -13.868 29.4
      vertex -17.0632 -13.783 29.4
    endloop
  endfacet
  facet normal -0 0 1
    outer loop
      vertex -17.5165 -14.2322 29.4
      vertex -17.0189 -14.2671 29.4
      vertex -17.5119 -14.1454 29.4
    endloop
  endfacet
  facet normal 0 0 1
    outer loop
      vertex -17.52 -14.0302 29.4
      vertex -17.0632 -13.783 29.4
      vertex -17.0914 -13.7003 29.4
    endloop
  endfacet
  facet normal 0 0 1
    outer loop
      vertex -17.0189 -14.2671 29.4
      vertex -17.5165 -14.2322 29.4
      vertex -17.0399 -14.3956 29.4
    endloop
  endfacet
  facet normal 0 0 1
    outer loop
      vertex -17.52 -14.0302 29.4
      vertex -17.0914 -13.7003 29.4
      vertex -17.1255 -13.6204 29.4
    endloop
  endfacet
  facet normal 0 0 1
    outer loop
      vertex -17.52 -14.0302 29.4
      vertex -17.1255 -13.6204 29.4
      vertex -17.1653 -13.5435 29.4
    endloop
  endfacet
  facet normal -0 0 1
    outer loop
      vertex -17.53 -14.3166 29.4
      vertex -17.0399 -14.3956 29.4
      vertex -17.5165 -14.2322 29.4
    endloop
  endfacet
  facet normal 0 0 1
    outer loop
      vertex -17.52 -14.0302 29.4
      vertex -17.1653 -13.5435 29.4
      vertex -17.2107 -13.4701 29.4
    endloop
  endfacet
  facet normal 0 0 1
    outer loop
      vertex -17.52 -14.0302 29.4
      vertex -17.2107 -13.4701 29.4
      vertex -17.2614 -13.4003 29.4
    endloop
  endfacet
  facet normal 0 0 1
    outer loop
      vertex -17.0399 -14.3956 29.4
      vertex -17.53 -14.3166 29.4
      vertex -17.0748 -14.5198 29.4
    endloop
  endfacet
  facet normal 0 0 1
    outer loop
      vertex -17.52 -14.0302 29.4
      vertex -17.2614 -13.4003 29.4
      vertex -17.3174 -13.3346 29.4
    endloop
  endfacet
  facet normal -0 0 1
    outer loop
      vertex -17.5525 -14.3985 29.4
      vertex -17.0748 -14.5198 29.4
      vertex -17.53 -14.3166 29.4
    endloop
  endfacet
  facet normal 0 0 1
    outer loop
      vertex -17.52 -14.0302 29.4
      vertex -17.3174 -13.3346 29.4
      vertex -17.3786 -13.2732 29.4
    endloop
  endfacet
  facet normal 0 0 1
    outer loop
      vertex -17.52 -14.0302 29.4
      vertex -17.3786 -13.2732 29.4
      vertex -17.4436 -13.2184 29.4
    endloop
  endfacet
  facet normal 0 0 1
    outer loop
      vertex -17.0748 -14.5198 29.4
      vertex -17.5525 -14.3985 29.4
      vertex -17.1235 -14.6396 29.4
    endloop
  endfacet
  facet normal 0 0 1
    outer loop
      vertex -17.7734 -13.5698 29.4
      vertex -17.4436 -13.2184 29.4
      vertex -17.5115 -13.169 29.4
    endloop
  endfacet
  facet normal -0 0 1
    outer loop
      vertex -17.5838 -14.4777 29.4
      vertex -17.1235 -14.6396 29.4
      vertex -17.5525 -14.3985 29.4
    endloop
  endfacet
  facet normal 0 0 1
    outer loop
      vertex -17.1235 -14.6396 29.4
      vertex -17.5838 -14.4777 29.4
      vertex -17.186 -14.7548 29.4
    endloop
  endfacet
  facet normal -0 0 1
    outer loop
      vertex -17.624 -14.5541 29.4
      vertex -17.186 -14.7548 29.4
      vertex -17.5838 -14.4777 29.4
    endloop
  endfacet
  facet normal 0 0 1
    outer loop
      vertex -17.186 -14.7548 29.4
      vertex -17.624 -14.5541 29.4
      vertex -17.2621 -14.8654 29.4
    endloop
  endfacet
  facet normal -0 0 1
    outer loop
      vertex -17.6729 -14.6276 29.4
      vertex -17.2621 -14.8654 29.4
      vertex -17.624 -14.5541 29.4
    endloop
  endfacet
  facet normal 0 0 1
    outer loop
      vertex -17.2621 -14.8654 29.4
      vertex -17.6729 -14.6276 29.4
      vertex -17.3518 -14.9713 29.4
    endloop
  endfacet
  facet normal -0 0 1
    outer loop
      vertex -17.7303 -14.698 29.4
      vertex -17.3518 -14.9713 29.4
      vertex -17.6729 -14.6276 29.4
    endloop
  endfacet
  facet normal 0 0 1
    outer loop
      vertex -17.3518 -14.9713 29.4
      vertex -17.7303 -14.698 29.4
      vertex -17.4551 -15.0723 29.4
    endloop
  endfacet
  facet normal -0 0 1
    outer loop
      vertex -17.7964 -14.7651 29.4
      vertex -17.4551 -15.0723 29.4
      vertex -17.7303 -14.698 29.4
    endloop
  endfacet
  facet normal 0 0 1
    outer loop
      vertex -17.4551 -15.0723 29.4
      vertex -17.7964 -14.7651 29.4
      vertex -17.5718 -15.1684 29.4
    endloop
  endfacet
  facet normal -0 0 1
    outer loop
      vertex -17.871 -14.8288 29.4
      vertex -17.5718 -15.1684 29.4
      vertex -17.7964 -14.7651 29.4
    endloop
  endfacet
  facet normal 0 0 1
    outer loop
      vertex -17.5718 -15.1684 29.4
      vertex -17.871 -14.8288 29.4
      vertex -17.7019 -15.2595 29.4
    endloop
  endfacet
  facet normal -0 0 1
    outer loop
      vertex -17.9539 -14.889 29.4
      vertex -17.7019 -15.2595 29.4
      vertex -17.871 -14.8288 29.4
    endloop
  endfacet
  facet normal -0 0 1
    outer loop
      vertex -18.0452 -14.9454 29.4
      vertex -17.7019 -15.2595 29.4
      vertex -17.9539 -14.889 29.4
    endloop
  endfacet
  facet normal 0 0 1
    outer loop
      vertex -17.7019 -15.2595 29.4
      vertex -18.0452 -14.9454 29.4
      vertex -17.8452 -15.3454 29.4
    endloop
  endfacet
  facet normal -0 0 1
    outer loop
      vertex -18.5564 -15.2454 29.4
      vertex -17.8452 -15.3454 29.4
      vertex -18.0452 -14.9454 29.4
    endloop
  endfacet
  facet normal 0 0 1
    outer loop
      vertex -17.8452 -15.3454 29.4
      vertex -18.5564 -15.2454 29.4
      vertex -18.4008 -15.6565 29.4
    endloop
  endfacet
  facet normal -0 0 1
    outer loop
      vertex -18.7664 -15.3723 29.4
      vertex -18.4008 -15.6565 29.4
      vertex -18.5564 -15.2454 29.4
    endloop
  endfacet
  facet normal 0 0 1
    outer loop
      vertex -18.4008 -15.6565 29.4
      vertex -18.7664 -15.3723 29.4
      vertex -18.5252 -15.7349 29.4
    endloop
  endfacet
  facet normal 0 0 1
    outer loop
      vertex -18.5252 -15.7349 29.4
      vertex -18.7664 -15.3723 29.4
      vertex -18.6352 -15.8101 29.4
    endloop
  endfacet
  facet normal -0 0 1
    outer loop
      vertex -18.9493 -15.4972 29.4
      vertex -18.6352 -15.8101 29.4
      vertex -18.7664 -15.3723 29.4
    endloop
  endfacet
  facet normal 0 0 1
    outer loop
      vertex -18.6352 -15.8101 29.4
      vertex -18.9493 -15.4972 29.4
      vertex -18.7317 -15.883 29.4
    endloop
  endfacet
  facet normal -0 0 1
    outer loop
      vertex -19.1068 -15.6228 29.4
      vertex -18.7317 -15.883 29.4
      vertex -18.9493 -15.4972 29.4
    endloop
  endfacet
  facet normal 0 0 1
    outer loop
      vertex -18.7317 -15.883 29.4
      vertex -19.1068 -15.6228 29.4
      vertex -18.8154 -15.9546 29.4
    endloop
  endfacet
  facet normal 0 0 1
    outer loop
      vertex -18.8154 -15.9546 29.4
      vertex -19.1068 -15.6228 29.4
      vertex -18.8872 -16.0257 29.4
    endloop
  endfacet
  facet normal -0 0 1
    outer loop
      vertex -19.2406 -15.7517 29.4
      vertex -18.8872 -16.0257 29.4
      vertex -19.1068 -15.6228 29.4
    endloop
  endfacet
  facet normal 0 0 1
    outer loop
      vertex -18.8872 -16.0257 29.4
      vertex -19.2406 -15.7517 29.4
      vertex -18.9478 -16.0973 29.4
    endloop
  endfacet
  facet normal -0 0 1
    outer loop
      vertex -19.3525 -15.8866 29.4
      vertex -18.9478 -16.0973 29.4
      vertex -19.2406 -15.7517 29.4
    endloop
  endfacet
  facet normal 0 0 1
    outer loop
      vertex -18.9478 -16.0973 29.4
      vertex -19.3525 -15.8866 29.4
      vertex -18.9981 -16.1704 29.4
    endloop
  endfacet
  facet normal -0 0 1
    outer loop
      vertex -19.4443 -16.0303 29.4
      vertex -18.9981 -16.1704 29.4
      vertex -19.3525 -15.8866 29.4
    endloop
  endfacet
  facet normal 0 0 1
    outer loop
      vertex -18.9981 -16.1704 29.4
      vertex -19.4443 -16.0303 29.4
      vertex -19.0389 -16.2458 29.4
    endloop
  endfacet
  facet normal 0 0 1
    outer loop
      vertex -19.0389 -16.2458 29.4
      vertex -19.4443 -16.0303 29.4
      vertex -19.0709 -16.3245 29.4
    endloop
  endfacet
  facet normal -0 0 1
    outer loop
      vertex -19.1119 -16.4954 29.4
      vertex -17.0397 -16.9732 29.4
      vertex -17.0397 -16.4954 29.4
    endloop
  endfacet
  facet normal -0 0 1
    outer loop
      vertex -19.5176 -16.1854 29.4
      vertex -19.0709 -16.3245 29.4
      vertex -19.4443 -16.0303 29.4
    endloop
  endfacet
  facet normal 0 0 1
    outer loop
      vertex -19.0709 -16.3245 29.4
      vertex -19.5176 -16.1854 29.4
      vertex -19.095 -16.4074 29.4
    endloop
  endfacet
  facet normal -0 0 1
    outer loop
      vertex -19.5743 -16.3545 29.4
      vertex -19.095 -16.4074 29.4
      vertex -19.5176 -16.1854 29.4
    endloop
  endfacet
  facet normal 0 0 1
    outer loop
      vertex -19.095 -16.4074 29.4
      vertex -19.5743 -16.3545 29.4
      vertex -19.1119 -16.4954 29.4
    endloop
  endfacet
  facet normal 0 0 1
    outer loop
      vertex -19.6161 -16.5404 29.4
      vertex -19.1119 -16.4954 29.4
      vertex -19.5743 -16.3545 29.4
    endloop
  endfacet
  facet normal 0 0 1
    outer loop
      vertex -19.6447 -16.7457 29.4
      vertex -19.1119 -16.4954 29.4
      vertex -19.6161 -16.5404 29.4
    endloop
  endfacet
  facet normal 0 0 1
    outer loop
      vertex -19.6619 -16.9732 29.4
      vertex -19.1119 -16.4954 29.4
      vertex -19.6447 -16.7457 29.4
    endloop
  endfacet
  facet normal 0 0 1
    outer loop
      vertex -19.1119 -16.4954 29.4
      vertex -19.6619 -16.9732 29.4
      vertex -17.0397 -16.9732 29.4
    endloop
  endfacet
  facet normal 0 1 -0
    outer loop
      vertex -19.8712 -13.3843 29.4
      vertex -21.199 -13.3843 30
      vertex -19.8712 -13.3843 30
    endloop
  endfacet
  facet normal 0 1 0
    outer loop
      vertex -21.199 -13.3843 30
      vertex -19.8712 -13.3843 29.4
      vertex -21.199 -13.3843 29.4
    endloop
  endfacet
  facet normal -1 0 0
    outer loop
      vertex -19.8712 -13.3843 29.4
      vertex -19.8712 -12.9288 30
      vertex -19.8712 -12.9288 29.4
    endloop
  endfacet
  facet normal -1 -0 0
    outer loop
      vertex -19.8712 -12.9288 30
      vertex -19.8712 -13.3843 29.4
      vertex -19.8712 -13.3843 30
    endloop
  endfacet
  facet normal 0 -1 0
    outer loop
      vertex -23.049 -12.9288 29.4
      vertex -19.8712 -12.9288 30
      vertex -23.049 -12.9288 30
    endloop
  endfacet
  facet normal 0 -1 -0
    outer loop
      vertex -19.8712 -12.9288 30
      vertex -23.049 -12.9288 29.4
      vertex -19.8712 -12.9288 29.4
    endloop
  endfacet
  facet normal 1 -0 0
    outer loop
      vertex -23.049 -13.3843 30
      vertex -23.049 -12.9288 29.4
      vertex -23.049 -12.9288 30
    endloop
  endfacet
  facet normal 1 0 0
    outer loop
      vertex -23.049 -12.9288 29.4
      vertex -23.049 -13.3843 30
      vertex -23.049 -13.3843 29.4
    endloop
  endfacet
  facet normal 0 1 -0
    outer loop
      vertex -21.7157 -13.3843 29.4
      vertex -23.049 -13.3843 30
      vertex -21.7157 -13.3843 30
    endloop
  endfacet
  facet normal 0 1 0
    outer loop
      vertex -23.049 -13.3843 30
      vertex -21.7157 -13.3843 29.4
      vertex -23.049 -13.3843 29.4
    endloop
  endfacet
  facet normal 1 -0 0
    outer loop
      vertex -21.7157 -16.9787 30
      vertex -21.7157 -13.3843 29.4
      vertex -21.7157 -13.3843 30
    endloop
  endfacet
  facet normal 1 0 0
    outer loop
      vertex -21.7157 -13.3843 29.4
      vertex -21.7157 -16.9787 30
      vertex -21.7157 -16.9787 29.4
    endloop
  endfacet
  facet normal 0 1 -0
    outer loop
      vertex -21.199 -16.9787 29.4
      vertex -21.7157 -16.9787 30
      vertex -21.199 -16.9787 30
    endloop
  endfacet
  facet normal 0 1 0
    outer loop
      vertex -21.7157 -16.9787 30
      vertex -21.199 -16.9787 29.4
      vertex -21.7157 -16.9787 29.4
    endloop
  endfacet
  facet normal -1 0 0
    outer loop
      vertex -21.199 -16.9787 29.4
      vertex -21.199 -13.3843 30
      vertex -21.199 -13.3843 29.4
    endloop
  endfacet
  facet normal -1 -0 0
    outer loop
      vertex -21.199 -13.3843 30
      vertex -21.199 -16.9787 29.4
      vertex -21.199 -16.9787 30
    endloop
  endfacet
  facet normal 0 -1 0
    outer loop
      vertex -19.1119 -16.4954 29.4
      vertex -17.0397 -16.4954 30
      vertex -19.1119 -16.4954 30
    endloop
  endfacet
  facet normal 0 -1 -0
    outer loop
      vertex -17.0397 -16.4954 30
      vertex -19.1119 -16.4954 29.4
      vertex -17.0397 -16.4954 29.4
    endloop
  endfacet
  facet normal -0.982054 0.188599 0
    outer loop
      vertex -19.1119 -16.4954 29.4
      vertex -19.095 -16.4074 30
      vertex -19.095 -16.4074 29.4
    endloop
  endfacet
  facet normal -0.982054 0.188599 0
    outer loop
      vertex -19.095 -16.4074 30
      vertex -19.1119 -16.4954 29.4
      vertex -19.1119 -16.4954 30
    endloop
  endfacet
  facet normal -0.960246 0.279155 0
    outer loop
      vertex -19.095 -16.4074 29.4
      vertex -19.0709 -16.3245 30
      vertex -19.0709 -16.3245 29.4
    endloop
  endfacet
  facet normal -0.960246 0.279155 0
    outer loop
      vertex -19.0709 -16.3245 30
      vertex -19.095 -16.4074 29.4
      vertex -19.095 -16.4074 30
    endloop
  endfacet
  facet normal -0.926351 0.376661 0
    outer loop
      vertex -19.0709 -16.3245 29.4
      vertex -19.0389 -16.2458 30
      vertex -19.0389 -16.2458 29.4
    endloop
  endfacet
  facet normal -0.926351 0.376661 0
    outer loop
      vertex -19.0389 -16.2458 30
      vertex -19.0709 -16.3245 29.4
      vertex -19.0709 -16.3245 30
    endloop
  endfacet
  facet normal -0.879495 0.475907 0
    outer loop
      vertex -19.0389 -16.2458 29.4
      vertex -18.9981 -16.1704 30
      vertex -18.9981 -16.1704 29.4
    endloop
  endfacet
  facet normal -0.879495 0.475907 0
    outer loop
      vertex -18.9981 -16.1704 30
      vertex -19.0389 -16.2458 29.4
      vertex -19.0389 -16.2458 30
    endloop
  endfacet
  facet normal -0.823812 0.566864 0
    outer loop
      vertex -18.9981 -16.1704 29.4
      vertex -18.9478 -16.0973 30
      vertex -18.9478 -16.0973 29.4
    endloop
  endfacet
  facet normal -0.823812 0.566864 0
    outer loop
      vertex -18.9478 -16.0973 30
      vertex -18.9981 -16.1704 29.4
      vertex -18.9981 -16.1704 30
    endloop
  endfacet
  facet normal -0.763305 0.646038 0
    outer loop
      vertex -18.9478 -16.0973 29.4
      vertex -18.8872 -16.0257 30
      vertex -18.8872 -16.0257 29.4
    endloop
  endfacet
  facet normal -0.763305 0.646038 0
    outer loop
      vertex -18.8872 -16.0257 30
      vertex -18.9478 -16.0973 29.4
      vertex -18.9478 -16.0973 30
    endloop
  endfacet
  facet normal -0.703635 0.710562 0
    outer loop
      vertex -18.8154 -15.9546 29.4
      vertex -18.8872 -16.0257 30
      vertex -18.8154 -15.9546 30
    endloop
  endfacet
  facet normal -0.703635 0.710562 0
    outer loop
      vertex -18.8872 -16.0257 30
      vertex -18.8154 -15.9546 29.4
      vertex -18.8872 -16.0257 29.4
    endloop
  endfacet
  facet normal -0.650043 0.759897 0
    outer loop
      vertex -18.7317 -15.883 29.4
      vertex -18.8154 -15.9546 30
      vertex -18.7317 -15.883 30
    endloop
  endfacet
  facet normal -0.650043 0.759897 0
    outer loop
      vertex -18.8154 -15.9546 30
      vertex -18.7317 -15.883 29.4
      vertex -18.8154 -15.9546 29.4
    endloop
  endfacet
  facet normal -0.602775 0.797912 0
    outer loop
      vertex -18.6352 -15.8101 29.4
      vertex -18.7317 -15.883 30
      vertex -18.6352 -15.8101 30
    endloop
  endfacet
  facet normal -0.602775 0.797912 0
    outer loop
      vertex -18.7317 -15.883 30
      vertex -18.6352 -15.8101 29.4
      vertex -18.7317 -15.883 29.4
    endloop
  endfacet
  facet normal -0.564361 0.825528 0
    outer loop
      vertex -18.5252 -15.7349 29.4
      vertex -18.6352 -15.8101 30
      vertex -18.5252 -15.7349 30
    endloop
  endfacet
  facet normal -0.564361 0.825528 0
    outer loop
      vertex -18.6352 -15.8101 30
      vertex -18.5252 -15.7349 29.4
      vertex -18.6352 -15.8101 29.4
    endloop
  endfacet
  facet normal -0.533174 0.846006 0
    outer loop
      vertex -18.4008 -15.6565 29.4
      vertex -18.5252 -15.7349 30
      vertex -18.4008 -15.6565 30
    endloop
  endfacet
  facet normal -0.533174 0.846006 0
    outer loop
      vertex -18.5252 -15.7349 30
      vertex -18.4008 -15.6565 29.4
      vertex -18.5252 -15.7349 29.4
    endloop
  endfacet
  facet normal -0.48856 0.87253 0
    outer loop
      vertex -17.8452 -15.3454 29.4
      vertex -18.4008 -15.6565 30
      vertex -17.8452 -15.3454 30
    endloop
  endfacet
  facet normal -0.48856 0.87253 0
    outer loop
      vertex -18.4008 -15.6565 30
      vertex -17.8452 -15.3454 29.4
      vertex -18.4008 -15.6565 29.4
    endloop
  endfacet
  facet normal -0.514144 0.857704 0
    outer loop
      vertex -17.7019 -15.2595 29.4
      vertex -17.8452 -15.3454 30
      vertex -17.7019 -15.2595 30
    endloop
  endfacet
  facet normal -0.514144 0.857704 0
    outer loop
      vertex -17.8452 -15.3454 30
      vertex -17.7019 -15.2595 29.4
      vertex -17.8452 -15.3454 29.4
    endloop
  endfacet
  facet normal -0.573589 0.819143 0
    outer loop
      vertex -17.5718 -15.1684 29.4
      vertex -17.7019 -15.2595 30
      vertex -17.5718 -15.1684 30
    endloop
  endfacet
  facet normal -0.573589 0.819143 0
    outer loop
      vertex -17.7019 -15.2595 30
      vertex -17.5718 -15.1684 29.4
      vertex -17.7019 -15.2595 29.4
    endloop
  endfacet
  facet normal -0.635684 0.771949 0
    outer loop
      vertex -17.4551 -15.0723 29.4
      vertex -17.5718 -15.1684 30
      vertex -17.4551 -15.0723 30
    endloop
  endfacet
  facet normal -0.635684 0.771949 0
    outer loop
      vertex -17.5718 -15.1684 30
      vertex -17.4551 -15.0723 29.4
      vertex -17.5718 -15.1684 29.4
    endloop
  endfacet
  facet normal -0.699102 0.715022 0
    outer loop
      vertex -17.3518 -14.9713 29.4
      vertex -17.4551 -15.0723 30
      vertex -17.3518 -14.9713 30
    endloop
  endfacet
  facet normal -0.699102 0.715022 0
    outer loop
      vertex -17.4551 -15.0723 30
      vertex -17.3518 -14.9713 29.4
      vertex -17.4551 -15.0723 29.4
    endloop
  endfacet
  facet normal -0.763058 0.64633 0
    outer loop
      vertex -17.3518 -14.9713 29.4
      vertex -17.2621 -14.8654 30
      vertex -17.2621 -14.8654 29.4
    endloop
  endfacet
  facet normal -0.763058 0.64633 0
    outer loop
      vertex -17.2621 -14.8654 30
      vertex -17.3518 -14.9713 29.4
      vertex -17.3518 -14.9713 30
    endloop
  endfacet
  facet normal -0.823825 0.566845 0
    outer loop
      vertex -17.2621 -14.8654 29.4
      vertex -17.186 -14.7548 30
      vertex -17.186 -14.7548 29.4
    endloop
  endfacet
  facet normal -0.823825 0.566845 0
    outer loop
      vertex -17.186 -14.7548 30
      vertex -17.2621 -14.8654 29.4
      vertex -17.2621 -14.8654 30
    endloop
  endfacet
  facet normal -0.878972 0.476873 0
    outer loop
      vertex -17.186 -14.7548 29.4
      vertex -17.1235 -14.6396 30
      vertex -17.1235 -14.6396 29.4
    endloop
  endfacet
  facet normal -0.878972 0.476873 0
    outer loop
      vertex -17.1235 -14.6396 30
      vertex -17.186 -14.7548 29.4
      vertex -17.186 -14.7548 30
    endloop
  endfacet
  facet normal -0.926382 0.376584 0
    outer loop
      vertex -17.1235 -14.6396 29.4
      vertex -17.0748 -14.5198 30
      vertex -17.0748 -14.5198 29.4
    endloop
  endfacet
  facet normal -0.926382 0.376584 0
    outer loop
      vertex -17.0748 -14.5198 30
      vertex -17.1235 -14.6396 29.4
      vertex -17.1235 -14.6396 30
    endloop
  endfacet
  facet normal -0.962714 0.270521 0
    outer loop
      vertex -17.0748 -14.5198 29.4
      vertex -17.0399 -14.3956 30
      vertex -17.0399 -14.3956 29.4
    endloop
  endfacet
  facet normal -0.962714 0.270521 0
    outer loop
      vertex -17.0399 -14.3956 30
      vertex -17.0748 -14.5198 29.4
      vertex -17.0748 -14.5198 30
    endloop
  endfacet
  facet normal -0.986908 0.161285 0
    outer loop
      vertex -17.0399 -14.3956 29.4
      vertex -17.0189 -14.2671 30
      vertex -17.0189 -14.2671 29.4
    endloop
  endfacet
  facet normal -0.986908 0.161285 0
    outer loop
      vertex -17.0189 -14.2671 30
      vertex -17.0399 -14.3956 29.4
      vertex -17.0399 -14.3956 30
    endloop
  endfacet
  facet normal -0.998614 0.0526378 0
    outer loop
      vertex -17.0189 -14.2671 29.4
      vertex -17.0119 -14.1343 30
      vertex -17.0119 -14.1343 29.4
    endloop
  endfacet
  facet normal -0.998614 0.0526378 0
    outer loop
      vertex -17.0119 -14.1343 30
      vertex -17.0189 -14.2671 29.4
      vertex -17.0189 -14.2671 30
    endloop
  endfacet
  facet normal -0.999333 -0.0365205 0
    outer loop
      vertex -17.0119 -14.1343 29.4
      vertex -17.0152 -14.044 30
      vertex -17.0152 -14.044 29.4
    endloop
  endfacet
  facet normal -0.999333 -0.0365205 0
    outer loop
      vertex -17.0152 -14.044 30
      vertex -17.0119 -14.1343 29.4
      vertex -17.0119 -14.1343 30
    endloop
  endfacet
  facet normal -0.9941 -0.108468 0
    outer loop
      vertex -17.0152 -14.044 29.4
      vertex -17.0249 -13.9551 30
      vertex -17.0249 -13.9551 29.4
    endloop
  endfacet
  facet normal -0.9941 -0.108468 0
    outer loop
      vertex -17.0249 -13.9551 30
      vertex -17.0152 -14.044 29.4
      vertex -17.0152 -14.044 30
    endloop
  endfacet
  facet normal -0.983342 -0.181766 0
    outer loop
      vertex -17.0249 -13.9551 29.4
      vertex -17.041 -13.868 30
      vertex -17.041 -13.868 29.4
    endloop
  endfacet
  facet normal -0.983342 -0.181766 0
    outer loop
      vertex -17.041 -13.868 30
      vertex -17.0249 -13.9551 29.4
      vertex -17.0249 -13.9551 30
    endloop
  endfacet
  facet normal -0.967545 -0.2527 0
    outer loop
      vertex -17.041 -13.868 29.4
      vertex -17.0632 -13.783 30
      vertex -17.0632 -13.783 29.4
    endloop
  endfacet
  facet normal -0.967545 -0.2527 0
    outer loop
      vertex -17.0632 -13.783 30
      vertex -17.041 -13.868 29.4
      vertex -17.041 -13.868 30
    endloop
  endfacet
  facet normal -0.946486 -0.322744 0
    outer loop
      vertex -17.0632 -13.783 29.4
      vertex -17.0914 -13.7003 30
      vertex -17.0914 -13.7003 29.4
    endloop
  endfacet
  facet normal -0.946486 -0.322744 0
    outer loop
      vertex -17.0914 -13.7003 30
      vertex -17.0632 -13.783 29.4
      vertex -17.0632 -13.783 30
    endloop
  endfacet
  facet normal -0.919739 -0.39253 0
    outer loop
      vertex -17.0914 -13.7003 29.4
      vertex -17.1255 -13.6204 30
      vertex -17.1255 -13.6204 29.4
    endloop
  endfacet
  facet normal -0.919739 -0.39253 0
    outer loop
      vertex -17.1255 -13.6204 30
      vertex -17.0914 -13.7003 29.4
      vertex -17.0914 -13.7003 30
    endloop
  endfacet
  facet normal -0.888104 -0.459643 0
    outer loop
      vertex -17.1255 -13.6204 29.4
      vertex -17.1653 -13.5435 30
      vertex -17.1653 -13.5435 29.4
    endloop
  endfacet
  facet normal -0.888104 -0.459643 0
    outer loop
      vertex -17.1653 -13.5435 30
      vertex -17.1255 -13.6204 29.4
      vertex -17.1255 -13.6204 30
    endloop
  endfacet
  facet normal -0.850463 -0.526035 0
    outer loop
      vertex -17.1653 -13.5435 29.4
      vertex -17.2107 -13.4701 30
      vertex -17.2107 -13.4701 29.4
    endloop
  endfacet
  facet normal -0.850463 -0.526035 0
    outer loop
      vertex -17.2107 -13.4701 30
      vertex -17.1653 -13.5435 29.4
      vertex -17.1653 -13.5435 30
    endloop
  endfacet
  facet normal -0.809087 -0.587689 0
    outer loop
      vertex -17.2107 -13.4701 29.4
      vertex -17.2614 -13.4003 30
      vertex -17.2614 -13.4003 29.4
    endloop
  endfacet
  facet normal -0.809087 -0.587689 0
    outer loop
      vertex -17.2614 -13.4003 30
      vertex -17.2107 -13.4701 29.4
      vertex -17.2107 -13.4701 30
    endloop
  endfacet
  facet normal -0.761053 -0.64869 0
    outer loop
      vertex -17.2614 -13.4003 29.4
      vertex -17.3174 -13.3346 30
      vertex -17.3174 -13.3346 29.4
    endloop
  endfacet
  facet normal -0.761053 -0.64869 0
    outer loop
      vertex -17.3174 -13.3346 30
      vertex -17.2614 -13.4003 29.4
      vertex -17.2614 -13.4003 30
    endloop
  endfacet
  facet normal -0.708259 -0.705952 0
    outer loop
      vertex -17.3174 -13.3346 29.4
      vertex -17.3786 -13.2732 30
      vertex -17.3786 -13.2732 29.4
    endloop
  endfacet
  facet normal -0.708259 -0.705952 0
    outer loop
      vertex -17.3786 -13.2732 30
      vertex -17.3174 -13.3346 29.4
      vertex -17.3174 -13.3346 30
    endloop
  endfacet
  facet normal -0.64457 -0.764545 0
    outer loop
      vertex -17.4436 -13.2184 29.4
      vertex -17.3786 -13.2732 30
      vertex -17.4436 -13.2184 30
    endloop
  endfacet
  facet normal -0.64457 -0.764545 -0
    outer loop
      vertex -17.3786 -13.2732 30
      vertex -17.4436 -13.2184 29.4
      vertex -17.3786 -13.2732 29.4
    endloop
  endfacet
  facet normal -0.588313 -0.808633 0
    outer loop
      vertex -17.5115 -13.169 29.4
      vertex -17.4436 -13.2184 30
      vertex -17.5115 -13.169 30
    endloop
  endfacet
  facet normal -0.588313 -0.808633 -0
    outer loop
      vertex -17.4436 -13.2184 30
      vertex -17.5115 -13.169 29.4
      vertex -17.4436 -13.2184 29.4
    endloop
  endfacet
  facet normal -0.526767 -0.85001 0
    outer loop
      vertex -17.5825 -13.125 29.4
      vertex -17.5115 -13.169 30
      vertex -17.5825 -13.125 30
    endloop
  endfacet
  facet normal -0.526767 -0.85001 -0
    outer loop
      vertex -17.5115 -13.169 30
      vertex -17.5825 -13.125 29.4
      vertex -17.5115 -13.169 29.4
    endloop
  endfacet
  facet normal -0.462484 -0.886628 0
    outer loop
      vertex -17.6565 -13.0864 29.4
      vertex -17.5825 -13.125 30
      vertex -17.6565 -13.0864 30
    endloop
  endfacet
  facet normal -0.462484 -0.886628 -0
    outer loop
      vertex -17.5825 -13.125 30
      vertex -17.6565 -13.0864 29.4
      vertex -17.5825 -13.125 29.4
    endloop
  endfacet
  facet normal -0.395639 -0.918406 0
    outer loop
      vertex -17.7338 -13.0531 29.4
      vertex -17.6565 -13.0864 30
      vertex -17.7338 -13.0531 30
    endloop
  endfacet
  facet normal -0.395639 -0.918406 -0
    outer loop
      vertex -17.6565 -13.0864 30
      vertex -17.7338 -13.0531 29.4
      vertex -17.6565 -13.0864 29.4
    endloop
  endfacet
  facet normal -0.327794 -0.944749 0
    outer loop
      vertex -17.8145 -13.0251 29.4
      vertex -17.7338 -13.0531 30
      vertex -17.8145 -13.0251 30
    endloop
  endfacet
  facet normal -0.327794 -0.944749 -0
    outer loop
      vertex -17.7338 -13.0531 30
      vertex -17.8145 -13.0251 29.4
      vertex -17.7338 -13.0531 29.4
    endloop
  endfacet
  facet normal -0.261371 -0.965238 0
    outer loop
      vertex -17.8987 -13.0023 29.4
      vertex -17.8145 -13.0251 30
      vertex -17.8987 -13.0023 30
    endloop
  endfacet
  facet normal -0.261371 -0.965238 -0
    outer loop
      vertex -17.8145 -13.0251 30
      vertex -17.8987 -13.0023 29.4
      vertex -17.8145 -13.0251 29.4
    endloop
  endfacet
  facet normal -0.197619 -0.980279 0
    outer loop
      vertex -17.9865 -12.9846 29.4
      vertex -17.8987 -13.0023 30
      vertex -17.9865 -12.9846 30
    endloop
  endfacet
  facet normal -0.197619 -0.980279 -0
    outer loop
      vertex -17.8987 -13.0023 30
      vertex -17.9865 -12.9846 29.4
      vertex -17.8987 -13.0023 29.4
    endloop
  endfacet
  facet normal -0.13521 -0.990817 0
    outer loop
      vertex -18.0781 -12.9721 29.4
      vertex -17.9865 -12.9846 30
      vertex -18.0781 -12.9721 30
    endloop
  endfacet
  facet normal -0.13521 -0.990817 -0
    outer loop
      vertex -17.9865 -12.9846 30
      vertex -18.0781 -12.9721 29.4
      vertex -17.9865 -12.9846 29.4
    endloop
  endfacet
  facet normal -0.078293 -0.99693 0
    outer loop
      vertex -18.1736 -12.9646 29.4
      vertex -18.0781 -12.9721 30
      vertex -18.1736 -12.9646 30
    endloop
  endfacet
  facet normal -0.078293 -0.99693 -0
    outer loop
      vertex -18.0781 -12.9721 30
      vertex -18.1736 -12.9646 29.4
      vertex -18.0781 -12.9721 29.4
    endloop
  endfacet
  facet normal -0.0251177 -0.999685 0
    outer loop
      vertex -18.2731 -12.9621 29.4
      vertex -18.1736 -12.9646 30
      vertex -18.2731 -12.9621 30
    endloop
  endfacet
  facet normal -0.0251177 -0.999685 -0
    outer loop
      vertex -18.1736 -12.9646 30
      vertex -18.2731 -12.9621 29.4
      vertex -18.1736 -12.9646 29.4
    endloop
  endfacet
  facet normal 0.0330398 -0.999454 0
    outer loop
      vertex -18.4062 -12.9665 29.4
      vertex -18.2731 -12.9621 30
      vertex -18.4062 -12.9665 30
    endloop
  endfacet
  facet normal 0.0330398 -0.999454 0
    outer loop
      vertex -18.2731 -12.9621 30
      vertex -18.4062 -12.9665 29.4
      vertex -18.2731 -12.9621 29.4
    endloop
  endfacet
  facet normal 0.102846 -0.994697 0
    outer loop
      vertex -18.5329 -12.9796 29.4
      vertex -18.4062 -12.9665 30
      vertex -18.5329 -12.9796 30
    endloop
  endfacet
  facet normal 0.102846 -0.994697 0
    outer loop
      vertex -18.4062 -12.9665 30
      vertex -18.5329 -12.9796 29.4
      vertex -18.4062 -12.9665 29.4
    endloop
  endfacet
  facet normal 0.179246 -0.983804 0
    outer loop
      vertex -18.6531 -13.0015 29.4
      vertex -18.5329 -12.9796 30
      vertex -18.6531 -13.0015 30
    endloop
  endfacet
  facet normal 0.179246 -0.983804 0
    outer loop
      vertex -18.5329 -12.9796 30
      vertex -18.6531 -13.0015 29.4
      vertex -18.5329 -12.9796 29.4
    endloop
  endfacet
  facet normal 0.260523 -0.965468 0
    outer loop
      vertex -18.7665 -13.0321 29.4
      vertex -18.6531 -13.0015 30
      vertex -18.7665 -13.0321 30
    endloop
  endfacet
  facet normal 0.260523 -0.965468 0
    outer loop
      vertex -18.6531 -13.0015 30
      vertex -18.7665 -13.0321 29.4
      vertex -18.6531 -13.0015 29.4
    endloop
  endfacet
  facet normal 0.344643 -0.938734 0
    outer loop
      vertex -18.873 -13.0712 29.4
      vertex -18.7665 -13.0321 30
      vertex -18.873 -13.0712 30
    endloop
  endfacet
  facet normal 0.344643 -0.938734 0
    outer loop
      vertex -18.7665 -13.0321 30
      vertex -18.873 -13.0712 29.4
      vertex -18.7665 -13.0321 29.4
    endloop
  endfacet
  facet normal 0.432319 -0.901721 0
    outer loop
      vertex -18.9727 -13.119 29.4
      vertex -18.873 -13.0712 30
      vertex -18.9727 -13.119 30
    endloop
  endfacet
  facet normal 0.432319 -0.901721 0
    outer loop
      vertex -18.873 -13.0712 30
      vertex -18.9727 -13.119 29.4
      vertex -18.873 -13.0712 29.4
    endloop
  endfacet
  facet normal 0.519243 -0.854626 0
    outer loop
      vertex -19.0652 -13.1752 29.4
      vertex -18.9727 -13.119 30
      vertex -19.0652 -13.1752 30
    endloop
  endfacet
  facet normal 0.519243 -0.854626 0
    outer loop
      vertex -18.9727 -13.119 30
      vertex -19.0652 -13.1752 29.4
      vertex -18.9727 -13.119 29.4
    endloop
  endfacet
  facet normal 0.604325 -0.796738 0
    outer loop
      vertex -19.1505 -13.2399 29.4
      vertex -19.0652 -13.1752 30
      vertex -19.1505 -13.2399 30
    endloop
  endfacet
  facet normal 0.604325 -0.796738 0
    outer loop
      vertex -19.0652 -13.1752 30
      vertex -19.1505 -13.2399 29.4
      vertex -19.0652 -13.1752 29.4
    endloop
  endfacet
  facet normal 0.683817 -0.729654 0
    outer loop
      vertex -19.2285 -13.313 29.4
      vertex -19.1505 -13.2399 30
      vertex -19.2285 -13.313 30
    endloop
  endfacet
  facet normal 0.683817 -0.729654 0
    outer loop
      vertex -19.1505 -13.2399 30
      vertex -19.2285 -13.313 29.4
      vertex -19.1505 -13.2399 29.4
    endloop
  endfacet
  facet normal 0.756301 -0.654224 0
    outer loop
      vertex -19.299 -13.3945 30
      vertex -19.2285 -13.313 29.4
      vertex -19.2285 -13.313 30
    endloop
  endfacet
  facet normal 0.756301 -0.654224 0
    outer loop
      vertex -19.2285 -13.313 29.4
      vertex -19.299 -13.3945 30
      vertex -19.299 -13.3945 29.4
    endloop
  endfacet
  facet normal 0.81906 -0.573707 0
    outer loop
      vertex -19.3619 -13.4843 30
      vertex -19.299 -13.3945 29.4
      vertex -19.299 -13.3945 30
    endloop
  endfacet
  facet normal 0.81906 -0.573707 0
    outer loop
      vertex -19.299 -13.3945 29.4
      vertex -19.3619 -13.4843 30
      vertex -19.3619 -13.4843 29.4
    endloop
  endfacet
  facet normal 0.852455 -0.5228 0
    outer loop
      vertex -19.3979 -13.543 30
      vertex -19.3619 -13.4843 29.4
      vertex -19.3619 -13.4843 30
    endloop
  endfacet
  facet normal 0.852455 -0.5228 0
    outer loop
      vertex -19.3619 -13.4843 29.4
      vertex -19.3979 -13.543 30
      vertex -19.3979 -13.543 29.4
    endloop
  endfacet
  facet normal 0.884352 -0.466822 0
    outer loop
      vertex -19.4301 -13.604 30
      vertex -19.3979 -13.543 29.4
      vertex -19.3979 -13.543 30
    endloop
  endfacet
  facet normal 0.884352 -0.466822 0
    outer loop
      vertex -19.3979 -13.543 29.4
      vertex -19.4301 -13.604 30
      vertex -19.4301 -13.604 29.4
    endloop
  endfacet
  facet normal 0.912693 -0.408647 0
    outer loop
      vertex -19.4588 -13.6681 30
      vertex -19.4301 -13.604 29.4
      vertex -19.4301 -13.604 30
    endloop
  endfacet
  facet normal 0.912693 -0.408647 0
    outer loop
      vertex -19.4301 -13.604 29.4
      vertex -19.4588 -13.6681 30
      vertex -19.4588 -13.6681 29.4
    endloop
  endfacet
  facet normal 0.937464 -0.348082 0
    outer loop
      vertex -19.4839 -13.7357 30
      vertex -19.4588 -13.6681 29.4
      vertex -19.4588 -13.6681 30
    endloop
  endfacet
  facet normal 0.937464 -0.348082 0
    outer loop
      vertex -19.4588 -13.6681 29.4
      vertex -19.4839 -13.7357 30
      vertex -19.4839 -13.7357 29.4
    endloop
  endfacet
  facet normal 0.956642 -0.291268 0
    outer loop
      vertex -19.5057 -13.8073 30
      vertex -19.4839 -13.7357 29.4
      vertex -19.4839 -13.7357 30
    endloop
  endfacet
  facet normal 0.956642 -0.291268 0
    outer loop
      vertex -19.4839 -13.7357 29.4
      vertex -19.5057 -13.8073 30
      vertex -19.5057 -13.8073 29.4
    endloop
  endfacet
  facet normal 0.971406 -0.237426 0
    outer loop
      vertex -19.5243 -13.8834 30
      vertex -19.5057 -13.8073 29.4
      vertex -19.5057 -13.8073 30
    endloop
  endfacet
  facet normal 0.971406 -0.237426 0
    outer loop
      vertex -19.5057 -13.8073 29.4
      vertex -19.5243 -13.8834 30
      vertex -19.5243 -13.8834 29.4
    endloop
  endfacet
  facet normal 0.982528 -0.186112 0
    outer loop
      vertex -19.5397 -13.9647 30
      vertex -19.5243 -13.8834 29.4
      vertex -19.5243 -13.8834 30
    endloop
  endfacet
  facet normal 0.982528 -0.186112 0
    outer loop
      vertex -19.5243 -13.8834 29.4
      vertex -19.5397 -13.9647 30
      vertex -19.5397 -13.9647 29.4
    endloop
  endfacet
  facet normal 0.989789 -0.142539 0
    outer loop
      vertex -19.5522 -14.0515 30
      vertex -19.5397 -13.9647 29.4
      vertex -19.5397 -13.9647 30
    endloop
  endfacet
  facet normal 0.989789 -0.142539 0
    outer loop
      vertex -19.5397 -13.9647 29.4
      vertex -19.5522 -14.0515 30
      vertex -19.5522 -14.0515 29.4
    endloop
  endfacet
  facet normal 0.994605 -0.103738 0
    outer loop
      vertex -19.5619 -14.1445 30
      vertex -19.5522 -14.0515 29.4
      vertex -19.5522 -14.0515 30
    endloop
  endfacet
  facet normal 0.994605 -0.103738 0
    outer loop
      vertex -19.5522 -14.0515 29.4
      vertex -19.5619 -14.1445 30
      vertex -19.5619 -14.1445 29.4
    endloop
  endfacet
  facet normal 0.997609 -0.0691115 0
    outer loop
      vertex -19.5688 -14.2441 30
      vertex -19.5619 -14.1445 29.4
      vertex -19.5619 -14.1445 30
    endloop
  endfacet
  facet normal 0.997609 -0.0691115 0
    outer loop
      vertex -19.5619 -14.1445 29.4
      vertex -19.5688 -14.2441 30
      vertex -19.5688 -14.2441 29.4
    endloop
  endfacet
  facet normal 0.999229 -0.0392588 0
    outer loop
      vertex -19.573 -14.351 30
      vertex -19.5688 -14.2441 29.4
      vertex -19.5688 -14.2441 30
    endloop
  endfacet
  facet normal 0.999229 -0.0392588 0
    outer loop
      vertex -19.5688 -14.2441 29.4
      vertex -19.573 -14.351 30
      vertex -19.573 -14.351 29.4
    endloop
  endfacet
  facet normal 0 1 -0
    outer loop
      vertex -19.0841 -14.351 29.4
      vertex -19.573 -14.351 30
      vertex -19.0841 -14.351 30
    endloop
  endfacet
  facet normal 0 1 0
    outer loop
      vertex -19.573 -14.351 30
      vertex -19.0841 -14.351 29.4
      vertex -19.573 -14.351 29.4
    endloop
  endfacet
  facet normal -0.997666 0.0682761 0
    outer loop
      vertex -19.0841 -14.351 29.4
      vertex -19.0792 -14.2794 30
      vertex -19.0792 -14.2794 29.4
    endloop
  endfacet
  facet normal -0.997666 0.0682761 0
    outer loop
      vertex -19.0792 -14.2794 30
      vertex -19.0841 -14.351 29.4
      vertex -19.0841 -14.351 30
    endloop
  endfacet
  facet normal -0.996076 0.0885067 0
    outer loop
      vertex -19.0792 -14.2794 29.4
      vertex -19.0733 -14.213 30
      vertex -19.0733 -14.213 29.4
    endloop
  endfacet
  facet normal -0.996076 0.0885067 0
    outer loop
      vertex -19.0733 -14.213 30
      vertex -19.0792 -14.2794 29.4
      vertex -19.0792 -14.2794 30
    endloop
  endfacet
  facet normal -0.993962 0.109723 0
    outer loop
      vertex -19.0733 -14.213 29.4
      vertex -19.0665 -14.1514 30
      vertex -19.0665 -14.1514 29.4
    endloop
  endfacet
  facet normal -0.993962 0.109723 0
    outer loop
      vertex -19.0665 -14.1514 30
      vertex -19.0733 -14.213 29.4
      vertex -19.0733 -14.213 30
    endloop
  endfacet
  facet normal -0.990394 0.138275 0
    outer loop
      vertex -19.0665 -14.1514 29.4
      vertex -19.0585 -14.0941 30
      vertex -19.0585 -14.0941 29.4
    endloop
  endfacet
  facet normal -0.990394 0.138275 0
    outer loop
      vertex -19.0585 -14.0941 30
      vertex -19.0665 -14.1514 29.4
      vertex -19.0665 -14.1514 30
    endloop
  endfacet
  facet normal -0.986042 0.166499 0
    outer loop
      vertex -19.0585 -14.0941 29.4
      vertex -19.0495 -14.0408 30
      vertex -19.0495 -14.0408 29.4
    endloop
  endfacet
  facet normal -0.986042 0.166499 0
    outer loop
      vertex -19.0495 -14.0408 30
      vertex -19.0585 -14.0941 29.4
      vertex -19.0585 -14.0941 30
    endloop
  endfacet
  facet normal -0.979503 0.20143 0
    outer loop
      vertex -19.0495 -14.0408 29.4
      vertex -19.0393 -13.9912 30
      vertex -19.0393 -13.9912 29.4
    endloop
  endfacet
  facet normal -0.979503 0.20143 0
    outer loop
      vertex -19.0393 -13.9912 30
      vertex -19.0495 -14.0408 29.4
      vertex -19.0495 -14.0408 30
    endloop
  endfacet
  facet normal -0.970633 0.240566 0
    outer loop
      vertex -19.0393 -13.9912 29.4
      vertex -19.0278 -13.9448 30
      vertex -19.0278 -13.9448 29.4
    endloop
  endfacet
  facet normal -0.970633 0.240566 0
    outer loop
      vertex -19.0278 -13.9448 30
      vertex -19.0393 -13.9912 29.4
      vertex -19.0393 -13.9912 30
    endloop
  endfacet
  facet normal -0.958731 0.284313 0
    outer loop
      vertex -19.0278 -13.9448 29.4
      vertex -19.0149 -13.9013 30
      vertex -19.0149 -13.9013 29.4
    endloop
  endfacet
  facet normal -0.958731 0.284313 0
    outer loop
      vertex -19.0149 -13.9013 30
      vertex -19.0278 -13.9448 29.4
      vertex -19.0278 -13.9448 30
    endloop
  endfacet
  facet normal -0.944217 0.329324 0
    outer loop
      vertex -19.0149 -13.9013 29.4
      vertex -19.0006 -13.8603 30
      vertex -19.0006 -13.8603 29.4
    endloop
  endfacet
  facet normal -0.944217 0.329324 0
    outer loop
      vertex -19.0006 -13.8603 30
      vertex -19.0149 -13.9013 29.4
      vertex -19.0149 -13.9013 30
    endloop
  endfacet
  facet normal -0.926493 0.376313 0
    outer loop
      vertex -19.0006 -13.8603 29.4
      vertex -18.9848 -13.8214 30
      vertex -18.9848 -13.8214 29.4
    endloop
  endfacet
  facet normal -0.926493 0.376313 0
    outer loop
      vertex -18.9848 -13.8214 30
      vertex -19.0006 -13.8603 29.4
      vertex -19.0006 -13.8603 30
    endloop
  endfacet
  facet normal -0.906308 0.422618 0
    outer loop
      vertex -18.9848 -13.8214 29.4
      vertex -18.9675 -13.7843 30
      vertex -18.9675 -13.7843 29.4
    endloop
  endfacet
  facet normal -0.906308 0.422618 0
    outer loop
      vertex -18.9675 -13.7843 30
      vertex -18.9848 -13.8214 29.4
      vertex -18.9848 -13.8214 30
    endloop
  endfacet
  facet normal -0.8609 0.508774 0
    outer loop
      vertex -18.9675 -13.7843 29.4
      vertex -18.9295 -13.72 30
      vertex -18.9295 -13.72 29.4
    endloop
  endfacet
  facet normal -0.8609 0.508774 0
    outer loop
      vertex -18.9295 -13.72 30
      vertex -18.9675 -13.7843 29.4
      vertex -18.9675 -13.7843 30
    endloop
  endfacet
  facet normal -0.804373 0.594124 0
    outer loop
      vertex -18.9295 -13.72 29.4
      vertex -18.8857 -13.6607 30
      vertex -18.8857 -13.6607 29.4
    endloop
  endfacet
  facet normal -0.804373 0.594124 0
    outer loop
      vertex -18.8857 -13.6607 30
      vertex -18.9295 -13.72 29.4
      vertex -18.9295 -13.72 30
    endloop
  endfacet
  facet normal -0.738397 0.674366 0
    outer loop
      vertex -18.8857 -13.6607 29.4
      vertex -18.8362 -13.6065 30
      vertex -18.8362 -13.6065 29.4
    endloop
  endfacet
  facet normal -0.738397 0.674366 0
    outer loop
      vertex -18.8362 -13.6065 30
      vertex -18.8857 -13.6607 29.4
      vertex -18.8857 -13.6607 30
    endloop
  endfacet
  facet normal -0.666315 0.745671 0
    outer loop
      vertex -18.7817 -13.5578 29.4
      vertex -18.8362 -13.6065 30
      vertex -18.7817 -13.5578 30
    endloop
  endfacet
  facet normal -0.666315 0.745671 0
    outer loop
      vertex -18.8362 -13.6065 30
      vertex -18.7817 -13.5578 29.4
      vertex -18.8362 -13.6065 29.4
    endloop
  endfacet
  facet normal -0.587928 0.808913 0
    outer loop
      vertex -18.7224 -13.5147 29.4
      vertex -18.7817 -13.5578 30
      vertex -18.7224 -13.5147 30
    endloop
  endfacet
  facet normal -0.587928 0.808913 0
    outer loop
      vertex -18.7817 -13.5578 30
      vertex -18.7224 -13.5147 29.4
      vertex -18.7817 -13.5578 29.4
    endloop
  endfacet
  facet normal -0.503871 0.863779 0
    outer loop
      vertex -18.6588 -13.4776 29.4
      vertex -18.7224 -13.5147 30
      vertex -18.6588 -13.4776 30
    endloop
  endfacet
  facet normal -0.503871 0.863779 0
    outer loop
      vertex -18.7224 -13.5147 30
      vertex -18.6588 -13.4776 29.4
      vertex -18.7224 -13.5147 29.4
    endloop
  endfacet
  facet normal -0.415728 0.909489 0
    outer loop
      vertex -18.5912 -13.4467 29.4
      vertex -18.6588 -13.4776 30
      vertex -18.5912 -13.4467 30
    endloop
  endfacet
  facet normal -0.415728 0.909489 0
    outer loop
      vertex -18.6588 -13.4776 30
      vertex -18.5912 -13.4467 29.4
      vertex -18.6588 -13.4776 29.4
    endloop
  endfacet
  facet normal -0.325786 0.945444 0
    outer loop
      vertex -18.5201 -13.4222 29.4
      vertex -18.5912 -13.4467 30
      vertex -18.5201 -13.4222 30
    endloop
  endfacet
  facet normal -0.325786 0.945444 0
    outer loop
      vertex -18.5912 -13.4467 30
      vertex -18.5201 -13.4222 29.4
      vertex -18.5912 -13.4467 29.4
    endloop
  endfacet
  facet normal -0.233274 0.972411 0
    outer loop
      vertex -18.4459 -13.4044 29.4
      vertex -18.5201 -13.4222 30
      vertex -18.4459 -13.4044 30
    endloop
  endfacet
  facet normal -0.233274 0.972411 0
    outer loop
      vertex -18.5201 -13.4222 30
      vertex -18.4459 -13.4044 29.4
      vertex -18.5201 -13.4222 29.4
    endloop
  endfacet
  facet normal -0.139077 0.990282 0
    outer loop
      vertex -18.369 -13.3936 29.4
      vertex -18.4459 -13.4044 30
      vertex -18.369 -13.3936 30
    endloop
  endfacet
  facet normal -0.139077 0.990282 0
    outer loop
      vertex -18.4459 -13.4044 30
      vertex -18.369 -13.3936 29.4
      vertex -18.4459 -13.4044 29.4
    endloop
  endfacet
  facet normal -0.0466076 0.998913 0
    outer loop
      vertex -18.2897 -13.3899 29.4
      vertex -18.369 -13.3936 30
      vertex -18.2897 -13.3899 30
    endloop
  endfacet
  facet normal -0.0466076 0.998913 0
    outer loop
      vertex -18.369 -13.3936 30
      vertex -18.2897 -13.3899 29.4
      vertex -18.369 -13.3936 29.4
    endloop
  endfacet
  facet normal 0.0657912 0.997833 -0
    outer loop
      vertex -18.1714 -13.3977 29.4
      vertex -18.2897 -13.3899 30
      vertex -18.1714 -13.3977 30
    endloop
  endfacet
  facet normal 0.0657912 0.997833 0
    outer loop
      vertex -18.2897 -13.3899 30
      vertex -18.1714 -13.3977 29.4
      vertex -18.2897 -13.3899 29.4
    endloop
  endfacet
  facet normal 0.200664 0.97966 -0
    outer loop
      vertex -18.0596 -13.4206 29.4
      vertex -18.1714 -13.3977 30
      vertex -18.0596 -13.4206 30
    endloop
  endfacet
  facet normal 0.200664 0.97966 0
    outer loop
      vertex -18.1714 -13.3977 30
      vertex -18.0596 -13.4206 29.4
      vertex -18.1714 -13.3977 29.4
    endloop
  endfacet
  facet normal 0.333814 0.942639 -0
    outer loop
      vertex -17.9554 -13.4575 29.4
      vertex -18.0596 -13.4206 30
      vertex -17.9554 -13.4575 30
    endloop
  endfacet
  facet normal 0.333814 0.942639 0
    outer loop
      vertex -18.0596 -13.4206 30
      vertex -17.9554 -13.4575 29.4
      vertex -18.0596 -13.4206 29.4
    endloop
  endfacet
  facet normal 0.462693 0.886519 -0
    outer loop
      vertex -17.8596 -13.5075 29.4
      vertex -17.9554 -13.4575 30
      vertex -17.8596 -13.5075 30
    endloop
  endfacet
  facet normal 0.462693 0.886519 0
    outer loop
      vertex -17.9554 -13.4575 30
      vertex -17.8596 -13.5075 29.4
      vertex -17.9554 -13.4575 29.4
    endloop
  endfacet
  facet normal 0.585765 0.810481 -0
    outer loop
      vertex -17.7734 -13.5698 29.4
      vertex -17.8596 -13.5075 30
      vertex -17.7734 -13.5698 30
    endloop
  endfacet
  facet normal 0.585765 0.810481 0
    outer loop
      vertex -17.8596 -13.5075 30
      vertex -17.7734 -13.5698 29.4
      vertex -17.8596 -13.5075 29.4
    endloop
  endfacet
  facet normal 0.696116 0.717929 -0
    outer loop
      vertex -17.6977 -13.6432 29.4
      vertex -17.7734 -13.5698 30
      vertex -17.6977 -13.6432 30
    endloop
  endfacet
  facet normal 0.696116 0.717929 0
    outer loop
      vertex -17.7734 -13.5698 30
      vertex -17.6977 -13.6432 29.4
      vertex -17.7734 -13.5698 29.4
    endloop
  endfacet
  facet normal 0.793469 0.608611 0
    outer loop
      vertex -17.6335 -13.7269 30
      vertex -17.6977 -13.6432 29.4
      vertex -17.6977 -13.6432 30
    endloop
  endfacet
  facet normal 0.793469 0.608611 0
    outer loop
      vertex -17.6977 -13.6432 29.4
      vertex -17.6335 -13.7269 30
      vertex -17.6335 -13.7269 29.4
    endloop
  endfacet
  facet normal 0.874246 0.485483 0
    outer loop
      vertex -17.5818 -13.82 30
      vertex -17.6335 -13.7269 29.4
      vertex -17.6335 -13.7269 30
    endloop
  endfacet
  facet normal 0.874246 0.485483 0
    outer loop
      vertex -17.6335 -13.7269 29.4
      vertex -17.5818 -13.82 30
      vertex -17.5818 -13.82 29.4
    endloop
  endfacet
  facet normal 0.936101 0.35173 0
    outer loop
      vertex -17.5437 -13.9214 30
      vertex -17.5818 -13.82 29.4
      vertex -17.5818 -13.82 30
    endloop
  endfacet
  facet normal 0.936101 0.35173 0
    outer loop
      vertex -17.5818 -13.82 29.4
      vertex -17.5437 -13.9214 30
      vertex -17.5437 -13.9214 29.4
    endloop
  endfacet
  facet normal 0.977087 0.21284 0
    outer loop
      vertex -17.52 -14.0302 30
      vertex -17.5437 -13.9214 29.4
      vertex -17.5437 -13.9214 30
    endloop
  endfacet
  facet normal 0.977087 0.21284 0
    outer loop
      vertex -17.5437 -13.9214 29.4
      vertex -17.52 -14.0302 30
      vertex -17.52 -14.0302 29.4
    endloop
  endfacet
  facet normal 0.997537 0.0701393 0
    outer loop
      vertex -17.5119 -14.1454 30
      vertex -17.52 -14.0302 29.4
      vertex -17.52 -14.0302 30
    endloop
  endfacet
  facet normal 0.997537 0.0701393 0
    outer loop
      vertex -17.52 -14.0302 29.4
      vertex -17.5119 -14.1454 30
      vertex -17.5119 -14.1454 29.4
    endloop
  endfacet
  facet normal 0.998599 -0.0529211 0
    outer loop
      vertex -17.5165 -14.2322 30
      vertex -17.5119 -14.1454 29.4
      vertex -17.5119 -14.1454 30
    endloop
  endfacet
  facet normal 0.998599 -0.0529211 0
    outer loop
      vertex -17.5119 -14.1454 29.4
      vertex -17.5165 -14.2322 30
      vertex -17.5165 -14.2322 29.4
    endloop
  endfacet
  facet normal 0.987448 -0.157945 0
    outer loop
      vertex -17.53 -14.3166 30
      vertex -17.5165 -14.2322 29.4
      vertex -17.5165 -14.2322 30
    endloop
  endfacet
  facet normal 0.987448 -0.157945 0
    outer loop
      vertex -17.5165 -14.2322 29.4
      vertex -17.53 -14.3166 30
      vertex -17.53 -14.3166 29.4
    endloop
  endfacet
  facet normal 0.964273 -0.26491 0
    outer loop
      vertex -17.5525 -14.3985 30
      vertex -17.53 -14.3166 29.4
      vertex -17.53 -14.3166 30
    endloop
  endfacet
  facet normal 0.964273 -0.26491 0
    outer loop
      vertex -17.53 -14.3166 29.4
      vertex -17.5525 -14.3985 30
      vertex -17.5525 -14.3985 29.4
    endloop
  endfacet
  facet normal 0.930007 -0.367541 0
    outer loop
      vertex -17.5838 -14.4777 30
      vertex -17.5525 -14.3985 29.4
      vertex -17.5525 -14.3985 30
    endloop
  endfacet
  facet normal 0.930007 -0.367541 0
    outer loop
      vertex -17.5525 -14.3985 29.4
      vertex -17.5838 -14.4777 30
      vertex -17.5838 -14.4777 29.4
    endloop
  endfacet
  facet normal 0.884968 -0.465651 0
    outer loop
      vertex -17.624 -14.5541 30
      vertex -17.5838 -14.4777 29.4
      vertex -17.5838 -14.4777 30
    endloop
  endfacet
  facet normal 0.884968 -0.465651 0
    outer loop
      vertex -17.5838 -14.4777 29.4
      vertex -17.624 -14.5541 30
      vertex -17.624 -14.5541 29.4
    endloop
  endfacet
  facet normal 0.832573 -0.553916 0
    outer loop
      vertex -17.6729 -14.6276 30
      vertex -17.624 -14.5541 29.4
      vertex -17.624 -14.5541 30
    endloop
  endfacet
  facet normal 0.832573 -0.553916 0
    outer loop
      vertex -17.624 -14.5541 29.4
      vertex -17.6729 -14.6276 30
      vertex -17.6729 -14.6276 29.4
    endloop
  endfacet
  facet normal 0.775035 -0.631918 0
    outer loop
      vertex -17.7303 -14.698 30
      vertex -17.6729 -14.6276 29.4
      vertex -17.6729 -14.6276 30
    endloop
  endfacet
  facet normal 0.775035 -0.631918 0
    outer loop
      vertex -17.6729 -14.6276 29.4
      vertex -17.7303 -14.698 30
      vertex -17.7303 -14.698 29.4
    endloop
  endfacet
  facet normal 0.712395 -0.701778 0
    outer loop
      vertex -17.7964 -14.7651 30
      vertex -17.7303 -14.698 29.4
      vertex -17.7303 -14.698 30
    endloop
  endfacet
  facet normal 0.712395 -0.701778 0
    outer loop
      vertex -17.7303 -14.698 29.4
      vertex -17.7964 -14.7651 30
      vertex -17.7964 -14.7651 29.4
    endloop
  endfacet
  facet normal 0.649363 -0.760479 0
    outer loop
      vertex -17.871 -14.8288 29.4
      vertex -17.7964 -14.7651 30
      vertex -17.871 -14.8288 30
    endloop
  endfacet
  facet normal 0.649363 -0.760479 0
    outer loop
      vertex -17.7964 -14.7651 30
      vertex -17.871 -14.8288 29.4
      vertex -17.7964 -14.7651 29.4
    endloop
  endfacet
  facet normal 0.587591 -0.809158 0
    outer loop
      vertex -17.9539 -14.889 29.4
      vertex -17.871 -14.8288 30
      vertex -17.9539 -14.889 30
    endloop
  endfacet
  facet normal 0.587591 -0.809158 0
    outer loop
      vertex -17.871 -14.8288 30
      vertex -17.9539 -14.889 29.4
      vertex -17.871 -14.8288 29.4
    endloop
  endfacet
  facet normal 0.525552 -0.850761 0
    outer loop
      vertex -18.0452 -14.9454 29.4
      vertex -17.9539 -14.889 30
      vertex -18.0452 -14.9454 30
    endloop
  endfacet
  facet normal 0.525552 -0.850761 0
    outer loop
      vertex -17.9539 -14.889 30
      vertex -18.0452 -14.9454 29.4
      vertex -17.9539 -14.889 29.4
    endloop
  endfacet
  facet normal 0.506135 -0.862454 0
    outer loop
      vertex -18.5564 -15.2454 29.4
      vertex -18.0452 -14.9454 30
      vertex -18.5564 -15.2454 30
    endloop
  endfacet
  facet normal 0.506135 -0.862454 0
    outer loop
      vertex -18.0452 -14.9454 30
      vertex -18.5564 -15.2454 29.4
      vertex -18.0452 -14.9454 29.4
    endloop
  endfacet
  facet normal 0.51719 -0.85587 0
    outer loop
      vertex -18.7664 -15.3723 29.4
      vertex -18.5564 -15.2454 30
      vertex -18.7664 -15.3723 30
    endloop
  endfacet
  facet normal 0.51719 -0.85587 0
    outer loop
      vertex -18.5564 -15.2454 30
      vertex -18.7664 -15.3723 29.4
      vertex -18.5564 -15.2454 29.4
    endloop
  endfacet
  facet normal 0.563939 -0.825816 0
    outer loop
      vertex -18.9493 -15.4972 29.4
      vertex -18.7664 -15.3723 30
      vertex -18.9493 -15.4972 30
    endloop
  endfacet
  facet normal 0.563939 -0.825816 0
    outer loop
      vertex -18.7664 -15.3723 30
      vertex -18.9493 -15.4972 29.4
      vertex -18.7664 -15.3723 29.4
    endloop
  endfacet
  facet normal 0.623484 -0.781836 0
    outer loop
      vertex -19.1068 -15.6228 29.4
      vertex -18.9493 -15.4972 30
      vertex -19.1068 -15.6228 30
    endloop
  endfacet
  facet normal 0.623484 -0.781836 0
    outer loop
      vertex -18.9493 -15.4972 30
      vertex -19.1068 -15.6228 29.4
      vertex -18.9493 -15.4972 29.4
    endloop
  endfacet
  facet normal 0.693797 -0.720171 0
    outer loop
      vertex -19.2406 -15.7517 29.4
      vertex -19.1068 -15.6228 30
      vertex -19.2406 -15.7517 30
    endloop
  endfacet
  facet normal 0.693797 -0.720171 0
    outer loop
      vertex -19.1068 -15.6228 30
      vertex -19.2406 -15.7517 29.4
      vertex -19.1068 -15.6228 29.4
    endloop
  endfacet
  facet normal 0.769669 -0.638443 0
    outer loop
      vertex -19.3525 -15.8866 30
      vertex -19.2406 -15.7517 29.4
      vertex -19.2406 -15.7517 30
    endloop
  endfacet
  facet normal 0.769669 -0.638443 0
    outer loop
      vertex -19.2406 -15.7517 29.4
      vertex -19.3525 -15.8866 30
      vertex -19.3525 -15.8866 29.4
    endloop
  endfacet
  facet normal 0.842718 -0.538355 0
    outer loop
      vertex -19.4443 -16.0303 30
      vertex -19.3525 -15.8866 29.4
      vertex -19.3525 -15.8866 30
    endloop
  endfacet
  facet normal 0.842718 -0.538355 0
    outer loop
      vertex -19.3525 -15.8866 29.4
      vertex -19.4443 -16.0303 30
      vertex -19.4443 -16.0303 29.4
    endloop
  endfacet
  facet normal 0.904117 -0.427284 0
    outer loop
      vertex -19.5176 -16.1854 30
      vertex -19.4443 -16.0303 29.4
      vertex -19.4443 -16.0303 30
    endloop
  endfacet
  facet normal 0.904117 -0.427284 0
    outer loop
      vertex -19.4443 -16.0303 29.4
      vertex -19.5176 -16.1854 30
      vertex -19.5176 -16.1854 29.4
    endloop
  endfacet
  facet normal 0.948121 -0.317909 0
    outer loop
      vertex -19.5743 -16.3545 30
      vertex -19.5176 -16.1854 29.4
      vertex -19.5176 -16.1854 30
    endloop
  endfacet
  facet normal 0.948121 -0.317909 0
    outer loop
      vertex -19.5176 -16.1854 29.4
      vertex -19.5743 -16.3545 30
      vertex -19.5743 -16.3545 29.4
    endloop
  endfacet
  facet normal 0.975641 -0.219375 0
    outer loop
      vertex -19.6161 -16.5404 30
      vertex -19.5743 -16.3545 29.4
      vertex -19.5743 -16.3545 30
    endloop
  endfacet
  facet normal 0.975641 -0.219375 0
    outer loop
      vertex -19.5743 -16.3545 29.4
      vertex -19.6161 -16.5404 30
      vertex -19.6161 -16.5404 29.4
    endloop
  endfacet
  facet normal 0.990436 -0.137976 0
    outer loop
      vertex -19.6447 -16.7457 30
      vertex -19.6161 -16.5404 29.4
      vertex -19.6161 -16.5404 30
    endloop
  endfacet
  facet normal 0.990436 -0.137976 0
    outer loop
      vertex -19.6161 -16.5404 29.4
      vertex -19.6447 -16.7457 30
      vertex -19.6447 -16.7457 29.4
    endloop
  endfacet
  facet normal 0.997154 -0.0753892 0
    outer loop
      vertex -19.6619 -16.9732 30
      vertex -19.6447 -16.7457 29.4
      vertex -19.6447 -16.7457 30
    endloop
  endfacet
  facet normal 0.997154 -0.0753892 0
    outer loop
      vertex -19.6447 -16.7457 29.4
      vertex -19.6619 -16.9732 30
      vertex -19.6619 -16.9732 29.4
    endloop
  endfacet
  facet normal 0 1 -0
    outer loop
      vertex -17.0397 -16.9732 29.4
      vertex -19.6619 -16.9732 30
      vertex -17.0397 -16.9732 30
    endloop
  endfacet
  facet normal 0 1 0
    outer loop
      vertex -19.6619 -16.9732 30
      vertex -17.0397 -16.9732 29.4
      vertex -19.6619 -16.9732 29.4
    endloop
  endfacet
  facet normal -1 0 0
    outer loop
      vertex -17.0397 -16.9732 29.4
      vertex -17.0397 -16.4954 30
      vertex -17.0397 -16.4954 29.4
    endloop
  endfacet
  facet normal -1 -0 0
    outer loop
      vertex -17.0397 -16.4954 30
      vertex -17.0397 -16.9732 29.4
      vertex -17.0397 -16.9732 30
    endloop
  endfacet
  facet normal 0.488662 -0.872473 0
    outer loop
      vertex 17.3875 4.2632 0
      vertex 17.73 4.45503 16.5
      vertex 17.3875 4.2632 16.5
    endloop
  endfacet
  facet normal 0.488662 -0.872473 0
    outer loop
      vertex 17.73 4.45503 16.5
      vertex 17.3875 4.2632 0
      vertex 17.73 4.45503 0
    endloop
  endfacet
  facet normal -0.993052 -0.117676 0
    outer loop
      vertex 24.9846 0.392295 0
      vertex 24.9384 0.782172 16.5
      vertex 24.9384 0.782172 0
    endloop
  endfacet
  facet normal -0.993052 -0.117676 0
    outer loop
      vertex 24.9384 0.782172 16.5
      vertex 24.9846 0.392295 0
      vertex 24.9846 0.392295 16.5
    endloop
  endfacet
  facet normal -0.99923 -0.039226 0
    outer loop
      vertex 25 0 0
      vertex 24.9846 0.392295 16.5
      vertex 24.9846 0.392295 0
    endloop
  endfacet
  facet normal -0.99923 -0.039226 0
    outer loop
      vertex 24.9846 0.392295 16.5
      vertex 25 0 0
      vertex 25 0 16.5
    endloop
  endfacet
  facet normal 0.195112 0.980781 -0
    outer loop
      vertex 19.2178 -4.93844 0
      vertex 18.8328 -4.86185 16.5
      vertex 19.2178 -4.93844 16.5
    endloop
  endfacet
  facet normal 0.195112 0.980781 0
    outer loop
      vertex 18.8328 -4.86185 16.5
      vertex 19.2178 -4.93844 0
      vertex 18.8328 -4.86185 0
    endloop
  endfacet
  facet normal 0.346133 -0.938186 0
    outer loop
      vertex 18.0866 4.6194 0
      vertex 18.4549 4.75528 16.5
      vertex 18.0866 4.6194 16.5
    endloop
  endfacet
  facet normal 0.346133 -0.938186 0
    outer loop
      vertex 18.4549 4.75528 16.5
      vertex 18.0866 4.6194 0
      vertex 18.4549 4.75528 0
    endloop
  endfacet
  facet normal -0.99923 0.039226 0
    outer loop
      vertex 24.9846 -0.392295 0
      vertex 25 0 16.5
      vertex 25 0 0
    endloop
  endfacet
  facet normal -0.99923 0.039226 0
    outer loop
      vertex 25 0 16.5
      vertex 24.9846 -0.392295 0
      vertex 24.9846 -0.392295 16.5
    endloop
  endfacet
  facet normal 0.734313 0.678811 0
    outer loop
      vertex 16.4645 -3.53553 16.5
      vertex 16.198 -3.24724 0
      vertex 16.198 -3.24724 16.5
    endloop
  endfacet
  facet normal 0.734313 0.678811 0
    outer loop
      vertex 16.198 -3.24724 0
      vertex 16.4645 -3.53553 16.5
      vertex 16.4645 -3.53553 0
    endloop
  endfacet
  facet normal 0.993052 0.117676 0
    outer loop
      vertex 15.0616 -0.782172 16.5
      vertex 15.0154 -0.392295 0
      vertex 15.0154 -0.392295 16.5
    endloop
  endfacet
  facet normal 0.993052 0.117676 0
    outer loop
      vertex 15.0154 -0.392295 0
      vertex 15.0616 -0.782172 16.5
      vertex 15.0616 -0.782172 0
    endloop
  endfacet
  facet normal 0.619103 -0.78531 0
    outer loop
      vertex 16.7528 3.80203 0
      vertex 17.0611 4.04508 16.5
      vertex 16.7528 3.80203 16.5
    endloop
  endfacet
  facet normal 0.619103 -0.78531 0
    outer loop
      vertex 17.0611 4.04508 16.5
      vertex 16.7528 3.80203 0
      vertex 17.0611 4.04508 0
    endloop
  endfacet
  facet normal -0.0392509 -0.999229 0
    outer loop
      vertex 20 5 0
      vertex 20.3923 4.98459 16.5
      vertex 20 5 16.5
    endloop
  endfacet
  facet normal -0.0392509 -0.999229 -0
    outer loop
      vertex 20.3923 4.98459 16.5
      vertex 20 5 0
      vertex 20.3923 4.98459 0
    endloop
  endfacet
  facet normal -0.962498 -0.271288 0
    outer loop
      vertex 24.8618 1.16723 0
      vertex 24.7553 1.54508 16.5
      vertex 24.7553 1.54508 0
    endloop
  endfacet
  facet normal -0.962498 -0.271288 0
    outer loop
      vertex 24.7553 1.54508 16.5
      vertex 24.8618 1.16723 0
      vertex 24.8618 1.16723 16.5
    endloop
  endfacet
  facet normal 0.99923 -0.039226 0
    outer loop
      vertex 15 0 16.5
      vertex 15.0154 0.392295 0
      vertex 15.0154 0.392295 16.5
    endloop
  endfacet
  facet normal 0.99923 -0.039226 0
    outer loop
      vertex 15.0154 0.392295 0
      vertex 15 0 16.5
      vertex 15 0 0
    endloop
  endfacet
  facet normal 0.555617 -0.831438 0
    outer loop
      vertex 17.0611 4.04508 0
      vertex 17.3875 4.2632 16.5
      vertex 17.0611 4.04508 16.5
    endloop
  endfacet
  facet normal 0.555617 -0.831438 0
    outer loop
      vertex 17.3875 4.2632 16.5
      vertex 17.0611 4.04508 0
      vertex 17.3875 4.2632 0
    endloop
  endfacet
  facet normal -0.962498 0.271288 0
    outer loop
      vertex 24.7553 -1.54508 0
      vertex 24.8618 -1.16723 16.5
      vertex 24.8618 -1.16723 0
    endloop
  endfacet
  facet normal -0.962498 0.271288 0
    outer loop
      vertex 24.8618 -1.16723 16.5
      vertex 24.7553 -1.54508 0
      vertex 24.7553 -1.54508 16.5
    endloop
  endfacet
  facet normal -0.785257 0.619169 0
    outer loop
      vertex 23.802 -3.24724 0
      vertex 24.0451 -2.93893 16.5
      vertex 24.0451 -2.93893 0
    endloop
  endfacet
  facet normal -0.785257 0.619169 0
    outer loop
      vertex 24.0451 -2.93893 16.5
      vertex 23.802 -3.24724 0
      vertex 23.802 -3.24724 16.5
    endloop
  endfacet
  facet normal 0.993052 -0.117676 0
    outer loop
      vertex 15.0154 0.392295 16.5
      vertex 15.0616 0.782172 0
      vertex 15.0616 0.782172 16.5
    endloop
  endfacet
  facet normal 0.993052 -0.117676 0
    outer loop
      vertex 15.0616 0.782172 0
      vertex 15.0154 0.392295 16.5
      vertex 15.0154 0.392295 0
    endloop
  endfacet
  facet normal -0.619103 -0.78531 0
    outer loop
      vertex 22.9389 4.04508 0
      vertex 23.2472 3.80203 16.5
      vertex 22.9389 4.04508 16.5
    endloop
  endfacet
  facet normal -0.619103 -0.78531 -0
    outer loop
      vertex 23.2472 3.80203 16.5
      vertex 22.9389 4.04508 0
      vertex 23.2472 3.80203 0
    endloop
  endfacet
  facet normal 0.0392509 -0.999229 0
    outer loop
      vertex 19.6077 4.98459 0
      vertex 20 5 16.5
      vertex 19.6077 4.98459 16.5
    endloop
  endfacet
  facet normal 0.0392509 -0.999229 0
    outer loop
      vertex 20 5 16.5
      vertex 19.6077 4.98459 0
      vertex 20 5 0
    endloop
  endfacet
  facet normal 0.831493 0.555535 0
    outer loop
      vertex 15.9549 -2.93893 16.5
      vertex 15.7368 -2.61249 0
      vertex 15.7368 -2.61249 16.5
    endloop
  endfacet
  facet normal 0.831493 0.555535 0
    outer loop
      vertex 15.7368 -2.61249 0
      vertex 15.9549 -2.93893 16.5
      vertex 15.9549 -2.93893 0
    endloop
  endfacet
  facet normal -0.488662 -0.872473 0
    outer loop
      vertex 22.27 4.45503 0
      vertex 22.6125 4.2632 16.5
      vertex 22.27 4.45503 16.5
    endloop
  endfacet
  facet normal -0.488662 -0.872473 -0
    outer loop
      vertex 22.6125 4.2632 16.5
      vertex 22.27 4.45503 0
      vertex 22.6125 4.2632 0
    endloop
  endfacet
  facet normal -0.195112 0.980781 0
    outer loop
      vertex 21.1672 -4.86185 0
      vertex 20.7822 -4.93844 16.5
      vertex 21.1672 -4.86185 16.5
    endloop
  endfacet
  facet normal -0.195112 0.980781 0
    outer loop
      vertex 20.7822 -4.93844 16.5
      vertex 21.1672 -4.86185 0
      vertex 20.7822 -4.93844 0
    endloop
  endfacet
  facet normal 0.418608 -0.908167 0
    outer loop
      vertex 17.73 4.45503 0
      vertex 18.0866 4.6194 16.5
      vertex 17.73 4.45503 16.5
    endloop
  endfacet
  facet normal 0.418608 -0.908167 0
    outer loop
      vertex 18.0866 4.6194 16.5
      vertex 17.73 4.45503 0
      vertex 18.0866 4.6194 0
    endloop
  endfacet
  facet normal 0.0392509 0.999229 -0
    outer loop
      vertex 20 -5 0
      vertex 19.6077 -4.98459 16.5
      vertex 20 -5 16.5
    endloop
  endfacet
  facet normal 0.0392509 0.999229 0
    outer loop
      vertex 19.6077 -4.98459 16.5
      vertex 20 -5 0
      vertex 19.6077 -4.98459 0
    endloop
  endfacet
  facet normal -0.908107 -0.418738 0
    outer loop
      vertex 24.6194 1.91342 0
      vertex 24.455 2.26995 16.5
      vertex 24.455 2.26995 0
    endloop
  endfacet
  facet normal -0.908107 -0.418738 0
    outer loop
      vertex 24.455 2.26995 16.5
      vertex 24.6194 1.91342 0
      vertex 24.6194 1.91342 16.5
    endloop
  endfacet
  facet normal -0.117543 0.993068 0
    outer loop
      vertex 20.7822 -4.93844 0
      vertex 20.3923 -4.98459 16.5
      vertex 20.7822 -4.93844 16.5
    endloop
  endfacet
  facet normal -0.117543 0.993068 0
    outer loop
      vertex 20.3923 -4.98459 16.5
      vertex 20.7822 -4.93844 0
      vertex 20.3923 -4.98459 0
    endloop
  endfacet
  facet normal 0.785257 0.619169 0
    outer loop
      vertex 16.198 -3.24724 16.5
      vertex 15.9549 -2.93893 0
      vertex 15.9549 -2.93893 16.5
    endloop
  endfacet
  facet normal 0.785257 0.619169 0
    outer loop
      vertex 15.9549 -2.93893 0
      vertex 16.198 -3.24724 16.5
      vertex 16.198 -3.24724 0
    endloop
  endfacet
  facet normal 0.418608 0.908167 -0
    outer loop
      vertex 18.0866 -4.6194 0
      vertex 17.73 -4.45503 16.5
      vertex 18.0866 -4.6194 16.5
    endloop
  endfacet
  facet normal 0.418608 0.908167 0
    outer loop
      vertex 17.73 -4.45503 16.5
      vertex 18.0866 -4.6194 0
      vertex 17.73 -4.45503 0
    endloop
  endfacet
  facet normal -0.555617 -0.831438 0
    outer loop
      vertex 22.6125 4.2632 0
      vertex 22.9389 4.04508 16.5
      vertex 22.6125 4.2632 16.5
    endloop
  endfacet
  facet normal -0.555617 -0.831438 -0
    outer loop
      vertex 22.9389 4.04508 16.5
      vertex 22.6125 4.2632 0
      vertex 22.9389 4.04508 0
    endloop
  endfacet
  facet normal -0.27142 -0.962461 0
    outer loop
      vertex 21.1672 4.86185 0
      vertex 21.5451 4.75528 16.5
      vertex 21.1672 4.86185 16.5
    endloop
  endfacet
  facet normal -0.27142 -0.962461 -0
    outer loop
      vertex 21.5451 4.75528 16.5
      vertex 21.1672 4.86185 0
      vertex 21.5451 4.75528 0
    endloop
  endfacet
  facet normal 0.555617 0.831438 -0
    outer loop
      vertex 17.3875 -4.2632 0
      vertex 17.0611 -4.04508 16.5
      vertex 17.3875 -4.2632 16.5
    endloop
  endfacet
  facet normal 0.555617 0.831438 0
    outer loop
      vertex 17.0611 -4.04508 16.5
      vertex 17.3875 -4.2632 0
      vertex 17.0611 -4.04508 0
    endloop
  endfacet
  facet normal -0.980782 0.195108 0
    outer loop
      vertex 24.8618 -1.16723 0
      vertex 24.9384 -0.782172 16.5
      vertex 24.9384 -0.782172 0
    endloop
  endfacet
  facet normal -0.980782 0.195108 0
    outer loop
      vertex 24.9384 -0.782172 16.5
      vertex 24.8618 -1.16723 0
      vertex 24.8618 -1.16723 16.5
    endloop
  endfacet
  facet normal 0.488662 0.872473 -0
    outer loop
      vertex 17.73 -4.45503 0
      vertex 17.3875 -4.2632 16.5
      vertex 17.73 -4.45503 16.5
    endloop
  endfacet
  facet normal 0.488662 0.872473 0
    outer loop
      vertex 17.3875 -4.2632 16.5
      vertex 17.73 -4.45503 0
      vertex 17.3875 -4.2632 0
    endloop
  endfacet
  facet normal 0.938181 -0.346144 0
    outer loop
      vertex 15.2447 1.54508 16.5
      vertex 15.3806 1.91342 0
      vertex 15.3806 1.91342 16.5
    endloop
  endfacet
  facet normal 0.938181 -0.346144 0
    outer loop
      vertex 15.3806 1.91342 0
      vertex 15.2447 1.54508 16.5
      vertex 15.2447 1.54508 0
    endloop
  endfacet
  facet normal -0.831493 -0.555535 0
    outer loop
      vertex 24.2632 2.61249 0
      vertex 24.0451 2.93893 16.5
      vertex 24.0451 2.93893 0
    endloop
  endfacet
  facet normal -0.831493 -0.555535 0
    outer loop
      vertex 24.0451 2.93893 16.5
      vertex 24.2632 2.61249 0
      vertex 24.2632 2.61249 16.5
    endloop
  endfacet
  facet normal -0.418608 -0.908167 0
    outer loop
      vertex 21.9134 4.6194 0
      vertex 22.27 4.45503 16.5
      vertex 21.9134 4.6194 16.5
    endloop
  endfacet
  facet normal -0.418608 -0.908167 -0
    outer loop
      vertex 22.27 4.45503 16.5
      vertex 21.9134 4.6194 0
      vertex 22.27 4.45503 0
    endloop
  endfacet
  facet normal 0.195112 -0.980781 0
    outer loop
      vertex 18.8328 4.86185 0
      vertex 19.2178 4.93844 16.5
      vertex 18.8328 4.86185 16.5
    endloop
  endfacet
  facet normal 0.195112 -0.980781 0
    outer loop
      vertex 19.2178 4.93844 16.5
      vertex 18.8328 4.86185 0
      vertex 19.2178 4.93844 0
    endloop
  endfacet
  facet normal 0.938181 0.346144 0
    outer loop
      vertex 15.3806 -1.91342 16.5
      vertex 15.2447 -1.54508 0
      vertex 15.2447 -1.54508 16.5
    endloop
  endfacet
  facet normal 0.938181 0.346144 0
    outer loop
      vertex 15.2447 -1.54508 0
      vertex 15.3806 -1.91342 16.5
      vertex 15.3806 -1.91342 0
    endloop
  endfacet
  facet normal -0.938181 -0.346144 0
    outer loop
      vertex 24.7553 1.54508 0
      vertex 24.6194 1.91342 16.5
      vertex 24.6194 1.91342 0
    endloop
  endfacet
  facet normal -0.938181 -0.346144 0
    outer loop
      vertex 24.6194 1.91342 16.5
      vertex 24.7553 1.54508 0
      vertex 24.7553 1.54508 16.5
    endloop
  endfacet
  facet normal -0.346133 0.938186 0
    outer loop
      vertex 21.9134 -4.6194 0
      vertex 21.5451 -4.75528 16.5
      vertex 21.9134 -4.6194 16.5
    endloop
  endfacet
  facet normal -0.346133 0.938186 0
    outer loop
      vertex 21.5451 -4.75528 16.5
      vertex 21.9134 -4.6194 0
      vertex 21.5451 -4.75528 0
    endloop
  endfacet
  facet normal 0.117543 -0.993068 0
    outer loop
      vertex 19.2178 4.93844 0
      vertex 19.6077 4.98459 16.5
      vertex 19.2178 4.93844 16.5
    endloop
  endfacet
  facet normal 0.117543 -0.993068 0
    outer loop
      vertex 19.6077 4.98459 16.5
      vertex 19.2178 4.93844 0
      vertex 19.6077 4.98459 0
    endloop
  endfacet
  facet normal -0.678798 -0.734325 0
    outer loop
      vertex 23.2472 3.80203 0
      vertex 23.5355 3.53553 16.5
      vertex 23.2472 3.80203 16.5
    endloop
  endfacet
  facet normal -0.678798 -0.734325 -0
    outer loop
      vertex 23.5355 3.53553 16.5
      vertex 23.2472 3.80203 0
      vertex 23.5355 3.53553 0
    endloop
  endfacet
  facet normal -0.27142 0.962461 0
    outer loop
      vertex 21.5451 -4.75528 0
      vertex 21.1672 -4.86185 16.5
      vertex 21.5451 -4.75528 16.5
    endloop
  endfacet
  facet normal -0.27142 0.962461 0
    outer loop
      vertex 21.1672 -4.86185 16.5
      vertex 21.5451 -4.75528 0
      vertex 21.1672 -4.86185 0
    endloop
  endfacet
  facet normal -0.993052 0.117676 0
    outer loop
      vertex 24.9384 -0.782172 0
      vertex 24.9846 -0.392295 16.5
      vertex 24.9846 -0.392295 0
    endloop
  endfacet
  facet normal -0.993052 0.117676 0
    outer loop
      vertex 24.9846 -0.392295 16.5
      vertex 24.9384 -0.782172 0
      vertex 24.9384 -0.782172 16.5
    endloop
  endfacet
  facet normal -0.87253 -0.48856 0
    outer loop
      vertex 24.455 2.26995 0
      vertex 24.2632 2.61249 16.5
      vertex 24.2632 2.61249 0
    endloop
  endfacet
  facet normal -0.87253 -0.48856 0
    outer loop
      vertex 24.2632 2.61249 16.5
      vertex 24.455 2.26995 0
      vertex 24.455 2.26995 16.5
    endloop
  endfacet
  facet normal 0.980782 -0.195108 0
    outer loop
      vertex 15.0616 0.782172 16.5
      vertex 15.1382 1.16723 0
      vertex 15.1382 1.16723 16.5
    endloop
  endfacet
  facet normal 0.980782 -0.195108 0
    outer loop
      vertex 15.1382 1.16723 0
      vertex 15.0616 0.782172 16.5
      vertex 15.0616 0.782172 0
    endloop
  endfacet
  facet normal 0.831493 -0.555535 0
    outer loop
      vertex 15.7368 2.61249 16.5
      vertex 15.9549 2.93893 0
      vertex 15.9549 2.93893 16.5
    endloop
  endfacet
  facet normal 0.831493 -0.555535 0
    outer loop
      vertex 15.9549 2.93893 0
      vertex 15.7368 2.61249 16.5
      vertex 15.7368 2.61249 0
    endloop
  endfacet
  facet normal 0.962498 0.271288 0
    outer loop
      vertex 15.2447 -1.54508 16.5
      vertex 15.1382 -1.16723 0
      vertex 15.1382 -1.16723 16.5
    endloop
  endfacet
  facet normal 0.962498 0.271288 0
    outer loop
      vertex 15.1382 -1.16723 0
      vertex 15.2447 -1.54508 16.5
      vertex 15.2447 -1.54508 0
    endloop
  endfacet
  facet normal 0.678798 0.734325 -0
    outer loop
      vertex 16.7528 -3.80203 0
      vertex 16.4645 -3.53553 16.5
      vertex 16.7528 -3.80203 16.5
    endloop
  endfacet
  facet normal 0.678798 0.734325 0
    outer loop
      vertex 16.4645 -3.53553 16.5
      vertex 16.7528 -3.80203 0
      vertex 16.4645 -3.53553 0
    endloop
  endfacet
  facet normal 0.87253 -0.48856 0
    outer loop
      vertex 15.545 2.26995 16.5
      vertex 15.7368 2.61249 0
      vertex 15.7368 2.61249 16.5
    endloop
  endfacet
  facet normal 0.87253 -0.48856 0
    outer loop
      vertex 15.7368 2.61249 0
      vertex 15.545 2.26995 16.5
      vertex 15.545 2.26995 0
    endloop
  endfacet
  facet normal 0.734313 -0.678811 0
    outer loop
      vertex 16.198 3.24724 16.5
      vertex 16.4645 3.53553 0
      vertex 16.4645 3.53553 16.5
    endloop
  endfacet
  facet normal 0.734313 -0.678811 0
    outer loop
      vertex 16.4645 3.53553 0
      vertex 16.198 3.24724 16.5
      vertex 16.198 3.24724 0
    endloop
  endfacet
  facet normal 0.908107 -0.418738 0
    outer loop
      vertex 15.3806 1.91342 16.5
      vertex 15.545 2.26995 0
      vertex 15.545 2.26995 16.5
    endloop
  endfacet
  facet normal 0.908107 -0.418738 0
    outer loop
      vertex 15.545 2.26995 0
      vertex 15.3806 1.91342 16.5
      vertex 15.3806 1.91342 0
    endloop
  endfacet
  facet normal -0.418608 0.908167 0
    outer loop
      vertex 22.27 -4.45503 0
      vertex 21.9134 -4.6194 16.5
      vertex 22.27 -4.45503 16.5
    endloop
  endfacet
  facet normal -0.418608 0.908167 0
    outer loop
      vertex 21.9134 -4.6194 16.5
      vertex 22.27 -4.45503 0
      vertex 21.9134 -4.6194 0
    endloop
  endfacet
  facet normal 0.87253 0.48856 0
    outer loop
      vertex 15.7368 -2.61249 16.5
      vertex 15.545 -2.26995 0
      vertex 15.545 -2.26995 16.5
    endloop
  endfacet
  facet normal 0.87253 0.48856 0
    outer loop
      vertex 15.545 -2.26995 0
      vertex 15.7368 -2.61249 16.5
      vertex 15.7368 -2.61249 0
    endloop
  endfacet
  facet normal -0.87253 0.48856 0
    outer loop
      vertex 24.2632 -2.61249 0
      vertex 24.455 -2.26995 16.5
      vertex 24.455 -2.26995 0
    endloop
  endfacet
  facet normal -0.87253 0.48856 0
    outer loop
      vertex 24.455 -2.26995 16.5
      vertex 24.2632 -2.61249 0
      vertex 24.2632 -2.61249 16.5
    endloop
  endfacet
  facet normal -0.195112 -0.980781 0
    outer loop
      vertex 20.7822 4.93844 0
      vertex 21.1672 4.86185 16.5
      vertex 20.7822 4.93844 16.5
    endloop
  endfacet
  facet normal -0.195112 -0.980781 -0
    outer loop
      vertex 21.1672 4.86185 16.5
      vertex 20.7822 4.93844 0
      vertex 21.1672 4.86185 0
    endloop
  endfacet
  facet normal -0.346133 -0.938186 0
    outer loop
      vertex 21.5451 4.75528 0
      vertex 21.9134 4.6194 16.5
      vertex 21.5451 4.75528 16.5
    endloop
  endfacet
  facet normal -0.346133 -0.938186 -0
    outer loop
      vertex 21.9134 4.6194 16.5
      vertex 21.5451 4.75528 0
      vertex 21.9134 4.6194 0
    endloop
  endfacet
  facet normal -0.734313 0.678811 0
    outer loop
      vertex 23.5355 -3.53553 0
      vertex 23.802 -3.24724 16.5
      vertex 23.802 -3.24724 0
    endloop
  endfacet
  facet normal -0.734313 0.678811 0
    outer loop
      vertex 23.802 -3.24724 16.5
      vertex 23.5355 -3.53553 0
      vertex 23.5355 -3.53553 16.5
    endloop
  endfacet
  facet normal -0.831493 0.555535 0
    outer loop
      vertex 24.0451 -2.93893 0
      vertex 24.2632 -2.61249 16.5
      vertex 24.2632 -2.61249 0
    endloop
  endfacet
  facet normal -0.831493 0.555535 0
    outer loop
      vertex 24.2632 -2.61249 16.5
      vertex 24.0451 -2.93893 0
      vertex 24.0451 -2.93893 16.5
    endloop
  endfacet
  facet normal 0.27142 0.962461 -0
    outer loop
      vertex 18.8328 -4.86185 0
      vertex 18.4549 -4.75528 16.5
      vertex 18.8328 -4.86185 16.5
    endloop
  endfacet
  facet normal 0.27142 0.962461 0
    outer loop
      vertex 18.4549 -4.75528 16.5
      vertex 18.8328 -4.86185 0
      vertex 18.4549 -4.75528 0
    endloop
  endfacet
  facet normal -0.0392509 0.999229 0
    outer loop
      vertex 20.3923 -4.98459 0
      vertex 20 -5 16.5
      vertex 20.3923 -4.98459 16.5
    endloop
  endfacet
  facet normal -0.0392509 0.999229 0
    outer loop
      vertex 20 -5 16.5
      vertex 20.3923 -4.98459 0
      vertex 20 -5 0
    endloop
  endfacet
  facet normal 0.346133 0.938186 -0
    outer loop
      vertex 18.4549 -4.75528 0
      vertex 18.0866 -4.6194 16.5
      vertex 18.4549 -4.75528 16.5
    endloop
  endfacet
  facet normal 0.346133 0.938186 0
    outer loop
      vertex 18.0866 -4.6194 16.5
      vertex 18.4549 -4.75528 0
      vertex 18.0866 -4.6194 0
    endloop
  endfacet
  facet normal 0.27142 -0.962461 0
    outer loop
      vertex 18.4549 4.75528 0
      vertex 18.8328 4.86185 16.5
      vertex 18.4549 4.75528 16.5
    endloop
  endfacet
  facet normal 0.27142 -0.962461 0
    outer loop
      vertex 18.8328 4.86185 16.5
      vertex 18.4549 4.75528 0
      vertex 18.8328 4.86185 0
    endloop
  endfacet
  facet normal -0.117543 -0.993068 0
    outer loop
      vertex 20.3923 4.98459 0
      vertex 20.7822 4.93844 16.5
      vertex 20.3923 4.98459 16.5
    endloop
  endfacet
  facet normal -0.117543 -0.993068 -0
    outer loop
      vertex 20.7822 4.93844 16.5
      vertex 20.3923 4.98459 0
      vertex 20.7822 4.93844 0
    endloop
  endfacet
  facet normal 0.962498 -0.271288 0
    outer loop
      vertex 15.1382 1.16723 16.5
      vertex 15.2447 1.54508 0
      vertex 15.2447 1.54508 16.5
    endloop
  endfacet
  facet normal 0.962498 -0.271288 0
    outer loop
      vertex 15.2447 1.54508 0
      vertex 15.1382 1.16723 16.5
      vertex 15.1382 1.16723 0
    endloop
  endfacet
  facet normal -0.488662 0.872473 0
    outer loop
      vertex 22.6125 -4.2632 0
      vertex 22.27 -4.45503 16.5
      vertex 22.6125 -4.2632 16.5
    endloop
  endfacet
  facet normal -0.488662 0.872473 0
    outer loop
      vertex 22.27 -4.45503 16.5
      vertex 22.6125 -4.2632 0
      vertex 22.27 -4.45503 0
    endloop
  endfacet
  facet normal -0.555617 0.831438 0
    outer loop
      vertex 22.9389 -4.04508 0
      vertex 22.6125 -4.2632 16.5
      vertex 22.9389 -4.04508 16.5
    endloop
  endfacet
  facet normal -0.555617 0.831438 0
    outer loop
      vertex 22.6125 -4.2632 16.5
      vertex 22.9389 -4.04508 0
      vertex 22.6125 -4.2632 0
    endloop
  endfacet
  facet normal 0.908107 0.418738 0
    outer loop
      vertex 15.545 -2.26995 16.5
      vertex 15.3806 -1.91342 0
      vertex 15.3806 -1.91342 16.5
    endloop
  endfacet
  facet normal 0.908107 0.418738 0
    outer loop
      vertex 15.3806 -1.91342 0
      vertex 15.545 -2.26995 16.5
      vertex 15.545 -2.26995 0
    endloop
  endfacet
  facet normal -0.980782 -0.195108 0
    outer loop
      vertex 24.9384 0.782172 0
      vertex 24.8618 1.16723 16.5
      vertex 24.8618 1.16723 0
    endloop
  endfacet
  facet normal -0.980782 -0.195108 0
    outer loop
      vertex 24.8618 1.16723 16.5
      vertex 24.9384 0.782172 0
      vertex 24.9384 0.782172 16.5
    endloop
  endfacet
  facet normal -0.678798 0.734325 0
    outer loop
      vertex 23.5355 -3.53553 0
      vertex 23.2472 -3.80203 16.5
      vertex 23.5355 -3.53553 16.5
    endloop
  endfacet
  facet normal -0.678798 0.734325 0
    outer loop
      vertex 23.2472 -3.80203 16.5
      vertex 23.5355 -3.53553 0
      vertex 23.2472 -3.80203 0
    endloop
  endfacet
  facet normal -0.785257 -0.619169 0
    outer loop
      vertex 24.0451 2.93893 0
      vertex 23.802 3.24724 16.5
      vertex 23.802 3.24724 0
    endloop
  endfacet
  facet normal -0.785257 -0.619169 0
    outer loop
      vertex 23.802 3.24724 16.5
      vertex 24.0451 2.93893 0
      vertex 24.0451 2.93893 16.5
    endloop
  endfacet
  facet normal 0.99923 0.039226 0
    outer loop
      vertex 15.0154 -0.392295 16.5
      vertex 15 0 0
      vertex 15 0 16.5
    endloop
  endfacet
  facet normal 0.99923 0.039226 0
    outer loop
      vertex 15 0 0
      vertex 15.0154 -0.392295 16.5
      vertex 15.0154 -0.392295 0
    endloop
  endfacet
  facet normal -0.938181 0.346144 0
    outer loop
      vertex 24.6194 -1.91342 0
      vertex 24.7553 -1.54508 16.5
      vertex 24.7553 -1.54508 0
    endloop
  endfacet
  facet normal -0.938181 0.346144 0
    outer loop
      vertex 24.7553 -1.54508 16.5
      vertex 24.6194 -1.91342 0
      vertex 24.6194 -1.91342 16.5
    endloop
  endfacet
  facet normal 0.980782 0.195108 0
    outer loop
      vertex 15.1382 -1.16723 16.5
      vertex 15.0616 -0.782172 0
      vertex 15.0616 -0.782172 16.5
    endloop
  endfacet
  facet normal 0.980782 0.195108 0
    outer loop
      vertex 15.0616 -0.782172 0
      vertex 15.1382 -1.16723 16.5
      vertex 15.1382 -1.16723 0
    endloop
  endfacet
  facet normal 0.678798 -0.734325 0
    outer loop
      vertex 16.4645 3.53553 0
      vertex 16.7528 3.80203 16.5
      vertex 16.4645 3.53553 16.5
    endloop
  endfacet
  facet normal 0.678798 -0.734325 0
    outer loop
      vertex 16.7528 3.80203 16.5
      vertex 16.4645 3.53553 0
      vertex 16.7528 3.80203 0
    endloop
  endfacet
  facet normal -0.734313 -0.678811 0
    outer loop
      vertex 23.802 3.24724 0
      vertex 23.5355 3.53553 16.5
      vertex 23.5355 3.53553 0
    endloop
  endfacet
  facet normal -0.734313 -0.678811 0
    outer loop
      vertex 23.5355 3.53553 16.5
      vertex 23.802 3.24724 0
      vertex 23.802 3.24724 16.5
    endloop
  endfacet
  facet normal 0.785257 -0.619169 0
    outer loop
      vertex 15.9549 2.93893 16.5
      vertex 16.198 3.24724 0
      vertex 16.198 3.24724 16.5
    endloop
  endfacet
  facet normal 0.785257 -0.619169 0
    outer loop
      vertex 16.198 3.24724 0
      vertex 15.9549 2.93893 16.5
      vertex 15.9549 2.93893 0
    endloop
  endfacet
  facet normal -0.619103 0.78531 0
    outer loop
      vertex 23.2472 -3.80203 0
      vertex 22.9389 -4.04508 16.5
      vertex 23.2472 -3.80203 16.5
    endloop
  endfacet
  facet normal -0.619103 0.78531 0
    outer loop
      vertex 22.9389 -4.04508 16.5
      vertex 23.2472 -3.80203 0
      vertex 22.9389 -4.04508 0
    endloop
  endfacet
  facet normal -0.908107 0.418738 0
    outer loop
      vertex 24.455 -2.26995 0
      vertex 24.6194 -1.91342 16.5
      vertex 24.6194 -1.91342 0
    endloop
  endfacet
  facet normal -0.908107 0.418738 0
    outer loop
      vertex 24.6194 -1.91342 16.5
      vertex 24.455 -2.26995 0
      vertex 24.455 -2.26995 16.5
    endloop
  endfacet
  facet normal 0.117543 0.993068 -0
    outer loop
      vertex 19.6077 -4.98459 0
      vertex 19.2178 -4.93844 16.5
      vertex 19.6077 -4.98459 16.5
    endloop
  endfacet
  facet normal 0.117543 0.993068 0
    outer loop
      vertex 19.2178 -4.93844 16.5
      vertex 19.6077 -4.98459 0
      vertex 19.2178 -4.93844 0
    endloop
  endfacet
  facet normal 0.619103 0.78531 -0
    outer loop
      vertex 17.0611 -4.04508 0
      vertex 16.7528 -3.80203 16.5
      vertex 17.0611 -4.04508 16.5
    endloop
  endfacet
  facet normal 0.619103 0.78531 0
    outer loop
      vertex 16.7528 -3.80203 16.5
      vertex 17.0611 -4.04508 0
      vertex 16.7528 -3.80203 0
    endloop
  endfacet
  facet normal 0 1 -0
    outer loop
      vertex 25.0229 -8.7 16.5
      vertex 14.9771 -8.7 29
      vertex 25.0229 -8.7 29
    endloop
  endfacet
  facet normal 0 1 0
    outer loop
      vertex 14.9771 -8.7 29
      vertex 25.0229 -8.7 16.5
      vertex 14.9771 -8.7 16.5
    endloop
  endfacet
  facet normal -0.866023 0.500004 0
    outer loop
      vertex 25.0229 -8.7 16.5
      vertex 30.0459 0 29
      vertex 30.0459 0 16.5
    endloop
  endfacet
  facet normal -0.866023 0.500004 0
    outer loop
      vertex 30.0459 0 29
      vertex 25.0229 -8.7 16.5
      vertex 25.0229 -8.7 29
    endloop
  endfacet
  facet normal 0 -1 0
    outer loop
      vertex 14.9771 8.7 16.5
      vertex 25.0229 8.7 29
      vertex 14.9771 8.7 29
    endloop
  endfacet
  facet normal 0 -1 -0
    outer loop
      vertex 25.0229 8.7 29
      vertex 14.9771 8.7 16.5
      vertex 25.0229 8.7 16.5
    endloop
  endfacet
  facet normal -0.866023 -0.500004 0
    outer loop
      vertex 30.0459 0 16.5
      vertex 25.0229 8.7 29
      vertex 25.0229 8.7 16.5
    endloop
  endfacet
  facet normal -0.866023 -0.500004 0
    outer loop
      vertex 25.0229 8.7 29
      vertex 30.0459 0 16.5
      vertex 30.0459 0 29
    endloop
  endfacet
  facet normal 0.866023 -0.500004 0
    outer loop
      vertex 9.9541 0 29
      vertex 14.9771 8.7 16.5
      vertex 14.9771 8.7 29
    endloop
  endfacet
  facet normal 0.866023 -0.500004 0
    outer loop
      vertex 14.9771 8.7 16.5
      vertex 9.9541 0 29
      vertex 9.9541 0 16.5
    endloop
  endfacet
  facet normal 0.866023 0.500004 0
    outer loop
      vertex 14.9771 -8.7 29
      vertex 9.9541 0 16.5
      vertex 9.9541 0 29
    endloop
  endfacet
  facet normal 0.866023 0.500004 0
    outer loop
      vertex 9.9541 0 16.5
      vertex 14.9771 -8.7 29
      vertex 14.9771 -8.7 16.5
    endloop
  endfacet
  facet normal -0 0 1
    outer loop
      vertex 24.2632 2.61249 16.5
      vertex 30.0459 0 16.5
      vertex 25.0229 8.7 16.5
    endloop
  endfacet
  facet normal 0 0 1
    outer loop
      vertex 24.9846 -0.392295 16.5
      vertex 30.0459 0 16.5
      vertex 25 0 16.5
    endloop
  endfacet
  facet normal 0 0 1
    outer loop
      vertex 30.0459 0 16.5
      vertex 24.9846 0.392295 16.5
      vertex 25 0 16.5
    endloop
  endfacet
  facet normal 0 0 1
    outer loop
      vertex 30.0459 0 16.5
      vertex 24.9384 0.782172 16.5
      vertex 24.9846 0.392295 16.5
    endloop
  endfacet
  facet normal 0 0 1
    outer loop
      vertex 30.0459 0 16.5
      vertex 24.8618 1.16723 16.5
      vertex 24.9384 0.782172 16.5
    endloop
  endfacet
  facet normal 0 0 1
    outer loop
      vertex 30.0459 0 16.5
      vertex 24.7553 1.54508 16.5
      vertex 24.8618 1.16723 16.5
    endloop
  endfacet
  facet normal 0 0 1
    outer loop
      vertex 30.0459 0 16.5
      vertex 24.6194 1.91342 16.5
      vertex 24.7553 1.54508 16.5
    endloop
  endfacet
  facet normal 0 0 1
    outer loop
      vertex 30.0459 0 16.5
      vertex 24.455 2.26995 16.5
      vertex 24.6194 1.91342 16.5
    endloop
  endfacet
  facet normal 0 0 1
    outer loop
      vertex 30.0459 0 16.5
      vertex 24.2632 2.61249 16.5
      vertex 24.455 2.26995 16.5
    endloop
  endfacet
  facet normal 0 0 1
    outer loop
      vertex 25.0229 8.7 16.5
      vertex 24.0451 2.93893 16.5
      vertex 24.2632 2.61249 16.5
    endloop
  endfacet
  facet normal 0 0 1
    outer loop
      vertex 25.0229 8.7 16.5
      vertex 23.802 3.24724 16.5
      vertex 24.0451 2.93893 16.5
    endloop
  endfacet
  facet normal 0 0 1
    outer loop
      vertex 25.0229 8.7 16.5
      vertex 23.5355 3.53553 16.5
      vertex 23.802 3.24724 16.5
    endloop
  endfacet
  facet normal 0 0 1
    outer loop
      vertex 25.0229 8.7 16.5
      vertex 23.2472 3.80203 16.5
      vertex 23.5355 3.53553 16.5
    endloop
  endfacet
  facet normal 0 0 1
    outer loop
      vertex 25.0229 8.7 16.5
      vertex 22.9389 4.04508 16.5
      vertex 23.2472 3.80203 16.5
    endloop
  endfacet
  facet normal 0 0 1
    outer loop
      vertex 25.0229 8.7 16.5
      vertex 22.6125 4.2632 16.5
      vertex 22.9389 4.04508 16.5
    endloop
  endfacet
  facet normal 0 0 1
    outer loop
      vertex 25.0229 8.7 16.5
      vertex 22.27 4.45503 16.5
      vertex 22.6125 4.2632 16.5
    endloop
  endfacet
  facet normal 0 0 1
    outer loop
      vertex 25.0229 8.7 16.5
      vertex 21.9134 4.6194 16.5
      vertex 22.27 4.45503 16.5
    endloop
  endfacet
  facet normal 0 0 1
    outer loop
      vertex 25.0229 8.7 16.5
      vertex 21.5451 4.75528 16.5
      vertex 21.9134 4.6194 16.5
    endloop
  endfacet
  facet normal 0 0 1
    outer loop
      vertex 25.0229 8.7 16.5
      vertex 21.1672 4.86185 16.5
      vertex 21.5451 4.75528 16.5
    endloop
  endfacet
  facet normal 0 0 1
    outer loop
      vertex 25.0229 8.7 16.5
      vertex 20.7822 4.93844 16.5
      vertex 21.1672 4.86185 16.5
    endloop
  endfacet
  facet normal 0 0 1
    outer loop
      vertex 25.0229 8.7 16.5
      vertex 20.3923 4.98459 16.5
      vertex 20.7822 4.93844 16.5
    endloop
  endfacet
  facet normal 0 0 1
    outer loop
      vertex 25.0229 8.7 16.5
      vertex 20 5 16.5
      vertex 20.3923 4.98459 16.5
    endloop
  endfacet
  facet normal -0 0 1
    outer loop
      vertex 14.9771 8.7 16.5
      vertex 20 5 16.5
      vertex 25.0229 8.7 16.5
    endloop
  endfacet
  facet normal 0 0 1
    outer loop
      vertex 20 5 16.5
      vertex 14.9771 8.7 16.5
      vertex 19.6077 4.98459 16.5
    endloop
  endfacet
  facet normal 0 0 1
    outer loop
      vertex 19.6077 4.98459 16.5
      vertex 14.9771 8.7 16.5
      vertex 19.2178 4.93844 16.5
    endloop
  endfacet
  facet normal 0 0 1
    outer loop
      vertex 19.2178 4.93844 16.5
      vertex 14.9771 8.7 16.5
      vertex 18.8328 4.86185 16.5
    endloop
  endfacet
  facet normal 0 0 1
    outer loop
      vertex 18.8328 4.86185 16.5
      vertex 14.9771 8.7 16.5
      vertex 18.4549 4.75528 16.5
    endloop
  endfacet
  facet normal 0 0 1
    outer loop
      vertex 18.4549 4.75528 16.5
      vertex 14.9771 8.7 16.5
      vertex 18.0866 4.6194 16.5
    endloop
  endfacet
  facet normal 0 0 1
    outer loop
      vertex 18.0866 4.6194 16.5
      vertex 14.9771 8.7 16.5
      vertex 17.73 4.45503 16.5
    endloop
  endfacet
  facet normal 0 0 1
    outer loop
      vertex 15.0616 0.782172 16.5
      vertex 9.9541 0 16.5
      vertex 15.0154 0.392295 16.5
    endloop
  endfacet
  facet normal 0 0 1
    outer loop
      vertex 15.1382 1.16723 16.5
      vertex 9.9541 0 16.5
      vertex 15.0616 0.782172 16.5
    endloop
  endfacet
  facet normal 0 0 1
    outer loop
      vertex 15.2447 1.54508 16.5
      vertex 9.9541 0 16.5
      vertex 15.1382 1.16723 16.5
    endloop
  endfacet
  facet normal 0 0 1
    outer loop
      vertex 15.3806 1.91342 16.5
      vertex 9.9541 0 16.5
      vertex 15.2447 1.54508 16.5
    endloop
  endfacet
  facet normal 0 0 1
    outer loop
      vertex 15.545 2.26995 16.5
      vertex 9.9541 0 16.5
      vertex 15.3806 1.91342 16.5
    endloop
  endfacet
  facet normal 0 0 1
    outer loop
      vertex 15.7368 2.61249 16.5
      vertex 9.9541 0 16.5
      vertex 15.545 2.26995 16.5
    endloop
  endfacet
  facet normal 0 0 1
    outer loop
      vertex 9.9541 0 16.5
      vertex 15.7368 2.61249 16.5
      vertex 14.9771 8.7 16.5
    endloop
  endfacet
  facet normal 0 0 1
    outer loop
      vertex 15.9549 2.93893 16.5
      vertex 14.9771 8.7 16.5
      vertex 15.7368 2.61249 16.5
    endloop
  endfacet
  facet normal 0 0 1
    outer loop
      vertex 16.198 3.24724 16.5
      vertex 14.9771 8.7 16.5
      vertex 15.9549 2.93893 16.5
    endloop
  endfacet
  facet normal 0 0 1
    outer loop
      vertex 16.4645 3.53553 16.5
      vertex 14.9771 8.7 16.5
      vertex 16.198 3.24724 16.5
    endloop
  endfacet
  facet normal 0 0 1
    outer loop
      vertex 16.7528 3.80203 16.5
      vertex 14.9771 8.7 16.5
      vertex 16.4645 3.53553 16.5
    endloop
  endfacet
  facet normal 0 0 1
    outer loop
      vertex 17.0611 4.04508 16.5
      vertex 14.9771 8.7 16.5
      vertex 16.7528 3.80203 16.5
    endloop
  endfacet
  facet normal 0 0 1
    outer loop
      vertex 17.3875 4.2632 16.5
      vertex 14.9771 8.7 16.5
      vertex 17.0611 4.04508 16.5
    endloop
  endfacet
  facet normal 0 0 1
    outer loop
      vertex 17.73 4.45503 16.5
      vertex 14.9771 8.7 16.5
      vertex 17.3875 4.2632 16.5
    endloop
  endfacet
  facet normal 0 0 1
    outer loop
      vertex 24.9384 -0.782172 16.5
      vertex 30.0459 0 16.5
      vertex 24.9846 -0.392295 16.5
    endloop
  endfacet
  facet normal 0 0 1
    outer loop
      vertex 24.8618 -1.16723 16.5
      vertex 30.0459 0 16.5
      vertex 24.9384 -0.782172 16.5
    endloop
  endfacet
  facet normal 0 0 1
    outer loop
      vertex 24.7553 -1.54508 16.5
      vertex 30.0459 0 16.5
      vertex 24.8618 -1.16723 16.5
    endloop
  endfacet
  facet normal 0 0 1
    outer loop
      vertex 24.6194 -1.91342 16.5
      vertex 30.0459 0 16.5
      vertex 24.7553 -1.54508 16.5
    endloop
  endfacet
  facet normal 0 0 1
    outer loop
      vertex 24.455 -2.26995 16.5
      vertex 30.0459 0 16.5
      vertex 24.6194 -1.91342 16.5
    endloop
  endfacet
  facet normal 0 0 1
    outer loop
      vertex 24.2632 -2.61249 16.5
      vertex 30.0459 0 16.5
      vertex 24.455 -2.26995 16.5
    endloop
  endfacet
  facet normal 0 0 1
    outer loop
      vertex 30.0459 0 16.5
      vertex 24.2632 -2.61249 16.5
      vertex 25.0229 -8.7 16.5
    endloop
  endfacet
  facet normal -0 0 1
    outer loop
      vertex 24.0451 -2.93893 16.5
      vertex 25.0229 -8.7 16.5
      vertex 24.2632 -2.61249 16.5
    endloop
  endfacet
  facet normal -0 0 1
    outer loop
      vertex 23.802 -3.24724 16.5
      vertex 25.0229 -8.7 16.5
      vertex 24.0451 -2.93893 16.5
    endloop
  endfacet
  facet normal -0 0 1
    outer loop
      vertex 23.5355 -3.53553 16.5
      vertex 25.0229 -8.7 16.5
      vertex 23.802 -3.24724 16.5
    endloop
  endfacet
  facet normal -0 0 1
    outer loop
      vertex 23.2472 -3.80203 16.5
      vertex 25.0229 -8.7 16.5
      vertex 23.5355 -3.53553 16.5
    endloop
  endfacet
  facet normal -0 0 1
    outer loop
      vertex 22.9389 -4.04508 16.5
      vertex 25.0229 -8.7 16.5
      vertex 23.2472 -3.80203 16.5
    endloop
  endfacet
  facet normal -0 0 1
    outer loop
      vertex 22.6125 -4.2632 16.5
      vertex 25.0229 -8.7 16.5
      vertex 22.9389 -4.04508 16.5
    endloop
  endfacet
  facet normal -0 0 1
    outer loop
      vertex 22.27 -4.45503 16.5
      vertex 25.0229 -8.7 16.5
      vertex 22.6125 -4.2632 16.5
    endloop
  endfacet
  facet normal -0 0 1
    outer loop
      vertex 21.9134 -4.6194 16.5
      vertex 25.0229 -8.7 16.5
      vertex 22.27 -4.45503 16.5
    endloop
  endfacet
  facet normal -0 0 1
    outer loop
      vertex 21.5451 -4.75528 16.5
      vertex 25.0229 -8.7 16.5
      vertex 21.9134 -4.6194 16.5
    endloop
  endfacet
  facet normal -0 0 1
    outer loop
      vertex 21.1672 -4.86185 16.5
      vertex 25.0229 -8.7 16.5
      vertex 21.5451 -4.75528 16.5
    endloop
  endfacet
  facet normal -0 0 1
    outer loop
      vertex 20.7822 -4.93844 16.5
      vertex 25.0229 -8.7 16.5
      vertex 21.1672 -4.86185 16.5
    endloop
  endfacet
  facet normal -0 0 1
    outer loop
      vertex 20.3923 -4.98459 16.5
      vertex 25.0229 -8.7 16.5
      vertex 20.7822 -4.93844 16.5
    endloop
  endfacet
  facet normal -0 0 1
    outer loop
      vertex 20 -5 16.5
      vertex 25.0229 -8.7 16.5
      vertex 20.3923 -4.98459 16.5
    endloop
  endfacet
  facet normal 0 0 1
    outer loop
      vertex 14.9771 -8.7 16.5
      vertex 20 -5 16.5
      vertex 19.6077 -4.98459 16.5
    endloop
  endfacet
  facet normal 0 0 1
    outer loop
      vertex 14.9771 -8.7 16.5
      vertex 19.6077 -4.98459 16.5
      vertex 19.2178 -4.93844 16.5
    endloop
  endfacet
  facet normal 0 0 1
    outer loop
      vertex 14.9771 -8.7 16.5
      vertex 19.2178 -4.93844 16.5
      vertex 18.8328 -4.86185 16.5
    endloop
  endfacet
  facet normal 0 0 1
    outer loop
      vertex 14.9771 -8.7 16.5
      vertex 18.8328 -4.86185 16.5
      vertex 18.4549 -4.75528 16.5
    endloop
  endfacet
  facet normal 0 0 1
    outer loop
      vertex 14.9771 -8.7 16.5
      vertex 18.4549 -4.75528 16.5
      vertex 18.0866 -4.6194 16.5
    endloop
  endfacet
  facet normal 0 0 1
    outer loop
      vertex 14.9771 -8.7 16.5
      vertex 18.0866 -4.6194 16.5
      vertex 17.73 -4.45503 16.5
    endloop
  endfacet
  facet normal 0 0 1
    outer loop
      vertex 14.9771 -8.7 16.5
      vertex 17.73 -4.45503 16.5
      vertex 17.3875 -4.2632 16.5
    endloop
  endfacet
  facet normal 0 0 1
    outer loop
      vertex 20 -5 16.5
      vertex 14.9771 -8.7 16.5
      vertex 25.0229 -8.7 16.5
    endloop
  endfacet
  facet normal 0 0 1
    outer loop
      vertex 17.0611 -4.04508 16.5
      vertex 14.9771 -8.7 16.5
      vertex 17.3875 -4.2632 16.5
    endloop
  endfacet
  facet normal 0 0 1
    outer loop
      vertex 16.7528 -3.80203 16.5
      vertex 14.9771 -8.7 16.5
      vertex 17.0611 -4.04508 16.5
    endloop
  endfacet
  facet normal 0 0 1
    outer loop
      vertex 16.4645 -3.53553 16.5
      vertex 14.9771 -8.7 16.5
      vertex 16.7528 -3.80203 16.5
    endloop
  endfacet
  facet normal 0 0 1
    outer loop
      vertex 16.198 -3.24724 16.5
      vertex 14.9771 -8.7 16.5
      vertex 16.4645 -3.53553 16.5
    endloop
  endfacet
  facet normal 0 0 1
    outer loop
      vertex 15.9549 -2.93893 16.5
      vertex 14.9771 -8.7 16.5
      vertex 16.198 -3.24724 16.5
    endloop
  endfacet
  facet normal 0 0 1
    outer loop
      vertex 15.7368 -2.61249 16.5
      vertex 14.9771 -8.7 16.5
      vertex 15.9549 -2.93893 16.5
    endloop
  endfacet
  facet normal 0 0 1
    outer loop
      vertex 9.9541 0 16.5
      vertex 15.7368 -2.61249 16.5
      vertex 15.545 -2.26995 16.5
    endloop
  endfacet
  facet normal 0 0 1
    outer loop
      vertex 9.9541 0 16.5
      vertex 15.545 -2.26995 16.5
      vertex 15.3806 -1.91342 16.5
    endloop
  endfacet
  facet normal 0 0 1
    outer loop
      vertex 9.9541 0 16.5
      vertex 15.3806 -1.91342 16.5
      vertex 15.2447 -1.54508 16.5
    endloop
  endfacet
  facet normal 0 0 1
    outer loop
      vertex 9.9541 0 16.5
      vertex 15.2447 -1.54508 16.5
      vertex 15.1382 -1.16723 16.5
    endloop
  endfacet
  facet normal 0 0 1
    outer loop
      vertex 9.9541 0 16.5
      vertex 15.1382 -1.16723 16.5
      vertex 15.0616 -0.782172 16.5
    endloop
  endfacet
  facet normal 0 0 1
    outer loop
      vertex 9.9541 0 16.5
      vertex 15.0616 -0.782172 16.5
      vertex 15.0154 -0.392295 16.5
    endloop
  endfacet
  facet normal -0 0 1
    outer loop
      vertex 9.9541 0 16.5
      vertex 15.0154 -0.392295 16.5
      vertex 15 0 16.5
    endloop
  endfacet
  facet normal 0 0 1
    outer loop
      vertex 15.0154 0.392295 16.5
      vertex 9.9541 0 16.5
      vertex 15 0 16.5
    endloop
  endfacet
  facet normal 0 0 1
    outer loop
      vertex 15.7368 -2.61249 16.5
      vertex 9.9541 0 16.5
      vertex 14.9771 -8.7 16.5
    endloop
  endfacet
  facet normal -0.615291 -0.355749 0.703462
    outer loop
      vertex 31.1394 0.0861324 30
      vertex 30.0459 0 29
      vertex 31.1892 0 30
    endloop
  endfacet
  facet normal -0.615421 -0.355317 0.703567
    outer loop
      vertex 30.0459 0 29
      vertex 31.1394 0.0861324 30
      vertex 25.0229 8.7 29
    endloop
  endfacet
  facet normal -0.615291 0.355749 0.703462
    outer loop
      vertex 30.0459 0 29
      vertex 31.1394 -0.0861324 30
      vertex 31.1892 0 30
    endloop
  endfacet
  facet normal -0.615421 0.355317 0.703567
    outer loop
      vertex 31.1394 -0.0861324 30
      vertex 30.0459 0 29
      vertex 25.0229 -8.7 29
    endloop
  endfacet
  facet normal 0.615394 0.355297 0.703601
    outer loop
      vertex 14.4054 -9.6901 30
      vertex 14.9771 -8.7 29
      vertex 8.86056 -0.0861324 30
    endloop
  endfacet
  facet normal 0.615394 -0.355297 0.703601
    outer loop
      vertex 14.9771 8.7 29
      vertex 14.4054 9.6901 30
      vertex 8.86056 0.0861324 30
    endloop
  endfacet
  facet normal -0.615396 -0.355296 0.7036
    outer loop
      vertex 31.1394 0.0861324 30
      vertex 25.5946 9.6901 30
      vertex 25.0229 8.7 29
    endloop
  endfacet
  facet normal -0.615396 0.355296 0.7036
    outer loop
      vertex 25.5946 -9.6901 30
      vertex 31.1394 -0.0861324 30
      vertex 25.0229 -8.7 29
    endloop
  endfacet
  facet normal 0 0.710616 0.70358
    outer loop
      vertex 25.0229 -8.7 29
      vertex 14.4054 -9.6901 30
      vertex 25.5946 -9.6901 30
    endloop
  endfacet
  facet normal 0 0.710616 0.70358
    outer loop
      vertex 14.4054 -9.6901 30
      vertex 25.0229 -8.7 29
      vertex 14.9771 -8.7 29
    endloop
  endfacet
  facet normal 0.61541 0.355311 0.70358
    outer loop
      vertex 9.9541 0 29
      vertex 8.86056 -0.0861324 30
      vertex 14.9771 -8.7 29
    endloop
  endfacet
  facet normal 0.615427 0.355256 0.703593
    outer loop
      vertex 8.86056 -0.0861324 30
      vertex 9.9541 0 29
      vertex 8.81084 0 30
    endloop
  endfacet
  facet normal 0.61541 -0.355311 0.70358
    outer loop
      vertex 8.86056 0.0861324 30
      vertex 9.9541 0 29
      vertex 14.9771 8.7 29
    endloop
  endfacet
  facet normal 0.615427 -0.355256 0.703593
    outer loop
      vertex 9.9541 0 29
      vertex 8.86056 0.0861324 30
      vertex 8.81084 0 30
    endloop
  endfacet
  facet normal 0 -0.710616 0.70358
    outer loop
      vertex 14.9771 8.7 29
      vertex 25.5946 9.6901 30
      vertex 14.4054 9.6901 30
    endloop
  endfacet
  facet normal 0 -0.710616 0.70358
    outer loop
      vertex 25.5946 9.6901 30
      vertex 14.9771 8.7 29
      vertex 25.0229 8.7 29
    endloop
  endfacet
  facet normal 0 0 1
    outer loop
      vertex 20.1288 -12.8663 29.4
      vertex 18.801 -13.3218 29.4
      vertex 20.1288 -13.3218 29.4
    endloop
  endfacet
  facet normal 0 0 1
    outer loop
      vertex 18.801 -13.3218 29.4
      vertex 18.2843 -13.3218 29.4
      vertex 18.801 -16.9162 29.4
    endloop
  endfacet
  facet normal 0 0 1
    outer loop
      vertex 20.1288 -12.8663 29.4
      vertex 18.2843 -13.3218 29.4
      vertex 18.801 -13.3218 29.4
    endloop
  endfacet
  facet normal -0 0 1
    outer loop
      vertex 16.951 -12.8663 29.4
      vertex 18.2843 -13.3218 29.4
      vertex 20.1288 -12.8663 29.4
    endloop
  endfacet
  facet normal 0 0 1
    outer loop
      vertex 18.2843 -13.3218 29.4
      vertex 16.951 -12.8663 29.4
      vertex 16.951 -13.3218 29.4
    endloop
  endfacet
  facet normal 0 0 1
    outer loop
      vertex 18.801 -16.9162 29.4
      vertex 18.2843 -13.3218 29.4
      vertex 18.2843 -16.9162 29.4
    endloop
  endfacet
  facet normal -0 0 1
    outer loop
      vertex 22.3372 -13.908 29.4
      vertex 22.8436 -14.0051 29.4
      vertex 22.8326 -13.8241 29.4
    endloop
  endfacet
  facet normal 0 0 1
    outer loop
      vertex 22.8436 -14.0051 29.4
      vertex 22.3436 -14.0218 29.4
      vertex 22.8391 -14.1126 29.4
    endloop
  endfacet
  facet normal -0 0 1
    outer loop
      vertex 22.3411 -14.0964 29.4
      vertex 22.8391 -14.1126 29.4
      vertex 22.3436 -14.0218 29.4
    endloop
  endfacet
  facet normal -0 0 1
    outer loop
      vertex 22.3183 -13.8031 29.4
      vertex 22.8326 -13.8241 29.4
      vertex 22.7999 -13.6572 29.4
    endloop
  endfacet
  facet normal 0 0 1
    outer loop
      vertex 22.8391 -14.1126 29.4
      vertex 22.3411 -14.0964 29.4
      vertex 22.8255 -14.2137 29.4
    endloop
  endfacet
  facet normal 0 0 1
    outer loop
      vertex 22.2872 -13.7075 29.4
      vertex 22.7999 -13.6572 29.4
      vertex 22.7463 -13.5052 29.4
    endloop
  endfacet
  facet normal -0 0 1
    outer loop
      vertex 22.3336 -14.1655 29.4
      vertex 22.8255 -14.2137 29.4
      vertex 22.3411 -14.0964 29.4
    endloop
  endfacet
  facet normal 0 0 1
    outer loop
      vertex 22.8255 -14.2137 29.4
      vertex 22.3336 -14.1655 29.4
      vertex 22.8027 -14.3085 29.4
    endloop
  endfacet
  facet normal 0 0 1
    outer loop
      vertex 22.2872 -13.7075 29.4
      vertex 22.7463 -13.5052 29.4
      vertex 22.6723 -13.3686 29.4
    endloop
  endfacet
  facet normal -0 0 1
    outer loop
      vertex 22.321 -14.2295 29.4
      vertex 22.8027 -14.3085 29.4
      vertex 22.3336 -14.1655 29.4
    endloop
  endfacet
  facet normal 0 0 1
    outer loop
      vertex 22.2443 -13.6217 29.4
      vertex 22.6723 -13.3686 29.4
      vertex 22.5788 -13.248 29.4
    endloop
  endfacet
  facet normal 0 0 1
    outer loop
      vertex 22.8027 -14.3085 29.4
      vertex 22.321 -14.2295 29.4
      vertex 22.7709 -14.3969 29.4
    endloop
  endfacet
  facet normal -0 0 1
    outer loop
      vertex 22.3032 -14.2884 29.4
      vertex 22.7709 -14.3969 29.4
      vertex 22.321 -14.2295 29.4
    endloop
  endfacet
  facet normal 0 0 1
    outer loop
      vertex 22.1901 -13.546 29.4
      vertex 22.5788 -13.248 29.4
      vertex 22.4663 -13.1443 29.4
    endloop
  endfacet
  facet normal 0 0 1
    outer loop
      vertex 22.7709 -14.3969 29.4
      vertex 22.3032 -14.2884 29.4
      vertex 22.73 -14.479 29.4
    endloop
  endfacet
  facet normal 0 0 1
    outer loop
      vertex 22.73 -14.479 29.4
      vertex 22.3032 -14.2884 29.4
      vertex 22.68 -14.5547 29.4
    endloop
  endfacet
  facet normal 0 0 1
    outer loop
      vertex 22.8436 -14.0051 29.4
      vertex 22.3372 -13.908 29.4
      vertex 22.3436 -14.0218 29.4
    endloop
  endfacet
  facet normal 0 0 1
    outer loop
      vertex 22.125 -13.4809 29.4
      vertex 22.4663 -13.1443 29.4
      vertex 22.3356 -13.0579 29.4
    endloop
  endfacet
  facet normal 0 0 1
    outer loop
      vertex 22.8326 -13.8241 29.4
      vertex 22.3183 -13.8031 29.4
      vertex 22.3372 -13.908 29.4
    endloop
  endfacet
  facet normal 0 0 1
    outer loop
      vertex 22.7999 -13.6572 29.4
      vertex 22.2872 -13.7075 29.4
      vertex 22.3183 -13.8031 29.4
    endloop
  endfacet
  facet normal 0 0 1
    outer loop
      vertex 22.6723 -13.3686 29.4
      vertex 22.2443 -13.6217 29.4
      vertex 22.2872 -13.7075 29.4
    endloop
  endfacet
  facet normal 0 0 1
    outer loop
      vertex 22.5788 -13.248 29.4
      vertex 22.1901 -13.546 29.4
      vertex 22.2443 -13.6217 29.4
    endloop
  endfacet
  facet normal 0 0 1
    outer loop
      vertex 22.0493 -13.4267 29.4
      vertex 22.3356 -13.0579 29.4
      vertex 22.1873 -12.9896 29.4
    endloop
  endfacet
  facet normal 0 0 1
    outer loop
      vertex 22.4663 -13.1443 29.4
      vertex 22.125 -13.4809 29.4
      vertex 22.1901 -13.546 29.4
    endloop
  endfacet
  facet normal 0 0 1
    outer loop
      vertex 22.3356 -13.0579 29.4
      vertex 22.0493 -13.4267 29.4
      vertex 22.125 -13.4809 29.4
    endloop
  endfacet
  facet normal 0 0 1
    outer loop
      vertex 21.9635 -13.3838 29.4
      vertex 22.1873 -12.9896 29.4
      vertex 22.0221 -12.94 29.4
    endloop
  endfacet
  facet normal 0 0 1
    outer loop
      vertex 22.1873 -12.9896 29.4
      vertex 21.9635 -13.3838 29.4
      vertex 22.0493 -13.4267 29.4
    endloop
  endfacet
  facet normal 0 0 1
    outer loop
      vertex 22.0221 -12.94 29.4
      vertex 21.8679 -13.3527 29.4
      vertex 21.9635 -13.3838 29.4
    endloop
  endfacet
  facet normal 0 0 1
    outer loop
      vertex 21.8406 -12.9098 29.4
      vertex 21.8679 -13.3527 29.4
      vertex 22.0221 -12.94 29.4
    endloop
  endfacet
  facet normal 0 0 1
    outer loop
      vertex 21.8406 -12.9098 29.4
      vertex 21.763 -13.3338 29.4
      vertex 21.8679 -13.3527 29.4
    endloop
  endfacet
  facet normal 0 0 1
    outer loop
      vertex 21.6436 -12.8996 29.4
      vertex 21.763 -13.3338 29.4
      vertex 21.8406 -12.9098 29.4
    endloop
  endfacet
  facet normal 0 0 1
    outer loop
      vertex 21.763 -13.3338 29.4
      vertex 21.6436 -12.8996 29.4
      vertex 21.6492 -13.3274 29.4
    endloop
  endfacet
  facet normal 0 0 1
    outer loop
      vertex 21.6436 -12.8996 29.4
      vertex 21.5674 -13.3307 29.4
      vertex 21.6492 -13.3274 29.4
    endloop
  endfacet
  facet normal -0 0 1
    outer loop
      vertex 21.4362 -12.9106 29.4
      vertex 21.5674 -13.3307 29.4
      vertex 21.6436 -12.8996 29.4
    endloop
  endfacet
  facet normal 0 0 1
    outer loop
      vertex 21.5674 -13.3307 29.4
      vertex 21.4362 -12.9106 29.4
      vertex 21.489 -13.3404 29.4
    endloop
  endfacet
  facet normal 0 0 1
    outer loop
      vertex 21.4362 -12.9106 29.4
      vertex 21.4143 -13.3563 29.4
      vertex 21.489 -13.3404 29.4
    endloop
  endfacet
  facet normal -0 0 1
    outer loop
      vertex 21.2474 -12.9434 29.4
      vertex 21.4143 -13.3563 29.4
      vertex 21.4362 -12.9106 29.4
    endloop
  endfacet
  facet normal 0 0 1
    outer loop
      vertex 21.4143 -13.3563 29.4
      vertex 21.2474 -12.9434 29.4
      vertex 21.3436 -13.3784 29.4
    endloop
  endfacet
  facet normal -0 0 1
    outer loop
      vertex 21.0774 -12.998 29.4
      vertex 21.3436 -13.3784 29.4
      vertex 21.2474 -12.9434 29.4
    endloop
  endfacet
  facet normal 0 0 1
    outer loop
      vertex 21.3436 -13.3784 29.4
      vertex 21.0774 -12.998 29.4
      vertex 21.2772 -13.4064 29.4
    endloop
  endfacet
  facet normal 0 0 1
    outer loop
      vertex 21.2772 -13.4064 29.4
      vertex 21.0774 -12.998 29.4
      vertex 21.2155 -13.4401 29.4
    endloop
  endfacet
  facet normal -0 0 1
    outer loop
      vertex 20.9262 -13.074 29.4
      vertex 21.2155 -13.4401 29.4
      vertex 21.0774 -12.998 29.4
    endloop
  endfacet
  facet normal 0 0 1
    outer loop
      vertex 21.2155 -13.4401 29.4
      vertex 20.9262 -13.074 29.4
      vertex 21.1587 -13.4793 29.4
    endloop
  endfacet
  facet normal -0 0 1
    outer loop
      vertex 20.7941 -13.1714 29.4
      vertex 21.1587 -13.4793 29.4
      vertex 20.9262 -13.074 29.4
    endloop
  endfacet
  facet normal 0 0 1
    outer loop
      vertex 21.1587 -13.4793 29.4
      vertex 20.7941 -13.1714 29.4
      vertex 21.1073 -13.524 29.4
    endloop
  endfacet
  facet normal 0 0 1
    outer loop
      vertex 21.1073 -13.524 29.4
      vertex 20.7941 -13.1714 29.4
      vertex 21.0615 -13.5738 29.4
    endloop
  endfacet
  facet normal -0 0 1
    outer loop
      vertex 20.6813 -13.29 29.4
      vertex 21.0615 -13.5738 29.4
      vertex 20.7941 -13.1714 29.4
    endloop
  endfacet
  facet normal 0 0 1
    outer loop
      vertex 21.0615 -13.5738 29.4
      vertex 20.6813 -13.29 29.4
      vertex 21.0216 -13.6287 29.4
    endloop
  endfacet
  facet normal -0 0 1
    outer loop
      vertex 20.5878 -13.4295 29.4
      vertex 21.0216 -13.6287 29.4
      vertex 20.6813 -13.29 29.4
    endloop
  endfacet
  facet normal 0 0 1
    outer loop
      vertex 21.0216 -13.6287 29.4
      vertex 20.5878 -13.4295 29.4
      vertex 20.9881 -13.6885 29.4
    endloop
  endfacet
  facet normal 0 0 1
    outer loop
      vertex 20.9881 -13.6885 29.4
      vertex 20.5878 -13.4295 29.4
      vertex 20.9724 -13.7223 29.4
    endloop
  endfacet
  facet normal -0 0 1
    outer loop
      vertex 20.5137 -13.5898 29.4
      vertex 20.9724 -13.7223 29.4
      vertex 20.5878 -13.4295 29.4
    endloop
  endfacet
  facet normal 0 0 1
    outer loop
      vertex 20.9724 -13.7223 29.4
      vertex 20.5137 -13.5898 29.4
      vertex 20.9585 -13.7573 29.4
    endloop
  endfacet
  facet normal 0 0 1
    outer loop
      vertex 20.9585 -13.7573 29.4
      vertex 20.5137 -13.5898 29.4
      vertex 20.9463 -13.794 29.4
    endloop
  endfacet
  facet normal -0 0 1
    outer loop
      vertex 20.4594 -13.7708 29.4
      vertex 20.9463 -13.794 29.4
      vertex 20.5137 -13.5898 29.4
    endloop
  endfacet
  facet normal 0 0 1
    outer loop
      vertex 20.9463 -13.794 29.4
      vertex 20.4594 -13.7708 29.4
      vertex 20.9358 -13.8327 29.4
    endloop
  endfacet
  facet normal 0 0 1
    outer loop
      vertex 20.9358 -13.8327 29.4
      vertex 20.4594 -13.7708 29.4
      vertex 20.9268 -13.8738 29.4
    endloop
  endfacet
  facet normal 0 0 1
    outer loop
      vertex 20.9268 -13.8738 29.4
      vertex 20.4594 -13.7708 29.4
      vertex 20.9192 -13.9178 29.4
    endloop
  endfacet
  facet normal 0 0 1
    outer loop
      vertex 20.9192 -13.9178 29.4
      vertex 20.4594 -13.7708 29.4
      vertex 20.9129 -13.965 29.4
    endloop
  endfacet
  facet normal 0 0 1
    outer loop
      vertex 20.4249 -13.9723 29.4
      vertex 20.9129 -13.965 29.4
      vertex 20.4594 -13.7708 29.4
    endloop
  endfacet
  facet normal 0 0 1
    outer loop
      vertex 20.9129 -13.965 29.4
      vertex 20.4249 -13.9723 29.4
      vertex 20.9079 -14.0158 29.4
    endloop
  endfacet
  facet normal 0 0 1
    outer loop
      vertex 20.9079 -14.0158 29.4
      vertex 20.4249 -13.9723 29.4
      vertex 20.904 -14.0706 29.4
    endloop
  endfacet
  facet normal 0 0 1
    outer loop
      vertex 20.904 -14.0706 29.4
      vertex 20.4249 -13.9723 29.4
      vertex 20.9011 -14.1299 29.4
    endloop
  endfacet
  facet normal 0 0 1
    outer loop
      vertex 20.4103 -14.194 29.4
      vertex 20.9011 -14.1299 29.4
      vertex 20.4249 -13.9723 29.4
    endloop
  endfacet
  facet normal 0 0 1
    outer loop
      vertex 20.9011 -14.1299 29.4
      vertex 20.4103 -14.194 29.4
      vertex 20.8992 -14.194 29.4
    endloop
  endfacet
  facet normal -0 0 1
    outer loop
      vertex 22.2801 -14.3424 29.4
      vertex 22.68 -14.5547 29.4
      vertex 22.3032 -14.2884 29.4
    endloop
  endfacet
  facet normal 0 0 1
    outer loop
      vertex 22.68 -14.5547 29.4
      vertex 22.2801 -14.3424 29.4
      vertex 22.6209 -14.6242 29.4
    endloop
  endfacet
  facet normal -0 0 1
    outer loop
      vertex 22.2517 -14.3917 29.4
      vertex 22.6209 -14.6242 29.4
      vertex 22.2801 -14.3424 29.4
    endloop
  endfacet
  facet normal 0 0 1
    outer loop
      vertex 22.6209 -14.6242 29.4
      vertex 22.2517 -14.3917 29.4
      vertex 22.5527 -14.6873 29.4
    endloop
  endfacet
  facet normal -0 0 1
    outer loop
      vertex 22.2178 -14.4363 29.4
      vertex 22.5527 -14.6873 29.4
      vertex 22.2517 -14.3917 29.4
    endloop
  endfacet
  facet normal 0 0 1
    outer loop
      vertex 22.5527 -14.6873 29.4
      vertex 22.2178 -14.4363 29.4
      vertex 22.4754 -14.744 29.4
    endloop
  endfacet
  facet normal -0 0 1
    outer loop
      vertex 22.1785 -14.4765 29.4
      vertex 22.4754 -14.744 29.4
      vertex 22.2178 -14.4363 29.4
    endloop
  endfacet
  facet normal 0 0 1
    outer loop
      vertex 22.4754 -14.744 29.4
      vertex 22.1785 -14.4765 29.4
      vertex 22.3891 -14.7944 29.4
    endloop
  endfacet
  facet normal -0 0 1
    outer loop
      vertex 22.1337 -14.5124 29.4
      vertex 22.3891 -14.7944 29.4
      vertex 22.1785 -14.4765 29.4
    endloop
  endfacet
  facet normal 0 0 1
    outer loop
      vertex 22.2936 -14.8385 29.4
      vertex 22.2128 -15.2196 29.4
      vertex 22.2878 -15.2867 29.4
    endloop
  endfacet
  facet normal 0 0 1
    outer loop
      vertex 22.3891 -14.7944 29.4
      vertex 22.1337 -14.5124 29.4
      vertex 22.2936 -14.8385 29.4
    endloop
  endfacet
  facet normal -0 0 1
    outer loop
      vertex 22.0832 -14.5441 29.4
      vertex 22.2936 -14.8385 29.4
      vertex 22.1337 -14.5124 29.4
    endloop
  endfacet
  facet normal 0 0 1
    outer loop
      vertex 22.2936 -14.8385 29.4
      vertex 22.1247 -15.1646 29.4
      vertex 22.2128 -15.2196 29.4
    endloop
  endfacet
  facet normal -0 0 1
    outer loop
      vertex 22.0269 -14.5718 29.4
      vertex 22.2936 -14.8385 29.4
      vertex 22.0832 -14.5441 29.4
    endloop
  endfacet
  facet normal -0 0 1
    outer loop
      vertex 21.9894 -14.5862 29.4
      vertex 22.2936 -14.8385 29.4
      vertex 22.0269 -14.5718 29.4
    endloop
  endfacet
  facet normal 0 0 1
    outer loop
      vertex 22.2936 -14.8385 29.4
      vertex 22.0235 -15.1217 29.4
      vertex 22.1247 -15.1646 29.4
    endloop
  endfacet
  facet normal -0 0 1
    outer loop
      vertex 21.9491 -14.5989 29.4
      vertex 22.2936 -14.8385 29.4
      vertex 21.9894 -14.5862 29.4
    endloop
  endfacet
  facet normal 0 0 1
    outer loop
      vertex 21.9095 -15.0909 29.4
      vertex 22.2936 -14.8385 29.4
      vertex 21.9491 -14.5989 29.4
    endloop
  endfacet
  facet normal 0 0 1
    outer loop
      vertex 22.2936 -14.8385 29.4
      vertex 21.9095 -15.0909 29.4
      vertex 22.0235 -15.1217 29.4
    endloop
  endfacet
  facet normal -0 0 1
    outer loop
      vertex 21.9056 -14.6102 29.4
      vertex 21.9095 -15.0909 29.4
      vertex 21.9491 -14.5989 29.4
    endloop
  endfacet
  facet normal -0 0 1
    outer loop
      vertex 21.8583 -14.62 29.4
      vertex 21.9095 -15.0909 29.4
      vertex 21.9056 -14.6102 29.4
    endloop
  endfacet
  facet normal 0 0 1
    outer loop
      vertex 21.7829 -15.0724 29.4
      vertex 21.8583 -14.62 29.4
      vertex 21.8066 -14.6285 29.4
    endloop
  endfacet
  facet normal 0 0 1
    outer loop
      vertex 21.8583 -14.62 29.4
      vertex 21.7829 -15.0724 29.4
      vertex 21.9095 -15.0909 29.4
    endloop
  endfacet
  facet normal -0 0 1
    outer loop
      vertex 21.7502 -14.6357 29.4
      vertex 21.7829 -15.0724 29.4
      vertex 21.8066 -14.6285 29.4
    endloop
  endfacet
  facet normal -0 0 1
    outer loop
      vertex 21.6884 -14.6417 29.4
      vertex 21.7829 -15.0724 29.4
      vertex 21.7502 -14.6357 29.4
    endloop
  endfacet
  facet normal 0 0 1
    outer loop
      vertex 21.6884 -14.6417 29.4
      vertex 21.6436 -15.0662 29.4
      vertex 21.7829 -15.0724 29.4
    endloop
  endfacet
  facet normal -0 0 1
    outer loop
      vertex 21.6207 -14.6465 29.4
      vertex 21.6436 -15.0662 29.4
      vertex 21.6884 -14.6417 29.4
    endloop
  endfacet
  facet normal -0 0 1
    outer loop
      vertex 21.5465 -14.6504 29.4
      vertex 21.6436 -15.0662 29.4
      vertex 21.6207 -14.6465 29.4
    endloop
  endfacet
  facet normal -0 0 1
    outer loop
      vertex 21.4655 -14.6532 29.4
      vertex 21.6436 -15.0662 29.4
      vertex 21.5465 -14.6504 29.4
    endloop
  endfacet
  facet normal 0 0 1
    outer loop
      vertex 21.377 -15.0662 29.4
      vertex 21.4655 -14.6532 29.4
      vertex 21.377 -14.6551 29.4
    endloop
  endfacet
  facet normal 0 0 1
    outer loop
      vertex 21.4655 -14.6532 29.4
      vertex 21.377 -15.0662 29.4
      vertex 21.6436 -15.0662 29.4
    endloop
  endfacet
  facet normal 0 0 1
    outer loop
      vertex 22.9554 -15.6603 29.4
      vertex 22.4533 -15.6735 29.4
      vertex 22.4603 -15.7996 29.4
    endloop
  endfacet
  facet normal 0 0 1
    outer loop
      vertex 22.6197 -15.0021 29.4
      vertex 22.4324 -15.5592 29.4
      vertex 22.4533 -15.6735 29.4
    endloop
  endfacet
  facet normal 0 0 1
    outer loop
      vertex 22.2878 -15.2867 29.4
      vertex 22.5242 -14.9411 29.4
      vertex 22.4156 -14.8868 29.4
    endloop
  endfacet
  facet normal 0 0 1
    outer loop
      vertex 22.6197 -15.0021 29.4
      vertex 22.3978 -15.4565 29.4
      vertex 22.4324 -15.5592 29.4
    endloop
  endfacet
  facet normal 0 0 1
    outer loop
      vertex 22.6197 -15.0021 29.4
      vertex 22.3495 -15.3657 29.4
      vertex 22.3978 -15.4565 29.4
    endloop
  endfacet
  facet normal 0 0 1
    outer loop
      vertex 22.2878 -15.2867 29.4
      vertex 22.4156 -14.8868 29.4
      vertex 22.2936 -14.8385 29.4
    endloop
  endfacet
  facet normal 0 0 1
    outer loop
      vertex 22.6197 -15.0021 29.4
      vertex 22.2878 -15.2867 29.4
      vertex 22.3495 -15.3657 29.4
    endloop
  endfacet
  facet normal 0 0 1
    outer loop
      vertex 22.4603 -15.7996 29.4
      vertex 22.9603 -15.794 29.4
      vertex 22.9554 -15.6603 29.4
    endloop
  endfacet
  facet normal 0 0 1
    outer loop
      vertex 22.4533 -15.6735 29.4
      vertex 22.9554 -15.6603 29.4
      vertex 22.9405 -15.5376 29.4
    endloop
  endfacet
  facet normal 0 0 1
    outer loop
      vertex 22.4533 -15.6735 29.4
      vertex 22.9405 -15.5376 29.4
      vertex 22.9152 -15.4254 29.4
    endloop
  endfacet
  facet normal 0 0 1
    outer loop
      vertex 22.9603 -15.794 29.4
      vertex 22.4603 -15.7996 29.4
      vertex 22.9475 -15.9947 29.4
    endloop
  endfacet
  facet normal 0 0 1
    outer loop
      vertex 22.4533 -15.6735 29.4
      vertex 22.9152 -15.4254 29.4
      vertex 22.8792 -15.3231 29.4
    endloop
  endfacet
  facet normal -0 0 1
    outer loop
      vertex 22.4528 -15.9324 29.4
      vertex 22.9475 -15.9947 29.4
      vertex 22.4603 -15.7996 29.4
    endloop
  endfacet
  facet normal 0 0 1
    outer loop
      vertex 22.4533 -15.6735 29.4
      vertex 22.8792 -15.3231 29.4
      vertex 22.832 -15.2302 29.4
    endloop
  endfacet
  facet normal 0 0 1
    outer loop
      vertex 22.4533 -15.6735 29.4
      vertex 22.832 -15.2302 29.4
      vertex 22.7732 -15.1461 29.4
    endloop
  endfacet
  facet normal 0 0 1
    outer loop
      vertex 22.9475 -15.9947 29.4
      vertex 22.4528 -15.9324 29.4
      vertex 22.9099 -16.1809 29.4
    endloop
  endfacet
  facet normal 0 0 1
    outer loop
      vertex 22.4533 -15.6735 29.4
      vertex 22.7732 -15.1461 29.4
      vertex 22.7026 -15.0702 29.4
    endloop
  endfacet
  facet normal -0 0 1
    outer loop
      vertex 22.4306 -16.0549 29.4
      vertex 22.9099 -16.1809 29.4
      vertex 22.4528 -15.9324 29.4
    endloop
  endfacet
  facet normal 0 0 1
    outer loop
      vertex 22.4533 -15.6735 29.4
      vertex 22.7026 -15.0702 29.4
      vertex 22.6197 -15.0021 29.4
    endloop
  endfacet
  facet normal 0 0 1
    outer loop
      vertex 22.9099 -16.1809 29.4
      vertex 22.4306 -16.0549 29.4
      vertex 22.8485 -16.3516 29.4
    endloop
  endfacet
  facet normal 0 0 1
    outer loop
      vertex 22.2878 -15.2867 29.4
      vertex 22.6197 -15.0021 29.4
      vertex 22.5242 -14.9411 29.4
    endloop
  endfacet
  facet normal -0 0 1
    outer loop
      vertex 22.3943 -16.1664 29.4
      vertex 22.8485 -16.3516 29.4
      vertex 22.4306 -16.0549 29.4
    endloop
  endfacet
  facet normal 0 0 1
    outer loop
      vertex 22.8485 -16.3516 29.4
      vertex 22.3943 -16.1664 29.4
      vertex 22.7644 -16.5059 29.4
    endloop
  endfacet
  facet normal -0 0 1
    outer loop
      vertex 22.3442 -16.2667 29.4
      vertex 22.7644 -16.5059 29.4
      vertex 22.3943 -16.1664 29.4
    endloop
  endfacet
  facet normal 0 0 1
    outer loop
      vertex 22.7644 -16.5059 29.4
      vertex 22.3442 -16.2667 29.4
      vertex 22.6585 -16.6428 29.4
    endloop
  endfacet
  facet normal -0 0 1
    outer loop
      vertex 22.2808 -16.3551 29.4
      vertex 22.6585 -16.6428 29.4
      vertex 22.3442 -16.2667 29.4
    endloop
  endfacet
  facet normal 0 0 1
    outer loop
      vertex 22.6585 -16.6428 29.4
      vertex 22.2808 -16.3551 29.4
      vertex 22.532 -16.7613 29.4
    endloop
  endfacet
  facet normal -0 0 1
    outer loop
      vertex 22.2047 -16.4312 29.4
      vertex 22.532 -16.7613 29.4
      vertex 22.2808 -16.3551 29.4
    endloop
  endfacet
  facet normal 0 0 1
    outer loop
      vertex 22.532 -16.7613 29.4
      vertex 22.2047 -16.4312 29.4
      vertex 22.386 -16.8605 29.4
    endloop
  endfacet
  facet normal -0 0 1
    outer loop
      vertex 22.1163 -16.4945 29.4
      vertex 22.386 -16.8605 29.4
      vertex 22.2047 -16.4312 29.4
    endloop
  endfacet
  facet normal 0 0 1
    outer loop
      vertex 22.386 -16.8605 29.4
      vertex 22.1163 -16.4945 29.4
      vertex 22.2214 -16.9393 29.4
    endloop
  endfacet
  facet normal -0 0 1
    outer loop
      vertex 22.0161 -16.5446 29.4
      vertex 22.2214 -16.9393 29.4
      vertex 22.1163 -16.4945 29.4
    endloop
  endfacet
  facet normal 0 0 1
    outer loop
      vertex 22.2214 -16.9393 29.4
      vertex 22.0161 -16.5446 29.4
      vertex 22.0393 -16.9968 29.4
    endloop
  endfacet
  facet normal -0 0 1
    outer loop
      vertex 21.9045 -16.581 29.4
      vertex 22.0393 -16.9968 29.4
      vertex 22.0161 -16.5446 29.4
    endloop
  endfacet
  facet normal 0 0 1
    outer loop
      vertex 21.9045 -16.581 29.4
      vertex 21.8408 -17.032 29.4
      vertex 22.0393 -16.9968 29.4
    endloop
  endfacet
  facet normal -0 0 1
    outer loop
      vertex 21.782 -16.6032 29.4
      vertex 21.8408 -17.032 29.4
      vertex 21.9045 -16.581 29.4
    endloop
  endfacet
  facet normal -0 0 1
    outer loop
      vertex 21.6492 -16.6107 29.4
      vertex 21.8408 -17.032 29.4
      vertex 21.782 -16.6032 29.4
    endloop
  endfacet
  facet normal 0 0 1
    outer loop
      vertex 21.6492 -16.6107 29.4
      vertex 21.627 -17.044 29.4
      vertex 21.8408 -17.032 29.4
    endloop
  endfacet
  facet normal 0 0 1
    outer loop
      vertex 21.5091 -16.6039 29.4
      vertex 21.627 -17.044 29.4
      vertex 21.6492 -16.6107 29.4
    endloop
  endfacet
  facet normal 0 0 1
    outer loop
      vertex 21.5091 -16.6039 29.4
      vertex 21.4839 -17.0392 29.4
      vertex 21.627 -17.044 29.4
    endloop
  endfacet
  facet normal 0 0 1
    outer loop
      vertex 21.3486 -17.0247 29.4
      vertex 21.5091 -16.6039 29.4
      vertex 21.3825 -16.5834 29.4
    endloop
  endfacet
  facet normal 0 0 1
    outer loop
      vertex 21.5091 -16.6039 29.4
      vertex 21.3486 -17.0247 29.4
      vertex 21.4839 -17.0392 29.4
    endloop
  endfacet
  facet normal 0 0 1
    outer loop
      vertex 21.2212 -17.0006 29.4
      vertex 21.3825 -16.5834 29.4
      vertex 21.2693 -16.549 29.4
    endloop
  endfacet
  facet normal 0 0 1
    outer loop
      vertex 21.3825 -16.5834 29.4
      vertex 21.2212 -17.0006 29.4
      vertex 21.3486 -17.0247 29.4
    endloop
  endfacet
  facet normal 0 0 1
    outer loop
      vertex 20.9906 -16.9235 29.4
      vertex 21.2693 -16.549 29.4
      vertex 21.1691 -16.5006 29.4
    endloop
  endfacet
  facet normal 0 0 1
    outer loop
      vertex 21.2693 -16.549 29.4
      vertex 21.1019 -16.9669 29.4
      vertex 21.2212 -17.0006 29.4
    endloop
  endfacet
  facet normal 0 0 1
    outer loop
      vertex 20.8876 -16.8705 29.4
      vertex 21.1691 -16.5006 29.4
      vertex 21.0818 -16.4378 29.4
    endloop
  endfacet
  facet normal 0 0 1
    outer loop
      vertex 20.7066 -16.7355 29.4
      vertex 21.0818 -16.4378 29.4
      vertex 21.0072 -16.3605 29.4
    endloop
  endfacet
  facet normal 0 0 1
    outer loop
      vertex 21.2693 -16.549 29.4
      vertex 20.9906 -16.9235 29.4
      vertex 21.1019 -16.9669 29.4
    endloop
  endfacet
  facet normal 0 0 1
    outer loop
      vertex 20.5596 -16.5619 29.4
      vertex 21.0072 -16.3605 29.4
      vertex 20.945 -16.2685 29.4
    endloop
  endfacet
  facet normal 0 0 1
    outer loop
      vertex 20.4744 -16.4113 29.4
      vertex 20.945 -16.2685 29.4
      vertex 20.895 -16.1616 29.4
    endloop
  endfacet
  facet normal 0 0 1
    outer loop
      vertex 21.1691 -16.5006 29.4
      vertex 20.8876 -16.8705 29.4
      vertex 20.9906 -16.9235 29.4
    endloop
  endfacet
  facet normal 0 0 1
    outer loop
      vertex 20.4113 -16.2498 29.4
      vertex 20.895 -16.1616 29.4
      vertex 20.8569 -16.0396 29.4
    endloop
  endfacet
  facet normal 0 0 1
    outer loop
      vertex 20.3647 -16.0608 29.4
      vertex 20.8569 -16.0396 29.4
      vertex 20.8306 -15.9024 29.4
    endloop
  endfacet
  facet normal 0 0 1
    outer loop
      vertex 20.3424 -15.9148 29.4
      vertex 20.8306 -15.9024 29.4
      vertex 20.8159 -15.7496 29.4
    endloop
  endfacet
  facet normal 0 0 1
    outer loop
      vertex 21.0818 -16.4378 29.4
      vertex 20.7929 -16.8078 29.4
      vertex 20.8876 -16.8705 29.4
    endloop
  endfacet
  facet normal 0 0 1
    outer loop
      vertex 21.0818 -16.4378 29.4
      vertex 20.7066 -16.7355 29.4
      vertex 20.7929 -16.8078 29.4
    endloop
  endfacet
  facet normal 0 0 1
    outer loop
      vertex 21.0072 -16.3605 29.4
      vertex 20.6288 -16.6535 29.4
      vertex 20.7066 -16.7355 29.4
    endloop
  endfacet
  facet normal 0 0 1
    outer loop
      vertex 21.0072 -16.3605 29.4
      vertex 20.5596 -16.5619 29.4
      vertex 20.6288 -16.6535 29.4
    endloop
  endfacet
  facet normal 0 0 1
    outer loop
      vertex 20.945 -16.2685 29.4
      vertex 20.4992 -16.4607 29.4
      vertex 20.5596 -16.5619 29.4
    endloop
  endfacet
  facet normal 0 0 1
    outer loop
      vertex 20.945 -16.2685 29.4
      vertex 20.4744 -16.4113 29.4
      vertex 20.4992 -16.4607 29.4
    endloop
  endfacet
  facet normal 0 0 1
    outer loop
      vertex 20.895 -16.1616 29.4
      vertex 20.4515 -16.3599 29.4
      vertex 20.4744 -16.4113 29.4
    endloop
  endfacet
  facet normal 0 0 1
    outer loop
      vertex 20.895 -16.1616 29.4
      vertex 20.4305 -16.3062 29.4
      vertex 20.4515 -16.3599 29.4
    endloop
  endfacet
  facet normal 0 0 1
    outer loop
      vertex 20.895 -16.1616 29.4
      vertex 20.4113 -16.2498 29.4
      vertex 20.4305 -16.3062 29.4
    endloop
  endfacet
  facet normal 0 0 1
    outer loop
      vertex 20.8569 -16.0396 29.4
      vertex 20.394 -16.1903 29.4
      vertex 20.4113 -16.2498 29.4
    endloop
  endfacet
  facet normal 0 0 1
    outer loop
      vertex 20.8569 -16.0396 29.4
      vertex 20.3784 -16.1274 29.4
      vertex 20.394 -16.1903 29.4
    endloop
  endfacet
  facet normal 0 0 1
    outer loop
      vertex 20.8569 -16.0396 29.4
      vertex 20.3647 -16.0608 29.4
      vertex 20.3784 -16.1274 29.4
    endloop
  endfacet
  facet normal 0 0 1
    outer loop
      vertex 20.8306 -15.9024 29.4
      vertex 20.3527 -15.99 29.4
      vertex 20.3647 -16.0608 29.4
    endloop
  endfacet
  facet normal 0 0 1
    outer loop
      vertex 20.8306 -15.9024 29.4
      vertex 20.3424 -15.9148 29.4
      vertex 20.3527 -15.99 29.4
    endloop
  endfacet
  facet normal 0 0 1
    outer loop
      vertex 20.8159 -15.7496 29.4
      vertex 20.3338 -15.8347 29.4
      vertex 20.3424 -15.9148 29.4
    endloop
  endfacet
  facet normal 0 -0 1
    outer loop
      vertex 20.3338 -15.8347 29.4
      vertex 20.8159 -15.7496 29.4
      vertex 20.327 -15.7496 29.4
    endloop
  endfacet
  facet normal 0 1 -0
    outer loop
      vertex 20.1288 -13.3218 29.4
      vertex 18.801 -13.3218 30
      vertex 20.1288 -13.3218 30
    endloop
  endfacet
  facet normal 0 1 0
    outer loop
      vertex 18.801 -13.3218 30
      vertex 20.1288 -13.3218 29.4
      vertex 18.801 -13.3218 29.4
    endloop
  endfacet
  facet normal -1 0 0
    outer loop
      vertex 20.1288 -13.3218 29.4
      vertex 20.1288 -12.8663 30
      vertex 20.1288 -12.8663 29.4
    endloop
  endfacet
  facet normal -1 -0 0
    outer loop
      vertex 20.1288 -12.8663 30
      vertex 20.1288 -13.3218 29.4
      vertex 20.1288 -13.3218 30
    endloop
  endfacet
  facet normal 0 -1 0
    outer loop
      vertex 16.951 -12.8663 29.4
      vertex 20.1288 -12.8663 30
      vertex 16.951 -12.8663 30
    endloop
  endfacet
  facet normal 0 -1 -0
    outer loop
      vertex 20.1288 -12.8663 30
      vertex 16.951 -12.8663 29.4
      vertex 20.1288 -12.8663 29.4
    endloop
  endfacet
  facet normal 1 -0 0
    outer loop
      vertex 16.951 -13.3218 30
      vertex 16.951 -12.8663 29.4
      vertex 16.951 -12.8663 30
    endloop
  endfacet
  facet normal 1 0 0
    outer loop
      vertex 16.951 -12.8663 29.4
      vertex 16.951 -13.3218 30
      vertex 16.951 -13.3218 29.4
    endloop
  endfacet
  facet normal 0 1 -0
    outer loop
      vertex 18.2843 -13.3218 29.4
      vertex 16.951 -13.3218 30
      vertex 18.2843 -13.3218 30
    endloop
  endfacet
  facet normal 0 1 0
    outer loop
      vertex 16.951 -13.3218 30
      vertex 18.2843 -13.3218 29.4
      vertex 16.951 -13.3218 29.4
    endloop
  endfacet
  facet normal 1 -0 0
    outer loop
      vertex 18.2843 -16.9162 30
      vertex 18.2843 -13.3218 29.4
      vertex 18.2843 -13.3218 30
    endloop
  endfacet
  facet normal 1 0 0
    outer loop
      vertex 18.2843 -13.3218 29.4
      vertex 18.2843 -16.9162 30
      vertex 18.2843 -16.9162 29.4
    endloop
  endfacet
  facet normal 0 1 -0
    outer loop
      vertex 18.801 -16.9162 29.4
      vertex 18.2843 -16.9162 30
      vertex 18.801 -16.9162 30
    endloop
  endfacet
  facet normal 0 1 0
    outer loop
      vertex 18.2843 -16.9162 30
      vertex 18.801 -16.9162 29.4
      vertex 18.2843 -16.9162 29.4
    endloop
  endfacet
  facet normal -1 0 0
    outer loop
      vertex 18.801 -16.9162 29.4
      vertex 18.801 -13.3218 30
      vertex 18.801 -13.3218 29.4
    endloop
  endfacet
  facet normal -1 -0 0
    outer loop
      vertex 18.801 -13.3218 30
      vertex 18.801 -16.9162 29.4
      vertex 18.801 -16.9162 30
    endloop
  endfacet
  facet normal -0.174606 0.984638 0
    outer loop
      vertex 22.0393 -16.9968 29.4
      vertex 21.8408 -17.032 30
      vertex 22.0393 -16.9968 30
    endloop
  endfacet
  facet normal -0.174606 0.984638 0
    outer loop
      vertex 21.8408 -17.032 30
      vertex 22.0393 -16.9968 29.4
      vertex 21.8408 -17.032 29.4
    endloop
  endfacet
  facet normal -0.301106 0.953591 0
    outer loop
      vertex 22.2214 -16.9393 29.4
      vertex 22.0393 -16.9968 30
      vertex 22.2214 -16.9393 30
    endloop
  endfacet
  facet normal -0.301106 0.953591 0
    outer loop
      vertex 22.0393 -16.9968 30
      vertex 22.2214 -16.9393 29.4
      vertex 22.0393 -16.9968 29.4
    endloop
  endfacet
  facet normal -0.431804 0.901967 0
    outer loop
      vertex 22.386 -16.8605 29.4
      vertex 22.2214 -16.9393 30
      vertex 22.386 -16.8605 30
    endloop
  endfacet
  facet normal -0.431804 0.901967 0
    outer loop
      vertex 22.2214 -16.9393 30
      vertex 22.386 -16.8605 29.4
      vertex 22.2214 -16.9393 29.4
    endloop
  endfacet
  facet normal -0.562 0.827137 0
    outer loop
      vertex 22.532 -16.7613 29.4
      vertex 22.386 -16.8605 30
      vertex 22.532 -16.7613 30
    endloop
  endfacet
  facet normal -0.562 0.827137 0
    outer loop
      vertex 22.386 -16.8605 30
      vertex 22.532 -16.7613 29.4
      vertex 22.386 -16.8605 29.4
    endloop
  endfacet
  facet normal -0.683653 0.729807 0
    outer loop
      vertex 22.6585 -16.6428 29.4
      vertex 22.532 -16.7613 30
      vertex 22.6585 -16.6428 30
    endloop
  endfacet
  facet normal -0.683653 0.729807 0
    outer loop
      vertex 22.532 -16.7613 30
      vertex 22.6585 -16.6428 29.4
      vertex 22.532 -16.7613 29.4
    endloop
  endfacet
  facet normal -0.790967 0.611859 0
    outer loop
      vertex 22.6585 -16.6428 29.4
      vertex 22.7644 -16.5059 30
      vertex 22.7644 -16.5059 29.4
    endloop
  endfacet
  facet normal -0.790967 0.611859 0
    outer loop
      vertex 22.7644 -16.5059 30
      vertex 22.6585 -16.6428 29.4
      vertex 22.6585 -16.6428 30
    endloop
  endfacet
  facet normal -0.878048 0.478573 0
    outer loop
      vertex 22.7644 -16.5059 29.4
      vertex 22.8485 -16.3516 30
      vertex 22.8485 -16.3516 29.4
    endloop
  endfacet
  facet normal -0.878048 0.478573 0
    outer loop
      vertex 22.8485 -16.3516 30
      vertex 22.7644 -16.5059 29.4
      vertex 22.7644 -16.5059 30
    endloop
  endfacet
  facet normal -0.940979 0.338466 0
    outer loop
      vertex 22.8485 -16.3516 29.4
      vertex 22.9099 -16.1809 30
      vertex 22.9099 -16.1809 29.4
    endloop
  endfacet
  facet normal -0.940979 0.338466 0
    outer loop
      vertex 22.9099 -16.1809 30
      vertex 22.8485 -16.3516 29.4
      vertex 22.8485 -16.3516 30
    endloop
  endfacet
  facet normal -0.980215 0.197938 0
    outer loop
      vertex 22.9099 -16.1809 29.4
      vertex 22.9475 -15.9947 30
      vertex 22.9475 -15.9947 29.4
    endloop
  endfacet
  facet normal -0.980215 0.197938 0
    outer loop
      vertex 22.9475 -15.9947 30
      vertex 22.9099 -16.1809 29.4
      vertex 22.9099 -16.1809 30
    endloop
  endfacet
  facet normal -0.997972 0.0636475 0
    outer loop
      vertex 22.9475 -15.9947 29.4
      vertex 22.9603 -15.794 30
      vertex 22.9603 -15.794 29.4
    endloop
  endfacet
  facet normal -0.997972 0.0636475 0
    outer loop
      vertex 22.9603 -15.794 30
      vertex 22.9475 -15.9947 29.4
      vertex 22.9475 -15.9947 30
    endloop
  endfacet
  facet normal -0.999329 -0.0366246 0
    outer loop
      vertex 22.9603 -15.794 29.4
      vertex 22.9554 -15.6603 30
      vertex 22.9554 -15.6603 29.4
    endloop
  endfacet
  facet normal -0.999329 -0.0366246 0
    outer loop
      vertex 22.9554 -15.6603 30
      vertex 22.9603 -15.794 29.4
      vertex 22.9603 -15.794 30
    endloop
  endfacet
  facet normal -0.992707 -0.120549 0
    outer loop
      vertex 22.9554 -15.6603 29.4
      vertex 22.9405 -15.5376 30
      vertex 22.9405 -15.5376 29.4
    endloop
  endfacet
  facet normal -0.992707 -0.120549 0
    outer loop
      vertex 22.9405 -15.5376 30
      vertex 22.9554 -15.6603 29.4
      vertex 22.9554 -15.6603 30
    endloop
  endfacet
  facet normal -0.975507 -0.219967 0
    outer loop
      vertex 22.9405 -15.5376 29.4
      vertex 22.9152 -15.4254 30
      vertex 22.9152 -15.4254 29.4
    endloop
  endfacet
  facet normal -0.975507 -0.219967 0
    outer loop
      vertex 22.9152 -15.4254 30
      vertex 22.9405 -15.5376 29.4
      vertex 22.9405 -15.5376 30
    endloop
  endfacet
  facet normal -0.943296 -0.331952 0
    outer loop
      vertex 22.9152 -15.4254 29.4
      vertex 22.8792 -15.3231 30
      vertex 22.8792 -15.3231 29.4
    endloop
  endfacet
  facet normal -0.943296 -0.331952 0
    outer loop
      vertex 22.8792 -15.3231 30
      vertex 22.9152 -15.4254 29.4
      vertex 22.9152 -15.4254 30
    endloop
  endfacet
  facet normal -0.89153 -0.452962 0
    outer loop
      vertex 22.8792 -15.3231 29.4
      vertex 22.832 -15.2302 30
      vertex 22.832 -15.2302 29.4
    endloop
  endfacet
  facet normal -0.89153 -0.452962 0
    outer loop
      vertex 22.832 -15.2302 30
      vertex 22.8792 -15.3231 29.4
      vertex 22.8792 -15.3231 30
    endloop
  endfacet
  facet normal -0.819552 -0.573004 0
    outer loop
      vertex 22.832 -15.2302 29.4
      vertex 22.7732 -15.1461 30
      vertex 22.7732 -15.1461 29.4
    endloop
  endfacet
  facet normal -0.819552 -0.573004 0
    outer loop
      vertex 22.7732 -15.1461 30
      vertex 22.832 -15.2302 29.4
      vertex 22.832 -15.2302 30
    endloop
  endfacet
  facet normal -0.732209 -0.68108 0
    outer loop
      vertex 22.7732 -15.1461 29.4
      vertex 22.7026 -15.0702 30
      vertex 22.7026 -15.0702 29.4
    endloop
  endfacet
  facet normal -0.732209 -0.68108 0
    outer loop
      vertex 22.7026 -15.0702 30
      vertex 22.7732 -15.1461 29.4
      vertex 22.7732 -15.1461 30
    endloop
  endfacet
  facet normal -0.634759 -0.77271 0
    outer loop
      vertex 22.6197 -15.0021 29.4
      vertex 22.7026 -15.0702 30
      vertex 22.6197 -15.0021 30
    endloop
  endfacet
  facet normal -0.634759 -0.77271 -0
    outer loop
      vertex 22.7026 -15.0702 30
      vertex 22.6197 -15.0021 29.4
      vertex 22.7026 -15.0702 29.4
    endloop
  endfacet
  facet normal -0.538302 -0.842752 0
    outer loop
      vertex 22.5242 -14.9411 29.4
      vertex 22.6197 -15.0021 30
      vertex 22.5242 -14.9411 30
    endloop
  endfacet
  facet normal -0.538302 -0.842752 -0
    outer loop
      vertex 22.6197 -15.0021 30
      vertex 22.5242 -14.9411 29.4
      vertex 22.6197 -15.0021 29.4
    endloop
  endfacet
  facet normal -0.447214 -0.894427 0
    outer loop
      vertex 22.4156 -14.8868 29.4
      vertex 22.5242 -14.9411 30
      vertex 22.4156 -14.8868 30
    endloop
  endfacet
  facet normal -0.447214 -0.894427 -0
    outer loop
      vertex 22.5242 -14.9411 30
      vertex 22.4156 -14.8868 29.4
      vertex 22.5242 -14.9411 29.4
    endloop
  endfacet
  facet normal -0.368103 -0.929785 0
    outer loop
      vertex 22.2936 -14.8385 29.4
      vertex 22.4156 -14.8868 30
      vertex 22.2936 -14.8385 30
    endloop
  endfacet
  facet normal -0.368103 -0.929785 -0
    outer loop
      vertex 22.4156 -14.8868 30
      vertex 22.2936 -14.8385 29.4
      vertex 22.4156 -14.8868 29.4
    endloop
  endfacet
  facet normal -0.419239 0.907876 0
    outer loop
      vertex 22.3891 -14.7944 29.4
      vertex 22.2936 -14.8385 30
      vertex 22.3891 -14.7944 30
    endloop
  endfacet
  facet normal -0.419239 0.907876 0
    outer loop
      vertex 22.2936 -14.8385 30
      vertex 22.3891 -14.7944 29.4
      vertex 22.2936 -14.8385 29.4
    endloop
  endfacet
  facet normal -0.504306 0.863525 0
    outer loop
      vertex 22.4754 -14.744 29.4
      vertex 22.3891 -14.7944 30
      vertex 22.4754 -14.744 30
    endloop
  endfacet
  facet normal -0.504306 0.863525 0
    outer loop
      vertex 22.3891 -14.7944 30
      vertex 22.4754 -14.744 29.4
      vertex 22.3891 -14.7944 29.4
    endloop
  endfacet
  facet normal -0.591454 0.806339 0
    outer loop
      vertex 22.5527 -14.6873 29.4
      vertex 22.4754 -14.744 30
      vertex 22.5527 -14.6873 30
    endloop
  endfacet
  facet normal -0.591454 0.806339 0
    outer loop
      vertex 22.4754 -14.744 30
      vertex 22.5527 -14.6873 29.4
      vertex 22.4754 -14.744 29.4
    endloop
  endfacet
  facet normal -0.679129 0.734019 0
    outer loop
      vertex 22.6209 -14.6242 29.4
      vertex 22.5527 -14.6873 30
      vertex 22.6209 -14.6242 30
    endloop
  endfacet
  facet normal -0.679129 0.734019 0
    outer loop
      vertex 22.5527 -14.6873 30
      vertex 22.6209 -14.6242 29.4
      vertex 22.5527 -14.6873 29.4
    endloop
  endfacet
  facet normal -0.761804 0.647807 0
    outer loop
      vertex 22.6209 -14.6242 29.4
      vertex 22.68 -14.5547 30
      vertex 22.68 -14.5547 29.4
    endloop
  endfacet
  facet normal -0.761804 0.647807 0
    outer loop
      vertex 22.68 -14.5547 30
      vertex 22.6209 -14.6242 29.4
      vertex 22.6209 -14.6242 30
    endloop
  endfacet
  facet normal -0.834417 0.551134 0
    outer loop
      vertex 22.68 -14.5547 29.4
      vertex 22.73 -14.479 30
      vertex 22.73 -14.479 29.4
    endloop
  endfacet
  facet normal -0.834417 0.551134 0
    outer loop
      vertex 22.73 -14.479 30
      vertex 22.68 -14.5547 29.4
      vertex 22.68 -14.5547 30
    endloop
  endfacet
  facet normal -0.89508 0.445905 0
    outer loop
      vertex 22.73 -14.479 29.4
      vertex 22.7709 -14.3969 30
      vertex 22.7709 -14.3969 29.4
    endloop
  endfacet
  facet normal -0.89508 0.445905 0
    outer loop
      vertex 22.7709 -14.3969 30
      vertex 22.73 -14.479 29.4
      vertex 22.73 -14.479 30
    endloop
  endfacet
  facet normal -0.940969 0.338493 0
    outer loop
      vertex 22.7709 -14.3969 29.4
      vertex 22.8027 -14.3085 30
      vertex 22.8027 -14.3085 29.4
    endloop
  endfacet
  facet normal -0.940969 0.338493 0
    outer loop
      vertex 22.8027 -14.3085 30
      vertex 22.7709 -14.3969 29.4
      vertex 22.7709 -14.3969 30
    endloop
  endfacet
  facet normal -0.972275 0.233838 0
    outer loop
      vertex 22.8027 -14.3085 29.4
      vertex 22.8255 -14.2137 30
      vertex 22.8255 -14.2137 29.4
    endloop
  endfacet
  facet normal -0.972275 0.233838 0
    outer loop
      vertex 22.8255 -14.2137 30
      vertex 22.8027 -14.3085 29.4
      vertex 22.8027 -14.3085 30
    endloop
  endfacet
  facet normal -0.991073 0.133319 0
    outer loop
      vertex 22.8255 -14.2137 29.4
      vertex 22.8391 -14.1126 30
      vertex 22.8391 -14.1126 29.4
    endloop
  endfacet
  facet normal -0.991073 0.133319 0
    outer loop
      vertex 22.8391 -14.1126 30
      vertex 22.8255 -14.2137 29.4
      vertex 22.8255 -14.2137 30
    endloop
  endfacet
  facet normal -0.999125 0.0418238 0
    outer loop
      vertex 22.8391 -14.1126 29.4
      vertex 22.8436 -14.0051 30
      vertex 22.8436 -14.0051 29.4
    endloop
  endfacet
  facet normal -0.999125 0.0418238 0
    outer loop
      vertex 22.8436 -14.0051 30
      vertex 22.8391 -14.1126 29.4
      vertex 22.8391 -14.1126 30
    endloop
  endfacet
  facet normal -0.998158 -0.0606616 0
    outer loop
      vertex 22.8436 -14.0051 29.4
      vertex 22.8326 -13.8241 30
      vertex 22.8326 -13.8241 29.4
    endloop
  endfacet
  facet normal -0.998158 -0.0606616 0
    outer loop
      vertex 22.8326 -13.8241 30
      vertex 22.8436 -14.0051 29.4
      vertex 22.8436 -14.0051 30
    endloop
  endfacet
  facet normal -0.981342 -0.19227 0
    outer loop
      vertex 22.8326 -13.8241 29.4
      vertex 22.7999 -13.6572 30
      vertex 22.7999 -13.6572 29.4
    endloop
  endfacet
  facet normal -0.981342 -0.19227 0
    outer loop
      vertex 22.7999 -13.6572 30
      vertex 22.8326 -13.8241 29.4
      vertex 22.8326 -13.8241 30
    endloop
  endfacet
  facet normal -0.943082 -0.33256 0
    outer loop
      vertex 22.7999 -13.6572 29.4
      vertex 22.7463 -13.5052 30
      vertex 22.7463 -13.5052 29.4
    endloop
  endfacet
  facet normal -0.943082 -0.33256 0
    outer loop
      vertex 22.7463 -13.5052 30
      vertex 22.7999 -13.6572 29.4
      vertex 22.7999 -13.6572 30
    endloop
  endfacet
  facet normal -0.87927 -0.476325 0
    outer loop
      vertex 22.7463 -13.5052 29.4
      vertex 22.6723 -13.3686 30
      vertex 22.6723 -13.3686 29.4
    endloop
  endfacet
  facet normal -0.87927 -0.476325 0
    outer loop
      vertex 22.6723 -13.3686 30
      vertex 22.7463 -13.5052 29.4
      vertex 22.7463 -13.5052 30
    endloop
  endfacet
  facet normal -0.790304 -0.612715 0
    outer loop
      vertex 22.6723 -13.3686 29.4
      vertex 22.5788 -13.248 30
      vertex 22.5788 -13.248 29.4
    endloop
  endfacet
  facet normal -0.790304 -0.612715 0
    outer loop
      vertex 22.5788 -13.248 30
      vertex 22.6723 -13.3686 29.4
      vertex 22.6723 -13.3686 30
    endloop
  endfacet
  facet normal -0.677764 -0.735279 0
    outer loop
      vertex 22.4663 -13.1443 29.4
      vertex 22.5788 -13.248 30
      vertex 22.4663 -13.1443 30
    endloop
  endfacet
  facet normal -0.677764 -0.735279 -0
    outer loop
      vertex 22.5788 -13.248 30
      vertex 22.4663 -13.1443 29.4
      vertex 22.5788 -13.248 29.4
    endloop
  endfacet
  facet normal -0.551456 -0.834204 0
    outer loop
      vertex 22.3356 -13.0579 29.4
      vertex 22.4663 -13.1443 30
      vertex 22.3356 -13.0579 30
    endloop
  endfacet
  facet normal -0.551456 -0.834204 -0
    outer loop
      vertex 22.4663 -13.1443 30
      vertex 22.3356 -13.0579 29.4
      vertex 22.4663 -13.1443 29.4
    endloop
  endfacet
  facet normal -0.41832 -0.9083 0
    outer loop
      vertex 22.1873 -12.9896 29.4
      vertex 22.3356 -13.0579 30
      vertex 22.1873 -12.9896 30
    endloop
  endfacet
  facet normal -0.41832 -0.9083 -0
    outer loop
      vertex 22.3356 -13.0579 30
      vertex 22.1873 -12.9896 29.4
      vertex 22.3356 -13.0579 29.4
    endloop
  endfacet
  facet normal -0.287561 -0.957762 0
    outer loop
      vertex 22.0221 -12.94 29.4
      vertex 22.1873 -12.9896 30
      vertex 22.0221 -12.94 30
    endloop
  endfacet
  facet normal -0.287561 -0.957762 -0
    outer loop
      vertex 22.1873 -12.9896 30
      vertex 22.0221 -12.94 29.4
      vertex 22.1873 -12.9896 29.4
    endloop
  endfacet
  facet normal -0.164135 -0.986438 0
    outer loop
      vertex 21.8406 -12.9098 29.4
      vertex 22.0221 -12.94 30
      vertex 21.8406 -12.9098 30
    endloop
  endfacet
  facet normal -0.164135 -0.986438 -0
    outer loop
      vertex 22.0221 -12.94 30
      vertex 21.8406 -12.9098 29.4
      vertex 22.0221 -12.94 29.4
    endloop
  endfacet
  facet normal -0.0517074 -0.998662 0
    outer loop
      vertex 21.6436 -12.8996 29.4
      vertex 21.8406 -12.9098 30
      vertex 21.6436 -12.8996 30
    endloop
  endfacet
  facet normal -0.0517074 -0.998662 -0
    outer loop
      vertex 21.8406 -12.9098 30
      vertex 21.6436 -12.8996 29.4
      vertex 21.8406 -12.9098 29.4
    endloop
  endfacet
  facet normal 0.0529632 -0.998596 0
    outer loop
      vertex 21.4362 -12.9106 29.4
      vertex 21.6436 -12.8996 30
      vertex 21.4362 -12.9106 30
    endloop
  endfacet
  facet normal 0.0529632 -0.998596 0
    outer loop
      vertex 21.6436 -12.8996 30
      vertex 21.4362 -12.9106 29.4
      vertex 21.6436 -12.8996 29.4
    endloop
  endfacet
  facet normal 0.171165 -0.985242 0
    outer loop
      vertex 21.2474 -12.9434 29.4
      vertex 21.4362 -12.9106 30
      vertex 21.2474 -12.9434 30
    endloop
  endfacet
  facet normal 0.171165 -0.985242 0
    outer loop
      vertex 21.4362 -12.9106 30
      vertex 21.2474 -12.9434 29.4
      vertex 21.4362 -12.9106 29.4
    endloop
  endfacet
  facet normal 0.305792 -0.952098 0
    outer loop
      vertex 21.0774 -12.998 29.4
      vertex 21.2474 -12.9434 30
      vertex 21.0774 -12.998 30
    endloop
  endfacet
  facet normal 0.305792 -0.952098 0
    outer loop
      vertex 21.2474 -12.9434 30
      vertex 21.0774 -12.998 29.4
      vertex 21.2474 -12.9434 29.4
    endloop
  endfacet
  facet normal 0.449104 -0.89348 0
    outer loop
      vertex 20.9262 -13.074 29.4
      vertex 21.0774 -12.998 30
      vertex 20.9262 -13.074 30
    endloop
  endfacet
  facet normal 0.449104 -0.89348 0
    outer loop
      vertex 21.0774 -12.998 30
      vertex 20.9262 -13.074 29.4
      vertex 21.0774 -12.998 29.4
    endloop
  endfacet
  facet normal 0.593448 -0.804872 0
    outer loop
      vertex 20.7941 -13.1714 29.4
      vertex 20.9262 -13.074 30
      vertex 20.7941 -13.1714 30
    endloop
  endfacet
  facet normal 0.593448 -0.804872 0
    outer loop
      vertex 20.9262 -13.074 30
      vertex 20.7941 -13.1714 29.4
      vertex 20.9262 -13.074 29.4
    endloop
  endfacet
  facet normal 0.724603 -0.689167 0
    outer loop
      vertex 20.6813 -13.29 30
      vertex 20.7941 -13.1714 29.4
      vertex 20.7941 -13.1714 30
    endloop
  endfacet
  facet normal 0.724603 -0.689167 0
    outer loop
      vertex 20.7941 -13.1714 29.4
      vertex 20.6813 -13.29 30
      vertex 20.6813 -13.29 29.4
    endloop
  endfacet
  facet normal 0.830674 -0.55676 0
    outer loop
      vertex 20.5878 -13.4295 30
      vertex 20.6813 -13.29 29.4
      vertex 20.6813 -13.29 30
    endloop
  endfacet
  facet normal 0.830674 -0.55676 0
    outer loop
      vertex 20.6813 -13.29 29.4
      vertex 20.5878 -13.4295 30
      vertex 20.5878 -13.4295 29.4
    endloop
  endfacet
  facet normal 0.907711 -0.419597 0
    outer loop
      vertex 20.5137 -13.5898 30
      vertex 20.5878 -13.4295 29.4
      vertex 20.5878 -13.4295 30
    endloop
  endfacet
  facet normal 0.907711 -0.419597 0
    outer loop
      vertex 20.5878 -13.4295 29.4
      vertex 20.5137 -13.5898 30
      vertex 20.5137 -13.5898 29.4
    endloop
  endfacet
  facet normal 0.957826 -0.287348 0
    outer loop
      vertex 20.4594 -13.7708 30
      vertex 20.5137 -13.5898 29.4
      vertex 20.5137 -13.5898 30
    endloop
  endfacet
  facet normal 0.957826 -0.287348 0
    outer loop
      vertex 20.5137 -13.5898 29.4
      vertex 20.4594 -13.7708 30
      vertex 20.4594 -13.7708 29.4
    endloop
  endfacet
  facet normal 0.985657 -0.16876 0
    outer loop
      vertex 20.4249 -13.9723 30
      vertex 20.4594 -13.7708 29.4
      vertex 20.4594 -13.7708 30
    endloop
  endfacet
  facet normal 0.985657 -0.16876 0
    outer loop
      vertex 20.4594 -13.7708 29.4
      vertex 20.4249 -13.9723 30
      vertex 20.4249 -13.9723 29.4
    endloop
  endfacet
  facet normal 0.997839 -0.0657124 0
    outer loop
      vertex 20.4103 -14.194 30
      vertex 20.4249 -13.9723 29.4
      vertex 20.4249 -13.9723 30
    endloop
  endfacet
  facet normal 0.997839 -0.0657124 0
    outer loop
      vertex 20.4249 -13.9723 29.4
      vertex 20.4103 -14.194 30
      vertex 20.4103 -14.194 29.4
    endloop
  endfacet
  facet normal 0 1 -0
    outer loop
      vertex 20.8992 -14.194 29.4
      vertex 20.4103 -14.194 30
      vertex 20.8992 -14.194 30
    endloop
  endfacet
  facet normal 0 1 0
    outer loop
      vertex 20.4103 -14.194 30
      vertex 20.8992 -14.194 29.4
      vertex 20.4103 -14.194 29.4
    endloop
  endfacet
  facet normal -0.999561 0.0296282 0
    outer loop
      vertex 20.8992 -14.194 29.4
      vertex 20.9011 -14.1299 30
      vertex 20.9011 -14.1299 29.4
    endloop
  endfacet
  facet normal -0.999561 0.0296282 0
    outer loop
      vertex 20.9011 -14.1299 30
      vertex 20.8992 -14.194 29.4
      vertex 20.8992 -14.194 30
    endloop
  endfacet
  facet normal -0.998806 0.0488455 0
    outer loop
      vertex 20.9011 -14.1299 29.4
      vertex 20.904 -14.0706 30
      vertex 20.904 -14.0706 29.4
    endloop
  endfacet
  facet normal -0.998806 0.0488455 0
    outer loop
      vertex 20.904 -14.0706 30
      vertex 20.9011 -14.1299 29.4
      vertex 20.9011 -14.1299 30
    endloop
  endfacet
  facet normal -0.997477 0.0709883 0
    outer loop
      vertex 20.904 -14.0706 29.4
      vertex 20.9079 -14.0158 30
      vertex 20.9079 -14.0158 29.4
    endloop
  endfacet
  facet normal -0.997477 0.0709883 0
    outer loop
      vertex 20.9079 -14.0158 30
      vertex 20.904 -14.0706 29.4
      vertex 20.904 -14.0706 30
    endloop
  endfacet
  facet normal -0.995191 0.0979519 0
    outer loop
      vertex 20.9079 -14.0158 29.4
      vertex 20.9129 -13.965 30
      vertex 20.9129 -13.965 29.4
    endloop
  endfacet
  facet normal -0.995191 0.0979519 0
    outer loop
      vertex 20.9129 -13.965 30
      vertex 20.9079 -14.0158 29.4
      vertex 20.9079 -14.0158 30
    endloop
  endfacet
  facet normal -0.99121 0.132301 0
    outer loop
      vertex 20.9129 -13.965 29.4
      vertex 20.9192 -13.9178 30
      vertex 20.9192 -13.9178 29.4
    endloop
  endfacet
  facet normal -0.99121 0.132301 0
    outer loop
      vertex 20.9192 -13.9178 30
      vertex 20.9129 -13.965 29.4
      vertex 20.9129 -13.965 30
    endloop
  endfacet
  facet normal -0.985408 0.170207 0
    outer loop
      vertex 20.9192 -13.9178 29.4
      vertex 20.9268 -13.8738 30
      vertex 20.9268 -13.8738 29.4
    endloop
  endfacet
  facet normal -0.985408 0.170207 0
    outer loop
      vertex 20.9268 -13.8738 30
      vertex 20.9192 -13.9178 29.4
      vertex 20.9192 -13.9178 30
    endloop
  endfacet
  facet normal -0.976853 0.21391 0
    outer loop
      vertex 20.9268 -13.8738 29.4
      vertex 20.9358 -13.8327 30
      vertex 20.9358 -13.8327 29.4
    endloop
  endfacet
  facet normal -0.976853 0.21391 0
    outer loop
      vertex 20.9358 -13.8327 30
      vertex 20.9268 -13.8738 29.4
      vertex 20.9268 -13.8738 30
    endloop
  endfacet
  facet normal -0.965108 0.261851 0
    outer loop
      vertex 20.9358 -13.8327 29.4
      vertex 20.9463 -13.794 30
      vertex 20.9463 -13.794 29.4
    endloop
  endfacet
  facet normal -0.965108 0.261851 0
    outer loop
      vertex 20.9463 -13.794 30
      vertex 20.9358 -13.8327 29.4
      vertex 20.9358 -13.8327 30
    endloop
  endfacet
  facet normal -0.948942 0.315452 0
    outer loop
      vertex 20.9463 -13.794 29.4
      vertex 20.9585 -13.7573 30
      vertex 20.9585 -13.7573 29.4
    endloop
  endfacet
  facet normal -0.948942 0.315452 0
    outer loop
      vertex 20.9585 -13.7573 30
      vertex 20.9463 -13.794 29.4
      vertex 20.9463 -13.794 30
    endloop
  endfacet
  facet normal -0.92939 0.3691 0
    outer loop
      vertex 20.9585 -13.7573 29.4
      vertex 20.9724 -13.7223 30
      vertex 20.9724 -13.7223 29.4
    endloop
  endfacet
  facet normal -0.92939 0.3691 0
    outer loop
      vertex 20.9724 -13.7223 30
      vertex 20.9585 -13.7573 29.4
      vertex 20.9585 -13.7573 30
    endloop
  endfacet
  facet normal -0.906936 0.421269 0
    outer loop
      vertex 20.9724 -13.7223 29.4
      vertex 20.9881 -13.6885 30
      vertex 20.9881 -13.6885 29.4
    endloop
  endfacet
  facet normal -0.906936 0.421269 0
    outer loop
      vertex 20.9881 -13.6885 30
      vertex 20.9724 -13.7223 29.4
      vertex 20.9724 -13.7223 30
    endloop
  endfacet
  facet normal -0.872431 0.488737 0
    outer loop
      vertex 20.9881 -13.6885 29.4
      vertex 21.0216 -13.6287 30
      vertex 21.0216 -13.6287 29.4
    endloop
  endfacet
  facet normal -0.872431 0.488737 0
    outer loop
      vertex 21.0216 -13.6287 30
      vertex 20.9881 -13.6885 29.4
      vertex 20.9881 -13.6885 30
    endloop
  endfacet
  facet normal -0.808927 0.587909 0
    outer loop
      vertex 21.0216 -13.6287 29.4
      vertex 21.0615 -13.5738 30
      vertex 21.0615 -13.5738 29.4
    endloop
  endfacet
  facet normal -0.808927 0.587909 0
    outer loop
      vertex 21.0615 -13.5738 30
      vertex 21.0216 -13.6287 29.4
      vertex 21.0216 -13.6287 30
    endloop
  endfacet
  facet normal -0.736049 0.676928 0
    outer loop
      vertex 21.0615 -13.5738 29.4
      vertex 21.1073 -13.524 30
      vertex 21.1073 -13.524 29.4
    endloop
  endfacet
  facet normal -0.736049 0.676928 0
    outer loop
      vertex 21.1073 -13.524 30
      vertex 21.0615 -13.5738 29.4
      vertex 21.0615 -13.5738 30
    endloop
  endfacet
  facet normal -0.656215 0.754574 0
    outer loop
      vertex 21.1587 -13.4793 29.4
      vertex 21.1073 -13.524 30
      vertex 21.1587 -13.4793 30
    endloop
  endfacet
  facet normal -0.656215 0.754574 0
    outer loop
      vertex 21.1073 -13.524 30
      vertex 21.1587 -13.4793 29.4
      vertex 21.1073 -13.524 29.4
    endloop
  endfacet
  facet normal -0.568004 0.823026 0
    outer loop
      vertex 21.2155 -13.4401 29.4
      vertex 21.1587 -13.4793 30
      vertex 21.2155 -13.4401 30
    endloop
  endfacet
  facet normal -0.568004 0.823026 0
    outer loop
      vertex 21.1587 -13.4793 30
      vertex 21.2155 -13.4401 29.4
      vertex 21.1587 -13.4793 29.4
    endloop
  endfacet
  facet normal -0.47935 0.877624 0
    outer loop
      vertex 21.2772 -13.4064 29.4
      vertex 21.2155 -13.4401 30
      vertex 21.2772 -13.4064 30
    endloop
  endfacet
  facet normal -0.47935 0.877624 0
    outer loop
      vertex 21.2155 -13.4401 30
      vertex 21.2772 -13.4064 29.4
      vertex 21.2155 -13.4401 29.4
    endloop
  endfacet
  facet normal -0.388553 0.921426 0
    outer loop
      vertex 21.3436 -13.3784 29.4
      vertex 21.2772 -13.4064 30
      vertex 21.3436 -13.3784 30
    endloop
  endfacet
  facet normal -0.388553 0.921426 0
    outer loop
      vertex 21.2772 -13.4064 30
      vertex 21.3436 -13.3784 29.4
      vertex 21.2772 -13.4064 29.4
    endloop
  endfacet
  facet normal -0.298352 0.954456 0
    outer loop
      vertex 21.4143 -13.3563 29.4
      vertex 21.3436 -13.3784 30
      vertex 21.4143 -13.3563 30
    endloop
  endfacet
  facet normal -0.298352 0.954456 0
    outer loop
      vertex 21.3436 -13.3784 30
      vertex 21.4143 -13.3563 29.4
      vertex 21.3436 -13.3784 29.4
    endloop
  endfacet
  facet normal -0.208188 0.978089 0
    outer loop
      vertex 21.489 -13.3404 29.4
      vertex 21.4143 -13.3563 30
      vertex 21.489 -13.3404 30
    endloop
  endfacet
  facet normal -0.208188 0.978089 0
    outer loop
      vertex 21.4143 -13.3563 30
      vertex 21.489 -13.3404 29.4
      vertex 21.4143 -13.3563 29.4
    endloop
  endfacet
  facet normal -0.122788 0.992433 0
    outer loop
      vertex 21.5674 -13.3307 29.4
      vertex 21.489 -13.3404 30
      vertex 21.5674 -13.3307 30
    endloop
  endfacet
  facet normal -0.122788 0.992433 0
    outer loop
      vertex 21.489 -13.3404 30
      vertex 21.5674 -13.3307 29.4
      vertex 21.489 -13.3404 29.4
    endloop
  endfacet
  facet normal -0.0403095 0.999187 0
    outer loop
      vertex 21.6492 -13.3274 29.4
      vertex 21.5674 -13.3307 30
      vertex 21.6492 -13.3274 30
    endloop
  endfacet
  facet normal -0.0403095 0.999187 0
    outer loop
      vertex 21.5674 -13.3307 30
      vertex 21.6492 -13.3274 29.4
      vertex 21.5674 -13.3307 29.4
    endloop
  endfacet
  facet normal 0.0561503 0.998422 -0
    outer loop
      vertex 21.763 -13.3338 29.4
      vertex 21.6492 -13.3274 30
      vertex 21.763 -13.3338 30
    endloop
  endfacet
  facet normal 0.0561503 0.998422 0
    outer loop
      vertex 21.6492 -13.3274 30
      vertex 21.763 -13.3338 29.4
      vertex 21.6492 -13.3274 29.4
    endloop
  endfacet
  facet normal 0.177317 0.984154 -0
    outer loop
      vertex 21.8679 -13.3527 29.4
      vertex 21.763 -13.3338 30
      vertex 21.8679 -13.3527 30
    endloop
  endfacet
  facet normal 0.177317 0.984154 0
    outer loop
      vertex 21.763 -13.3338 30
      vertex 21.8679 -13.3527 29.4
      vertex 21.763 -13.3338 29.4
    endloop
  endfacet
  facet normal 0.309356 0.950946 -0
    outer loop
      vertex 21.9635 -13.3838 29.4
      vertex 21.8679 -13.3527 30
      vertex 21.9635 -13.3838 30
    endloop
  endfacet
  facet normal 0.309356 0.950946 0
    outer loop
      vertex 21.8679 -13.3527 30
      vertex 21.9635 -13.3838 29.4
      vertex 21.8679 -13.3527 29.4
    endloop
  endfacet
  facet normal 0.447214 0.894427 -0
    outer loop
      vertex 22.0493 -13.4267 29.4
      vertex 21.9635 -13.3838 30
      vertex 22.0493 -13.4267 30
    endloop
  endfacet
  facet normal 0.447214 0.894427 0
    outer loop
      vertex 21.9635 -13.3838 30
      vertex 22.0493 -13.4267 29.4
      vertex 21.9635 -13.3838 29.4
    endloop
  endfacet
  facet normal 0.582152 0.81308 -0
    outer loop
      vertex 22.125 -13.4809 29.4
      vertex 22.0493 -13.4267 30
      vertex 22.125 -13.4809 30
    endloop
  endfacet
  facet normal 0.582152 0.81308 0
    outer loop
      vertex 22.0493 -13.4267 30
      vertex 22.125 -13.4809 29.4
      vertex 22.0493 -13.4267 29.4
    endloop
  endfacet
  facet normal 0.707107 0.707107 0
    outer loop
      vertex 22.1901 -13.546 30
      vertex 22.125 -13.4809 29.4
      vertex 22.125 -13.4809 30
    endloop
  endfacet
  facet normal 0.707107 0.707107 0
    outer loop
      vertex 22.125 -13.4809 29.4
      vertex 22.1901 -13.546 30
      vertex 22.1901 -13.546 29.4
    endloop
  endfacet
  facet normal 0.81308 0.582152 0
    outer loop
      vertex 22.2443 -13.6217 30
      vertex 22.1901 -13.546 29.4
      vertex 22.1901 -13.546 30
    endloop
  endfacet
  facet normal 0.81308 0.582152 0
    outer loop
      vertex 22.1901 -13.546 29.4
      vertex 22.2443 -13.6217 30
      vertex 22.2443 -13.6217 29.4
    endloop
  endfacet
  facet normal 0.894427 0.447214 0
    outer loop
      vertex 22.2872 -13.7075 30
      vertex 22.2443 -13.6217 29.4
      vertex 22.2443 -13.6217 30
    endloop
  endfacet
  facet normal 0.894427 0.447214 0
    outer loop
      vertex 22.2443 -13.6217 29.4
      vertex 22.2872 -13.7075 30
      vertex 22.2872 -13.7075 29.4
    endloop
  endfacet
  facet normal 0.950946 0.309356 0
    outer loop
      vertex 22.3183 -13.8031 30
      vertex 22.2872 -13.7075 29.4
      vertex 22.2872 -13.7075 30
    endloop
  endfacet
  facet normal 0.950946 0.309356 0
    outer loop
      vertex 22.2872 -13.7075 29.4
      vertex 22.3183 -13.8031 30
      vertex 22.3183 -13.8031 29.4
    endloop
  endfacet
  facet normal 0.984154 0.177317 0
    outer loop
      vertex 22.3372 -13.908 30
      vertex 22.3183 -13.8031 29.4
      vertex 22.3183 -13.8031 30
    endloop
  endfacet
  facet normal 0.984154 0.177317 0
    outer loop
      vertex 22.3183 -13.8031 29.4
      vertex 22.3372 -13.908 30
      vertex 22.3372 -13.908 29.4
    endloop
  endfacet
  facet normal 0.998422 0.0561503 0
    outer loop
      vertex 22.3436 -14.0218 30
      vertex 22.3372 -13.908 29.4
      vertex 22.3372 -13.908 30
    endloop
  endfacet
  facet normal 0.998422 0.0561503 0
    outer loop
      vertex 22.3372 -13.908 29.4
      vertex 22.3436 -14.0218 30
      vertex 22.3436 -14.0218 29.4
    endloop
  endfacet
  facet normal 0.999439 -0.0334933 0
    outer loop
      vertex 22.3411 -14.0964 30
      vertex 22.3436 -14.0218 29.4
      vertex 22.3436 -14.0218 30
    endloop
  endfacet
  facet normal 0.999439 -0.0334933 0
    outer loop
      vertex 22.3436 -14.0218 29.4
      vertex 22.3411 -14.0964 30
      vertex 22.3411 -14.0964 29.4
    endloop
  endfacet
  facet normal 0.994161 -0.107905 0
    outer loop
      vertex 22.3336 -14.1655 30
      vertex 22.3411 -14.0964 29.4
      vertex 22.3411 -14.0964 30
    endloop
  endfacet
  facet normal 0.994161 -0.107905 0
    outer loop
      vertex 22.3411 -14.0964 29.4
      vertex 22.3336 -14.1655 30
      vertex 22.3336 -14.1655 29.4
    endloop
  endfacet
  facet normal 0.981166 -0.193167 0
    outer loop
      vertex 22.321 -14.2295 30
      vertex 22.3336 -14.1655 29.4
      vertex 22.3336 -14.1655 30
    endloop
  endfacet
  facet normal 0.981166 -0.193167 0
    outer loop
      vertex 22.3336 -14.1655 29.4
      vertex 22.321 -14.2295 30
      vertex 22.321 -14.2295 29.4
    endloop
  endfacet
  facet normal 0.957243 -0.289286 0
    outer loop
      vertex 22.3032 -14.2884 30
      vertex 22.321 -14.2295 29.4
      vertex 22.321 -14.2295 30
    endloop
  endfacet
  facet normal 0.957243 -0.289286 0
    outer loop
      vertex 22.321 -14.2295 29.4
      vertex 22.3032 -14.2884 30
      vertex 22.3032 -14.2884 29.4
    endloop
  endfacet
  facet normal 0.919409 -0.393303 0
    outer loop
      vertex 22.2801 -14.3424 30
      vertex 22.3032 -14.2884 29.4
      vertex 22.3032 -14.2884 30
    endloop
  endfacet
  facet normal 0.919409 -0.393303 0
    outer loop
      vertex 22.3032 -14.2884 29.4
      vertex 22.2801 -14.3424 30
      vertex 22.2801 -14.3424 29.4
    endloop
  endfacet
  facet normal 0.866507 -0.499164 0
    outer loop
      vertex 22.2517 -14.3917 30
      vertex 22.2801 -14.3424 29.4
      vertex 22.2801 -14.3424 30
    endloop
  endfacet
  facet normal 0.866507 -0.499164 0
    outer loop
      vertex 22.2801 -14.3424 29.4
      vertex 22.2517 -14.3917 30
      vertex 22.2517 -14.3917 29.4
    endloop
  endfacet
  facet normal 0.796128 -0.605129 0
    outer loop
      vertex 22.2178 -14.4363 30
      vertex 22.2517 -14.3917 29.4
      vertex 22.2517 -14.3917 30
    endloop
  endfacet
  facet normal 0.796128 -0.605129 0
    outer loop
      vertex 22.2517 -14.3917 29.4
      vertex 22.2178 -14.4363 30
      vertex 22.2178 -14.4363 29.4
    endloop
  endfacet
  facet normal 0.715066 -0.699057 0
    outer loop
      vertex 22.1785 -14.4765 30
      vertex 22.2178 -14.4363 29.4
      vertex 22.2178 -14.4363 30
    endloop
  endfacet
  facet normal 0.715066 -0.699057 0
    outer loop
      vertex 22.2178 -14.4363 29.4
      vertex 22.1785 -14.4765 30
      vertex 22.1785 -14.4765 29.4
    endloop
  endfacet
  facet normal 0.625332 -0.780359 0
    outer loop
      vertex 22.1337 -14.5124 29.4
      vertex 22.1785 -14.4765 30
      vertex 22.1337 -14.5124 30
    endloop
  endfacet
  facet normal 0.625332 -0.780359 0
    outer loop
      vertex 22.1785 -14.4765 30
      vertex 22.1337 -14.5124 29.4
      vertex 22.1785 -14.4765 29.4
    endloop
  endfacet
  facet normal 0.531656 -0.84696 0
    outer loop
      vertex 22.0832 -14.5441 29.4
      vertex 22.1337 -14.5124 30
      vertex 22.0832 -14.5441 30
    endloop
  endfacet
  facet normal 0.531656 -0.84696 0
    outer loop
      vertex 22.1337 -14.5124 30
      vertex 22.0832 -14.5441 29.4
      vertex 22.1337 -14.5124 29.4
    endloop
  endfacet
  facet normal 0.441467 -0.897278 0
    outer loop
      vertex 22.0269 -14.5718 29.4
      vertex 22.0832 -14.5441 30
      vertex 22.0269 -14.5718 30
    endloop
  endfacet
  facet normal 0.441467 -0.897278 0
    outer loop
      vertex 22.0832 -14.5441 30
      vertex 22.0269 -14.5718 29.4
      vertex 22.0832 -14.5441 29.4
    endloop
  endfacet
  facet normal 0.358479 -0.933538 0
    outer loop
      vertex 21.9894 -14.5862 29.4
      vertex 22.0269 -14.5718 30
      vertex 21.9894 -14.5862 30
    endloop
  endfacet
  facet normal 0.358479 -0.933538 0
    outer loop
      vertex 22.0269 -14.5718 30
      vertex 21.9894 -14.5862 29.4
      vertex 22.0269 -14.5718 29.4
    endloop
  endfacet
  facet normal 0.300565 -0.953761 0
    outer loop
      vertex 21.9491 -14.5989 29.4
      vertex 21.9894 -14.5862 30
      vertex 21.9491 -14.5989 30
    endloop
  endfacet
  facet normal 0.300565 -0.953761 0
    outer loop
      vertex 21.9894 -14.5862 30
      vertex 21.9491 -14.5989 29.4
      vertex 21.9894 -14.5862 29.4
    endloop
  endfacet
  facet normal 0.251425 -0.967877 0
    outer loop
      vertex 21.9056 -14.6102 29.4
      vertex 21.9491 -14.5989 30
      vertex 21.9056 -14.6102 30
    endloop
  endfacet
  facet normal 0.251425 -0.967877 0
    outer loop
      vertex 21.9491 -14.5989 30
      vertex 21.9056 -14.6102 29.4
      vertex 21.9491 -14.5989 29.4
    endloop
  endfacet
  facet normal 0.202879 -0.979204 0
    outer loop
      vertex 21.8583 -14.62 29.4
      vertex 21.9056 -14.6102 30
      vertex 21.8583 -14.62 30
    endloop
  endfacet
  facet normal 0.202879 -0.979204 0
    outer loop
      vertex 21.9056 -14.6102 30
      vertex 21.8583 -14.62 29.4
      vertex 21.9056 -14.6102 29.4
    endloop
  endfacet
  facet normal 0.162232 -0.986753 0
    outer loop
      vertex 21.8066 -14.6285 29.4
      vertex 21.8583 -14.62 30
      vertex 21.8066 -14.6285 30
    endloop
  endfacet
  facet normal 0.162232 -0.986753 0
    outer loop
      vertex 21.8583 -14.62 30
      vertex 21.8066 -14.6285 29.4
      vertex 21.8583 -14.62 29.4
    endloop
  endfacet
  facet normal 0.126632 -0.99195 0
    outer loop
      vertex 21.7502 -14.6357 29.4
      vertex 21.8066 -14.6285 30
      vertex 21.7502 -14.6357 30
    endloop
  endfacet
  facet normal 0.126632 -0.99195 0
    outer loop
      vertex 21.8066 -14.6285 30
      vertex 21.7502 -14.6357 29.4
      vertex 21.8066 -14.6285 29.4
    endloop
  endfacet
  facet normal 0.096633 -0.99532 0
    outer loop
      vertex 21.6884 -14.6417 29.4
      vertex 21.7502 -14.6357 30
      vertex 21.6884 -14.6417 30
    endloop
  endfacet
  facet normal 0.096633 -0.99532 0
    outer loop
      vertex 21.7502 -14.6357 30
      vertex 21.6884 -14.6417 29.4
      vertex 21.7502 -14.6357 29.4
    endloop
  endfacet
  facet normal 0.0707235 -0.997496 0
    outer loop
      vertex 21.6207 -14.6465 29.4
      vertex 21.6884 -14.6417 30
      vertex 21.6207 -14.6465 30
    endloop
  endfacet
  facet normal 0.0707235 -0.997496 0
    outer loop
      vertex 21.6884 -14.6417 30
      vertex 21.6207 -14.6465 29.4
      vertex 21.6884 -14.6417 29.4
    endloop
  endfacet
  facet normal 0.0524882 -0.998622 0
    outer loop
      vertex 21.5465 -14.6504 29.4
      vertex 21.6207 -14.6465 30
      vertex 21.5465 -14.6504 30
    endloop
  endfacet
  facet normal 0.0524882 -0.998622 0
    outer loop
      vertex 21.6207 -14.6465 30
      vertex 21.5465 -14.6504 29.4
      vertex 21.6207 -14.6465 29.4
    endloop
  endfacet
  facet normal 0.0345473 -0.999403 0
    outer loop
      vertex 21.4655 -14.6532 29.4
      vertex 21.5465 -14.6504 30
      vertex 21.4655 -14.6532 30
    endloop
  endfacet
  facet normal 0.0345473 -0.999403 0
    outer loop
      vertex 21.5465 -14.6504 30
      vertex 21.4655 -14.6532 29.4
      vertex 21.5465 -14.6504 29.4
    endloop
  endfacet
  facet normal 0.021464 -0.99977 0
    outer loop
      vertex 21.377 -14.6551 29.4
      vertex 21.4655 -14.6532 30
      vertex 21.377 -14.6551 30
    endloop
  endfacet
  facet normal 0.021464 -0.99977 0
    outer loop
      vertex 21.4655 -14.6532 30
      vertex 21.377 -14.6551 29.4
      vertex 21.4655 -14.6532 29.4
    endloop
  endfacet
  facet normal 1 -0 0
    outer loop
      vertex 21.377 -15.0662 30
      vertex 21.377 -14.6551 29.4
      vertex 21.377 -14.6551 30
    endloop
  endfacet
  facet normal 1 0 0
    outer loop
      vertex 21.377 -14.6551 29.4
      vertex 21.377 -15.0662 30
      vertex 21.377 -15.0662 29.4
    endloop
  endfacet
  facet normal 0 1 -0
    outer loop
      vertex 21.6436 -15.0662 29.4
      vertex 21.377 -15.0662 30
      vertex 21.6436 -15.0662 30
    endloop
  endfacet
  facet normal 0 1 0
    outer loop
      vertex 21.377 -15.0662 30
      vertex 21.6436 -15.0662 29.4
      vertex 21.377 -15.0662 29.4
    endloop
  endfacet
  facet normal 0.0444642 0.999011 -0
    outer loop
      vertex 21.7829 -15.0724 29.4
      vertex 21.6436 -15.0662 30
      vertex 21.7829 -15.0724 30
    endloop
  endfacet
  facet normal 0.0444642 0.999011 0
    outer loop
      vertex 21.6436 -15.0662 30
      vertex 21.7829 -15.0724 29.4
      vertex 21.6436 -15.0662 29.4
    endloop
  endfacet
  facet normal 0.144594 0.989491 -0
    outer loop
      vertex 21.9095 -15.0909 29.4
      vertex 21.7829 -15.0724 30
      vertex 21.9095 -15.0909 30
    endloop
  endfacet
  facet normal 0.144594 0.989491 0
    outer loop
      vertex 21.7829 -15.0724 30
      vertex 21.9095 -15.0909 29.4
      vertex 21.7829 -15.0724 29.4
    endloop
  endfacet
  facet normal 0.260824 0.965386 -0
    outer loop
      vertex 22.0235 -15.1217 29.4
      vertex 21.9095 -15.0909 30
      vertex 22.0235 -15.1217 30
    endloop
  endfacet
  facet normal 0.260824 0.965386 0
    outer loop
      vertex 21.9095 -15.0909 30
      vertex 22.0235 -15.1217 29.4
      vertex 21.9095 -15.0909 29.4
    endloop
  endfacet
  facet normal 0.390293 0.920691 -0
    outer loop
      vertex 22.1247 -15.1646 29.4
      vertex 22.0235 -15.1217 30
      vertex 22.1247 -15.1646 30
    endloop
  endfacet
  facet normal 0.390293 0.920691 0
    outer loop
      vertex 22.0235 -15.1217 30
      vertex 22.1247 -15.1646 29.4
      vertex 22.0235 -15.1217 29.4
    endloop
  endfacet
  facet normal 0.529566 0.848269 -0
    outer loop
      vertex 22.2128 -15.2196 29.4
      vertex 22.1247 -15.1646 30
      vertex 22.2128 -15.2196 30
    endloop
  endfacet
  facet normal 0.529566 0.848269 0
    outer loop
      vertex 22.1247 -15.1646 30
      vertex 22.2128 -15.2196 29.4
      vertex 22.1247 -15.1646 29.4
    endloop
  endfacet
  facet normal 0.666766 0.745267 -0
    outer loop
      vertex 22.2878 -15.2867 29.4
      vertex 22.2128 -15.2196 30
      vertex 22.2878 -15.2867 30
    endloop
  endfacet
  facet normal 0.666766 0.745267 0
    outer loop
      vertex 22.2128 -15.2196 30
      vertex 22.2878 -15.2867 29.4
      vertex 22.2128 -15.2196 29.4
    endloop
  endfacet
  facet normal 0.788115 0.615528 0
    outer loop
      vertex 22.3495 -15.3657 30
      vertex 22.2878 -15.2867 29.4
      vertex 22.2878 -15.2867 30
    endloop
  endfacet
  facet normal 0.788115 0.615528 0
    outer loop
      vertex 22.2878 -15.2867 29.4
      vertex 22.3495 -15.3657 30
      vertex 22.3495 -15.3657 29.4
    endloop
  endfacet
  facet normal 0.882864 0.469629 0
    outer loop
      vertex 22.3978 -15.4565 30
      vertex 22.3495 -15.3657 29.4
      vertex 22.3495 -15.3657 30
    endloop
  endfacet
  facet normal 0.882864 0.469629 0
    outer loop
      vertex 22.3495 -15.3657 29.4
      vertex 22.3978 -15.4565 30
      vertex 22.3978 -15.4565 29.4
    endloop
  endfacet
  facet normal 0.947663 0.319271 0
    outer loop
      vertex 22.4324 -15.5592 30
      vertex 22.3978 -15.4565 29.4
      vertex 22.3978 -15.4565 30
    endloop
  endfacet
  facet normal 0.947663 0.319271 0
    outer loop
      vertex 22.3978 -15.4565 29.4
      vertex 22.4324 -15.5592 30
      vertex 22.4324 -15.5592 29.4
    endloop
  endfacet
  facet normal 0.98369 0.17987 0
    outer loop
      vertex 22.4533 -15.6735 30
      vertex 22.4324 -15.5592 29.4
      vertex 22.4324 -15.5592 30
    endloop
  endfacet
  facet normal 0.98369 0.17987 0
    outer loop
      vertex 22.4324 -15.5592 29.4
      vertex 22.4533 -15.6735 30
      vertex 22.4533 -15.6735 29.4
    endloop
  endfacet
  facet normal 0.998463 0.0554262 0
    outer loop
      vertex 22.4603 -15.7996 30
      vertex 22.4533 -15.6735 29.4
      vertex 22.4533 -15.6735 30
    endloop
  endfacet
  facet normal 0.998463 0.0554262 0
    outer loop
      vertex 22.4533 -15.6735 29.4
      vertex 22.4603 -15.7996 30
      vertex 22.4603 -15.7996 29.4
    endloop
  endfacet
  facet normal 0.998409 -0.0563861 0
    outer loop
      vertex 22.4528 -15.9324 30
      vertex 22.4603 -15.7996 29.4
      vertex 22.4603 -15.7996 30
    endloop
  endfacet
  facet normal 0.998409 -0.0563861 0
    outer loop
      vertex 22.4603 -15.7996 29.4
      vertex 22.4528 -15.9324 30
      vertex 22.4528 -15.9324 29.4
    endloop
  endfacet
  facet normal 0.983973 -0.17832 0
    outer loop
      vertex 22.4306 -16.0549 30
      vertex 22.4528 -15.9324 29.4
      vertex 22.4528 -15.9324 30
    endloop
  endfacet
  facet normal 0.983973 -0.17832 0
    outer loop
      vertex 22.4528 -15.9324 29.4
      vertex 22.4306 -16.0549 30
      vertex 22.4306 -16.0549 29.4
    endloop
  endfacet
  facet normal 0.950877 -0.309568 0
    outer loop
      vertex 22.3943 -16.1664 30
      vertex 22.4306 -16.0549 29.4
      vertex 22.4306 -16.0549 30
    endloop
  endfacet
  facet normal 0.950877 -0.309568 0
    outer loop
      vertex 22.4306 -16.0549 29.4
      vertex 22.3943 -16.1664 30
      vertex 22.3943 -16.1664 29.4
    endloop
  endfacet
  facet normal 0.894606 -0.446857 0
    outer loop
      vertex 22.3442 -16.2667 30
      vertex 22.3943 -16.1664 29.4
      vertex 22.3943 -16.1664 30
    endloop
  endfacet
  facet normal 0.894606 -0.446857 0
    outer loop
      vertex 22.3943 -16.1664 29.4
      vertex 22.3442 -16.2667 30
      vertex 22.3442 -16.2667 29.4
    endloop
  endfacet
  facet normal 0.812614 -0.582802 0
    outer loop
      vertex 22.2808 -16.3551 30
      vertex 22.3442 -16.2667 29.4
      vertex 22.3442 -16.2667 30
    endloop
  endfacet
  facet normal 0.812614 -0.582802 0
    outer loop
      vertex 22.3442 -16.2667 29.4
      vertex 22.2808 -16.3551 30
      vertex 22.2808 -16.3551 29.4
    endloop
  endfacet
  facet normal 0.707107 -0.707107 0
    outer loop
      vertex 22.2047 -16.4312 30
      vertex 22.2808 -16.3551 29.4
      vertex 22.2808 -16.3551 30
    endloop
  endfacet
  facet normal 0.707107 -0.707107 0
    outer loop
      vertex 22.2808 -16.3551 29.4
      vertex 22.2047 -16.4312 30
      vertex 22.2047 -16.4312 29.4
    endloop
  endfacet
  facet normal 0.582195 -0.813049 0
    outer loop
      vertex 22.1163 -16.4945 29.4
      vertex 22.2047 -16.4312 30
      vertex 22.1163 -16.4945 30
    endloop
  endfacet
  facet normal 0.582195 -0.813049 0
    outer loop
      vertex 22.2047 -16.4312 30
      vertex 22.1163 -16.4945 29.4
      vertex 22.2047 -16.4312 29.4
    endloop
  endfacet
  facet normal 0.447214 -0.894427 0
    outer loop
      vertex 22.0161 -16.5446 29.4
      vertex 22.1163 -16.4945 30
      vertex 22.0161 -16.5446 30
    endloop
  endfacet
  facet normal 0.447214 -0.894427 0
    outer loop
      vertex 22.1163 -16.4945 30
      vertex 22.0161 -16.5446 29.4
      vertex 22.1163 -16.4945 29.4
    endloop
  endfacet
  facet normal 0.310088 -0.950708 0
    outer loop
      vertex 21.9045 -16.581 29.4
      vertex 22.0161 -16.5446 30
      vertex 21.9045 -16.581 30
    endloop
  endfacet
  facet normal 0.310088 -0.950708 0
    outer loop
      vertex 22.0161 -16.5446 30
      vertex 21.9045 -16.581 29.4
      vertex 22.0161 -16.5446 29.4
    endloop
  endfacet
  facet normal 0.17832 -0.983973 0
    outer loop
      vertex 21.782 -16.6032 29.4
      vertex 21.9045 -16.581 30
      vertex 21.782 -16.6032 30
    endloop
  endfacet
  facet normal 0.17832 -0.983973 0
    outer loop
      vertex 21.9045 -16.581 30
      vertex 21.782 -16.6032 29.4
      vertex 21.9045 -16.581 29.4
    endloop
  endfacet
  facet normal 0.0563861 -0.998409 0
    outer loop
      vertex 21.6492 -16.6107 29.4
      vertex 21.782 -16.6032 30
      vertex 21.6492 -16.6107 30
    endloop
  endfacet
  facet normal 0.0563861 -0.998409 0
    outer loop
      vertex 21.782 -16.6032 30
      vertex 21.6492 -16.6107 29.4
      vertex 21.782 -16.6032 29.4
    endloop
  endfacet
  facet normal -0.0484797 -0.998824 0
    outer loop
      vertex 21.5091 -16.6039 29.4
      vertex 21.6492 -16.6107 30
      vertex 21.5091 -16.6039 30
    endloop
  endfacet
  facet normal -0.0484797 -0.998824 -0
    outer loop
      vertex 21.6492 -16.6107 30
      vertex 21.5091 -16.6039 29.4
      vertex 21.6492 -16.6107 29.4
    endloop
  endfacet
  facet normal -0.159845 -0.987142 0
    outer loop
      vertex 21.3825 -16.5834 29.4
      vertex 21.5091 -16.6039 30
      vertex 21.3825 -16.5834 30
    endloop
  endfacet
  facet normal -0.159845 -0.987142 -0
    outer loop
      vertex 21.5091 -16.6039 30
      vertex 21.3825 -16.5834 29.4
      vertex 21.5091 -16.6039 29.4
    endloop
  endfacet
  facet normal -0.290758 -0.956797 0
    outer loop
      vertex 21.2693 -16.549 29.4
      vertex 21.3825 -16.5834 30
      vertex 21.2693 -16.549 30
    endloop
  endfacet
  facet normal -0.290758 -0.956797 -0
    outer loop
      vertex 21.3825 -16.5834 30
      vertex 21.2693 -16.549 29.4
      vertex 21.3825 -16.5834 29.4
    endloop
  endfacet
  facet normal -0.43495 -0.900455 0
    outer loop
      vertex 21.1691 -16.5006 29.4
      vertex 21.2693 -16.549 30
      vertex 21.1691 -16.5006 30
    endloop
  endfacet
  facet normal -0.43495 -0.900455 -0
    outer loop
      vertex 21.2693 -16.549 30
      vertex 21.1691 -16.5006 29.4
      vertex 21.2693 -16.549 29.4
    endloop
  endfacet
  facet normal -0.583962 -0.811781 0
    outer loop
      vertex 21.0818 -16.4378 29.4
      vertex 21.1691 -16.5006 30
      vertex 21.0818 -16.4378 30
    endloop
  endfacet
  facet normal -0.583962 -0.811781 -0
    outer loop
      vertex 21.1691 -16.5006 30
      vertex 21.0818 -16.4378 29.4
      vertex 21.1691 -16.5006 29.4
    endloop
  endfacet
  facet normal -0.719562 -0.694428 0
    outer loop
      vertex 21.0818 -16.4378 29.4
      vertex 21.0072 -16.3605 30
      vertex 21.0072 -16.3605 29.4
    endloop
  endfacet
  facet normal -0.719562 -0.694428 0
    outer loop
      vertex 21.0072 -16.3605 30
      vertex 21.0818 -16.4378 29.4
      vertex 21.0818 -16.4378 30
    endloop
  endfacet
  facet normal -0.828431 -0.560091 0
    outer loop
      vertex 21.0072 -16.3605 29.4
      vertex 20.945 -16.2685 30
      vertex 20.945 -16.2685 29.4
    endloop
  endfacet
  facet normal -0.828431 -0.560091 0
    outer loop
      vertex 20.945 -16.2685 30
      vertex 21.0072 -16.3605 29.4
      vertex 21.0072 -16.3605 30
    endloop
  endfacet
  facet normal -0.905815 -0.423674 0
    outer loop
      vertex 20.945 -16.2685 29.4
      vertex 20.895 -16.1616 30
      vertex 20.895 -16.1616 29.4
    endloop
  endfacet
  facet normal -0.905815 -0.423674 0
    outer loop
      vertex 20.895 -16.1616 30
      vertex 20.945 -16.2685 29.4
      vertex 20.945 -16.2685 30
    endloop
  endfacet
  facet normal -0.954536 -0.298097 0
    outer loop
      vertex 20.895 -16.1616 29.4
      vertex 20.8569 -16.0396 30
      vertex 20.8569 -16.0396 29.4
    endloop
  endfacet
  facet normal -0.954536 -0.298097 0
    outer loop
      vertex 20.8569 -16.0396 30
      vertex 20.895 -16.1616 29.4
      vertex 20.895 -16.1616 30
    endloop
  endfacet
  facet normal -0.982119 -0.188263 0
    outer loop
      vertex 20.8569 -16.0396 29.4
      vertex 20.8306 -15.9024 30
      vertex 20.8306 -15.9024 29.4
    endloop
  endfacet
  facet normal -0.982119 -0.188263 0
    outer loop
      vertex 20.8306 -15.9024 30
      vertex 20.8569 -16.0396 29.4
      vertex 20.8569 -16.0396 30
    endloop
  endfacet
  facet normal -0.995404 -0.0957621 0
    outer loop
      vertex 20.8306 -15.9024 29.4
      vertex 20.8159 -15.7496 30
      vertex 20.8159 -15.7496 29.4
    endloop
  endfacet
  facet normal -0.995404 -0.0957621 0
    outer loop
      vertex 20.8159 -15.7496 30
      vertex 20.8306 -15.9024 29.4
      vertex 20.8306 -15.9024 30
    endloop
  endfacet
  facet normal 0 -1 0
    outer loop
      vertex 20.327 -15.7496 29.4
      vertex 20.8159 -15.7496 30
      vertex 20.327 -15.7496 30
    endloop
  endfacet
  facet normal 0 -1 -0
    outer loop
      vertex 20.8159 -15.7496 30
      vertex 20.327 -15.7496 29.4
      vertex 20.8159 -15.7496 29.4
    endloop
  endfacet
  facet normal 0.996823 0.0796521 0
    outer loop
      vertex 20.3338 -15.8347 30
      vertex 20.327 -15.7496 29.4
      vertex 20.327 -15.7496 30
    endloop
  endfacet
  facet normal 0.996823 0.0796521 0
    outer loop
      vertex 20.327 -15.7496 29.4
      vertex 20.3338 -15.8347 30
      vertex 20.3338 -15.8347 29.4
    endloop
  endfacet
  facet normal 0.994286 0.106752 0
    outer loop
      vertex 20.3424 -15.9148 30
      vertex 20.3338 -15.8347 29.4
      vertex 20.3338 -15.8347 30
    endloop
  endfacet
  facet normal 0.994286 0.106752 0
    outer loop
      vertex 20.3338 -15.8347 29.4
      vertex 20.3424 -15.9148 30
      vertex 20.3424 -15.9148 29.4
    endloop
  endfacet
  facet normal 0.99075 0.135701 0
    outer loop
      vertex 20.3527 -15.99 30
      vertex 20.3424 -15.9148 29.4
      vertex 20.3424 -15.9148 30
    endloop
  endfacet
  facet normal 0.99075 0.135701 0
    outer loop
      vertex 20.3424 -15.9148 29.4
      vertex 20.3527 -15.99 30
      vertex 20.3527 -15.99 29.4
    endloop
  endfacet
  facet normal 0.985939 0.167108 0
    outer loop
      vertex 20.3647 -16.0608 30
      vertex 20.3527 -15.99 29.4
      vertex 20.3527 -15.99 30
    endloop
  endfacet
  facet normal 0.985939 0.167108 0
    outer loop
      vertex 20.3527 -15.99 29.4
      vertex 20.3647 -16.0608 30
      vertex 20.3647 -16.0608 29.4
    endloop
  endfacet
  facet normal 0.979491 0.201487 0
    outer loop
      vertex 20.3784 -16.1274 30
      vertex 20.3647 -16.0608 29.4
      vertex 20.3647 -16.0608 30
    endloop
  endfacet
  facet normal 0.979491 0.201487 0
    outer loop
      vertex 20.3647 -16.0608 29.4
      vertex 20.3784 -16.1274 30
      vertex 20.3784 -16.1274 29.4
    endloop
  endfacet
  facet normal 0.970595 0.24072 0
    outer loop
      vertex 20.394 -16.1903 30
      vertex 20.3784 -16.1274 29.4
      vertex 20.3784 -16.1274 30
    endloop
  endfacet
  facet normal 0.970595 0.24072 0
    outer loop
      vertex 20.3784 -16.1274 29.4
      vertex 20.394 -16.1903 30
      vertex 20.394 -16.1903 29.4
    endloop
  endfacet
  facet normal 0.960235 0.279194 0
    outer loop
      vertex 20.4113 -16.2498 30
      vertex 20.394 -16.1903 29.4
      vertex 20.394 -16.1903 30
    endloop
  endfacet
  facet normal 0.960235 0.279194 0
    outer loop
      vertex 20.394 -16.1903 29.4
      vertex 20.4113 -16.2498 30
      vertex 20.4113 -16.2498 29.4
    endloop
  endfacet
  facet normal 0.94665 0.322264 0
    outer loop
      vertex 20.4305 -16.3062 30
      vertex 20.4113 -16.2498 29.4
      vertex 20.4113 -16.2498 30
    endloop
  endfacet
  facet normal 0.94665 0.322264 0
    outer loop
      vertex 20.4113 -16.2498 29.4
      vertex 20.4305 -16.3062 30
      vertex 20.4305 -16.3062 29.4
    endloop
  endfacet
  facet normal 0.93132 0.364203 0
    outer loop
      vertex 20.4515 -16.3599 30
      vertex 20.4305 -16.3062 29.4
      vertex 20.4305 -16.3062 30
    endloop
  endfacet
  facet normal 0.93132 0.364203 0
    outer loop
      vertex 20.4305 -16.3062 29.4
      vertex 20.4515 -16.3599 30
      vertex 20.4515 -16.3599 29.4
    endloop
  endfacet
  facet normal 0.913445 0.406963 0
    outer loop
      vertex 20.4744 -16.4113 30
      vertex 20.4515 -16.3599 29.4
      vertex 20.4515 -16.3599 30
    endloop
  endfacet
  facet normal 0.913445 0.406963 0
    outer loop
      vertex 20.4515 -16.3599 29.4
      vertex 20.4744 -16.4113 30
      vertex 20.4744 -16.4113 29.4
    endloop
  endfacet
  facet normal 0.893702 0.44866 0
    outer loop
      vertex 20.4992 -16.4607 30
      vertex 20.4744 -16.4113 29.4
      vertex 20.4744 -16.4113 30
    endloop
  endfacet
  facet normal 0.893702 0.44866 0
    outer loop
      vertex 20.4744 -16.4113 29.4
      vertex 20.4992 -16.4607 30
      vertex 20.4992 -16.4607 29.4
    endloop
  endfacet
  facet normal 0.858688 0.512498 0
    outer loop
      vertex 20.5596 -16.5619 30
      vertex 20.4992 -16.4607 29.4
      vertex 20.4992 -16.4607 30
    endloop
  endfacet
  facet normal 0.858688 0.512498 0
    outer loop
      vertex 20.4992 -16.4607 29.4
      vertex 20.5596 -16.5619 30
      vertex 20.5596 -16.5619 29.4
    endloop
  endfacet
  facet normal 0.797905 0.602784 0
    outer loop
      vertex 20.6288 -16.6535 30
      vertex 20.5596 -16.5619 29.4
      vertex 20.5596 -16.5619 30
    endloop
  endfacet
  facet normal 0.797905 0.602784 0
    outer loop
      vertex 20.5596 -16.5619 29.4
      vertex 20.6288 -16.6535 30
      vertex 20.6288 -16.6535 29.4
    endloop
  endfacet
  facet normal 0.725441 0.688284 0
    outer loop
      vertex 20.7066 -16.7355 30
      vertex 20.6288 -16.6535 29.4
      vertex 20.6288 -16.6535 30
    endloop
  endfacet
  facet normal 0.725441 0.688284 0
    outer loop
      vertex 20.6288 -16.6535 29.4
      vertex 20.7066 -16.7355 30
      vertex 20.7066 -16.7355 29.4
    endloop
  endfacet
  facet normal 0.642192 0.766544 -0
    outer loop
      vertex 20.7929 -16.8078 29.4
      vertex 20.7066 -16.7355 30
      vertex 20.7929 -16.8078 30
    endloop
  endfacet
  facet normal 0.642192 0.766544 0
    outer loop
      vertex 20.7066 -16.7355 30
      vertex 20.7929 -16.8078 29.4
      vertex 20.7066 -16.7355 29.4
    endloop
  endfacet
  facet normal 0.552056 0.833807 -0
    outer loop
      vertex 20.8876 -16.8705 29.4
      vertex 20.7929 -16.8078 30
      vertex 20.8876 -16.8705 30
    endloop
  endfacet
  facet normal 0.552056 0.833807 0
    outer loop
      vertex 20.7929 -16.8078 30
      vertex 20.8876 -16.8705 29.4
      vertex 20.7929 -16.8078 29.4
    endloop
  endfacet
  facet normal 0.457543 0.889187 -0
    outer loop
      vertex 20.9906 -16.9235 29.4
      vertex 20.8876 -16.8705 30
      vertex 20.9906 -16.9235 30
    endloop
  endfacet
  facet normal 0.457543 0.889187 0
    outer loop
      vertex 20.8876 -16.8705 30
      vertex 20.9906 -16.9235 29.4
      vertex 20.8876 -16.8705 29.4
    endloop
  endfacet
  facet normal 0.363294 0.931674 -0
    outer loop
      vertex 21.1019 -16.9669 29.4
      vertex 20.9906 -16.9235 30
      vertex 21.1019 -16.9669 30
    endloop
  endfacet
  facet normal 0.363294 0.931674 0
    outer loop
      vertex 20.9906 -16.9235 30
      vertex 21.1019 -16.9669 29.4
      vertex 20.9906 -16.9235 29.4
    endloop
  endfacet
  facet normal 0.271843 0.962342 -0
    outer loop
      vertex 21.2212 -17.0006 29.4
      vertex 21.1019 -16.9669 30
      vertex 21.2212 -17.0006 30
    endloop
  endfacet
  facet normal 0.271843 0.962342 0
    outer loop
      vertex 21.1019 -16.9669 30
      vertex 21.2212 -17.0006 29.4
      vertex 21.1019 -16.9669 29.4
    endloop
  endfacet
  facet normal 0.185872 0.982574 -0
    outer loop
      vertex 21.3486 -17.0247 29.4
      vertex 21.2212 -17.0006 30
      vertex 21.3486 -17.0247 30
    endloop
  endfacet
  facet normal 0.185872 0.982574 0
    outer loop
      vertex 21.2212 -17.0006 30
      vertex 21.3486 -17.0247 29.4
      vertex 21.2212 -17.0006 29.4
    endloop
  endfacet
  facet normal 0.106559 0.994306 -0
    outer loop
      vertex 21.4839 -17.0392 29.4
      vertex 21.3486 -17.0247 30
      vertex 21.4839 -17.0392 30
    endloop
  endfacet
  facet normal 0.106559 0.994306 0
    outer loop
      vertex 21.3486 -17.0247 30
      vertex 21.4839 -17.0392 29.4
      vertex 21.3486 -17.0247 29.4
    endloop
  endfacet
  facet normal 0.0335241 0.999438 -0
    outer loop
      vertex 21.627 -17.044 29.4
      vertex 21.4839 -17.0392 30
      vertex 21.627 -17.044 30
    endloop
  endfacet
  facet normal 0.0335241 0.999438 0
    outer loop
      vertex 21.4839 -17.0392 30
      vertex 21.627 -17.044 29.4
      vertex 21.4839 -17.0392 29.4
    endloop
  endfacet
  facet normal -0.056039 0.998429 0
    outer loop
      vertex 21.8408 -17.032 29.4
      vertex 21.627 -17.044 30
      vertex 21.8408 -17.032 30
    endloop
  endfacet
  facet normal -0.056039 0.998429 0
    outer loop
      vertex 21.627 -17.044 30
      vertex 21.8408 -17.032 29.4
      vertex 21.627 -17.044 29.4
    endloop
  endfacet
  facet normal 0.488662 -0.872473 0
    outer loop
      vertex 57.3875 4.2632 0
      vertex 57.73 4.45503 16.5
      vertex 57.3875 4.2632 16.5
    endloop
  endfacet
  facet normal 0.488662 -0.872473 0
    outer loop
      vertex 57.73 4.45503 16.5
      vertex 57.3875 4.2632 0
      vertex 57.73 4.45503 0
    endloop
  endfacet
  facet normal -0.993052 -0.117676 0
    outer loop
      vertex 64.9846 0.392295 0
      vertex 64.9384 0.782172 16.5
      vertex 64.9384 0.782172 0
    endloop
  endfacet
  facet normal -0.993052 -0.117676 0
    outer loop
      vertex 64.9384 0.782172 16.5
      vertex 64.9846 0.392295 0
      vertex 64.9846 0.392295 16.5
    endloop
  endfacet
  facet normal -0.99923 -0.039226 0
    outer loop
      vertex 65 0 0
      vertex 64.9846 0.392295 16.5
      vertex 64.9846 0.392295 0
    endloop
  endfacet
  facet normal -0.99923 -0.039226 0
    outer loop
      vertex 64.9846 0.392295 16.5
      vertex 65 0 0
      vertex 65 0 16.5
    endloop
  endfacet
  facet normal 0.195112 0.980781 -0
    outer loop
      vertex 59.2178 -4.93844 0
      vertex 58.8328 -4.86185 16.5
      vertex 59.2178 -4.93844 16.5
    endloop
  endfacet
  facet normal 0.195112 0.980781 0
    outer loop
      vertex 58.8328 -4.86185 16.5
      vertex 59.2178 -4.93844 0
      vertex 58.8328 -4.86185 0
    endloop
  endfacet
  facet normal 0.346133 -0.938186 0
    outer loop
      vertex 58.0866 4.6194 0
      vertex 58.4549 4.75528 16.5
      vertex 58.0866 4.6194 16.5
    endloop
  endfacet
  facet normal 0.346133 -0.938186 0
    outer loop
      vertex 58.4549 4.75528 16.5
      vertex 58.0866 4.6194 0
      vertex 58.4549 4.75528 0
    endloop
  endfacet
  facet normal -0.99923 0.039226 0
    outer loop
      vertex 64.9846 -0.392295 0
      vertex 65 0 16.5
      vertex 65 0 0
    endloop
  endfacet
  facet normal -0.99923 0.039226 0
    outer loop
      vertex 65 0 16.5
      vertex 64.9846 -0.392295 0
      vertex 64.9846 -0.392295 16.5
    endloop
  endfacet
  facet normal 0.734313 0.678811 0
    outer loop
      vertex 56.4645 -3.53553 16.5
      vertex 56.198 -3.24724 0
      vertex 56.198 -3.24724 16.5
    endloop
  endfacet
  facet normal 0.734313 0.678811 0
    outer loop
      vertex 56.198 -3.24724 0
      vertex 56.4645 -3.53553 16.5
      vertex 56.4645 -3.53553 0
    endloop
  endfacet
  facet normal 0.993052 0.117676 0
    outer loop
      vertex 55.0616 -0.782172 16.5
      vertex 55.0154 -0.392295 0
      vertex 55.0154 -0.392295 16.5
    endloop
  endfacet
  facet normal 0.993052 0.117676 0
    outer loop
      vertex 55.0154 -0.392295 0
      vertex 55.0616 -0.782172 16.5
      vertex 55.0616 -0.782172 0
    endloop
  endfacet
  facet normal 0.619103 -0.78531 0
    outer loop
      vertex 56.7528 3.80203 0
      vertex 57.0611 4.04508 16.5
      vertex 56.7528 3.80203 16.5
    endloop
  endfacet
  facet normal 0.619103 -0.78531 0
    outer loop
      vertex 57.0611 4.04508 16.5
      vertex 56.7528 3.80203 0
      vertex 57.0611 4.04508 0
    endloop
  endfacet
  facet normal -0.0392509 -0.999229 0
    outer loop
      vertex 60 5 0
      vertex 60.3923 4.98459 16.5
      vertex 60 5 16.5
    endloop
  endfacet
  facet normal -0.0392509 -0.999229 -0
    outer loop
      vertex 60.3923 4.98459 16.5
      vertex 60 5 0
      vertex 60.3923 4.98459 0
    endloop
  endfacet
  facet normal -0.962498 -0.271288 0
    outer loop
      vertex 64.8618 1.16723 0
      vertex 64.7553 1.54508 16.5
      vertex 64.7553 1.54508 0
    endloop
  endfacet
  facet normal -0.962498 -0.271288 0
    outer loop
      vertex 64.7553 1.54508 16.5
      vertex 64.8618 1.16723 0
      vertex 64.8618 1.16723 16.5
    endloop
  endfacet
  facet normal 0.99923 -0.039226 0
    outer loop
      vertex 55 0 16.5
      vertex 55.0154 0.392295 0
      vertex 55.0154 0.392295 16.5
    endloop
  endfacet
  facet normal 0.99923 -0.039226 0
    outer loop
      vertex 55.0154 0.392295 0
      vertex 55 0 16.5
      vertex 55 0 0
    endloop
  endfacet
  facet normal 0.555617 -0.831438 0
    outer loop
      vertex 57.0611 4.04508 0
      vertex 57.3875 4.2632 16.5
      vertex 57.0611 4.04508 16.5
    endloop
  endfacet
  facet normal 0.555617 -0.831438 0
    outer loop
      vertex 57.3875 4.2632 16.5
      vertex 57.0611 4.04508 0
      vertex 57.3875 4.2632 0
    endloop
  endfacet
  facet normal -0.962498 0.271288 0
    outer loop
      vertex 64.7553 -1.54508 0
      vertex 64.8618 -1.16723 16.5
      vertex 64.8618 -1.16723 0
    endloop
  endfacet
  facet normal -0.962498 0.271288 0
    outer loop
      vertex 64.8618 -1.16723 16.5
      vertex 64.7553 -1.54508 0
      vertex 64.7553 -1.54508 16.5
    endloop
  endfacet
  facet normal -0.785257 0.619169 0
    outer loop
      vertex 63.802 -3.24724 0
      vertex 64.0451 -2.93893 16.5
      vertex 64.0451 -2.93893 0
    endloop
  endfacet
  facet normal -0.785257 0.619169 0
    outer loop
      vertex 64.0451 -2.93893 16.5
      vertex 63.802 -3.24724 0
      vertex 63.802 -3.24724 16.5
    endloop
  endfacet
  facet normal 0.993052 -0.117676 0
    outer loop
      vertex 55.0154 0.392295 16.5
      vertex 55.0616 0.782172 0
      vertex 55.0616 0.782172 16.5
    endloop
  endfacet
  facet normal 0.993052 -0.117676 0
    outer loop
      vertex 55.0616 0.782172 0
      vertex 55.0154 0.392295 16.5
      vertex 55.0154 0.392295 0
    endloop
  endfacet
  facet normal -0.619103 -0.78531 0
    outer loop
      vertex 62.9389 4.04508 0
      vertex 63.2472 3.80203 16.5
      vertex 62.9389 4.04508 16.5
    endloop
  endfacet
  facet normal -0.619103 -0.78531 -0
    outer loop
      vertex 63.2472 3.80203 16.5
      vertex 62.9389 4.04508 0
      vertex 63.2472 3.80203 0
    endloop
  endfacet
  facet normal 0.0392509 -0.999229 0
    outer loop
      vertex 59.6077 4.98459 0
      vertex 60 5 16.5
      vertex 59.6077 4.98459 16.5
    endloop
  endfacet
  facet normal 0.0392509 -0.999229 0
    outer loop
      vertex 60 5 16.5
      vertex 59.6077 4.98459 0
      vertex 60 5 0
    endloop
  endfacet
  facet normal 0.831493 0.555535 0
    outer loop
      vertex 55.9549 -2.93893 16.5
      vertex 55.7368 -2.61249 0
      vertex 55.7368 -2.61249 16.5
    endloop
  endfacet
  facet normal 0.831493 0.555535 0
    outer loop
      vertex 55.7368 -2.61249 0
      vertex 55.9549 -2.93893 16.5
      vertex 55.9549 -2.93893 0
    endloop
  endfacet
  facet normal -0.488662 -0.872473 0
    outer loop
      vertex 62.27 4.45503 0
      vertex 62.6125 4.2632 16.5
      vertex 62.27 4.45503 16.5
    endloop
  endfacet
  facet normal -0.488662 -0.872473 -0
    outer loop
      vertex 62.6125 4.2632 16.5
      vertex 62.27 4.45503 0
      vertex 62.6125 4.2632 0
    endloop
  endfacet
  facet normal -0.195112 0.980781 0
    outer loop
      vertex 61.1672 -4.86185 0
      vertex 60.7822 -4.93844 16.5
      vertex 61.1672 -4.86185 16.5
    endloop
  endfacet
  facet normal -0.195112 0.980781 0
    outer loop
      vertex 60.7822 -4.93844 16.5
      vertex 61.1672 -4.86185 0
      vertex 60.7822 -4.93844 0
    endloop
  endfacet
  facet normal -0.619103 0.78531 0
    outer loop
      vertex 63.2472 -3.80203 0
      vertex 62.9389 -4.04508 16.5
      vertex 63.2472 -3.80203 16.5
    endloop
  endfacet
  facet normal -0.619103 0.78531 0
    outer loop
      vertex 62.9389 -4.04508 16.5
      vertex 63.2472 -3.80203 0
      vertex 62.9389 -4.04508 0
    endloop
  endfacet
  facet normal 0.418608 -0.908167 0
    outer loop
      vertex 57.73 4.45503 0
      vertex 58.0866 4.6194 16.5
      vertex 57.73 4.45503 16.5
    endloop
  endfacet
  facet normal 0.418608 -0.908167 0
    outer loop
      vertex 58.0866 4.6194 16.5
      vertex 57.73 4.45503 0
      vertex 58.0866 4.6194 0
    endloop
  endfacet
  facet normal 0.0392509 0.999229 -0
    outer loop
      vertex 60 -5 0
      vertex 59.6077 -4.98459 16.5
      vertex 60 -5 16.5
    endloop
  endfacet
  facet normal 0.0392509 0.999229 0
    outer loop
      vertex 59.6077 -4.98459 16.5
      vertex 60 -5 0
      vertex 59.6077 -4.98459 0
    endloop
  endfacet
  facet normal -0.908107 -0.418738 0
    outer loop
      vertex 64.6194 1.91342 0
      vertex 64.455 2.26995 16.5
      vertex 64.455 2.26995 0
    endloop
  endfacet
  facet normal -0.908107 -0.418738 0
    outer loop
      vertex 64.455 2.26995 16.5
      vertex 64.6194 1.91342 0
      vertex 64.6194 1.91342 16.5
    endloop
  endfacet
  facet normal -0.117543 0.993068 0
    outer loop
      vertex 60.7822 -4.93844 0
      vertex 60.3923 -4.98459 16.5
      vertex 60.7822 -4.93844 16.5
    endloop
  endfacet
  facet normal -0.117543 0.993068 0
    outer loop
      vertex 60.3923 -4.98459 16.5
      vertex 60.7822 -4.93844 0
      vertex 60.3923 -4.98459 0
    endloop
  endfacet
  facet normal 0.418608 0.908167 -0
    outer loop
      vertex 58.0866 -4.6194 0
      vertex 57.73 -4.45503 16.5
      vertex 58.0866 -4.6194 16.5
    endloop
  endfacet
  facet normal 0.418608 0.908167 0
    outer loop
      vertex 57.73 -4.45503 16.5
      vertex 58.0866 -4.6194 0
      vertex 57.73 -4.45503 0
    endloop
  endfacet
  facet normal -0.555617 -0.831438 0
    outer loop
      vertex 62.6125 4.2632 0
      vertex 62.9389 4.04508 16.5
      vertex 62.6125 4.2632 16.5
    endloop
  endfacet
  facet normal -0.555617 -0.831438 -0
    outer loop
      vertex 62.9389 4.04508 16.5
      vertex 62.6125 4.2632 0
      vertex 62.9389 4.04508 0
    endloop
  endfacet
  facet normal -0.27142 -0.962461 0
    outer loop
      vertex 61.1672 4.86185 0
      vertex 61.5451 4.75528 16.5
      vertex 61.1672 4.86185 16.5
    endloop
  endfacet
  facet normal -0.27142 -0.962461 -0
    outer loop
      vertex 61.5451 4.75528 16.5
      vertex 61.1672 4.86185 0
      vertex 61.5451 4.75528 0
    endloop
  endfacet
  facet normal 0.555617 0.831438 -0
    outer loop
      vertex 57.3875 -4.2632 0
      vertex 57.0611 -4.04508 16.5
      vertex 57.3875 -4.2632 16.5
    endloop
  endfacet
  facet normal 0.555617 0.831438 0
    outer loop
      vertex 57.0611 -4.04508 16.5
      vertex 57.3875 -4.2632 0
      vertex 57.0611 -4.04508 0
    endloop
  endfacet
  facet normal -0.980782 0.195108 0
    outer loop
      vertex 64.8618 -1.16723 0
      vertex 64.9384 -0.782172 16.5
      vertex 64.9384 -0.782172 0
    endloop
  endfacet
  facet normal -0.980782 0.195108 0
    outer loop
      vertex 64.9384 -0.782172 16.5
      vertex 64.8618 -1.16723 0
      vertex 64.8618 -1.16723 16.5
    endloop
  endfacet
  facet normal 0.488662 0.872473 -0
    outer loop
      vertex 57.73 -4.45503 0
      vertex 57.3875 -4.2632 16.5
      vertex 57.73 -4.45503 16.5
    endloop
  endfacet
  facet normal 0.488662 0.872473 0
    outer loop
      vertex 57.3875 -4.2632 16.5
      vertex 57.73 -4.45503 0
      vertex 57.3875 -4.2632 0
    endloop
  endfacet
  facet normal 0.938181 -0.346144 0
    outer loop
      vertex 55.2447 1.54508 16.5
      vertex 55.3806 1.91342 0
      vertex 55.3806 1.91342 16.5
    endloop
  endfacet
  facet normal 0.938181 -0.346144 0
    outer loop
      vertex 55.3806 1.91342 0
      vertex 55.2447 1.54508 16.5
      vertex 55.2447 1.54508 0
    endloop
  endfacet
  facet normal -0.831493 -0.555535 0
    outer loop
      vertex 64.2632 2.61249 0
      vertex 64.0451 2.93893 16.5
      vertex 64.0451 2.93893 0
    endloop
  endfacet
  facet normal -0.831493 -0.555535 0
    outer loop
      vertex 64.0451 2.93893 16.5
      vertex 64.2632 2.61249 0
      vertex 64.2632 2.61249 16.5
    endloop
  endfacet
  facet normal -0.418608 -0.908167 0
    outer loop
      vertex 61.9134 4.6194 0
      vertex 62.27 4.45503 16.5
      vertex 61.9134 4.6194 16.5
    endloop
  endfacet
  facet normal -0.418608 -0.908167 -0
    outer loop
      vertex 62.27 4.45503 16.5
      vertex 61.9134 4.6194 0
      vertex 62.27 4.45503 0
    endloop
  endfacet
  facet normal 0.195112 -0.980781 0
    outer loop
      vertex 58.8328 4.86185 0
      vertex 59.2178 4.93844 16.5
      vertex 58.8328 4.86185 16.5
    endloop
  endfacet
  facet normal 0.195112 -0.980781 0
    outer loop
      vertex 59.2178 4.93844 16.5
      vertex 58.8328 4.86185 0
      vertex 59.2178 4.93844 0
    endloop
  endfacet
  facet normal 0.938181 0.346144 0
    outer loop
      vertex 55.3806 -1.91342 16.5
      vertex 55.2447 -1.54508 0
      vertex 55.2447 -1.54508 16.5
    endloop
  endfacet
  facet normal 0.938181 0.346144 0
    outer loop
      vertex 55.2447 -1.54508 0
      vertex 55.3806 -1.91342 16.5
      vertex 55.3806 -1.91342 0
    endloop
  endfacet
  facet normal -0.938181 -0.346144 0
    outer loop
      vertex 64.7553 1.54508 0
      vertex 64.6194 1.91342 16.5
      vertex 64.6194 1.91342 0
    endloop
  endfacet
  facet normal -0.938181 -0.346144 0
    outer loop
      vertex 64.6194 1.91342 16.5
      vertex 64.7553 1.54508 0
      vertex 64.7553 1.54508 16.5
    endloop
  endfacet
  facet normal -0.346133 0.938186 0
    outer loop
      vertex 61.9134 -4.6194 0
      vertex 61.5451 -4.75528 16.5
      vertex 61.9134 -4.6194 16.5
    endloop
  endfacet
  facet normal -0.346133 0.938186 0
    outer loop
      vertex 61.5451 -4.75528 16.5
      vertex 61.9134 -4.6194 0
      vertex 61.5451 -4.75528 0
    endloop
  endfacet
  facet normal 0.117543 -0.993068 0
    outer loop
      vertex 59.2178 4.93844 0
      vertex 59.6077 4.98459 16.5
      vertex 59.2178 4.93844 16.5
    endloop
  endfacet
  facet normal 0.117543 -0.993068 0
    outer loop
      vertex 59.6077 4.98459 16.5
      vertex 59.2178 4.93844 0
      vertex 59.6077 4.98459 0
    endloop
  endfacet
  facet normal -0.678798 -0.734325 0
    outer loop
      vertex 63.2472 3.80203 0
      vertex 63.5355 3.53553 16.5
      vertex 63.2472 3.80203 16.5
    endloop
  endfacet
  facet normal -0.678798 -0.734325 -0
    outer loop
      vertex 63.5355 3.53553 16.5
      vertex 63.2472 3.80203 0
      vertex 63.5355 3.53553 0
    endloop
  endfacet
  facet normal -0.27142 0.962461 0
    outer loop
      vertex 61.5451 -4.75528 0
      vertex 61.1672 -4.86185 16.5
      vertex 61.5451 -4.75528 16.5
    endloop
  endfacet
  facet normal -0.27142 0.962461 0
    outer loop
      vertex 61.1672 -4.86185 16.5
      vertex 61.5451 -4.75528 0
      vertex 61.1672 -4.86185 0
    endloop
  endfacet
  facet normal -0.993052 0.117676 0
    outer loop
      vertex 64.9384 -0.782172 0
      vertex 64.9846 -0.392295 16.5
      vertex 64.9846 -0.392295 0
    endloop
  endfacet
  facet normal -0.993052 0.117676 0
    outer loop
      vertex 64.9846 -0.392295 16.5
      vertex 64.9384 -0.782172 0
      vertex 64.9384 -0.782172 16.5
    endloop
  endfacet
  facet normal -0.87253 -0.48856 0
    outer loop
      vertex 64.455 2.26995 0
      vertex 64.2632 2.61249 16.5
      vertex 64.2632 2.61249 0
    endloop
  endfacet
  facet normal -0.87253 -0.48856 0
    outer loop
      vertex 64.2632 2.61249 16.5
      vertex 64.455 2.26995 0
      vertex 64.455 2.26995 16.5
    endloop
  endfacet
  facet normal 0.98083 -0.194863 0
    outer loop
      vertex 55.0616 0.782172 16.5
      vertex 55.1381 1.16723 0
      vertex 55.1381 1.16723 16.5
    endloop
  endfacet
  facet normal 0.98083 -0.194863 0
    outer loop
      vertex 55.1381 1.16723 0
      vertex 55.0616 0.782172 16.5
      vertex 55.0616 0.782172 0
    endloop
  endfacet
  facet normal 0.785257 0.619169 0
    outer loop
      vertex 56.198 -3.24724 16.5
      vertex 55.9549 -2.93893 0
      vertex 55.9549 -2.93893 16.5
    endloop
  endfacet
  facet normal 0.785257 0.619169 0
    outer loop
      vertex 55.9549 -2.93893 0
      vertex 56.198 -3.24724 16.5
      vertex 56.198 -3.24724 0
    endloop
  endfacet
  facet normal 0.831493 -0.555535 0
    outer loop
      vertex 55.7368 2.61249 16.5
      vertex 55.9549 2.93893 0
      vertex 55.9549 2.93893 16.5
    endloop
  endfacet
  facet normal 0.831493 -0.555535 0
    outer loop
      vertex 55.9549 2.93893 0
      vertex 55.7368 2.61249 16.5
      vertex 55.7368 2.61249 0
    endloop
  endfacet
  facet normal 0.962432 0.271524 0
    outer loop
      vertex 55.2447 -1.54508 16.5
      vertex 55.1381 -1.16723 0
      vertex 55.1381 -1.16723 16.5
    endloop
  endfacet
  facet normal 0.962432 0.271524 0
    outer loop
      vertex 55.1381 -1.16723 0
      vertex 55.2447 -1.54508 16.5
      vertex 55.2447 -1.54508 0
    endloop
  endfacet
  facet normal 0.678798 0.734325 -0
    outer loop
      vertex 56.7528 -3.80203 0
      vertex 56.4645 -3.53553 16.5
      vertex 56.7528 -3.80203 16.5
    endloop
  endfacet
  facet normal 0.678798 0.734325 0
    outer loop
      vertex 56.4645 -3.53553 16.5
      vertex 56.7528 -3.80203 0
      vertex 56.4645 -3.53553 0
    endloop
  endfacet
  facet normal 0.87253 -0.48856 0
    outer loop
      vertex 55.545 2.26995 16.5
      vertex 55.7368 2.61249 0
      vertex 55.7368 2.61249 16.5
    endloop
  endfacet
  facet normal 0.87253 -0.48856 0
    outer loop
      vertex 55.7368 2.61249 0
      vertex 55.545 2.26995 16.5
      vertex 55.545 2.26995 0
    endloop
  endfacet
  facet normal 0.734313 -0.678811 0
    outer loop
      vertex 56.198 3.24724 16.5
      vertex 56.4645 3.53553 0
      vertex 56.4645 3.53553 16.5
    endloop
  endfacet
  facet normal 0.734313 -0.678811 0
    outer loop
      vertex 56.4645 3.53553 0
      vertex 56.198 3.24724 16.5
      vertex 56.198 3.24724 0
    endloop
  endfacet
  facet normal 0.908107 -0.418738 0
    outer loop
      vertex 55.3806 1.91342 16.5
      vertex 55.545 2.26995 0
      vertex 55.545 2.26995 16.5
    endloop
  endfacet
  facet normal 0.908107 -0.418738 0
    outer loop
      vertex 55.545 2.26995 0
      vertex 55.3806 1.91342 16.5
      vertex 55.3806 1.91342 0
    endloop
  endfacet
  facet normal -0.418608 0.908167 0
    outer loop
      vertex 62.27 -4.45503 0
      vertex 61.9134 -4.6194 16.5
      vertex 62.27 -4.45503 16.5
    endloop
  endfacet
  facet normal -0.418608 0.908167 0
    outer loop
      vertex 61.9134 -4.6194 16.5
      vertex 62.27 -4.45503 0
      vertex 61.9134 -4.6194 0
    endloop
  endfacet
  facet normal -0.87253 0.48856 0
    outer loop
      vertex 64.2632 -2.61249 0
      vertex 64.455 -2.26995 16.5
      vertex 64.455 -2.26995 0
    endloop
  endfacet
  facet normal -0.87253 0.48856 0
    outer loop
      vertex 64.455 -2.26995 16.5
      vertex 64.2632 -2.61249 0
      vertex 64.2632 -2.61249 16.5
    endloop
  endfacet
  facet normal -0.195112 -0.980781 0
    outer loop
      vertex 60.7822 4.93844 0
      vertex 61.1672 4.86185 16.5
      vertex 60.7822 4.93844 16.5
    endloop
  endfacet
  facet normal -0.195112 -0.980781 -0
    outer loop
      vertex 61.1672 4.86185 16.5
      vertex 60.7822 4.93844 0
      vertex 61.1672 4.86185 0
    endloop
  endfacet
  facet normal -0.346133 -0.938186 0
    outer loop
      vertex 61.5451 4.75528 0
      vertex 61.9134 4.6194 16.5
      vertex 61.5451 4.75528 16.5
    endloop
  endfacet
  facet normal -0.346133 -0.938186 -0
    outer loop
      vertex 61.9134 4.6194 16.5
      vertex 61.5451 4.75528 0
      vertex 61.9134 4.6194 0
    endloop
  endfacet
  facet normal -0.734313 0.678811 0
    outer loop
      vertex 63.5355 -3.53553 0
      vertex 63.802 -3.24724 16.5
      vertex 63.802 -3.24724 0
    endloop
  endfacet
  facet normal -0.734313 0.678811 0
    outer loop
      vertex 63.802 -3.24724 16.5
      vertex 63.5355 -3.53553 0
      vertex 63.5355 -3.53553 16.5
    endloop
  endfacet
  facet normal -0.831493 0.555535 0
    outer loop
      vertex 64.0451 -2.93893 0
      vertex 64.2632 -2.61249 16.5
      vertex 64.2632 -2.61249 0
    endloop
  endfacet
  facet normal -0.831493 0.555535 0
    outer loop
      vertex 64.2632 -2.61249 16.5
      vertex 64.0451 -2.93893 0
      vertex 64.0451 -2.93893 16.5
    endloop
  endfacet
  facet normal 0.27142 0.962461 -0
    outer loop
      vertex 58.8328 -4.86185 0
      vertex 58.4549 -4.75528 16.5
      vertex 58.8328 -4.86185 16.5
    endloop
  endfacet
  facet normal 0.27142 0.962461 0
    outer loop
      vertex 58.4549 -4.75528 16.5
      vertex 58.8328 -4.86185 0
      vertex 58.4549 -4.75528 0
    endloop
  endfacet
  facet normal -0.0392509 0.999229 0
    outer loop
      vertex 60.3923 -4.98459 0
      vertex 60 -5 16.5
      vertex 60.3923 -4.98459 16.5
    endloop
  endfacet
  facet normal -0.0392509 0.999229 0
    outer loop
      vertex 60 -5 16.5
      vertex 60.3923 -4.98459 0
      vertex 60 -5 0
    endloop
  endfacet
  facet normal 0.346133 0.938186 -0
    outer loop
      vertex 58.4549 -4.75528 0
      vertex 58.0866 -4.6194 16.5
      vertex 58.4549 -4.75528 16.5
    endloop
  endfacet
  facet normal 0.346133 0.938186 0
    outer loop
      vertex 58.0866 -4.6194 16.5
      vertex 58.4549 -4.75528 0
      vertex 58.0866 -4.6194 0
    endloop
  endfacet
  facet normal 0.27142 -0.962461 0
    outer loop
      vertex 58.4549 4.75528 0
      vertex 58.8328 4.86185 16.5
      vertex 58.4549 4.75528 16.5
    endloop
  endfacet
  facet normal 0.27142 -0.962461 0
    outer loop
      vertex 58.8328 4.86185 16.5
      vertex 58.4549 4.75528 0
      vertex 58.8328 4.86185 0
    endloop
  endfacet
  facet normal -0.117543 -0.993068 0
    outer loop
      vertex 60.3923 4.98459 0
      vertex 60.7822 4.93844 16.5
      vertex 60.3923 4.98459 16.5
    endloop
  endfacet
  facet normal -0.117543 -0.993068 -0
    outer loop
      vertex 60.7822 4.93844 16.5
      vertex 60.3923 4.98459 0
      vertex 60.7822 4.93844 0
    endloop
  endfacet
  facet normal 0.98083 0.194863 0
    outer loop
      vertex 55.1381 -1.16723 16.5
      vertex 55.0616 -0.782172 0
      vertex 55.0616 -0.782172 16.5
    endloop
  endfacet
  facet normal 0.98083 0.194863 0
    outer loop
      vertex 55.0616 -0.782172 0
      vertex 55.1381 -1.16723 16.5
      vertex 55.1381 -1.16723 0
    endloop
  endfacet
  facet normal 0.962432 -0.271524 0
    outer loop
      vertex 55.1381 1.16723 16.5
      vertex 55.2447 1.54508 0
      vertex 55.2447 1.54508 16.5
    endloop
  endfacet
  facet normal 0.962432 -0.271524 0
    outer loop
      vertex 55.2447 1.54508 0
      vertex 55.1381 1.16723 16.5
      vertex 55.1381 1.16723 0
    endloop
  endfacet
  facet normal -0.488662 0.872473 0
    outer loop
      vertex 62.6125 -4.2632 0
      vertex 62.27 -4.45503 16.5
      vertex 62.6125 -4.2632 16.5
    endloop
  endfacet
  facet normal -0.488662 0.872473 0
    outer loop
      vertex 62.27 -4.45503 16.5
      vertex 62.6125 -4.2632 0
      vertex 62.27 -4.45503 0
    endloop
  endfacet
  facet normal -0.555617 0.831438 0
    outer loop
      vertex 62.9389 -4.04508 0
      vertex 62.6125 -4.2632 16.5
      vertex 62.9389 -4.04508 16.5
    endloop
  endfacet
  facet normal -0.555617 0.831438 0
    outer loop
      vertex 62.6125 -4.2632 16.5
      vertex 62.9389 -4.04508 0
      vertex 62.6125 -4.2632 0
    endloop
  endfacet
  facet normal 0.908107 0.418738 0
    outer loop
      vertex 55.545 -2.26995 16.5
      vertex 55.3806 -1.91342 0
      vertex 55.3806 -1.91342 16.5
    endloop
  endfacet
  facet normal 0.908107 0.418738 0
    outer loop
      vertex 55.3806 -1.91342 0
      vertex 55.545 -2.26995 16.5
      vertex 55.545 -2.26995 0
    endloop
  endfacet
  facet normal -0.980782 -0.195108 0
    outer loop
      vertex 64.9384 0.782172 0
      vertex 64.8618 1.16723 16.5
      vertex 64.8618 1.16723 0
    endloop
  endfacet
  facet normal -0.980782 -0.195108 0
    outer loop
      vertex 64.8618 1.16723 16.5
      vertex 64.9384 0.782172 0
      vertex 64.9384 0.782172 16.5
    endloop
  endfacet
  facet normal -0.678798 0.734325 0
    outer loop
      vertex 63.5355 -3.53553 0
      vertex 63.2472 -3.80203 16.5
      vertex 63.5355 -3.53553 16.5
    endloop
  endfacet
  facet normal -0.678798 0.734325 0
    outer loop
      vertex 63.2472 -3.80203 16.5
      vertex 63.5355 -3.53553 0
      vertex 63.2472 -3.80203 0
    endloop
  endfacet
  facet normal -0.785257 -0.619169 0
    outer loop
      vertex 64.0451 2.93893 0
      vertex 63.802 3.24724 16.5
      vertex 63.802 3.24724 0
    endloop
  endfacet
  facet normal -0.785257 -0.619169 0
    outer loop
      vertex 63.802 3.24724 16.5
      vertex 64.0451 2.93893 0
      vertex 64.0451 2.93893 16.5
    endloop
  endfacet
  facet normal 0.99923 0.039226 0
    outer loop
      vertex 55.0154 -0.392295 16.5
      vertex 55 0 0
      vertex 55 0 16.5
    endloop
  endfacet
  facet normal 0.99923 0.039226 0
    outer loop
      vertex 55 0 0
      vertex 55.0154 -0.392295 16.5
      vertex 55.0154 -0.392295 0
    endloop
  endfacet
  facet normal -0.938181 0.346144 0
    outer loop
      vertex 64.6194 -1.91342 0
      vertex 64.7553 -1.54508 16.5
      vertex 64.7553 -1.54508 0
    endloop
  endfacet
  facet normal -0.938181 0.346144 0
    outer loop
      vertex 64.7553 -1.54508 16.5
      vertex 64.6194 -1.91342 0
      vertex 64.6194 -1.91342 16.5
    endloop
  endfacet
  facet normal 0.678798 -0.734325 0
    outer loop
      vertex 56.4645 3.53553 0
      vertex 56.7528 3.80203 16.5
      vertex 56.4645 3.53553 16.5
    endloop
  endfacet
  facet normal 0.678798 -0.734325 0
    outer loop
      vertex 56.7528 3.80203 16.5
      vertex 56.4645 3.53553 0
      vertex 56.7528 3.80203 0
    endloop
  endfacet
  facet normal 0.87253 0.48856 0
    outer loop
      vertex 55.7368 -2.61249 16.5
      vertex 55.545 -2.26995 0
      vertex 55.545 -2.26995 16.5
    endloop
  endfacet
  facet normal 0.87253 0.48856 0
    outer loop
      vertex 55.545 -2.26995 0
      vertex 55.7368 -2.61249 16.5
      vertex 55.7368 -2.61249 0
    endloop
  endfacet
  facet normal -0.734313 -0.678811 0
    outer loop
      vertex 63.802 3.24724 0
      vertex 63.5355 3.53553 16.5
      vertex 63.5355 3.53553 0
    endloop
  endfacet
  facet normal -0.734313 -0.678811 0
    outer loop
      vertex 63.5355 3.53553 16.5
      vertex 63.802 3.24724 0
      vertex 63.802 3.24724 16.5
    endloop
  endfacet
  facet normal 0.785257 -0.619169 0
    outer loop
      vertex 55.9549 2.93893 16.5
      vertex 56.198 3.24724 0
      vertex 56.198 3.24724 16.5
    endloop
  endfacet
  facet normal 0.785257 -0.619169 0
    outer loop
      vertex 56.198 3.24724 0
      vertex 55.9549 2.93893 16.5
      vertex 55.9549 2.93893 0
    endloop
  endfacet
  facet normal -0.908107 0.418738 0
    outer loop
      vertex 64.455 -2.26995 0
      vertex 64.6194 -1.91342 16.5
      vertex 64.6194 -1.91342 0
    endloop
  endfacet
  facet normal -0.908107 0.418738 0
    outer loop
      vertex 64.6194 -1.91342 16.5
      vertex 64.455 -2.26995 0
      vertex 64.455 -2.26995 16.5
    endloop
  endfacet
  facet normal 0.117543 0.993068 -0
    outer loop
      vertex 59.6077 -4.98459 0
      vertex 59.2178 -4.93844 16.5
      vertex 59.6077 -4.98459 16.5
    endloop
  endfacet
  facet normal 0.117543 0.993068 0
    outer loop
      vertex 59.2178 -4.93844 16.5
      vertex 59.6077 -4.98459 0
      vertex 59.2178 -4.93844 0
    endloop
  endfacet
  facet normal 0.619103 0.78531 -0
    outer loop
      vertex 57.0611 -4.04508 0
      vertex 56.7528 -3.80203 16.5
      vertex 57.0611 -4.04508 16.5
    endloop
  endfacet
  facet normal 0.619103 0.78531 0
    outer loop
      vertex 56.7528 -3.80203 16.5
      vertex 57.0611 -4.04508 0
      vertex 56.7528 -3.80203 0
    endloop
  endfacet
  facet normal 0 1 -0
    outer loop
      vertex 65.0229 -8.7 16.5
      vertex 54.9771 -8.7 29
      vertex 65.0229 -8.7 29
    endloop
  endfacet
  facet normal 0 1 0
    outer loop
      vertex 54.9771 -8.7 29
      vertex 65.0229 -8.7 16.5
      vertex 54.9771 -8.7 16.5
    endloop
  endfacet
  facet normal -0.866023 0.500004 0
    outer loop
      vertex 65.0229 -8.7 16.5
      vertex 70.0459 0 29
      vertex 70.0459 0 16.5
    endloop
  endfacet
  facet normal -0.866023 0.500004 0
    outer loop
      vertex 70.0459 0 29
      vertex 65.0229 -8.7 16.5
      vertex 65.0229 -8.7 29
    endloop
  endfacet
  facet normal 0 -1 0
    outer loop
      vertex 54.9771 8.7 16.5
      vertex 65.0229 8.7 29
      vertex 54.9771 8.7 29
    endloop
  endfacet
  facet normal 0 -1 -0
    outer loop
      vertex 65.0229 8.7 29
      vertex 54.9771 8.7 16.5
      vertex 65.0229 8.7 16.5
    endloop
  endfacet
  facet normal -0.866023 -0.500004 0
    outer loop
      vertex 70.0459 0 16.5
      vertex 65.0229 8.7 29
      vertex 65.0229 8.7 16.5
    endloop
  endfacet
  facet normal -0.866023 -0.500004 0
    outer loop
      vertex 65.0229 8.7 29
      vertex 70.0459 0 16.5
      vertex 70.0459 0 29
    endloop
  endfacet
  facet normal 0.866023 -0.500004 0
    outer loop
      vertex 49.9541 0 29
      vertex 54.9771 8.7 16.5
      vertex 54.9771 8.7 29
    endloop
  endfacet
  facet normal 0.866023 -0.500004 0
    outer loop
      vertex 54.9771 8.7 16.5
      vertex 49.9541 0 29
      vertex 49.9541 0 16.5
    endloop
  endfacet
  facet normal 0.866023 0.500004 0
    outer loop
      vertex 54.9771 -8.7 29
      vertex 49.9541 0 16.5
      vertex 49.9541 0 29
    endloop
  endfacet
  facet normal 0.866023 0.500004 0
    outer loop
      vertex 49.9541 0 16.5
      vertex 54.9771 -8.7 29
      vertex 54.9771 -8.7 16.5
    endloop
  endfacet
  facet normal -0 0 1
    outer loop
      vertex 64.2632 2.61249 16.5
      vertex 70.0459 0 16.5
      vertex 65.0229 8.7 16.5
    endloop
  endfacet
  facet normal 0 0 1
    outer loop
      vertex 64.9846 -0.392295 16.5
      vertex 70.0459 0 16.5
      vertex 65 0 16.5
    endloop
  endfacet
  facet normal 0 0 1
    outer loop
      vertex 70.0459 0 16.5
      vertex 64.9846 0.392295 16.5
      vertex 65 0 16.5
    endloop
  endfacet
  facet normal 0 0 1
    outer loop
      vertex 70.0459 0 16.5
      vertex 64.9384 0.782172 16.5
      vertex 64.9846 0.392295 16.5
    endloop
  endfacet
  facet normal 0 0 1
    outer loop
      vertex 70.0459 0 16.5
      vertex 64.8618 1.16723 16.5
      vertex 64.9384 0.782172 16.5
    endloop
  endfacet
  facet normal 0 0 1
    outer loop
      vertex 70.0459 0 16.5
      vertex 64.7553 1.54508 16.5
      vertex 64.8618 1.16723 16.5
    endloop
  endfacet
  facet normal 0 0 1
    outer loop
      vertex 70.0459 0 16.5
      vertex 64.6194 1.91342 16.5
      vertex 64.7553 1.54508 16.5
    endloop
  endfacet
  facet normal 0 0 1
    outer loop
      vertex 70.0459 0 16.5
      vertex 64.455 2.26995 16.5
      vertex 64.6194 1.91342 16.5
    endloop
  endfacet
  facet normal 0 0 1
    outer loop
      vertex 70.0459 0 16.5
      vertex 64.2632 2.61249 16.5
      vertex 64.455 2.26995 16.5
    endloop
  endfacet
  facet normal 0 0 1
    outer loop
      vertex 65.0229 8.7 16.5
      vertex 64.0451 2.93893 16.5
      vertex 64.2632 2.61249 16.5
    endloop
  endfacet
  facet normal 0 0 1
    outer loop
      vertex 65.0229 8.7 16.5
      vertex 63.802 3.24724 16.5
      vertex 64.0451 2.93893 16.5
    endloop
  endfacet
  facet normal 0 0 1
    outer loop
      vertex 65.0229 8.7 16.5
      vertex 63.5355 3.53553 16.5
      vertex 63.802 3.24724 16.5
    endloop
  endfacet
  facet normal 0 0 1
    outer loop
      vertex 65.0229 8.7 16.5
      vertex 63.2472 3.80203 16.5
      vertex 63.5355 3.53553 16.5
    endloop
  endfacet
  facet normal 0 0 1
    outer loop
      vertex 65.0229 8.7 16.5
      vertex 62.9389 4.04508 16.5
      vertex 63.2472 3.80203 16.5
    endloop
  endfacet
  facet normal 0 0 1
    outer loop
      vertex 65.0229 8.7 16.5
      vertex 62.6125 4.2632 16.5
      vertex 62.9389 4.04508 16.5
    endloop
  endfacet
  facet normal 0 0 1
    outer loop
      vertex 65.0229 8.7 16.5
      vertex 62.27 4.45503 16.5
      vertex 62.6125 4.2632 16.5
    endloop
  endfacet
  facet normal 0 0 1
    outer loop
      vertex 65.0229 8.7 16.5
      vertex 61.9134 4.6194 16.5
      vertex 62.27 4.45503 16.5
    endloop
  endfacet
  facet normal 0 0 1
    outer loop
      vertex 65.0229 8.7 16.5
      vertex 61.5451 4.75528 16.5
      vertex 61.9134 4.6194 16.5
    endloop
  endfacet
  facet normal 0 0 1
    outer loop
      vertex 65.0229 8.7 16.5
      vertex 61.1672 4.86185 16.5
      vertex 61.5451 4.75528 16.5
    endloop
  endfacet
  facet normal 0 0 1
    outer loop
      vertex 65.0229 8.7 16.5
      vertex 60.7822 4.93844 16.5
      vertex 61.1672 4.86185 16.5
    endloop
  endfacet
  facet normal 0 0 1
    outer loop
      vertex 65.0229 8.7 16.5
      vertex 60.3923 4.98459 16.5
      vertex 60.7822 4.93844 16.5
    endloop
  endfacet
  facet normal 0 0 1
    outer loop
      vertex 65.0229 8.7 16.5
      vertex 60 5 16.5
      vertex 60.3923 4.98459 16.5
    endloop
  endfacet
  facet normal -0 0 1
    outer loop
      vertex 54.9771 8.7 16.5
      vertex 60 5 16.5
      vertex 65.0229 8.7 16.5
    endloop
  endfacet
  facet normal 0 0 1
    outer loop
      vertex 60 5 16.5
      vertex 54.9771 8.7 16.5
      vertex 59.6077 4.98459 16.5
    endloop
  endfacet
  facet normal 0 0 1
    outer loop
      vertex 59.6077 4.98459 16.5
      vertex 54.9771 8.7 16.5
      vertex 59.2178 4.93844 16.5
    endloop
  endfacet
  facet normal 0 0 1
    outer loop
      vertex 59.2178 4.93844 16.5
      vertex 54.9771 8.7 16.5
      vertex 58.8328 4.86185 16.5
    endloop
  endfacet
  facet normal 0 0 1
    outer loop
      vertex 58.8328 4.86185 16.5
      vertex 54.9771 8.7 16.5
      vertex 58.4549 4.75528 16.5
    endloop
  endfacet
  facet normal 0 0 1
    outer loop
      vertex 58.4549 4.75528 16.5
      vertex 54.9771 8.7 16.5
      vertex 58.0866 4.6194 16.5
    endloop
  endfacet
  facet normal 0 0 1
    outer loop
      vertex 58.0866 4.6194 16.5
      vertex 54.9771 8.7 16.5
      vertex 57.73 4.45503 16.5
    endloop
  endfacet
  facet normal 0 0 1
    outer loop
      vertex 55.0616 0.782172 16.5
      vertex 49.9541 0 16.5
      vertex 55.0154 0.392295 16.5
    endloop
  endfacet
  facet normal 0 0 1
    outer loop
      vertex 55.1381 1.16723 16.5
      vertex 49.9541 0 16.5
      vertex 55.0616 0.782172 16.5
    endloop
  endfacet
  facet normal 0 0 1
    outer loop
      vertex 55.2447 1.54508 16.5
      vertex 49.9541 0 16.5
      vertex 55.1381 1.16723 16.5
    endloop
  endfacet
  facet normal 0 0 1
    outer loop
      vertex 55.3806 1.91342 16.5
      vertex 49.9541 0 16.5
      vertex 55.2447 1.54508 16.5
    endloop
  endfacet
  facet normal 0 0 1
    outer loop
      vertex 55.545 2.26995 16.5
      vertex 49.9541 0 16.5
      vertex 55.3806 1.91342 16.5
    endloop
  endfacet
  facet normal 0 0 1
    outer loop
      vertex 55.7368 2.61249 16.5
      vertex 49.9541 0 16.5
      vertex 55.545 2.26995 16.5
    endloop
  endfacet
  facet normal 0 0 1
    outer loop
      vertex 49.9541 0 16.5
      vertex 55.7368 2.61249 16.5
      vertex 54.9771 8.7 16.5
    endloop
  endfacet
  facet normal 0 0 1
    outer loop
      vertex 55.9549 2.93893 16.5
      vertex 54.9771 8.7 16.5
      vertex 55.7368 2.61249 16.5
    endloop
  endfacet
  facet normal 0 0 1
    outer loop
      vertex 56.198 3.24724 16.5
      vertex 54.9771 8.7 16.5
      vertex 55.9549 2.93893 16.5
    endloop
  endfacet
  facet normal 0 0 1
    outer loop
      vertex 56.4645 3.53553 16.5
      vertex 54.9771 8.7 16.5
      vertex 56.198 3.24724 16.5
    endloop
  endfacet
  facet normal 0 0 1
    outer loop
      vertex 56.7528 3.80203 16.5
      vertex 54.9771 8.7 16.5
      vertex 56.4645 3.53553 16.5
    endloop
  endfacet
  facet normal 0 0 1
    outer loop
      vertex 57.0611 4.04508 16.5
      vertex 54.9771 8.7 16.5
      vertex 56.7528 3.80203 16.5
    endloop
  endfacet
  facet normal 0 0 1
    outer loop
      vertex 57.3875 4.2632 16.5
      vertex 54.9771 8.7 16.5
      vertex 57.0611 4.04508 16.5
    endloop
  endfacet
  facet normal 0 0 1
    outer loop
      vertex 57.73 4.45503 16.5
      vertex 54.9771 8.7 16.5
      vertex 57.3875 4.2632 16.5
    endloop
  endfacet
  facet normal 0 0 1
    outer loop
      vertex 64.9384 -0.782172 16.5
      vertex 70.0459 0 16.5
      vertex 64.9846 -0.392295 16.5
    endloop
  endfacet
  facet normal 0 0 1
    outer loop
      vertex 64.8618 -1.16723 16.5
      vertex 70.0459 0 16.5
      vertex 64.9384 -0.782172 16.5
    endloop
  endfacet
  facet normal 0 0 1
    outer loop
      vertex 64.7553 -1.54508 16.5
      vertex 70.0459 0 16.5
      vertex 64.8618 -1.16723 16.5
    endloop
  endfacet
  facet normal 0 0 1
    outer loop
      vertex 64.6194 -1.91342 16.5
      vertex 70.0459 0 16.5
      vertex 64.7553 -1.54508 16.5
    endloop
  endfacet
  facet normal 0 0 1
    outer loop
      vertex 64.455 -2.26995 16.5
      vertex 70.0459 0 16.5
      vertex 64.6194 -1.91342 16.5
    endloop
  endfacet
  facet normal 0 0 1
    outer loop
      vertex 64.2632 -2.61249 16.5
      vertex 70.0459 0 16.5
      vertex 64.455 -2.26995 16.5
    endloop
  endfacet
  facet normal 0 0 1
    outer loop
      vertex 70.0459 0 16.5
      vertex 64.2632 -2.61249 16.5
      vertex 65.0229 -8.7 16.5
    endloop
  endfacet
  facet normal -0 0 1
    outer loop
      vertex 64.0451 -2.93893 16.5
      vertex 65.0229 -8.7 16.5
      vertex 64.2632 -2.61249 16.5
    endloop
  endfacet
  facet normal -0 0 1
    outer loop
      vertex 63.802 -3.24724 16.5
      vertex 65.0229 -8.7 16.5
      vertex 64.0451 -2.93893 16.5
    endloop
  endfacet
  facet normal -0 0 1
    outer loop
      vertex 63.5355 -3.53553 16.5
      vertex 65.0229 -8.7 16.5
      vertex 63.802 -3.24724 16.5
    endloop
  endfacet
  facet normal -0 0 1
    outer loop
      vertex 63.2472 -3.80203 16.5
      vertex 65.0229 -8.7 16.5
      vertex 63.5355 -3.53553 16.5
    endloop
  endfacet
  facet normal -0 0 1
    outer loop
      vertex 62.9389 -4.04508 16.5
      vertex 65.0229 -8.7 16.5
      vertex 63.2472 -3.80203 16.5
    endloop
  endfacet
  facet normal -0 0 1
    outer loop
      vertex 62.6125 -4.2632 16.5
      vertex 65.0229 -8.7 16.5
      vertex 62.9389 -4.04508 16.5
    endloop
  endfacet
  facet normal -0 0 1
    outer loop
      vertex 62.27 -4.45503 16.5
      vertex 65.0229 -8.7 16.5
      vertex 62.6125 -4.2632 16.5
    endloop
  endfacet
  facet normal -0 0 1
    outer loop
      vertex 61.9134 -4.6194 16.5
      vertex 65.0229 -8.7 16.5
      vertex 62.27 -4.45503 16.5
    endloop
  endfacet
  facet normal -0 0 1
    outer loop
      vertex 61.5451 -4.75528 16.5
      vertex 65.0229 -8.7 16.5
      vertex 61.9134 -4.6194 16.5
    endloop
  endfacet
  facet normal -0 0 1
    outer loop
      vertex 61.1672 -4.86185 16.5
      vertex 65.0229 -8.7 16.5
      vertex 61.5451 -4.75528 16.5
    endloop
  endfacet
  facet normal -0 0 1
    outer loop
      vertex 60.7822 -4.93844 16.5
      vertex 65.0229 -8.7 16.5
      vertex 61.1672 -4.86185 16.5
    endloop
  endfacet
  facet normal -0 0 1
    outer loop
      vertex 60.3923 -4.98459 16.5
      vertex 65.0229 -8.7 16.5
      vertex 60.7822 -4.93844 16.5
    endloop
  endfacet
  facet normal -0 0 1
    outer loop
      vertex 60 -5 16.5
      vertex 65.0229 -8.7 16.5
      vertex 60.3923 -4.98459 16.5
    endloop
  endfacet
  facet normal 0 0 1
    outer loop
      vertex 54.9771 -8.7 16.5
      vertex 60 -5 16.5
      vertex 59.6077 -4.98459 16.5
    endloop
  endfacet
  facet normal 0 0 1
    outer loop
      vertex 54.9771 -8.7 16.5
      vertex 59.6077 -4.98459 16.5
      vertex 59.2178 -4.93844 16.5
    endloop
  endfacet
  facet normal 0 0 1
    outer loop
      vertex 54.9771 -8.7 16.5
      vertex 59.2178 -4.93844 16.5
      vertex 58.8328 -4.86185 16.5
    endloop
  endfacet
  facet normal 0 0 1
    outer loop
      vertex 54.9771 -8.7 16.5
      vertex 58.8328 -4.86185 16.5
      vertex 58.4549 -4.75528 16.5
    endloop
  endfacet
  facet normal 0 0 1
    outer loop
      vertex 54.9771 -8.7 16.5
      vertex 58.4549 -4.75528 16.5
      vertex 58.0866 -4.6194 16.5
    endloop
  endfacet
  facet normal 0 0 1
    outer loop
      vertex 54.9771 -8.7 16.5
      vertex 58.0866 -4.6194 16.5
      vertex 57.73 -4.45503 16.5
    endloop
  endfacet
  facet normal 0 0 1
    outer loop
      vertex 54.9771 -8.7 16.5
      vertex 57.73 -4.45503 16.5
      vertex 57.3875 -4.2632 16.5
    endloop
  endfacet
  facet normal 0 0 1
    outer loop
      vertex 60 -5 16.5
      vertex 54.9771 -8.7 16.5
      vertex 65.0229 -8.7 16.5
    endloop
  endfacet
  facet normal 0 0 1
    outer loop
      vertex 57.0611 -4.04508 16.5
      vertex 54.9771 -8.7 16.5
      vertex 57.3875 -4.2632 16.5
    endloop
  endfacet
  facet normal 0 0 1
    outer loop
      vertex 56.7528 -3.80203 16.5
      vertex 54.9771 -8.7 16.5
      vertex 57.0611 -4.04508 16.5
    endloop
  endfacet
  facet normal 0 0 1
    outer loop
      vertex 56.4645 -3.53553 16.5
      vertex 54.9771 -8.7 16.5
      vertex 56.7528 -3.80203 16.5
    endloop
  endfacet
  facet normal 0 0 1
    outer loop
      vertex 56.198 -3.24724 16.5
      vertex 54.9771 -8.7 16.5
      vertex 56.4645 -3.53553 16.5
    endloop
  endfacet
  facet normal 0 0 1
    outer loop
      vertex 55.9549 -2.93893 16.5
      vertex 54.9771 -8.7 16.5
      vertex 56.198 -3.24724 16.5
    endloop
  endfacet
  facet normal 0 0 1
    outer loop
      vertex 55.7368 -2.61249 16.5
      vertex 54.9771 -8.7 16.5
      vertex 55.9549 -2.93893 16.5
    endloop
  endfacet
  facet normal 0 0 1
    outer loop
      vertex 49.9541 0 16.5
      vertex 55.7368 -2.61249 16.5
      vertex 55.545 -2.26995 16.5
    endloop
  endfacet
  facet normal 0 0 1
    outer loop
      vertex 49.9541 0 16.5
      vertex 55.545 -2.26995 16.5
      vertex 55.3806 -1.91342 16.5
    endloop
  endfacet
  facet normal 0 0 1
    outer loop
      vertex 49.9541 0 16.5
      vertex 55.3806 -1.91342 16.5
      vertex 55.2447 -1.54508 16.5
    endloop
  endfacet
  facet normal 0 0 1
    outer loop
      vertex 49.9541 0 16.5
      vertex 55.2447 -1.54508 16.5
      vertex 55.1381 -1.16723 16.5
    endloop
  endfacet
  facet normal 0 0 1
    outer loop
      vertex 49.9541 0 16.5
      vertex 55.1381 -1.16723 16.5
      vertex 55.0616 -0.782172 16.5
    endloop
  endfacet
  facet normal 0 0 1
    outer loop
      vertex 49.9541 0 16.5
      vertex 55.0616 -0.782172 16.5
      vertex 55.0154 -0.392295 16.5
    endloop
  endfacet
  facet normal -0 0 1
    outer loop
      vertex 49.9541 0 16.5
      vertex 55.0154 -0.392295 16.5
      vertex 55 0 16.5
    endloop
  endfacet
  facet normal 0 0 1
    outer loop
      vertex 55.0154 0.392295 16.5
      vertex 49.9541 0 16.5
      vertex 55 0 16.5
    endloop
  endfacet
  facet normal 0 0 1
    outer loop
      vertex 55.7368 -2.61249 16.5
      vertex 49.9541 0 16.5
      vertex 54.9771 -8.7 16.5
    endloop
  endfacet
  facet normal -0.615291 -0.355749 0.703462
    outer loop
      vertex 71.1394 0.0861324 30
      vertex 70.0459 0 29
      vertex 71.1892 0 30
    endloop
  endfacet
  facet normal -0.615421 -0.355317 0.703567
    outer loop
      vertex 70.0459 0 29
      vertex 71.1394 0.0861324 30
      vertex 65.0229 8.7 29
    endloop
  endfacet
  facet normal -0.615291 0.355749 0.703462
    outer loop
      vertex 70.0459 0 29
      vertex 71.1394 -0.0861324 30
      vertex 71.1892 0 30
    endloop
  endfacet
  facet normal -0.615421 0.355317 0.703567
    outer loop
      vertex 71.1394 -0.0861324 30
      vertex 70.0459 0 29
      vertex 65.0229 -8.7 29
    endloop
  endfacet
  facet normal 0.615396 0.355296 0.7036
    outer loop
      vertex 54.4054 -9.6901 30
      vertex 54.9771 -8.7 29
      vertex 48.8606 -0.0861324 30
    endloop
  endfacet
  facet normal 0.615396 -0.355296 0.7036
    outer loop
      vertex 54.9771 8.7 29
      vertex 54.4054 9.6901 30
      vertex 48.8606 0.0861324 30
    endloop
  endfacet
  facet normal -0.615396 -0.355296 0.7036
    outer loop
      vertex 71.1394 0.0861324 30
      vertex 65.5946 9.6901 30
      vertex 65.0229 8.7 29
    endloop
  endfacet
  facet normal -0.615396 0.355296 0.7036
    outer loop
      vertex 65.5946 -9.6901 30
      vertex 71.1394 -0.0861324 30
      vertex 65.0229 -8.7 29
    endloop
  endfacet
  facet normal 0 0.710616 0.70358
    outer loop
      vertex 65.0229 -8.7 29
      vertex 54.4054 -9.6901 30
      vertex 65.5946 -9.6901 30
    endloop
  endfacet
  facet normal 0 0.710616 0.70358
    outer loop
      vertex 54.4054 -9.6901 30
      vertex 65.0229 -8.7 29
      vertex 54.9771 -8.7 29
    endloop
  endfacet
  facet normal 0.615421 0.355317 0.703567
    outer loop
      vertex 49.9541 0 29
      vertex 48.8606 -0.0861324 30
      vertex 54.9771 -8.7 29
    endloop
  endfacet
  facet normal 0.615291 0.355749 0.703462
    outer loop
      vertex 48.8606 -0.0861324 30
      vertex 49.9541 0 29
      vertex 48.8108 0 30
    endloop
  endfacet
  facet normal 0.615421 -0.355317 0.703567
    outer loop
      vertex 48.8606 0.0861324 30
      vertex 49.9541 0 29
      vertex 54.9771 8.7 29
    endloop
  endfacet
  facet normal 0.615291 -0.355749 0.703462
    outer loop
      vertex 49.9541 0 29
      vertex 48.8606 0.0861324 30
      vertex 48.8108 0 30
    endloop
  endfacet
  facet normal 0 -0.710616 0.70358
    outer loop
      vertex 54.9771 8.7 29
      vertex 65.5946 9.6901 30
      vertex 54.4054 9.6901 30
    endloop
  endfacet
  facet normal 0 -0.710616 0.70358
    outer loop
      vertex 65.5946 9.6901 30
      vertex 54.9771 8.7 29
      vertex 65.0229 8.7 29
    endloop
  endfacet
  facet normal 0 0 1
    outer loop
      vertex 60.1288 -12.9288 29.4
      vertex 58.801 -13.3843 29.4
      vertex 60.1288 -13.3843 29.4
    endloop
  endfacet
  facet normal 0 0 1
    outer loop
      vertex 58.801 -13.3843 29.4
      vertex 58.2843 -13.3843 29.4
      vertex 58.801 -16.9787 29.4
    endloop
  endfacet
  facet normal 0 0 1
    outer loop
      vertex 60.1288 -12.9288 29.4
      vertex 58.2843 -13.3843 29.4
      vertex 58.801 -13.3843 29.4
    endloop
  endfacet
  facet normal -0 0 1
    outer loop
      vertex 56.951 -12.9288 29.4
      vertex 58.2843 -13.3843 29.4
      vertex 60.1288 -12.9288 29.4
    endloop
  endfacet
  facet normal 0 0 1
    outer loop
      vertex 58.2843 -13.3843 29.4
      vertex 56.951 -12.9288 29.4
      vertex 56.951 -13.3843 29.4
    endloop
  endfacet
  facet normal 0 0 1
    outer loop
      vertex 58.801 -16.9787 29.4
      vertex 58.2843 -13.3843 29.4
      vertex 58.2843 -16.9787 29.4
    endloop
  endfacet
  facet normal -0 0 1
    outer loop
      vertex 60.7325 -15.5676 29.4
      vertex 61.9659 -16.0065 29.4
      vertex 61.9659 -15.5676 29.4
    endloop
  endfacet
  facet normal 0 0 1
    outer loop
      vertex 60.3047 -16.0065 29.4
      vertex 60.7325 -15.5676 29.4
      vertex 60.3047 -15.4899 29.4
    endloop
  endfacet
  facet normal 0 0 1
    outer loop
      vertex 60.7325 -15.5676 29.4
      vertex 60.3047 -16.0065 29.4
      vertex 61.9659 -16.0065 29.4
    endloop
  endfacet
  facet normal 0 0 1
    outer loop
      vertex 60.3047 -15.4899 29.4
      vertex 61.9659 -13.7954 29.4
      vertex 62.0936 -12.9621 29.4
    endloop
  endfacet
  facet normal 0 0 1
    outer loop
      vertex 61.9659 -13.7954 29.4
      vertex 60.3047 -15.4899 29.4
      vertex 60.7325 -15.5676 29.4
    endloop
  endfacet
  facet normal -0 0 1
    outer loop
      vertex 61.9659 -13.7954 29.4
      vertex 62.4548 -15.5676 29.4
      vertex 62.4548 -12.9621 29.4
    endloop
  endfacet
  facet normal 0 0 1
    outer loop
      vertex 61.9659 -15.5676 29.4
      vertex 62.4548 -15.5676 29.4
      vertex 61.9659 -13.7954 29.4
    endloop
  endfacet
  facet normal 0 0 1
    outer loop
      vertex 61.9659 -13.7954 29.4
      vertex 62.4548 -12.9621 29.4
      vertex 62.0936 -12.9621 29.4
    endloop
  endfacet
  facet normal 0 0 1
    outer loop
      vertex 62.4548 -15.5676 29.4
      vertex 61.9659 -15.5676 29.4
      vertex 62.4548 -16.0065 29.4
    endloop
  endfacet
  facet normal 0 0 1
    outer loop
      vertex 61.9659 -16.0065 29.4
      vertex 62.4548 -16.0065 29.4
      vertex 61.9659 -15.5676 29.4
    endloop
  endfacet
  facet normal 0 0 1
    outer loop
      vertex 62.4548 -16.0065 29.4
      vertex 61.9659 -16.0065 29.4
      vertex 62.4548 -16.9787 29.4
    endloop
  endfacet
  facet normal 0 0 1
    outer loop
      vertex 62.4548 -16.9787 29.4
      vertex 61.9659 -16.0065 29.4
      vertex 61.9659 -16.9787 29.4
    endloop
  endfacet
  facet normal -0 0 1
    outer loop
      vertex 62.4548 -15.5676 29.4
      vertex 63.0381 -16.0065 29.4
      vertex 63.0381 -15.5676 29.4
    endloop
  endfacet
  facet normal 0 0 1
    outer loop
      vertex 63.0381 -16.0065 29.4
      vertex 62.4548 -15.5676 29.4
      vertex 62.4548 -16.0065 29.4
    endloop
  endfacet
  facet normal 0 1 -0
    outer loop
      vertex 60.1288 -13.3843 29.4
      vertex 58.801 -13.3843 30
      vertex 60.1288 -13.3843 30
    endloop
  endfacet
  facet normal 0 1 0
    outer loop
      vertex 58.801 -13.3843 30
      vertex 60.1288 -13.3843 29.4
      vertex 58.801 -13.3843 29.4
    endloop
  endfacet
  facet normal -1 0 0
    outer loop
      vertex 60.1288 -13.3843 29.4
      vertex 60.1288 -12.9288 30
      vertex 60.1288 -12.9288 29.4
    endloop
  endfacet
  facet normal -1 -0 0
    outer loop
      vertex 60.1288 -12.9288 30
      vertex 60.1288 -13.3843 29.4
      vertex 60.1288 -13.3843 30
    endloop
  endfacet
  facet normal 0 -1 0
    outer loop
      vertex 56.951 -12.9288 29.4
      vertex 60.1288 -12.9288 30
      vertex 56.951 -12.9288 30
    endloop
  endfacet
  facet normal 0 -1 -0
    outer loop
      vertex 60.1288 -12.9288 30
      vertex 56.951 -12.9288 29.4
      vertex 60.1288 -12.9288 29.4
    endloop
  endfacet
  facet normal 1 -0 0
    outer loop
      vertex 56.951 -13.3843 30
      vertex 56.951 -12.9288 29.4
      vertex 56.951 -12.9288 30
    endloop
  endfacet
  facet normal 1 0 0
    outer loop
      vertex 56.951 -12.9288 29.4
      vertex 56.951 -13.3843 30
      vertex 56.951 -13.3843 29.4
    endloop
  endfacet
  facet normal 0 1 -0
    outer loop
      vertex 58.2843 -13.3843 29.4
      vertex 56.951 -13.3843 30
      vertex 58.2843 -13.3843 30
    endloop
  endfacet
  facet normal 0 1 0
    outer loop
      vertex 56.951 -13.3843 30
      vertex 58.2843 -13.3843 29.4
      vertex 56.951 -13.3843 29.4
    endloop
  endfacet
  facet normal 1 -0 0
    outer loop
      vertex 58.2843 -16.9787 30
      vertex 58.2843 -13.3843 29.4
      vertex 58.2843 -13.3843 30
    endloop
  endfacet
  facet normal 1 0 0
    outer loop
      vertex 58.2843 -13.3843 29.4
      vertex 58.2843 -16.9787 30
      vertex 58.2843 -16.9787 29.4
    endloop
  endfacet
  facet normal 0 1 -0
    outer loop
      vertex 58.801 -16.9787 29.4
      vertex 58.2843 -16.9787 30
      vertex 58.801 -16.9787 30
    endloop
  endfacet
  facet normal 0 1 0
    outer loop
      vertex 58.2843 -16.9787 30
      vertex 58.801 -16.9787 29.4
      vertex 58.2843 -16.9787 29.4
    endloop
  endfacet
  facet normal -1 0 0
    outer loop
      vertex 58.801 -16.9787 29.4
      vertex 58.801 -13.3843 30
      vertex 58.801 -13.3843 29.4
    endloop
  endfacet
  facet normal -1 -0 0
    outer loop
      vertex 58.801 -13.3843 30
      vertex 58.801 -16.9787 29.4
      vertex 58.801 -16.9787 30
    endloop
  endfacet
  facet normal 0 1 -0
    outer loop
      vertex 63.0381 -16.0065 29.4
      vertex 62.4548 -16.0065 30
      vertex 63.0381 -16.0065 30
    endloop
  endfacet
  facet normal 0 1 0
    outer loop
      vertex 62.4548 -16.0065 30
      vertex 63.0381 -16.0065 29.4
      vertex 62.4548 -16.0065 29.4
    endloop
  endfacet
  facet normal -1 0 0
    outer loop
      vertex 63.0381 -16.0065 29.4
      vertex 63.0381 -15.5676 30
      vertex 63.0381 -15.5676 29.4
    endloop
  endfacet
  facet normal -1 -0 0
    outer loop
      vertex 63.0381 -15.5676 30
      vertex 63.0381 -16.0065 29.4
      vertex 63.0381 -16.0065 30
    endloop
  endfacet
  facet normal 0 -1 0
    outer loop
      vertex 62.4548 -15.5676 29.4
      vertex 63.0381 -15.5676 30
      vertex 62.4548 -15.5676 30
    endloop
  endfacet
  facet normal 0 -1 -0
    outer loop
      vertex 63.0381 -15.5676 30
      vertex 62.4548 -15.5676 29.4
      vertex 63.0381 -15.5676 29.4
    endloop
  endfacet
  facet normal -1 0 0
    outer loop
      vertex 62.4548 -15.5676 29.4
      vertex 62.4548 -12.9621 30
      vertex 62.4548 -12.9621 29.4
    endloop
  endfacet
  facet normal -1 -0 0
    outer loop
      vertex 62.4548 -12.9621 30
      vertex 62.4548 -15.5676 29.4
      vertex 62.4548 -15.5676 30
    endloop
  endfacet
  facet normal 0 -1 0
    outer loop
      vertex 62.0936 -12.9621 29.4
      vertex 62.4548 -12.9621 30
      vertex 62.0936 -12.9621 30
    endloop
  endfacet
  facet normal 0 -1 -0
    outer loop
      vertex 62.4548 -12.9621 30
      vertex 62.0936 -12.9621 29.4
      vertex 62.4548 -12.9621 29.4
    endloop
  endfacet
  facet normal 0.816272 -0.577668 0
    outer loop
      vertex 60.3047 -15.4899 30
      vertex 62.0936 -12.9621 29.4
      vertex 62.0936 -12.9621 30
    endloop
  endfacet
  facet normal 0.816272 -0.577668 0
    outer loop
      vertex 62.0936 -12.9621 29.4
      vertex 60.3047 -15.4899 30
      vertex 60.3047 -15.4899 29.4
    endloop
  endfacet
  facet normal 1 -0 0
    outer loop
      vertex 60.3047 -16.0065 30
      vertex 60.3047 -15.4899 29.4
      vertex 60.3047 -15.4899 30
    endloop
  endfacet
  facet normal 1 0 0
    outer loop
      vertex 60.3047 -15.4899 29.4
      vertex 60.3047 -16.0065 30
      vertex 60.3047 -16.0065 29.4
    endloop
  endfacet
  facet normal 0 1 -0
    outer loop
      vertex 61.9659 -16.0065 29.4
      vertex 60.3047 -16.0065 30
      vertex 61.9659 -16.0065 30
    endloop
  endfacet
  facet normal 0 1 0
    outer loop
      vertex 60.3047 -16.0065 30
      vertex 61.9659 -16.0065 29.4
      vertex 60.3047 -16.0065 29.4
    endloop
  endfacet
  facet normal 1 -0 0
    outer loop
      vertex 61.9659 -16.9787 30
      vertex 61.9659 -16.0065 29.4
      vertex 61.9659 -16.0065 30
    endloop
  endfacet
  facet normal 1 0 0
    outer loop
      vertex 61.9659 -16.0065 29.4
      vertex 61.9659 -16.9787 30
      vertex 61.9659 -16.9787 29.4
    endloop
  endfacet
  facet normal 0 1 -0
    outer loop
      vertex 62.4548 -16.9787 29.4
      vertex 61.9659 -16.9787 30
      vertex 62.4548 -16.9787 30
    endloop
  endfacet
  facet normal 0 1 0
    outer loop
      vertex 61.9659 -16.9787 30
      vertex 62.4548 -16.9787 29.4
      vertex 61.9659 -16.9787 29.4
    endloop
  endfacet
  facet normal -1 0 0
    outer loop
      vertex 62.4548 -16.9787 29.4
      vertex 62.4548 -16.0065 30
      vertex 62.4548 -16.0065 29.4
    endloop
  endfacet
  facet normal -1 -0 0
    outer loop
      vertex 62.4548 -16.0065 30
      vertex 62.4548 -16.9787 29.4
      vertex 62.4548 -16.9787 30
    endloop
  endfacet
  facet normal -0.820782 0.571241 0
    outer loop
      vertex 60.7325 -15.5676 29.4
      vertex 61.9659 -13.7954 30
      vertex 61.9659 -13.7954 29.4
    endloop
  endfacet
  facet normal -0.820782 0.571241 0
    outer loop
      vertex 61.9659 -13.7954 30
      vertex 60.7325 -15.5676 29.4
      vertex 60.7325 -15.5676 30
    endloop
  endfacet
  facet normal 1 -0 0
    outer loop
      vertex 61.9659 -15.5676 30
      vertex 61.9659 -13.7954 29.4
      vertex 61.9659 -13.7954 30
    endloop
  endfacet
  facet normal 1 0 0
    outer loop
      vertex 61.9659 -13.7954 29.4
      vertex 61.9659 -15.5676 30
      vertex 61.9659 -15.5676 29.4
    endloop
  endfacet
  facet normal 0 -1 0
    outer loop
      vertex 60.7325 -15.5676 29.4
      vertex 61.9659 -15.5676 30
      vertex 60.7325 -15.5676 30
    endloop
  endfacet
  facet normal 0 -1 -0
    outer loop
      vertex 61.9659 -15.5676 30
      vertex 60.7325 -15.5676 29.4
      vertex 61.9659 -15.5676 29.4
    endloop
  endfacet
  facet normal -0.345941 0.938256 0
    outer loop
      vertex -80.9476 -14.5407 0
      vertex -81.1502 -14.6154 30
      vertex -80.9476 -14.5407 30
    endloop
  endfacet
  facet normal -0.345941 0.938256 0
    outer loop
      vertex -81.1502 -14.6154 30
      vertex -80.9476 -14.5407 0
      vertex -81.1502 -14.6154 0
    endloop
  endfacet
  facet normal -0.271416 0.962462 0
    outer loop
      vertex -81.1502 -14.6154 0
      vertex -81.358 -14.674 30
      vertex -81.1502 -14.6154 30
    endloop
  endfacet
  facet normal -0.271416 0.962462 0
    outer loop
      vertex -81.358 -14.674 30
      vertex -81.1502 -14.6154 0
      vertex -81.358 -14.674 0
    endloop
  endfacet
  facet normal -0.488625 -0.872494 0
    outer loop
      vertex -80.7515 -9.54973 0
      vertex -80.5631 -9.65524 30
      vertex -80.7515 -9.54973 30
    endloop
  endfacet
  facet normal -0.488625 -0.872494 -0
    outer loop
      vertex -80.5631 -9.65524 30
      vertex -80.7515 -9.54973 0
      vertex -80.5631 -9.65524 0
    endloop
  endfacet
  facet normal 0.962462 -0.271416 0
    outer loop
      vertex -84.674 -11.358 30
      vertex -84.6154 -11.1502 0
      vertex -84.6154 -11.1502 30
    endloop
  endfacet
  facet normal 0.962462 -0.271416 0
    outer loop
      vertex -84.6154 -11.1502 0
      vertex -84.674 -11.358 30
      vertex -84.674 -11.358 0
    endloop
  endfacet
  facet normal -0.619089 0.785321 0
    outer loop
      vertex -80.214 -14.0911 0
      vertex -80.3836 -14.2248 30
      vertex -80.214 -14.0911 30
    endloop
  endfacet
  facet normal -0.619089 0.785321 0
    outer loop
      vertex -80.3836 -14.2248 30
      vertex -80.214 -14.0911 0
      vertex -80.3836 -14.2248 0
    endloop
  endfacet
  facet normal 0.346104 -0.938196 0
    outer loop
      vertex -83.0524 -9.45933 0
      vertex -82.8498 -9.38459 30
      vertex -83.0524 -9.45933 30
    endloop
  endfacet
  facet normal 0.346104 -0.938196 0
    outer loop
      vertex -82.8498 -9.38459 30
      vertex -83.0524 -9.45933 0
      vertex -82.8498 -9.38459 0
    endloop
  endfacet
  facet normal -0.195047 -0.980794 0
    outer loop
      vertex -81.5698 -9.28386 0
      vertex -81.358 -9.32598 30
      vertex -81.5698 -9.28386 30
    endloop
  endfacet
  facet normal -0.195047 -0.980794 -0
    outer loop
      vertex -81.358 -9.32598 30
      vertex -81.5698 -9.28386 0
      vertex -81.358 -9.32598 0
    endloop
  endfacet
  facet normal 0.555769 0.831337 -0
    outer loop
      vertex -83.4369 -14.3448 0
      vertex -83.6164 -14.2248 30
      vertex -83.4369 -14.3448 30
    endloop
  endfacet
  facet normal 0.555769 0.831337 0
    outer loop
      vertex -83.6164 -14.2248 30
      vertex -83.4369 -14.3448 0
      vertex -83.6164 -14.2248 0
    endloop
  endfacet
  facet normal 0.418647 -0.908149 0
    outer loop
      vertex -83.2485 -9.54973 0
      vertex -83.0524 -9.45933 30
      vertex -83.2485 -9.54973 30
    endloop
  endfacet
  facet normal 0.418647 -0.908149 0
    outer loop
      vertex -83.0524 -9.45933 30
      vertex -83.2485 -9.54973 0
      vertex -83.0524 -9.45933 0
    endloop
  endfacet
  facet normal 0.938256 0.345941 0
    outer loop
      vertex -84.5407 -13.0524 30
      vertex -84.6154 -12.8498 0
      vertex -84.6154 -12.8498 30
    endloop
  endfacet
  facet normal 0.938256 0.345941 0
    outer loop
      vertex -84.6154 -12.8498 0
      vertex -84.5407 -13.0524 30
      vertex -84.5407 -13.0524 0
    endloop
  endfacet
  facet normal 0.785321 0.619089 0
    outer loop
      vertex -84.0911 -13.786 30
      vertex -84.2248 -13.6164 0
      vertex -84.2248 -13.6164 30
    endloop
  endfacet
  facet normal 0.785321 0.619089 0
    outer loop
      vertex -84.2248 -13.6164 0
      vertex -84.0911 -13.786 30
      vertex -84.0911 -13.786 0
    endloop
  endfacet
  facet normal -0.117647 0.993055 0
    outer loop
      vertex -81.5698 -14.7161 0
      vertex -81.7842 -14.7415 30
      vertex -81.5698 -14.7161 30
    endloop
  endfacet
  facet normal -0.117647 0.993055 0
    outer loop
      vertex -81.7842 -14.7415 30
      vertex -81.5698 -14.7161 0
      vertex -81.7842 -14.7415 0
    endloop
  endfacet
  facet normal -0.872514 -0.488589 0
    outer loop
      vertex -79.5497 -10.7515 0
      vertex -79.6552 -10.5631 30
      vertex -79.6552 -10.5631 0
    endloop
  endfacet
  facet normal -0.872514 -0.488589 0
    outer loop
      vertex -79.6552 -10.5631 30
      vertex -79.5497 -10.7515 0
      vertex -79.5497 -10.7515 30
    endloop
  endfacet
  facet normal -0.346104 -0.938196 0
    outer loop
      vertex -81.1502 -9.38459 0
      vertex -80.9476 -9.45933 30
      vertex -81.1502 -9.38459 30
    endloop
  endfacet
  facet normal -0.346104 -0.938196 -0
    outer loop
      vertex -80.9476 -9.45933 30
      vertex -81.1502 -9.38459 0
      vertex -80.9476 -9.45933 0
    endloop
  endfacet
  facet normal 0.908149 -0.418647 0
    outer loop
      vertex -84.5407 -10.9476 30
      vertex -84.4503 -10.7515 0
      vertex -84.4503 -10.7515 30
    endloop
  endfacet
  facet normal 0.908149 -0.418647 0
    outer loop
      vertex -84.4503 -10.7515 0
      vertex -84.5407 -10.9476 30
      vertex -84.5407 -10.9476 0
    endloop
  endfacet
  facet normal -0.908149 0.418647 0
    outer loop
      vertex -79.5497 -13.2485 0
      vertex -79.4593 -13.0524 30
      vertex -79.4593 -13.0524 0
    endloop
  endfacet
  facet normal -0.908149 0.418647 0
    outer loop
      vertex -79.4593 -13.0524 30
      vertex -79.5497 -13.2485 0
      vertex -79.5497 -13.2485 30
    endloop
  endfacet
  facet normal -0.993055 -0.117647 0
    outer loop
      vertex -79.2585 -11.7842 0
      vertex -79.2839 -11.5698 30
      vertex -79.2839 -11.5698 0
    endloop
  endfacet
  facet normal -0.993055 -0.117647 0
    outer loop
      vertex -79.2839 -11.5698 30
      vertex -79.2585 -11.7842 0
      vertex -79.2585 -11.7842 30
    endloop
  endfacet
  facet normal -0.999225 -0.0393578 0
    outer loop
      vertex -79.25 -12 0
      vertex -79.2585 -11.7842 30
      vertex -79.2585 -11.7842 0
    endloop
  endfacet
  facet normal -0.999225 -0.0393578 0
    outer loop
      vertex -79.2585 -11.7842 30
      vertex -79.25 -12 0
      vertex -79.25 -12 30
    endloop
  endfacet
  facet normal 0.418647 0.908149 -0
    outer loop
      vertex -83.0524 -14.5407 0
      vertex -83.2485 -14.4503 30
      vertex -83.0524 -14.5407 30
    endloop
  endfacet
  facet normal 0.418647 0.908149 0
    outer loop
      vertex -83.2485 -14.4503 30
      vertex -83.0524 -14.5407 0
      vertex -83.2485 -14.4503 0
    endloop
  endfacet
  facet normal -0.418647 0.908149 0
    outer loop
      vertex -80.7515 -14.4503 0
      vertex -80.9476 -14.5407 30
      vertex -80.7515 -14.4503 30
    endloop
  endfacet
  facet normal -0.418647 0.908149 0
    outer loop
      vertex -80.9476 -14.5407 30
      vertex -80.7515 -14.4503 0
      vertex -80.9476 -14.5407 0
    endloop
  endfacet
  facet normal 0.872514 0.488589 0
    outer loop
      vertex -84.3448 -13.4369 30
      vertex -84.4503 -13.2485 0
      vertex -84.4503 -13.2485 30
    endloop
  endfacet
  facet normal 0.872514 0.488589 0
    outer loop
      vertex -84.4503 -13.2485 0
      vertex -84.3448 -13.4369 30
      vertex -84.3448 -13.4369 0
    endloop
  endfacet
  facet normal 0.345941 0.938256 -0
    outer loop
      vertex -82.8498 -14.6154 0
      vertex -83.0524 -14.5407 30
      vertex -82.8498 -14.6154 30
    endloop
  endfacet
  facet normal 0.345941 0.938256 0
    outer loop
      vertex -83.0524 -14.5407 30
      vertex -82.8498 -14.6154 0
      vertex -83.0524 -14.5407 0
    endloop
  endfacet
  facet normal -0.785321 -0.619089 0
    outer loop
      vertex -79.7752 -10.3836 0
      vertex -79.9089 -10.214 30
      vertex -79.9089 -10.214 0
    endloop
  endfacet
  facet normal -0.785321 -0.619089 0
    outer loop
      vertex -79.9089 -10.214 30
      vertex -79.7752 -10.3836 0
      vertex -79.7752 -10.3836 30
    endloop
  endfacet
  facet normal -0.980812 0.194958 0
    outer loop
      vertex -79.326 -12.642 0
      vertex -79.2839 -12.4302 30
      vertex -79.2839 -12.4302 0
    endloop
  endfacet
  facet normal -0.980812 0.194958 0
    outer loop
      vertex -79.2839 -12.4302 30
      vertex -79.326 -12.642 0
      vertex -79.326 -12.642 30
    endloop
  endfacet
  facet normal -0.734128 -0.679011 0
    outer loop
      vertex -79.9089 -10.214 0
      vertex -80.0555 -10.0555 30
      vertex -80.0555 -10.0555 0
    endloop
  endfacet
  facet normal -0.734128 -0.679011 0
    outer loop
      vertex -80.0555 -10.0555 30
      vertex -79.9089 -10.214 0
      vertex -79.9089 -10.214 30
    endloop
  endfacet
  facet normal 0.734128 -0.679011 0
    outer loop
      vertex -84.0911 -10.214 30
      vertex -83.9445 -10.0555 0
      vertex -83.9445 -10.0555 30
    endloop
  endfacet
  facet normal 0.734128 -0.679011 0
    outer loop
      vertex -83.9445 -10.0555 0
      vertex -84.0911 -10.214 30
      vertex -84.0911 -10.214 0
    endloop
  endfacet
  facet normal -0.831337 0.555769 0
    outer loop
      vertex -79.7752 -13.6164 0
      vertex -79.6552 -13.4369 30
      vertex -79.6552 -13.4369 0
    endloop
  endfacet
  facet normal -0.831337 0.555769 0
    outer loop
      vertex -79.6552 -13.4369 30
      vertex -79.7752 -13.6164 0
      vertex -79.7752 -13.6164 30
    endloop
  endfacet
  facet normal -0.555769 0.831337 0
    outer loop
      vertex -80.3836 -14.2248 0
      vertex -80.5631 -14.3448 30
      vertex -80.3836 -14.2248 30
    endloop
  endfacet
  facet normal -0.555769 0.831337 0
    outer loop
      vertex -80.5631 -14.3448 30
      vertex -80.3836 -14.2248 0
      vertex -80.5631 -14.3448 0
    endloop
  endfacet
  facet normal -0.679061 -0.734082 0
    outer loop
      vertex -80.214 -9.90888 0
      vertex -80.0555 -10.0555 30
      vertex -80.214 -9.90888 30
    endloop
  endfacet
  facet normal -0.679061 -0.734082 -0
    outer loop
      vertex -80.0555 -10.0555 30
      vertex -80.214 -9.90888 0
      vertex -80.0555 -10.0555 0
    endloop
  endfacet
  facet normal 0.271416 0.962462 -0
    outer loop
      vertex -82.642 -14.674 0
      vertex -82.8498 -14.6154 30
      vertex -82.642 -14.674 30
    endloop
  endfacet
  facet normal 0.271416 0.962462 0
    outer loop
      vertex -82.8498 -14.6154 30
      vertex -82.642 -14.674 0
      vertex -82.8498 -14.6154 0
    endloop
  endfacet
  facet normal 0.872514 -0.488589 0
    outer loop
      vertex -84.4503 -10.7515 30
      vertex -84.3448 -10.5631 0
      vertex -84.3448 -10.5631 30
    endloop
  endfacet
  facet normal 0.872514 -0.488589 0
    outer loop
      vertex -84.3448 -10.5631 0
      vertex -84.4503 -10.7515 30
      vertex -84.4503 -10.7515 0
    endloop
  endfacet
  facet normal -0.872514 0.488589 0
    outer loop
      vertex -79.6552 -13.4369 0
      vertex -79.5497 -13.2485 30
      vertex -79.5497 -13.2485 0
    endloop
  endfacet
  facet normal -0.872514 0.488589 0
    outer loop
      vertex -79.5497 -13.2485 30
      vertex -79.6552 -13.4369 0
      vertex -79.6552 -13.4369 30
    endloop
  endfacet
  facet normal -0.980812 -0.194958 0
    outer loop
      vertex -79.2839 -11.5698 0
      vertex -79.326 -11.358 30
      vertex -79.326 -11.358 0
    endloop
  endfacet
  facet normal -0.980812 -0.194958 0
    outer loop
      vertex -79.326 -11.358 30
      vertex -79.2839 -11.5698 0
      vertex -79.2839 -11.5698 30
    endloop
  endfacet
  facet normal -0.734128 0.679011 0
    outer loop
      vertex -80.0555 -13.9445 0
      vertex -79.9089 -13.786 30
      vertex -79.9089 -13.786 0
    endloop
  endfacet
  facet normal -0.734128 0.679011 0
    outer loop
      vertex -79.9089 -13.786 30
      vertex -80.0555 -13.9445 0
      vertex -80.0555 -13.9445 30
    endloop
  endfacet
  facet normal 0.831337 -0.555769 0
    outer loop
      vertex -84.3448 -10.5631 30
      vertex -84.2248 -10.3836 0
      vertex -84.2248 -10.3836 30
    endloop
  endfacet
  facet normal 0.831337 -0.555769 0
    outer loop
      vertex -84.2248 -10.3836 0
      vertex -84.3448 -10.5631 30
      vertex -84.3448 -10.5631 0
    endloop
  endfacet
  facet normal 0.194958 0.980812 -0
    outer loop
      vertex -82.4302 -14.7161 0
      vertex -82.642 -14.674 30
      vertex -82.4302 -14.7161 30
    endloop
  endfacet
  facet normal 0.194958 0.980812 0
    outer loop
      vertex -82.642 -14.674 30
      vertex -82.4302 -14.7161 0
      vertex -82.642 -14.674 0
    endloop
  endfacet
  facet normal -0.999225 0.0393578 0
    outer loop
      vertex -79.2585 -12.2158 0
      vertex -79.25 -12 30
      vertex -79.25 -12 0
    endloop
  endfacet
  facet normal -0.999225 0.0393578 0
    outer loop
      vertex -79.25 -12 30
      vertex -79.2585 -12.2158 0
      vertex -79.2585 -12.2158 30
    endloop
  endfacet
  facet normal 0.980812 -0.194958 0
    outer loop
      vertex -84.7161 -11.5698 30
      vertex -84.674 -11.358 0
      vertex -84.674 -11.358 30
    endloop
  endfacet
  facet normal 0.980812 -0.194958 0
    outer loop
      vertex -84.674 -11.358 0
      vertex -84.7161 -11.5698 30
      vertex -84.7161 -11.5698 0
    endloop
  endfacet
  facet normal 0.0393578 0.999225 -0
    outer loop
      vertex -82 -14.75 0
      vertex -82.2158 -14.7415 30
      vertex -82 -14.75 30
    endloop
  endfacet
  facet normal 0.0393578 0.999225 0
    outer loop
      vertex -82.2158 -14.7415 30
      vertex -82 -14.75 0
      vertex -82.2158 -14.7415 0
    endloop
  endfacet
  facet normal 0.999225 -0.0393578 0
    outer loop
      vertex -84.75 -12 30
      vertex -84.7415 -11.7842 0
      vertex -84.7415 -11.7842 30
    endloop
  endfacet
  facet normal 0.999225 -0.0393578 0
    outer loop
      vertex -84.7415 -11.7842 0
      vertex -84.75 -12 30
      vertex -84.75 -12 0
    endloop
  endfacet
  facet normal -0.194958 0.980812 0
    outer loop
      vertex -81.358 -14.674 0
      vertex -81.5698 -14.7161 30
      vertex -81.358 -14.674 30
    endloop
  endfacet
  facet normal -0.194958 0.980812 0
    outer loop
      vertex -81.5698 -14.7161 30
      vertex -81.358 -14.674 0
      vertex -81.5698 -14.7161 0
    endloop
  endfacet
  facet normal 0.993055 -0.117647 0
    outer loop
      vertex -84.7415 -11.7842 30
      vertex -84.7161 -11.5698 0
      vertex -84.7161 -11.5698 30
    endloop
  endfacet
  facet normal 0.993055 -0.117647 0
    outer loop
      vertex -84.7161 -11.5698 0
      vertex -84.7415 -11.7842 30
      vertex -84.7415 -11.7842 0
    endloop
  endfacet
  facet normal 0.734128 0.679011 0
    outer loop
      vertex -83.9445 -13.9445 30
      vertex -84.0911 -13.786 0
      vertex -84.0911 -13.786 30
    endloop
  endfacet
  facet normal 0.734128 0.679011 0
    outer loop
      vertex -84.0911 -13.786 0
      vertex -83.9445 -13.9445 30
      vertex -83.9445 -13.9445 0
    endloop
  endfacet
  facet normal 0.980812 0.194958 0
    outer loop
      vertex -84.674 -12.642 30
      vertex -84.7161 -12.4302 0
      vertex -84.7161 -12.4302 30
    endloop
  endfacet
  facet normal 0.980812 0.194958 0
    outer loop
      vertex -84.7161 -12.4302 0
      vertex -84.674 -12.642 30
      vertex -84.674 -12.642 0
    endloop
  endfacet
  facet normal -0.785321 0.619089 0
    outer loop
      vertex -79.9089 -13.786 0
      vertex -79.7752 -13.6164 30
      vertex -79.7752 -13.6164 0
    endloop
  endfacet
  facet normal -0.785321 0.619089 0
    outer loop
      vertex -79.7752 -13.6164 30
      vertex -79.9089 -13.786 0
      vertex -79.9089 -13.786 30
    endloop
  endfacet
  facet normal 0.117647 0.993055 -0
    outer loop
      vertex -82.2158 -14.7415 0
      vertex -82.4302 -14.7161 30
      vertex -82.2158 -14.7415 30
    endloop
  endfacet
  facet normal 0.117647 0.993055 0
    outer loop
      vertex -82.4302 -14.7161 30
      vertex -82.2158 -14.7415 0
      vertex -82.4302 -14.7161 0
    endloop
  endfacet
  facet normal -0.962462 -0.271416 0
    outer loop
      vertex -79.326 -11.358 0
      vertex -79.3846 -11.1502 30
      vertex -79.3846 -11.1502 0
    endloop
  endfacet
  facet normal -0.962462 -0.271416 0
    outer loop
      vertex -79.3846 -11.1502 30
      vertex -79.326 -11.358 0
      vertex -79.326 -11.358 30
    endloop
  endfacet
  facet normal -0.55564 -0.831423 0
    outer loop
      vertex -80.5631 -9.65524 0
      vertex -80.3836 -9.7752 30
      vertex -80.5631 -9.65524 30
    endloop
  endfacet
  facet normal -0.55564 -0.831423 -0
    outer loop
      vertex -80.3836 -9.7752 30
      vertex -80.5631 -9.65524 0
      vertex -80.3836 -9.7752 0
    endloop
  endfacet
  facet normal 0.908149 0.418647 0
    outer loop
      vertex -84.4503 -13.2485 30
      vertex -84.5407 -13.0524 0
      vertex -84.5407 -13.0524 30
    endloop
  endfacet
  facet normal 0.908149 0.418647 0
    outer loop
      vertex -84.5407 -13.0524 0
      vertex -84.4503 -13.2485 30
      vertex -84.4503 -13.2485 0
    endloop
  endfacet
  facet normal 0.488625 -0.872494 0
    outer loop
      vertex -83.4369 -9.65524 0
      vertex -83.2485 -9.54973 30
      vertex -83.4369 -9.65524 30
    endloop
  endfacet
  facet normal 0.488625 -0.872494 0
    outer loop
      vertex -83.2485 -9.54973 30
      vertex -83.4369 -9.65524 0
      vertex -83.2485 -9.54973 0
    endloop
  endfacet
  facet normal -0.962462 0.271416 0
    outer loop
      vertex -79.3846 -12.8498 0
      vertex -79.326 -12.642 30
      vertex -79.326 -12.642 0
    endloop
  endfacet
  facet normal -0.962462 0.271416 0
    outer loop
      vertex -79.326 -12.642 30
      vertex -79.3846 -12.8498 0
      vertex -79.3846 -12.8498 30
    endloop
  endfacet
  facet normal -0.938256 -0.345941 0
    outer loop
      vertex -79.3846 -11.1502 0
      vertex -79.4593 -10.9476 30
      vertex -79.4593 -10.9476 0
    endloop
  endfacet
  facet normal -0.938256 -0.345941 0
    outer loop
      vertex -79.4593 -10.9476 30
      vertex -79.3846 -11.1502 0
      vertex -79.3846 -11.1502 30
    endloop
  endfacet
  facet normal -0.938256 0.345941 0
    outer loop
      vertex -79.4593 -13.0524 0
      vertex -79.3846 -12.8498 30
      vertex -79.3846 -12.8498 0
    endloop
  endfacet
  facet normal -0.938256 0.345941 0
    outer loop
      vertex -79.3846 -12.8498 30
      vertex -79.4593 -13.0524 0
      vertex -79.4593 -13.0524 30
    endloop
  endfacet
  facet normal -0.619032 -0.785366 0
    outer loop
      vertex -80.3836 -9.7752 0
      vertex -80.214 -9.90888 30
      vertex -80.3836 -9.7752 30
    endloop
  endfacet
  facet normal -0.619032 -0.785366 -0
    outer loop
      vertex -80.214 -9.90888 30
      vertex -80.3836 -9.7752 0
      vertex -80.214 -9.90888 0
    endloop
  endfacet
  facet normal 0.195047 -0.980794 0
    outer loop
      vertex -82.642 -9.32598 0
      vertex -82.4302 -9.28386 30
      vertex -82.642 -9.32598 30
    endloop
  endfacet
  facet normal 0.195047 -0.980794 0
    outer loop
      vertex -82.4302 -9.28386 30
      vertex -82.642 -9.32598 0
      vertex -82.4302 -9.28386 0
    endloop
  endfacet
  facet normal -0.418647 -0.908149 0
    outer loop
      vertex -80.9476 -9.45933 0
      vertex -80.7515 -9.54973 30
      vertex -80.9476 -9.45933 30
    endloop
  endfacet
  facet normal -0.418647 -0.908149 -0
    outer loop
      vertex -80.7515 -9.54973 30
      vertex -80.9476 -9.45933 0
      vertex -80.7515 -9.54973 0
    endloop
  endfacet
  facet normal 0.679061 -0.734082 0
    outer loop
      vertex -83.9445 -10.0555 0
      vertex -83.786 -9.90888 30
      vertex -83.9445 -10.0555 30
    endloop
  endfacet
  facet normal 0.679061 -0.734082 0
    outer loop
      vertex -83.786 -9.90888 30
      vertex -83.9445 -10.0555 0
      vertex -83.786 -9.90888 0
    endloop
  endfacet
  facet normal -0.0392653 -0.999229 0
    outer loop
      vertex -82 -9.25 0
      vertex -81.7842 -9.25848 30
      vertex -82 -9.25 30
    endloop
  endfacet
  facet normal -0.0392653 -0.999229 -0
    outer loop
      vertex -81.7842 -9.25848 30
      vertex -82 -9.25 0
      vertex -81.7842 -9.25848 0
    endloop
  endfacet
  facet normal 0.117556 -0.993066 0
    outer loop
      vertex -82.4302 -9.28386 0
      vertex -82.2158 -9.25848 30
      vertex -82.4302 -9.28386 30
    endloop
  endfacet
  facet normal 0.117556 -0.993066 0
    outer loop
      vertex -82.2158 -9.25848 30
      vertex -82.4302 -9.28386 0
      vertex -82.2158 -9.25848 0
    endloop
  endfacet
  facet normal -0.993055 0.117647 0
    outer loop
      vertex -79.2839 -12.4302 0
      vertex -79.2585 -12.2158 30
      vertex -79.2585 -12.2158 0
    endloop
  endfacet
  facet normal -0.993055 0.117647 0
    outer loop
      vertex -79.2585 -12.2158 30
      vertex -79.2839 -12.4302 0
      vertex -79.2839 -12.4302 30
    endloop
  endfacet
  facet normal -0.0393578 0.999225 0
    outer loop
      vertex -81.7842 -14.7415 0
      vertex -82 -14.75 30
      vertex -81.7842 -14.7415 30
    endloop
  endfacet
  facet normal -0.0393578 0.999225 0
    outer loop
      vertex -82 -14.75 30
      vertex -81.7842 -14.7415 0
      vertex -82 -14.75 0
    endloop
  endfacet
  facet normal 0.271459 -0.96245 0
    outer loop
      vertex -82.8498 -9.38459 0
      vertex -82.642 -9.32598 30
      vertex -82.8498 -9.38459 30
    endloop
  endfacet
  facet normal 0.271459 -0.96245 0
    outer loop
      vertex -82.642 -9.32598 30
      vertex -82.8498 -9.38459 0
      vertex -82.642 -9.32598 0
    endloop
  endfacet
  facet normal 0.993055 0.117647 0
    outer loop
      vertex -84.7161 -12.4302 30
      vertex -84.7415 -12.2158 0
      vertex -84.7415 -12.2158 30
    endloop
  endfacet
  facet normal 0.993055 0.117647 0
    outer loop
      vertex -84.7415 -12.2158 0
      vertex -84.7161 -12.4302 30
      vertex -84.7161 -12.4302 0
    endloop
  endfacet
  facet normal 0.831337 0.555769 0
    outer loop
      vertex -84.2248 -13.6164 30
      vertex -84.3448 -13.4369 0
      vertex -84.3448 -13.4369 30
    endloop
  endfacet
  facet normal 0.831337 0.555769 0
    outer loop
      vertex -84.3448 -13.4369 0
      vertex -84.2248 -13.6164 30
      vertex -84.2248 -13.6164 0
    endloop
  endfacet
  facet normal 0.619089 0.785321 -0
    outer loop
      vertex -83.6164 -14.2248 0
      vertex -83.786 -14.0911 30
      vertex -83.6164 -14.2248 30
    endloop
  endfacet
  facet normal 0.619089 0.785321 0
    outer loop
      vertex -83.786 -14.0911 30
      vertex -83.6164 -14.2248 0
      vertex -83.786 -14.0911 0
    endloop
  endfacet
  facet normal 0.619032 -0.785366 0
    outer loop
      vertex -83.786 -9.90888 0
      vertex -83.6164 -9.7752 30
      vertex -83.786 -9.90888 30
    endloop
  endfacet
  facet normal 0.619032 -0.785366 0
    outer loop
      vertex -83.6164 -9.7752 30
      vertex -83.786 -9.90888 0
      vertex -83.6164 -9.7752 0
    endloop
  endfacet
  facet normal 0.962462 0.271416 0
    outer loop
      vertex -84.6154 -12.8498 30
      vertex -84.674 -12.642 0
      vertex -84.674 -12.642 30
    endloop
  endfacet
  facet normal 0.962462 0.271416 0
    outer loop
      vertex -84.674 -12.642 0
      vertex -84.6154 -12.8498 30
      vertex -84.6154 -12.8498 0
    endloop
  endfacet
  facet normal 0.679011 0.734128 -0
    outer loop
      vertex -83.786 -14.0911 0
      vertex -83.9445 -13.9445 30
      vertex -83.786 -14.0911 30
    endloop
  endfacet
  facet normal 0.679011 0.734128 0
    outer loop
      vertex -83.9445 -13.9445 30
      vertex -83.786 -14.0911 0
      vertex -83.9445 -13.9445 0
    endloop
  endfacet
  facet normal 0.999225 0.0393578 0
    outer loop
      vertex -84.7415 -12.2158 30
      vertex -84.75 -12 0
      vertex -84.75 -12 30
    endloop
  endfacet
  facet normal 0.999225 0.0393578 0
    outer loop
      vertex -84.75 -12 0
      vertex -84.7415 -12.2158 30
      vertex -84.7415 -12.2158 0
    endloop
  endfacet
  facet normal -0.488589 0.872514 0
    outer loop
      vertex -80.5631 -14.3448 0
      vertex -80.7515 -14.4503 30
      vertex -80.5631 -14.3448 30
    endloop
  endfacet
  facet normal -0.488589 0.872514 0
    outer loop
      vertex -80.7515 -14.4503 30
      vertex -80.5631 -14.3448 0
      vertex -80.7515 -14.4503 0
    endloop
  endfacet
  facet normal -0.908149 -0.418647 0
    outer loop
      vertex -79.4593 -10.9476 0
      vertex -79.5497 -10.7515 30
      vertex -79.5497 -10.7515 0
    endloop
  endfacet
  facet normal -0.908149 -0.418647 0
    outer loop
      vertex -79.5497 -10.7515 30
      vertex -79.4593 -10.9476 0
      vertex -79.4593 -10.9476 30
    endloop
  endfacet
  facet normal 0.55564 -0.831423 0
    outer loop
      vertex -83.6164 -9.7752 0
      vertex -83.4369 -9.65524 30
      vertex -83.6164 -9.7752 30
    endloop
  endfacet
  facet normal 0.55564 -0.831423 0
    outer loop
      vertex -83.4369 -9.65524 30
      vertex -83.6164 -9.7752 0
      vertex -83.4369 -9.65524 0
    endloop
  endfacet
  facet normal 0.0392653 -0.999229 0
    outer loop
      vertex -82.2158 -9.25848 0
      vertex -82 -9.25 30
      vertex -82.2158 -9.25848 30
    endloop
  endfacet
  facet normal 0.0392653 -0.999229 0
    outer loop
      vertex -82 -9.25 30
      vertex -82.2158 -9.25848 0
      vertex -82 -9.25 0
    endloop
  endfacet
  facet normal -0.831337 -0.555769 0
    outer loop
      vertex -79.6552 -10.5631 0
      vertex -79.7752 -10.3836 30
      vertex -79.7752 -10.3836 0
    endloop
  endfacet
  facet normal -0.831337 -0.555769 0
    outer loop
      vertex -79.7752 -10.3836 30
      vertex -79.6552 -10.5631 0
      vertex -79.6552 -10.5631 30
    endloop
  endfacet
  facet normal 0.785321 -0.619089 0
    outer loop
      vertex -84.2248 -10.3836 30
      vertex -84.0911 -10.214 0
      vertex -84.0911 -10.214 30
    endloop
  endfacet
  facet normal 0.785321 -0.619089 0
    outer loop
      vertex -84.0911 -10.214 0
      vertex -84.2248 -10.3836 30
      vertex -84.2248 -10.3836 0
    endloop
  endfacet
  facet normal -0.117556 -0.993066 0
    outer loop
      vertex -81.7842 -9.25848 0
      vertex -81.5698 -9.28386 30
      vertex -81.7842 -9.25848 30
    endloop
  endfacet
  facet normal -0.117556 -0.993066 -0
    outer loop
      vertex -81.5698 -9.28386 30
      vertex -81.7842 -9.25848 0
      vertex -81.5698 -9.28386 0
    endloop
  endfacet
  facet normal -0.679011 0.734128 0
    outer loop
      vertex -80.0555 -13.9445 0
      vertex -80.214 -14.0911 30
      vertex -80.0555 -13.9445 30
    endloop
  endfacet
  facet normal -0.679011 0.734128 0
    outer loop
      vertex -80.214 -14.0911 30
      vertex -80.0555 -13.9445 0
      vertex -80.214 -14.0911 0
    endloop
  endfacet
  facet normal -0.271459 -0.96245 0
    outer loop
      vertex -81.358 -9.32598 0
      vertex -81.1502 -9.38459 30
      vertex -81.358 -9.32598 30
    endloop
  endfacet
  facet normal -0.271459 -0.96245 -0
    outer loop
      vertex -81.1502 -9.38459 30
      vertex -81.358 -9.32598 0
      vertex -81.1502 -9.38459 0
    endloop
  endfacet
  facet normal 0.488589 0.872514 -0
    outer loop
      vertex -83.2485 -14.4503 0
      vertex -83.4369 -14.3448 30
      vertex -83.2485 -14.4503 30
    endloop
  endfacet
  facet normal 0.488589 0.872514 0
    outer loop
      vertex -83.4369 -14.3448 30
      vertex -83.2485 -14.4503 0
      vertex -83.4369 -14.3448 0
    endloop
  endfacet
  facet normal 0.938256 -0.345941 0
    outer loop
      vertex -84.6154 -11.1502 30
      vertex -84.5407 -10.9476 0
      vertex -84.5407 -10.9476 30
    endloop
  endfacet
  facet normal 0.938256 -0.345941 0
    outer loop
      vertex -84.5407 -10.9476 0
      vertex -84.6154 -11.1502 30
      vertex -84.6154 -11.1502 0
    endloop
  endfacet
  facet normal -0.993055 -0.117647 0
    outer loop
      vertex -79.2585 12.2158 0
      vertex -79.2839 12.4302 30
      vertex -79.2839 12.4302 0
    endloop
  endfacet
  facet normal -0.993055 -0.117647 0
    outer loop
      vertex -79.2839 12.4302 30
      vertex -79.2585 12.2158 0
      vertex -79.2585 12.2158 30
    endloop
  endfacet
  facet normal -0.999225 -0.0393578 0
    outer loop
      vertex -79.25 12 0
      vertex -79.2585 12.2158 30
      vertex -79.2585 12.2158 0
    endloop
  endfacet
  facet normal -0.999225 -0.0393578 0
    outer loop
      vertex -79.2585 12.2158 30
      vertex -79.25 12 0
      vertex -79.25 12 30
    endloop
  endfacet
  facet normal -0.980812 -0.194958 0
    outer loop
      vertex -79.2839 12.4302 0
      vertex -79.326 12.642 30
      vertex -79.326 12.642 0
    endloop
  endfacet
  facet normal -0.980812 -0.194958 0
    outer loop
      vertex -79.326 12.642 30
      vertex -79.2839 12.4302 0
      vertex -79.2839 12.4302 30
    endloop
  endfacet
  facet normal -0.785321 0.619089 0
    outer loop
      vertex -79.9089 10.214 0
      vertex -79.7752 10.3836 30
      vertex -79.7752 10.3836 0
    endloop
  endfacet
  facet normal -0.785321 0.619089 0
    outer loop
      vertex -79.7752 10.3836 30
      vertex -79.9089 10.214 0
      vertex -79.9089 10.214 30
    endloop
  endfacet
  facet normal 0.831337 -0.555769 0
    outer loop
      vertex -84.3448 13.4369 30
      vertex -84.2248 13.6164 0
      vertex -84.2248 13.6164 30
    endloop
  endfacet
  facet normal 0.831337 -0.555769 0
    outer loop
      vertex -84.2248 13.6164 0
      vertex -84.3448 13.4369 30
      vertex -84.3448 13.4369 0
    endloop
  endfacet
  facet normal 0.785321 0.619089 0
    outer loop
      vertex -84.0911 10.214 30
      vertex -84.2248 10.3836 0
      vertex -84.2248 10.3836 30
    endloop
  endfacet
  facet normal 0.785321 0.619089 0
    outer loop
      vertex -84.2248 10.3836 0
      vertex -84.0911 10.214 30
      vertex -84.0911 10.214 0
    endloop
  endfacet
  facet normal 0.938256 -0.345941 0
    outer loop
      vertex -84.6154 12.8498 30
      vertex -84.5407 13.0524 0
      vertex -84.5407 13.0524 30
    endloop
  endfacet
  facet normal 0.938256 -0.345941 0
    outer loop
      vertex -84.5407 13.0524 0
      vertex -84.6154 12.8498 30
      vertex -84.6154 12.8498 0
    endloop
  endfacet
  facet normal 0.908149 -0.418647 0
    outer loop
      vertex -84.5407 13.0524 30
      vertex -84.4503 13.2485 0
      vertex -84.4503 13.2485 30
    endloop
  endfacet
  facet normal 0.908149 -0.418647 0
    outer loop
      vertex -84.4503 13.2485 0
      vertex -84.5407 13.0524 30
      vertex -84.5407 13.0524 0
    endloop
  endfacet
  facet normal -0.962462 0.271416 0
    outer loop
      vertex -79.3846 11.1502 0
      vertex -79.326 11.358 30
      vertex -79.326 11.358 0
    endloop
  endfacet
  facet normal -0.962462 0.271416 0
    outer loop
      vertex -79.326 11.358 30
      vertex -79.3846 11.1502 0
      vertex -79.3846 11.1502 30
    endloop
  endfacet
  facet normal 0.993055 0.117647 0
    outer loop
      vertex -84.7161 11.5698 30
      vertex -84.7415 11.7842 0
      vertex -84.7415 11.7842 30
    endloop
  endfacet
  facet normal 0.993055 0.117647 0
    outer loop
      vertex -84.7415 11.7842 0
      vertex -84.7161 11.5698 30
      vertex -84.7161 11.5698 0
    endloop
  endfacet
  facet normal -0.345941 -0.938256 0
    outer loop
      vertex -81.1502 14.6154 0
      vertex -80.9476 14.5407 30
      vertex -81.1502 14.6154 30
    endloop
  endfacet
  facet normal -0.345941 -0.938256 -0
    outer loop
      vertex -80.9476 14.5407 30
      vertex -81.1502 14.6154 0
      vertex -80.9476 14.5407 0
    endloop
  endfacet
  facet normal -0.195047 0.980794 0
    outer loop
      vertex -81.358 9.32598 0
      vertex -81.5698 9.28386 30
      vertex -81.358 9.32598 30
    endloop
  endfacet
  facet normal -0.195047 0.980794 0
    outer loop
      vertex -81.5698 9.28386 30
      vertex -81.358 9.32598 0
      vertex -81.5698 9.28386 0
    endloop
  endfacet
  facet normal -0.0392653 0.999229 0
    outer loop
      vertex -81.7842 9.25848 0
      vertex -82 9.25 30
      vertex -81.7842 9.25848 30
    endloop
  endfacet
  facet normal -0.0392653 0.999229 0
    outer loop
      vertex -82 9.25 30
      vertex -81.7842 9.25848 0
      vertex -82 9.25 0
    endloop
  endfacet
  facet normal 0.999225 0.0393578 0
    outer loop
      vertex -84.7415 11.7842 30
      vertex -84.75 12 0
      vertex -84.75 12 30
    endloop
  endfacet
  facet normal 0.999225 0.0393578 0
    outer loop
      vertex -84.75 12 0
      vertex -84.7415 11.7842 30
      vertex -84.7415 11.7842 0
    endloop
  endfacet
  facet normal -0.734128 0.679011 0
    outer loop
      vertex -80.0555 10.0555 0
      vertex -79.9089 10.214 30
      vertex -79.9089 10.214 0
    endloop
  endfacet
  facet normal -0.734128 0.679011 0
    outer loop
      vertex -79.9089 10.214 30
      vertex -80.0555 10.0555 0
      vertex -80.0555 10.0555 30
    endloop
  endfacet
  facet normal -0.194958 -0.980812 0
    outer loop
      vertex -81.5698 14.7161 0
      vertex -81.358 14.674 30
      vertex -81.5698 14.7161 30
    endloop
  endfacet
  facet normal -0.194958 -0.980812 -0
    outer loop
      vertex -81.358 14.674 30
      vertex -81.5698 14.7161 0
      vertex -81.358 14.674 0
    endloop
  endfacet
  facet normal 0.619089 -0.785321 0
    outer loop
      vertex -83.786 14.0911 0
      vertex -83.6164 14.2248 30
      vertex -83.786 14.0911 30
    endloop
  endfacet
  facet normal 0.619089 -0.785321 0
    outer loop
      vertex -83.6164 14.2248 30
      vertex -83.786 14.0911 0
      vertex -83.6164 14.2248 0
    endloop
  endfacet
  facet normal -0.785321 -0.619089 0
    outer loop
      vertex -79.7752 13.6164 0
      vertex -79.9089 13.786 30
      vertex -79.9089 13.786 0
    endloop
  endfacet
  facet normal -0.785321 -0.619089 0
    outer loop
      vertex -79.9089 13.786 30
      vertex -79.7752 13.6164 0
      vertex -79.7752 13.6164 30
    endloop
  endfacet
  facet normal 0.55564 0.831423 -0
    outer loop
      vertex -83.4369 9.65524 0
      vertex -83.6164 9.7752 30
      vertex -83.4369 9.65524 30
    endloop
  endfacet
  facet normal 0.55564 0.831423 0
    outer loop
      vertex -83.6164 9.7752 30
      vertex -83.4369 9.65524 0
      vertex -83.6164 9.7752 0
    endloop
  endfacet
  facet normal -0.555769 -0.831337 0
    outer loop
      vertex -80.5631 14.3448 0
      vertex -80.3836 14.2248 30
      vertex -80.5631 14.3448 30
    endloop
  endfacet
  facet normal -0.555769 -0.831337 -0
    outer loop
      vertex -80.3836 14.2248 30
      vertex -80.5631 14.3448 0
      vertex -80.3836 14.2248 0
    endloop
  endfacet
  facet normal -0.980812 0.194958 0
    outer loop
      vertex -79.326 11.358 0
      vertex -79.2839 11.5698 30
      vertex -79.2839 11.5698 0
    endloop
  endfacet
  facet normal -0.980812 0.194958 0
    outer loop
      vertex -79.2839 11.5698 30
      vertex -79.326 11.358 0
      vertex -79.326 11.358 30
    endloop
  endfacet
  facet normal 0.488625 0.872494 -0
    outer loop
      vertex -83.2485 9.54973 0
      vertex -83.4369 9.65524 30
      vertex -83.2485 9.54973 30
    endloop
  endfacet
  facet normal 0.488625 0.872494 0
    outer loop
      vertex -83.4369 9.65524 30
      vertex -83.2485 9.54973 0
      vertex -83.4369 9.65524 0
    endloop
  endfacet
  facet normal -0.831337 -0.555769 0
    outer loop
      vertex -79.6552 13.4369 0
      vertex -79.7752 13.6164 30
      vertex -79.7752 13.6164 0
    endloop
  endfacet
  facet normal -0.831337 -0.555769 0
    outer loop
      vertex -79.7752 13.6164 30
      vertex -79.6552 13.4369 0
      vertex -79.6552 13.4369 30
    endloop
  endfacet
  facet normal 0.962462 0.271416 0
    outer loop
      vertex -84.6154 11.1502 30
      vertex -84.674 11.358 0
      vertex -84.674 11.358 30
    endloop
  endfacet
  facet normal 0.962462 0.271416 0
    outer loop
      vertex -84.674 11.358 0
      vertex -84.6154 11.1502 30
      vertex -84.6154 11.1502 0
    endloop
  endfacet
  facet normal -0.271459 0.96245 0
    outer loop
      vertex -81.1502 9.38459 0
      vertex -81.358 9.32598 30
      vertex -81.1502 9.38459 30
    endloop
  endfacet
  facet normal -0.271459 0.96245 0
    outer loop
      vertex -81.358 9.32598 30
      vertex -81.1502 9.38459 0
      vertex -81.358 9.32598 0
    endloop
  endfacet
  facet normal 0.117647 -0.993055 0
    outer loop
      vertex -82.4302 14.7161 0
      vertex -82.2158 14.7415 30
      vertex -82.4302 14.7161 30
    endloop
  endfacet
  facet normal 0.117647 -0.993055 0
    outer loop
      vertex -82.2158 14.7415 30
      vertex -82.4302 14.7161 0
      vertex -82.2158 14.7415 0
    endloop
  endfacet
  facet normal -0.619089 -0.785321 0
    outer loop
      vertex -80.3836 14.2248 0
      vertex -80.214 14.0911 30
      vertex -80.3836 14.2248 30
    endloop
  endfacet
  facet normal -0.619089 -0.785321 -0
    outer loop
      vertex -80.214 14.0911 30
      vertex -80.3836 14.2248 0
      vertex -80.214 14.0911 0
    endloop
  endfacet
  facet normal 0.271416 -0.962462 0
    outer loop
      vertex -82.8498 14.6154 0
      vertex -82.642 14.674 30
      vertex -82.8498 14.6154 30
    endloop
  endfacet
  facet normal 0.271416 -0.962462 0
    outer loop
      vertex -82.642 14.674 30
      vertex -82.8498 14.6154 0
      vertex -82.642 14.674 0
    endloop
  endfacet
  facet normal -0.831337 0.555769 0
    outer loop
      vertex -79.7752 10.3836 0
      vertex -79.6552 10.5631 30
      vertex -79.6552 10.5631 0
    endloop
  endfacet
  facet normal -0.831337 0.555769 0
    outer loop
      vertex -79.6552 10.5631 30
      vertex -79.7752 10.3836 0
      vertex -79.7752 10.3836 30
    endloop
  endfacet
  facet normal 0.785321 -0.619089 0
    outer loop
      vertex -84.2248 13.6164 30
      vertex -84.0911 13.786 0
      vertex -84.0911 13.786 30
    endloop
  endfacet
  facet normal 0.785321 -0.619089 0
    outer loop
      vertex -84.0911 13.786 0
      vertex -84.2248 13.6164 30
      vertex -84.2248 13.6164 0
    endloop
  endfacet
  facet normal 0.488589 -0.872514 0
    outer loop
      vertex -83.4369 14.3448 0
      vertex -83.2485 14.4503 30
      vertex -83.4369 14.3448 30
    endloop
  endfacet
  facet normal 0.488589 -0.872514 0
    outer loop
      vertex -83.2485 14.4503 30
      vertex -83.4369 14.3448 0
      vertex -83.2485 14.4503 0
    endloop
  endfacet
  facet normal -0.872514 -0.488589 0
    outer loop
      vertex -79.5497 13.2485 0
      vertex -79.6552 13.4369 30
      vertex -79.6552 13.4369 0
    endloop
  endfacet
  facet normal -0.872514 -0.488589 0
    outer loop
      vertex -79.6552 13.4369 30
      vertex -79.5497 13.2485 0
      vertex -79.5497 13.2485 30
    endloop
  endfacet
  facet normal 0.194958 -0.980812 0
    outer loop
      vertex -82.642 14.674 0
      vertex -82.4302 14.7161 30
      vertex -82.642 14.674 30
    endloop
  endfacet
  facet normal 0.194958 -0.980812 0
    outer loop
      vertex -82.4302 14.7161 30
      vertex -82.642 14.674 0
      vertex -82.4302 14.7161 0
    endloop
  endfacet
  facet normal 0.679061 0.734082 -0
    outer loop
      vertex -83.786 9.90888 0
      vertex -83.9445 10.0555 30
      vertex -83.786 9.90888 30
    endloop
  endfacet
  facet normal 0.679061 0.734082 0
    outer loop
      vertex -83.9445 10.0555 30
      vertex -83.786 9.90888 0
      vertex -83.9445 10.0555 0
    endloop
  endfacet
  facet normal -0.962462 -0.271416 0
    outer loop
      vertex -79.326 12.642 0
      vertex -79.3846 12.8498 30
      vertex -79.3846 12.8498 0
    endloop
  endfacet
  facet normal -0.962462 -0.271416 0
    outer loop
      vertex -79.3846 12.8498 30
      vertex -79.326 12.642 0
      vertex -79.326 12.642 30
    endloop
  endfacet
  facet normal -0.679011 -0.734128 0
    outer loop
      vertex -80.214 14.0911 0
      vertex -80.0555 13.9445 30
      vertex -80.214 14.0911 30
    endloop
  endfacet
  facet normal -0.679011 -0.734128 -0
    outer loop
      vertex -80.0555 13.9445 30
      vertex -80.214 14.0911 0
      vertex -80.0555 13.9445 0
    endloop
  endfacet
  facet normal 0.734128 -0.679011 0
    outer loop
      vertex -84.0911 13.786 30
      vertex -83.9445 13.9445 0
      vertex -83.9445 13.9445 30
    endloop
  endfacet
  facet normal 0.734128 -0.679011 0
    outer loop
      vertex -83.9445 13.9445 0
      vertex -84.0911 13.786 30
      vertex -84.0911 13.786 0
    endloop
  endfacet
  facet normal -0.872514 0.488589 0
    outer loop
      vertex -79.6552 10.5631 0
      vertex -79.5497 10.7515 30
      vertex -79.5497 10.7515 0
    endloop
  endfacet
  facet normal -0.872514 0.488589 0
    outer loop
      vertex -79.5497 10.7515 30
      vertex -79.6552 10.5631 0
      vertex -79.6552 10.5631 30
    endloop
  endfacet
  facet normal 0.117556 0.993066 -0
    outer loop
      vertex -82.2158 9.25848 0
      vertex -82.4302 9.28386 30
      vertex -82.2158 9.25848 30
    endloop
  endfacet
  facet normal 0.117556 0.993066 0
    outer loop
      vertex -82.4302 9.28386 30
      vertex -82.2158 9.25848 0
      vertex -82.4302 9.28386 0
    endloop
  endfacet
  facet normal 0.346104 0.938196 -0
    outer loop
      vertex -82.8498 9.38459 0
      vertex -83.0524 9.45933 30
      vertex -82.8498 9.38459 30
    endloop
  endfacet
  facet normal 0.346104 0.938196 0
    outer loop
      vertex -83.0524 9.45933 30
      vertex -82.8498 9.38459 0
      vertex -83.0524 9.45933 0
    endloop
  endfacet
  facet normal 0.0393578 -0.999225 0
    outer loop
      vertex -82.2158 14.7415 0
      vertex -82 14.75 30
      vertex -82.2158 14.7415 30
    endloop
  endfacet
  facet normal 0.0393578 -0.999225 0
    outer loop
      vertex -82 14.75 30
      vertex -82.2158 14.7415 0
      vertex -82 14.75 0
    endloop
  endfacet
  facet normal 0.872514 -0.488589 0
    outer loop
      vertex -84.4503 13.2485 30
      vertex -84.3448 13.4369 0
      vertex -84.3448 13.4369 30
    endloop
  endfacet
  facet normal 0.872514 -0.488589 0
    outer loop
      vertex -84.3448 13.4369 0
      vertex -84.4503 13.2485 30
      vertex -84.4503 13.2485 0
    endloop
  endfacet
  facet normal -0.488625 0.872494 0
    outer loop
      vertex -80.5631 9.65524 0
      vertex -80.7515 9.54973 30
      vertex -80.5631 9.65524 30
    endloop
  endfacet
  facet normal -0.488625 0.872494 0
    outer loop
      vertex -80.7515 9.54973 30
      vertex -80.5631 9.65524 0
      vertex -80.7515 9.54973 0
    endloop
  endfacet
  facet normal -0.679061 0.734082 0
    outer loop
      vertex -80.0555 10.0555 0
      vertex -80.214 9.90888 30
      vertex -80.0555 10.0555 30
    endloop
  endfacet
  facet normal -0.679061 0.734082 0
    outer loop
      vertex -80.214 9.90888 30
      vertex -80.0555 10.0555 0
      vertex -80.214 9.90888 0
    endloop
  endfacet
  facet normal -0.346104 0.938196 0
    outer loop
      vertex -80.9476 9.45933 0
      vertex -81.1502 9.38459 30
      vertex -80.9476 9.45933 30
    endloop
  endfacet
  facet normal -0.346104 0.938196 0
    outer loop
      vertex -81.1502 9.38459 30
      vertex -80.9476 9.45933 0
      vertex -81.1502 9.38459 0
    endloop
  endfacet
  facet normal -0.0393578 -0.999225 0
    outer loop
      vertex -82 14.75 0
      vertex -81.7842 14.7415 30
      vertex -82 14.75 30
    endloop
  endfacet
  facet normal -0.0393578 -0.999225 -0
    outer loop
      vertex -81.7842 14.7415 30
      vertex -82 14.75 0
      vertex -81.7842 14.7415 0
    endloop
  endfacet
  facet normal -0.734128 -0.679011 0
    outer loop
      vertex -79.9089 13.786 0
      vertex -80.0555 13.9445 30
      vertex -80.0555 13.9445 0
    endloop
  endfacet
  facet normal -0.734128 -0.679011 0
    outer loop
      vertex -80.0555 13.9445 30
      vertex -79.9089 13.786 0
      vertex -79.9089 13.786 30
    endloop
  endfacet
  facet normal -0.418647 -0.908149 0
    outer loop
      vertex -80.9476 14.5407 0
      vertex -80.7515 14.4503 30
      vertex -80.9476 14.5407 30
    endloop
  endfacet
  facet normal -0.418647 -0.908149 -0
    outer loop
      vertex -80.7515 14.4503 30
      vertex -80.9476 14.5407 0
      vertex -80.7515 14.4503 0
    endloop
  endfacet
  facet normal -0.908149 0.418647 0
    outer loop
      vertex -79.5497 10.7515 0
      vertex -79.4593 10.9476 30
      vertex -79.4593 10.9476 0
    endloop
  endfacet
  facet normal -0.908149 0.418647 0
    outer loop
      vertex -79.4593 10.9476 30
      vertex -79.5497 10.7515 0
      vertex -79.5497 10.7515 30
    endloop
  endfacet
  facet normal -0.999225 0.0393578 0
    outer loop
      vertex -79.2585 11.7842 0
      vertex -79.25 12 30
      vertex -79.25 12 0
    endloop
  endfacet
  facet normal -0.999225 0.0393578 0
    outer loop
      vertex -79.25 12 30
      vertex -79.2585 11.7842 0
      vertex -79.2585 11.7842 30
    endloop
  endfacet
  facet normal -0.117556 0.993066 0
    outer loop
      vertex -81.5698 9.28386 0
      vertex -81.7842 9.25848 30
      vertex -81.5698 9.28386 30
    endloop
  endfacet
  facet normal -0.117556 0.993066 0
    outer loop
      vertex -81.7842 9.25848 30
      vertex -81.5698 9.28386 0
      vertex -81.7842 9.25848 0
    endloop
  endfacet
  facet normal 0.418647 -0.908149 0
    outer loop
      vertex -83.2485 14.4503 0
      vertex -83.0524 14.5407 30
      vertex -83.2485 14.4503 30
    endloop
  endfacet
  facet normal 0.418647 -0.908149 0
    outer loop
      vertex -83.0524 14.5407 30
      vertex -83.2485 14.4503 0
      vertex -83.0524 14.5407 0
    endloop
  endfacet
  facet normal 0.679011 -0.734128 0
    outer loop
      vertex -83.9445 13.9445 0
      vertex -83.786 14.0911 30
      vertex -83.9445 13.9445 30
    endloop
  endfacet
  facet normal 0.679011 -0.734128 0
    outer loop
      vertex -83.786 14.0911 30
      vertex -83.9445 13.9445 0
      vertex -83.786 14.0911 0
    endloop
  endfacet
  facet normal 0.734128 0.679011 0
    outer loop
      vertex -83.9445 10.0555 30
      vertex -84.0911 10.214 0
      vertex -84.0911 10.214 30
    endloop
  endfacet
  facet normal 0.734128 0.679011 0
    outer loop
      vertex -84.0911 10.214 0
      vertex -83.9445 10.0555 30
      vertex -83.9445 10.0555 0
    endloop
  endfacet
  facet normal -0.993055 0.117647 0
    outer loop
      vertex -79.2839 11.5698 0
      vertex -79.2585 11.7842 30
      vertex -79.2585 11.7842 0
    endloop
  endfacet
  facet normal -0.993055 0.117647 0
    outer loop
      vertex -79.2585 11.7842 30
      vertex -79.2839 11.5698 0
      vertex -79.2839 11.5698 30
    endloop
  endfacet
  facet normal 0.962462 -0.271416 0
    outer loop
      vertex -84.674 12.642 30
      vertex -84.6154 12.8498 0
      vertex -84.6154 12.8498 30
    endloop
  endfacet
  facet normal 0.962462 -0.271416 0
    outer loop
      vertex -84.6154 12.8498 0
      vertex -84.674 12.642 30
      vertex -84.674 12.642 0
    endloop
  endfacet
  facet normal 0.271459 0.96245 -0
    outer loop
      vertex -82.642 9.32598 0
      vertex -82.8498 9.38459 30
      vertex -82.642 9.32598 30
    endloop
  endfacet
  facet normal 0.271459 0.96245 0
    outer loop
      vertex -82.8498 9.38459 30
      vertex -82.642 9.32598 0
      vertex -82.8498 9.38459 0
    endloop
  endfacet
  facet normal 0.345941 -0.938256 0
    outer loop
      vertex -83.0524 14.5407 0
      vertex -82.8498 14.6154 30
      vertex -83.0524 14.5407 30
    endloop
  endfacet
  facet normal 0.345941 -0.938256 0
    outer loop
      vertex -82.8498 14.6154 30
      vertex -83.0524 14.5407 0
      vertex -82.8498 14.6154 0
    endloop
  endfacet
  facet normal -0.938256 0.345941 0
    outer loop
      vertex -79.4593 10.9476 0
      vertex -79.3846 11.1502 30
      vertex -79.3846 11.1502 0
    endloop
  endfacet
  facet normal -0.938256 0.345941 0
    outer loop
      vertex -79.3846 11.1502 30
      vertex -79.4593 10.9476 0
      vertex -79.4593 10.9476 30
    endloop
  endfacet
  facet normal 0.831337 0.555769 0
    outer loop
      vertex -84.2248 10.3836 30
      vertex -84.3448 10.5631 0
      vertex -84.3448 10.5631 30
    endloop
  endfacet
  facet normal 0.831337 0.555769 0
    outer loop
      vertex -84.3448 10.5631 0
      vertex -84.2248 10.3836 30
      vertex -84.2248 10.3836 0
    endloop
  endfacet
  facet normal 0.195047 0.980794 -0
    outer loop
      vertex -82.4302 9.28386 0
      vertex -82.642 9.32598 30
      vertex -82.4302 9.28386 30
    endloop
  endfacet
  facet normal 0.195047 0.980794 0
    outer loop
      vertex -82.642 9.32598 30
      vertex -82.4302 9.28386 0
      vertex -82.642 9.32598 0
    endloop
  endfacet
  facet normal 0.980812 -0.194958 0
    outer loop
      vertex -84.7161 12.4302 30
      vertex -84.674 12.642 0
      vertex -84.674 12.642 30
    endloop
  endfacet
  facet normal 0.980812 -0.194958 0
    outer loop
      vertex -84.674 12.642 0
      vertex -84.7161 12.4302 30
      vertex -84.7161 12.4302 0
    endloop
  endfacet
  facet normal 0.555769 -0.831337 0
    outer loop
      vertex -83.6164 14.2248 0
      vertex -83.4369 14.3448 30
      vertex -83.6164 14.2248 30
    endloop
  endfacet
  facet normal 0.555769 -0.831337 0
    outer loop
      vertex -83.4369 14.3448 30
      vertex -83.6164 14.2248 0
      vertex -83.4369 14.3448 0
    endloop
  endfacet
  facet normal -0.418647 0.908149 0
    outer loop
      vertex -80.7515 9.54973 0
      vertex -80.9476 9.45933 30
      vertex -80.7515 9.54973 30
    endloop
  endfacet
  facet normal -0.418647 0.908149 0
    outer loop
      vertex -80.9476 9.45933 30
      vertex -80.7515 9.54973 0
      vertex -80.9476 9.45933 0
    endloop
  endfacet
  facet normal 0.980812 0.194958 0
    outer loop
      vertex -84.674 11.358 30
      vertex -84.7161 11.5698 0
      vertex -84.7161 11.5698 30
    endloop
  endfacet
  facet normal 0.980812 0.194958 0
    outer loop
      vertex -84.7161 11.5698 0
      vertex -84.674 11.358 30
      vertex -84.674 11.358 0
    endloop
  endfacet
  facet normal -0.271416 -0.962462 0
    outer loop
      vertex -81.358 14.674 0
      vertex -81.1502 14.6154 30
      vertex -81.358 14.674 30
    endloop
  endfacet
  facet normal -0.271416 -0.962462 -0
    outer loop
      vertex -81.1502 14.6154 30
      vertex -81.358 14.674 0
      vertex -81.1502 14.6154 0
    endloop
  endfacet
  facet normal -0.938256 -0.345941 0
    outer loop
      vertex -79.3846 12.8498 0
      vertex -79.4593 13.0524 30
      vertex -79.4593 13.0524 0
    endloop
  endfacet
  facet normal -0.938256 -0.345941 0
    outer loop
      vertex -79.4593 13.0524 30
      vertex -79.3846 12.8498 0
      vertex -79.3846 12.8498 30
    endloop
  endfacet
  facet normal -0.117647 -0.993055 0
    outer loop
      vertex -81.7842 14.7415 0
      vertex -81.5698 14.7161 30
      vertex -81.7842 14.7415 30
    endloop
  endfacet
  facet normal -0.117647 -0.993055 -0
    outer loop
      vertex -81.5698 14.7161 30
      vertex -81.7842 14.7415 0
      vertex -81.5698 14.7161 0
    endloop
  endfacet
  facet normal -0.488589 -0.872514 0
    outer loop
      vertex -80.7515 14.4503 0
      vertex -80.5631 14.3448 30
      vertex -80.7515 14.4503 30
    endloop
  endfacet
  facet normal -0.488589 -0.872514 -0
    outer loop
      vertex -80.5631 14.3448 30
      vertex -80.7515 14.4503 0
      vertex -80.5631 14.3448 0
    endloop
  endfacet
  facet normal -0.619032 0.785366 0
    outer loop
      vertex -80.214 9.90888 0
      vertex -80.3836 9.7752 30
      vertex -80.214 9.90888 30
    endloop
  endfacet
  facet normal -0.619032 0.785366 0
    outer loop
      vertex -80.3836 9.7752 30
      vertex -80.214 9.90888 0
      vertex -80.3836 9.7752 0
    endloop
  endfacet
  facet normal 0.908149 0.418647 0
    outer loop
      vertex -84.4503 10.7515 30
      vertex -84.5407 10.9476 0
      vertex -84.5407 10.9476 30
    endloop
  endfacet
  facet normal 0.908149 0.418647 0
    outer loop
      vertex -84.5407 10.9476 0
      vertex -84.4503 10.7515 30
      vertex -84.4503 10.7515 0
    endloop
  endfacet
  facet normal -0.908149 -0.418647 0
    outer loop
      vertex -79.4593 13.0524 0
      vertex -79.5497 13.2485 30
      vertex -79.5497 13.2485 0
    endloop
  endfacet
  facet normal -0.908149 -0.418647 0
    outer loop
      vertex -79.5497 13.2485 30
      vertex -79.4593 13.0524 0
      vertex -79.4593 13.0524 30
    endloop
  endfacet
  facet normal 0.418647 0.908149 -0
    outer loop
      vertex -83.0524 9.45933 0
      vertex -83.2485 9.54973 30
      vertex -83.0524 9.45933 30
    endloop
  endfacet
  facet normal 0.418647 0.908149 0
    outer loop
      vertex -83.2485 9.54973 30
      vertex -83.0524 9.45933 0
      vertex -83.2485 9.54973 0
    endloop
  endfacet
  facet normal 0.938256 0.345941 0
    outer loop
      vertex -84.5407 10.9476 30
      vertex -84.6154 11.1502 0
      vertex -84.6154 11.1502 30
    endloop
  endfacet
  facet normal 0.938256 0.345941 0
    outer loop
      vertex -84.6154 11.1502 0
      vertex -84.5407 10.9476 30
      vertex -84.5407 10.9476 0
    endloop
  endfacet
  facet normal -0.55564 0.831423 0
    outer loop
      vertex -80.3836 9.7752 0
      vertex -80.5631 9.65524 30
      vertex -80.3836 9.7752 30
    endloop
  endfacet
  facet normal -0.55564 0.831423 0
    outer loop
      vertex -80.5631 9.65524 30
      vertex -80.3836 9.7752 0
      vertex -80.5631 9.65524 0
    endloop
  endfacet
  facet normal 0.993055 -0.117647 0
    outer loop
      vertex -84.7415 12.2158 30
      vertex -84.7161 12.4302 0
      vertex -84.7161 12.4302 30
    endloop
  endfacet
  facet normal 0.993055 -0.117647 0
    outer loop
      vertex -84.7161 12.4302 0
      vertex -84.7415 12.2158 30
      vertex -84.7415 12.2158 0
    endloop
  endfacet
  facet normal 0.0392653 0.999229 -0
    outer loop
      vertex -82 9.25 0
      vertex -82.2158 9.25848 30
      vertex -82 9.25 30
    endloop
  endfacet
  facet normal 0.0392653 0.999229 0
    outer loop
      vertex -82.2158 9.25848 30
      vertex -82 9.25 0
      vertex -82.2158 9.25848 0
    endloop
  endfacet
  facet normal 0.999225 -0.0393578 0
    outer loop
      vertex -84.75 12 30
      vertex -84.7415 12.2158 0
      vertex -84.7415 12.2158 30
    endloop
  endfacet
  facet normal 0.999225 -0.0393578 0
    outer loop
      vertex -84.7415 12.2158 0
      vertex -84.75 12 30
      vertex -84.75 12 0
    endloop
  endfacet
  facet normal 0.619032 0.785366 -0
    outer loop
      vertex -83.6164 9.7752 0
      vertex -83.786 9.90888 30
      vertex -83.6164 9.7752 30
    endloop
  endfacet
  facet normal 0.619032 0.785366 0
    outer loop
      vertex -83.786 9.90888 30
      vertex -83.6164 9.7752 0
      vertex -83.786 9.90888 0
    endloop
  endfacet
  facet normal 0.872514 0.488589 0
    outer loop
      vertex -84.3448 10.5631 30
      vertex -84.4503 10.7515 0
      vertex -84.4503 10.7515 30
    endloop
  endfacet
  facet normal 0.872514 0.488589 0
    outer loop
      vertex -84.4503 10.7515 0
      vertex -84.3448 10.5631 30
      vertex -84.3448 10.5631 0
    endloop
  endfacet
  facet normal -0.619032 -0.785366 0
    outer loop
      vertex 83.6164 -9.7752 0
      vertex 83.786 -9.90888 30
      vertex 83.6164 -9.7752 30
    endloop
  endfacet
  facet normal -0.619032 -0.785366 -0
    outer loop
      vertex 83.786 -9.90888 30
      vertex 83.6164 -9.7752 0
      vertex 83.786 -9.90888 0
    endloop
  endfacet
  facet normal -0.993055 -0.117647 0
    outer loop
      vertex 84.7415 -11.7842 0
      vertex 84.7161 -11.5698 30
      vertex 84.7161 -11.5698 0
    endloop
  endfacet
  facet normal -0.993055 -0.117647 0
    outer loop
      vertex 84.7161 -11.5698 30
      vertex 84.7415 -11.7842 0
      vertex 84.7415 -11.7842 30
    endloop
  endfacet
  facet normal -0.999225 -0.0393578 0
    outer loop
      vertex 84.75 -12 0
      vertex 84.7415 -11.7842 30
      vertex 84.7415 -11.7842 0
    endloop
  endfacet
  facet normal -0.999225 -0.0393578 0
    outer loop
      vertex 84.7415 -11.7842 30
      vertex 84.75 -12 0
      vertex 84.75 -12 30
    endloop
  endfacet
  facet normal -0.980812 -0.194958 0
    outer loop
      vertex 84.7161 -11.5698 0
      vertex 84.674 -11.358 30
      vertex 84.674 -11.358 0
    endloop
  endfacet
  facet normal -0.980812 -0.194958 0
    outer loop
      vertex 84.674 -11.358 30
      vertex 84.7161 -11.5698 0
      vertex 84.7161 -11.5698 30
    endloop
  endfacet
  facet normal -0.831337 0.555769 0
    outer loop
      vertex 84.2248 -13.6164 0
      vertex 84.3448 -13.4369 30
      vertex 84.3448 -13.4369 0
    endloop
  endfacet
  facet normal -0.831337 0.555769 0
    outer loop
      vertex 84.3448 -13.4369 30
      vertex 84.2248 -13.6164 0
      vertex 84.2248 -13.6164 30
    endloop
  endfacet
  facet normal -0.938256 -0.345941 0
    outer loop
      vertex 84.6154 -11.1502 0
      vertex 84.5407 -10.9476 30
      vertex 84.5407 -10.9476 0
    endloop
  endfacet
  facet normal -0.938256 -0.345941 0
    outer loop
      vertex 84.5407 -10.9476 30
      vertex 84.6154 -11.1502 0
      vertex 84.6154 -11.1502 30
    endloop
  endfacet
  facet normal 0.55564 -0.831423 0
    outer loop
      vertex 80.3836 -9.7752 0
      vertex 80.5631 -9.65524 30
      vertex 80.3836 -9.7752 30
    endloop
  endfacet
  facet normal 0.55564 -0.831423 0
    outer loop
      vertex 80.5631 -9.65524 30
      vertex 80.3836 -9.7752 0
      vertex 80.5631 -9.65524 0
    endloop
  endfacet
  facet normal 0.346104 -0.938196 0
    outer loop
      vertex 80.9476 -9.45933 0
      vertex 81.1502 -9.38459 30
      vertex 80.9476 -9.45933 30
    endloop
  endfacet
  facet normal 0.346104 -0.938196 0
    outer loop
      vertex 81.1502 -9.38459 30
      vertex 80.9476 -9.45933 0
      vertex 81.1502 -9.38459 0
    endloop
  endfacet
  facet normal -0.962462 -0.271416 0
    outer loop
      vertex 84.674 -11.358 0
      vertex 84.6154 -11.1502 30
      vertex 84.6154 -11.1502 0
    endloop
  endfacet
  facet normal -0.962462 -0.271416 0
    outer loop
      vertex 84.6154 -11.1502 30
      vertex 84.674 -11.358 0
      vertex 84.674 -11.358 30
    endloop
  endfacet
  facet normal 0.619032 -0.785366 0
    outer loop
      vertex 80.214 -9.90888 0
      vertex 80.3836 -9.7752 30
      vertex 80.214 -9.90888 30
    endloop
  endfacet
  facet normal 0.619032 -0.785366 0
    outer loop
      vertex 80.3836 -9.7752 30
      vertex 80.214 -9.90888 0
      vertex 80.3836 -9.7752 0
    endloop
  endfacet
  facet normal -0.908149 0.418647 0
    outer loop
      vertex 84.4503 -13.2485 0
      vertex 84.5407 -13.0524 30
      vertex 84.5407 -13.0524 0
    endloop
  endfacet
  facet normal -0.908149 0.418647 0
    outer loop
      vertex 84.5407 -13.0524 30
      vertex 84.4503 -13.2485 0
      vertex 84.4503 -13.2485 30
    endloop
  endfacet
  facet normal 0.980812 -0.194958 0
    outer loop
      vertex 79.2839 -11.5698 30
      vertex 79.326 -11.358 0
      vertex 79.326 -11.358 30
    endloop
  endfacet
  facet normal 0.980812 -0.194958 0
    outer loop
      vertex 79.326 -11.358 0
      vertex 79.2839 -11.5698 30
      vertex 79.2839 -11.5698 0
    endloop
  endfacet
  facet normal 0.999225 -0.0393578 0
    outer loop
      vertex 79.25 -12 30
      vertex 79.2585 -11.7842 0
      vertex 79.2585 -11.7842 30
    endloop
  endfacet
  facet normal 0.999225 -0.0393578 0
    outer loop
      vertex 79.2585 -11.7842 0
      vertex 79.25 -12 30
      vertex 79.25 -12 0
    endloop
  endfacet
  facet normal 0.195047 -0.980794 0
    outer loop
      vertex 81.358 -9.32598 0
      vertex 81.5698 -9.28386 30
      vertex 81.358 -9.32598 30
    endloop
  endfacet
  facet normal 0.195047 -0.980794 0
    outer loop
      vertex 81.5698 -9.28386 30
      vertex 81.358 -9.32598 0
      vertex 81.5698 -9.28386 0
    endloop
  endfacet
  facet normal -0.346104 -0.938196 0
    outer loop
      vertex 82.8498 -9.38459 0
      vertex 83.0524 -9.45933 30
      vertex 82.8498 -9.38459 30
    endloop
  endfacet
  facet normal -0.346104 -0.938196 -0
    outer loop
      vertex 83.0524 -9.45933 30
      vertex 82.8498 -9.38459 0
      vertex 83.0524 -9.45933 0
    endloop
  endfacet
  facet normal -0.785321 0.619089 0
    outer loop
      vertex 84.0911 -13.786 0
      vertex 84.2248 -13.6164 30
      vertex 84.2248 -13.6164 0
    endloop
  endfacet
  facet normal -0.785321 0.619089 0
    outer loop
      vertex 84.2248 -13.6164 30
      vertex 84.0911 -13.786 0
      vertex 84.0911 -13.786 30
    endloop
  endfacet
  facet normal -0.993055 0.117647 0
    outer loop
      vertex 84.7161 -12.4302 0
      vertex 84.7415 -12.2158 30
      vertex 84.7415 -12.2158 0
    endloop
  endfacet
  facet normal -0.993055 0.117647 0
    outer loop
      vertex 84.7415 -12.2158 30
      vertex 84.7161 -12.4302 0
      vertex 84.7161 -12.4302 30
    endloop
  endfacet
  facet normal -0.679061 -0.734082 0
    outer loop
      vertex 83.786 -9.90888 0
      vertex 83.9445 -10.0555 30
      vertex 83.786 -9.90888 30
    endloop
  endfacet
  facet normal -0.679061 -0.734082 -0
    outer loop
      vertex 83.9445 -10.0555 30
      vertex 83.786 -9.90888 0
      vertex 83.9445 -10.0555 0
    endloop
  endfacet
  facet normal 0.271459 -0.96245 0
    outer loop
      vertex 81.1502 -9.38459 0
      vertex 81.358 -9.32598 30
      vertex 81.1502 -9.38459 30
    endloop
  endfacet
  facet normal 0.271459 -0.96245 0
    outer loop
      vertex 81.358 -9.32598 30
      vertex 81.1502 -9.38459 0
      vertex 81.358 -9.32598 0
    endloop
  endfacet
  facet normal -0.117556 -0.993066 0
    outer loop
      vertex 82.2158 -9.25848 0
      vertex 82.4302 -9.28386 30
      vertex 82.2158 -9.25848 30
    endloop
  endfacet
  facet normal -0.117556 -0.993066 -0
    outer loop
      vertex 82.4302 -9.28386 30
      vertex 82.2158 -9.25848 0
      vertex 82.4302 -9.28386 0
    endloop
  endfacet
  facet normal -0.418647 -0.908149 0
    outer loop
      vertex 83.0524 -9.45933 0
      vertex 83.2485 -9.54973 30
      vertex 83.0524 -9.45933 30
    endloop
  endfacet
  facet normal -0.418647 -0.908149 -0
    outer loop
      vertex 83.2485 -9.54973 30
      vertex 83.0524 -9.45933 0
      vertex 83.2485 -9.54973 0
    endloop
  endfacet
  facet normal -0.488625 -0.872494 0
    outer loop
      vertex 83.2485 -9.54973 0
      vertex 83.4369 -9.65524 30
      vertex 83.2485 -9.54973 30
    endloop
  endfacet
  facet normal -0.488625 -0.872494 -0
    outer loop
      vertex 83.4369 -9.65524 30
      vertex 83.2485 -9.54973 0
      vertex 83.4369 -9.65524 0
    endloop
  endfacet
  facet normal -0.938256 0.345941 0
    outer loop
      vertex 84.5407 -13.0524 0
      vertex 84.6154 -12.8498 30
      vertex 84.6154 -12.8498 0
    endloop
  endfacet
  facet normal -0.938256 0.345941 0
    outer loop
      vertex 84.6154 -12.8498 30
      vertex 84.5407 -13.0524 0
      vertex 84.5407 -13.0524 30
    endloop
  endfacet
  facet normal -0.872514 -0.488589 0
    outer loop
      vertex 84.4503 -10.7515 0
      vertex 84.3448 -10.5631 30
      vertex 84.3448 -10.5631 0
    endloop
  endfacet
  facet normal -0.872514 -0.488589 0
    outer loop
      vertex 84.3448 -10.5631 30
      vertex 84.4503 -10.7515 0
      vertex 84.4503 -10.7515 30
    endloop
  endfacet
  facet normal 0.734128 0.679011 0
    outer loop
      vertex 80.0555 -13.9445 30
      vertex 79.9089 -13.786 0
      vertex 79.9089 -13.786 30
    endloop
  endfacet
  facet normal 0.734128 0.679011 0
    outer loop
      vertex 79.9089 -13.786 0
      vertex 80.0555 -13.9445 30
      vertex 80.0555 -13.9445 0
    endloop
  endfacet
  facet normal -0.679011 0.734128 0
    outer loop
      vertex 83.9445 -13.9445 0
      vertex 83.786 -14.0911 30
      vertex 83.9445 -13.9445 30
    endloop
  endfacet
  facet normal -0.679011 0.734128 0
    outer loop
      vertex 83.786 -14.0911 30
      vertex 83.9445 -13.9445 0
      vertex 83.786 -14.0911 0
    endloop
  endfacet
  facet normal -0.0393578 0.999225 0
    outer loop
      vertex 82.2158 -14.7415 0
      vertex 82 -14.75 30
      vertex 82.2158 -14.7415 30
    endloop
  endfacet
  facet normal -0.0393578 0.999225 0
    outer loop
      vertex 82 -14.75 30
      vertex 82.2158 -14.7415 0
      vertex 82 -14.75 0
    endloop
  endfacet
  facet normal -0.962462 0.271416 0
    outer loop
      vertex 84.6154 -12.8498 0
      vertex 84.674 -12.642 30
      vertex 84.674 -12.642 0
    endloop
  endfacet
  facet normal -0.962462 0.271416 0
    outer loop
      vertex 84.674 -12.642 30
      vertex 84.6154 -12.8498 0
      vertex 84.6154 -12.8498 30
    endloop
  endfacet
  facet normal 0.993055 -0.117647 0
    outer loop
      vertex 79.2585 -11.7842 30
      vertex 79.2839 -11.5698 0
      vertex 79.2839 -11.5698 30
    endloop
  endfacet
  facet normal 0.993055 -0.117647 0
    outer loop
      vertex 79.2839 -11.5698 0
      vertex 79.2585 -11.7842 30
      vertex 79.2585 -11.7842 0
    endloop
  endfacet
  facet normal -0.785321 -0.619089 0
    outer loop
      vertex 84.2248 -10.3836 0
      vertex 84.0911 -10.214 30
      vertex 84.0911 -10.214 0
    endloop
  endfacet
  facet normal -0.785321 -0.619089 0
    outer loop
      vertex 84.0911 -10.214 30
      vertex 84.2248 -10.3836 0
      vertex 84.2248 -10.3836 30
    endloop
  endfacet
  facet normal 0.872514 -0.488589 0
    outer loop
      vertex 79.5497 -10.7515 30
      vertex 79.6552 -10.5631 0
      vertex 79.6552 -10.5631 30
    endloop
  endfacet
  facet normal 0.872514 -0.488589 0
    outer loop
      vertex 79.6552 -10.5631 0
      vertex 79.5497 -10.7515 30
      vertex 79.5497 -10.7515 0
    endloop
  endfacet
  facet normal -0.999225 0.0393578 0
    outer loop
      vertex 84.7415 -12.2158 0
      vertex 84.75 -12 30
      vertex 84.75 -12 0
    endloop
  endfacet
  facet normal -0.999225 0.0393578 0
    outer loop
      vertex 84.75 -12 30
      vertex 84.7415 -12.2158 0
      vertex 84.7415 -12.2158 30
    endloop
  endfacet
  facet normal -0.734128 0.679011 0
    outer loop
      vertex 83.9445 -13.9445 0
      vertex 84.0911 -13.786 30
      vertex 84.0911 -13.786 0
    endloop
  endfacet
  facet normal -0.734128 0.679011 0
    outer loop
      vertex 84.0911 -13.786 30
      vertex 83.9445 -13.9445 0
      vertex 83.9445 -13.9445 30
    endloop
  endfacet
  facet normal -0.908149 -0.418647 0
    outer loop
      vertex 84.5407 -10.9476 0
      vertex 84.4503 -10.7515 30
      vertex 84.4503 -10.7515 0
    endloop
  endfacet
  facet normal -0.908149 -0.418647 0
    outer loop
      vertex 84.4503 -10.7515 30
      vertex 84.5407 -10.9476 0
      vertex 84.5407 -10.9476 30
    endloop
  endfacet
  facet normal -0.271459 -0.96245 0
    outer loop
      vertex 82.642 -9.32598 0
      vertex 82.8498 -9.38459 30
      vertex 82.642 -9.32598 30
    endloop
  endfacet
  facet normal -0.271459 -0.96245 -0
    outer loop
      vertex 82.8498 -9.38459 30
      vertex 82.642 -9.32598 0
      vertex 82.8498 -9.38459 0
    endloop
  endfacet
  facet normal -0.980812 0.194958 0
    outer loop
      vertex 84.674 -12.642 0
      vertex 84.7161 -12.4302 30
      vertex 84.7161 -12.4302 0
    endloop
  endfacet
  facet normal -0.980812 0.194958 0
    outer loop
      vertex 84.7161 -12.4302 30
      vertex 84.674 -12.642 0
      vertex 84.674 -12.642 30
    endloop
  endfacet
  facet normal 0.938256 -0.345941 0
    outer loop
      vertex 79.3846 -11.1502 30
      vertex 79.4593 -10.9476 0
      vertex 79.4593 -10.9476 30
    endloop
  endfacet
  facet normal 0.938256 -0.345941 0
    outer loop
      vertex 79.4593 -10.9476 0
      vertex 79.3846 -11.1502 30
      vertex 79.3846 -11.1502 0
    endloop
  endfacet
  facet normal 0.488589 0.872514 -0
    outer loop
      vertex 80.7515 -14.4503 0
      vertex 80.5631 -14.3448 30
      vertex 80.7515 -14.4503 30
    endloop
  endfacet
  facet normal 0.488589 0.872514 0
    outer loop
      vertex 80.5631 -14.3448 30
      vertex 80.7515 -14.4503 0
      vertex 80.5631 -14.3448 0
    endloop
  endfacet
  facet normal 0.117556 -0.993066 0
    outer loop
      vertex 81.5698 -9.28386 0
      vertex 81.7842 -9.25848 30
      vertex 81.5698 -9.28386 30
    endloop
  endfacet
  facet normal 0.117556 -0.993066 0
    outer loop
      vertex 81.7842 -9.25848 30
      vertex 81.5698 -9.28386 0
      vertex 81.7842 -9.25848 0
    endloop
  endfacet
  facet normal 0.872514 0.488589 0
    outer loop
      vertex 79.6552 -13.4369 30
      vertex 79.5497 -13.2485 0
      vertex 79.5497 -13.2485 30
    endloop
  endfacet
  facet normal 0.872514 0.488589 0
    outer loop
      vertex 79.5497 -13.2485 0
      vertex 79.6552 -13.4369 30
      vertex 79.6552 -13.4369 0
    endloop
  endfacet
  facet normal -0.271416 0.962462 0
    outer loop
      vertex 82.8498 -14.6154 0
      vertex 82.642 -14.674 30
      vertex 82.8498 -14.6154 30
    endloop
  endfacet
  facet normal -0.271416 0.962462 0
    outer loop
      vertex 82.642 -14.674 30
      vertex 82.8498 -14.6154 0
      vertex 82.642 -14.674 0
    endloop
  endfacet
  facet normal 0.679061 -0.734082 0
    outer loop
      vertex 80.0555 -10.0555 0
      vertex 80.214 -9.90888 30
      vertex 80.0555 -10.0555 30
    endloop
  endfacet
  facet normal 0.679061 -0.734082 0
    outer loop
      vertex 80.214 -9.90888 30
      vertex 80.0555 -10.0555 0
      vertex 80.214 -9.90888 0
    endloop
  endfacet
  facet normal -0.734128 -0.679011 0
    outer loop
      vertex 84.0911 -10.214 0
      vertex 83.9445 -10.0555 30
      vertex 83.9445 -10.0555 0
    endloop
  endfacet
  facet normal -0.734128 -0.679011 0
    outer loop
      vertex 83.9445 -10.0555 30
      vertex 84.0911 -10.214 0
      vertex 84.0911 -10.214 30
    endloop
  endfacet
  facet normal 0.962462 0.271416 0
    outer loop
      vertex 79.3846 -12.8498 30
      vertex 79.326 -12.642 0
      vertex 79.326 -12.642 30
    endloop
  endfacet
  facet normal 0.962462 0.271416 0
    outer loop
      vertex 79.326 -12.642 0
      vertex 79.3846 -12.8498 30
      vertex 79.3846 -12.8498 0
    endloop
  endfacet
  facet normal 0.785321 0.619089 0
    outer loop
      vertex 79.9089 -13.786 30
      vertex 79.7752 -13.6164 0
      vertex 79.7752 -13.6164 30
    endloop
  endfacet
  facet normal 0.785321 0.619089 0
    outer loop
      vertex 79.7752 -13.6164 0
      vertex 79.9089 -13.786 30
      vertex 79.9089 -13.786 0
    endloop
  endfacet
  facet normal -0.872514 0.488589 0
    outer loop
      vertex 84.3448 -13.4369 0
      vertex 84.4503 -13.2485 30
      vertex 84.4503 -13.2485 0
    endloop
  endfacet
  facet normal -0.872514 0.488589 0
    outer loop
      vertex 84.4503 -13.2485 30
      vertex 84.3448 -13.4369 0
      vertex 84.3448 -13.4369 30
    endloop
  endfacet
  facet normal 0.734128 -0.679011 0
    outer loop
      vertex 79.9089 -10.214 30
      vertex 80.0555 -10.0555 0
      vertex 80.0555 -10.0555 30
    endloop
  endfacet
  facet normal 0.734128 -0.679011 0
    outer loop
      vertex 80.0555 -10.0555 0
      vertex 79.9089 -10.214 30
      vertex 79.9089 -10.214 0
    endloop
  endfacet
  facet normal 0.785321 -0.619089 0
    outer loop
      vertex 79.7752 -10.3836 30
      vertex 79.9089 -10.214 0
      vertex 79.9089 -10.214 30
    endloop
  endfacet
  facet normal 0.785321 -0.619089 0
    outer loop
      vertex 79.9089 -10.214 0
      vertex 79.7752 -10.3836 30
      vertex 79.7752 -10.3836 0
    endloop
  endfacet
  facet normal 0.679011 0.734128 -0
    outer loop
      vertex 80.214 -14.0911 0
      vertex 80.0555 -13.9445 30
      vertex 80.214 -14.0911 30
    endloop
  endfacet
  facet normal 0.679011 0.734128 0
    outer loop
      vertex 80.0555 -13.9445 30
      vertex 80.214 -14.0911 0
      vertex 80.0555 -13.9445 0
    endloop
  endfacet
  facet normal -0.194958 0.980812 0
    outer loop
      vertex 82.642 -14.674 0
      vertex 82.4302 -14.7161 30
      vertex 82.642 -14.674 30
    endloop
  endfacet
  facet normal -0.194958 0.980812 0
    outer loop
      vertex 82.4302 -14.7161 30
      vertex 82.642 -14.674 0
      vertex 82.4302 -14.7161 0
    endloop
  endfacet
  facet normal -0.117647 0.993055 0
    outer loop
      vertex 82.4302 -14.7161 0
      vertex 82.2158 -14.7415 30
      vertex 82.4302 -14.7161 30
    endloop
  endfacet
  facet normal -0.117647 0.993055 0
    outer loop
      vertex 82.2158 -14.7415 30
      vertex 82.4302 -14.7161 0
      vertex 82.2158 -14.7415 0
    endloop
  endfacet
  facet normal 0.980812 0.194958 0
    outer loop
      vertex 79.326 -12.642 30
      vertex 79.2839 -12.4302 0
      vertex 79.2839 -12.4302 30
    endloop
  endfacet
  facet normal 0.980812 0.194958 0
    outer loop
      vertex 79.2839 -12.4302 0
      vertex 79.326 -12.642 30
      vertex 79.326 -12.642 0
    endloop
  endfacet
  facet normal 0.938256 0.345941 0
    outer loop
      vertex 79.4593 -13.0524 30
      vertex 79.3846 -12.8498 0
      vertex 79.3846 -12.8498 30
    endloop
  endfacet
  facet normal 0.938256 0.345941 0
    outer loop
      vertex 79.3846 -12.8498 0
      vertex 79.4593 -13.0524 30
      vertex 79.4593 -13.0524 0
    endloop
  endfacet
  facet normal 0.993055 0.117647 0
    outer loop
      vertex 79.2839 -12.4302 30
      vertex 79.2585 -12.2158 0
      vertex 79.2585 -12.2158 30
    endloop
  endfacet
  facet normal 0.993055 0.117647 0
    outer loop
      vertex 79.2585 -12.2158 0
      vertex 79.2839 -12.4302 30
      vertex 79.2839 -12.4302 0
    endloop
  endfacet
  facet normal 0.117647 0.993055 -0
    outer loop
      vertex 81.7842 -14.7415 0
      vertex 81.5698 -14.7161 30
      vertex 81.7842 -14.7415 30
    endloop
  endfacet
  facet normal 0.117647 0.993055 0
    outer loop
      vertex 81.5698 -14.7161 30
      vertex 81.7842 -14.7415 0
      vertex 81.5698 -14.7161 0
    endloop
  endfacet
  facet normal 0.962462 -0.271416 0
    outer loop
      vertex 79.326 -11.358 30
      vertex 79.3846 -11.1502 0
      vertex 79.3846 -11.1502 30
    endloop
  endfacet
  facet normal 0.962462 -0.271416 0
    outer loop
      vertex 79.3846 -11.1502 0
      vertex 79.326 -11.358 30
      vertex 79.326 -11.358 0
    endloop
  endfacet
  facet normal 0.271416 0.962462 -0
    outer loop
      vertex 81.358 -14.674 0
      vertex 81.1502 -14.6154 30
      vertex 81.358 -14.674 30
    endloop
  endfacet
  facet normal 0.271416 0.962462 0
    outer loop
      vertex 81.1502 -14.6154 30
      vertex 81.358 -14.674 0
      vertex 81.1502 -14.6154 0
    endloop
  endfacet
  facet normal -0.55564 -0.831423 0
    outer loop
      vertex 83.4369 -9.65524 0
      vertex 83.6164 -9.7752 30
      vertex 83.4369 -9.65524 30
    endloop
  endfacet
  facet normal -0.55564 -0.831423 -0
    outer loop
      vertex 83.6164 -9.7752 30
      vertex 83.4369 -9.65524 0
      vertex 83.6164 -9.7752 0
    endloop
  endfacet
  facet normal 0.831337 0.555769 0
    outer loop
      vertex 79.7752 -13.6164 30
      vertex 79.6552 -13.4369 0
      vertex 79.6552 -13.4369 30
    endloop
  endfacet
  facet normal 0.831337 0.555769 0
    outer loop
      vertex 79.6552 -13.4369 0
      vertex 79.7752 -13.6164 30
      vertex 79.7752 -13.6164 0
    endloop
  endfacet
  facet normal -0.831337 -0.555769 0
    outer loop
      vertex 84.3448 -10.5631 0
      vertex 84.2248 -10.3836 30
      vertex 84.2248 -10.3836 0
    endloop
  endfacet
  facet normal -0.831337 -0.555769 0
    outer loop
      vertex 84.2248 -10.3836 30
      vertex 84.3448 -10.5631 0
      vertex 84.3448 -10.5631 30
    endloop
  endfacet
  facet normal -0.418647 0.908149 0
    outer loop
      vertex 83.2485 -14.4503 0
      vertex 83.0524 -14.5407 30
      vertex 83.2485 -14.4503 30
    endloop
  endfacet
  facet normal -0.418647 0.908149 0
    outer loop
      vertex 83.0524 -14.5407 30
      vertex 83.2485 -14.4503 0
      vertex 83.0524 -14.5407 0
    endloop
  endfacet
  facet normal -0.345941 0.938256 0
    outer loop
      vertex 83.0524 -14.5407 0
      vertex 82.8498 -14.6154 30
      vertex 83.0524 -14.5407 30
    endloop
  endfacet
  facet normal -0.345941 0.938256 0
    outer loop
      vertex 82.8498 -14.6154 30
      vertex 83.0524 -14.5407 0
      vertex 82.8498 -14.6154 0
    endloop
  endfacet
  facet normal 0.418647 -0.908149 0
    outer loop
      vertex 80.7515 -9.54973 0
      vertex 80.9476 -9.45933 30
      vertex 80.7515 -9.54973 30
    endloop
  endfacet
  facet normal 0.418647 -0.908149 0
    outer loop
      vertex 80.9476 -9.45933 30
      vertex 80.7515 -9.54973 0
      vertex 80.9476 -9.45933 0
    endloop
  endfacet
  facet normal 0.0392653 -0.999229 0
    outer loop
      vertex 81.7842 -9.25848 0
      vertex 82 -9.25 30
      vertex 81.7842 -9.25848 30
    endloop
  endfacet
  facet normal 0.0392653 -0.999229 0
    outer loop
      vertex 82 -9.25 30
      vertex 81.7842 -9.25848 0
      vertex 82 -9.25 0
    endloop
  endfacet
  facet normal 0.194958 0.980812 -0
    outer loop
      vertex 81.5698 -14.7161 0
      vertex 81.358 -14.674 30
      vertex 81.5698 -14.7161 30
    endloop
  endfacet
  facet normal 0.194958 0.980812 0
    outer loop
      vertex 81.358 -14.674 30
      vertex 81.5698 -14.7161 0
      vertex 81.358 -14.674 0
    endloop
  endfacet
  facet normal 0.908149 -0.418647 0
    outer loop
      vertex 79.4593 -10.9476 30
      vertex 79.5497 -10.7515 0
      vertex 79.5497 -10.7515 30
    endloop
  endfacet
  facet normal 0.908149 -0.418647 0
    outer loop
      vertex 79.5497 -10.7515 0
      vertex 79.4593 -10.9476 30
      vertex 79.4593 -10.9476 0
    endloop
  endfacet
  facet normal 0.619089 0.785321 -0
    outer loop
      vertex 80.3836 -14.2248 0
      vertex 80.214 -14.0911 30
      vertex 80.3836 -14.2248 30
    endloop
  endfacet
  facet normal 0.619089 0.785321 0
    outer loop
      vertex 80.214 -14.0911 30
      vertex 80.3836 -14.2248 0
      vertex 80.214 -14.0911 0
    endloop
  endfacet
  facet normal -0.555769 0.831337 0
    outer loop
      vertex 83.6164 -14.2248 0
      vertex 83.4369 -14.3448 30
      vertex 83.6164 -14.2248 30
    endloop
  endfacet
  facet normal -0.555769 0.831337 0
    outer loop
      vertex 83.4369 -14.3448 30
      vertex 83.6164 -14.2248 0
      vertex 83.4369 -14.3448 0
    endloop
  endfacet
  facet normal 0.999225 0.0393578 0
    outer loop
      vertex 79.2585 -12.2158 30
      vertex 79.25 -12 0
      vertex 79.25 -12 30
    endloop
  endfacet
  facet normal 0.999225 0.0393578 0
    outer loop
      vertex 79.25 -12 0
      vertex 79.2585 -12.2158 30
      vertex 79.2585 -12.2158 0
    endloop
  endfacet
  facet normal 0.908149 0.418647 0
    outer loop
      vertex 79.5497 -13.2485 30
      vertex 79.4593 -13.0524 0
      vertex 79.4593 -13.0524 30
    endloop
  endfacet
  facet normal 0.908149 0.418647 0
    outer loop
      vertex 79.4593 -13.0524 0
      vertex 79.5497 -13.2485 30
      vertex 79.5497 -13.2485 0
    endloop
  endfacet
  facet normal 0.488625 -0.872494 0
    outer loop
      vertex 80.5631 -9.65524 0
      vertex 80.7515 -9.54973 30
      vertex 80.5631 -9.65524 30
    endloop
  endfacet
  facet normal 0.488625 -0.872494 0
    outer loop
      vertex 80.7515 -9.54973 30
      vertex 80.5631 -9.65524 0
      vertex 80.7515 -9.54973 0
    endloop
  endfacet
  facet normal -0.488589 0.872514 0
    outer loop
      vertex 83.4369 -14.3448 0
      vertex 83.2485 -14.4503 30
      vertex 83.4369 -14.3448 30
    endloop
  endfacet
  facet normal -0.488589 0.872514 0
    outer loop
      vertex 83.2485 -14.4503 30
      vertex 83.4369 -14.3448 0
      vertex 83.2485 -14.4503 0
    endloop
  endfacet
  facet normal -0.195047 -0.980794 0
    outer loop
      vertex 82.4302 -9.28386 0
      vertex 82.642 -9.32598 30
      vertex 82.4302 -9.28386 30
    endloop
  endfacet
  facet normal -0.195047 -0.980794 -0
    outer loop
      vertex 82.642 -9.32598 30
      vertex 82.4302 -9.28386 0
      vertex 82.642 -9.32598 0
    endloop
  endfacet
  facet normal -0.0392653 -0.999229 0
    outer loop
      vertex 82 -9.25 0
      vertex 82.2158 -9.25848 30
      vertex 82 -9.25 30
    endloop
  endfacet
  facet normal -0.0392653 -0.999229 -0
    outer loop
      vertex 82.2158 -9.25848 30
      vertex 82 -9.25 0
      vertex 82.2158 -9.25848 0
    endloop
  endfacet
  facet normal -0.619089 0.785321 0
    outer loop
      vertex 83.786 -14.0911 0
      vertex 83.6164 -14.2248 30
      vertex 83.786 -14.0911 30
    endloop
  endfacet
  facet normal -0.619089 0.785321 0
    outer loop
      vertex 83.6164 -14.2248 30
      vertex 83.786 -14.0911 0
      vertex 83.6164 -14.2248 0
    endloop
  endfacet
  facet normal 0.0393578 0.999225 -0
    outer loop
      vertex 82 -14.75 0
      vertex 81.7842 -14.7415 30
      vertex 82 -14.75 30
    endloop
  endfacet
  facet normal 0.0393578 0.999225 0
    outer loop
      vertex 81.7842 -14.7415 30
      vertex 82 -14.75 0
      vertex 81.7842 -14.7415 0
    endloop
  endfacet
  facet normal 0.418647 0.908149 -0
    outer loop
      vertex 80.9476 -14.5407 0
      vertex 80.7515 -14.4503 30
      vertex 80.9476 -14.5407 30
    endloop
  endfacet
  facet normal 0.418647 0.908149 0
    outer loop
      vertex 80.7515 -14.4503 30
      vertex 80.9476 -14.5407 0
      vertex 80.7515 -14.4503 0
    endloop
  endfacet
  facet normal 0.345941 0.938256 -0
    outer loop
      vertex 81.1502 -14.6154 0
      vertex 80.9476 -14.5407 30
      vertex 81.1502 -14.6154 30
    endloop
  endfacet
  facet normal 0.345941 0.938256 0
    outer loop
      vertex 80.9476 -14.5407 30
      vertex 81.1502 -14.6154 0
      vertex 80.9476 -14.5407 0
    endloop
  endfacet
  facet normal 0.555769 0.831337 -0
    outer loop
      vertex 80.5631 -14.3448 0
      vertex 80.3836 -14.2248 30
      vertex 80.5631 -14.3448 30
    endloop
  endfacet
  facet normal 0.555769 0.831337 0
    outer loop
      vertex 80.3836 -14.2248 30
      vertex 80.5631 -14.3448 0
      vertex 80.3836 -14.2248 0
    endloop
  endfacet
  facet normal 0.831337 -0.555769 0
    outer loop
      vertex 79.6552 -10.5631 30
      vertex 79.7752 -10.3836 0
      vertex 79.7752 -10.3836 30
    endloop
  endfacet
  facet normal 0.831337 -0.555769 0
    outer loop
      vertex 79.7752 -10.3836 0
      vertex 79.6552 -10.5631 30
      vertex 79.6552 -10.5631 0
    endloop
  endfacet
  facet normal -0.993055 -0.117647 0
    outer loop
      vertex 84.7415 12.2158 0
      vertex 84.7161 12.4302 30
      vertex 84.7161 12.4302 0
    endloop
  endfacet
  facet normal -0.993055 -0.117647 0
    outer loop
      vertex 84.7161 12.4302 30
      vertex 84.7415 12.2158 0
      vertex 84.7415 12.2158 30
    endloop
  endfacet
  facet normal -0.999225 -0.0393578 0
    outer loop
      vertex 84.75 12 0
      vertex 84.7415 12.2158 30
      vertex 84.7415 12.2158 0
    endloop
  endfacet
  facet normal -0.999225 -0.0393578 0
    outer loop
      vertex 84.7415 12.2158 30
      vertex 84.75 12 0
      vertex 84.75 12 30
    endloop
  endfacet
  facet normal -0.980812 -0.194958 0
    outer loop
      vertex 84.7161 12.4302 0
      vertex 84.674 12.642 30
      vertex 84.674 12.642 0
    endloop
  endfacet
  facet normal -0.980812 -0.194958 0
    outer loop
      vertex 84.674 12.642 30
      vertex 84.7161 12.4302 0
      vertex 84.7161 12.4302 30
    endloop
  endfacet
  facet normal -0.488625 0.872494 0
    outer loop
      vertex 83.4369 9.65524 0
      vertex 83.2485 9.54973 30
      vertex 83.4369 9.65524 30
    endloop
  endfacet
  facet normal -0.488625 0.872494 0
    outer loop
      vertex 83.2485 9.54973 30
      vertex 83.4369 9.65524 0
      vertex 83.2485 9.54973 0
    endloop
  endfacet
  facet normal -0.488589 -0.872514 0
    outer loop
      vertex 83.2485 14.4503 0
      vertex 83.4369 14.3448 30
      vertex 83.2485 14.4503 30
    endloop
  endfacet
  facet normal -0.488589 -0.872514 -0
    outer loop
      vertex 83.4369 14.3448 30
      vertex 83.2485 14.4503 0
      vertex 83.4369 14.3448 0
    endloop
  endfacet
  facet normal 0.488625 0.872494 -0
    outer loop
      vertex 80.7515 9.54973 0
      vertex 80.5631 9.65524 30
      vertex 80.7515 9.54973 30
    endloop
  endfacet
  facet normal 0.488625 0.872494 0
    outer loop
      vertex 80.5631 9.65524 30
      vertex 80.7515 9.54973 0
      vertex 80.5631 9.65524 0
    endloop
  endfacet
  facet normal 0.271416 -0.962462 0
    outer loop
      vertex 81.1502 14.6154 0
      vertex 81.358 14.674 30
      vertex 81.1502 14.6154 30
    endloop
  endfacet
  facet normal 0.271416 -0.962462 0
    outer loop
      vertex 81.358 14.674 30
      vertex 81.1502 14.6154 0
      vertex 81.358 14.674 0
    endloop
  endfacet
  facet normal -0.346104 0.938196 0
    outer loop
      vertex 83.0524 9.45933 0
      vertex 82.8498 9.38459 30
      vertex 83.0524 9.45933 30
    endloop
  endfacet
  facet normal -0.346104 0.938196 0
    outer loop
      vertex 82.8498 9.38459 30
      vertex 83.0524 9.45933 0
      vertex 82.8498 9.38459 0
    endloop
  endfacet
  facet normal -0.195047 0.980794 0
    outer loop
      vertex 82.642 9.32598 0
      vertex 82.4302 9.28386 30
      vertex 82.642 9.32598 30
    endloop
  endfacet
  facet normal -0.195047 0.980794 0
    outer loop
      vertex 82.4302 9.28386 30
      vertex 82.642 9.32598 0
      vertex 82.4302 9.28386 0
    endloop
  endfacet
  facet normal -0.271416 -0.962462 0
    outer loop
      vertex 82.642 14.674 0
      vertex 82.8498 14.6154 30
      vertex 82.642 14.674 30
    endloop
  endfacet
  facet normal -0.271416 -0.962462 -0
    outer loop
      vertex 82.8498 14.6154 30
      vertex 82.642 14.674 0
      vertex 82.8498 14.6154 0
    endloop
  endfacet
  facet normal -0.993055 0.117647 0
    outer loop
      vertex 84.7161 11.5698 0
      vertex 84.7415 11.7842 30
      vertex 84.7415 11.7842 0
    endloop
  endfacet
  facet normal -0.993055 0.117647 0
    outer loop
      vertex 84.7415 11.7842 30
      vertex 84.7161 11.5698 0
      vertex 84.7161 11.5698 30
    endloop
  endfacet
  facet normal -0.619089 -0.785321 0
    outer loop
      vertex 83.6164 14.2248 0
      vertex 83.786 14.0911 30
      vertex 83.6164 14.2248 30
    endloop
  endfacet
  facet normal -0.619089 -0.785321 -0
    outer loop
      vertex 83.786 14.0911 30
      vertex 83.6164 14.2248 0
      vertex 83.786 14.0911 0
    endloop
  endfacet
  facet normal -0.194958 -0.980812 0
    outer loop
      vertex 82.4302 14.7161 0
      vertex 82.642 14.674 30
      vertex 82.4302 14.7161 30
    endloop
  endfacet
  facet normal -0.194958 -0.980812 -0
    outer loop
      vertex 82.642 14.674 30
      vertex 82.4302 14.7161 0
      vertex 82.642 14.674 0
    endloop
  endfacet
  facet normal -0.785321 0.619089 0
    outer loop
      vertex 84.0911 10.214 0
      vertex 84.2248 10.3836 30
      vertex 84.2248 10.3836 0
    endloop
  endfacet
  facet normal -0.785321 0.619089 0
    outer loop
      vertex 84.2248 10.3836 30
      vertex 84.0911 10.214 0
      vertex 84.0911 10.214 30
    endloop
  endfacet
  facet normal -0.785321 -0.619089 0
    outer loop
      vertex 84.2248 13.6164 0
      vertex 84.0911 13.786 30
      vertex 84.0911 13.786 0
    endloop
  endfacet
  facet normal -0.785321 -0.619089 0
    outer loop
      vertex 84.0911 13.786 30
      vertex 84.2248 13.6164 0
      vertex 84.2248 13.6164 30
    endloop
  endfacet
  facet normal -0.555769 -0.831337 0
    outer loop
      vertex 83.4369 14.3448 0
      vertex 83.6164 14.2248 30
      vertex 83.4369 14.3448 30
    endloop
  endfacet
  facet normal -0.555769 -0.831337 -0
    outer loop
      vertex 83.6164 14.2248 30
      vertex 83.4369 14.3448 0
      vertex 83.6164 14.2248 0
    endloop
  endfacet
  facet normal -0.980812 0.194958 0
    outer loop
      vertex 84.674 11.358 0
      vertex 84.7161 11.5698 30
      vertex 84.7161 11.5698 0
    endloop
  endfacet
  facet normal -0.980812 0.194958 0
    outer loop
      vertex 84.7161 11.5698 30
      vertex 84.674 11.358 0
      vertex 84.674 11.358 30
    endloop
  endfacet
  facet normal -0.938256 -0.345941 0
    outer loop
      vertex 84.6154 12.8498 0
      vertex 84.5407 13.0524 30
      vertex 84.5407 13.0524 0
    endloop
  endfacet
  facet normal -0.938256 -0.345941 0
    outer loop
      vertex 84.5407 13.0524 30
      vertex 84.6154 12.8498 0
      vertex 84.6154 12.8498 30
    endloop
  endfacet
  facet normal 0.734128 0.679011 0
    outer loop
      vertex 80.0555 10.0555 30
      vertex 79.9089 10.214 0
      vertex 79.9089 10.214 30
    endloop
  endfacet
  facet normal 0.734128 0.679011 0
    outer loop
      vertex 79.9089 10.214 0
      vertex 80.0555 10.0555 30
      vertex 80.0555 10.0555 0
    endloop
  endfacet
  facet normal -0.418647 -0.908149 0
    outer loop
      vertex 83.0524 14.5407 0
      vertex 83.2485 14.4503 30
      vertex 83.0524 14.5407 30
    endloop
  endfacet
  facet normal -0.418647 -0.908149 -0
    outer loop
      vertex 83.2485 14.4503 30
      vertex 83.0524 14.5407 0
      vertex 83.2485 14.4503 0
    endloop
  endfacet
  facet normal 0.679011 -0.734128 0
    outer loop
      vertex 80.0555 13.9445 0
      vertex 80.214 14.0911 30
      vertex 80.0555 13.9445 30
    endloop
  endfacet
  facet normal 0.679011 -0.734128 0
    outer loop
      vertex 80.214 14.0911 30
      vertex 80.0555 13.9445 0
      vertex 80.214 14.0911 0
    endloop
  endfacet
  facet normal -0.962462 -0.271416 0
    outer loop
      vertex 84.674 12.642 0
      vertex 84.6154 12.8498 30
      vertex 84.6154 12.8498 0
    endloop
  endfacet
  facet normal -0.962462 -0.271416 0
    outer loop
      vertex 84.6154 12.8498 30
      vertex 84.674 12.642 0
      vertex 84.674 12.642 30
    endloop
  endfacet
  facet normal -0.938256 0.345941 0
    outer loop
      vertex 84.5407 10.9476 0
      vertex 84.6154 11.1502 30
      vertex 84.6154 11.1502 0
    endloop
  endfacet
  facet normal -0.938256 0.345941 0
    outer loop
      vertex 84.6154 11.1502 30
      vertex 84.5407 10.9476 0
      vertex 84.5407 10.9476 30
    endloop
  endfacet
  facet normal -0.831337 0.555769 0
    outer loop
      vertex 84.2248 10.3836 0
      vertex 84.3448 10.5631 30
      vertex 84.3448 10.5631 0
    endloop
  endfacet
  facet normal -0.831337 0.555769 0
    outer loop
      vertex 84.3448 10.5631 30
      vertex 84.2248 10.3836 0
      vertex 84.2248 10.3836 30
    endloop
  endfacet
  facet normal -0.345941 -0.938256 0
    outer loop
      vertex 82.8498 14.6154 0
      vertex 83.0524 14.5407 30
      vertex 82.8498 14.6154 30
    endloop
  endfacet
  facet normal -0.345941 -0.938256 -0
    outer loop
      vertex 83.0524 14.5407 30
      vertex 82.8498 14.6154 0
      vertex 83.0524 14.5407 0
    endloop
  endfacet
  facet normal -0.55564 0.831423 0
    outer loop
      vertex 83.6164 9.7752 0
      vertex 83.4369 9.65524 30
      vertex 83.6164 9.7752 30
    endloop
  endfacet
  facet normal -0.55564 0.831423 0
    outer loop
      vertex 83.4369 9.65524 30
      vertex 83.6164 9.7752 0
      vertex 83.4369 9.65524 0
    endloop
  endfacet
  facet normal 0.346104 0.938196 -0
    outer loop
      vertex 81.1502 9.38459 0
      vertex 80.9476 9.45933 30
      vertex 81.1502 9.38459 30
    endloop
  endfacet
  facet normal 0.346104 0.938196 0
    outer loop
      vertex 80.9476 9.45933 30
      vertex 81.1502 9.38459 0
      vertex 80.9476 9.45933 0
    endloop
  endfacet
  facet normal -0.831337 -0.555769 0
    outer loop
      vertex 84.3448 13.4369 0
      vertex 84.2248 13.6164 30
      vertex 84.2248 13.6164 0
    endloop
  endfacet
  facet normal -0.831337 -0.555769 0
    outer loop
      vertex 84.2248 13.6164 30
      vertex 84.3448 13.4369 0
      vertex 84.3448 13.4369 30
    endloop
  endfacet
  facet normal -0.908149 -0.418647 0
    outer loop
      vertex 84.5407 13.0524 0
      vertex 84.4503 13.2485 30
      vertex 84.4503 13.2485 0
    endloop
  endfacet
  facet normal -0.908149 -0.418647 0
    outer loop
      vertex 84.4503 13.2485 30
      vertex 84.5407 13.0524 0
      vertex 84.5407 13.0524 30
    endloop
  endfacet
  facet normal -0.619032 0.785366 0
    outer loop
      vertex 83.786 9.90888 0
      vertex 83.6164 9.7752 30
      vertex 83.786 9.90888 30
    endloop
  endfacet
  facet normal -0.619032 0.785366 0
    outer loop
      vertex 83.6164 9.7752 30
      vertex 83.786 9.90888 0
      vertex 83.6164 9.7752 0
    endloop
  endfacet
  facet normal 0.999225 -0.0393578 0
    outer loop
      vertex 79.25 12 30
      vertex 79.2585 12.2158 0
      vertex 79.2585 12.2158 30
    endloop
  endfacet
  facet normal 0.999225 -0.0393578 0
    outer loop
      vertex 79.2585 12.2158 0
      vertex 79.25 12 30
      vertex 79.25 12 0
    endloop
  endfacet
  facet normal 0.418647 -0.908149 0
    outer loop
      vertex 80.7515 14.4503 0
      vertex 80.9476 14.5407 30
      vertex 80.7515 14.4503 30
    endloop
  endfacet
  facet normal 0.418647 -0.908149 0
    outer loop
      vertex 80.9476 14.5407 30
      vertex 80.7515 14.4503 0
      vertex 80.9476 14.5407 0
    endloop
  endfacet
  facet normal 0.0393578 -0.999225 0
    outer loop
      vertex 81.7842 14.7415 0
      vertex 82 14.75 30
      vertex 81.7842 14.7415 30
    endloop
  endfacet
  facet normal 0.0393578 -0.999225 0
    outer loop
      vertex 82 14.75 30
      vertex 81.7842 14.7415 0
      vertex 82 14.75 0
    endloop
  endfacet
  facet normal 0.785321 -0.619089 0
    outer loop
      vertex 79.7752 13.6164 30
      vertex 79.9089 13.786 0
      vertex 79.9089 13.786 30
    endloop
  endfacet
  facet normal 0.785321 -0.619089 0
    outer loop
      vertex 79.9089 13.786 0
      vertex 79.7752 13.6164 30
      vertex 79.7752 13.6164 0
    endloop
  endfacet
  facet normal -0.117556 0.993066 0
    outer loop
      vertex 82.4302 9.28386 0
      vertex 82.2158 9.25848 30
      vertex 82.4302 9.28386 30
    endloop
  endfacet
  facet normal -0.117556 0.993066 0
    outer loop
      vertex 82.2158 9.25848 30
      vertex 82.4302 9.28386 0
      vertex 82.2158 9.25848 0
    endloop
  endfacet
  facet normal -0.962462 0.271416 0
    outer loop
      vertex 84.6154 11.1502 0
      vertex 84.674 11.358 30
      vertex 84.674 11.358 0
    endloop
  endfacet
  facet normal -0.962462 0.271416 0
    outer loop
      vertex 84.674 11.358 30
      vertex 84.6154 11.1502 0
      vertex 84.6154 11.1502 30
    endloop
  endfacet
  facet normal 0.619032 0.785366 -0
    outer loop
      vertex 80.3836 9.7752 0
      vertex 80.214 9.90888 30
      vertex 80.3836 9.7752 30
    endloop
  endfacet
  facet normal 0.619032 0.785366 0
    outer loop
      vertex 80.214 9.90888 30
      vertex 80.3836 9.7752 0
      vertex 80.214 9.90888 0
    endloop
  endfacet
  facet normal 0.938256 -0.345941 0
    outer loop
      vertex 79.3846 12.8498 30
      vertex 79.4593 13.0524 0
      vertex 79.4593 13.0524 30
    endloop
  endfacet
  facet normal 0.938256 -0.345941 0
    outer loop
      vertex 79.4593 13.0524 0
      vertex 79.3846 12.8498 30
      vertex 79.3846 12.8498 0
    endloop
  endfacet
  facet normal 0.194958 -0.980812 0
    outer loop
      vertex 81.358 14.674 0
      vertex 81.5698 14.7161 30
      vertex 81.358 14.674 30
    endloop
  endfacet
  facet normal 0.194958 -0.980812 0
    outer loop
      vertex 81.5698 14.7161 30
      vertex 81.358 14.674 0
      vertex 81.5698 14.7161 0
    endloop
  endfacet
  facet normal 0.993055 -0.117647 0
    outer loop
      vertex 79.2585 12.2158 30
      vertex 79.2839 12.4302 0
      vertex 79.2839 12.4302 30
    endloop
  endfacet
  facet normal 0.993055 -0.117647 0
    outer loop
      vertex 79.2839 12.4302 0
      vertex 79.2585 12.2158 30
      vertex 79.2585 12.2158 0
    endloop
  endfacet
  facet normal 0.962462 -0.271416 0
    outer loop
      vertex 79.326 12.642 30
      vertex 79.3846 12.8498 0
      vertex 79.3846 12.8498 30
    endloop
  endfacet
  facet normal 0.962462 -0.271416 0
    outer loop
      vertex 79.3846 12.8498 0
      vertex 79.326 12.642 30
      vertex 79.326 12.642 0
    endloop
  endfacet
  facet normal -0.734128 -0.679011 0
    outer loop
      vertex 84.0911 13.786 0
      vertex 83.9445 13.9445 30
      vertex 83.9445 13.9445 0
    endloop
  endfacet
  facet normal -0.734128 -0.679011 0
    outer loop
      vertex 83.9445 13.9445 30
      vertex 84.0911 13.786 0
      vertex 84.0911 13.786 30
    endloop
  endfacet
  facet normal 0.962462 0.271416 0
    outer loop
      vertex 79.3846 11.1502 30
      vertex 79.326 11.358 0
      vertex 79.326 11.358 30
    endloop
  endfacet
  facet normal 0.962462 0.271416 0
    outer loop
      vertex 79.326 11.358 0
      vertex 79.3846 11.1502 30
      vertex 79.3846 11.1502 0
    endloop
  endfacet
  facet normal -0.872514 -0.488589 0
    outer loop
      vertex 84.4503 13.2485 0
      vertex 84.3448 13.4369 30
      vertex 84.3448 13.4369 0
    endloop
  endfacet
  facet normal -0.872514 -0.488589 0
    outer loop
      vertex 84.3448 13.4369 30
      vertex 84.4503 13.2485 0
      vertex 84.4503 13.2485 30
    endloop
  endfacet
  facet normal 0.785321 0.619089 0
    outer loop
      vertex 79.9089 10.214 30
      vertex 79.7752 10.3836 0
      vertex 79.7752 10.3836 30
    endloop
  endfacet
  facet normal 0.785321 0.619089 0
    outer loop
      vertex 79.7752 10.3836 0
      vertex 79.9089 10.214 30
      vertex 79.9089 10.214 0
    endloop
  endfacet
  facet normal -0.999225 0.0393578 0
    outer loop
      vertex 84.7415 11.7842 0
      vertex 84.75 12 30
      vertex 84.75 12 0
    endloop
  endfacet
  facet normal -0.999225 0.0393578 0
    outer loop
      vertex 84.75 12 30
      vertex 84.7415 11.7842 0
      vertex 84.7415 11.7842 30
    endloop
  endfacet
  facet normal -0.679061 0.734082 0
    outer loop
      vertex 83.9445 10.0555 0
      vertex 83.786 9.90888 30
      vertex 83.9445 10.0555 30
    endloop
  endfacet
  facet normal -0.679061 0.734082 0
    outer loop
      vertex 83.786 9.90888 30
      vertex 83.9445 10.0555 0
      vertex 83.786 9.90888 0
    endloop
  endfacet
  facet normal 0.619089 -0.785321 0
    outer loop
      vertex 80.214 14.0911 0
      vertex 80.3836 14.2248 30
      vertex 80.214 14.0911 30
    endloop
  endfacet
  facet normal 0.619089 -0.785321 0
    outer loop
      vertex 80.3836 14.2248 30
      vertex 80.214 14.0911 0
      vertex 80.3836 14.2248 0
    endloop
  endfacet
  facet normal -0.0392653 0.999229 0
    outer loop
      vertex 82.2158 9.25848 0
      vertex 82 9.25 30
      vertex 82.2158 9.25848 30
    endloop
  endfacet
  facet normal -0.0392653 0.999229 0
    outer loop
      vertex 82 9.25 30
      vertex 82.2158 9.25848 0
      vertex 82 9.25 0
    endloop
  endfacet
  facet normal 0.734128 -0.679011 0
    outer loop
      vertex 79.9089 13.786 30
      vertex 80.0555 13.9445 0
      vertex 80.0555 13.9445 30
    endloop
  endfacet
  facet normal 0.734128 -0.679011 0
    outer loop
      vertex 80.0555 13.9445 0
      vertex 79.9089 13.786 30
      vertex 79.9089 13.786 0
    endloop
  endfacet
  facet normal 0.908149 -0.418647 0
    outer loop
      vertex 79.4593 13.0524 30
      vertex 79.5497 13.2485 0
      vertex 79.5497 13.2485 30
    endloop
  endfacet
  facet normal 0.908149 -0.418647 0
    outer loop
      vertex 79.5497 13.2485 0
      vertex 79.4593 13.0524 30
      vertex 79.4593 13.0524 0
    endloop
  endfacet
  facet normal 0.908149 0.418647 0
    outer loop
      vertex 79.5497 10.7515 30
      vertex 79.4593 10.9476 0
      vertex 79.4593 10.9476 30
    endloop
  endfacet
  facet normal 0.908149 0.418647 0
    outer loop
      vertex 79.4593 10.9476 0
      vertex 79.5497 10.7515 30
      vertex 79.5497 10.7515 0
    endloop
  endfacet
  facet normal 0.488589 -0.872514 0
    outer loop
      vertex 80.5631 14.3448 0
      vertex 80.7515 14.4503 30
      vertex 80.5631 14.3448 30
    endloop
  endfacet
  facet normal 0.488589 -0.872514 0
    outer loop
      vertex 80.7515 14.4503 30
      vertex 80.5631 14.3448 0
      vertex 80.7515 14.4503 0
    endloop
  endfacet
  facet normal 0.993055 0.117647 0
    outer loop
      vertex 79.2839 11.5698 30
      vertex 79.2585 11.7842 0
      vertex 79.2585 11.7842 30
    endloop
  endfacet
  facet normal 0.993055 0.117647 0
    outer loop
      vertex 79.2585 11.7842 0
      vertex 79.2839 11.5698 30
      vertex 79.2839 11.5698 0
    endloop
  endfacet
  facet normal 0.195047 0.980794 -0
    outer loop
      vertex 81.5698 9.28386 0
      vertex 81.358 9.32598 30
      vertex 81.5698 9.28386 30
    endloop
  endfacet
  facet normal 0.195047 0.980794 0
    outer loop
      vertex 81.358 9.32598 30
      vertex 81.5698 9.28386 0
      vertex 81.358 9.32598 0
    endloop
  endfacet
  facet normal 0.117647 -0.993055 0
    outer loop
      vertex 81.5698 14.7161 0
      vertex 81.7842 14.7415 30
      vertex 81.5698 14.7161 30
    endloop
  endfacet
  facet normal 0.117647 -0.993055 0
    outer loop
      vertex 81.7842 14.7415 30
      vertex 81.5698 14.7161 0
      vertex 81.7842 14.7415 0
    endloop
  endfacet
  facet normal -0.271459 0.96245 0
    outer loop
      vertex 82.8498 9.38459 0
      vertex 82.642 9.32598 30
      vertex 82.8498 9.38459 30
    endloop
  endfacet
  facet normal -0.271459 0.96245 0
    outer loop
      vertex 82.642 9.32598 30
      vertex 82.8498 9.38459 0
      vertex 82.642 9.32598 0
    endloop
  endfacet
  facet normal 0.679061 0.734082 -0
    outer loop
      vertex 80.214 9.90888 0
      vertex 80.0555 10.0555 30
      vertex 80.214 9.90888 30
    endloop
  endfacet
  facet normal 0.679061 0.734082 0
    outer loop
      vertex 80.0555 10.0555 30
      vertex 80.214 9.90888 0
      vertex 80.0555 10.0555 0
    endloop
  endfacet
  facet normal 0.980812 0.194958 0
    outer loop
      vertex 79.326 11.358 30
      vertex 79.2839 11.5698 0
      vertex 79.2839 11.5698 30
    endloop
  endfacet
  facet normal 0.980812 0.194958 0
    outer loop
      vertex 79.2839 11.5698 0
      vertex 79.326 11.358 30
      vertex 79.326 11.358 0
    endloop
  endfacet
  facet normal 0.980812 -0.194958 0
    outer loop
      vertex 79.2839 12.4302 30
      vertex 79.326 12.642 0
      vertex 79.326 12.642 30
    endloop
  endfacet
  facet normal 0.980812 -0.194958 0
    outer loop
      vertex 79.326 12.642 0
      vertex 79.2839 12.4302 30
      vertex 79.2839 12.4302 0
    endloop
  endfacet
  facet normal 0.555769 -0.831337 0
    outer loop
      vertex 80.3836 14.2248 0
      vertex 80.5631 14.3448 30
      vertex 80.3836 14.2248 30
    endloop
  endfacet
  facet normal 0.555769 -0.831337 0
    outer loop
      vertex 80.5631 14.3448 30
      vertex 80.3836 14.2248 0
      vertex 80.5631 14.3448 0
    endloop
  endfacet
  facet normal -0.908149 0.418647 0
    outer loop
      vertex 84.4503 10.7515 0
      vertex 84.5407 10.9476 30
      vertex 84.5407 10.9476 0
    endloop
  endfacet
  facet normal -0.908149 0.418647 0
    outer loop
      vertex 84.5407 10.9476 30
      vertex 84.4503 10.7515 0
      vertex 84.4503 10.7515 30
    endloop
  endfacet
  facet normal 0.345941 -0.938256 0
    outer loop
      vertex 80.9476 14.5407 0
      vertex 81.1502 14.6154 30
      vertex 80.9476 14.5407 30
    endloop
  endfacet
  facet normal 0.345941 -0.938256 0
    outer loop
      vertex 81.1502 14.6154 30
      vertex 80.9476 14.5407 0
      vertex 81.1502 14.6154 0
    endloop
  endfacet
  facet normal 0.872514 -0.488589 0
    outer loop
      vertex 79.5497 13.2485 30
      vertex 79.6552 13.4369 0
      vertex 79.6552 13.4369 30
    endloop
  endfacet
  facet normal 0.872514 -0.488589 0
    outer loop
      vertex 79.6552 13.4369 0
      vertex 79.5497 13.2485 30
      vertex 79.5497 13.2485 0
    endloop
  endfacet
  facet normal 0.938256 0.345941 0
    outer loop
      vertex 79.4593 10.9476 30
      vertex 79.3846 11.1502 0
      vertex 79.3846 11.1502 30
    endloop
  endfacet
  facet normal 0.938256 0.345941 0
    outer loop
      vertex 79.3846 11.1502 0
      vertex 79.4593 10.9476 30
      vertex 79.4593 10.9476 0
    endloop
  endfacet
  facet normal -0.679011 -0.734128 0
    outer loop
      vertex 83.786 14.0911 0
      vertex 83.9445 13.9445 30
      vertex 83.786 14.0911 30
    endloop
  endfacet
  facet normal -0.679011 -0.734128 -0
    outer loop
      vertex 83.9445 13.9445 30
      vertex 83.786 14.0911 0
      vertex 83.9445 13.9445 0
    endloop
  endfacet
  facet normal 0.0392653 0.999229 -0
    outer loop
      vertex 82 9.25 0
      vertex 81.7842 9.25848 30
      vertex 82 9.25 30
    endloop
  endfacet
  facet normal 0.0392653 0.999229 0
    outer loop
      vertex 81.7842 9.25848 30
      vertex 82 9.25 0
      vertex 81.7842 9.25848 0
    endloop
  endfacet
  facet normal 0.418647 0.908149 -0
    outer loop
      vertex 80.9476 9.45933 0
      vertex 80.7515 9.54973 30
      vertex 80.9476 9.45933 30
    endloop
  endfacet
  facet normal 0.418647 0.908149 0
    outer loop
      vertex 80.7515 9.54973 30
      vertex 80.9476 9.45933 0
      vertex 80.7515 9.54973 0
    endloop
  endfacet
  facet normal 0.999225 0.0393578 0
    outer loop
      vertex 79.2585 11.7842 30
      vertex 79.25 12 0
      vertex 79.25 12 30
    endloop
  endfacet
  facet normal 0.999225 0.0393578 0
    outer loop
      vertex 79.25 12 0
      vertex 79.2585 11.7842 30
      vertex 79.2585 11.7842 0
    endloop
  endfacet
  facet normal 0.271459 0.96245 -0
    outer loop
      vertex 81.358 9.32598 0
      vertex 81.1502 9.38459 30
      vertex 81.358 9.32598 30
    endloop
  endfacet
  facet normal 0.271459 0.96245 0
    outer loop
      vertex 81.1502 9.38459 30
      vertex 81.358 9.32598 0
      vertex 81.1502 9.38459 0
    endloop
  endfacet
  facet normal -0.117647 -0.993055 0
    outer loop
      vertex 82.2158 14.7415 0
      vertex 82.4302 14.7161 30
      vertex 82.2158 14.7415 30
    endloop
  endfacet
  facet normal -0.117647 -0.993055 -0
    outer loop
      vertex 82.4302 14.7161 30
      vertex 82.2158 14.7415 0
      vertex 82.4302 14.7161 0
    endloop
  endfacet
  facet normal -0.872514 0.488589 0
    outer loop
      vertex 84.3448 10.5631 0
      vertex 84.4503 10.7515 30
      vertex 84.4503 10.7515 0
    endloop
  endfacet
  facet normal -0.872514 0.488589 0
    outer loop
      vertex 84.4503 10.7515 30
      vertex 84.3448 10.5631 0
      vertex 84.3448 10.5631 30
    endloop
  endfacet
  facet normal -0.734128 0.679011 0
    outer loop
      vertex 83.9445 10.0555 0
      vertex 84.0911 10.214 30
      vertex 84.0911 10.214 0
    endloop
  endfacet
  facet normal -0.734128 0.679011 0
    outer loop
      vertex 84.0911 10.214 30
      vertex 83.9445 10.0555 0
      vertex 83.9445 10.0555 30
    endloop
  endfacet
  facet normal -0.0393578 -0.999225 0
    outer loop
      vertex 82 14.75 0
      vertex 82.2158 14.7415 30
      vertex 82 14.75 30
    endloop
  endfacet
  facet normal -0.0393578 -0.999225 -0
    outer loop
      vertex 82.2158 14.7415 30
      vertex 82 14.75 0
      vertex 82.2158 14.7415 0
    endloop
  endfacet
  facet normal 0.872514 0.488589 0
    outer loop
      vertex 79.6552 10.5631 30
      vertex 79.5497 10.7515 0
      vertex 79.5497 10.7515 30
    endloop
  endfacet
  facet normal 0.872514 0.488589 0
    outer loop
      vertex 79.5497 10.7515 0
      vertex 79.6552 10.5631 30
      vertex 79.6552 10.5631 0
    endloop
  endfacet
  facet normal 0.831337 0.555769 0
    outer loop
      vertex 79.7752 10.3836 30
      vertex 79.6552 10.5631 0
      vertex 79.6552 10.5631 30
    endloop
  endfacet
  facet normal 0.831337 0.555769 0
    outer loop
      vertex 79.6552 10.5631 0
      vertex 79.7752 10.3836 30
      vertex 79.7752 10.3836 0
    endloop
  endfacet
  facet normal 0.117556 0.993066 -0
    outer loop
      vertex 81.7842 9.25848 0
      vertex 81.5698 9.28386 30
      vertex 81.7842 9.25848 30
    endloop
  endfacet
  facet normal 0.117556 0.993066 0
    outer loop
      vertex 81.5698 9.28386 30
      vertex 81.7842 9.25848 0
      vertex 81.5698 9.28386 0
    endloop
  endfacet
  facet normal 0.55564 0.831423 -0
    outer loop
      vertex 80.5631 9.65524 0
      vertex 80.3836 9.7752 30
      vertex 80.5631 9.65524 30
    endloop
  endfacet
  facet normal 0.55564 0.831423 0
    outer loop
      vertex 80.3836 9.7752 30
      vertex 80.5631 9.65524 0
      vertex 80.3836 9.7752 0
    endloop
  endfacet
  facet normal -0.418647 0.908149 0
    outer loop
      vertex 83.2485 9.54973 0
      vertex 83.0524 9.45933 30
      vertex 83.2485 9.54973 30
    endloop
  endfacet
  facet normal -0.418647 0.908149 0
    outer loop
      vertex 83.0524 9.45933 30
      vertex 83.2485 9.54973 0
      vertex 83.0524 9.45933 0
    endloop
  endfacet
  facet normal 0.831337 -0.555769 0
    outer loop
      vertex 79.6552 13.4369 30
      vertex 79.7752 13.6164 0
      vertex 79.7752 13.6164 30
    endloop
  endfacet
  facet normal 0.831337 -0.555769 0
    outer loop
      vertex 79.7752 13.6164 0
      vertex 79.6552 13.4369 30
      vertex 79.6552 13.4369 0
    endloop
  endfacet
  facet normal 0.195137 -0.980776 0
    outer loop
      vertex 86.6257 -19.9508 0
      vertex 86.9338 -19.8895 30
      vertex 86.6257 -19.9508 30
    endloop
  endfacet
  facet normal 0.195137 -0.980776 0
    outer loop
      vertex 86.9338 -19.8895 30
      vertex 86.6257 -19.9508 0
      vertex 86.9338 -19.8895 0
    endloop
  endfacet
  facet normal -0.734266 0.678862 0
    outer loop
      vertex -89.0416 18.5978 0
      vertex -88.8284 18.8284 30
      vertex -88.8284 18.8284 0
    endloop
  endfacet
  facet normal -0.734266 0.678862 0
    outer loop
      vertex -88.8284 18.8284 30
      vertex -89.0416 18.5978 0
      vertex -89.0416 18.5978 30
    endloop
  endfacet
  facet normal 0 -1 0
    outer loop
      vertex -86 -20 0
      vertex 86 -20 30
      vertex -86 -20 30
    endloop
  endfacet
  facet normal 0 -1 -0
    outer loop
      vertex 86 -20 30
      vertex -86 -20 0
      vertex 86 -20 0
    endloop
  endfacet
  facet normal 0.117488 -0.993074 0
    outer loop
      vertex 86.3138 -19.9877 0
      vertex 86.6257 -19.9508 30
      vertex 86.3138 -19.9877 30
    endloop
  endfacet
  facet normal 0.117488 -0.993074 0
    outer loop
      vertex 86.6257 -19.9508 30
      vertex 86.3138 -19.9877 0
      vertex 86.6257 -19.9508 0
    endloop
  endfacet
  facet normal 0.346163 0.938174 -0
    outer loop
      vertex 87.5307 19.6955 0
      vertex 87.2361 19.8042 30
      vertex 87.5307 19.6955 30
    endloop
  endfacet
  facet normal 0.346163 0.938174 0
    outer loop
      vertex 87.2361 19.8042 30
      vertex 87.5307 19.6955 0
      vertex 87.2361 19.8042 0
    endloop
  endfacet
  facet normal -0.0391669 0.999233 0
    outer loop
      vertex -86 20 0
      vertex -86.3138 19.9877 30
      vertex -86 20 30
    endloop
  endfacet
  facet normal -0.0391669 0.999233 0
    outer loop
      vertex -86.3138 19.9877 30
      vertex -86 20 0
      vertex -86.3138 19.9877 0
    endloop
  endfacet
  facet normal -0.488506 0.87256 0
    outer loop
      vertex -87.816 19.564 0
      vertex -88.09 19.4106 30
      vertex -87.816 19.564 30
    endloop
  endfacet
  facet normal -0.488506 0.87256 0
    outer loop
      vertex -88.09 19.4106 30
      vertex -87.816 19.564 0
      vertex -88.09 19.4106 0
    endloop
  endfacet
  facet normal 0.0391669 -0.999233 0
    outer loop
      vertex 86 -20 0
      vertex 86.3138 -19.9877 30
      vertex 86 -20 30
    endloop
  endfacet
  facet normal 0.0391669 -0.999233 0
    outer loop
      vertex 86.3138 -19.9877 30
      vertex 86 -20 0
      vertex 86.3138 -19.9877 0
    endloop
  endfacet
  facet normal 0.678862 0.734266 -0
    outer loop
      vertex 88.8284 18.8284 0
      vertex 88.5978 19.0416 30
      vertex 88.8284 18.8284 30
    endloop
  endfacet
  facet normal 0.678862 0.734266 0
    outer loop
      vertex 88.5978 19.0416 30
      vertex 88.8284 18.8284 0
      vertex 88.5978 19.0416 0
    endloop
  endfacet
  facet normal -0.87256 -0.488506 0
    outer loop
      vertex -89.4106 -18.09 0
      vertex -89.564 -17.816 30
      vertex -89.564 -17.816 0
    endloop
  endfacet
  facet normal -0.87256 -0.488506 0
    outer loop
      vertex -89.564 -17.816 30
      vertex -89.4106 -18.09 0
      vertex -89.4106 -18.09 30
    endloop
  endfacet
  facet normal -0.488506 -0.87256 0
    outer loop
      vertex -88.09 -19.4106 0
      vertex -87.816 -19.564 30
      vertex -88.09 -19.4106 30
    endloop
  endfacet
  facet normal -0.488506 -0.87256 -0
    outer loop
      vertex -87.816 -19.564 30
      vertex -88.09 -19.4106 0
      vertex -87.816 -19.564 0
    endloop
  endfacet
  facet normal 0.908174 0.418594 0
    outer loop
      vertex 89.6955 17.5307 30
      vertex 89.564 17.816 0
      vertex 89.564 17.816 30
    endloop
  endfacet
  facet normal 0.908174 0.418594 0
    outer loop
      vertex 89.564 17.816 0
      vertex 89.6955 17.5307 30
      vertex 89.6955 17.5307 0
    endloop
  endfacet
  facet normal 0.0391669 0.999233 -0
    outer loop
      vertex 86.3138 19.9877 0
      vertex 86 20 30
      vertex 86.3138 19.9877 30
    endloop
  endfacet
  facet normal 0.0391669 0.999233 0
    outer loop
      vertex 86 20 30
      vertex 86.3138 19.9877 0
      vertex 86 20 0
    endloop
  endfacet
  facet normal 0.555655 -0.831413 0
    outer loop
      vertex 88.09 -19.4106 0
      vertex 88.3511 -19.2361 30
      vertex 88.09 -19.4106 30
    endloop
  endfacet
  facet normal 0.555655 -0.831413 0
    outer loop
      vertex 88.3511 -19.2361 30
      vertex 88.09 -19.4106 0
      vertex 88.3511 -19.2361 0
    endloop
  endfacet
  facet normal 0.488506 0.87256 -0
    outer loop
      vertex 88.09 19.4106 0
      vertex 87.816 19.564 30
      vertex 88.09 19.4106 30
    endloop
  endfacet
  facet normal 0.488506 0.87256 0
    outer loop
      vertex 87.816 19.564 30
      vertex 88.09 19.4106 0
      vertex 87.816 19.564 0
    endloop
  endfacet
  facet normal -0.195137 -0.980776 0
    outer loop
      vertex -86.9338 -19.8895 0
      vertex -86.6257 -19.9508 30
      vertex -86.9338 -19.8895 30
    endloop
  endfacet
  facet normal -0.195137 -0.980776 -0
    outer loop
      vertex -86.6257 -19.9508 30
      vertex -86.9338 -19.8895 0
      vertex -86.6257 -19.9508 0
    endloop
  endfacet
  facet normal -0.346163 0.938174 0
    outer loop
      vertex -87.2361 19.8042 0
      vertex -87.5307 19.6955 30
      vertex -87.2361 19.8042 30
    endloop
  endfacet
  facet normal -0.346163 0.938174 0
    outer loop
      vertex -87.5307 19.6955 30
      vertex -87.2361 19.8042 0
      vertex -87.5307 19.6955 0
    endloop
  endfacet
  facet normal 0 1 -0
    outer loop
      vertex 86 20 0
      vertex -86 20 30
      vertex 86 20 30
    endloop
  endfacet
  facet normal 0 1 0
    outer loop
      vertex -86 20 30
      vertex 86 20 0
      vertex -86 20 0
    endloop
  endfacet
  facet normal 0.418594 -0.908174 0
    outer loop
      vertex 87.5307 -19.6955 0
      vertex 87.816 -19.564 30
      vertex 87.5307 -19.6955 30
    endloop
  endfacet
  facet normal 0.418594 -0.908174 0
    outer loop
      vertex 87.816 -19.564 30
      vertex 87.5307 -19.6955 0
      vertex 87.816 -19.564 0
    endloop
  endfacet
  facet normal -0.117488 0.993074 0
    outer loop
      vertex -86.3138 19.9877 0
      vertex -86.6257 19.9508 30
      vertex -86.3138 19.9877 30
    endloop
  endfacet
  facet normal -0.117488 0.993074 0
    outer loop
      vertex -86.6257 19.9508 30
      vertex -86.3138 19.9877 0
      vertex -86.6257 19.9508 0
    endloop
  endfacet
  facet normal 0.619128 -0.78529 0
    outer loop
      vertex 88.3511 -19.2361 0
      vertex 88.5978 -19.0416 30
      vertex 88.3511 -19.2361 30
    endloop
  endfacet
  facet normal 0.619128 -0.78529 0
    outer loop
      vertex 88.5978 -19.0416 30
      vertex 88.3511 -19.2361 0
      vertex 88.5978 -19.0416 0
    endloop
  endfacet
  facet normal 0.980776 0.195137 0
    outer loop
      vertex 89.9508 16.6257 30
      vertex 89.8895 16.9338 0
      vertex 89.8895 16.9338 30
    endloop
  endfacet
  facet normal 0.980776 0.195137 0
    outer loop
      vertex 89.8895 16.9338 0
      vertex 89.9508 16.6257 30
      vertex 89.9508 16.6257 0
    endloop
  endfacet
  facet normal 0.271566 0.96242 -0
    outer loop
      vertex 87.2361 19.8042 0
      vertex 86.9338 19.8895 30
      vertex 87.2361 19.8042 30
    endloop
  endfacet
  facet normal 0.271566 0.96242 0
    outer loop
      vertex 86.9338 19.8895 30
      vertex 87.2361 19.8042 0
      vertex 86.9338 19.8895 0
    endloop
  endfacet
  facet normal 0.117488 0.993074 -0
    outer loop
      vertex 86.6257 19.9508 0
      vertex 86.3138 19.9877 30
      vertex 86.6257 19.9508 30
    endloop
  endfacet
  facet normal 0.117488 0.993074 0
    outer loop
      vertex 86.3138 19.9877 30
      vertex 86.6257 19.9508 0
      vertex 86.3138 19.9877 0
    endloop
  endfacet
  facet normal -1 0 0
    outer loop
      vertex -90 -16 0
      vertex -90 16 30
      vertex -90 16 0
    endloop
  endfacet
  facet normal -1 -0 0
    outer loop
      vertex -90 16 30
      vertex -90 -16 0
      vertex -90 -16 30
    endloop
  endfacet
  facet normal 0.999233 0.0391669 0
    outer loop
      vertex 90 16 30
      vertex 89.9877 16.3138 0
      vertex 89.9877 16.3138 30
    endloop
  endfacet
  facet normal 0.999233 0.0391669 0
    outer loop
      vertex 89.9877 16.3138 0
      vertex 90 16 30
      vertex 90 16 0
    endloop
  endfacet
  facet normal 1 -0 0
    outer loop
      vertex 90 -16 30
      vertex 90 16 0
      vertex 90 16 30
    endloop
  endfacet
  facet normal 1 0 0
    outer loop
      vertex 90 16 0
      vertex 90 -16 30
      vertex 90 -16 0
    endloop
  endfacet
  facet normal -0.999233 -0.0391669 0
    outer loop
      vertex -89.9877 -16.3138 0
      vertex -90 -16 30
      vertex -90 -16 0
    endloop
  endfacet
  facet normal -0.999233 -0.0391669 0
    outer loop
      vertex -90 -16 30
      vertex -89.9877 -16.3138 0
      vertex -89.9877 -16.3138 30
    endloop
  endfacet
  facet normal 0.555655 0.831413 -0
    outer loop
      vertex 88.3511 19.2361 0
      vertex 88.09 19.4106 30
      vertex 88.3511 19.2361 30
    endloop
  endfacet
  facet normal 0.555655 0.831413 0
    outer loop
      vertex 88.09 19.4106 30
      vertex 88.3511 19.2361 0
      vertex 88.09 19.4106 0
    endloop
  endfacet
  facet normal 0.938174 0.346163 0
    outer loop
      vertex 89.8042 17.2361 30
      vertex 89.6955 17.5307 0
      vertex 89.6955 17.5307 30
    endloop
  endfacet
  facet normal 0.938174 0.346163 0
    outer loop
      vertex 89.6955 17.5307 0
      vertex 89.8042 17.2361 30
      vertex 89.8042 17.2361 0
    endloop
  endfacet
  facet normal -0.195137 0.980776 0
    outer loop
      vertex -86.6257 19.9508 0
      vertex -86.9338 19.8895 30
      vertex -86.6257 19.9508 30
    endloop
  endfacet
  facet normal -0.195137 0.980776 0
    outer loop
      vertex -86.9338 19.8895 30
      vertex -86.6257 19.9508 0
      vertex -86.9338 19.8895 0
    endloop
  endfacet
  facet normal -0.117488 -0.993074 0
    outer loop
      vertex -86.6257 -19.9508 0
      vertex -86.3138 -19.9877 30
      vertex -86.6257 -19.9508 30
    endloop
  endfacet
  facet normal -0.117488 -0.993074 -0
    outer loop
      vertex -86.3138 -19.9877 30
      vertex -86.6257 -19.9508 0
      vertex -86.3138 -19.9877 0
    endloop
  endfacet
  facet normal -0.0391669 -0.999233 0
    outer loop
      vertex -86.3138 -19.9877 0
      vertex -86 -20 30
      vertex -86.3138 -19.9877 30
    endloop
  endfacet
  facet normal -0.0391669 -0.999233 -0
    outer loop
      vertex -86 -20 30
      vertex -86.3138 -19.9877 0
      vertex -86 -20 0
    endloop
  endfacet
  facet normal 0.195137 0.980776 -0
    outer loop
      vertex 86.9338 19.8895 0
      vertex 86.6257 19.9508 30
      vertex 86.9338 19.8895 30
    endloop
  endfacet
  facet normal 0.195137 0.980776 0
    outer loop
      vertex 86.6257 19.9508 30
      vertex 86.9338 19.8895 0
      vertex 86.6257 19.9508 0
    endloop
  endfacet
  facet normal 0.993074 0.117488 0
    outer loop
      vertex 89.9877 16.3138 30
      vertex 89.9508 16.6257 0
      vertex 89.9508 16.6257 30
    endloop
  endfacet
  facet normal 0.993074 0.117488 0
    outer loop
      vertex 89.9508 16.6257 0
      vertex 89.9877 16.3138 30
      vertex 89.9877 16.3138 0
    endloop
  endfacet
  facet normal -0.78529 0.619128 0
    outer loop
      vertex -89.2361 18.3511 0
      vertex -89.0416 18.5978 30
      vertex -89.0416 18.5978 0
    endloop
  endfacet
  facet normal -0.78529 0.619128 0
    outer loop
      vertex -89.0416 18.5978 30
      vertex -89.2361 18.3511 0
      vertex -89.2361 18.3511 30
    endloop
  endfacet
  facet normal -0.271566 0.96242 0
    outer loop
      vertex -86.9338 19.8895 0
      vertex -87.2361 19.8042 30
      vertex -86.9338 19.8895 30
    endloop
  endfacet
  facet normal -0.271566 0.96242 0
    outer loop
      vertex -87.2361 19.8042 30
      vertex -86.9338 19.8895 0
      vertex -87.2361 19.8042 0
    endloop
  endfacet
  facet normal -0.734266 -0.678862 0
    outer loop
      vertex -88.8284 -18.8284 0
      vertex -89.0416 -18.5978 30
      vertex -89.0416 -18.5978 0
    endloop
  endfacet
  facet normal -0.734266 -0.678862 0
    outer loop
      vertex -89.0416 -18.5978 30
      vertex -88.8284 -18.8284 0
      vertex -88.8284 -18.8284 30
    endloop
  endfacet
  facet normal -0.96242 0.271566 0
    outer loop
      vertex -89.8895 16.9338 0
      vertex -89.8042 17.2361 30
      vertex -89.8042 17.2361 0
    endloop
  endfacet
  facet normal -0.96242 0.271566 0
    outer loop
      vertex -89.8042 17.2361 30
      vertex -89.8895 16.9338 0
      vertex -89.8895 16.9338 30
    endloop
  endfacet
  facet normal -0.418594 0.908174 0
    outer loop
      vertex -87.5307 19.6955 0
      vertex -87.816 19.564 30
      vertex -87.5307 19.6955 30
    endloop
  endfacet
  facet normal -0.418594 0.908174 0
    outer loop
      vertex -87.816 19.564 30
      vertex -87.5307 19.6955 0
      vertex -87.816 19.564 0
    endloop
  endfacet
  facet normal -0.980776 0.195137 0
    outer loop
      vertex -89.9508 16.6257 0
      vertex -89.8895 16.9338 30
      vertex -89.8895 16.9338 0
    endloop
  endfacet
  facet normal -0.980776 0.195137 0
    outer loop
      vertex -89.8895 16.9338 30
      vertex -89.9508 16.6257 0
      vertex -89.9508 16.6257 30
    endloop
  endfacet
  facet normal -0.980776 -0.195137 0
    outer loop
      vertex -89.8895 -16.9338 0
      vertex -89.9508 -16.6257 30
      vertex -89.9508 -16.6257 0
    endloop
  endfacet
  facet normal -0.980776 -0.195137 0
    outer loop
      vertex -89.9508 -16.6257 30
      vertex -89.8895 -16.9338 0
      vertex -89.8895 -16.9338 30
    endloop
  endfacet
  facet normal 0.831413 0.555655 0
    outer loop
      vertex 89.4106 18.09 30
      vertex 89.2361 18.3511 0
      vertex 89.2361 18.3511 30
    endloop
  endfacet
  facet normal 0.831413 0.555655 0
    outer loop
      vertex 89.2361 18.3511 0
      vertex 89.4106 18.09 30
      vertex 89.4106 18.09 0
    endloop
  endfacet
  facet normal -0.87256 0.488506 0
    outer loop
      vertex -89.564 17.816 0
      vertex -89.4106 18.09 30
      vertex -89.4106 18.09 0
    endloop
  endfacet
  facet normal -0.87256 0.488506 0
    outer loop
      vertex -89.4106 18.09 30
      vertex -89.564 17.816 0
      vertex -89.564 17.816 30
    endloop
  endfacet
  facet normal 0.418594 0.908174 -0
    outer loop
      vertex 87.816 19.564 0
      vertex 87.5307 19.6955 30
      vertex 87.816 19.564 30
    endloop
  endfacet
  facet normal 0.418594 0.908174 0
    outer loop
      vertex 87.5307 19.6955 30
      vertex 87.816 19.564 0
      vertex 87.5307 19.6955 0
    endloop
  endfacet
  facet normal -0.831413 0.555655 0
    outer loop
      vertex -89.4106 18.09 0
      vertex -89.2361 18.3511 30
      vertex -89.2361 18.3511 0
    endloop
  endfacet
  facet normal -0.831413 0.555655 0
    outer loop
      vertex -89.2361 18.3511 30
      vertex -89.4106 18.09 0
      vertex -89.4106 18.09 30
    endloop
  endfacet
  facet normal -0.619128 -0.78529 0
    outer loop
      vertex -88.5978 -19.0416 0
      vertex -88.3511 -19.2361 30
      vertex -88.5978 -19.0416 30
    endloop
  endfacet
  facet normal -0.619128 -0.78529 -0
    outer loop
      vertex -88.3511 -19.2361 30
      vertex -88.5978 -19.0416 0
      vertex -88.3511 -19.2361 0
    endloop
  endfacet
  facet normal -0.908174 0.418594 0
    outer loop
      vertex -89.6955 17.5307 0
      vertex -89.564 17.816 30
      vertex -89.564 17.816 0
    endloop
  endfacet
  facet normal -0.908174 0.418594 0
    outer loop
      vertex -89.564 17.816 30
      vertex -89.6955 17.5307 0
      vertex -89.6955 17.5307 30
    endloop
  endfacet
  facet normal -0.619128 0.78529 0
    outer loop
      vertex -88.3511 19.2361 0
      vertex -88.5978 19.0416 30
      vertex -88.3511 19.2361 30
    endloop
  endfacet
  facet normal -0.619128 0.78529 0
    outer loop
      vertex -88.5978 19.0416 30
      vertex -88.3511 19.2361 0
      vertex -88.5978 19.0416 0
    endloop
  endfacet
  facet normal -0.555655 0.831413 0
    outer loop
      vertex -88.09 19.4106 0
      vertex -88.3511 19.2361 30
      vertex -88.09 19.4106 30
    endloop
  endfacet
  facet normal -0.555655 0.831413 0
    outer loop
      vertex -88.3511 19.2361 30
      vertex -88.09 19.4106 0
      vertex -88.3511 19.2361 0
    endloop
  endfacet
  facet normal -0 0 -1
    outer loop
      vertex -64.455 -2.26995 0
      vertex -79.6552 -10.5631 0
      vertex -64.6194 -1.91342 0
    endloop
  endfacet
  facet normal 0 0 -1
    outer loop
      vertex -65 0 0
      vertex -79.2585 11.7842 0
      vertex -79.25 12 0
    endloop
  endfacet
  facet normal 0 0 -1
    outer loop
      vertex -79.7752 -10.3836 0
      vertex -64.6194 -1.91342 0
      vertex -79.6552 -10.5631 0
    endloop
  endfacet
  facet normal 0 0 -1
    outer loop
      vertex -65 0 0
      vertex -79.2839 11.5698 0
      vertex -79.2585 11.7842 0
    endloop
  endfacet
  facet normal -0 0 -1
    outer loop
      vertex -64.6194 -1.91342 0
      vertex -79.7752 -10.3836 0
      vertex -64.7553 -1.54508 0
    endloop
  endfacet
  facet normal 0 0 -1
    outer loop
      vertex -65 0 0
      vertex -79.326 11.358 0
      vertex -79.2839 11.5698 0
    endloop
  endfacet
  facet normal 0 0 -1
    outer loop
      vertex -79.9089 -10.214 0
      vertex -64.7553 -1.54508 0
      vertex -79.7752 -10.3836 0
    endloop
  endfacet
  facet normal 0 0 -1
    outer loop
      vertex -65 0 0
      vertex -79.3846 11.1502 0
      vertex -79.326 11.358 0
    endloop
  endfacet
  facet normal 0 0 -1
    outer loop
      vertex -80.0555 -10.0555 0
      vertex -64.7553 -1.54508 0
      vertex -79.9089 -10.214 0
    endloop
  endfacet
  facet normal 0 0 -1
    outer loop
      vertex -65 0 0
      vertex -79.4593 10.9476 0
      vertex -79.3846 11.1502 0
    endloop
  endfacet
  facet normal -0 0 -1
    outer loop
      vertex -64.7553 -1.54508 0
      vertex -80.0555 -10.0555 0
      vertex -64.8618 -1.16723 0
    endloop
  endfacet
  facet normal 0 0 -1
    outer loop
      vertex -65 0 0
      vertex -79.5497 10.7515 0
      vertex -79.4593 10.9476 0
    endloop
  endfacet
  facet normal 0 0 -1
    outer loop
      vertex -80.214 -9.90888 0
      vertex -64.8618 -1.16723 0
      vertex -80.0555 -10.0555 0
    endloop
  endfacet
  facet normal 0 0 -1
    outer loop
      vertex -65 0 0
      vertex -79.6552 10.5631 0
      vertex -79.5497 10.7515 0
    endloop
  endfacet
  facet normal -0 0 -1
    outer loop
      vertex -64.8618 -1.16723 0
      vertex -80.214 -9.90888 0
      vertex -64.9384 -0.782172 0
    endloop
  endfacet
  facet normal 0 0 -1
    outer loop
      vertex -65 0 0
      vertex -79.7752 10.3836 0
      vertex -79.6552 10.5631 0
    endloop
  endfacet
  facet normal 0 0 -1
    outer loop
      vertex -80.3836 -9.7752 0
      vertex -64.9384 -0.782172 0
      vertex -80.214 -9.90888 0
    endloop
  endfacet
  facet normal 0 0 -1
    outer loop
      vertex -65 0 0
      vertex -79.9089 10.214 0
      vertex -79.7752 10.3836 0
    endloop
  endfacet
  facet normal -0 0 -1
    outer loop
      vertex -64.9384 -0.782172 0
      vertex -80.3836 -9.7752 0
      vertex -64.9846 -0.392295 0
    endloop
  endfacet
  facet normal 0 0 -1
    outer loop
      vertex -65 0 0
      vertex -80.0555 10.0555 0
      vertex -79.9089 10.214 0
    endloop
  endfacet
  facet normal 0 0 -1
    outer loop
      vertex -80.5631 -9.65524 0
      vertex -64.9846 -0.392295 0
      vertex -80.3836 -9.7752 0
    endloop
  endfacet
  facet normal 0 0 -1
    outer loop
      vertex -65 0 0
      vertex -80.214 9.90888 0
      vertex -80.0555 10.0555 0
    endloop
  endfacet
  facet normal -0 0 -1
    outer loop
      vertex -64.9846 -0.392295 0
      vertex -80.5631 -9.65524 0
      vertex -65 0 0
    endloop
  endfacet
  facet normal 0 0 -1
    outer loop
      vertex -65 0 0
      vertex -80.3836 9.7752 0
      vertex -80.214 9.90888 0
    endloop
  endfacet
  facet normal 0 0 -1
    outer loop
      vertex -80.7515 -9.54973 0
      vertex -65 0 0
      vertex -80.5631 -9.65524 0
    endloop
  endfacet
  facet normal 0 0 -1
    outer loop
      vertex -65 0 0
      vertex -80.5631 9.65524 0
      vertex -80.3836 9.7752 0
    endloop
  endfacet
  facet normal 0 0 -1
    outer loop
      vertex -80.7515 9.54973 0
      vertex -65 0 0
      vertex -80.7515 -9.54973 0
    endloop
  endfacet
  facet normal 0 0 -1
    outer loop
      vertex -65 0 0
      vertex -80.7515 9.54973 0
      vertex -80.5631 9.65524 0
    endloop
  endfacet
  facet normal 0 0 -1
    outer loop
      vertex -80.9476 -9.45933 0
      vertex -80.7515 9.54973 0
      vertex -80.7515 -9.54973 0
    endloop
  endfacet
  facet normal 0 0 -1
    outer loop
      vertex -80.9476 -9.45933 0
      vertex -80.9476 9.45933 0
      vertex -80.7515 9.54973 0
    endloop
  endfacet
  facet normal 0 0 -1
    outer loop
      vertex -81.1502 -9.38459 0
      vertex -80.9476 9.45933 0
      vertex -80.9476 -9.45933 0
    endloop
  endfacet
  facet normal 0 0 -1
    outer loop
      vertex -81.1502 -9.38459 0
      vertex -81.1502 9.38459 0
      vertex -80.9476 9.45933 0
    endloop
  endfacet
  facet normal 0 0 -1
    outer loop
      vertex -81.358 -9.32598 0
      vertex -81.1502 9.38459 0
      vertex -81.1502 -9.38459 0
    endloop
  endfacet
  facet normal 0 0 -1
    outer loop
      vertex -81.358 -9.32598 0
      vertex -81.358 9.32598 0
      vertex -81.1502 9.38459 0
    endloop
  endfacet
  facet normal 0 0 -1
    outer loop
      vertex -81.5698 -9.28386 0
      vertex -81.358 9.32598 0
      vertex -81.358 -9.32598 0
    endloop
  endfacet
  facet normal 0 0 -1
    outer loop
      vertex -81.5698 -9.28386 0
      vertex -81.5698 9.28386 0
      vertex -81.358 9.32598 0
    endloop
  endfacet
  facet normal 0 0 -1
    outer loop
      vertex -81.7842 -9.25848 0
      vertex -81.5698 9.28386 0
      vertex -81.5698 -9.28386 0
    endloop
  endfacet
  facet normal 0 0 -1
    outer loop
      vertex -81.7842 -9.25848 0
      vertex -81.7842 9.25848 0
      vertex -81.5698 9.28386 0
    endloop
  endfacet
  facet normal 0 0 -1
    outer loop
      vertex -82 -9.25 0
      vertex -81.7842 9.25848 0
      vertex -81.7842 -9.25848 0
    endloop
  endfacet
  facet normal 0 0 -1
    outer loop
      vertex -82 -9.25 0
      vertex -82 9.25 0
      vertex -81.7842 9.25848 0
    endloop
  endfacet
  facet normal 0 0 -1
    outer loop
      vertex -82.2158 -9.25848 0
      vertex -82 9.25 0
      vertex -82 -9.25 0
    endloop
  endfacet
  facet normal 0 0 -1
    outer loop
      vertex -82.2158 -9.25848 0
      vertex -82.2158 9.25848 0
      vertex -82 9.25 0
    endloop
  endfacet
  facet normal 0 0 -1
    outer loop
      vertex -82.4302 -9.28386 0
      vertex -82.2158 9.25848 0
      vertex -82.2158 -9.25848 0
    endloop
  endfacet
  facet normal 0 0 -1
    outer loop
      vertex -82.4302 -9.28386 0
      vertex -82.4302 9.28386 0
      vertex -82.2158 9.25848 0
    endloop
  endfacet
  facet normal 0 0 -1
    outer loop
      vertex -82.642 -9.32598 0
      vertex -82.4302 9.28386 0
      vertex -82.4302 -9.28386 0
    endloop
  endfacet
  facet normal 0 0 -1
    outer loop
      vertex -82.642 -9.32598 0
      vertex -82.642 9.32598 0
      vertex -82.4302 9.28386 0
    endloop
  endfacet
  facet normal 0 0 -1
    outer loop
      vertex -82.8498 -9.38459 0
      vertex -82.642 9.32598 0
      vertex -82.642 -9.32598 0
    endloop
  endfacet
  facet normal 0 0 -1
    outer loop
      vertex -82.8498 -9.38459 0
      vertex -82.8498 9.38459 0
      vertex -82.642 9.32598 0
    endloop
  endfacet
  facet normal 0 0 -1
    outer loop
      vertex -83.0524 -9.45933 0
      vertex -82.8498 9.38459 0
      vertex -82.8498 -9.38459 0
    endloop
  endfacet
  facet normal 0 0 -1
    outer loop
      vertex -83.0524 -9.45933 0
      vertex -83.0524 9.45933 0
      vertex -82.8498 9.38459 0
    endloop
  endfacet
  facet normal 0 0 -1
    outer loop
      vertex -83.2485 -9.54973 0
      vertex -83.0524 9.45933 0
      vertex -83.0524 -9.45933 0
    endloop
  endfacet
  facet normal 0 0 -1
    outer loop
      vertex -83.2485 -9.54973 0
      vertex -83.2485 9.54973 0
      vertex -83.0524 9.45933 0
    endloop
  endfacet
  facet normal 0 0 -1
    outer loop
      vertex -83.4369 -9.65524 0
      vertex -83.2485 9.54973 0
      vertex -83.2485 -9.54973 0
    endloop
  endfacet
  facet normal 0 0 -1
    outer loop
      vertex -83.4369 -9.65524 0
      vertex -83.4369 9.65524 0
      vertex -83.2485 9.54973 0
    endloop
  endfacet
  facet normal 0 0 -1
    outer loop
      vertex -83.6164 -9.7752 0
      vertex -83.4369 9.65524 0
      vertex -83.4369 -9.65524 0
    endloop
  endfacet
  facet normal 0 0 -1
    outer loop
      vertex -83.6164 -9.7752 0
      vertex -83.6164 9.7752 0
      vertex -83.4369 9.65524 0
    endloop
  endfacet
  facet normal 0 0 -1
    outer loop
      vertex -83.786 -9.90888 0
      vertex -83.6164 9.7752 0
      vertex -83.6164 -9.7752 0
    endloop
  endfacet
  facet normal 0 0 -1
    outer loop
      vertex -83.786 -9.90888 0
      vertex -83.786 9.90888 0
      vertex -83.6164 9.7752 0
    endloop
  endfacet
  facet normal 0 0 -1
    outer loop
      vertex -83.9445 -10.0555 0
      vertex -83.786 9.90888 0
      vertex -83.786 -9.90888 0
    endloop
  endfacet
  facet normal 0 0 -1
    outer loop
      vertex -83.9445 -10.0555 0
      vertex -83.9445 10.0555 0
      vertex -83.786 9.90888 0
    endloop
  endfacet
  facet normal 0 0 -1
    outer loop
      vertex -84.0911 -10.214 0
      vertex -83.9445 10.0555 0
      vertex -83.9445 -10.0555 0
    endloop
  endfacet
  facet normal 0 0 -1
    outer loop
      vertex -84.0911 -10.214 0
      vertex -84.0911 10.214 0
      vertex -83.9445 10.0555 0
    endloop
  endfacet
  facet normal 0 0 -1
    outer loop
      vertex -84.2248 -10.3836 0
      vertex -84.0911 10.214 0
      vertex -84.0911 -10.214 0
    endloop
  endfacet
  facet normal 0 0 -1
    outer loop
      vertex -84.2248 -10.3836 0
      vertex -84.2248 10.3836 0
      vertex -84.0911 10.214 0
    endloop
  endfacet
  facet normal 0 0 -1
    outer loop
      vertex -84.3448 -10.5631 0
      vertex -84.2248 10.3836 0
      vertex -84.2248 -10.3836 0
    endloop
  endfacet
  facet normal 0 0 -1
    outer loop
      vertex -84.3448 -10.5631 0
      vertex -84.3448 10.5631 0
      vertex -84.2248 10.3836 0
    endloop
  endfacet
  facet normal 0 0 -1
    outer loop
      vertex -90 -16 0
      vertex -84.3448 -10.5631 0
      vertex -84.4503 -10.7515 0
    endloop
  endfacet
  facet normal -0 0 -1
    outer loop
      vertex -84.3448 -10.5631 0
      vertex -90 -16 0
      vertex -84.3448 10.5631 0
    endloop
  endfacet
  facet normal 0 0 -1
    outer loop
      vertex -90 -16 0
      vertex -84.4503 -10.7515 0
      vertex -84.5407 -10.9476 0
    endloop
  endfacet
  facet normal 0 0 -1
    outer loop
      vertex -90 16 0
      vertex -84.3448 10.5631 0
      vertex -90 -16 0
    endloop
  endfacet
  facet normal 0 0 -1
    outer loop
      vertex -90 -16 0
      vertex -84.5407 -10.9476 0
      vertex -84.6154 -11.1502 0
    endloop
  endfacet
  facet normal 0 0 -1
    outer loop
      vertex -84.3448 10.5631 0
      vertex -90 16 0
      vertex -84.4503 10.7515 0
    endloop
  endfacet
  facet normal 0 0 -1
    outer loop
      vertex -90 -16 0
      vertex -84.6154 -11.1502 0
      vertex -84.674 -11.358 0
    endloop
  endfacet
  facet normal 0 0 -1
    outer loop
      vertex -84.4503 10.7515 0
      vertex -90 16 0
      vertex -84.5407 10.9476 0
    endloop
  endfacet
  facet normal 0 0 -1
    outer loop
      vertex -90 -16 0
      vertex -84.674 -11.358 0
      vertex -84.7161 -11.5698 0
    endloop
  endfacet
  facet normal 0 0 -1
    outer loop
      vertex -84.5407 10.9476 0
      vertex -90 16 0
      vertex -84.6154 11.1502 0
    endloop
  endfacet
  facet normal 0 0 -1
    outer loop
      vertex -90 -16 0
      vertex -84.7161 -11.5698 0
      vertex -84.7415 -11.7842 0
    endloop
  endfacet
  facet normal 0 0 -1
    outer loop
      vertex -84.6154 11.1502 0
      vertex -90 16 0
      vertex -84.674 11.358 0
    endloop
  endfacet
  facet normal 0 0 -1
    outer loop
      vertex -90 -16 0
      vertex -84.7415 -11.7842 0
      vertex -84.75 -12 0
    endloop
  endfacet
  facet normal 0 0 -1
    outer loop
      vertex -84.674 11.358 0
      vertex -90 16 0
      vertex -84.7161 11.5698 0
    endloop
  endfacet
  facet normal 0 0 -1
    outer loop
      vertex 84.674 -11.358 0
      vertex 90 -16 0
      vertex 84.7161 -11.5698 0
    endloop
  endfacet
  facet normal 0 0 -1
    outer loop
      vertex 90 16 0
      vertex 84.7415 11.7842 0
      vertex 84.75 12 0
    endloop
  endfacet
  facet normal 0 0 -1
    outer loop
      vertex 84.6154 -11.1502 0
      vertex 90 -16 0
      vertex 84.674 -11.358 0
    endloop
  endfacet
  facet normal 0 0 -1
    outer loop
      vertex 90 16 0
      vertex 84.7161 11.5698 0
      vertex 84.7415 11.7842 0
    endloop
  endfacet
  facet normal 0 0 -1
    outer loop
      vertex 84.5407 -10.9476 0
      vertex 90 -16 0
      vertex 84.6154 -11.1502 0
    endloop
  endfacet
  facet normal 0 0 -1
    outer loop
      vertex 90 16 0
      vertex 84.674 11.358 0
      vertex 84.7161 11.5698 0
    endloop
  endfacet
  facet normal 0 0 -1
    outer loop
      vertex 84.4503 -10.7515 0
      vertex 90 -16 0
      vertex 84.5407 -10.9476 0
    endloop
  endfacet
  facet normal 0 0 -1
    outer loop
      vertex 90 16 0
      vertex 84.6154 11.1502 0
      vertex 84.674 11.358 0
    endloop
  endfacet
  facet normal 0 0 -1
    outer loop
      vertex 84.3448 -10.5631 0
      vertex 90 -16 0
      vertex 84.4503 -10.7515 0
    endloop
  endfacet
  facet normal 0 0 -1
    outer loop
      vertex 90 16 0
      vertex 84.5407 10.9476 0
      vertex 84.6154 11.1502 0
    endloop
  endfacet
  facet normal 0 0 -1
    outer loop
      vertex 90 -16 0
      vertex 84.3448 -10.5631 0
      vertex 90 16 0
    endloop
  endfacet
  facet normal 0 0 -1
    outer loop
      vertex 90 16 0
      vertex 84.4503 10.7515 0
      vertex 84.5407 10.9476 0
    endloop
  endfacet
  facet normal 0 0 -1
    outer loop
      vertex 84.3448 10.5631 0
      vertex 90 16 0
      vertex 84.3448 -10.5631 0
    endloop
  endfacet
  facet normal 0 0 -1
    outer loop
      vertex 90 16 0
      vertex 84.3448 10.5631 0
      vertex 84.4503 10.7515 0
    endloop
  endfacet
  facet normal 0 0 -1
    outer loop
      vertex 84.2248 -10.3836 0
      vertex 84.3448 10.5631 0
      vertex 84.3448 -10.5631 0
    endloop
  endfacet
  facet normal 0 0 -1
    outer loop
      vertex 84.2248 -10.3836 0
      vertex 84.2248 10.3836 0
      vertex 84.3448 10.5631 0
    endloop
  endfacet
  facet normal 0 0 -1
    outer loop
      vertex 84.0911 -10.214 0
      vertex 84.2248 10.3836 0
      vertex 84.2248 -10.3836 0
    endloop
  endfacet
  facet normal 0 0 -1
    outer loop
      vertex 84.0911 -10.214 0
      vertex 84.0911 10.214 0
      vertex 84.2248 10.3836 0
    endloop
  endfacet
  facet normal 0 0 -1
    outer loop
      vertex 83.9445 -10.0555 0
      vertex 84.0911 10.214 0
      vertex 84.0911 -10.214 0
    endloop
  endfacet
  facet normal 0 0 -1
    outer loop
      vertex 83.9445 -10.0555 0
      vertex 83.9445 10.0555 0
      vertex 84.0911 10.214 0
    endloop
  endfacet
  facet normal 0 0 -1
    outer loop
      vertex 83.786 -9.90888 0
      vertex 83.9445 10.0555 0
      vertex 83.9445 -10.0555 0
    endloop
  endfacet
  facet normal 0 0 -1
    outer loop
      vertex 83.786 -9.90888 0
      vertex 83.786 9.90888 0
      vertex 83.9445 10.0555 0
    endloop
  endfacet
  facet normal 0 0 -1
    outer loop
      vertex 83.6164 -9.7752 0
      vertex 83.786 9.90888 0
      vertex 83.786 -9.90888 0
    endloop
  endfacet
  facet normal 0 0 -1
    outer loop
      vertex 83.6164 -9.7752 0
      vertex 83.6164 9.7752 0
      vertex 83.786 9.90888 0
    endloop
  endfacet
  facet normal 0 0 -1
    outer loop
      vertex 83.4369 -9.65524 0
      vertex 83.6164 9.7752 0
      vertex 83.6164 -9.7752 0
    endloop
  endfacet
  facet normal 0 0 -1
    outer loop
      vertex 83.4369 -9.65524 0
      vertex 83.4369 9.65524 0
      vertex 83.6164 9.7752 0
    endloop
  endfacet
  facet normal 0 0 -1
    outer loop
      vertex 83.2485 -9.54973 0
      vertex 83.4369 9.65524 0
      vertex 83.4369 -9.65524 0
    endloop
  endfacet
  facet normal 0 0 -1
    outer loop
      vertex 83.2485 -9.54973 0
      vertex 83.2485 9.54973 0
      vertex 83.4369 9.65524 0
    endloop
  endfacet
  facet normal 0 0 -1
    outer loop
      vertex 83.0524 -9.45933 0
      vertex 83.2485 9.54973 0
      vertex 83.2485 -9.54973 0
    endloop
  endfacet
  facet normal 0 0 -1
    outer loop
      vertex 83.0524 -9.45933 0
      vertex 83.0524 9.45933 0
      vertex 83.2485 9.54973 0
    endloop
  endfacet
  facet normal 0 0 -1
    outer loop
      vertex 82.8498 -9.38459 0
      vertex 83.0524 9.45933 0
      vertex 83.0524 -9.45933 0
    endloop
  endfacet
  facet normal 0 0 -1
    outer loop
      vertex 82.8498 -9.38459 0
      vertex 82.8498 9.38459 0
      vertex 83.0524 9.45933 0
    endloop
  endfacet
  facet normal 0 0 -1
    outer loop
      vertex 82.642 -9.32598 0
      vertex 82.8498 9.38459 0
      vertex 82.8498 -9.38459 0
    endloop
  endfacet
  facet normal 0 0 -1
    outer loop
      vertex 82.642 -9.32598 0
      vertex 82.642 9.32598 0
      vertex 82.8498 9.38459 0
    endloop
  endfacet
  facet normal 0 0 -1
    outer loop
      vertex 82.4302 -9.28386 0
      vertex 82.642 9.32598 0
      vertex 82.642 -9.32598 0
    endloop
  endfacet
  facet normal 0 0 -1
    outer loop
      vertex 82.4302 -9.28386 0
      vertex 82.4302 9.28386 0
      vertex 82.642 9.32598 0
    endloop
  endfacet
  facet normal 0 0 -1
    outer loop
      vertex 82.2158 -9.25848 0
      vertex 82.4302 9.28386 0
      vertex 82.4302 -9.28386 0
    endloop
  endfacet
  facet normal 0 0 -1
    outer loop
      vertex 82.2158 -9.25848 0
      vertex 82.2158 9.25848 0
      vertex 82.4302 9.28386 0
    endloop
  endfacet
  facet normal 0 0 -1
    outer loop
      vertex 82 -9.25 0
      vertex 82.2158 9.25848 0
      vertex 82.2158 -9.25848 0
    endloop
  endfacet
  facet normal 0 0 -1
    outer loop
      vertex 82 -9.25 0
      vertex 82 9.25 0
      vertex 82.2158 9.25848 0
    endloop
  endfacet
  facet normal 0 0 -1
    outer loop
      vertex 81.7842 -9.25848 0
      vertex 82 9.25 0
      vertex 82 -9.25 0
    endloop
  endfacet
  facet normal 0 0 -1
    outer loop
      vertex 81.7842 -9.25848 0
      vertex 81.7842 9.25848 0
      vertex 82 9.25 0
    endloop
  endfacet
  facet normal 0 0 -1
    outer loop
      vertex 81.5698 -9.28386 0
      vertex 81.7842 9.25848 0
      vertex 81.7842 -9.25848 0
    endloop
  endfacet
  facet normal 0 0 -1
    outer loop
      vertex 81.5698 -9.28386 0
      vertex 81.5698 9.28386 0
      vertex 81.7842 9.25848 0
    endloop
  endfacet
  facet normal 0 0 -1
    outer loop
      vertex 81.358 -9.32598 0
      vertex 81.5698 9.28386 0
      vertex 81.5698 -9.28386 0
    endloop
  endfacet
  facet normal 0 0 -1
    outer loop
      vertex 81.358 -9.32598 0
      vertex 81.358 9.32598 0
      vertex 81.5698 9.28386 0
    endloop
  endfacet
  facet normal 0 0 -1
    outer loop
      vertex 81.1502 -9.38459 0
      vertex 81.358 9.32598 0
      vertex 81.358 -9.32598 0
    endloop
  endfacet
  facet normal 0 0 -1
    outer loop
      vertex 81.1502 -9.38459 0
      vertex 81.1502 9.38459 0
      vertex 81.358 9.32598 0
    endloop
  endfacet
  facet normal 0 0 -1
    outer loop
      vertex 80.9476 -9.45933 0
      vertex 81.1502 9.38459 0
      vertex 81.1502 -9.38459 0
    endloop
  endfacet
  facet normal 0 0 -1
    outer loop
      vertex 80.9476 -9.45933 0
      vertex 80.9476 9.45933 0
      vertex 81.1502 9.38459 0
    endloop
  endfacet
  facet normal 0 0 -1
    outer loop
      vertex 80.7515 -9.54973 0
      vertex 80.9476 9.45933 0
      vertex 80.9476 -9.45933 0
    endloop
  endfacet
  facet normal 0 0 -1
    outer loop
      vertex 80.7515 -9.54973 0
      vertex 80.7515 9.54973 0
      vertex 80.9476 9.45933 0
    endloop
  endfacet
  facet normal 0 0 -1
    outer loop
      vertex 65 0 0
      vertex 80.7515 -9.54973 0
      vertex 80.5631 -9.65524 0
    endloop
  endfacet
  facet normal 0 0 -1
    outer loop
      vertex 80.7515 -9.54973 0
      vertex 65 0 0
      vertex 80.7515 9.54973 0
    endloop
  endfacet
  facet normal 0 0 -1
    outer loop
      vertex 64.9846 -0.392295 0
      vertex 80.5631 -9.65524 0
      vertex 80.3836 -9.7752 0
    endloop
  endfacet
  facet normal -0 0 -1
    outer loop
      vertex 80.7515 9.54973 0
      vertex 65 0 0
      vertex 80.5631 9.65524 0
    endloop
  endfacet
  facet normal 0 0 -1
    outer loop
      vertex 64.9384 -0.782172 0
      vertex 80.3836 -9.7752 0
      vertex 80.214 -9.90888 0
    endloop
  endfacet
  facet normal 0 0 -1
    outer loop
      vertex 64.9846 0.392295 0
      vertex 80.5631 9.65524 0
      vertex 65 0 0
    endloop
  endfacet
  facet normal 0 0 -1
    outer loop
      vertex 64.8618 -1.16723 0
      vertex 80.214 -9.90888 0
      vertex 80.0555 -10.0555 0
    endloop
  endfacet
  facet normal -0 0 -1
    outer loop
      vertex 80.5631 9.65524 0
      vertex 64.9846 0.392295 0
      vertex 80.3836 9.7752 0
    endloop
  endfacet
  facet normal 0 0 -1
    outer loop
      vertex 64.7553 -1.54508 0
      vertex 80.0555 -10.0555 0
      vertex 79.9089 -10.214 0
    endloop
  endfacet
  facet normal 0 0 -1
    outer loop
      vertex 64.9384 0.782172 0
      vertex 80.3836 9.7752 0
      vertex 64.9846 0.392295 0
    endloop
  endfacet
  facet normal 0 0 -1
    outer loop
      vertex 64.7553 -1.54508 0
      vertex 79.9089 -10.214 0
      vertex 79.7752 -10.3836 0
    endloop
  endfacet
  facet normal -0 0 -1
    outer loop
      vertex 80.3836 9.7752 0
      vertex 64.9384 0.782172 0
      vertex 80.214 9.90888 0
    endloop
  endfacet
  facet normal 0 0 -1
    outer loop
      vertex 64.6194 -1.91342 0
      vertex 79.7752 -10.3836 0
      vertex 79.6552 -10.5631 0
    endloop
  endfacet
  facet normal 0 0 -1
    outer loop
      vertex 64.8618 1.16723 0
      vertex 80.214 9.90888 0
      vertex 64.9384 0.782172 0
    endloop
  endfacet
  facet normal 0 0 -1
    outer loop
      vertex 64.455 -2.26995 0
      vertex 79.6552 -10.5631 0
      vertex 79.5497 -10.7515 0
    endloop
  endfacet
  facet normal -0 0 -1
    outer loop
      vertex 80.214 9.90888 0
      vertex 64.8618 1.16723 0
      vertex 80.0555 10.0555 0
    endloop
  endfacet
  facet normal 0 0 -1
    outer loop
      vertex 64.2632 -2.61249 0
      vertex 79.5497 -10.7515 0
      vertex 79.4593 -10.9476 0
    endloop
  endfacet
  facet normal 0 0 -1
    outer loop
      vertex 64.7553 1.54508 0
      vertex 80.0555 10.0555 0
      vertex 64.8618 1.16723 0
    endloop
  endfacet
  facet normal 0 0 -1
    outer loop
      vertex 64.0451 -2.93893 0
      vertex 79.4593 -10.9476 0
      vertex 79.3846 -11.1502 0
    endloop
  endfacet
  facet normal -0 0 -1
    outer loop
      vertex 80.0555 10.0555 0
      vertex 64.7553 1.54508 0
      vertex 79.9089 10.214 0
    endloop
  endfacet
  facet normal 0 0 -1
    outer loop
      vertex 63.802 -3.24724 0
      vertex 79.3846 -11.1502 0
      vertex 79.326 -11.358 0
    endloop
  endfacet
  facet normal -0 0 -1
    outer loop
      vertex 79.9089 10.214 0
      vertex 64.7553 1.54508 0
      vertex 79.7752 10.3836 0
    endloop
  endfacet
  facet normal 0 0 -1
    outer loop
      vertex 63.5355 -3.53553 0
      vertex 79.326 -11.358 0
      vertex 79.2839 -11.5698 0
    endloop
  endfacet
  facet normal 0 0 -1
    outer loop
      vertex 64.6194 1.91342 0
      vertex 79.7752 10.3836 0
      vertex 64.7553 1.54508 0
    endloop
  endfacet
  facet normal 0 0 -1
    outer loop
      vertex 63.5355 -3.53553 0
      vertex 79.2839 -11.5698 0
      vertex 79.2585 -11.7842 0
    endloop
  endfacet
  facet normal -0 0 -1
    outer loop
      vertex 79.7752 10.3836 0
      vertex 64.6194 1.91342 0
      vertex 79.6552 10.5631 0
    endloop
  endfacet
  facet normal 0 0 -1
    outer loop
      vertex 63.2472 -3.80203 0
      vertex 79.2585 -11.7842 0
      vertex 79.25 -12 0
    endloop
  endfacet
  facet normal 0 0 -1
    outer loop
      vertex 64.455 2.26995 0
      vertex 79.6552 10.5631 0
      vertex 64.6194 1.91342 0
    endloop
  endfacet
  facet normal 0 0 -1
    outer loop
      vertex 84.0911 -13.786 0
      vertex 90 -16 0
      vertex 89.9877 -16.3138 0
    endloop
  endfacet
  facet normal 0 0 -1
    outer loop
      vertex 84.7415 -11.7842 0
      vertex 90 -16 0
      vertex 84.75 -12 0
    endloop
  endfacet
  facet normal 0 0 -1
    outer loop
      vertex 84.0911 -13.786 0
      vertex 89.9877 -16.3138 0
      vertex 89.9508 -16.6257 0
    endloop
  endfacet
  facet normal 0 0 -1
    outer loop
      vertex 84.7161 -11.5698 0
      vertex 90 -16 0
      vertex 84.7415 -11.7842 0
    endloop
  endfacet
  facet normal 0 0 -1
    outer loop
      vertex 84.0911 -13.786 0
      vertex 89.9508 -16.6257 0
      vertex 89.8895 -16.9338 0
    endloop
  endfacet
  facet normal 0 0 -1
    outer loop
      vertex 84.7415 12.2158 0
      vertex 90 16 0
      vertex 84.75 12 0
    endloop
  endfacet
  facet normal 0 0 -1
    outer loop
      vertex 84.0911 -13.786 0
      vertex 89.8895 -16.9338 0
      vertex 89.8042 -17.2361 0
    endloop
  endfacet
  facet normal 0 0 -1
    outer loop
      vertex 84.7161 12.4302 0
      vertex 90 16 0
      vertex 84.7415 12.2158 0
    endloop
  endfacet
  facet normal 0 0 -1
    outer loop
      vertex 84.0911 -13.786 0
      vertex 89.8042 -17.2361 0
      vertex 89.6955 -17.5307 0
    endloop
  endfacet
  facet normal 0 0 -1
    outer loop
      vertex 84.674 12.642 0
      vertex 90 16 0
      vertex 84.7161 12.4302 0
    endloop
  endfacet
  facet normal 0 0 -1
    outer loop
      vertex 83.9445 -13.9445 0
      vertex 89.6955 -17.5307 0
      vertex 89.564 -17.816 0
    endloop
  endfacet
  facet normal 0 0 -1
    outer loop
      vertex 84.6154 12.8498 0
      vertex 90 16 0
      vertex 84.674 12.642 0
    endloop
  endfacet
  facet normal 0 0 -1
    outer loop
      vertex 83.9445 -13.9445 0
      vertex 89.564 -17.816 0
      vertex 89.4106 -18.09 0
    endloop
  endfacet
  facet normal 0 0 -1
    outer loop
      vertex 84.5407 13.0524 0
      vertex 90 16 0
      vertex 84.6154 12.8498 0
    endloop
  endfacet
  facet normal 0 0 -1
    outer loop
      vertex 83.9445 -13.9445 0
      vertex 89.4106 -18.09 0
      vertex 89.2361 -18.3511 0
    endloop
  endfacet
  facet normal 0 0 -1
    outer loop
      vertex 84.4503 13.2485 0
      vertex 90 16 0
      vertex 84.5407 13.0524 0
    endloop
  endfacet
  facet normal 0 0 -1
    outer loop
      vertex 83.9445 -13.9445 0
      vertex 89.2361 -18.3511 0
      vertex 89.0416 -18.5978 0
    endloop
  endfacet
  facet normal 0 0 -1
    outer loop
      vertex 84.3448 13.4369 0
      vertex 90 16 0
      vertex 84.4503 13.2485 0
    endloop
  endfacet
  facet normal 0 0 -1
    outer loop
      vertex 83.9445 -13.9445 0
      vertex 89.0416 -18.5978 0
      vertex 88.8284 -18.8284 0
    endloop
  endfacet
  facet normal 0 0 -1
    outer loop
      vertex 84.2248 13.6164 0
      vertex 90 16 0
      vertex 84.3448 13.4369 0
    endloop
  endfacet
  facet normal 0 0 -1
    outer loop
      vertex 83.9445 -13.9445 0
      vertex 88.8284 -18.8284 0
      vertex 88.5978 -19.0416 0
    endloop
  endfacet
  facet normal 0 0 -1
    outer loop
      vertex 84.0911 13.786 0
      vertex 90 16 0
      vertex 84.2248 13.6164 0
    endloop
  endfacet
  facet normal 0 0 -1
    outer loop
      vertex 83.9445 -13.9445 0
      vertex 88.5978 -19.0416 0
      vertex 88.3511 -19.2361 0
    endloop
  endfacet
  facet normal -0 0 -1
    outer loop
      vertex 90 16 0
      vertex 84.0911 13.786 0
      vertex 89.9877 16.3138 0
    endloop
  endfacet
  facet normal 0 0 -1
    outer loop
      vertex 83.9445 -13.9445 0
      vertex 88.3511 -19.2361 0
      vertex 88.09 -19.4106 0
    endloop
  endfacet
  facet normal -0 0 -1
    outer loop
      vertex 89.9877 16.3138 0
      vertex 84.0911 13.786 0
      vertex 89.9508 16.6257 0
    endloop
  endfacet
  facet normal 0 0 -1
    outer loop
      vertex 83.9445 -13.9445 0
      vertex 88.09 -19.4106 0
      vertex 87.816 -19.564 0
    endloop
  endfacet
  facet normal -0 0 -1
    outer loop
      vertex 89.9508 16.6257 0
      vertex 84.0911 13.786 0
      vertex 89.8895 16.9338 0
    endloop
  endfacet
  facet normal 0 0 -1
    outer loop
      vertex 83.9445 -13.9445 0
      vertex 87.816 -19.564 0
      vertex 87.5307 -19.6955 0
    endloop
  endfacet
  facet normal -0 0 -1
    outer loop
      vertex 89.8895 16.9338 0
      vertex 84.0911 13.786 0
      vertex 89.8042 17.2361 0
    endloop
  endfacet
  facet normal 0 0 -1
    outer loop
      vertex 83.9445 -13.9445 0
      vertex 87.5307 -19.6955 0
      vertex 87.2361 -19.8042 0
    endloop
  endfacet
  facet normal -0 0 -1
    outer loop
      vertex 89.8042 17.2361 0
      vertex 84.0911 13.786 0
      vertex 89.6955 17.5307 0
    endloop
  endfacet
  facet normal 0 0 -1
    outer loop
      vertex 83.786 -14.0911 0
      vertex 87.2361 -19.8042 0
      vertex 86.9338 -19.8895 0
    endloop
  endfacet
  facet normal 0 0 -1
    outer loop
      vertex 83.9445 13.9445 0
      vertex 89.6955 17.5307 0
      vertex 84.0911 13.786 0
    endloop
  endfacet
  facet normal 0 0 -1
    outer loop
      vertex 83.786 -14.0911 0
      vertex 86.9338 -19.8895 0
      vertex 86.6257 -19.9508 0
    endloop
  endfacet
  facet normal -0 0 -1
    outer loop
      vertex 89.6955 17.5307 0
      vertex 83.9445 13.9445 0
      vertex 89.564 17.816 0
    endloop
  endfacet
  facet normal 0 0 -1
    outer loop
      vertex 83.786 -14.0911 0
      vertex 86.6257 -19.9508 0
      vertex 86.3138 -19.9877 0
    endloop
  endfacet
  facet normal -0 0 -1
    outer loop
      vertex 89.564 17.816 0
      vertex 83.9445 13.9445 0
      vertex 89.4106 18.09 0
    endloop
  endfacet
  facet normal 0 0 -1
    outer loop
      vertex 83.786 -14.0911 0
      vertex 86.3138 -19.9877 0
      vertex 86 -20 0
    endloop
  endfacet
  facet normal -0 0 -1
    outer loop
      vertex 89.4106 18.09 0
      vertex 83.9445 13.9445 0
      vertex 89.2361 18.3511 0
    endloop
  endfacet
  facet normal -0 0 -1
    outer loop
      vertex 89.2361 18.3511 0
      vertex 83.9445 13.9445 0
      vertex 89.0416 18.5978 0
    endloop
  endfacet
  facet normal 0 0 -1
    outer loop
      vertex 90 -16 0
      vertex 84.7415 -12.2158 0
      vertex 84.75 -12 0
    endloop
  endfacet
  facet normal 0 0 -1
    outer loop
      vertex 90 -16 0
      vertex 84.7161 -12.4302 0
      vertex 84.7415 -12.2158 0
    endloop
  endfacet
  facet normal 0 0 -1
    outer loop
      vertex 90 -16 0
      vertex 84.674 -12.642 0
      vertex 84.7161 -12.4302 0
    endloop
  endfacet
  facet normal 0 0 -1
    outer loop
      vertex 90 -16 0
      vertex 84.6154 -12.8498 0
      vertex 84.674 -12.642 0
    endloop
  endfacet
  facet normal 0 0 -1
    outer loop
      vertex 90 -16 0
      vertex 84.5407 -13.0524 0
      vertex 84.6154 -12.8498 0
    endloop
  endfacet
  facet normal 0 0 -1
    outer loop
      vertex 90 -16 0
      vertex 84.4503 -13.2485 0
      vertex 84.5407 -13.0524 0
    endloop
  endfacet
  facet normal 0 0 -1
    outer loop
      vertex 90 -16 0
      vertex 84.3448 -13.4369 0
      vertex 84.4503 -13.2485 0
    endloop
  endfacet
  facet normal 0 0 -1
    outer loop
      vertex 90 -16 0
      vertex 84.2248 -13.6164 0
      vertex 84.3448 -13.4369 0
    endloop
  endfacet
  facet normal 0 0 -1
    outer loop
      vertex 90 -16 0
      vertex 84.0911 -13.786 0
      vertex 84.2248 -13.6164 0
    endloop
  endfacet
  facet normal 0 0 -1
    outer loop
      vertex 89.6955 -17.5307 0
      vertex 83.9445 -13.9445 0
      vertex 84.0911 -13.786 0
    endloop
  endfacet
  facet normal 0 0 -1
    outer loop
      vertex 87.2361 -19.8042 0
      vertex 83.786 -14.0911 0
      vertex 83.9445 -13.9445 0
    endloop
  endfacet
  facet normal 0 0 -1
    outer loop
      vertex 86 -20 0
      vertex 83.6164 -14.2248 0
      vertex 83.786 -14.0911 0
    endloop
  endfacet
  facet normal 0 0 -1
    outer loop
      vertex 86 -20 0
      vertex 83.4369 -14.3448 0
      vertex 83.6164 -14.2248 0
    endloop
  endfacet
  facet normal 0 0 -1
    outer loop
      vertex 86 -20 0
      vertex 83.2485 -14.4503 0
      vertex 83.4369 -14.3448 0
    endloop
  endfacet
  facet normal 0 0 -1
    outer loop
      vertex 86 -20 0
      vertex 83.0524 -14.5407 0
      vertex 83.2485 -14.4503 0
    endloop
  endfacet
  facet normal 0 0 -1
    outer loop
      vertex 86 -20 0
      vertex 82.8498 -14.6154 0
      vertex 83.0524 -14.5407 0
    endloop
  endfacet
  facet normal 0 0 -1
    outer loop
      vertex 86 -20 0
      vertex 82.642 -14.674 0
      vertex 82.8498 -14.6154 0
    endloop
  endfacet
  facet normal 0 0 -1
    outer loop
      vertex 86 -20 0
      vertex 82.4302 -14.7161 0
      vertex 82.642 -14.674 0
    endloop
  endfacet
  facet normal 0 0 -1
    outer loop
      vertex 86 -20 0
      vertex 82.2158 -14.7415 0
      vertex 82.4302 -14.7161 0
    endloop
  endfacet
  facet normal 0 0 -1
    outer loop
      vertex 86 -20 0
      vertex 82 -14.75 0
      vertex 82.2158 -14.7415 0
    endloop
  endfacet
  facet normal 0 0 -1
    outer loop
      vertex 86 -20 0
      vertex 81.7842 -14.7415 0
      vertex 82 -14.75 0
    endloop
  endfacet
  facet normal 0 0 -1
    outer loop
      vertex 86 -20 0
      vertex 81.5698 -14.7161 0
      vertex 81.7842 -14.7415 0
    endloop
  endfacet
  facet normal 0 0 -1
    outer loop
      vertex 86 -20 0
      vertex 81.358 -14.674 0
      vertex 81.5698 -14.7161 0
    endloop
  endfacet
  facet normal 0 0 -1
    outer loop
      vertex 86 -20 0
      vertex 81.1502 -14.6154 0
      vertex 81.358 -14.674 0
    endloop
  endfacet
  facet normal 0 0 -1
    outer loop
      vertex 86 -20 0
      vertex 80.9476 -14.5407 0
      vertex 81.1502 -14.6154 0
    endloop
  endfacet
  facet normal 0 0 -1
    outer loop
      vertex 86 -20 0
      vertex 80.7515 -14.4503 0
      vertex 80.9476 -14.5407 0
    endloop
  endfacet
  facet normal 0 0 -1
    outer loop
      vertex 86 -20 0
      vertex 80.5631 -14.3448 0
      vertex 80.7515 -14.4503 0
    endloop
  endfacet
  facet normal 0 0 -1
    outer loop
      vertex 86 -20 0
      vertex 80.3836 -14.2248 0
      vertex 80.5631 -14.3448 0
    endloop
  endfacet
  facet normal 0 0 -1
    outer loop
      vertex 86 -20 0
      vertex 80.214 -14.0911 0
      vertex 80.3836 -14.2248 0
    endloop
  endfacet
  facet normal 0 0 -1
    outer loop
      vertex 59.2178 -4.93844 0
      vertex 80.214 -14.0911 0
      vertex 86 -20 0
    endloop
  endfacet
  facet normal -0 0 -1
    outer loop
      vertex 79.6552 10.5631 0
      vertex 64.455 2.26995 0
      vertex 79.5497 10.7515 0
    endloop
  endfacet
  facet normal 0 0 -1
    outer loop
      vertex 62.9389 -4.04508 0
      vertex 79.25 -12 0
      vertex 79.2585 -12.2158 0
    endloop
  endfacet
  facet normal 0 0 -1
    outer loop
      vertex 62.6125 -4.2632 0
      vertex 79.2585 -12.2158 0
      vertex 79.2839 -12.4302 0
    endloop
  endfacet
  facet normal 0 0 -1
    outer loop
      vertex 62.27 -4.45503 0
      vertex 79.2839 -12.4302 0
      vertex 79.326 -12.642 0
    endloop
  endfacet
  facet normal 0 0 -1
    outer loop
      vertex 61.9134 -4.6194 0
      vertex 79.326 -12.642 0
      vertex 79.3846 -12.8498 0
    endloop
  endfacet
  facet normal 0 0 -1
    outer loop
      vertex 61.5451 -4.75528 0
      vertex 79.3846 -12.8498 0
      vertex 79.4593 -13.0524 0
    endloop
  endfacet
  facet normal 0 0 -1
    outer loop
      vertex 61.5451 -4.75528 0
      vertex 79.4593 -13.0524 0
      vertex 79.5497 -13.2485 0
    endloop
  endfacet
  facet normal 0 0 -1
    outer loop
      vertex 61.1672 -4.86185 0
      vertex 79.5497 -13.2485 0
      vertex 79.6552 -13.4369 0
    endloop
  endfacet
  facet normal 0 0 -1
    outer loop
      vertex 60.7822 -4.93844 0
      vertex 79.6552 -13.4369 0
      vertex 79.7752 -13.6164 0
    endloop
  endfacet
  facet normal 0 0 -1
    outer loop
      vertex 60.3923 -4.98459 0
      vertex 79.7752 -13.6164 0
      vertex 79.9089 -13.786 0
    endloop
  endfacet
  facet normal 0 0 -1
    outer loop
      vertex 60 -5 0
      vertex 79.9089 -13.786 0
      vertex 80.0555 -13.9445 0
    endloop
  endfacet
  facet normal -0 -0 -1
    outer loop
      vertex 59.6077 -4.98459 0
      vertex 80.214 -14.0911 0
      vertex 59.2178 -4.93844 0
    endloop
  endfacet
  facet normal 0 0 -1
    outer loop
      vertex 80.5631 -9.65524 0
      vertex 64.9846 -0.392295 0
      vertex 65 0 0
    endloop
  endfacet
  facet normal 0 0 -1
    outer loop
      vertex 80.3836 -9.7752 0
      vertex 64.9384 -0.782172 0
      vertex 64.9846 -0.392295 0
    endloop
  endfacet
  facet normal 0 0 -1
    outer loop
      vertex 80.214 -9.90888 0
      vertex 64.8618 -1.16723 0
      vertex 64.9384 -0.782172 0
    endloop
  endfacet
  facet normal 0 0 -1
    outer loop
      vertex 80.0555 -10.0555 0
      vertex 64.7553 -1.54508 0
      vertex 64.8618 -1.16723 0
    endloop
  endfacet
  facet normal 0 0 -1
    outer loop
      vertex 79.7752 -10.3836 0
      vertex 64.6194 -1.91342 0
      vertex 64.7553 -1.54508 0
    endloop
  endfacet
  facet normal 0 0 -1
    outer loop
      vertex 79.6552 -10.5631 0
      vertex 64.455 -2.26995 0
      vertex 64.6194 -1.91342 0
    endloop
  endfacet
  facet normal 0 0 -1
    outer loop
      vertex 79.5497 -10.7515 0
      vertex 64.2632 -2.61249 0
      vertex 64.455 -2.26995 0
    endloop
  endfacet
  facet normal 0 0 -1
    outer loop
      vertex 79.4593 -10.9476 0
      vertex 64.0451 -2.93893 0
      vertex 64.2632 -2.61249 0
    endloop
  endfacet
  facet normal 0 0 -1
    outer loop
      vertex 79.3846 -11.1502 0
      vertex 63.802 -3.24724 0
      vertex 64.0451 -2.93893 0
    endloop
  endfacet
  facet normal 0 0 -1
    outer loop
      vertex 79.326 -11.358 0
      vertex 63.5355 -3.53553 0
      vertex 63.802 -3.24724 0
    endloop
  endfacet
  facet normal 0 0 -1
    outer loop
      vertex 79.2585 -11.7842 0
      vertex 63.2472 -3.80203 0
      vertex 63.5355 -3.53553 0
    endloop
  endfacet
  facet normal 0 0 -1
    outer loop
      vertex 79.25 -12 0
      vertex 62.9389 -4.04508 0
      vertex 63.2472 -3.80203 0
    endloop
  endfacet
  facet normal 0 0 -1
    outer loop
      vertex 79.2585 -12.2158 0
      vertex 62.6125 -4.2632 0
      vertex 62.9389 -4.04508 0
    endloop
  endfacet
  facet normal 0 0 -1
    outer loop
      vertex 79.2839 -12.4302 0
      vertex 62.27 -4.45503 0
      vertex 62.6125 -4.2632 0
    endloop
  endfacet
  facet normal 0 0 -1
    outer loop
      vertex 79.326 -12.642 0
      vertex 61.9134 -4.6194 0
      vertex 62.27 -4.45503 0
    endloop
  endfacet
  facet normal 0 0 -1
    outer loop
      vertex 79.3846 -12.8498 0
      vertex 61.5451 -4.75528 0
      vertex 61.9134 -4.6194 0
    endloop
  endfacet
  facet normal 0 0 -1
    outer loop
      vertex 79.5497 -13.2485 0
      vertex 61.1672 -4.86185 0
      vertex 61.5451 -4.75528 0
    endloop
  endfacet
  facet normal 0 0 -1
    outer loop
      vertex 79.6552 -13.4369 0
      vertex 60.7822 -4.93844 0
      vertex 61.1672 -4.86185 0
    endloop
  endfacet
  facet normal 0 0 -1
    outer loop
      vertex 79.7752 -13.6164 0
      vertex 60.3923 -4.98459 0
      vertex 60.7822 -4.93844 0
    endloop
  endfacet
  facet normal 0 0 -1
    outer loop
      vertex 79.9089 -13.786 0
      vertex 60 -5 0
      vertex 60.3923 -4.98459 0
    endloop
  endfacet
  facet normal 0 0 -1
    outer loop
      vertex 80.0555 -13.9445 0
      vertex 59.6077 -4.98459 0
      vertex 60 -5 0
    endloop
  endfacet
  facet normal 0 0 -1
    outer loop
      vertex 80.214 -14.0911 0
      vertex 59.6077 -4.98459 0
      vertex 80.0555 -13.9445 0
    endloop
  endfacet
  facet normal 0 0 -1
    outer loop
      vertex 86 -20 0
      vertex 58.8328 -4.86185 0
      vertex 59.2178 -4.93844 0
    endloop
  endfacet
  facet normal 0 0 -1
    outer loop
      vertex 86 -20 0
      vertex 58.4549 -4.75528 0
      vertex 58.8328 -4.86185 0
    endloop
  endfacet
  facet normal 0 0 -1
    outer loop
      vertex 21.5451 -4.75528 0
      vertex 58.4549 -4.75528 0
      vertex 86 -20 0
    endloop
  endfacet
  facet normal 0 0 -1
    outer loop
      vertex 58.4549 -4.75528 0
      vertex 21.5451 -4.75528 0
      vertex 58.0866 -4.6194 0
    endloop
  endfacet
  facet normal 0 0 -1
    outer loop
      vertex 55.0154 -0.392295 0
      vertex 25 0 0
      vertex 55 0 0
    endloop
  endfacet
  facet normal 0 0 -1
    outer loop
      vertex 24.9846 -0.392295 0
      vertex 55.0154 -0.392295 0
      vertex 55.0616 -0.782172 0
    endloop
  endfacet
  facet normal 0 0 -1
    outer loop
      vertex 24.9384 -0.782172 0
      vertex 55.0616 -0.782172 0
      vertex 55.1381 -1.16723 0
    endloop
  endfacet
  facet normal 0 0 -1
    outer loop
      vertex 24.8618 -1.16723 0
      vertex 55.1381 -1.16723 0
      vertex 55.2447 -1.54508 0
    endloop
  endfacet
  facet normal 0 0 -1
    outer loop
      vertex 24.7553 -1.54508 0
      vertex 55.2447 -1.54508 0
      vertex 55.3806 -1.91342 0
    endloop
  endfacet
  facet normal 0 0 -1
    outer loop
      vertex 24.6194 -1.91342 0
      vertex 55.3806 -1.91342 0
      vertex 55.545 -2.26995 0
    endloop
  endfacet
  facet normal 0 0 -1
    outer loop
      vertex 24.455 -2.26995 0
      vertex 55.545 -2.26995 0
      vertex 55.7368 -2.61249 0
    endloop
  endfacet
  facet normal 0 0 -1
    outer loop
      vertex 24.2632 -2.61249 0
      vertex 55.7368 -2.61249 0
      vertex 55.9549 -2.93893 0
    endloop
  endfacet
  facet normal 0 0 -1
    outer loop
      vertex 24.0451 -2.93893 0
      vertex 55.9549 -2.93893 0
      vertex 56.198 -3.24724 0
    endloop
  endfacet
  facet normal 0 0 -1
    outer loop
      vertex 23.802 -3.24724 0
      vertex 56.198 -3.24724 0
      vertex 56.4645 -3.53553 0
    endloop
  endfacet
  facet normal 0 0 -1
    outer loop
      vertex 23.5355 -3.53553 0
      vertex 56.4645 -3.53553 0
      vertex 56.7528 -3.80203 0
    endloop
  endfacet
  facet normal 0 0 -1
    outer loop
      vertex 23.2472 -3.80203 0
      vertex 56.7528 -3.80203 0
      vertex 57.0611 -4.04508 0
    endloop
  endfacet
  facet normal 0 0 -1
    outer loop
      vertex 22.9389 -4.04508 0
      vertex 57.0611 -4.04508 0
      vertex 57.3875 -4.2632 0
    endloop
  endfacet
  facet normal 0 0 -1
    outer loop
      vertex 22.6125 -4.2632 0
      vertex 57.3875 -4.2632 0
      vertex 57.73 -4.45503 0
    endloop
  endfacet
  facet normal 0 -0 -1
    outer loop
      vertex 21.9134 -4.6194 0
      vertex 58.0866 -4.6194 0
      vertex 21.5451 -4.75528 0
    endloop
  endfacet
  facet normal 0 0 -1
    outer loop
      vertex 55.0154 -0.392295 0
      vertex 24.9846 -0.392295 0
      vertex 25 0 0
    endloop
  endfacet
  facet normal 0 0 -1
    outer loop
      vertex 55.0616 -0.782172 0
      vertex 24.9384 -0.782172 0
      vertex 24.9846 -0.392295 0
    endloop
  endfacet
  facet normal 0 0 -1
    outer loop
      vertex 55.1381 -1.16723 0
      vertex 24.8618 -1.16723 0
      vertex 24.9384 -0.782172 0
    endloop
  endfacet
  facet normal 0 0 -1
    outer loop
      vertex 55.2447 -1.54508 0
      vertex 24.7553 -1.54508 0
      vertex 24.8618 -1.16723 0
    endloop
  endfacet
  facet normal 0 0 -1
    outer loop
      vertex 55.3806 -1.91342 0
      vertex 24.6194 -1.91342 0
      vertex 24.7553 -1.54508 0
    endloop
  endfacet
  facet normal 0 0 -1
    outer loop
      vertex 55.545 -2.26995 0
      vertex 24.455 -2.26995 0
      vertex 24.6194 -1.91342 0
    endloop
  endfacet
  facet normal 0 0 -1
    outer loop
      vertex 55.7368 -2.61249 0
      vertex 24.2632 -2.61249 0
      vertex 24.455 -2.26995 0
    endloop
  endfacet
  facet normal 0 0 -1
    outer loop
      vertex 55.9549 -2.93893 0
      vertex 24.0451 -2.93893 0
      vertex 24.2632 -2.61249 0
    endloop
  endfacet
  facet normal 0 0 -1
    outer loop
      vertex 56.198 -3.24724 0
      vertex 23.802 -3.24724 0
      vertex 24.0451 -2.93893 0
    endloop
  endfacet
  facet normal 0 0 -1
    outer loop
      vertex 56.4645 -3.53553 0
      vertex 23.5355 -3.53553 0
      vertex 23.802 -3.24724 0
    endloop
  endfacet
  facet normal 0 0 -1
    outer loop
      vertex 56.7528 -3.80203 0
      vertex 23.2472 -3.80203 0
      vertex 23.5355 -3.53553 0
    endloop
  endfacet
  facet normal 0 0 -1
    outer loop
      vertex 57.0611 -4.04508 0
      vertex 22.9389 -4.04508 0
      vertex 23.2472 -3.80203 0
    endloop
  endfacet
  facet normal 0 0 -1
    outer loop
      vertex 57.3875 -4.2632 0
      vertex 22.6125 -4.2632 0
      vertex 22.9389 -4.04508 0
    endloop
  endfacet
  facet normal 0 0 -1
    outer loop
      vertex 57.73 -4.45503 0
      vertex 22.27 -4.45503 0
      vertex 22.6125 -4.2632 0
    endloop
  endfacet
  facet normal -0 0 -1
    outer loop
      vertex 57.73 -4.45503 0
      vertex 21.9134 -4.6194 0
      vertex 22.27 -4.45503 0
    endloop
  endfacet
  facet normal 0 0 -1
    outer loop
      vertex 58.0866 -4.6194 0
      vertex 21.9134 -4.6194 0
      vertex 57.73 -4.45503 0
    endloop
  endfacet
  facet normal 0 0 -1
    outer loop
      vertex 86 -20 0
      vertex 21.1672 -4.86185 0
      vertex 21.5451 -4.75528 0
    endloop
  endfacet
  facet normal 0 0 -1
    outer loop
      vertex 86 -20 0
      vertex 20.7822 -4.93844 0
      vertex 21.1672 -4.86185 0
    endloop
  endfacet
  facet normal 0 0 -1
    outer loop
      vertex 86 -20 0
      vertex 20.3923 -4.98459 0
      vertex 20.7822 -4.93844 0
    endloop
  endfacet
  facet normal 0 0 -1
    outer loop
      vertex 86 -20 0
      vertex 20 -5 0
      vertex 20.3923 -4.98459 0
    endloop
  endfacet
  facet normal 0 0 -1
    outer loop
      vertex 86 -20 0
      vertex 19.6077 -4.98459 0
      vertex 20 -5 0
    endloop
  endfacet
  facet normal 0 0 -1
    outer loop
      vertex -19.6077 -4.98459 0
      vertex 19.6077 -4.98459 0
      vertex 86 -20 0
    endloop
  endfacet
  facet normal 0 0 -1
    outer loop
      vertex 19.6077 -4.98459 0
      vertex -19.6077 -4.98459 0
      vertex 19.2178 -4.93844 0
    endloop
  endfacet
  facet normal 0 0 -1
    outer loop
      vertex 15.0154 -0.392295 0
      vertex -15 0 0
      vertex 15 0 0
    endloop
  endfacet
  facet normal 0 0 -1
    outer loop
      vertex -15.0154 -0.392295 0
      vertex 15.0154 -0.392295 0
      vertex 15.0616 -0.782172 0
    endloop
  endfacet
  facet normal 0 0 -1
    outer loop
      vertex -15.0616 -0.782172 0
      vertex 15.0616 -0.782172 0
      vertex 15.1382 -1.16723 0
    endloop
  endfacet
  facet normal 0 0 -1
    outer loop
      vertex -15.1382 -1.16723 0
      vertex 15.1382 -1.16723 0
      vertex 15.2447 -1.54508 0
    endloop
  endfacet
  facet normal 0 0 -1
    outer loop
      vertex -15.2447 -1.54508 0
      vertex 15.2447 -1.54508 0
      vertex 15.3806 -1.91342 0
    endloop
  endfacet
  facet normal 0 0 -1
    outer loop
      vertex -15.3806 -1.91342 0
      vertex 15.3806 -1.91342 0
      vertex 15.545 -2.26995 0
    endloop
  endfacet
  facet normal 0 0 -1
    outer loop
      vertex -15.545 -2.26995 0
      vertex 15.545 -2.26995 0
      vertex 15.7368 -2.61249 0
    endloop
  endfacet
  facet normal 0 0 -1
    outer loop
      vertex -15.7368 -2.61249 0
      vertex 15.7368 -2.61249 0
      vertex 15.9549 -2.93893 0
    endloop
  endfacet
  facet normal 0 0 -1
    outer loop
      vertex -15.9549 -2.93893 0
      vertex 15.9549 -2.93893 0
      vertex 16.198 -3.24724 0
    endloop
  endfacet
  facet normal 0 0 -1
    outer loop
      vertex -16.198 -3.24724 0
      vertex 16.198 -3.24724 0
      vertex 16.4645 -3.53553 0
    endloop
  endfacet
  facet normal 0 0 -1
    outer loop
      vertex -16.4645 -3.53553 0
      vertex 16.4645 -3.53553 0
      vertex 16.7528 -3.80203 0
    endloop
  endfacet
  facet normal 0 0 -1
    outer loop
      vertex -16.7528 -3.80203 0
      vertex 16.7528 -3.80203 0
      vertex 17.0611 -4.04508 0
    endloop
  endfacet
  facet normal 0 0 -1
    outer loop
      vertex -17.0611 -4.04508 0
      vertex 17.0611 -4.04508 0
      vertex 17.3875 -4.2632 0
    endloop
  endfacet
  facet normal 0 0 -1
    outer loop
      vertex -17.3875 -4.2632 0
      vertex 17.3875 -4.2632 0
      vertex 17.73 -4.45503 0
    endloop
  endfacet
  facet normal 0 0 -1
    outer loop
      vertex -17.73 -4.45503 0
      vertex 17.73 -4.45503 0
      vertex 18.0866 -4.6194 0
    endloop
  endfacet
  facet normal 0 0 -1
    outer loop
      vertex -18.0866 -4.6194 0
      vertex 18.0866 -4.6194 0
      vertex 18.4549 -4.75528 0
    endloop
  endfacet
  facet normal 0 0 -1
    outer loop
      vertex -18.4549 -4.75528 0
      vertex 18.4549 -4.75528 0
      vertex 18.8328 -4.86185 0
    endloop
  endfacet
  facet normal 0 -0 -1
    outer loop
      vertex -19.2178 -4.93844 0
      vertex 19.2178 -4.93844 0
      vertex -19.6077 -4.98459 0
    endloop
  endfacet
  facet normal 0 0 -1
    outer loop
      vertex 15.0154 -0.392295 0
      vertex -15.0154 -0.392295 0
      vertex -15 0 0
    endloop
  endfacet
  facet normal 0 0 -1
    outer loop
      vertex 15.0616 -0.782172 0
      vertex -15.0616 -0.782172 0
      vertex -15.0154 -0.392295 0
    endloop
  endfacet
  facet normal 0 0 -1
    outer loop
      vertex 15.1382 -1.16723 0
      vertex -15.1382 -1.16723 0
      vertex -15.0616 -0.782172 0
    endloop
  endfacet
  facet normal 0 0 -1
    outer loop
      vertex 15.2447 -1.54508 0
      vertex -15.2447 -1.54508 0
      vertex -15.1382 -1.16723 0
    endloop
  endfacet
  facet normal 0 0 -1
    outer loop
      vertex 15.3806 -1.91342 0
      vertex -15.3806 -1.91342 0
      vertex -15.2447 -1.54508 0
    endloop
  endfacet
  facet normal 0 0 -1
    outer loop
      vertex 15.545 -2.26995 0
      vertex -15.545 -2.26995 0
      vertex -15.3806 -1.91342 0
    endloop
  endfacet
  facet normal 0 0 -1
    outer loop
      vertex 15.7368 -2.61249 0
      vertex -15.7368 -2.61249 0
      vertex -15.545 -2.26995 0
    endloop
  endfacet
  facet normal 0 0 -1
    outer loop
      vertex 15.9549 -2.93893 0
      vertex -15.9549 -2.93893 0
      vertex -15.7368 -2.61249 0
    endloop
  endfacet
  facet normal 0 0 -1
    outer loop
      vertex 16.198 -3.24724 0
      vertex -16.198 -3.24724 0
      vertex -15.9549 -2.93893 0
    endloop
  endfacet
  facet normal 0 0 -1
    outer loop
      vertex 16.4645 -3.53553 0
      vertex -16.4645 -3.53553 0
      vertex -16.198 -3.24724 0
    endloop
  endfacet
  facet normal 0 0 -1
    outer loop
      vertex 16.7528 -3.80203 0
      vertex -16.7528 -3.80203 0
      vertex -16.4645 -3.53553 0
    endloop
  endfacet
  facet normal 0 0 -1
    outer loop
      vertex 17.0611 -4.04508 0
      vertex -17.0611 -4.04508 0
      vertex -16.7528 -3.80203 0
    endloop
  endfacet
  facet normal 0 0 -1
    outer loop
      vertex 17.3875 -4.2632 0
      vertex -17.3875 -4.2632 0
      vertex -17.0611 -4.04508 0
    endloop
  endfacet
  facet normal 0 0 -1
    outer loop
      vertex 17.73 -4.45503 0
      vertex -17.73 -4.45503 0
      vertex -17.3875 -4.2632 0
    endloop
  endfacet
  facet normal 0 0 -1
    outer loop
      vertex 18.0866 -4.6194 0
      vertex -18.0866 -4.6194 0
      vertex -17.73 -4.45503 0
    endloop
  endfacet
  facet normal 0 0 -1
    outer loop
      vertex 18.4549 -4.75528 0
      vertex -18.4549 -4.75528 0
      vertex -18.0866 -4.6194 0
    endloop
  endfacet
  facet normal 0 0 -1
    outer loop
      vertex 18.8328 -4.86185 0
      vertex -18.8328 -4.86185 0
      vertex -18.4549 -4.75528 0
    endloop
  endfacet
  facet normal -0 0 -1
    outer loop
      vertex 18.8328 -4.86185 0
      vertex -19.2178 -4.93844 0
      vertex -18.8328 -4.86185 0
    endloop
  endfacet
  facet normal 0 0 -1
    outer loop
      vertex 19.2178 -4.93844 0
      vertex -19.2178 -4.93844 0
      vertex 18.8328 -4.86185 0
    endloop
  endfacet
  facet normal 0 0 -1
    outer loop
      vertex -86 -20 0
      vertex -19.6077 -4.98459 0
      vertex 86 -20 0
    endloop
  endfacet
  facet normal 0 0 -1
    outer loop
      vertex -19.6077 -4.98459 0
      vertex -86 -20 0
      vertex -20 -5 0
    endloop
  endfacet
  facet normal -0 0 -1
    outer loop
      vertex -20 -5 0
      vertex -86 -20 0
      vertex -20.3923 -4.98459 0
    endloop
  endfacet
  facet normal 0 0 -1
    outer loop
      vertex -24.9846 -0.392295 0
      vertex -55 0 0
      vertex -25 0 0
    endloop
  endfacet
  facet normal 0 0 -1
    outer loop
      vertex -55.0154 -0.392295 0
      vertex -24.9846 -0.392295 0
      vertex -24.9384 -0.782172 0
    endloop
  endfacet
  facet normal 0 0 -1
    outer loop
      vertex -55.0616 -0.782172 0
      vertex -24.9384 -0.782172 0
      vertex -24.8618 -1.16723 0
    endloop
  endfacet
  facet normal 0 0 -1
    outer loop
      vertex -55.1381 -1.16723 0
      vertex -24.8618 -1.16723 0
      vertex -24.7553 -1.54508 0
    endloop
  endfacet
  facet normal 0 0 -1
    outer loop
      vertex -55.2447 -1.54508 0
      vertex -24.7553 -1.54508 0
      vertex -24.6194 -1.91342 0
    endloop
  endfacet
  facet normal 0 0 -1
    outer loop
      vertex -55.3806 -1.91342 0
      vertex -24.6194 -1.91342 0
      vertex -24.455 -2.26995 0
    endloop
  endfacet
  facet normal 0 0 -1
    outer loop
      vertex -55.545 -2.26995 0
      vertex -24.455 -2.26995 0
      vertex -24.2632 -2.61249 0
    endloop
  endfacet
  facet normal 0 0 -1
    outer loop
      vertex -55.7368 -2.61249 0
      vertex -24.2632 -2.61249 0
      vertex -24.0451 -2.93893 0
    endloop
  endfacet
  facet normal 0 0 -1
    outer loop
      vertex -55.9549 -2.93893 0
      vertex -24.0451 -2.93893 0
      vertex -23.802 -3.24724 0
    endloop
  endfacet
  facet normal 0 0 -1
    outer loop
      vertex -56.198 -3.24724 0
      vertex -23.802 -3.24724 0
      vertex -23.5355 -3.53553 0
    endloop
  endfacet
  facet normal 0 0 -1
    outer loop
      vertex -56.4645 -3.53553 0
      vertex -23.5355 -3.53553 0
      vertex -23.2472 -3.80203 0
    endloop
  endfacet
  facet normal 0 0 -1
    outer loop
      vertex -56.7528 -3.80203 0
      vertex -23.2472 -3.80203 0
      vertex -22.9389 -4.04508 0
    endloop
  endfacet
  facet normal 0 0 -1
    outer loop
      vertex -57.0611 -4.04508 0
      vertex -22.9389 -4.04508 0
      vertex -22.6125 -4.2632 0
    endloop
  endfacet
  facet normal 0 0 -1
    outer loop
      vertex -57.3875 -4.2632 0
      vertex -22.6125 -4.2632 0
      vertex -22.27 -4.45503 0
    endloop
  endfacet
  facet normal 0 0 -1
    outer loop
      vertex -57.73 -4.45503 0
      vertex -22.27 -4.45503 0
      vertex -21.9134 -4.6194 0
    endloop
  endfacet
  facet normal 0 0 -1
    outer loop
      vertex -58.0866 -4.6194 0
      vertex -21.9134 -4.6194 0
      vertex -21.5451 -4.75528 0
    endloop
  endfacet
  facet normal 0 0 -1
    outer loop
      vertex -58.4549 -4.75528 0
      vertex -21.5451 -4.75528 0
      vertex -21.1672 -4.86185 0
    endloop
  endfacet
  facet normal 0 0 -1
    outer loop
      vertex -86 -20 0
      vertex -21.1672 -4.86185 0
      vertex -20.7822 -4.93844 0
    endloop
  endfacet
  facet normal 0 0 -1
    outer loop
      vertex -24.9846 -0.392295 0
      vertex -55.0154 -0.392295 0
      vertex -55 0 0
    endloop
  endfacet
  facet normal -0 0 -1
    outer loop
      vertex -20.3923 -4.98459 0
      vertex -86 -20 0
      vertex -20.7822 -4.93844 0
    endloop
  endfacet
  facet normal 0 0 -1
    outer loop
      vertex -24.9384 -0.782172 0
      vertex -55.0616 -0.782172 0
      vertex -55.0154 -0.392295 0
    endloop
  endfacet
  facet normal 0 0 -1
    outer loop
      vertex -24.8618 -1.16723 0
      vertex -55.1381 -1.16723 0
      vertex -55.0616 -0.782172 0
    endloop
  endfacet
  facet normal 0 0 -1
    outer loop
      vertex -24.7553 -1.54508 0
      vertex -55.2447 -1.54508 0
      vertex -55.1381 -1.16723 0
    endloop
  endfacet
  facet normal 0 0 -1
    outer loop
      vertex -24.6194 -1.91342 0
      vertex -55.3806 -1.91342 0
      vertex -55.2447 -1.54508 0
    endloop
  endfacet
  facet normal 0 0 -1
    outer loop
      vertex -24.455 -2.26995 0
      vertex -55.545 -2.26995 0
      vertex -55.3806 -1.91342 0
    endloop
  endfacet
  facet normal 0 0 -1
    outer loop
      vertex -24.2632 -2.61249 0
      vertex -55.7368 -2.61249 0
      vertex -55.545 -2.26995 0
    endloop
  endfacet
  facet normal 0 0 -1
    outer loop
      vertex -24.0451 -2.93893 0
      vertex -55.9549 -2.93893 0
      vertex -55.7368 -2.61249 0
    endloop
  endfacet
  facet normal 0 0 -1
    outer loop
      vertex -23.802 -3.24724 0
      vertex -56.198 -3.24724 0
      vertex -55.9549 -2.93893 0
    endloop
  endfacet
  facet normal 0 0 -1
    outer loop
      vertex -23.5355 -3.53553 0
      vertex -56.4645 -3.53553 0
      vertex -56.198 -3.24724 0
    endloop
  endfacet
  facet normal 0 0 -1
    outer loop
      vertex -23.2472 -3.80203 0
      vertex -56.7528 -3.80203 0
      vertex -56.4645 -3.53553 0
    endloop
  endfacet
  facet normal 0 0 -1
    outer loop
      vertex -22.9389 -4.04508 0
      vertex -57.0611 -4.04508 0
      vertex -56.7528 -3.80203 0
    endloop
  endfacet
  facet normal 0 0 -1
    outer loop
      vertex -22.6125 -4.2632 0
      vertex -57.3875 -4.2632 0
      vertex -57.0611 -4.04508 0
    endloop
  endfacet
  facet normal 0 0 -1
    outer loop
      vertex -22.27 -4.45503 0
      vertex -57.73 -4.45503 0
      vertex -57.3875 -4.2632 0
    endloop
  endfacet
  facet normal 0 0 -1
    outer loop
      vertex -21.9134 -4.6194 0
      vertex -58.0866 -4.6194 0
      vertex -57.73 -4.45503 0
    endloop
  endfacet
  facet normal -0 0 -1
    outer loop
      vertex -21.1672 -4.86185 0
      vertex -86 -20 0
      vertex -58.4549 -4.75528 0
    endloop
  endfacet
  facet normal 0 0 -1
    outer loop
      vertex -21.5451 -4.75528 0
      vertex -58.4549 -4.75528 0
      vertex -58.0866 -4.6194 0
    endloop
  endfacet
  facet normal 0 0 -1
    outer loop
      vertex -58.4549 -4.75528 0
      vertex -86 -20 0
      vertex -58.8328 -4.86185 0
    endloop
  endfacet
  facet normal 0 0 -1
    outer loop
      vertex -58.8328 -4.86185 0
      vertex -86 -20 0
      vertex -59.2178 -4.93844 0
    endloop
  endfacet
  facet normal 0 -0 -1
    outer loop
      vertex -80.214 -14.0911 0
      vertex -59.2178 -4.93844 0
      vertex -86 -20 0
    endloop
  endfacet
  facet normal 0 0 -1
    outer loop
      vertex -59.2178 -4.93844 0
      vertex -80.214 -14.0911 0
      vertex -59.6077 -4.98459 0
    endloop
  endfacet
  facet normal -0 0 -1
    outer loop
      vertex -64.2632 -2.61249 0
      vertex -79.5497 -10.7515 0
      vertex -64.455 -2.26995 0
    endloop
  endfacet
  facet normal 0 0 -1
    outer loop
      vertex -79.5497 -10.7515 0
      vertex -64.2632 -2.61249 0
      vertex -79.4593 -10.9476 0
    endloop
  endfacet
  facet normal -0 0 -1
    outer loop
      vertex -64.0451 -2.93893 0
      vertex -79.4593 -10.9476 0
      vertex -64.2632 -2.61249 0
    endloop
  endfacet
  facet normal 0 0 -1
    outer loop
      vertex -79.4593 -10.9476 0
      vertex -64.0451 -2.93893 0
      vertex -79.3846 -11.1502 0
    endloop
  endfacet
  facet normal -0 0 -1
    outer loop
      vertex -63.802 -3.24724 0
      vertex -79.3846 -11.1502 0
      vertex -64.0451 -2.93893 0
    endloop
  endfacet
  facet normal 0 0 -1
    outer loop
      vertex -79.3846 -11.1502 0
      vertex -63.802 -3.24724 0
      vertex -79.326 -11.358 0
    endloop
  endfacet
  facet normal -0 0 -1
    outer loop
      vertex -63.5355 -3.53553 0
      vertex -79.326 -11.358 0
      vertex -63.802 -3.24724 0
    endloop
  endfacet
  facet normal 0 0 -1
    outer loop
      vertex -79.326 -11.358 0
      vertex -63.5355 -3.53553 0
      vertex -79.2839 -11.5698 0
    endloop
  endfacet
  facet normal 0 0 -1
    outer loop
      vertex -79.2839 -11.5698 0
      vertex -63.5355 -3.53553 0
      vertex -79.2585 -11.7842 0
    endloop
  endfacet
  facet normal -0 0 -1
    outer loop
      vertex -63.2472 -3.80203 0
      vertex -79.2585 -11.7842 0
      vertex -63.5355 -3.53553 0
    endloop
  endfacet
  facet normal 0 0 -1
    outer loop
      vertex -79.2585 -11.7842 0
      vertex -63.2472 -3.80203 0
      vertex -79.25 -12 0
    endloop
  endfacet
  facet normal -0 0 -1
    outer loop
      vertex -62.9389 -4.04508 0
      vertex -79.25 -12 0
      vertex -63.2472 -3.80203 0
    endloop
  endfacet
  facet normal 0 0 -1
    outer loop
      vertex -79.2585 -12.2158 0
      vertex -62.9389 -4.04508 0
      vertex -62.6125 -4.2632 0
    endloop
  endfacet
  facet normal 0 0 -1
    outer loop
      vertex -79.2839 -12.4302 0
      vertex -62.6125 -4.2632 0
      vertex -62.27 -4.45503 0
    endloop
  endfacet
  facet normal 0 0 -1
    outer loop
      vertex -79.326 -12.642 0
      vertex -62.27 -4.45503 0
      vertex -61.9134 -4.6194 0
    endloop
  endfacet
  facet normal 0 0 -1
    outer loop
      vertex -79.3846 -12.8498 0
      vertex -61.9134 -4.6194 0
      vertex -61.5451 -4.75528 0
    endloop
  endfacet
  facet normal 0 0 -1
    outer loop
      vertex -79.4593 -13.0524 0
      vertex -61.5451 -4.75528 0
      vertex -61.1672 -4.86185 0
    endloop
  endfacet
  facet normal 0 0 -1
    outer loop
      vertex -79.6552 -13.4369 0
      vertex -61.1672 -4.86185 0
      vertex -60.7822 -4.93844 0
    endloop
  endfacet
  facet normal 0 0 -1
    outer loop
      vertex -79.7752 -13.6164 0
      vertex -60.7822 -4.93844 0
      vertex -60.3923 -4.98459 0
    endloop
  endfacet
  facet normal 0 -0 -1
    outer loop
      vertex -80.0555 -13.9445 0
      vertex -59.6077 -4.98459 0
      vertex -80.214 -14.0911 0
    endloop
  endfacet
  facet normal 0 0 -1
    outer loop
      vertex -62.9389 -4.04508 0
      vertex -79.2585 -12.2158 0
      vertex -79.25 -12 0
    endloop
  endfacet
  facet normal 0 0 -1
    outer loop
      vertex -62.6125 -4.2632 0
      vertex -79.2839 -12.4302 0
      vertex -79.2585 -12.2158 0
    endloop
  endfacet
  facet normal 0 0 -1
    outer loop
      vertex -62.27 -4.45503 0
      vertex -79.326 -12.642 0
      vertex -79.2839 -12.4302 0
    endloop
  endfacet
  facet normal 0 0 -1
    outer loop
      vertex -61.9134 -4.6194 0
      vertex -79.3846 -12.8498 0
      vertex -79.326 -12.642 0
    endloop
  endfacet
  facet normal 0 0 -1
    outer loop
      vertex -61.5451 -4.75528 0
      vertex -79.4593 -13.0524 0
      vertex -79.3846 -12.8498 0
    endloop
  endfacet
  facet normal 0 0 -1
    outer loop
      vertex -61.1672 -4.86185 0
      vertex -79.5497 -13.2485 0
      vertex -79.4593 -13.0524 0
    endloop
  endfacet
  facet normal 0 0 -1
    outer loop
      vertex -61.1672 -4.86185 0
      vertex -79.6552 -13.4369 0
      vertex -79.5497 -13.2485 0
    endloop
  endfacet
  facet normal 0 0 -1
    outer loop
      vertex -60.7822 -4.93844 0
      vertex -79.7752 -13.6164 0
      vertex -79.6552 -13.4369 0
    endloop
  endfacet
  facet normal 0 0 -1
    outer loop
      vertex -60.3923 -4.98459 0
      vertex -79.9089 -13.786 0
      vertex -79.7752 -13.6164 0
    endloop
  endfacet
  facet normal -0 0 -1
    outer loop
      vertex -60 -5 0
      vertex -79.9089 -13.786 0
      vertex -60.3923 -4.98459 0
    endloop
  endfacet
  facet normal 0 0 -1
    outer loop
      vertex -59.6077 -4.98459 0
      vertex -80.0555 -13.9445 0
      vertex -60 -5 0
    endloop
  endfacet
  facet normal 0 -0 -1
    outer loop
      vertex -79.9089 -13.786 0
      vertex -60 -5 0
      vertex -80.0555 -13.9445 0
    endloop
  endfacet
  facet normal 0 0 -1
    outer loop
      vertex -80.214 -14.0911 0
      vertex -86 -20 0
      vertex -80.3836 -14.2248 0
    endloop
  endfacet
  facet normal 0 0 -1
    outer loop
      vertex -80.3836 -14.2248 0
      vertex -86 -20 0
      vertex -80.5631 -14.3448 0
    endloop
  endfacet
  facet normal 0 0 -1
    outer loop
      vertex -80.5631 -14.3448 0
      vertex -86 -20 0
      vertex -80.7515 -14.4503 0
    endloop
  endfacet
  facet normal 0 0 -1
    outer loop
      vertex -80.7515 -14.4503 0
      vertex -86 -20 0
      vertex -80.9476 -14.5407 0
    endloop
  endfacet
  facet normal 0 0 -1
    outer loop
      vertex -80.9476 -14.5407 0
      vertex -86 -20 0
      vertex -81.1502 -14.6154 0
    endloop
  endfacet
  facet normal 0 0 -1
    outer loop
      vertex -81.1502 -14.6154 0
      vertex -86 -20 0
      vertex -81.358 -14.674 0
    endloop
  endfacet
  facet normal 0 0 -1
    outer loop
      vertex -81.358 -14.674 0
      vertex -86 -20 0
      vertex -81.5698 -14.7161 0
    endloop
  endfacet
  facet normal 0 0 -1
    outer loop
      vertex -81.5698 -14.7161 0
      vertex -86 -20 0
      vertex -81.7842 -14.7415 0
    endloop
  endfacet
  facet normal -0 0 -1
    outer loop
      vertex -84.7415 -12.2158 0
      vertex -90 -16 0
      vertex -84.75 -12 0
    endloop
  endfacet
  facet normal -0 0 -1
    outer loop
      vertex -84.7161 -12.4302 0
      vertex -90 -16 0
      vertex -84.7415 -12.2158 0
    endloop
  endfacet
  facet normal -0 0 -1
    outer loop
      vertex -84.674 -12.642 0
      vertex -90 -16 0
      vertex -84.7161 -12.4302 0
    endloop
  endfacet
  facet normal -0 0 -1
    outer loop
      vertex -84.6154 -12.8498 0
      vertex -90 -16 0
      vertex -84.674 -12.642 0
    endloop
  endfacet
  facet normal -0 0 -1
    outer loop
      vertex -84.5407 -13.0524 0
      vertex -90 -16 0
      vertex -84.6154 -12.8498 0
    endloop
  endfacet
  facet normal -0 0 -1
    outer loop
      vertex -84.4503 -13.2485 0
      vertex -90 -16 0
      vertex -84.5407 -13.0524 0
    endloop
  endfacet
  facet normal -0 0 -1
    outer loop
      vertex -84.3448 -13.4369 0
      vertex -90 -16 0
      vertex -84.4503 -13.2485 0
    endloop
  endfacet
  facet normal -0 0 -1
    outer loop
      vertex -84.2248 -13.6164 0
      vertex -90 -16 0
      vertex -84.3448 -13.4369 0
    endloop
  endfacet
  facet normal -0 0 -1
    outer loop
      vertex -84.0911 -13.786 0
      vertex -90 -16 0
      vertex -84.2248 -13.6164 0
    endloop
  endfacet
  facet normal -0 0 -1
    outer loop
      vertex -83.9445 -13.9445 0
      vertex -90 -16 0
      vertex -84.0911 -13.786 0
    endloop
  endfacet
  facet normal 0 0 -1
    outer loop
      vertex -90 -16 0
      vertex -83.9445 -13.9445 0
      vertex -86 -20 0
    endloop
  endfacet
  facet normal -0 0 -1
    outer loop
      vertex -83.786 -14.0911 0
      vertex -86 -20 0
      vertex -83.9445 -13.9445 0
    endloop
  endfacet
  facet normal -0 0 -1
    outer loop
      vertex -83.6164 -14.2248 0
      vertex -86 -20 0
      vertex -83.786 -14.0911 0
    endloop
  endfacet
  facet normal -0 0 -1
    outer loop
      vertex -83.4369 -14.3448 0
      vertex -86 -20 0
      vertex -83.6164 -14.2248 0
    endloop
  endfacet
  facet normal -0 0 -1
    outer loop
      vertex -83.2485 -14.4503 0
      vertex -86 -20 0
      vertex -83.4369 -14.3448 0
    endloop
  endfacet
  facet normal -0 0 -1
    outer loop
      vertex -83.0524 -14.5407 0
      vertex -86 -20 0
      vertex -83.2485 -14.4503 0
    endloop
  endfacet
  facet normal -0 0 -1
    outer loop
      vertex -82.8498 -14.6154 0
      vertex -86 -20 0
      vertex -83.0524 -14.5407 0
    endloop
  endfacet
  facet normal -0 0 -1
    outer loop
      vertex -82.642 -14.674 0
      vertex -86 -20 0
      vertex -82.8498 -14.6154 0
    endloop
  endfacet
  facet normal -0 0 -1
    outer loop
      vertex -82.4302 -14.7161 0
      vertex -86 -20 0
      vertex -82.642 -14.674 0
    endloop
  endfacet
  facet normal -0 0 -1
    outer loop
      vertex -82.2158 -14.7415 0
      vertex -86 -20 0
      vertex -82.4302 -14.7161 0
    endloop
  endfacet
  facet normal -0 0 -1
    outer loop
      vertex -82 -14.75 0
      vertex -86 -20 0
      vertex -82.2158 -14.7415 0
    endloop
  endfacet
  facet normal 0 0 -1
    outer loop
      vertex -81.7842 -14.7415 0
      vertex -86 -20 0
      vertex -82 -14.75 0
    endloop
  endfacet
  facet normal -0 0 -1
    outer loop
      vertex 89.0416 18.5978 0
      vertex 83.9445 13.9445 0
      vertex 88.8284 18.8284 0
    endloop
  endfacet
  facet normal -0 0 -1
    outer loop
      vertex 88.8284 18.8284 0
      vertex 83.9445 13.9445 0
      vertex 88.5978 19.0416 0
    endloop
  endfacet
  facet normal -0 0 -1
    outer loop
      vertex 88.5978 19.0416 0
      vertex 83.9445 13.9445 0
      vertex 88.3511 19.2361 0
    endloop
  endfacet
  facet normal -0 0 -1
    outer loop
      vertex 88.3511 19.2361 0
      vertex 83.9445 13.9445 0
      vertex 88.09 19.4106 0
    endloop
  endfacet
  facet normal -0 0 -1
    outer loop
      vertex 88.09 19.4106 0
      vertex 83.9445 13.9445 0
      vertex 87.816 19.564 0
    endloop
  endfacet
  facet normal -0 0 -1
    outer loop
      vertex 87.816 19.564 0
      vertex 83.9445 13.9445 0
      vertex 87.5307 19.6955 0
    endloop
  endfacet
  facet normal -0 0 -1
    outer loop
      vertex 87.5307 19.6955 0
      vertex 83.9445 13.9445 0
      vertex 87.2361 19.8042 0
    endloop
  endfacet
  facet normal 0 0 -1
    outer loop
      vertex 83.786 14.0911 0
      vertex 87.2361 19.8042 0
      vertex 83.9445 13.9445 0
    endloop
  endfacet
  facet normal -0 0 -1
    outer loop
      vertex 87.2361 19.8042 0
      vertex 83.786 14.0911 0
      vertex 86.9338 19.8895 0
    endloop
  endfacet
  facet normal -0 0 -1
    outer loop
      vertex 86.9338 19.8895 0
      vertex 83.786 14.0911 0
      vertex 86.6257 19.9508 0
    endloop
  endfacet
  facet normal -0 0 -1
    outer loop
      vertex 86.6257 19.9508 0
      vertex 83.786 14.0911 0
      vertex 86.3138 19.9877 0
    endloop
  endfacet
  facet normal -0 0 -1
    outer loop
      vertex 86.3138 19.9877 0
      vertex 83.786 14.0911 0
      vertex 86 20 0
    endloop
  endfacet
  facet normal 0 0 -1
    outer loop
      vertex 83.6164 14.2248 0
      vertex 86 20 0
      vertex 83.786 14.0911 0
    endloop
  endfacet
  facet normal 0 0 -1
    outer loop
      vertex 83.4369 14.3448 0
      vertex 86 20 0
      vertex 83.6164 14.2248 0
    endloop
  endfacet
  facet normal 0 0 -1
    outer loop
      vertex 83.2485 14.4503 0
      vertex 86 20 0
      vertex 83.4369 14.3448 0
    endloop
  endfacet
  facet normal 0 0 -1
    outer loop
      vertex 83.0524 14.5407 0
      vertex 86 20 0
      vertex 83.2485 14.4503 0
    endloop
  endfacet
  facet normal 0 0 -1
    outer loop
      vertex 82.8498 14.6154 0
      vertex 86 20 0
      vertex 83.0524 14.5407 0
    endloop
  endfacet
  facet normal 0 0 -1
    outer loop
      vertex 82.642 14.674 0
      vertex 86 20 0
      vertex 82.8498 14.6154 0
    endloop
  endfacet
  facet normal 0 0 -1
    outer loop
      vertex 82.4302 14.7161 0
      vertex 86 20 0
      vertex 82.642 14.674 0
    endloop
  endfacet
  facet normal 0 0 -1
    outer loop
      vertex 82.2158 14.7415 0
      vertex 86 20 0
      vertex 82.4302 14.7161 0
    endloop
  endfacet
  facet normal 0 0 -1
    outer loop
      vertex 82 14.75 0
      vertex 86 20 0
      vertex 82.2158 14.7415 0
    endloop
  endfacet
  facet normal 0 0 -1
    outer loop
      vertex 81.7842 14.7415 0
      vertex 86 20 0
      vertex 82 14.75 0
    endloop
  endfacet
  facet normal 0 0 -1
    outer loop
      vertex 81.5698 14.7161 0
      vertex 86 20 0
      vertex 81.7842 14.7415 0
    endloop
  endfacet
  facet normal 0 0 -1
    outer loop
      vertex 81.358 14.674 0
      vertex 86 20 0
      vertex 81.5698 14.7161 0
    endloop
  endfacet
  facet normal 0 0 -1
    outer loop
      vertex 81.1502 14.6154 0
      vertex 86 20 0
      vertex 81.358 14.674 0
    endloop
  endfacet
  facet normal 0 0 -1
    outer loop
      vertex 80.9476 14.5407 0
      vertex 86 20 0
      vertex 81.1502 14.6154 0
    endloop
  endfacet
  facet normal 0 0 -1
    outer loop
      vertex 80.7515 14.4503 0
      vertex 86 20 0
      vertex 80.9476 14.5407 0
    endloop
  endfacet
  facet normal 0 0 -1
    outer loop
      vertex 80.5631 14.3448 0
      vertex 86 20 0
      vertex 80.7515 14.4503 0
    endloop
  endfacet
  facet normal 0 0 -1
    outer loop
      vertex 80.3836 14.2248 0
      vertex 86 20 0
      vertex 80.5631 14.3448 0
    endloop
  endfacet
  facet normal 0 0 -1
    outer loop
      vertex 80.214 14.0911 0
      vertex 86 20 0
      vertex 80.3836 14.2248 0
    endloop
  endfacet
  facet normal 0 0 -1
    outer loop
      vertex 59.6077 4.98459 0
      vertex 80.214 14.0911 0
      vertex 80.0555 13.9445 0
    endloop
  endfacet
  facet normal 0 0 -1
    outer loop
      vertex 64.2632 2.61249 0
      vertex 79.5497 10.7515 0
      vertex 64.455 2.26995 0
    endloop
  endfacet
  facet normal -0 0 -1
    outer loop
      vertex 79.5497 10.7515 0
      vertex 64.2632 2.61249 0
      vertex 79.4593 10.9476 0
    endloop
  endfacet
  facet normal 0 0 -1
    outer loop
      vertex 64.0451 2.93893 0
      vertex 79.4593 10.9476 0
      vertex 64.2632 2.61249 0
    endloop
  endfacet
  facet normal -0 0 -1
    outer loop
      vertex 79.4593 10.9476 0
      vertex 64.0451 2.93893 0
      vertex 79.3846 11.1502 0
    endloop
  endfacet
  facet normal 0 0 -1
    outer loop
      vertex 63.802 3.24724 0
      vertex 79.3846 11.1502 0
      vertex 64.0451 2.93893 0
    endloop
  endfacet
  facet normal -0 0 -1
    outer loop
      vertex 79.3846 11.1502 0
      vertex 63.802 3.24724 0
      vertex 79.326 11.358 0
    endloop
  endfacet
  facet normal 0 0 -1
    outer loop
      vertex 63.5355 3.53553 0
      vertex 79.326 11.358 0
      vertex 63.802 3.24724 0
    endloop
  endfacet
  facet normal -0 0 -1
    outer loop
      vertex 79.326 11.358 0
      vertex 63.5355 3.53553 0
      vertex 79.2839 11.5698 0
    endloop
  endfacet
  facet normal -0 0 -1
    outer loop
      vertex 79.2839 11.5698 0
      vertex 63.5355 3.53553 0
      vertex 79.2585 11.7842 0
    endloop
  endfacet
  facet normal 0 0 -1
    outer loop
      vertex 63.2472 3.80203 0
      vertex 79.2585 11.7842 0
      vertex 63.5355 3.53553 0
    endloop
  endfacet
  facet normal -0 0 -1
    outer loop
      vertex 79.2585 11.7842 0
      vertex 63.2472 3.80203 0
      vertex 79.25 12 0
    endloop
  endfacet
  facet normal 0 0 -1
    outer loop
      vertex 62.9389 4.04508 0
      vertex 79.25 12 0
      vertex 63.2472 3.80203 0
    endloop
  endfacet
  facet normal -0 0 -1
    outer loop
      vertex 79.25 12 0
      vertex 62.9389 4.04508 0
      vertex 79.2585 12.2158 0
    endloop
  endfacet
  facet normal 0 0 -1
    outer loop
      vertex 62.6125 4.2632 0
      vertex 79.2585 12.2158 0
      vertex 62.9389 4.04508 0
    endloop
  endfacet
  facet normal -0 0 -1
    outer loop
      vertex 79.2585 12.2158 0
      vertex 62.6125 4.2632 0
      vertex 79.2839 12.4302 0
    endloop
  endfacet
  facet normal 0 0 -1
    outer loop
      vertex 62.27 4.45503 0
      vertex 79.2839 12.4302 0
      vertex 62.6125 4.2632 0
    endloop
  endfacet
  facet normal -0 0 -1
    outer loop
      vertex 79.2839 12.4302 0
      vertex 62.27 4.45503 0
      vertex 79.326 12.642 0
    endloop
  endfacet
  facet normal 0 0 -1
    outer loop
      vertex 61.9134 4.6194 0
      vertex 79.326 12.642 0
      vertex 62.27 4.45503 0
    endloop
  endfacet
  facet normal -0 0 -1
    outer loop
      vertex 79.326 12.642 0
      vertex 61.9134 4.6194 0
      vertex 79.3846 12.8498 0
    endloop
  endfacet
  facet normal 0 0 -1
    outer loop
      vertex 61.5451 4.75528 0
      vertex 79.3846 12.8498 0
      vertex 61.9134 4.6194 0
    endloop
  endfacet
  facet normal -0 0 -1
    outer loop
      vertex 79.3846 12.8498 0
      vertex 61.5451 4.75528 0
      vertex 79.4593 13.0524 0
    endloop
  endfacet
  facet normal -0 0 -1
    outer loop
      vertex 79.4593 13.0524 0
      vertex 61.5451 4.75528 0
      vertex 79.5497 13.2485 0
    endloop
  endfacet
  facet normal 0 0 -1
    outer loop
      vertex 61.1672 4.86185 0
      vertex 79.5497 13.2485 0
      vertex 61.5451 4.75528 0
    endloop
  endfacet
  facet normal -0 0 -1
    outer loop
      vertex 79.5497 13.2485 0
      vertex 61.1672 4.86185 0
      vertex 79.6552 13.4369 0
    endloop
  endfacet
  facet normal 0 0 -1
    outer loop
      vertex 60.7822 4.93844 0
      vertex 79.6552 13.4369 0
      vertex 61.1672 4.86185 0
    endloop
  endfacet
  facet normal -0 0 -1
    outer loop
      vertex 79.6552 13.4369 0
      vertex 60.7822 4.93844 0
      vertex 79.7752 13.6164 0
    endloop
  endfacet
  facet normal 0 0 -1
    outer loop
      vertex 60.3923 4.98459 0
      vertex 79.7752 13.6164 0
      vertex 60.7822 4.93844 0
    endloop
  endfacet
  facet normal -0 0 -1
    outer loop
      vertex 79.7752 13.6164 0
      vertex 60.3923 4.98459 0
      vertex 79.9089 13.786 0
    endloop
  endfacet
  facet normal 0 0 -1
    outer loop
      vertex 60 5 0
      vertex 79.9089 13.786 0
      vertex 60.3923 4.98459 0
    endloop
  endfacet
  facet normal -0 0 -1
    outer loop
      vertex 79.9089 13.786 0
      vertex 60 5 0
      vertex 80.0555 13.9445 0
    endloop
  endfacet
  facet normal 0 0 -1
    outer loop
      vertex 59.6077 4.98459 0
      vertex 80.0555 13.9445 0
      vertex 60 5 0
    endloop
  endfacet
  facet normal 0 0 -1
    outer loop
      vertex 80.214 14.0911 0
      vertex 59.6077 4.98459 0
      vertex 59.2178 4.93844 0
    endloop
  endfacet
  facet normal -0 0 -1
    outer loop
      vertex 80.214 14.0911 0
      vertex 59.2178 4.93844 0
      vertex 86 20 0
    endloop
  endfacet
  facet normal 0 0 -1
    outer loop
      vertex 58.8328 4.86185 0
      vertex 86 20 0
      vertex 59.2178 4.93844 0
    endloop
  endfacet
  facet normal 0 0 -1
    outer loop
      vertex 58.4549 4.75528 0
      vertex 86 20 0
      vertex 58.8328 4.86185 0
    endloop
  endfacet
  facet normal 0 0 -1
    outer loop
      vertex 21.5451 4.75528 0
      vertex 58.4549 4.75528 0
      vertex 58.0866 4.6194 0
    endloop
  endfacet
  facet normal 0 0 -1
    outer loop
      vertex 21.9134 4.6194 0
      vertex 58.0866 4.6194 0
      vertex 57.73 4.45503 0
    endloop
  endfacet
  facet normal 0 0 -1
    outer loop
      vertex 25 0 0
      vertex 55.0154 0.392295 0
      vertex 55 0 0
    endloop
  endfacet
  facet normal 0 0 -1
    outer loop
      vertex 24.9846 0.392295 0
      vertex 55.0154 0.392295 0
      vertex 25 0 0
    endloop
  endfacet
  facet normal 0 0 -1
    outer loop
      vertex 55.0154 0.392295 0
      vertex 24.9846 0.392295 0
      vertex 55.0616 0.782172 0
    endloop
  endfacet
  facet normal 0 0 -1
    outer loop
      vertex 24.9384 0.782172 0
      vertex 55.0616 0.782172 0
      vertex 24.9846 0.392295 0
    endloop
  endfacet
  facet normal 0 0 -1
    outer loop
      vertex 55.0616 0.782172 0
      vertex 24.9384 0.782172 0
      vertex 55.1381 1.16723 0
    endloop
  endfacet
  facet normal 0 0 -1
    outer loop
      vertex 24.8618 1.16723 0
      vertex 55.1381 1.16723 0
      vertex 24.9384 0.782172 0
    endloop
  endfacet
  facet normal 0 0 -1
    outer loop
      vertex 55.1381 1.16723 0
      vertex 24.8618 1.16723 0
      vertex 55.2447 1.54508 0
    endloop
  endfacet
  facet normal 0 0 -1
    outer loop
      vertex 24.7553 1.54508 0
      vertex 55.2447 1.54508 0
      vertex 24.8618 1.16723 0
    endloop
  endfacet
  facet normal 0 0 -1
    outer loop
      vertex 55.2447 1.54508 0
      vertex 24.7553 1.54508 0
      vertex 55.3806 1.91342 0
    endloop
  endfacet
  facet normal 0 0 -1
    outer loop
      vertex 24.6194 1.91342 0
      vertex 55.3806 1.91342 0
      vertex 24.7553 1.54508 0
    endloop
  endfacet
  facet normal 0 0 -1
    outer loop
      vertex 55.3806 1.91342 0
      vertex 24.6194 1.91342 0
      vertex 55.545 2.26995 0
    endloop
  endfacet
  facet normal 0 0 -1
    outer loop
      vertex 24.455 2.26995 0
      vertex 55.545 2.26995 0
      vertex 24.6194 1.91342 0
    endloop
  endfacet
  facet normal 0 0 -1
    outer loop
      vertex 55.545 2.26995 0
      vertex 24.455 2.26995 0
      vertex 55.7368 2.61249 0
    endloop
  endfacet
  facet normal 0 0 -1
    outer loop
      vertex 24.2632 2.61249 0
      vertex 55.7368 2.61249 0
      vertex 24.455 2.26995 0
    endloop
  endfacet
  facet normal 0 0 -1
    outer loop
      vertex 55.7368 2.61249 0
      vertex 24.2632 2.61249 0
      vertex 55.9549 2.93893 0
    endloop
  endfacet
  facet normal 0 0 -1
    outer loop
      vertex 24.0451 2.93893 0
      vertex 55.9549 2.93893 0
      vertex 24.2632 2.61249 0
    endloop
  endfacet
  facet normal 0 0 -1
    outer loop
      vertex 55.9549 2.93893 0
      vertex 24.0451 2.93893 0
      vertex 56.198 3.24724 0
    endloop
  endfacet
  facet normal 0 0 -1
    outer loop
      vertex 23.802 3.24724 0
      vertex 56.198 3.24724 0
      vertex 24.0451 2.93893 0
    endloop
  endfacet
  facet normal 0 0 -1
    outer loop
      vertex 56.198 3.24724 0
      vertex 23.802 3.24724 0
      vertex 56.4645 3.53553 0
    endloop
  endfacet
  facet normal 0 0 -1
    outer loop
      vertex 23.5355 3.53553 0
      vertex 56.4645 3.53553 0
      vertex 23.802 3.24724 0
    endloop
  endfacet
  facet normal 0 0 -1
    outer loop
      vertex 56.4645 3.53553 0
      vertex 23.5355 3.53553 0
      vertex 56.7528 3.80203 0
    endloop
  endfacet
  facet normal 0 0 -1
    outer loop
      vertex 23.2472 3.80203 0
      vertex 56.7528 3.80203 0
      vertex 23.5355 3.53553 0
    endloop
  endfacet
  facet normal 0 0 -1
    outer loop
      vertex 56.7528 3.80203 0
      vertex 23.2472 3.80203 0
      vertex 57.0611 4.04508 0
    endloop
  endfacet
  facet normal 0 0 -1
    outer loop
      vertex 22.9389 4.04508 0
      vertex 57.0611 4.04508 0
      vertex 23.2472 3.80203 0
    endloop
  endfacet
  facet normal 0 0 -1
    outer loop
      vertex 57.0611 4.04508 0
      vertex 22.9389 4.04508 0
      vertex 57.3875 4.2632 0
    endloop
  endfacet
  facet normal 0 0 -1
    outer loop
      vertex 22.6125 4.2632 0
      vertex 57.3875 4.2632 0
      vertex 22.9389 4.04508 0
    endloop
  endfacet
  facet normal 0 0 -1
    outer loop
      vertex 57.3875 4.2632 0
      vertex 22.6125 4.2632 0
      vertex 57.73 4.45503 0
    endloop
  endfacet
  facet normal 0 0 -1
    outer loop
      vertex 22.27 4.45503 0
      vertex 57.73 4.45503 0
      vertex 22.6125 4.2632 0
    endloop
  endfacet
  facet normal 0 0 -1
    outer loop
      vertex 21.9134 4.6194 0
      vertex 57.73 4.45503 0
      vertex 22.27 4.45503 0
    endloop
  endfacet
  facet normal 0 0 -1
    outer loop
      vertex 58.0866 4.6194 0
      vertex 21.9134 4.6194 0
      vertex 21.5451 4.75528 0
    endloop
  endfacet
  facet normal 0 0 -1
    outer loop
      vertex 58.4549 4.75528 0
      vertex 21.5451 4.75528 0
      vertex 86 20 0
    endloop
  endfacet
  facet normal 0 0 -1
    outer loop
      vertex 21.1672 4.86185 0
      vertex 86 20 0
      vertex 21.5451 4.75528 0
    endloop
  endfacet
  facet normal 0 0 -1
    outer loop
      vertex 20.7822 4.93844 0
      vertex 86 20 0
      vertex 21.1672 4.86185 0
    endloop
  endfacet
  facet normal 0 0 -1
    outer loop
      vertex 20.3923 4.98459 0
      vertex 86 20 0
      vertex 20.7822 4.93844 0
    endloop
  endfacet
  facet normal 0 0 -1
    outer loop
      vertex 20 5 0
      vertex 86 20 0
      vertex 20.3923 4.98459 0
    endloop
  endfacet
  facet normal 0 0 -1
    outer loop
      vertex 19.6077 4.98459 0
      vertex 86 20 0
      vertex 20 5 0
    endloop
  endfacet
  facet normal 0 0 -1
    outer loop
      vertex -19.6077 4.98459 0
      vertex 19.6077 4.98459 0
      vertex 19.2178 4.93844 0
    endloop
  endfacet
  facet normal 0 0 -1
    outer loop
      vertex -19.2178 4.93844 0
      vertex 19.2178 4.93844 0
      vertex 18.8328 4.86185 0
    endloop
  endfacet
  facet normal 0 0 -1
    outer loop
      vertex -15 0 0
      vertex 15.0154 0.392295 0
      vertex 15 0 0
    endloop
  endfacet
  facet normal 0 0 -1
    outer loop
      vertex -15.0154 0.392295 0
      vertex 15.0154 0.392295 0
      vertex -15 0 0
    endloop
  endfacet
  facet normal 0 0 -1
    outer loop
      vertex 15.0154 0.392295 0
      vertex -15.0154 0.392295 0
      vertex 15.0616 0.782172 0
    endloop
  endfacet
  facet normal 0 0 -1
    outer loop
      vertex -15.0616 0.782172 0
      vertex 15.0616 0.782172 0
      vertex -15.0154 0.392295 0
    endloop
  endfacet
  facet normal 0 0 -1
    outer loop
      vertex 15.0616 0.782172 0
      vertex -15.0616 0.782172 0
      vertex 15.1382 1.16723 0
    endloop
  endfacet
  facet normal 0 0 -1
    outer loop
      vertex -15.1382 1.16723 0
      vertex 15.1382 1.16723 0
      vertex -15.0616 0.782172 0
    endloop
  endfacet
  facet normal 0 0 -1
    outer loop
      vertex 15.1382 1.16723 0
      vertex -15.1382 1.16723 0
      vertex 15.2447 1.54508 0
    endloop
  endfacet
  facet normal 0 0 -1
    outer loop
      vertex -15.2447 1.54508 0
      vertex 15.2447 1.54508 0
      vertex -15.1382 1.16723 0
    endloop
  endfacet
  facet normal 0 0 -1
    outer loop
      vertex 15.2447 1.54508 0
      vertex -15.2447 1.54508 0
      vertex 15.3806 1.91342 0
    endloop
  endfacet
  facet normal 0 0 -1
    outer loop
      vertex -15.3806 1.91342 0
      vertex 15.3806 1.91342 0
      vertex -15.2447 1.54508 0
    endloop
  endfacet
  facet normal 0 0 -1
    outer loop
      vertex 15.3806 1.91342 0
      vertex -15.3806 1.91342 0
      vertex 15.545 2.26995 0
    endloop
  endfacet
  facet normal 0 0 -1
    outer loop
      vertex -15.545 2.26995 0
      vertex 15.545 2.26995 0
      vertex -15.3806 1.91342 0
    endloop
  endfacet
  facet normal 0 0 -1
    outer loop
      vertex 15.545 2.26995 0
      vertex -15.545 2.26995 0
      vertex 15.7368 2.61249 0
    endloop
  endfacet
  facet normal 0 0 -1
    outer loop
      vertex -15.7368 2.61249 0
      vertex 15.7368 2.61249 0
      vertex -15.545 2.26995 0
    endloop
  endfacet
  facet normal 0 0 -1
    outer loop
      vertex 15.7368 2.61249 0
      vertex -15.7368 2.61249 0
      vertex 15.9549 2.93893 0
    endloop
  endfacet
  facet normal 0 0 -1
    outer loop
      vertex -15.9549 2.93893 0
      vertex 15.9549 2.93893 0
      vertex -15.7368 2.61249 0
    endloop
  endfacet
  facet normal 0 0 -1
    outer loop
      vertex 15.9549 2.93893 0
      vertex -15.9549 2.93893 0
      vertex 16.198 3.24724 0
    endloop
  endfacet
  facet normal 0 0 -1
    outer loop
      vertex -16.198 3.24724 0
      vertex 16.198 3.24724 0
      vertex -15.9549 2.93893 0
    endloop
  endfacet
  facet normal 0 0 -1
    outer loop
      vertex 16.198 3.24724 0
      vertex -16.198 3.24724 0
      vertex 16.4645 3.53553 0
    endloop
  endfacet
  facet normal 0 0 -1
    outer loop
      vertex -16.4645 3.53553 0
      vertex 16.4645 3.53553 0
      vertex -16.198 3.24724 0
    endloop
  endfacet
  facet normal 0 0 -1
    outer loop
      vertex 16.4645 3.53553 0
      vertex -16.4645 3.53553 0
      vertex 16.7528 3.80203 0
    endloop
  endfacet
  facet normal 0 0 -1
    outer loop
      vertex -16.7528 3.80203 0
      vertex 16.7528 3.80203 0
      vertex -16.4645 3.53553 0
    endloop
  endfacet
  facet normal 0 0 -1
    outer loop
      vertex 16.7528 3.80203 0
      vertex -16.7528 3.80203 0
      vertex 17.0611 4.04508 0
    endloop
  endfacet
  facet normal 0 0 -1
    outer loop
      vertex -17.0611 4.04508 0
      vertex 17.0611 4.04508 0
      vertex -16.7528 3.80203 0
    endloop
  endfacet
  facet normal 0 0 -1
    outer loop
      vertex 17.0611 4.04508 0
      vertex -17.0611 4.04508 0
      vertex 17.3875 4.2632 0
    endloop
  endfacet
  facet normal 0 0 -1
    outer loop
      vertex -17.3875 4.2632 0
      vertex 17.3875 4.2632 0
      vertex -17.0611 4.04508 0
    endloop
  endfacet
  facet normal 0 0 -1
    outer loop
      vertex 17.3875 4.2632 0
      vertex -17.3875 4.2632 0
      vertex 17.73 4.45503 0
    endloop
  endfacet
  facet normal 0 0 -1
    outer loop
      vertex -17.73 4.45503 0
      vertex 17.73 4.45503 0
      vertex -17.3875 4.2632 0
    endloop
  endfacet
  facet normal 0 0 -1
    outer loop
      vertex 17.73 4.45503 0
      vertex -17.73 4.45503 0
      vertex 18.0866 4.6194 0
    endloop
  endfacet
  facet normal 0 0 -1
    outer loop
      vertex -18.0866 4.6194 0
      vertex 18.0866 4.6194 0
      vertex -17.73 4.45503 0
    endloop
  endfacet
  facet normal 0 0 -1
    outer loop
      vertex 18.0866 4.6194 0
      vertex -18.0866 4.6194 0
      vertex 18.4549 4.75528 0
    endloop
  endfacet
  facet normal 0 0 -1
    outer loop
      vertex -18.4549 4.75528 0
      vertex 18.4549 4.75528 0
      vertex -18.0866 4.6194 0
    endloop
  endfacet
  facet normal 0 0 -1
    outer loop
      vertex 18.4549 4.75528 0
      vertex -18.4549 4.75528 0
      vertex 18.8328 4.86185 0
    endloop
  endfacet
  facet normal 0 0 -1
    outer loop
      vertex -18.8328 4.86185 0
      vertex 18.8328 4.86185 0
      vertex -18.4549 4.75528 0
    endloop
  endfacet
  facet normal 0 0 -1
    outer loop
      vertex -19.2178 4.93844 0
      vertex 18.8328 4.86185 0
      vertex -18.8328 4.86185 0
    endloop
  endfacet
  facet normal 0 0 -1
    outer loop
      vertex 19.2178 4.93844 0
      vertex -19.2178 4.93844 0
      vertex -19.6077 4.98459 0
    endloop
  endfacet
  facet normal 0 0 -1
    outer loop
      vertex 19.6077 4.98459 0
      vertex -19.6077 4.98459 0
      vertex 86 20 0
    endloop
  endfacet
  facet normal 0 0 -1
    outer loop
      vertex -86 20 0
      vertex -19.6077 4.98459 0
      vertex -20 5 0
    endloop
  endfacet
  facet normal 0 0 -1
    outer loop
      vertex -86 20 0
      vertex -20 5 0
      vertex -20.3923 4.98459 0
    endloop
  endfacet
  facet normal 0 0 -1
    outer loop
      vertex -86 20 0
      vertex -20.3923 4.98459 0
      vertex -20.7822 4.93844 0
    endloop
  endfacet
  facet normal 0 0 -1
    outer loop
      vertex -55 0 0
      vertex -24.9846 0.392295 0
      vertex -25 0 0
    endloop
  endfacet
  facet normal 0 0 -1
    outer loop
      vertex -55.0154 0.392295 0
      vertex -24.9846 0.392295 0
      vertex -55 0 0
    endloop
  endfacet
  facet normal 0 0 -1
    outer loop
      vertex -24.9846 0.392295 0
      vertex -55.0154 0.392295 0
      vertex -24.9384 0.782172 0
    endloop
  endfacet
  facet normal 0 0 -1
    outer loop
      vertex -55.0616 0.782172 0
      vertex -24.9384 0.782172 0
      vertex -55.0154 0.392295 0
    endloop
  endfacet
  facet normal 0 0 -1
    outer loop
      vertex -24.9384 0.782172 0
      vertex -55.0616 0.782172 0
      vertex -24.8618 1.16723 0
    endloop
  endfacet
  facet normal 0 0 -1
    outer loop
      vertex -55.1381 1.16723 0
      vertex -24.8618 1.16723 0
      vertex -55.0616 0.782172 0
    endloop
  endfacet
  facet normal 0 0 -1
    outer loop
      vertex -24.8618 1.16723 0
      vertex -55.1381 1.16723 0
      vertex -24.7553 1.54508 0
    endloop
  endfacet
  facet normal 0 0 -1
    outer loop
      vertex -55.2447 1.54508 0
      vertex -24.7553 1.54508 0
      vertex -55.1381 1.16723 0
    endloop
  endfacet
  facet normal 0 0 -1
    outer loop
      vertex -24.7553 1.54508 0
      vertex -55.2447 1.54508 0
      vertex -24.6194 1.91342 0
    endloop
  endfacet
  facet normal 0 0 -1
    outer loop
      vertex -55.3806 1.91342 0
      vertex -24.6194 1.91342 0
      vertex -55.2447 1.54508 0
    endloop
  endfacet
  facet normal 0 0 -1
    outer loop
      vertex -24.6194 1.91342 0
      vertex -55.3806 1.91342 0
      vertex -24.455 2.26995 0
    endloop
  endfacet
  facet normal 0 0 -1
    outer loop
      vertex -55.545 2.26995 0
      vertex -24.455 2.26995 0
      vertex -55.3806 1.91342 0
    endloop
  endfacet
  facet normal 0 0 -1
    outer loop
      vertex -24.455 2.26995 0
      vertex -55.545 2.26995 0
      vertex -24.2632 2.61249 0
    endloop
  endfacet
  facet normal 0 0 -1
    outer loop
      vertex -55.7368 2.61249 0
      vertex -24.2632 2.61249 0
      vertex -55.545 2.26995 0
    endloop
  endfacet
  facet normal 0 0 -1
    outer loop
      vertex -24.2632 2.61249 0
      vertex -55.7368 2.61249 0
      vertex -24.0451 2.93893 0
    endloop
  endfacet
  facet normal 0 0 -1
    outer loop
      vertex -55.9549 2.93893 0
      vertex -24.0451 2.93893 0
      vertex -55.7368 2.61249 0
    endloop
  endfacet
  facet normal 0 0 -1
    outer loop
      vertex -24.0451 2.93893 0
      vertex -55.9549 2.93893 0
      vertex -23.802 3.24724 0
    endloop
  endfacet
  facet normal 0 0 -1
    outer loop
      vertex -56.198 3.24724 0
      vertex -23.802 3.24724 0
      vertex -55.9549 2.93893 0
    endloop
  endfacet
  facet normal 0 0 -1
    outer loop
      vertex -23.802 3.24724 0
      vertex -56.198 3.24724 0
      vertex -23.5355 3.53553 0
    endloop
  endfacet
  facet normal 0 0 -1
    outer loop
      vertex -56.4645 3.53553 0
      vertex -23.5355 3.53553 0
      vertex -56.198 3.24724 0
    endloop
  endfacet
  facet normal 0 0 -1
    outer loop
      vertex -23.5355 3.53553 0
      vertex -56.4645 3.53553 0
      vertex -23.2472 3.80203 0
    endloop
  endfacet
  facet normal 0 0 -1
    outer loop
      vertex -56.7528 3.80203 0
      vertex -23.2472 3.80203 0
      vertex -56.4645 3.53553 0
    endloop
  endfacet
  facet normal 0 0 -1
    outer loop
      vertex -23.2472 3.80203 0
      vertex -56.7528 3.80203 0
      vertex -22.9389 4.04508 0
    endloop
  endfacet
  facet normal 0 0 -1
    outer loop
      vertex -57.0611 4.04508 0
      vertex -22.9389 4.04508 0
      vertex -56.7528 3.80203 0
    endloop
  endfacet
  facet normal 0 0 -1
    outer loop
      vertex -22.9389 4.04508 0
      vertex -57.0611 4.04508 0
      vertex -22.6125 4.2632 0
    endloop
  endfacet
  facet normal 0 0 -1
    outer loop
      vertex -57.3875 4.2632 0
      vertex -22.6125 4.2632 0
      vertex -57.0611 4.04508 0
    endloop
  endfacet
  facet normal 0 0 -1
    outer loop
      vertex -22.6125 4.2632 0
      vertex -57.3875 4.2632 0
      vertex -22.27 4.45503 0
    endloop
  endfacet
  facet normal 0 0 -1
    outer loop
      vertex -57.73 4.45503 0
      vertex -22.27 4.45503 0
      vertex -57.3875 4.2632 0
    endloop
  endfacet
  facet normal 0 0 -1
    outer loop
      vertex -22.27 4.45503 0
      vertex -57.73 4.45503 0
      vertex -21.9134 4.6194 0
    endloop
  endfacet
  facet normal 0 0 -1
    outer loop
      vertex -58.0866 4.6194 0
      vertex -21.9134 4.6194 0
      vertex -57.73 4.45503 0
    endloop
  endfacet
  facet normal 0 0 -1
    outer loop
      vertex -21.9134 4.6194 0
      vertex -58.0866 4.6194 0
      vertex -21.5451 4.75528 0
    endloop
  endfacet
  facet normal 0 0 -1
    outer loop
      vertex -58.4549 4.75528 0
      vertex -21.5451 4.75528 0
      vertex -58.0866 4.6194 0
    endloop
  endfacet
  facet normal 0 0 -1
    outer loop
      vertex -21.5451 4.75528 0
      vertex -58.4549 4.75528 0
      vertex -21.1672 4.86185 0
    endloop
  endfacet
  facet normal 0 0 -1
    outer loop
      vertex -86 20 0
      vertex -21.1672 4.86185 0
      vertex -58.4549 4.75528 0
    endloop
  endfacet
  facet normal 0 0 -1
    outer loop
      vertex -21.1672 4.86185 0
      vertex -86 20 0
      vertex -20.7822 4.93844 0
    endloop
  endfacet
  facet normal 0 0 -1
    outer loop
      vertex -86 20 0
      vertex -58.4549 4.75528 0
      vertex -58.8328 4.86185 0
    endloop
  endfacet
  facet normal 0 0 -1
    outer loop
      vertex -86 20 0
      vertex -58.8328 4.86185 0
      vertex -59.2178 4.93844 0
    endloop
  endfacet
  facet normal 0 0 -1
    outer loop
      vertex -80.214 14.0911 0
      vertex -59.2178 4.93844 0
      vertex -59.6077 4.98459 0
    endloop
  endfacet
  facet normal 0 0 -1
    outer loop
      vertex -80.0555 13.9445 0
      vertex -59.6077 4.98459 0
      vertex -60 5 0
    endloop
  endfacet
  facet normal 0 0 -1
    outer loop
      vertex -79.9089 13.786 0
      vertex -60 5 0
      vertex -60.3923 4.98459 0
    endloop
  endfacet
  facet normal 0 0 -1
    outer loop
      vertex -79.6552 -10.5631 0
      vertex -64.455 -2.26995 0
      vertex -79.5497 -10.7515 0
    endloop
  endfacet
  facet normal 0 0 -1
    outer loop
      vertex -65 0 0
      vertex -79.25 12 0
      vertex -64.9846 0.392295 0
    endloop
  endfacet
  facet normal 0 0 -1
    outer loop
      vertex -64.9846 0.392295 0
      vertex -79.25 12 0
      vertex -64.9384 0.782172 0
    endloop
  endfacet
  facet normal 0 0 -1
    outer loop
      vertex -64.9384 0.782172 0
      vertex -79.25 12 0
      vertex -64.8618 1.16723 0
    endloop
  endfacet
  facet normal 0 0 -1
    outer loop
      vertex -64.8618 1.16723 0
      vertex -79.25 12 0
      vertex -64.7553 1.54508 0
    endloop
  endfacet
  facet normal 0 0 -1
    outer loop
      vertex -64.7553 1.54508 0
      vertex -79.25 12 0
      vertex -64.6194 1.91342 0
    endloop
  endfacet
  facet normal 0 0 -1
    outer loop
      vertex -64.6194 1.91342 0
      vertex -79.25 12 0
      vertex -64.455 2.26995 0
    endloop
  endfacet
  facet normal 0 0 -1
    outer loop
      vertex -64.455 2.26995 0
      vertex -79.25 12 0
      vertex -64.2632 2.61249 0
    endloop
  endfacet
  facet normal 0 0 -1
    outer loop
      vertex -64.2632 2.61249 0
      vertex -79.25 12 0
      vertex -64.0451 2.93893 0
    endloop
  endfacet
  facet normal 0 0 -1
    outer loop
      vertex -64.0451 2.93893 0
      vertex -79.25 12 0
      vertex -63.802 3.24724 0
    endloop
  endfacet
  facet normal 0 0 -1
    outer loop
      vertex -63.802 3.24724 0
      vertex -79.25 12 0
      vertex -63.5355 3.53553 0
    endloop
  endfacet
  facet normal 0 0 -1
    outer loop
      vertex -79.25 12 0
      vertex -63.2472 3.80203 0
      vertex -63.5355 3.53553 0
    endloop
  endfacet
  facet normal 0 0 -1
    outer loop
      vertex -79.25 12 0
      vertex -62.9389 4.04508 0
      vertex -63.2472 3.80203 0
    endloop
  endfacet
  facet normal 0 0 -1
    outer loop
      vertex -79.2585 12.2158 0
      vertex -62.9389 4.04508 0
      vertex -79.25 12 0
    endloop
  endfacet
  facet normal 0 0 -1
    outer loop
      vertex -62.9389 4.04508 0
      vertex -79.2585 12.2158 0
      vertex -62.6125 4.2632 0
    endloop
  endfacet
  facet normal 0 0 -1
    outer loop
      vertex -79.2839 12.4302 0
      vertex -62.6125 4.2632 0
      vertex -79.2585 12.2158 0
    endloop
  endfacet
  facet normal 0 0 -1
    outer loop
      vertex -62.6125 4.2632 0
      vertex -79.2839 12.4302 0
      vertex -62.27 4.45503 0
    endloop
  endfacet
  facet normal 0 0 -1
    outer loop
      vertex -79.326 12.642 0
      vertex -62.27 4.45503 0
      vertex -79.2839 12.4302 0
    endloop
  endfacet
  facet normal 0 0 -1
    outer loop
      vertex -62.27 4.45503 0
      vertex -79.326 12.642 0
      vertex -61.9134 4.6194 0
    endloop
  endfacet
  facet normal 0 0 -1
    outer loop
      vertex -79.3846 12.8498 0
      vertex -61.9134 4.6194 0
      vertex -79.326 12.642 0
    endloop
  endfacet
  facet normal 0 0 -1
    outer loop
      vertex -61.9134 4.6194 0
      vertex -79.3846 12.8498 0
      vertex -61.5451 4.75528 0
    endloop
  endfacet
  facet normal 0 0 -1
    outer loop
      vertex -79.4593 13.0524 0
      vertex -61.5451 4.75528 0
      vertex -79.3846 12.8498 0
    endloop
  endfacet
  facet normal 0 0 -1
    outer loop
      vertex -61.5451 4.75528 0
      vertex -79.4593 13.0524 0
      vertex -61.1672 4.86185 0
    endloop
  endfacet
  facet normal 0 0 -1
    outer loop
      vertex -79.5497 13.2485 0
      vertex -61.1672 4.86185 0
      vertex -79.4593 13.0524 0
    endloop
  endfacet
  facet normal 0 0 -1
    outer loop
      vertex -79.6552 13.4369 0
      vertex -61.1672 4.86185 0
      vertex -79.5497 13.2485 0
    endloop
  endfacet
  facet normal 0 0 -1
    outer loop
      vertex -61.1672 4.86185 0
      vertex -79.6552 13.4369 0
      vertex -60.7822 4.93844 0
    endloop
  endfacet
  facet normal 0 0 -1
    outer loop
      vertex -79.7752 13.6164 0
      vertex -60.7822 4.93844 0
      vertex -79.6552 13.4369 0
    endloop
  endfacet
  facet normal 0 0 -1
    outer loop
      vertex -60.7822 4.93844 0
      vertex -79.7752 13.6164 0
      vertex -60.3923 4.98459 0
    endloop
  endfacet
  facet normal 0 0 -1
    outer loop
      vertex -79.9089 13.786 0
      vertex -60.3923 4.98459 0
      vertex -79.7752 13.6164 0
    endloop
  endfacet
  facet normal 0 0 -1
    outer loop
      vertex -60 5 0
      vertex -79.9089 13.786 0
      vertex -80.0555 13.9445 0
    endloop
  endfacet
  facet normal 0 0 -1
    outer loop
      vertex -59.6077 4.98459 0
      vertex -80.0555 13.9445 0
      vertex -80.214 14.0911 0
    endloop
  endfacet
  facet normal 0 0 -1
    outer loop
      vertex -59.2178 4.93844 0
      vertex -80.214 14.0911 0
      vertex -86 20 0
    endloop
  endfacet
  facet normal 0 0 -1
    outer loop
      vertex -86 20 0
      vertex -80.214 14.0911 0
      vertex -80.3836 14.2248 0
    endloop
  endfacet
  facet normal 0 0 -1
    outer loop
      vertex -86 20 0
      vertex -80.3836 14.2248 0
      vertex -80.5631 14.3448 0
    endloop
  endfacet
  facet normal 0 0 -1
    outer loop
      vertex -86 20 0
      vertex -80.5631 14.3448 0
      vertex -80.7515 14.4503 0
    endloop
  endfacet
  facet normal 0 0 -1
    outer loop
      vertex -86 20 0
      vertex -80.7515 14.4503 0
      vertex -80.9476 14.5407 0
    endloop
  endfacet
  facet normal 0 0 -1
    outer loop
      vertex -86 20 0
      vertex -80.9476 14.5407 0
      vertex -81.1502 14.6154 0
    endloop
  endfacet
  facet normal 0 0 -1
    outer loop
      vertex -86 20 0
      vertex -81.1502 14.6154 0
      vertex -81.358 14.674 0
    endloop
  endfacet
  facet normal 0 0 -1
    outer loop
      vertex -86 20 0
      vertex -81.358 14.674 0
      vertex -81.5698 14.7161 0
    endloop
  endfacet
  facet normal 0 0 -1
    outer loop
      vertex -86 20 0
      vertex -81.5698 14.7161 0
      vertex -81.7842 14.7415 0
    endloop
  endfacet
  facet normal 0 0 -1
    outer loop
      vertex -86 20 0
      vertex -81.7842 14.7415 0
      vertex -82 14.75 0
    endloop
  endfacet
  facet normal 0 0 -1
    outer loop
      vertex -19.6077 4.98459 0
      vertex -86 20 0
      vertex 86 20 0
    endloop
  endfacet
  facet normal 0 0 -1
    outer loop
      vertex -82.2158 14.7415 0
      vertex -86 20 0
      vertex -82 14.75 0
    endloop
  endfacet
  facet normal 0 0 -1
    outer loop
      vertex -82.4302 14.7161 0
      vertex -86 20 0
      vertex -82.2158 14.7415 0
    endloop
  endfacet
  facet normal 0 0 -1
    outer loop
      vertex -82.642 14.674 0
      vertex -86 20 0
      vertex -82.4302 14.7161 0
    endloop
  endfacet
  facet normal 0 0 -1
    outer loop
      vertex -82.8498 14.6154 0
      vertex -86 20 0
      vertex -82.642 14.674 0
    endloop
  endfacet
  facet normal 0 0 -1
    outer loop
      vertex -83.0524 14.5407 0
      vertex -86 20 0
      vertex -82.8498 14.6154 0
    endloop
  endfacet
  facet normal 0 0 -1
    outer loop
      vertex -83.2485 14.4503 0
      vertex -86 20 0
      vertex -83.0524 14.5407 0
    endloop
  endfacet
  facet normal 0 0 -1
    outer loop
      vertex -83.4369 14.3448 0
      vertex -86 20 0
      vertex -83.2485 14.4503 0
    endloop
  endfacet
  facet normal 0 0 -1
    outer loop
      vertex -83.6164 14.2248 0
      vertex -86 20 0
      vertex -83.4369 14.3448 0
    endloop
  endfacet
  facet normal 0 0 -1
    outer loop
      vertex -83.786 14.0911 0
      vertex -86 20 0
      vertex -83.6164 14.2248 0
    endloop
  endfacet
  facet normal 0 0 -1
    outer loop
      vertex -87.2361 19.8042 0
      vertex -83.786 14.0911 0
      vertex -83.9445 13.9445 0
    endloop
  endfacet
  facet normal 0 0 -1
    outer loop
      vertex -89.6955 17.5307 0
      vertex -83.9445 13.9445 0
      vertex -84.0911 13.786 0
    endloop
  endfacet
  facet normal 0 0 -1
    outer loop
      vertex -90 16 0
      vertex -84.0911 13.786 0
      vertex -84.2248 13.6164 0
    endloop
  endfacet
  facet normal 0 0 -1
    outer loop
      vertex -90 16 0
      vertex -84.2248 13.6164 0
      vertex -84.3448 13.4369 0
    endloop
  endfacet
  facet normal 0 0 -1
    outer loop
      vertex -90 16 0
      vertex -84.3448 13.4369 0
      vertex -84.4503 13.2485 0
    endloop
  endfacet
  facet normal 0 0 -1
    outer loop
      vertex -90 16 0
      vertex -84.4503 13.2485 0
      vertex -84.5407 13.0524 0
    endloop
  endfacet
  facet normal 0 0 -1
    outer loop
      vertex -90 16 0
      vertex -84.5407 13.0524 0
      vertex -84.6154 12.8498 0
    endloop
  endfacet
  facet normal 0 0 -1
    outer loop
      vertex -90 16 0
      vertex -84.6154 12.8498 0
      vertex -84.674 12.642 0
    endloop
  endfacet
  facet normal 0 0 -1
    outer loop
      vertex -90 16 0
      vertex -84.674 12.642 0
      vertex -84.7161 12.4302 0
    endloop
  endfacet
  facet normal 0 0 -1
    outer loop
      vertex -90 16 0
      vertex -84.7161 12.4302 0
      vertex -84.7415 12.2158 0
    endloop
  endfacet
  facet normal 0 0 -1
    outer loop
      vertex -90 16 0
      vertex -84.7415 12.2158 0
      vertex -84.75 12 0
    endloop
  endfacet
  facet normal 0 0 -1
    outer loop
      vertex -84.7161 11.5698 0
      vertex -90 16 0
      vertex -84.7415 11.7842 0
    endloop
  endfacet
  facet normal 0 0 -1
    outer loop
      vertex -90 -16 0
      vertex -86 -20 0
      vertex -86.3138 -19.9877 0
    endloop
  endfacet
  facet normal 0 0 -1
    outer loop
      vertex -84.7415 11.7842 0
      vertex -90 16 0
      vertex -84.75 12 0
    endloop
  endfacet
  facet normal 0 0 -1
    outer loop
      vertex -90 -16 0
      vertex -86.3138 -19.9877 0
      vertex -86.6257 -19.9508 0
    endloop
  endfacet
  facet normal 0 0 -1
    outer loop
      vertex -84.0911 13.786 0
      vertex -90 16 0
      vertex -89.9877 16.3138 0
    endloop
  endfacet
  facet normal 0 0 -1
    outer loop
      vertex -90 -16 0
      vertex -86.6257 -19.9508 0
      vertex -86.9338 -19.8895 0
    endloop
  endfacet
  facet normal 0 0 -1
    outer loop
      vertex -83.786 14.0911 0
      vertex -86.3138 19.9877 0
      vertex -86 20 0
    endloop
  endfacet
  facet normal 0 0 -1
    outer loop
      vertex -90 -16 0
      vertex -86.9338 -19.8895 0
      vertex -87.2361 -19.8042 0
    endloop
  endfacet
  facet normal 0 0 -1
    outer loop
      vertex -83.786 14.0911 0
      vertex -86.6257 19.9508 0
      vertex -86.3138 19.9877 0
    endloop
  endfacet
  facet normal 0 0 -1
    outer loop
      vertex -90 -16 0
      vertex -87.2361 -19.8042 0
      vertex -87.5307 -19.6955 0
    endloop
  endfacet
  facet normal 0 0 -1
    outer loop
      vertex -83.786 14.0911 0
      vertex -86.9338 19.8895 0
      vertex -86.6257 19.9508 0
    endloop
  endfacet
  facet normal 0 0 -1
    outer loop
      vertex -90 -16 0
      vertex -87.5307 -19.6955 0
      vertex -87.816 -19.564 0
    endloop
  endfacet
  facet normal 0 0 -1
    outer loop
      vertex -83.786 14.0911 0
      vertex -87.2361 19.8042 0
      vertex -86.9338 19.8895 0
    endloop
  endfacet
  facet normal 0 0 -1
    outer loop
      vertex -90 -16 0
      vertex -87.816 -19.564 0
      vertex -88.09 -19.4106 0
    endloop
  endfacet
  facet normal 0 0 -1
    outer loop
      vertex -83.9445 13.9445 0
      vertex -87.5307 19.6955 0
      vertex -87.2361 19.8042 0
    endloop
  endfacet
  facet normal 0 0 -1
    outer loop
      vertex -90 -16 0
      vertex -88.09 -19.4106 0
      vertex -88.3511 -19.2361 0
    endloop
  endfacet
  facet normal 0 0 -1
    outer loop
      vertex -83.9445 13.9445 0
      vertex -87.816 19.564 0
      vertex -87.5307 19.6955 0
    endloop
  endfacet
  facet normal 0 0 -1
    outer loop
      vertex -90 -16 0
      vertex -88.3511 -19.2361 0
      vertex -88.5978 -19.0416 0
    endloop
  endfacet
  facet normal 0 0 -1
    outer loop
      vertex -83.9445 13.9445 0
      vertex -88.09 19.4106 0
      vertex -87.816 19.564 0
    endloop
  endfacet
  facet normal 0 0 -1
    outer loop
      vertex -90 -16 0
      vertex -88.5978 -19.0416 0
      vertex -88.8284 -18.8284 0
    endloop
  endfacet
  facet normal 0 0 -1
    outer loop
      vertex -83.9445 13.9445 0
      vertex -88.3511 19.2361 0
      vertex -88.09 19.4106 0
    endloop
  endfacet
  facet normal 0 0 -1
    outer loop
      vertex -90 -16 0
      vertex -88.8284 -18.8284 0
      vertex -89.0416 -18.5978 0
    endloop
  endfacet
  facet normal 0 0 -1
    outer loop
      vertex -83.9445 13.9445 0
      vertex -88.5978 19.0416 0
      vertex -88.3511 19.2361 0
    endloop
  endfacet
  facet normal 0 0 -1
    outer loop
      vertex -90 -16 0
      vertex -89.0416 -18.5978 0
      vertex -89.2361 -18.3511 0
    endloop
  endfacet
  facet normal 0 0 -1
    outer loop
      vertex -83.9445 13.9445 0
      vertex -88.8284 18.8284 0
      vertex -88.5978 19.0416 0
    endloop
  endfacet
  facet normal 0 0 -1
    outer loop
      vertex -90 -16 0
      vertex -89.2361 -18.3511 0
      vertex -89.4106 -18.09 0
    endloop
  endfacet
  facet normal 0 0 -1
    outer loop
      vertex -83.9445 13.9445 0
      vertex -89.0416 18.5978 0
      vertex -88.8284 18.8284 0
    endloop
  endfacet
  facet normal 0 0 -1
    outer loop
      vertex -90 -16 0
      vertex -89.4106 -18.09 0
      vertex -89.564 -17.816 0
    endloop
  endfacet
  facet normal 0 0 -1
    outer loop
      vertex -83.9445 13.9445 0
      vertex -89.2361 18.3511 0
      vertex -89.0416 18.5978 0
    endloop
  endfacet
  facet normal 0 0 -1
    outer loop
      vertex -90 -16 0
      vertex -89.564 -17.816 0
      vertex -89.6955 -17.5307 0
    endloop
  endfacet
  facet normal 0 0 -1
    outer loop
      vertex -83.9445 13.9445 0
      vertex -89.4106 18.09 0
      vertex -89.2361 18.3511 0
    endloop
  endfacet
  facet normal 0 0 -1
    outer loop
      vertex -90 -16 0
      vertex -89.6955 -17.5307 0
      vertex -89.8042 -17.2361 0
    endloop
  endfacet
  facet normal 0 0 -1
    outer loop
      vertex -83.9445 13.9445 0
      vertex -89.564 17.816 0
      vertex -89.4106 18.09 0
    endloop
  endfacet
  facet normal 0 0 -1
    outer loop
      vertex -90 -16 0
      vertex -89.8042 -17.2361 0
      vertex -89.8895 -16.9338 0
    endloop
  endfacet
  facet normal 0 0 -1
    outer loop
      vertex -83.9445 13.9445 0
      vertex -89.6955 17.5307 0
      vertex -89.564 17.816 0
    endloop
  endfacet
  facet normal 0 0 -1
    outer loop
      vertex -90 -16 0
      vertex -89.8895 -16.9338 0
      vertex -89.9508 -16.6257 0
    endloop
  endfacet
  facet normal 0 0 -1
    outer loop
      vertex -84.0911 13.786 0
      vertex -89.8042 17.2361 0
      vertex -89.6955 17.5307 0
    endloop
  endfacet
  facet normal 0 0 -1
    outer loop
      vertex -90 -16 0
      vertex -89.9508 -16.6257 0
      vertex -89.9877 -16.3138 0
    endloop
  endfacet
  facet normal 0 0 -1
    outer loop
      vertex -84.0911 13.786 0
      vertex -89.8895 16.9338 0
      vertex -89.8042 17.2361 0
    endloop
  endfacet
  facet normal 0 0 -1
    outer loop
      vertex -84.0911 13.786 0
      vertex -89.9508 16.6257 0
      vertex -89.8895 16.9338 0
    endloop
  endfacet
  facet normal 0 0 -1
    outer loop
      vertex -84.0911 13.786 0
      vertex -89.9877 16.3138 0
      vertex -89.9508 16.6257 0
    endloop
  endfacet
  facet normal -0.555655 -0.831413 0
    outer loop
      vertex -88.3511 -19.2361 0
      vertex -88.09 -19.4106 30
      vertex -88.3511 -19.2361 30
    endloop
  endfacet
  facet normal -0.555655 -0.831413 -0
    outer loop
      vertex -88.09 -19.4106 30
      vertex -88.3511 -19.2361 0
      vertex -88.09 -19.4106 0
    endloop
  endfacet
  facet normal -0.678862 0.734266 0
    outer loop
      vertex -88.5978 19.0416 0
      vertex -88.8284 18.8284 30
      vertex -88.5978 19.0416 30
    endloop
  endfacet
  facet normal -0.678862 0.734266 0
    outer loop
      vertex -88.8284 18.8284 30
      vertex -88.5978 19.0416 0
      vertex -88.8284 18.8284 0
    endloop
  endfacet
  facet normal 0.734266 0.678862 0
    outer loop
      vertex 89.0416 18.5978 30
      vertex 88.8284 18.8284 0
      vertex 88.8284 18.8284 30
    endloop
  endfacet
  facet normal 0.734266 0.678862 0
    outer loop
      vertex 88.8284 18.8284 0
      vertex 89.0416 18.5978 30
      vertex 89.0416 18.5978 0
    endloop
  endfacet
  facet normal -0.993074 -0.117488 0
    outer loop
      vertex -89.9508 -16.6257 0
      vertex -89.9877 -16.3138 30
      vertex -89.9877 -16.3138 0
    endloop
  endfacet
  facet normal -0.993074 -0.117488 0
    outer loop
      vertex -89.9877 -16.3138 30
      vertex -89.9508 -16.6257 0
      vertex -89.9508 -16.6257 30
    endloop
  endfacet
  facet normal -0.271566 -0.96242 0
    outer loop
      vertex -87.2361 -19.8042 0
      vertex -86.9338 -19.8895 30
      vertex -87.2361 -19.8042 30
    endloop
  endfacet
  facet normal -0.271566 -0.96242 -0
    outer loop
      vertex -86.9338 -19.8895 30
      vertex -87.2361 -19.8042 0
      vertex -86.9338 -19.8895 0
    endloop
  endfacet
  facet normal 0.678862 -0.734266 0
    outer loop
      vertex 88.5978 -19.0416 0
      vertex 88.8284 -18.8284 30
      vertex 88.5978 -19.0416 30
    endloop
  endfacet
  facet normal 0.678862 -0.734266 0
    outer loop
      vertex 88.8284 -18.8284 30
      vertex 88.5978 -19.0416 0
      vertex 88.8284 -18.8284 0
    endloop
  endfacet
  facet normal -0.938174 0.346163 0
    outer loop
      vertex -89.8042 17.2361 0
      vertex -89.6955 17.5307 30
      vertex -89.6955 17.5307 0
    endloop
  endfacet
  facet normal -0.938174 0.346163 0
    outer loop
      vertex -89.6955 17.5307 30
      vertex -89.8042 17.2361 0
      vertex -89.8042 17.2361 30
    endloop
  endfacet
  facet normal 0.831413 -0.555655 0
    outer loop
      vertex 89.2361 -18.3511 30
      vertex 89.4106 -18.09 0
      vertex 89.4106 -18.09 30
    endloop
  endfacet
  facet normal 0.831413 -0.555655 0
    outer loop
      vertex 89.4106 -18.09 0
      vertex 89.2361 -18.3511 30
      vertex 89.2361 -18.3511 0
    endloop
  endfacet
  facet normal -0.678862 -0.734266 0
    outer loop
      vertex -88.8284 -18.8284 0
      vertex -88.5978 -19.0416 30
      vertex -88.8284 -18.8284 30
    endloop
  endfacet
  facet normal -0.678862 -0.734266 -0
    outer loop
      vertex -88.5978 -19.0416 30
      vertex -88.8284 -18.8284 0
      vertex -88.5978 -19.0416 0
    endloop
  endfacet
  facet normal -0.78529 -0.619128 0
    outer loop
      vertex -89.0416 -18.5978 0
      vertex -89.2361 -18.3511 30
      vertex -89.2361 -18.3511 0
    endloop
  endfacet
  facet normal -0.78529 -0.619128 0
    outer loop
      vertex -89.2361 -18.3511 30
      vertex -89.0416 -18.5978 0
      vertex -89.0416 -18.5978 30
    endloop
  endfacet
  facet normal -0.938174 -0.346163 0
    outer loop
      vertex -89.6955 -17.5307 0
      vertex -89.8042 -17.2361 30
      vertex -89.8042 -17.2361 0
    endloop
  endfacet
  facet normal -0.938174 -0.346163 0
    outer loop
      vertex -89.8042 -17.2361 30
      vertex -89.6955 -17.5307 0
      vertex -89.6955 -17.5307 30
    endloop
  endfacet
  facet normal 0.96242 0.271566 0
    outer loop
      vertex 89.8895 16.9338 30
      vertex 89.8042 17.2361 0
      vertex 89.8042 17.2361 30
    endloop
  endfacet
  facet normal 0.96242 0.271566 0
    outer loop
      vertex 89.8042 17.2361 0
      vertex 89.8895 16.9338 30
      vertex 89.8895 16.9338 0
    endloop
  endfacet
  facet normal -0.418594 -0.908174 0
    outer loop
      vertex -87.816 -19.564 0
      vertex -87.5307 -19.6955 30
      vertex -87.816 -19.564 30
    endloop
  endfacet
  facet normal -0.418594 -0.908174 -0
    outer loop
      vertex -87.5307 -19.6955 30
      vertex -87.816 -19.564 0
      vertex -87.5307 -19.6955 0
    endloop
  endfacet
  facet normal 0.938174 -0.346163 0
    outer loop
      vertex 89.6955 -17.5307 30
      vertex 89.8042 -17.2361 0
      vertex 89.8042 -17.2361 30
    endloop
  endfacet
  facet normal 0.938174 -0.346163 0
    outer loop
      vertex 89.8042 -17.2361 0
      vertex 89.6955 -17.5307 30
      vertex 89.6955 -17.5307 0
    endloop
  endfacet
  facet normal -0.831413 -0.555655 0
    outer loop
      vertex -89.2361 -18.3511 0
      vertex -89.4106 -18.09 30
      vertex -89.4106 -18.09 0
    endloop
  endfacet
  facet normal -0.831413 -0.555655 0
    outer loop
      vertex -89.4106 -18.09 30
      vertex -89.2361 -18.3511 0
      vertex -89.2361 -18.3511 30
    endloop
  endfacet
  facet normal -0.993074 0.117488 0
    outer loop
      vertex -89.9877 16.3138 0
      vertex -89.9508 16.6257 30
      vertex -89.9508 16.6257 0
    endloop
  endfacet
  facet normal -0.993074 0.117488 0
    outer loop
      vertex -89.9508 16.6257 30
      vertex -89.9877 16.3138 0
      vertex -89.9877 16.3138 30
    endloop
  endfacet
  facet normal -0.999233 0.0391669 0
    outer loop
      vertex -90 16 0
      vertex -89.9877 16.3138 30
      vertex -89.9877 16.3138 0
    endloop
  endfacet
  facet normal -0.999233 0.0391669 0
    outer loop
      vertex -89.9877 16.3138 30
      vertex -90 16 0
      vertex -90 16 30
    endloop
  endfacet
  facet normal 0.993074 -0.117488 0
    outer loop
      vertex 89.9508 -16.6257 30
      vertex 89.9877 -16.3138 0
      vertex 89.9877 -16.3138 30
    endloop
  endfacet
  facet normal 0.993074 -0.117488 0
    outer loop
      vertex 89.9877 -16.3138 0
      vertex 89.9508 -16.6257 30
      vertex 89.9508 -16.6257 0
    endloop
  endfacet
  facet normal 0.87256 0.488506 0
    outer loop
      vertex 89.564 17.816 30
      vertex 89.4106 18.09 0
      vertex 89.4106 18.09 30
    endloop
  endfacet
  facet normal 0.87256 0.488506 0
    outer loop
      vertex 89.4106 18.09 0
      vertex 89.564 17.816 30
      vertex 89.564 17.816 0
    endloop
  endfacet
  facet normal 0.488506 -0.87256 0
    outer loop
      vertex 87.816 -19.564 0
      vertex 88.09 -19.4106 30
      vertex 87.816 -19.564 30
    endloop
  endfacet
  facet normal 0.488506 -0.87256 0
    outer loop
      vertex 88.09 -19.4106 30
      vertex 87.816 -19.564 0
      vertex 88.09 -19.4106 0
    endloop
  endfacet
  facet normal 0.78529 0.619128 0
    outer loop
      vertex 89.2361 18.3511 30
      vertex 89.0416 18.5978 0
      vertex 89.0416 18.5978 30
    endloop
  endfacet
  facet normal 0.78529 0.619128 0
    outer loop
      vertex 89.0416 18.5978 0
      vertex 89.2361 18.3511 30
      vertex 89.2361 18.3511 0
    endloop
  endfacet
  facet normal 0.87256 -0.488506 0
    outer loop
      vertex 89.4106 -18.09 30
      vertex 89.564 -17.816 0
      vertex 89.564 -17.816 30
    endloop
  endfacet
  facet normal 0.87256 -0.488506 0
    outer loop
      vertex 89.564 -17.816 0
      vertex 89.4106 -18.09 30
      vertex 89.4106 -18.09 0
    endloop
  endfacet
  facet normal -0.908174 -0.418594 0
    outer loop
      vertex -89.564 -17.816 0
      vertex -89.6955 -17.5307 30
      vertex -89.6955 -17.5307 0
    endloop
  endfacet
  facet normal -0.908174 -0.418594 0
    outer loop
      vertex -89.6955 -17.5307 30
      vertex -89.564 -17.816 0
      vertex -89.564 -17.816 30
    endloop
  endfacet
  facet normal 0.999233 -0.0391669 0
    outer loop
      vertex 89.9877 -16.3138 30
      vertex 90 -16 0
      vertex 90 -16 30
    endloop
  endfacet
  facet normal 0.999233 -0.0391669 0
    outer loop
      vertex 90 -16 0
      vertex 89.9877 -16.3138 30
      vertex 89.9877 -16.3138 0
    endloop
  endfacet
  facet normal -0.346163 -0.938174 0
    outer loop
      vertex -87.5307 -19.6955 0
      vertex -87.2361 -19.8042 30
      vertex -87.5307 -19.6955 30
    endloop
  endfacet
  facet normal -0.346163 -0.938174 -0
    outer loop
      vertex -87.2361 -19.8042 30
      vertex -87.5307 -19.6955 0
      vertex -87.2361 -19.8042 0
    endloop
  endfacet
  facet normal 0.78529 -0.619128 0
    outer loop
      vertex 89.0416 -18.5978 30
      vertex 89.2361 -18.3511 0
      vertex 89.2361 -18.3511 30
    endloop
  endfacet
  facet normal 0.78529 -0.619128 0
    outer loop
      vertex 89.2361 -18.3511 0
      vertex 89.0416 -18.5978 30
      vertex 89.0416 -18.5978 0
    endloop
  endfacet
  facet normal 0.96242 -0.271566 0
    outer loop
      vertex 89.8042 -17.2361 30
      vertex 89.8895 -16.9338 0
      vertex 89.8895 -16.9338 30
    endloop
  endfacet
  facet normal 0.96242 -0.271566 0
    outer loop
      vertex 89.8895 -16.9338 0
      vertex 89.8042 -17.2361 30
      vertex 89.8042 -17.2361 0
    endloop
  endfacet
  facet normal 0.980776 -0.195137 0
    outer loop
      vertex 89.8895 -16.9338 30
      vertex 89.9508 -16.6257 0
      vertex 89.9508 -16.6257 30
    endloop
  endfacet
  facet normal 0.980776 -0.195137 0
    outer loop
      vertex 89.9508 -16.6257 0
      vertex 89.8895 -16.9338 30
      vertex 89.8895 -16.9338 0
    endloop
  endfacet
  facet normal 0.734266 -0.678862 0
    outer loop
      vertex 88.8284 -18.8284 30
      vertex 89.0416 -18.5978 0
      vertex 89.0416 -18.5978 30
    endloop
  endfacet
  facet normal 0.734266 -0.678862 0
    outer loop
      vertex 89.0416 -18.5978 0
      vertex 88.8284 -18.8284 30
      vertex 88.8284 -18.8284 0
    endloop
  endfacet
  facet normal 0.908174 -0.418594 0
    outer loop
      vertex 89.564 -17.816 30
      vertex 89.6955 -17.5307 0
      vertex 89.6955 -17.5307 30
    endloop
  endfacet
  facet normal 0.908174 -0.418594 0
    outer loop
      vertex 89.6955 -17.5307 0
      vertex 89.564 -17.816 30
      vertex 89.564 -17.816 0
    endloop
  endfacet
  facet normal 0.619128 0.78529 -0
    outer loop
      vertex 88.5978 19.0416 0
      vertex 88.3511 19.2361 30
      vertex 88.5978 19.0416 30
    endloop
  endfacet
  facet normal 0.619128 0.78529 0
    outer loop
      vertex 88.3511 19.2361 30
      vertex 88.5978 19.0416 0
      vertex 88.3511 19.2361 0
    endloop
  endfacet
  facet normal -0.96242 -0.271566 0
    outer loop
      vertex -89.8042 -17.2361 0
      vertex -89.8895 -16.9338 30
      vertex -89.8895 -16.9338 0
    endloop
  endfacet
  facet normal -0.96242 -0.271566 0
    outer loop
      vertex -89.8895 -16.9338 30
      vertex -89.8042 -17.2361 0
      vertex -89.8042 -17.2361 30
    endloop
  endfacet
  facet normal 0.346163 -0.938174 0
    outer loop
      vertex 87.2361 -19.8042 0
      vertex 87.5307 -19.6955 30
      vertex 87.2361 -19.8042 30
    endloop
  endfacet
  facet normal 0.346163 -0.938174 0
    outer loop
      vertex 87.5307 -19.6955 30
      vertex 87.2361 -19.8042 0
      vertex 87.5307 -19.6955 0
    endloop
  endfacet
  facet normal -0 0 1
    outer loop
      vertex -79.3846 11.1502 30
      vertex -65.5946 9.6901 30
      vertex -79.326 11.358 30
    endloop
  endfacet
  facet normal 0 0 1
    outer loop
      vertex -71.1892 0 30
      vertex -79.2585 -11.7842 30
      vertex -79.25 -12 30
    endloop
  endfacet
  facet normal -0 0 1
    outer loop
      vertex -79.4593 10.9476 30
      vertex -65.5946 9.6901 30
      vertex -79.3846 11.1502 30
    endloop
  endfacet
  facet normal 0 0 1
    outer loop
      vertex -71.1892 0 30
      vertex -79.2839 -11.5698 30
      vertex -79.2585 -11.7842 30
    endloop
  endfacet
  facet normal -0 0 1
    outer loop
      vertex -79.5497 10.7515 30
      vertex -65.5946 9.6901 30
      vertex -79.4593 10.9476 30
    endloop
  endfacet
  facet normal 0 0 1
    outer loop
      vertex -71.1892 0 30
      vertex -79.326 -11.358 30
      vertex -79.2839 -11.5698 30
    endloop
  endfacet
  facet normal 0 0 1
    outer loop
      vertex -65.5946 9.6901 30
      vertex -79.5497 10.7515 30
      vertex -71.1394 0.0861324 30
    endloop
  endfacet
  facet normal 0 0 1
    outer loop
      vertex -71.1892 0 30
      vertex -79.3846 -11.1502 30
      vertex -79.326 -11.358 30
    endloop
  endfacet
  facet normal -0 0 1
    outer loop
      vertex -79.6552 10.5631 30
      vertex -71.1394 0.0861324 30
      vertex -79.5497 10.7515 30
    endloop
  endfacet
  facet normal 0 0 1
    outer loop
      vertex -71.1892 0 30
      vertex -79.4593 -10.9476 30
      vertex -79.3846 -11.1502 30
    endloop
  endfacet
  facet normal -0 0 1
    outer loop
      vertex -79.7752 10.3836 30
      vertex -71.1394 0.0861324 30
      vertex -79.6552 10.5631 30
    endloop
  endfacet
  facet normal 0 0 1
    outer loop
      vertex -71.1892 0 30
      vertex -79.5497 -10.7515 30
      vertex -79.4593 -10.9476 30
    endloop
  endfacet
  facet normal -0 0 1
    outer loop
      vertex -79.9089 10.214 30
      vertex -71.1394 0.0861324 30
      vertex -79.7752 10.3836 30
    endloop
  endfacet
  facet normal 0 0 1
    outer loop
      vertex -71.1892 0 30
      vertex -79.6552 -10.5631 30
      vertex -79.5497 -10.7515 30
    endloop
  endfacet
  facet normal -0 0 1
    outer loop
      vertex -80.0555 10.0555 30
      vertex -71.1394 0.0861324 30
      vertex -79.9089 10.214 30
    endloop
  endfacet
  facet normal 0 0 1
    outer loop
      vertex -71.1892 0 30
      vertex -79.7752 -10.3836 30
      vertex -79.6552 -10.5631 30
    endloop
  endfacet
  facet normal -0 0 1
    outer loop
      vertex -80.214 9.90888 30
      vertex -71.1394 0.0861324 30
      vertex -80.0555 10.0555 30
    endloop
  endfacet
  facet normal 0 0 1
    outer loop
      vertex -71.1892 0 30
      vertex -79.9089 -10.214 30
      vertex -79.7752 -10.3836 30
    endloop
  endfacet
  facet normal -0 0 1
    outer loop
      vertex -80.3836 9.7752 30
      vertex -71.1394 0.0861324 30
      vertex -80.214 9.90888 30
    endloop
  endfacet
  facet normal 0 0 1
    outer loop
      vertex -71.1892 0 30
      vertex -80.0555 -10.0555 30
      vertex -79.9089 -10.214 30
    endloop
  endfacet
  facet normal -0 0 1
    outer loop
      vertex -80.5631 9.65524 30
      vertex -71.1394 0.0861324 30
      vertex -80.3836 9.7752 30
    endloop
  endfacet
  facet normal 0 0 1
    outer loop
      vertex -71.1892 0 30
      vertex -80.214 -9.90888 30
      vertex -80.0555 -10.0555 30
    endloop
  endfacet
  facet normal 0 0 1
    outer loop
      vertex -71.1394 0.0861324 30
      vertex -80.5631 9.65524 30
      vertex -71.1892 0 30
    endloop
  endfacet
  facet normal 0 0 1
    outer loop
      vertex -71.1892 0 30
      vertex -80.3836 -9.7752 30
      vertex -80.214 -9.90888 30
    endloop
  endfacet
  facet normal -0 0 1
    outer loop
      vertex -80.7515 9.54973 30
      vertex -71.1892 0 30
      vertex -80.5631 9.65524 30
    endloop
  endfacet
  facet normal 0 0 1
    outer loop
      vertex -71.1892 0 30
      vertex -80.5631 -9.65524 30
      vertex -80.3836 -9.7752 30
    endloop
  endfacet
  facet normal -0 0 1
    outer loop
      vertex -80.9476 9.45933 30
      vertex -71.1892 0 30
      vertex -80.7515 9.54973 30
    endloop
  endfacet
  facet normal 0 0 1
    outer loop
      vertex -71.1892 0 30
      vertex -80.7515 -9.54973 30
      vertex -80.5631 -9.65524 30
    endloop
  endfacet
  facet normal -0 0 1
    outer loop
      vertex -81.1502 9.38459 30
      vertex -71.1892 0 30
      vertex -80.9476 9.45933 30
    endloop
  endfacet
  facet normal 0 0 1
    outer loop
      vertex -71.1892 0 30
      vertex -80.9476 -9.45933 30
      vertex -80.7515 -9.54973 30
    endloop
  endfacet
  facet normal -0 0 1
    outer loop
      vertex -81.358 9.32598 30
      vertex -71.1892 0 30
      vertex -81.1502 9.38459 30
    endloop
  endfacet
  facet normal 0 0 1
    outer loop
      vertex -71.1892 0 30
      vertex -81.1502 -9.38459 30
      vertex -80.9476 -9.45933 30
    endloop
  endfacet
  facet normal -0 0 1
    outer loop
      vertex -81.5698 9.28386 30
      vertex -71.1892 0 30
      vertex -81.358 9.32598 30
    endloop
  endfacet
  facet normal 0 0 1
    outer loop
      vertex -71.1892 0 30
      vertex -81.358 -9.32598 30
      vertex -81.1502 -9.38459 30
    endloop
  endfacet
  facet normal 0 0 1
    outer loop
      vertex -81.5698 -9.28386 30
      vertex -71.1892 0 30
      vertex -81.5698 9.28386 30
    endloop
  endfacet
  facet normal 0 0 1
    outer loop
      vertex -71.1892 0 30
      vertex -81.5698 -9.28386 30
      vertex -81.358 -9.32598 30
    endloop
  endfacet
  facet normal -0 0 1
    outer loop
      vertex -81.7842 9.25848 30
      vertex -81.5698 -9.28386 30
      vertex -81.5698 9.28386 30
    endloop
  endfacet
  facet normal 0 0 1
    outer loop
      vertex -81.7842 9.25848 30
      vertex -81.7842 -9.25848 30
      vertex -81.5698 -9.28386 30
    endloop
  endfacet
  facet normal -0 0 1
    outer loop
      vertex -82 9.25 30
      vertex -81.7842 -9.25848 30
      vertex -81.7842 9.25848 30
    endloop
  endfacet
  facet normal 0 0 1
    outer loop
      vertex -82 9.25 30
      vertex -82 -9.25 30
      vertex -81.7842 -9.25848 30
    endloop
  endfacet
  facet normal 0 0 1
    outer loop
      vertex -82.2158 9.25848 30
      vertex -82 -9.25 30
      vertex -82 9.25 30
    endloop
  endfacet
  facet normal 0 0 1
    outer loop
      vertex -82.2158 9.25848 30
      vertex -82.2158 -9.25848 30
      vertex -82 -9.25 30
    endloop
  endfacet
  facet normal 0 0 1
    outer loop
      vertex -82.4302 9.28386 30
      vertex -82.2158 -9.25848 30
      vertex -82.2158 9.25848 30
    endloop
  endfacet
  facet normal 0 0 1
    outer loop
      vertex -82.4302 9.28386 30
      vertex -82.4302 -9.28386 30
      vertex -82.2158 -9.25848 30
    endloop
  endfacet
  facet normal 0 0 1
    outer loop
      vertex -82.642 9.32598 30
      vertex -82.4302 -9.28386 30
      vertex -82.4302 9.28386 30
    endloop
  endfacet
  facet normal 0 0 1
    outer loop
      vertex -82.642 9.32598 30
      vertex -82.642 -9.32598 30
      vertex -82.4302 -9.28386 30
    endloop
  endfacet
  facet normal 0 0 1
    outer loop
      vertex -82.8498 9.38459 30
      vertex -82.642 -9.32598 30
      vertex -82.642 9.32598 30
    endloop
  endfacet
  facet normal 0 0 1
    outer loop
      vertex -82.8498 9.38459 30
      vertex -82.8498 -9.38459 30
      vertex -82.642 -9.32598 30
    endloop
  endfacet
  facet normal 0 0 1
    outer loop
      vertex -83.0524 9.45933 30
      vertex -82.8498 -9.38459 30
      vertex -82.8498 9.38459 30
    endloop
  endfacet
  facet normal 0 0 1
    outer loop
      vertex -83.0524 9.45933 30
      vertex -83.0524 -9.45933 30
      vertex -82.8498 -9.38459 30
    endloop
  endfacet
  facet normal 0 0 1
    outer loop
      vertex -83.2485 9.54973 30
      vertex -83.0524 -9.45933 30
      vertex -83.0524 9.45933 30
    endloop
  endfacet
  facet normal 0 0 1
    outer loop
      vertex -83.2485 9.54973 30
      vertex -83.2485 -9.54973 30
      vertex -83.0524 -9.45933 30
    endloop
  endfacet
  facet normal 0 0 1
    outer loop
      vertex -83.4369 9.65524 30
      vertex -83.2485 -9.54973 30
      vertex -83.2485 9.54973 30
    endloop
  endfacet
  facet normal 0 0 1
    outer loop
      vertex -83.4369 9.65524 30
      vertex -83.4369 -9.65524 30
      vertex -83.2485 -9.54973 30
    endloop
  endfacet
  facet normal 0 0 1
    outer loop
      vertex -83.6164 9.7752 30
      vertex -83.4369 -9.65524 30
      vertex -83.4369 9.65524 30
    endloop
  endfacet
  facet normal 0 0 1
    outer loop
      vertex -83.6164 9.7752 30
      vertex -83.6164 -9.7752 30
      vertex -83.4369 -9.65524 30
    endloop
  endfacet
  facet normal 0 0 1
    outer loop
      vertex -83.786 9.90888 30
      vertex -83.6164 -9.7752 30
      vertex -83.6164 9.7752 30
    endloop
  endfacet
  facet normal 0 0 1
    outer loop
      vertex -83.786 9.90888 30
      vertex -83.786 -9.90888 30
      vertex -83.6164 -9.7752 30
    endloop
  endfacet
  facet normal 0 0 1
    outer loop
      vertex -83.9445 10.0555 30
      vertex -83.786 -9.90888 30
      vertex -83.786 9.90888 30
    endloop
  endfacet
  facet normal 0 0 1
    outer loop
      vertex -83.9445 10.0555 30
      vertex -83.9445 -10.0555 30
      vertex -83.786 -9.90888 30
    endloop
  endfacet
  facet normal 0 0 1
    outer loop
      vertex -84.0911 10.214 30
      vertex -83.9445 -10.0555 30
      vertex -83.9445 10.0555 30
    endloop
  endfacet
  facet normal 0 0 1
    outer loop
      vertex -84.0911 10.214 30
      vertex -84.0911 -10.214 30
      vertex -83.9445 -10.0555 30
    endloop
  endfacet
  facet normal 0 0 1
    outer loop
      vertex -84.2248 10.3836 30
      vertex -84.0911 -10.214 30
      vertex -84.0911 10.214 30
    endloop
  endfacet
  facet normal 0 0 1
    outer loop
      vertex -84.2248 10.3836 30
      vertex -84.2248 -10.3836 30
      vertex -84.0911 -10.214 30
    endloop
  endfacet
  facet normal 0 0 1
    outer loop
      vertex -84.3448 10.5631 30
      vertex -84.2248 -10.3836 30
      vertex -84.2248 10.3836 30
    endloop
  endfacet
  facet normal 0 0 1
    outer loop
      vertex -84.3448 10.5631 30
      vertex -84.3448 -10.5631 30
      vertex -84.2248 -10.3836 30
    endloop
  endfacet
  facet normal 0 0 1
    outer loop
      vertex -90 16 30
      vertex -84.3448 10.5631 30
      vertex -84.4503 10.7515 30
    endloop
  endfacet
  facet normal 0 0 1
    outer loop
      vertex -84.3448 10.5631 30
      vertex -90 16 30
      vertex -84.3448 -10.5631 30
    endloop
  endfacet
  facet normal 0 0 1
    outer loop
      vertex -90 16 30
      vertex -84.4503 10.7515 30
      vertex -84.5407 10.9476 30
    endloop
  endfacet
  facet normal 0 0 1
    outer loop
      vertex -90 -16 30
      vertex -84.3448 -10.5631 30
      vertex -90 16 30
    endloop
  endfacet
  facet normal 0 0 1
    outer loop
      vertex -90 16 30
      vertex -84.5407 10.9476 30
      vertex -84.6154 11.1502 30
    endloop
  endfacet
  facet normal 0 0 1
    outer loop
      vertex -84.3448 -10.5631 30
      vertex -90 -16 30
      vertex -84.4503 -10.7515 30
    endloop
  endfacet
  facet normal 0 0 1
    outer loop
      vertex -90 16 30
      vertex -84.6154 11.1502 30
      vertex -84.674 11.358 30
    endloop
  endfacet
  facet normal 0 0 1
    outer loop
      vertex -84.4503 -10.7515 30
      vertex -90 -16 30
      vertex -84.5407 -10.9476 30
    endloop
  endfacet
  facet normal 0 0 1
    outer loop
      vertex -90 16 30
      vertex -84.674 11.358 30
      vertex -84.7161 11.5698 30
    endloop
  endfacet
  facet normal 0 0 1
    outer loop
      vertex -84.5407 -10.9476 30
      vertex -90 -16 30
      vertex -84.6154 -11.1502 30
    endloop
  endfacet
  facet normal 0 0 1
    outer loop
      vertex -90 16 30
      vertex -84.7161 11.5698 30
      vertex -84.7415 11.7842 30
    endloop
  endfacet
  facet normal 0 0 1
    outer loop
      vertex -84.6154 -11.1502 30
      vertex -90 -16 30
      vertex -84.674 -11.358 30
    endloop
  endfacet
  facet normal 0 0 1
    outer loop
      vertex -90 16 30
      vertex -84.7415 11.7842 30
      vertex -84.75 12 30
    endloop
  endfacet
  facet normal 0 0 1
    outer loop
      vertex -84.674 -11.358 30
      vertex -90 -16 30
      vertex -84.7161 -11.5698 30
    endloop
  endfacet
  facet normal 0 0 1
    outer loop
      vertex -61.7157 -13.3843 30
      vertex -63.049 -13.3843 30
      vertex -61.7157 -16.9787 30
    endloop
  endfacet
  facet normal 0 0 1
    outer loop
      vertex -58.4119 -14.1176 30
      vertex -59.2841 -14.1176 30
      vertex -58.4119 -16.9787 30
    endloop
  endfacet
  facet normal 0 0 1
    outer loop
      vertex -54.4054 -9.6901 30
      vertex -58.2453 -12.9621 30
      vertex -57.923 -12.9621 30
    endloop
  endfacet
  facet normal 0 0 1
    outer loop
      vertex -59.8712 -12.9288 30
      vertex -58.2912 -13.1174 30
      vertex -58.2453 -12.9621 30
    endloop
  endfacet
  facet normal 0 0 1
    outer loop
      vertex -58.2912 -13.1174 30
      vertex -59.8712 -12.9288 30
      vertex -58.3374 -13.2489 30
    endloop
  endfacet
  facet normal 0 -0 1
    outer loop
      vertex -58.7954 -13.6728 30
      vertex -58.3374 -13.2489 30
      vertex -58.9317 -13.7059 30
    endloop
  endfacet
  facet normal 0 -0 1
    outer loop
      vertex -58.6816 -13.6331 30
      vertex -58.3868 -13.3588 30
      vertex -58.7954 -13.6728 30
    endloop
  endfacet
  facet normal 0 -0 1
    outer loop
      vertex -58.587 -13.5844 30
      vertex -58.4428 -13.4497 30
      vertex -58.6816 -13.6331 30
    endloop
  endfacet
  facet normal 0 0 1
    outer loop
      vertex -58.4428 -13.4497 30
      vertex -58.587 -13.5844 30
      vertex -58.5085 -13.5241 30
    endloop
  endfacet
  facet normal 0 0 1
    outer loop
      vertex -58.3868 -13.3588 30
      vertex -58.6816 -13.6331 30
      vertex -58.4428 -13.4497 30
    endloop
  endfacet
  facet normal 0 0 1
    outer loop
      vertex -58.3374 -13.2489 30
      vertex -58.7954 -13.6728 30
      vertex -58.3868 -13.3588 30
    endloop
  endfacet
  facet normal 0 0 1
    outer loop
      vertex -58.3374 -13.2489 30
      vertex -59.8712 -12.9288 30
      vertex -58.9317 -13.7059 30
    endloop
  endfacet
  facet normal 0 0 1
    outer loop
      vertex -58.9317 -13.7059 30
      vertex -59.8712 -12.9288 30
      vertex -59.0935 -13.7348 30
    endloop
  endfacet
  facet normal -0 0 1
    outer loop
      vertex -59.8712 -12.9288 30
      vertex -58.2453 -12.9621 30
      vertex -54.4054 -9.6901 30
    endloop
  endfacet
  facet normal -0 0 1
    outer loop
      vertex -59.8712 -13.3843 30
      vertex -59.2841 -13.7621 30
      vertex -59.8712 -12.9288 30
    endloop
  endfacet
  facet normal 0 0 1
    outer loop
      vertex -59.0935 -13.7348 30
      vertex -59.8712 -12.9288 30
      vertex -59.2841 -13.7621 30
    endloop
  endfacet
  facet normal -0 0 1
    outer loop
      vertex -65.5946 -9.6901 30
      vertex -59.8712 -12.9288 30
      vertex -54.4054 -9.6901 30
    endloop
  endfacet
  facet normal 0 0 1
    outer loop
      vertex -63.049 -12.9288 30
      vertex -65.5946 -9.6901 30
      vertex -63.049 -13.3843 30
    endloop
  endfacet
  facet normal 0 0 1
    outer loop
      vertex -59.8712 -12.9288 30
      vertex -65.5946 -9.6901 30
      vertex -63.049 -12.9288 30
    endloop
  endfacet
  facet normal 0 0 1
    outer loop
      vertex -21.7157 -13.3843 30
      vertex -23.049 -13.3843 30
      vertex -21.7157 -16.9787 30
    endloop
  endfacet
  facet normal -0 0 1
    outer loop
      vertex -17.0399 -14.3956 30
      vertex -17.0397 -16.4954 30
      vertex -17.0189 -14.2671 30
    endloop
  endfacet
  facet normal -0 0 1
    outer loop
      vertex -17.0748 -14.5198 30
      vertex -17.0397 -16.4954 30
      vertex -17.0399 -14.3956 30
    endloop
  endfacet
  facet normal -0 0 1
    outer loop
      vertex -17.1235 -14.6396 30
      vertex -17.0397 -16.4954 30
      vertex -17.0748 -14.5198 30
    endloop
  endfacet
  facet normal -0 0 1
    outer loop
      vertex -17.186 -14.7548 30
      vertex -17.0397 -16.4954 30
      vertex -17.1235 -14.6396 30
    endloop
  endfacet
  facet normal -0 0 1
    outer loop
      vertex -17.2621 -14.8654 30
      vertex -17.0397 -16.4954 30
      vertex -17.186 -14.7548 30
    endloop
  endfacet
  facet normal -0 0 1
    outer loop
      vertex -17.3518 -14.9713 30
      vertex -17.0397 -16.4954 30
      vertex -17.2621 -14.8654 30
    endloop
  endfacet
  facet normal -0 0 1
    outer loop
      vertex -17.4551 -15.0723 30
      vertex -17.0397 -16.4954 30
      vertex -17.3518 -14.9713 30
    endloop
  endfacet
  facet normal -0 0 1
    outer loop
      vertex -17.5718 -15.1684 30
      vertex -17.0397 -16.4954 30
      vertex -17.4551 -15.0723 30
    endloop
  endfacet
  facet normal -0 0 1
    outer loop
      vertex -17.7019 -15.2595 30
      vertex -17.0397 -16.4954 30
      vertex -17.5718 -15.1684 30
    endloop
  endfacet
  facet normal -0 0 1
    outer loop
      vertex -17.8452 -15.3454 30
      vertex -17.0397 -16.4954 30
      vertex -17.7019 -15.2595 30
    endloop
  endfacet
  facet normal -0 0 1
    outer loop
      vertex -18.4008 -15.6565 30
      vertex -17.0397 -16.4954 30
      vertex -17.8452 -15.3454 30
    endloop
  endfacet
  facet normal -0 0 1
    outer loop
      vertex -18.5252 -15.7349 30
      vertex -17.0397 -16.4954 30
      vertex -18.4008 -15.6565 30
    endloop
  endfacet
  facet normal -0 0 1
    outer loop
      vertex -18.6352 -15.8101 30
      vertex -17.0397 -16.4954 30
      vertex -18.5252 -15.7349 30
    endloop
  endfacet
  facet normal -0 0 1
    outer loop
      vertex -18.7317 -15.883 30
      vertex -17.0397 -16.4954 30
      vertex -18.6352 -15.8101 30
    endloop
  endfacet
  facet normal 0 0 1
    outer loop
      vertex -19.1119 -16.4954 30
      vertex -18.7317 -15.883 30
      vertex -18.8154 -15.9546 30
    endloop
  endfacet
  facet normal 0 0 1
    outer loop
      vertex -19.1119 -16.4954 30
      vertex -18.8154 -15.9546 30
      vertex -18.8872 -16.0257 30
    endloop
  endfacet
  facet normal 0 0 1
    outer loop
      vertex -19.1119 -16.4954 30
      vertex -18.8872 -16.0257 30
      vertex -18.9478 -16.0973 30
    endloop
  endfacet
  facet normal 0 0 1
    outer loop
      vertex -19.095 -16.4074 30
      vertex -18.9478 -16.0973 30
      vertex -18.9981 -16.1704 30
    endloop
  endfacet
  facet normal 0 0 1
    outer loop
      vertex -19.095 -16.4074 30
      vertex -18.9981 -16.1704 30
      vertex -19.0389 -16.2458 30
    endloop
  endfacet
  facet normal 0 0 1
    outer loop
      vertex -19.095 -16.4074 30
      vertex -19.0389 -16.2458 30
      vertex -19.0709 -16.3245 30
    endloop
  endfacet
  facet normal 0 0 1
    outer loop
      vertex -18.9478 -16.0973 30
      vertex -19.095 -16.4074 30
      vertex -19.1119 -16.4954 30
    endloop
  endfacet
  facet normal 0 0 1
    outer loop
      vertex -18.7317 -15.883 30
      vertex -19.1119 -16.4954 30
      vertex -17.0397 -16.4954 30
    endloop
  endfacet
  facet normal 0 0 1
    outer loop
      vertex -14.4054 -9.6901 30
      vertex -17.0152 -14.044 30
      vertex -17.0119 -14.1343 30
    endloop
  endfacet
  facet normal 0 0 1
    outer loop
      vertex -14.4054 -9.6901 30
      vertex -17.0249 -13.9551 30
      vertex -17.0152 -14.044 30
    endloop
  endfacet
  facet normal 0 0 1
    outer loop
      vertex -14.4054 -9.6901 30
      vertex -17.041 -13.868 30
      vertex -17.0249 -13.9551 30
    endloop
  endfacet
  facet normal 0 0 1
    outer loop
      vertex -14.4054 -9.6901 30
      vertex -17.0632 -13.783 30
      vertex -17.041 -13.868 30
    endloop
  endfacet
  facet normal 0 0 1
    outer loop
      vertex -14.4054 -9.6901 30
      vertex -17.0914 -13.7003 30
      vertex -17.0632 -13.783 30
    endloop
  endfacet
  facet normal 0 0 1
    outer loop
      vertex -14.4054 -9.6901 30
      vertex -17.1255 -13.6204 30
      vertex -17.0914 -13.7003 30
    endloop
  endfacet
  facet normal 0 0 1
    outer loop
      vertex -14.4054 -9.6901 30
      vertex -17.1653 -13.5435 30
      vertex -17.1255 -13.6204 30
    endloop
  endfacet
  facet normal 0 0 1
    outer loop
      vertex -14.4054 -9.6901 30
      vertex -17.2107 -13.4701 30
      vertex -17.1653 -13.5435 30
    endloop
  endfacet
  facet normal 0 0 1
    outer loop
      vertex -14.4054 -9.6901 30
      vertex -17.2614 -13.4003 30
      vertex -17.2107 -13.4701 30
    endloop
  endfacet
  facet normal 0 0 1
    outer loop
      vertex -14.4054 -9.6901 30
      vertex -17.3174 -13.3346 30
      vertex -17.2614 -13.4003 30
    endloop
  endfacet
  facet normal 0 0 1
    outer loop
      vertex -14.4054 -9.6901 30
      vertex -17.3786 -13.2732 30
      vertex -17.3174 -13.3346 30
    endloop
  endfacet
  facet normal 0 0 1
    outer loop
      vertex -14.4054 -9.6901 30
      vertex -17.4436 -13.2184 30
      vertex -17.3786 -13.2732 30
    endloop
  endfacet
  facet normal 0 0 1
    outer loop
      vertex -14.4054 -9.6901 30
      vertex -17.5115 -13.169 30
      vertex -17.4436 -13.2184 30
    endloop
  endfacet
  facet normal 0 0 1
    outer loop
      vertex -14.4054 -9.6901 30
      vertex -17.5825 -13.125 30
      vertex -17.5115 -13.169 30
    endloop
  endfacet
  facet normal 0 0 1
    outer loop
      vertex -14.4054 -9.6901 30
      vertex -17.6565 -13.0864 30
      vertex -17.5825 -13.125 30
    endloop
  endfacet
  facet normal 0 0 1
    outer loop
      vertex -14.4054 -9.6901 30
      vertex -17.7338 -13.0531 30
      vertex -17.6565 -13.0864 30
    endloop
  endfacet
  facet normal 0 0 1
    outer loop
      vertex -14.4054 -9.6901 30
      vertex -17.8145 -13.0251 30
      vertex -17.7338 -13.0531 30
    endloop
  endfacet
  facet normal 0 0 1
    outer loop
      vertex -14.4054 -9.6901 30
      vertex -17.8987 -13.0023 30
      vertex -17.8145 -13.0251 30
    endloop
  endfacet
  facet normal 0 0 1
    outer loop
      vertex -14.4054 -9.6901 30
      vertex -17.9865 -12.9846 30
      vertex -17.8987 -13.0023 30
    endloop
  endfacet
  facet normal 0 0 1
    outer loop
      vertex -14.4054 -9.6901 30
      vertex -18.0781 -12.9721 30
      vertex -17.9865 -12.9846 30
    endloop
  endfacet
  facet normal 0 0 1
    outer loop
      vertex -14.4054 -9.6901 30
      vertex -18.1736 -12.9646 30
      vertex -18.0781 -12.9721 30
    endloop
  endfacet
  facet normal 0 0 1
    outer loop
      vertex -14.4054 -9.6901 30
      vertex -18.2731 -12.9621 30
      vertex -18.1736 -12.9646 30
    endloop
  endfacet
  facet normal 0 0 1
    outer loop
      vertex -14.4054 -9.6901 30
      vertex -18.4062 -12.9665 30
      vertex -18.2731 -12.9621 30
    endloop
  endfacet
  facet normal 0 0 1
    outer loop
      vertex -14.4054 -9.6901 30
      vertex -18.5329 -12.9796 30
      vertex -18.4062 -12.9665 30
    endloop
  endfacet
  facet normal -0 0 1
    outer loop
      vertex -19.8712 -12.9288 30
      vertex -18.5329 -12.9796 30
      vertex -14.4054 -9.6901 30
    endloop
  endfacet
  facet normal 0 0 1
    outer loop
      vertex -18.5329 -12.9796 30
      vertex -19.8712 -12.9288 30
      vertex -18.6531 -13.0015 30
    endloop
  endfacet
  facet normal 0 0 1
    outer loop
      vertex -18.6531 -13.0015 30
      vertex -19.8712 -12.9288 30
      vertex -18.7665 -13.0321 30
    endloop
  endfacet
  facet normal 0 0 1
    outer loop
      vertex -18.7665 -13.0321 30
      vertex -19.8712 -12.9288 30
      vertex -18.873 -13.0712 30
    endloop
  endfacet
  facet normal 0 0 1
    outer loop
      vertex -18.873 -13.0712 30
      vertex -19.8712 -12.9288 30
      vertex -18.9727 -13.119 30
    endloop
  endfacet
  facet normal 0 0 1
    outer loop
      vertex -19.5176 -16.1854 30
      vertex -21.199 -16.9787 30
      vertex -19.5743 -16.3545 30
    endloop
  endfacet
  facet normal 0 0 1
    outer loop
      vertex -19.5743 -16.3545 30
      vertex -21.199 -16.9787 30
      vertex -19.6161 -16.5404 30
    endloop
  endfacet
  facet normal 0 0 1
    outer loop
      vertex -19.6161 -16.5404 30
      vertex -21.199 -16.9787 30
      vertex -19.6447 -16.7457 30
    endloop
  endfacet
  facet normal 0 0 1
    outer loop
      vertex -19.5619 -14.1445 30
      vertex -21.199 -13.3843 30
      vertex -19.5688 -14.2441 30
    endloop
  endfacet
  facet normal -0 0 1
    outer loop
      vertex -21.199 -13.3843 30
      vertex -19.5619 -14.1445 30
      vertex -19.8712 -13.3843 30
    endloop
  endfacet
  facet normal 0 0 1
    outer loop
      vertex -19.5522 -14.0515 30
      vertex -19.8712 -13.3843 30
      vertex -19.5619 -14.1445 30
    endloop
  endfacet
  facet normal 0 0 1
    outer loop
      vertex -19.5397 -13.9647 30
      vertex -19.8712 -13.3843 30
      vertex -19.5522 -14.0515 30
    endloop
  endfacet
  facet normal 0 0 1
    outer loop
      vertex -19.5243 -13.8834 30
      vertex -19.8712 -13.3843 30
      vertex -19.5397 -13.9647 30
    endloop
  endfacet
  facet normal 0 0 1
    outer loop
      vertex -19.5057 -13.8073 30
      vertex -19.8712 -13.3843 30
      vertex -19.5243 -13.8834 30
    endloop
  endfacet
  facet normal 0 0 1
    outer loop
      vertex -19.4839 -13.7357 30
      vertex -19.8712 -13.3843 30
      vertex -19.5057 -13.8073 30
    endloop
  endfacet
  facet normal 0 0 1
    outer loop
      vertex -19.4588 -13.6681 30
      vertex -19.8712 -13.3843 30
      vertex -19.4839 -13.7357 30
    endloop
  endfacet
  facet normal 0 0 1
    outer loop
      vertex -19.4301 -13.604 30
      vertex -19.8712 -13.3843 30
      vertex -19.4588 -13.6681 30
    endloop
  endfacet
  facet normal 0 0 1
    outer loop
      vertex -19.3979 -13.543 30
      vertex -19.8712 -13.3843 30
      vertex -19.4301 -13.604 30
    endloop
  endfacet
  facet normal 0 0 1
    outer loop
      vertex -19.3619 -13.4843 30
      vertex -19.8712 -13.3843 30
      vertex -19.3979 -13.543 30
    endloop
  endfacet
  facet normal 0 0 1
    outer loop
      vertex -19.299 -13.3945 30
      vertex -19.8712 -13.3843 30
      vertex -19.3619 -13.4843 30
    endloop
  endfacet
  facet normal -0 0 1
    outer loop
      vertex -19.8712 -13.3843 30
      vertex -19.299 -13.3945 30
      vertex -19.8712 -12.9288 30
    endloop
  endfacet
  facet normal 0 0 1
    outer loop
      vertex -19.2285 -13.313 30
      vertex -19.8712 -12.9288 30
      vertex -19.299 -13.3945 30
    endloop
  endfacet
  facet normal 0 0 1
    outer loop
      vertex -19.1505 -13.2399 30
      vertex -19.8712 -12.9288 30
      vertex -19.2285 -13.313 30
    endloop
  endfacet
  facet normal 0 0 1
    outer loop
      vertex -19.0652 -13.1752 30
      vertex -19.8712 -12.9288 30
      vertex -19.1505 -13.2399 30
    endloop
  endfacet
  facet normal 0 0 1
    outer loop
      vertex -18.9727 -13.119 30
      vertex -19.8712 -12.9288 30
      vertex -19.0652 -13.1752 30
    endloop
  endfacet
  facet normal -0 0 1
    outer loop
      vertex -25.5946 -9.6901 30
      vertex -19.8712 -12.9288 30
      vertex -14.4054 -9.6901 30
    endloop
  endfacet
  facet normal 0 0 1
    outer loop
      vertex -23.049 -12.9288 30
      vertex -25.5946 -9.6901 30
      vertex -23.049 -13.3843 30
    endloop
  endfacet
  facet normal 0 0 1
    outer loop
      vertex -19.8712 -12.9288 30
      vertex -25.5946 -9.6901 30
      vertex -23.049 -12.9288 30
    endloop
  endfacet
  facet normal 0 0 1
    outer loop
      vertex -17.52 -14.0302 30
      vertex -17.5165 -14.2322 30
      vertex -17.5119 -14.1454 30
    endloop
  endfacet
  facet normal 0 0 1
    outer loop
      vertex -17.52 -14.0302 30
      vertex -17.53 -14.3166 30
      vertex -17.5165 -14.2322 30
    endloop
  endfacet
  facet normal 0 0 1
    outer loop
      vertex -17.5437 -13.9214 30
      vertex -17.53 -14.3166 30
      vertex -17.52 -14.0302 30
    endloop
  endfacet
  facet normal 0 0 1
    outer loop
      vertex -17.5437 -13.9214 30
      vertex -17.5525 -14.3985 30
      vertex -17.53 -14.3166 30
    endloop
  endfacet
  facet normal 0 0 1
    outer loop
      vertex -17.5818 -13.82 30
      vertex -17.5525 -14.3985 30
      vertex -17.5437 -13.9214 30
    endloop
  endfacet
  facet normal 0 0 1
    outer loop
      vertex -17.6335 -13.7269 30
      vertex -17.5525 -14.3985 30
      vertex -17.5818 -13.82 30
    endloop
  endfacet
  facet normal 0 0 1
    outer loop
      vertex -17.6977 -13.6432 30
      vertex -17.5525 -14.3985 30
      vertex -17.6335 -13.7269 30
    endloop
  endfacet
  facet normal 0 0 1
    outer loop
      vertex -17.7734 -13.5698 30
      vertex -17.5525 -14.3985 30
      vertex -17.6977 -13.6432 30
    endloop
  endfacet
  facet normal 0 0 1
    outer loop
      vertex -17.8596 -13.5075 30
      vertex -17.5525 -14.3985 30
      vertex -17.7734 -13.5698 30
    endloop
  endfacet
  facet normal 0 0 1
    outer loop
      vertex -17.9554 -13.4575 30
      vertex -17.5525 -14.3985 30
      vertex -17.8596 -13.5075 30
    endloop
  endfacet
  facet normal 0 0 1
    outer loop
      vertex -18.0596 -13.4206 30
      vertex -17.5525 -14.3985 30
      vertex -17.9554 -13.4575 30
    endloop
  endfacet
  facet normal 0 0 1
    outer loop
      vertex -18.1714 -13.3977 30
      vertex -17.5525 -14.3985 30
      vertex -18.0596 -13.4206 30
    endloop
  endfacet
  facet normal 0 0 1
    outer loop
      vertex -17.5525 -14.3985 30
      vertex -18.1714 -13.3977 30
      vertex -17.5838 -14.4777 30
    endloop
  endfacet
  facet normal 0 0 1
    outer loop
      vertex -17.5838 -14.4777 30
      vertex -18.1714 -13.3977 30
      vertex -17.624 -14.5541 30
    endloop
  endfacet
  facet normal 0 0 1
    outer loop
      vertex -17.624 -14.5541 30
      vertex -18.1714 -13.3977 30
      vertex -17.6729 -14.6276 30
    endloop
  endfacet
  facet normal -0 0 1
    outer loop
      vertex -19.0495 -14.0408 30
      vertex -17.6729 -14.6276 30
      vertex -18.1714 -13.3977 30
    endloop
  endfacet
  facet normal 0 0 1
    outer loop
      vertex -17.6729 -14.6276 30
      vertex -19.0495 -14.0408 30
      vertex -17.7303 -14.698 30
    endloop
  endfacet
  facet normal 0 0 1
    outer loop
      vertex -17.7303 -14.698 30
      vertex -19.0495 -14.0408 30
      vertex -17.7964 -14.7651 30
    endloop
  endfacet
  facet normal -0 0 1
    outer loop
      vertex -19.0585 -14.0941 30
      vertex -17.7964 -14.7651 30
      vertex -19.0495 -14.0408 30
    endloop
  endfacet
  facet normal 0 0 1
    outer loop
      vertex -17.7964 -14.7651 30
      vertex -19.0585 -14.0941 30
      vertex -17.871 -14.8288 30
    endloop
  endfacet
  facet normal 0 0 1
    outer loop
      vertex -19.0495 -14.0408 30
      vertex -18.1714 -13.3977 30
      vertex -18.2897 -13.3899 30
    endloop
  endfacet
  facet normal 0 0 1
    outer loop
      vertex -19.0393 -13.9912 30
      vertex -18.2897 -13.3899 30
      vertex -18.369 -13.3936 30
    endloop
  endfacet
  facet normal 0 0 1
    outer loop
      vertex -19.0393 -13.9912 30
      vertex -18.369 -13.3936 30
      vertex -18.4459 -13.4044 30
    endloop
  endfacet
  facet normal 0 0 1
    outer loop
      vertex -19.0278 -13.9448 30
      vertex -18.4459 -13.4044 30
      vertex -18.5201 -13.4222 30
    endloop
  endfacet
  facet normal -0 0 1
    outer loop
      vertex -19.0665 -14.1514 30
      vertex -17.871 -14.8288 30
      vertex -19.0585 -14.0941 30
    endloop
  endfacet
  facet normal 0 0 1
    outer loop
      vertex -19.0278 -13.9448 30
      vertex -18.5201 -13.4222 30
      vertex -18.5912 -13.4467 30
    endloop
  endfacet
  facet normal 0 0 1
    outer loop
      vertex -19.0149 -13.9013 30
      vertex -18.5912 -13.4467 30
      vertex -18.6588 -13.4776 30
    endloop
  endfacet
  facet normal 0 0 1
    outer loop
      vertex -19.0149 -13.9013 30
      vertex -18.6588 -13.4776 30
      vertex -18.7224 -13.5147 30
    endloop
  endfacet
  facet normal 0 0 1
    outer loop
      vertex -17.9539 -14.889 30
      vertex -19.0792 -14.2794 30
      vertex -18.0452 -14.9454 30
    endloop
  endfacet
  facet normal 0 0 1
    outer loop
      vertex -19.0149 -13.9013 30
      vertex -18.7224 -13.5147 30
      vertex -18.7817 -13.5578 30
    endloop
  endfacet
  facet normal 0 0 1
    outer loop
      vertex -19.0149 -13.9013 30
      vertex -18.7817 -13.5578 30
      vertex -18.8362 -13.6065 30
    endloop
  endfacet
  facet normal 0 0 1
    outer loop
      vertex -19.0149 -13.9013 30
      vertex -18.8362 -13.6065 30
      vertex -18.8857 -13.6607 30
    endloop
  endfacet
  facet normal 0 0 1
    outer loop
      vertex -19.0149 -13.9013 30
      vertex -18.8857 -13.6607 30
      vertex -18.9295 -13.72 30
    endloop
  endfacet
  facet normal 0 0 1
    outer loop
      vertex -18.0452 -14.9454 30
      vertex -19.0841 -14.351 30
      vertex -18.5564 -15.2454 30
    endloop
  endfacet
  facet normal 0 0 1
    outer loop
      vertex -18.9848 -13.8214 30
      vertex -18.9295 -13.72 30
      vertex -18.9675 -13.7843 30
    endloop
  endfacet
  facet normal 0 0 1
    outer loop
      vertex -19.0006 -13.8603 30
      vertex -18.9295 -13.72 30
      vertex -18.9848 -13.8214 30
    endloop
  endfacet
  facet normal 0 0 1
    outer loop
      vertex -19.0149 -13.9013 30
      vertex -18.9295 -13.72 30
      vertex -19.0006 -13.8603 30
    endloop
  endfacet
  facet normal 0 0 1
    outer loop
      vertex -18.5912 -13.4467 30
      vertex -19.0149 -13.9013 30
      vertex -19.0278 -13.9448 30
    endloop
  endfacet
  facet normal 0 0 1
    outer loop
      vertex -18.4459 -13.4044 30
      vertex -19.0278 -13.9448 30
      vertex -19.0393 -13.9912 30
    endloop
  endfacet
  facet normal 0 0 1
    outer loop
      vertex -18.2897 -13.3899 30
      vertex -19.0393 -13.9912 30
      vertex -19.0495 -14.0408 30
    endloop
  endfacet
  facet normal 0 0 1
    outer loop
      vertex -17.871 -14.8288 30
      vertex -19.0665 -14.1514 30
      vertex -17.9539 -14.889 30
    endloop
  endfacet
  facet normal -0 0 1
    outer loop
      vertex -19.0733 -14.213 30
      vertex -17.9539 -14.889 30
      vertex -19.0665 -14.1514 30
    endloop
  endfacet
  facet normal -0 0 1
    outer loop
      vertex -19.0792 -14.2794 30
      vertex -17.9539 -14.889 30
      vertex -19.0733 -14.213 30
    endloop
  endfacet
  facet normal -0 0 1
    outer loop
      vertex -19.0841 -14.351 30
      vertex -18.0452 -14.9454 30
      vertex -19.0792 -14.2794 30
    endloop
  endfacet
  facet normal 0 0 1
    outer loop
      vertex -18.5564 -15.2454 30
      vertex -19.0841 -14.351 30
      vertex -18.7664 -15.3723 30
    endloop
  endfacet
  facet normal 0 0 1
    outer loop
      vertex -18.7664 -15.3723 30
      vertex -19.0841 -14.351 30
      vertex -18.9493 -15.4972 30
    endloop
  endfacet
  facet normal -0 0 1
    outer loop
      vertex -19.573 -14.351 30
      vertex -18.9493 -15.4972 30
      vertex -19.0841 -14.351 30
    endloop
  endfacet
  facet normal 0 0 1
    outer loop
      vertex -18.9493 -15.4972 30
      vertex -19.573 -14.351 30
      vertex -19.1068 -15.6228 30
    endloop
  endfacet
  facet normal 0 0 1
    outer loop
      vertex -19.1068 -15.6228 30
      vertex -19.573 -14.351 30
      vertex -19.2406 -15.7517 30
    endloop
  endfacet
  facet normal 0 0 1
    outer loop
      vertex -19.2406 -15.7517 30
      vertex -19.573 -14.351 30
      vertex -19.3525 -15.8866 30
    endloop
  endfacet
  facet normal 0 0 1
    outer loop
      vertex -19.3525 -15.8866 30
      vertex -19.573 -14.351 30
      vertex -19.4443 -16.0303 30
    endloop
  endfacet
  facet normal 0 0 1
    outer loop
      vertex -21.199 -16.9787 30
      vertex -19.4443 -16.0303 30
      vertex -19.573 -14.351 30
    endloop
  endfacet
  facet normal 0 0 1
    outer loop
      vertex -19.4443 -16.0303 30
      vertex -21.199 -16.9787 30
      vertex -19.5176 -16.1854 30
    endloop
  endfacet
  facet normal 0 0 1
    outer loop
      vertex 18.2843 -13.3218 30
      vertex 16.951 -13.3218 30
      vertex 18.2843 -16.9162 30
    endloop
  endfacet
  facet normal 0 0 1
    outer loop
      vertex 25.5946 -9.6901 30
      vertex 22.9554 -15.6603 30
      vertex 22.9603 -15.794 30
    endloop
  endfacet
  facet normal 0 0 1
    outer loop
      vertex 25.5946 -9.6901 30
      vertex 22.9405 -15.5376 30
      vertex 22.9554 -15.6603 30
    endloop
  endfacet
  facet normal -0 0 1
    outer loop
      vertex 22.8391 -14.1126 30
      vertex 22.9405 -15.5376 30
      vertex 25.5946 -9.6901 30
    endloop
  endfacet
  facet normal 0 0 1
    outer loop
      vertex 22.9405 -15.5376 30
      vertex 22.8391 -14.1126 30
      vertex 22.9152 -15.4254 30
    endloop
  endfacet
  facet normal 0 0 1
    outer loop
      vertex 22.8391 -14.1126 30
      vertex 25.5946 -9.6901 30
      vertex 22.8436 -14.0051 30
    endloop
  endfacet
  facet normal 0 0 1
    outer loop
      vertex 25.5946 -9.6901 30
      vertex 22.8326 -13.8241 30
      vertex 22.8436 -14.0051 30
    endloop
  endfacet
  facet normal 0 0 1
    outer loop
      vertex 25.5946 -9.6901 30
      vertex 22.7999 -13.6572 30
      vertex 22.8326 -13.8241 30
    endloop
  endfacet
  facet normal 0 0 1
    outer loop
      vertex 25.5946 -9.6901 30
      vertex 22.7463 -13.5052 30
      vertex 22.7999 -13.6572 30
    endloop
  endfacet
  facet normal 0 0 1
    outer loop
      vertex 25.5946 -9.6901 30
      vertex 22.6723 -13.3686 30
      vertex 22.7463 -13.5052 30
    endloop
  endfacet
  facet normal 0 0 1
    outer loop
      vertex 25.5946 -9.6901 30
      vertex 22.5788 -13.248 30
      vertex 22.6723 -13.3686 30
    endloop
  endfacet
  facet normal 0 0 1
    outer loop
      vertex 25.5946 -9.6901 30
      vertex 22.4663 -13.1443 30
      vertex 22.5788 -13.248 30
    endloop
  endfacet
  facet normal 0 0 1
    outer loop
      vertex 25.5946 -9.6901 30
      vertex 22.3356 -13.0579 30
      vertex 22.4663 -13.1443 30
    endloop
  endfacet
  facet normal 0 0 1
    outer loop
      vertex 25.5946 -9.6901 30
      vertex 22.1873 -12.9896 30
      vertex 22.3356 -13.0579 30
    endloop
  endfacet
  facet normal 0 0 1
    outer loop
      vertex 25.5946 -9.6901 30
      vertex 22.0221 -12.94 30
      vertex 22.1873 -12.9896 30
    endloop
  endfacet
  facet normal 0 0 1
    outer loop
      vertex 25.5946 -9.6901 30
      vertex 21.8406 -12.9098 30
      vertex 22.0221 -12.94 30
    endloop
  endfacet
  facet normal 0 0 1
    outer loop
      vertex 25.5946 -9.6901 30
      vertex 21.6436 -12.8996 30
      vertex 21.8406 -12.9098 30
    endloop
  endfacet
  facet normal 0 0 1
    outer loop
      vertex 25.5946 -9.6901 30
      vertex 21.4362 -12.9106 30
      vertex 21.6436 -12.8996 30
    endloop
  endfacet
  facet normal -0 0 1
    outer loop
      vertex 20.1288 -12.8663 30
      vertex 21.4362 -12.9106 30
      vertex 25.5946 -9.6901 30
    endloop
  endfacet
  facet normal 0 0 1
    outer loop
      vertex 21.4362 -12.9106 30
      vertex 20.1288 -12.8663 30
      vertex 21.2474 -12.9434 30
    endloop
  endfacet
  facet normal 0 0 1
    outer loop
      vertex 21.2474 -12.9434 30
      vertex 20.1288 -12.8663 30
      vertex 21.0774 -12.998 30
    endloop
  endfacet
  facet normal 0 0 1
    outer loop
      vertex 20.4249 -13.9723 30
      vertex 20.1288 -13.3218 30
      vertex 20.4103 -14.194 30
    endloop
  endfacet
  facet normal 0 0 1
    outer loop
      vertex 20.4594 -13.7708 30
      vertex 20.1288 -13.3218 30
      vertex 20.4249 -13.9723 30
    endloop
  endfacet
  facet normal 0 0 1
    outer loop
      vertex 20.5137 -13.5898 30
      vertex 20.1288 -13.3218 30
      vertex 20.4594 -13.7708 30
    endloop
  endfacet
  facet normal 0 0 1
    outer loop
      vertex 20.5878 -13.4295 30
      vertex 20.1288 -13.3218 30
      vertex 20.5137 -13.5898 30
    endloop
  endfacet
  facet normal 0 0 1
    outer loop
      vertex 20.6813 -13.29 30
      vertex 20.1288 -13.3218 30
      vertex 20.5878 -13.4295 30
    endloop
  endfacet
  facet normal 0 0 1
    outer loop
      vertex 20.1288 -13.3218 30
      vertex 20.6813 -13.29 30
      vertex 20.1288 -12.8663 30
    endloop
  endfacet
  facet normal 0 0 1
    outer loop
      vertex 20.7941 -13.1714 30
      vertex 20.1288 -12.8663 30
      vertex 20.6813 -13.29 30
    endloop
  endfacet
  facet normal 0 0 1
    outer loop
      vertex 20.9262 -13.074 30
      vertex 20.1288 -12.8663 30
      vertex 20.7941 -13.1714 30
    endloop
  endfacet
  facet normal 0 0 1
    outer loop
      vertex 21.0774 -12.998 30
      vertex 20.1288 -12.8663 30
      vertex 20.9262 -13.074 30
    endloop
  endfacet
  facet normal -0 0 1
    outer loop
      vertex 14.4054 -9.6901 30
      vertex 20.1288 -12.8663 30
      vertex 25.5946 -9.6901 30
    endloop
  endfacet
  facet normal 0 0 1
    outer loop
      vertex 16.951 -12.8663 30
      vertex 14.4054 -9.6901 30
      vertex 16.951 -13.3218 30
    endloop
  endfacet
  facet normal 0 0 1
    outer loop
      vertex 20.1288 -12.8663 30
      vertex 14.4054 -9.6901 30
      vertex 16.951 -12.8663 30
    endloop
  endfacet
  facet normal -0 0 1
    outer loop
      vertex 22.8255 -14.2137 30
      vertex 22.9152 -15.4254 30
      vertex 22.8391 -14.1126 30
    endloop
  endfacet
  facet normal 0 0 1
    outer loop
      vertex 22.9152 -15.4254 30
      vertex 22.8255 -14.2137 30
      vertex 22.8792 -15.3231 30
    endloop
  endfacet
  facet normal -0 0 1
    outer loop
      vertex 22.8027 -14.3085 30
      vertex 22.8792 -15.3231 30
      vertex 22.8255 -14.2137 30
    endloop
  endfacet
  facet normal 0 0 1
    outer loop
      vertex 22.8792 -15.3231 30
      vertex 22.8027 -14.3085 30
      vertex 22.832 -15.2302 30
    endloop
  endfacet
  facet normal -0 0 1
    outer loop
      vertex 22.7709 -14.3969 30
      vertex 22.832 -15.2302 30
      vertex 22.8027 -14.3085 30
    endloop
  endfacet
  facet normal 0 0 1
    outer loop
      vertex 22.832 -15.2302 30
      vertex 22.7709 -14.3969 30
      vertex 22.7732 -15.1461 30
    endloop
  endfacet
  facet normal -0 0 1
    outer loop
      vertex 22.73 -14.479 30
      vertex 22.7732 -15.1461 30
      vertex 22.7709 -14.3969 30
    endloop
  endfacet
  facet normal -0 0 1
    outer loop
      vertex 22.68 -14.5547 30
      vertex 22.7732 -15.1461 30
      vertex 22.73 -14.479 30
    endloop
  endfacet
  facet normal 0 0 1
    outer loop
      vertex 22.7732 -15.1461 30
      vertex 22.68 -14.5547 30
      vertex 22.7026 -15.0702 30
    endloop
  endfacet
  facet normal -0 0 1
    outer loop
      vertex 22.6209 -14.6242 30
      vertex 22.7026 -15.0702 30
      vertex 22.68 -14.5547 30
    endloop
  endfacet
  facet normal 0 0 1
    outer loop
      vertex 22.6209 -14.6242 30
      vertex 22.6197 -15.0021 30
      vertex 22.7026 -15.0702 30
    endloop
  endfacet
  facet normal -0 0 1
    outer loop
      vertex 22.5527 -14.6873 30
      vertex 22.6197 -15.0021 30
      vertex 22.6209 -14.6242 30
    endloop
  endfacet
  facet normal 0 0 1
    outer loop
      vertex 22.5527 -14.6873 30
      vertex 22.5242 -14.9411 30
      vertex 22.6197 -15.0021 30
    endloop
  endfacet
  facet normal -0 0 1
    outer loop
      vertex 22.4754 -14.744 30
      vertex 22.5242 -14.9411 30
      vertex 22.5527 -14.6873 30
    endloop
  endfacet
  facet normal 0 0 1
    outer loop
      vertex 22.4754 -14.744 30
      vertex 22.4156 -14.8868 30
      vertex 22.5242 -14.9411 30
    endloop
  endfacet
  facet normal -0 0 1
    outer loop
      vertex 22.3891 -14.7944 30
      vertex 22.4156 -14.8868 30
      vertex 22.4754 -14.744 30
    endloop
  endfacet
  facet normal 0 0 1
    outer loop
      vertex 22.4156 -14.8868 30
      vertex 22.3891 -14.7944 30
      vertex 22.2936 -14.8385 30
    endloop
  endfacet
  facet normal 0 0 1
    outer loop
      vertex 21.8066 -14.6285 30
      vertex 22.3436 -14.0218 30
      vertex 22.3372 -13.908 30
    endloop
  endfacet
  facet normal 0 0 1
    outer loop
      vertex 22.3436 -14.0218 30
      vertex 21.8583 -14.62 30
      vertex 22.3411 -14.0964 30
    endloop
  endfacet
  facet normal 0 -0 1
    outer loop
      vertex 21.9056 -14.6102 30
      vertex 22.3411 -14.0964 30
      vertex 21.8583 -14.62 30
    endloop
  endfacet
  facet normal 0 0 1
    outer loop
      vertex 21.763 -13.3338 30
      vertex 22.3372 -13.908 30
      vertex 22.3183 -13.8031 30
    endloop
  endfacet
  facet normal 0 0 1
    outer loop
      vertex 22.3411 -14.0964 30
      vertex 21.9056 -14.6102 30
      vertex 22.3336 -14.1655 30
    endloop
  endfacet
  facet normal 0 0 1
    outer loop
      vertex 21.8679 -13.3527 30
      vertex 22.3183 -13.8031 30
      vertex 22.2872 -13.7075 30
    endloop
  endfacet
  facet normal 0 -0 1
    outer loop
      vertex 21.9894 -14.5862 30
      vertex 22.3336 -14.1655 30
      vertex 21.9491 -14.5989 30
    endloop
  endfacet
  facet normal 0 0 1
    outer loop
      vertex 22.3336 -14.1655 30
      vertex 21.9894 -14.5862 30
      vertex 22.321 -14.2295 30
    endloop
  endfacet
  facet normal 0 0 1
    outer loop
      vertex 21.9635 -13.3838 30
      vertex 22.2872 -13.7075 30
      vertex 22.2443 -13.6217 30
    endloop
  endfacet
  facet normal 0 0 1
    outer loop
      vertex 22.321 -14.2295 30
      vertex 22.0832 -14.5441 30
      vertex 22.3032 -14.2884 30
    endloop
  endfacet
  facet normal 0 0 1
    outer loop
      vertex 21.9635 -13.3838 30
      vertex 22.2443 -13.6217 30
      vertex 22.1901 -13.546 30
    endloop
  endfacet
  facet normal 0 0 1
    outer loop
      vertex 22.3032 -14.2884 30
      vertex 22.0832 -14.5441 30
      vertex 22.2801 -14.3424 30
    endloop
  endfacet
  facet normal 0 0 1
    outer loop
      vertex 22.2517 -14.3917 30
      vertex 22.0832 -14.5441 30
      vertex 22.2178 -14.4363 30
    endloop
  endfacet
  facet normal 0 0 1
    outer loop
      vertex 21.9635 -13.3838 30
      vertex 22.1901 -13.546 30
      vertex 22.125 -13.4809 30
    endloop
  endfacet
  facet normal 0 0 1
    outer loop
      vertex 22.1785 -14.4765 30
      vertex 22.0832 -14.5441 30
      vertex 22.1337 -14.5124 30
    endloop
  endfacet
  facet normal 0 0 1
    outer loop
      vertex 21.9635 -13.3838 30
      vertex 22.125 -13.4809 30
      vertex 22.0493 -13.4267 30
    endloop
  endfacet
  facet normal 0 0 1
    outer loop
      vertex 22.2178 -14.4363 30
      vertex 22.0832 -14.5441 30
      vertex 22.1785 -14.4765 30
    endloop
  endfacet
  facet normal 0 0 1
    outer loop
      vertex 22.0832 -14.5441 30
      vertex 21.9894 -14.5862 30
      vertex 22.0269 -14.5718 30
    endloop
  endfacet
  facet normal 0 0 1
    outer loop
      vertex 22.2872 -13.7075 30
      vertex 21.9635 -13.3838 30
      vertex 21.8679 -13.3527 30
    endloop
  endfacet
  facet normal 0 0 1
    outer loop
      vertex 22.2801 -14.3424 30
      vertex 22.0832 -14.5441 30
      vertex 22.2517 -14.3917 30
    endloop
  endfacet
  facet normal 0 -0 1
    outer loop
      vertex 22.0832 -14.5441 30
      vertex 22.321 -14.2295 30
      vertex 21.9894 -14.5862 30
    endloop
  endfacet
  facet normal 0 0 1
    outer loop
      vertex 21.763 -13.3338 30
      vertex 22.3183 -13.8031 30
      vertex 21.8679 -13.3527 30
    endloop
  endfacet
  facet normal 0 -0 1
    outer loop
      vertex 21.9491 -14.5989 30
      vertex 22.3336 -14.1655 30
      vertex 21.9056 -14.6102 30
    endloop
  endfacet
  facet normal 0 0 1
    outer loop
      vertex 22.3436 -14.0218 30
      vertex 21.8066 -14.6285 30
      vertex 21.8583 -14.62 30
    endloop
  endfacet
  facet normal 0 0 1
    outer loop
      vertex 22.3372 -13.908 30
      vertex 21.763 -13.3338 30
      vertex 21.7502 -14.6357 30
    endloop
  endfacet
  facet normal 0 0 1
    outer loop
      vertex 22.3372 -13.908 30
      vertex 21.7502 -14.6357 30
      vertex 21.8066 -14.6285 30
    endloop
  endfacet
  facet normal 0 0 1
    outer loop
      vertex 21.6492 -13.3274 30
      vertex 21.7502 -14.6357 30
      vertex 21.763 -13.3338 30
    endloop
  endfacet
  facet normal 0 0 1
    outer loop
      vertex 21.7502 -14.6357 30
      vertex 21.6492 -13.3274 30
      vertex 21.6884 -14.6417 30
    endloop
  endfacet
  facet normal -0 0 1
    outer loop
      vertex 21.5674 -13.3307 30
      vertex 21.6884 -14.6417 30
      vertex 21.6492 -13.3274 30
    endloop
  endfacet
  facet normal 0 0 1
    outer loop
      vertex 21.6884 -14.6417 30
      vertex 21.5674 -13.3307 30
      vertex 21.6207 -14.6465 30
    endloop
  endfacet
  facet normal -0 0 1
    outer loop
      vertex 21.489 -13.3404 30
      vertex 21.6207 -14.6465 30
      vertex 21.5674 -13.3307 30
    endloop
  endfacet
  facet normal -0 0 1
    outer loop
      vertex 21.4143 -13.3563 30
      vertex 21.6207 -14.6465 30
      vertex 21.489 -13.3404 30
    endloop
  endfacet
  facet normal -0 0 1
    outer loop
      vertex 20.9192 -13.9178 30
      vertex 21.6207 -14.6465 30
      vertex 21.4143 -13.3563 30
    endloop
  endfacet
  facet normal 0 0 1
    outer loop
      vertex 21.6207 -14.6465 30
      vertex 20.9192 -13.9178 30
      vertex 21.5465 -14.6504 30
    endloop
  endfacet
  facet normal -0 0 1
    outer loop
      vertex 20.9129 -13.965 30
      vertex 21.5465 -14.6504 30
      vertex 20.9192 -13.9178 30
    endloop
  endfacet
  facet normal -0 0 1
    outer loop
      vertex 20.9079 -14.0158 30
      vertex 21.5465 -14.6504 30
      vertex 20.9129 -13.965 30
    endloop
  endfacet
  facet normal 0 0 1
    outer loop
      vertex 20.9192 -13.9178 30
      vertex 21.4143 -13.3563 30
      vertex 21.3436 -13.3784 30
    endloop
  endfacet
  facet normal 0 0 1
    outer loop
      vertex 21.9095 -15.0909 30
      vertex 22.4603 -15.7996 30
      vertex 22.4533 -15.6735 30
    endloop
  endfacet
  facet normal 0 0 1
    outer loop
      vertex 22.0235 -15.1217 30
      vertex 22.4533 -15.6735 30
      vertex 22.4324 -15.5592 30
    endloop
  endfacet
  facet normal 0 0 1
    outer loop
      vertex 22.4603 -15.7996 30
      vertex 21.9095 -15.0909 30
      vertex 21.7829 -15.0724 30
    endloop
  endfacet
  facet normal 0 0 1
    outer loop
      vertex 22.0235 -15.1217 30
      vertex 22.4324 -15.5592 30
      vertex 22.3978 -15.4565 30
    endloop
  endfacet
  facet normal 0 0 1
    outer loop
      vertex 22.4603 -15.7996 30
      vertex 21.7829 -15.0724 30
      vertex 22.4528 -15.9324 30
    endloop
  endfacet
  facet normal 0 0 1
    outer loop
      vertex 22.1247 -15.1646 30
      vertex 22.3978 -15.4565 30
      vertex 22.3495 -15.3657 30
    endloop
  endfacet
  facet normal 0 0 1
    outer loop
      vertex 21.782 -16.6032 30
      vertex 22.4528 -15.9324 30
      vertex 21.7829 -15.0724 30
    endloop
  endfacet
  facet normal 0 0 1
    outer loop
      vertex 22.1247 -15.1646 30
      vertex 22.3495 -15.3657 30
      vertex 22.2878 -15.2867 30
    endloop
  endfacet
  facet normal 0 0 1
    outer loop
      vertex 22.4533 -15.6735 30
      vertex 22.0235 -15.1217 30
      vertex 21.9095 -15.0909 30
    endloop
  endfacet
  facet normal 0 0 1
    outer loop
      vertex 22.1247 -15.1646 30
      vertex 22.2878 -15.2867 30
      vertex 22.2128 -15.2196 30
    endloop
  endfacet
  facet normal 0 0 1
    outer loop
      vertex 22.4528 -15.9324 30
      vertex 21.782 -16.6032 30
      vertex 22.4306 -16.0549 30
    endloop
  endfacet
  facet normal 0 0 1
    outer loop
      vertex 22.3978 -15.4565 30
      vertex 22.1247 -15.1646 30
      vertex 22.0235 -15.1217 30
    endloop
  endfacet
  facet normal 0 -0 1
    outer loop
      vertex 21.9045 -16.581 30
      vertex 22.4306 -16.0549 30
      vertex 21.782 -16.6032 30
    endloop
  endfacet
  facet normal 0 -0 1
    outer loop
      vertex 22.0161 -16.5446 30
      vertex 22.3943 -16.1664 30
      vertex 21.9045 -16.581 30
    endloop
  endfacet
  facet normal 0 0 1
    outer loop
      vertex 22.3943 -16.1664 30
      vertex 22.0161 -16.5446 30
      vertex 22.3442 -16.2667 30
    endloop
  endfacet
  facet normal 0 0 1
    outer loop
      vertex 22.2808 -16.3551 30
      vertex 22.0161 -16.5446 30
      vertex 22.2047 -16.4312 30
    endloop
  endfacet
  facet normal 0 0 1
    outer loop
      vertex 22.2047 -16.4312 30
      vertex 22.0161 -16.5446 30
      vertex 22.1163 -16.4945 30
    endloop
  endfacet
  facet normal 0 0 1
    outer loop
      vertex 22.3442 -16.2667 30
      vertex 22.0161 -16.5446 30
      vertex 22.2808 -16.3551 30
    endloop
  endfacet
  facet normal 0 0 1
    outer loop
      vertex 22.4306 -16.0549 30
      vertex 21.9045 -16.581 30
      vertex 22.3943 -16.1664 30
    endloop
  endfacet
  facet normal 0 0 1
    outer loop
      vertex 21.7829 -15.0724 30
      vertex 21.6492 -16.6107 30
      vertex 21.782 -16.6032 30
    endloop
  endfacet
  facet normal 0 0 1
    outer loop
      vertex 21.6436 -15.0662 30
      vertex 21.6492 -16.6107 30
      vertex 21.7829 -15.0724 30
    endloop
  endfacet
  facet normal 0 0 1
    outer loop
      vertex 21.6436 -15.0662 30
      vertex 21.5091 -16.6039 30
      vertex 21.6492 -16.6107 30
    endloop
  endfacet
  facet normal -0 0 1
    outer loop
      vertex 20.8569 -16.0396 30
      vertex 21.5091 -16.6039 30
      vertex 21.6436 -15.0662 30
    endloop
  endfacet
  facet normal 0 0 1
    outer loop
      vertex 20.8159 -15.7496 30
      vertex 21.6436 -15.0662 30
      vertex 21.377 -15.0662 30
    endloop
  endfacet
  facet normal 0 0 1
    outer loop
      vertex 21.377 -14.6551 30
      vertex 20.8992 -14.194 30
      vertex 21.377 -15.0662 30
    endloop
  endfacet
  facet normal 0 0 1
    outer loop
      vertex 20.9358 -13.8327 30
      vertex 21.3436 -13.3784 30
      vertex 21.2772 -13.4064 30
    endloop
  endfacet
  facet normal -0 0 1
    outer loop
      vertex 20.4103 -14.194 30
      vertex 21.377 -15.0662 30
      vertex 20.8992 -14.194 30
    endloop
  endfacet
  facet normal 0 0 1
    outer loop
      vertex 20.9463 -13.794 30
      vertex 21.2772 -13.4064 30
      vertex 21.2155 -13.4401 30
    endloop
  endfacet
  facet normal 0 0 1
    outer loop
      vertex 21.6436 -15.0662 30
      vertex 20.8159 -15.7496 30
      vertex 20.8306 -15.9024 30
    endloop
  endfacet
  facet normal 0 0 1
    outer loop
      vertex 20.9585 -13.7573 30
      vertex 21.2155 -13.4401 30
      vertex 21.1587 -13.4793 30
    endloop
  endfacet
  facet normal 0 0 1
    outer loop
      vertex 20.9724 -13.7223 30
      vertex 21.1587 -13.4793 30
      vertex 21.1073 -13.524 30
    endloop
  endfacet
  facet normal 0 -0 1
    outer loop
      vertex 20.8569 -16.0396 30
      vertex 21.6436 -15.0662 30
      vertex 20.8306 -15.9024 30
    endloop
  endfacet
  facet normal 0 0 1
    outer loop
      vertex 20.9881 -13.6885 30
      vertex 21.1073 -13.524 30
      vertex 21.0615 -13.5738 30
    endloop
  endfacet
  facet normal 0 0 1
    outer loop
      vertex 20.9881 -13.6885 30
      vertex 21.0615 -13.5738 30
      vertex 21.0216 -13.6287 30
    endloop
  endfacet
  facet normal 0 0 1
    outer loop
      vertex 21.5091 -16.6039 30
      vertex 20.8569 -16.0396 30
      vertex 21.3825 -16.5834 30
    endloop
  endfacet
  facet normal 0 0 1
    outer loop
      vertex 21.1073 -13.524 30
      vertex 20.9881 -13.6885 30
      vertex 20.9724 -13.7223 30
    endloop
  endfacet
  facet normal 0 0 1
    outer loop
      vertex 21.1587 -13.4793 30
      vertex 20.9724 -13.7223 30
      vertex 20.9585 -13.7573 30
    endloop
  endfacet
  facet normal 0 0 1
    outer loop
      vertex 21.2155 -13.4401 30
      vertex 20.9585 -13.7573 30
      vertex 20.9463 -13.794 30
    endloop
  endfacet
  facet normal 0 0 1
    outer loop
      vertex 21.2772 -13.4064 30
      vertex 20.9463 -13.794 30
      vertex 20.9358 -13.8327 30
    endloop
  endfacet
  facet normal -0 -0 1
    outer loop
      vertex 20.895 -16.1616 30
      vertex 21.3825 -16.5834 30
      vertex 20.8569 -16.0396 30
    endloop
  endfacet
  facet normal 0 0 1
    outer loop
      vertex 21.3436 -13.3784 30
      vertex 20.9358 -13.8327 30
      vertex 20.9268 -13.8738 30
    endloop
  endfacet
  facet normal 0 0 1
    outer loop
      vertex 21.3436 -13.3784 30
      vertex 20.9268 -13.8738 30
      vertex 20.9192 -13.9178 30
    endloop
  endfacet
  facet normal 0 0 1
    outer loop
      vertex 21.5465 -14.6504 30
      vertex 20.9079 -14.0158 30
      vertex 21.4655 -14.6532 30
    endloop
  endfacet
  facet normal -0 0 1
    outer loop
      vertex 20.904 -14.0706 30
      vertex 21.4655 -14.6532 30
      vertex 20.9079 -14.0158 30
    endloop
  endfacet
  facet normal -0 0 1
    outer loop
      vertex 20.9011 -14.1299 30
      vertex 21.4655 -14.6532 30
      vertex 20.904 -14.0706 30
    endloop
  endfacet
  facet normal 0 0 1
    outer loop
      vertex 21.4655 -14.6532 30
      vertex 20.9011 -14.1299 30
      vertex 21.377 -14.6551 30
    endloop
  endfacet
  facet normal 0 0 1
    outer loop
      vertex 21.377 -14.6551 30
      vertex 20.9011 -14.1299 30
      vertex 20.8992 -14.194 30
    endloop
  endfacet
  facet normal 0 0 1
    outer loop
      vertex 21.3825 -16.5834 30
      vertex 20.895 -16.1616 30
      vertex 21.2693 -16.549 30
    endloop
  endfacet
  facet normal -0 -0 1
    outer loop
      vertex 20.945 -16.2685 30
      vertex 21.2693 -16.549 30
      vertex 20.895 -16.1616 30
    endloop
  endfacet
  facet normal 0 0 1
    outer loop
      vertex 21.2693 -16.549 30
      vertex 20.945 -16.2685 30
      vertex 21.1691 -16.5006 30
    endloop
  endfacet
  facet normal 0 0 1
    outer loop
      vertex 21.1691 -16.5006 30
      vertex 20.945 -16.2685 30
      vertex 21.0818 -16.4378 30
    endloop
  endfacet
  facet normal 0 0 1
    outer loop
      vertex 21.0818 -16.4378 30
      vertex 20.945 -16.2685 30
      vertex 21.0072 -16.3605 30
    endloop
  endfacet
  facet normal 0 0 1
    outer loop
      vertex 21.377 -15.0662 30
      vertex 20.4103 -14.194 30
      vertex 20.8159 -15.7496 30
    endloop
  endfacet
  facet normal 0 0 1
    outer loop
      vertex 20.8159 -15.7496 30
      vertex 20.4103 -14.194 30
      vertex 20.327 -15.7496 30
    endloop
  endfacet
  facet normal 0 0 1
    outer loop
      vertex 58.2843 -13.3843 30
      vertex 56.951 -13.3843 30
      vertex 58.2843 -16.9787 30
    endloop
  endfacet
  facet normal 0 0 1
    outer loop
      vertex 61.9659 -16.0065 30
      vertex 60.3047 -16.0065 30
      vertex 61.9659 -16.9787 30
    endloop
  endfacet
  facet normal 0 0 1
    outer loop
      vertex 65.5946 -9.6901 30
      vertex 62.4548 -12.9621 30
      vertex 63.0381 -15.5676 30
    endloop
  endfacet
  facet normal 0 0 1
    outer loop
      vertex 65.5946 -9.6901 30
      vertex 62.0936 -12.9621 30
      vertex 62.4548 -12.9621 30
    endloop
  endfacet
  facet normal 0 0 1
    outer loop
      vertex 62.0936 -12.9621 30
      vertex 60.1288 -13.3843 30
      vertex 60.3047 -15.4899 30
    endloop
  endfacet
  facet normal 0 0 1
    outer loop
      vertex 60.1288 -13.3843 30
      vertex 62.0936 -12.9621 30
      vertex 60.1288 -12.9288 30
    endloop
  endfacet
  facet normal 0 0 1
    outer loop
      vertex 65.5946 -9.6901 30
      vertex 60.1288 -12.9288 30
      vertex 62.0936 -12.9621 30
    endloop
  endfacet
  facet normal -0 0 1
    outer loop
      vertex 54.4054 -9.6901 30
      vertex 60.1288 -12.9288 30
      vertex 65.5946 -9.6901 30
    endloop
  endfacet
  facet normal 0 0 1
    outer loop
      vertex 56.951 -12.9288 30
      vertex 54.4054 -9.6901 30
      vertex 56.951 -13.3843 30
    endloop
  endfacet
  facet normal 0 0 1
    outer loop
      vertex 60.1288 -12.9288 30
      vertex 54.4054 -9.6901 30
      vertex 56.951 -12.9288 30
    endloop
  endfacet
  facet normal 0 0 1
    outer loop
      vertex 84.674 11.358 30
      vertex 90 16 30
      vertex 84.7161 11.5698 30
    endloop
  endfacet
  facet normal 0 0 1
    outer loop
      vertex 90 -16 30
      vertex 84.7415 -11.7842 30
      vertex 84.75 -12 30
    endloop
  endfacet
  facet normal 0 0 1
    outer loop
      vertex 84.6154 11.1502 30
      vertex 90 16 30
      vertex 84.674 11.358 30
    endloop
  endfacet
  facet normal 0 0 1
    outer loop
      vertex 90 -16 30
      vertex 84.7161 -11.5698 30
      vertex 84.7415 -11.7842 30
    endloop
  endfacet
  facet normal 0 0 1
    outer loop
      vertex 84.5407 10.9476 30
      vertex 90 16 30
      vertex 84.6154 11.1502 30
    endloop
  endfacet
  facet normal 0 0 1
    outer loop
      vertex 90 -16 30
      vertex 84.674 -11.358 30
      vertex 84.7161 -11.5698 30
    endloop
  endfacet
  facet normal 0 0 1
    outer loop
      vertex 84.4503 10.7515 30
      vertex 90 16 30
      vertex 84.5407 10.9476 30
    endloop
  endfacet
  facet normal 0 0 1
    outer loop
      vertex 90 -16 30
      vertex 84.6154 -11.1502 30
      vertex 84.674 -11.358 30
    endloop
  endfacet
  facet normal 0 0 1
    outer loop
      vertex 84.3448 10.5631 30
      vertex 90 16 30
      vertex 84.4503 10.7515 30
    endloop
  endfacet
  facet normal 0 0 1
    outer loop
      vertex 90 -16 30
      vertex 84.5407 -10.9476 30
      vertex 84.6154 -11.1502 30
    endloop
  endfacet
  facet normal 0 0 1
    outer loop
      vertex 90 16 30
      vertex 84.3448 10.5631 30
      vertex 90 -16 30
    endloop
  endfacet
  facet normal 0 0 1
    outer loop
      vertex 90 -16 30
      vertex 84.4503 -10.7515 30
      vertex 84.5407 -10.9476 30
    endloop
  endfacet
  facet normal -0 0 1
    outer loop
      vertex 84.3448 -10.5631 30
      vertex 90 -16 30
      vertex 84.3448 10.5631 30
    endloop
  endfacet
  facet normal 0 0 1
    outer loop
      vertex 90 -16 30
      vertex 84.3448 -10.5631 30
      vertex 84.4503 -10.7515 30
    endloop
  endfacet
  facet normal -0 0 1
    outer loop
      vertex 84.2248 10.3836 30
      vertex 84.3448 -10.5631 30
      vertex 84.3448 10.5631 30
    endloop
  endfacet
  facet normal 0 0 1
    outer loop
      vertex 84.2248 10.3836 30
      vertex 84.2248 -10.3836 30
      vertex 84.3448 -10.5631 30
    endloop
  endfacet
  facet normal -0 0 1
    outer loop
      vertex 84.0911 10.214 30
      vertex 84.2248 -10.3836 30
      vertex 84.2248 10.3836 30
    endloop
  endfacet
  facet normal 0 0 1
    outer loop
      vertex 84.0911 10.214 30
      vertex 84.0911 -10.214 30
      vertex 84.2248 -10.3836 30
    endloop
  endfacet
  facet normal -0 0 1
    outer loop
      vertex 83.9445 10.0555 30
      vertex 84.0911 -10.214 30
      vertex 84.0911 10.214 30
    endloop
  endfacet
  facet normal 0 0 1
    outer loop
      vertex 83.9445 10.0555 30
      vertex 83.9445 -10.0555 30
      vertex 84.0911 -10.214 30
    endloop
  endfacet
  facet normal -0 0 1
    outer loop
      vertex 83.786 9.90888 30
      vertex 83.9445 -10.0555 30
      vertex 83.9445 10.0555 30
    endloop
  endfacet
  facet normal 0 0 1
    outer loop
      vertex 83.786 9.90888 30
      vertex 83.786 -9.90888 30
      vertex 83.9445 -10.0555 30
    endloop
  endfacet
  facet normal -0 0 1
    outer loop
      vertex 83.6164 9.7752 30
      vertex 83.786 -9.90888 30
      vertex 83.786 9.90888 30
    endloop
  endfacet
  facet normal 0 0 1
    outer loop
      vertex 83.6164 9.7752 30
      vertex 83.6164 -9.7752 30
      vertex 83.786 -9.90888 30
    endloop
  endfacet
  facet normal -0 0 1
    outer loop
      vertex 83.4369 9.65524 30
      vertex 83.6164 -9.7752 30
      vertex 83.6164 9.7752 30
    endloop
  endfacet
  facet normal 0 0 1
    outer loop
      vertex 83.4369 9.65524 30
      vertex 83.4369 -9.65524 30
      vertex 83.6164 -9.7752 30
    endloop
  endfacet
  facet normal -0 0 1
    outer loop
      vertex 83.2485 9.54973 30
      vertex 83.4369 -9.65524 30
      vertex 83.4369 9.65524 30
    endloop
  endfacet
  facet normal 0 0 1
    outer loop
      vertex 83.2485 9.54973 30
      vertex 83.2485 -9.54973 30
      vertex 83.4369 -9.65524 30
    endloop
  endfacet
  facet normal -0 0 1
    outer loop
      vertex 83.0524 9.45933 30
      vertex 83.2485 -9.54973 30
      vertex 83.2485 9.54973 30
    endloop
  endfacet
  facet normal 0 0 1
    outer loop
      vertex 83.0524 9.45933 30
      vertex 83.0524 -9.45933 30
      vertex 83.2485 -9.54973 30
    endloop
  endfacet
  facet normal -0 0 1
    outer loop
      vertex 82.8498 9.38459 30
      vertex 83.0524 -9.45933 30
      vertex 83.0524 9.45933 30
    endloop
  endfacet
  facet normal 0 0 1
    outer loop
      vertex 82.8498 9.38459 30
      vertex 82.8498 -9.38459 30
      vertex 83.0524 -9.45933 30
    endloop
  endfacet
  facet normal -0 0 1
    outer loop
      vertex 82.642 9.32598 30
      vertex 82.8498 -9.38459 30
      vertex 82.8498 9.38459 30
    endloop
  endfacet
  facet normal 0 0 1
    outer loop
      vertex 82.642 9.32598 30
      vertex 82.642 -9.32598 30
      vertex 82.8498 -9.38459 30
    endloop
  endfacet
  facet normal -0 0 1
    outer loop
      vertex 82.4302 9.28386 30
      vertex 82.642 -9.32598 30
      vertex 82.642 9.32598 30
    endloop
  endfacet
  facet normal 0 0 1
    outer loop
      vertex 82.4302 9.28386 30
      vertex 82.4302 -9.28386 30
      vertex 82.642 -9.32598 30
    endloop
  endfacet
  facet normal -0 0 1
    outer loop
      vertex 82.2158 9.25848 30
      vertex 82.4302 -9.28386 30
      vertex 82.4302 9.28386 30
    endloop
  endfacet
  facet normal 0 0 1
    outer loop
      vertex 82.2158 9.25848 30
      vertex 82.2158 -9.25848 30
      vertex 82.4302 -9.28386 30
    endloop
  endfacet
  facet normal -0 0 1
    outer loop
      vertex 82 9.25 30
      vertex 82.2158 -9.25848 30
      vertex 82.2158 9.25848 30
    endloop
  endfacet
  facet normal 0 0 1
    outer loop
      vertex 82 9.25 30
      vertex 82 -9.25 30
      vertex 82.2158 -9.25848 30
    endloop
  endfacet
  facet normal 0 0 1
    outer loop
      vertex 81.7842 9.25848 30
      vertex 82 -9.25 30
      vertex 82 9.25 30
    endloop
  endfacet
  facet normal 0 0 1
    outer loop
      vertex 81.7842 9.25848 30
      vertex 81.7842 -9.25848 30
      vertex 82 -9.25 30
    endloop
  endfacet
  facet normal 0 0 1
    outer loop
      vertex 81.5698 9.28386 30
      vertex 81.7842 -9.25848 30
      vertex 81.7842 9.25848 30
    endloop
  endfacet
  facet normal 0 0 1
    outer loop
      vertex 81.5698 9.28386 30
      vertex 81.5698 -9.28386 30
      vertex 81.7842 -9.25848 30
    endloop
  endfacet
  facet normal 0 0 1
    outer loop
      vertex 71.1892 0 30
      vertex 81.5698 9.28386 30
      vertex 81.358 9.32598 30
    endloop
  endfacet
  facet normal 0 0 1
    outer loop
      vertex 81.5698 9.28386 30
      vertex 71.1892 0 30
      vertex 81.5698 -9.28386 30
    endloop
  endfacet
  facet normal 0 0 1
    outer loop
      vertex 71.1892 0 30
      vertex 81.358 9.32598 30
      vertex 81.1502 9.38459 30
    endloop
  endfacet
  facet normal 0 0 1
    outer loop
      vertex 81.5698 -9.28386 30
      vertex 71.1892 0 30
      vertex 81.358 -9.32598 30
    endloop
  endfacet
  facet normal 0 0 1
    outer loop
      vertex 71.1892 0 30
      vertex 81.1502 9.38459 30
      vertex 80.9476 9.45933 30
    endloop
  endfacet
  facet normal 0 0 1
    outer loop
      vertex 81.358 -9.32598 30
      vertex 71.1892 0 30
      vertex 81.1502 -9.38459 30
    endloop
  endfacet
  facet normal 0 0 1
    outer loop
      vertex 71.1892 0 30
      vertex 80.9476 9.45933 30
      vertex 80.7515 9.54973 30
    endloop
  endfacet
  facet normal 0 0 1
    outer loop
      vertex 81.1502 -9.38459 30
      vertex 71.1892 0 30
      vertex 80.9476 -9.45933 30
    endloop
  endfacet
  facet normal 0 0 1
    outer loop
      vertex 71.1892 0 30
      vertex 80.7515 9.54973 30
      vertex 80.5631 9.65524 30
    endloop
  endfacet
  facet normal 0 0 1
    outer loop
      vertex 80.9476 -9.45933 30
      vertex 71.1892 0 30
      vertex 80.7515 -9.54973 30
    endloop
  endfacet
  facet normal 0 0 1
    outer loop
      vertex 71.1394 0.0861324 30
      vertex 80.5631 9.65524 30
      vertex 80.3836 9.7752 30
    endloop
  endfacet
  facet normal 0 0 1
    outer loop
      vertex 80.7515 -9.54973 30
      vertex 71.1892 0 30
      vertex 80.5631 -9.65524 30
    endloop
  endfacet
  facet normal 0 0 1
    outer loop
      vertex 71.1394 0.0861324 30
      vertex 80.3836 9.7752 30
      vertex 80.214 9.90888 30
    endloop
  endfacet
  facet normal -0 0 1
    outer loop
      vertex 71.1394 -0.0861324 30
      vertex 80.5631 -9.65524 30
      vertex 71.1892 0 30
    endloop
  endfacet
  facet normal 0 0 1
    outer loop
      vertex 71.1394 0.0861324 30
      vertex 80.214 9.90888 30
      vertex 80.0555 10.0555 30
    endloop
  endfacet
  facet normal 0 0 1
    outer loop
      vertex 80.5631 -9.65524 30
      vertex 71.1394 -0.0861324 30
      vertex 80.3836 -9.7752 30
    endloop
  endfacet
  facet normal 0 0 1
    outer loop
      vertex 71.1394 0.0861324 30
      vertex 80.0555 10.0555 30
      vertex 79.9089 10.214 30
    endloop
  endfacet
  facet normal 0 0 1
    outer loop
      vertex 80.3836 -9.7752 30
      vertex 71.1394 -0.0861324 30
      vertex 80.214 -9.90888 30
    endloop
  endfacet
  facet normal 0 0 1
    outer loop
      vertex 71.1394 0.0861324 30
      vertex 79.9089 10.214 30
      vertex 79.7752 10.3836 30
    endloop
  endfacet
  facet normal 0 0 1
    outer loop
      vertex 80.214 -9.90888 30
      vertex 71.1394 -0.0861324 30
      vertex 80.0555 -10.0555 30
    endloop
  endfacet
  facet normal 0 0 1
    outer loop
      vertex 71.1394 0.0861324 30
      vertex 79.7752 10.3836 30
      vertex 79.6552 10.5631 30
    endloop
  endfacet
  facet normal 0 0 1
    outer loop
      vertex 80.0555 -10.0555 30
      vertex 71.1394 -0.0861324 30
      vertex 79.9089 -10.214 30
    endloop
  endfacet
  facet normal 0 0 1
    outer loop
      vertex 71.1394 0.0861324 30
      vertex 79.6552 10.5631 30
      vertex 79.5497 10.7515 30
    endloop
  endfacet
  facet normal 0 0 1
    outer loop
      vertex 79.9089 -10.214 30
      vertex 71.1394 -0.0861324 30
      vertex 79.7752 -10.3836 30
    endloop
  endfacet
  facet normal 0 0 1
    outer loop
      vertex 65.5946 9.6901 30
      vertex 79.5497 10.7515 30
      vertex 79.4593 10.9476 30
    endloop
  endfacet
  facet normal 0 0 1
    outer loop
      vertex 79.7752 -10.3836 30
      vertex 71.1394 -0.0861324 30
      vertex 79.6552 -10.5631 30
    endloop
  endfacet
  facet normal 0 0 1
    outer loop
      vertex 65.5946 9.6901 30
      vertex 79.4593 10.9476 30
      vertex 79.3846 11.1502 30
    endloop
  endfacet
  facet normal 0 0 1
    outer loop
      vertex 79.6552 -10.5631 30
      vertex 71.1394 -0.0861324 30
      vertex 79.5497 -10.7515 30
    endloop
  endfacet
  facet normal 0 0 1
    outer loop
      vertex 65.5946 9.6901 30
      vertex 79.3846 11.1502 30
      vertex 79.326 11.358 30
    endloop
  endfacet
  facet normal -0 0 1
    outer loop
      vertex 65.5946 -9.6901 30
      vertex 79.5497 -10.7515 30
      vertex 71.1394 -0.0861324 30
    endloop
  endfacet
  facet normal 0 0 1
    outer loop
      vertex 65.5946 9.6901 30
      vertex 79.326 11.358 30
      vertex 79.2839 11.5698 30
    endloop
  endfacet
  facet normal 0 0 1
    outer loop
      vertex 79.5497 -10.7515 30
      vertex 65.5946 -9.6901 30
      vertex 79.4593 -10.9476 30
    endloop
  endfacet
  facet normal 0 0 1
    outer loop
      vertex 65.5946 9.6901 30
      vertex 79.2839 11.5698 30
      vertex 79.2585 11.7842 30
    endloop
  endfacet
  facet normal 0 0 1
    outer loop
      vertex 79.4593 -10.9476 30
      vertex 65.5946 -9.6901 30
      vertex 79.3846 -11.1502 30
    endloop
  endfacet
  facet normal 0 0 1
    outer loop
      vertex 65.5946 9.6901 30
      vertex 79.2585 11.7842 30
      vertex 79.25 12 30
    endloop
  endfacet
  facet normal 0 0 1
    outer loop
      vertex 79.3846 -11.1502 30
      vertex 65.5946 -9.6901 30
      vertex 79.326 -11.358 30
    endloop
  endfacet
  facet normal 0 0 1
    outer loop
      vertex 84.0911 13.786 30
      vertex 90 16 30
      vertex 89.9877 16.3138 30
    endloop
  endfacet
  facet normal 0 0 1
    outer loop
      vertex 84.7415 11.7842 30
      vertex 90 16 30
      vertex 84.75 12 30
    endloop
  endfacet
  facet normal 0 0 1
    outer loop
      vertex 84.0911 13.786 30
      vertex 89.9877 16.3138 30
      vertex 89.9508 16.6257 30
    endloop
  endfacet
  facet normal 0 0 1
    outer loop
      vertex 84.7161 11.5698 30
      vertex 90 16 30
      vertex 84.7415 11.7842 30
    endloop
  endfacet
  facet normal 0 0 1
    outer loop
      vertex 84.0911 13.786 30
      vertex 89.9508 16.6257 30
      vertex 89.8895 16.9338 30
    endloop
  endfacet
  facet normal -0 0 1
    outer loop
      vertex 84.7415 -12.2158 30
      vertex 90 -16 30
      vertex 84.75 -12 30
    endloop
  endfacet
  facet normal 0 0 1
    outer loop
      vertex 84.0911 13.786 30
      vertex 89.8895 16.9338 30
      vertex 89.8042 17.2361 30
    endloop
  endfacet
  facet normal -0 0 1
    outer loop
      vertex 84.7161 -12.4302 30
      vertex 90 -16 30
      vertex 84.7415 -12.2158 30
    endloop
  endfacet
  facet normal 0 0 1
    outer loop
      vertex 84.0911 13.786 30
      vertex 89.8042 17.2361 30
      vertex 89.6955 17.5307 30
    endloop
  endfacet
  facet normal -0 0 1
    outer loop
      vertex 84.674 -12.642 30
      vertex 90 -16 30
      vertex 84.7161 -12.4302 30
    endloop
  endfacet
  facet normal 0 0 1
    outer loop
      vertex 83.9445 13.9445 30
      vertex 89.6955 17.5307 30
      vertex 89.564 17.816 30
    endloop
  endfacet
  facet normal -0 0 1
    outer loop
      vertex 84.6154 -12.8498 30
      vertex 90 -16 30
      vertex 84.674 -12.642 30
    endloop
  endfacet
  facet normal 0 0 1
    outer loop
      vertex 83.9445 13.9445 30
      vertex 89.564 17.816 30
      vertex 89.4106 18.09 30
    endloop
  endfacet
  facet normal -0 0 1
    outer loop
      vertex 84.5407 -13.0524 30
      vertex 90 -16 30
      vertex 84.6154 -12.8498 30
    endloop
  endfacet
  facet normal 0 0 1
    outer loop
      vertex 83.9445 13.9445 30
      vertex 89.4106 18.09 30
      vertex 89.2361 18.3511 30
    endloop
  endfacet
  facet normal -0 0 1
    outer loop
      vertex 84.4503 -13.2485 30
      vertex 90 -16 30
      vertex 84.5407 -13.0524 30
    endloop
  endfacet
  facet normal 0 0 1
    outer loop
      vertex 83.9445 13.9445 30
      vertex 89.2361 18.3511 30
      vertex 89.0416 18.5978 30
    endloop
  endfacet
  facet normal -0 0 1
    outer loop
      vertex 84.3448 -13.4369 30
      vertex 90 -16 30
      vertex 84.4503 -13.2485 30
    endloop
  endfacet
  facet normal 0 0 1
    outer loop
      vertex 83.9445 13.9445 30
      vertex 89.0416 18.5978 30
      vertex 88.8284 18.8284 30
    endloop
  endfacet
  facet normal -0 0 1
    outer loop
      vertex 84.2248 -13.6164 30
      vertex 90 -16 30
      vertex 84.3448 -13.4369 30
    endloop
  endfacet
  facet normal 0 0 1
    outer loop
      vertex 83.9445 13.9445 30
      vertex 88.8284 18.8284 30
      vertex 88.5978 19.0416 30
    endloop
  endfacet
  facet normal -0 0 1
    outer loop
      vertex 84.0911 -13.786 30
      vertex 90 -16 30
      vertex 84.2248 -13.6164 30
    endloop
  endfacet
  facet normal 0 0 1
    outer loop
      vertex 83.9445 13.9445 30
      vertex 88.5978 19.0416 30
      vertex 88.3511 19.2361 30
    endloop
  endfacet
  facet normal 0 0 1
    outer loop
      vertex 90 -16 30
      vertex 84.0911 -13.786 30
      vertex 89.9877 -16.3138 30
    endloop
  endfacet
  facet normal 0 0 1
    outer loop
      vertex 83.9445 13.9445 30
      vertex 88.3511 19.2361 30
      vertex 88.09 19.4106 30
    endloop
  endfacet
  facet normal 0 0 1
    outer loop
      vertex 89.9877 -16.3138 30
      vertex 84.0911 -13.786 30
      vertex 89.9508 -16.6257 30
    endloop
  endfacet
  facet normal 0 0 1
    outer loop
      vertex 83.9445 13.9445 30
      vertex 88.09 19.4106 30
      vertex 87.816 19.564 30
    endloop
  endfacet
  facet normal 0 0 1
    outer loop
      vertex 89.9508 -16.6257 30
      vertex 84.0911 -13.786 30
      vertex 89.8895 -16.9338 30
    endloop
  endfacet
  facet normal 0 0 1
    outer loop
      vertex 83.9445 13.9445 30
      vertex 87.816 19.564 30
      vertex 87.5307 19.6955 30
    endloop
  endfacet
  facet normal 0 0 1
    outer loop
      vertex 89.8895 -16.9338 30
      vertex 84.0911 -13.786 30
      vertex 89.8042 -17.2361 30
    endloop
  endfacet
  facet normal 0 0 1
    outer loop
      vertex 83.9445 13.9445 30
      vertex 87.5307 19.6955 30
      vertex 87.2361 19.8042 30
    endloop
  endfacet
  facet normal 0 0 1
    outer loop
      vertex 89.8042 -17.2361 30
      vertex 84.0911 -13.786 30
      vertex 89.6955 -17.5307 30
    endloop
  endfacet
  facet normal 0 0 1
    outer loop
      vertex 83.786 14.0911 30
      vertex 87.2361 19.8042 30
      vertex 86.9338 19.8895 30
    endloop
  endfacet
  facet normal -0 0 1
    outer loop
      vertex 83.9445 -13.9445 30
      vertex 89.6955 -17.5307 30
      vertex 84.0911 -13.786 30
    endloop
  endfacet
  facet normal 0 0 1
    outer loop
      vertex 83.786 14.0911 30
      vertex 86.9338 19.8895 30
      vertex 86.6257 19.9508 30
    endloop
  endfacet
  facet normal 0 0 1
    outer loop
      vertex 89.6955 -17.5307 30
      vertex 83.9445 -13.9445 30
      vertex 89.564 -17.816 30
    endloop
  endfacet
  facet normal 0 0 1
    outer loop
      vertex 83.786 14.0911 30
      vertex 86.6257 19.9508 30
      vertex 86.3138 19.9877 30
    endloop
  endfacet
  facet normal 0 0 1
    outer loop
      vertex 89.564 -17.816 30
      vertex 83.9445 -13.9445 30
      vertex 89.4106 -18.09 30
    endloop
  endfacet
  facet normal 0 0 1
    outer loop
      vertex 83.786 14.0911 30
      vertex 86.3138 19.9877 30
      vertex 86 20 30
    endloop
  endfacet
  facet normal 0 0 1
    outer loop
      vertex 89.4106 -18.09 30
      vertex 83.9445 -13.9445 30
      vertex 89.2361 -18.3511 30
    endloop
  endfacet
  facet normal 0 0 1
    outer loop
      vertex 89.2361 -18.3511 30
      vertex 83.9445 -13.9445 30
      vertex 89.0416 -18.5978 30
    endloop
  endfacet
  facet normal 0 0 1
    outer loop
      vertex 90 16 30
      vertex 84.7415 12.2158 30
      vertex 84.75 12 30
    endloop
  endfacet
  facet normal 0 0 1
    outer loop
      vertex 90 16 30
      vertex 84.7161 12.4302 30
      vertex 84.7415 12.2158 30
    endloop
  endfacet
  facet normal 0 0 1
    outer loop
      vertex 90 16 30
      vertex 84.674 12.642 30
      vertex 84.7161 12.4302 30
    endloop
  endfacet
  facet normal 0 0 1
    outer loop
      vertex 90 16 30
      vertex 84.6154 12.8498 30
      vertex 84.674 12.642 30
    endloop
  endfacet
  facet normal 0 0 1
    outer loop
      vertex 90 16 30
      vertex 84.5407 13.0524 30
      vertex 84.6154 12.8498 30
    endloop
  endfacet
  facet normal 0 0 1
    outer loop
      vertex 90 16 30
      vertex 84.4503 13.2485 30
      vertex 84.5407 13.0524 30
    endloop
  endfacet
  facet normal 0 0 1
    outer loop
      vertex 90 16 30
      vertex 84.3448 13.4369 30
      vertex 84.4503 13.2485 30
    endloop
  endfacet
  facet normal 0 0 1
    outer loop
      vertex 90 16 30
      vertex 84.2248 13.6164 30
      vertex 84.3448 13.4369 30
    endloop
  endfacet
  facet normal 0 0 1
    outer loop
      vertex 90 16 30
      vertex 84.0911 13.786 30
      vertex 84.2248 13.6164 30
    endloop
  endfacet
  facet normal 0 0 1
    outer loop
      vertex 89.6955 17.5307 30
      vertex 83.9445 13.9445 30
      vertex 84.0911 13.786 30
    endloop
  endfacet
  facet normal 0 0 1
    outer loop
      vertex 87.2361 19.8042 30
      vertex 83.786 14.0911 30
      vertex 83.9445 13.9445 30
    endloop
  endfacet
  facet normal 0 0 1
    outer loop
      vertex 86 20 30
      vertex 83.6164 14.2248 30
      vertex 83.786 14.0911 30
    endloop
  endfacet
  facet normal 0 0 1
    outer loop
      vertex 86 20 30
      vertex 83.4369 14.3448 30
      vertex 83.6164 14.2248 30
    endloop
  endfacet
  facet normal 0 0 1
    outer loop
      vertex 86 20 30
      vertex 83.2485 14.4503 30
      vertex 83.4369 14.3448 30
    endloop
  endfacet
  facet normal 0 0 1
    outer loop
      vertex 86 20 30
      vertex 83.0524 14.5407 30
      vertex 83.2485 14.4503 30
    endloop
  endfacet
  facet normal 0 0 1
    outer loop
      vertex 86 20 30
      vertex 82.8498 14.6154 30
      vertex 83.0524 14.5407 30
    endloop
  endfacet
  facet normal 0 0 1
    outer loop
      vertex 86 20 30
      vertex 82.642 14.674 30
      vertex 82.8498 14.6154 30
    endloop
  endfacet
  facet normal 0 0 1
    outer loop
      vertex 86 20 30
      vertex 82.4302 14.7161 30
      vertex 82.642 14.674 30
    endloop
  endfacet
  facet normal 0 0 1
    outer loop
      vertex 86 20 30
      vertex 82.2158 14.7415 30
      vertex 82.4302 14.7161 30
    endloop
  endfacet
  facet normal 0 0 1
    outer loop
      vertex 86 20 30
      vertex 82 14.75 30
      vertex 82.2158 14.7415 30
    endloop
  endfacet
  facet normal 0 0 1
    outer loop
      vertex 86 20 30
      vertex 81.7842 14.7415 30
      vertex 82 14.75 30
    endloop
  endfacet
  facet normal 0 0 1
    outer loop
      vertex 86 20 30
      vertex 81.5698 14.7161 30
      vertex 81.7842 14.7415 30
    endloop
  endfacet
  facet normal 0 0 1
    outer loop
      vertex 86 20 30
      vertex 81.358 14.674 30
      vertex 81.5698 14.7161 30
    endloop
  endfacet
  facet normal 0 0 1
    outer loop
      vertex 86 20 30
      vertex 81.1502 14.6154 30
      vertex 81.358 14.674 30
    endloop
  endfacet
  facet normal 0 0 1
    outer loop
      vertex 86 20 30
      vertex 80.9476 14.5407 30
      vertex 81.1502 14.6154 30
    endloop
  endfacet
  facet normal 0 0 1
    outer loop
      vertex 86 20 30
      vertex 80.7515 14.4503 30
      vertex 80.9476 14.5407 30
    endloop
  endfacet
  facet normal 0 0 1
    outer loop
      vertex 86 20 30
      vertex 80.5631 14.3448 30
      vertex 80.7515 14.4503 30
    endloop
  endfacet
  facet normal 0 0 1
    outer loop
      vertex 86 20 30
      vertex 80.3836 14.2248 30
      vertex 80.5631 14.3448 30
    endloop
  endfacet
  facet normal 0 0 1
    outer loop
      vertex 65.5946 9.6901 30
      vertex 80.3836 14.2248 30
      vertex 86 20 30
    endloop
  endfacet
  facet normal 0 0 1
    outer loop
      vertex 80.3836 14.2248 30
      vertex 65.5946 9.6901 30
      vertex 80.214 14.0911 30
    endloop
  endfacet
  facet normal 0 0 1
    outer loop
      vertex 79.326 -11.358 30
      vertex 65.5946 -9.6901 30
      vertex 79.2839 -11.5698 30
    endloop
  endfacet
  facet normal 0 0 1
    outer loop
      vertex 65.5946 9.6901 30
      vertex 79.25 12 30
      vertex 79.2585 12.2158 30
    endloop
  endfacet
  facet normal 0 0 1
    outer loop
      vertex 65.5946 9.6901 30
      vertex 79.2585 12.2158 30
      vertex 79.2839 12.4302 30
    endloop
  endfacet
  facet normal 0 0 1
    outer loop
      vertex 65.5946 9.6901 30
      vertex 79.2839 12.4302 30
      vertex 79.326 12.642 30
    endloop
  endfacet
  facet normal 0 0 1
    outer loop
      vertex 65.5946 9.6901 30
      vertex 79.326 12.642 30
      vertex 79.3846 12.8498 30
    endloop
  endfacet
  facet normal 0 0 1
    outer loop
      vertex 65.5946 9.6901 30
      vertex 79.3846 12.8498 30
      vertex 79.4593 13.0524 30
    endloop
  endfacet
  facet normal 0 0 1
    outer loop
      vertex 65.5946 9.6901 30
      vertex 79.4593 13.0524 30
      vertex 79.5497 13.2485 30
    endloop
  endfacet
  facet normal 0 0 1
    outer loop
      vertex 65.5946 9.6901 30
      vertex 79.5497 13.2485 30
      vertex 79.6552 13.4369 30
    endloop
  endfacet
  facet normal 0 0 1
    outer loop
      vertex 80.5631 9.65524 30
      vertex 71.1394 0.0861324 30
      vertex 71.1892 0 30
    endloop
  endfacet
  facet normal 0 0 1
    outer loop
      vertex 79.5497 10.7515 30
      vertex 65.5946 9.6901 30
      vertex 71.1394 0.0861324 30
    endloop
  endfacet
  facet normal 0 0 1
    outer loop
      vertex 79.7752 13.6164 30
      vertex 65.5946 9.6901 30
      vertex 79.6552 13.4369 30
    endloop
  endfacet
  facet normal 0 0 1
    outer loop
      vertex 79.9089 13.786 30
      vertex 65.5946 9.6901 30
      vertex 79.7752 13.6164 30
    endloop
  endfacet
  facet normal 0 0 1
    outer loop
      vertex 80.0555 13.9445 30
      vertex 65.5946 9.6901 30
      vertex 79.9089 13.786 30
    endloop
  endfacet
  facet normal 0 0 1
    outer loop
      vertex 80.214 14.0911 30
      vertex 65.5946 9.6901 30
      vertex 80.0555 13.9445 30
    endloop
  endfacet
  facet normal 0 0 1
    outer loop
      vertex 86 20 30
      vertex 54.4054 9.6901 30
      vertex 65.5946 9.6901 30
    endloop
  endfacet
  facet normal 0 0 1
    outer loop
      vertex 48.8606 0.0861324 30
      vertex 31.1892 0 30
      vertex 48.8108 0 30
    endloop
  endfacet
  facet normal 0 0 1
    outer loop
      vertex 31.1394 0.0861324 30
      vertex 48.8606 0.0861324 30
      vertex 54.4054 9.6901 30
    endloop
  endfacet
  facet normal 0 0 1
    outer loop
      vertex 48.8606 0.0861324 30
      vertex 31.1394 0.0861324 30
      vertex 31.1892 0 30
    endloop
  endfacet
  facet normal 0 0 1
    outer loop
      vertex 54.4054 9.6901 30
      vertex 25.5946 9.6901 30
      vertex 31.1394 0.0861324 30
    endloop
  endfacet
  facet normal 0 0 1
    outer loop
      vertex 86 20 30
      vertex 25.5946 9.6901 30
      vertex 54.4054 9.6901 30
    endloop
  endfacet
  facet normal 0 0 1
    outer loop
      vertex 86 20 30
      vertex 14.4054 9.6901 30
      vertex 25.5946 9.6901 30
    endloop
  endfacet
  facet normal 0 0 1
    outer loop
      vertex 8.86056 0.0861324 30
      vertex -8.81084 0 30
      vertex 8.81084 0 30
    endloop
  endfacet
  facet normal 0 0 1
    outer loop
      vertex -8.86056 0.0861324 30
      vertex 8.86056 0.0861324 30
      vertex 14.4054 9.6901 30
    endloop
  endfacet
  facet normal 0 0 1
    outer loop
      vertex 8.86056 0.0861324 30
      vertex -8.86056 0.0861324 30
      vertex -8.81084 0 30
    endloop
  endfacet
  facet normal 0 0 1
    outer loop
      vertex 14.4054 9.6901 30
      vertex -14.4054 9.6901 30
      vertex -8.86056 0.0861324 30
    endloop
  endfacet
  facet normal 0 0 1
    outer loop
      vertex 86 20 30
      vertex -14.4054 9.6901 30
      vertex 14.4054 9.6901 30
    endloop
  endfacet
  facet normal -0 0 1
    outer loop
      vertex -86 20 30
      vertex -14.4054 9.6901 30
      vertex 86 20 30
    endloop
  endfacet
  facet normal 0 0 1
    outer loop
      vertex -31.1394 0.0861324 30
      vertex -48.8108 0 30
      vertex -31.1892 0 30
    endloop
  endfacet
  facet normal 0 0 1
    outer loop
      vertex -48.8606 0.0861324 30
      vertex -31.1394 0.0861324 30
      vertex -25.5946 9.6901 30
    endloop
  endfacet
  facet normal 0 0 1
    outer loop
      vertex -31.1394 0.0861324 30
      vertex -48.8606 0.0861324 30
      vertex -48.8108 0 30
    endloop
  endfacet
  facet normal 0 0 1
    outer loop
      vertex -25.5946 9.6901 30
      vertex -54.4054 9.6901 30
      vertex -48.8606 0.0861324 30
    endloop
  endfacet
  facet normal 0 0 1
    outer loop
      vertex -14.4054 9.6901 30
      vertex -86 20 30
      vertex -25.5946 9.6901 30
    endloop
  endfacet
  facet normal 0 0 1
    outer loop
      vertex -25.5946 9.6901 30
      vertex -86 20 30
      vertex -54.4054 9.6901 30
    endloop
  endfacet
  facet normal -0 0 1
    outer loop
      vertex -79.2839 11.5698 30
      vertex -65.5946 9.6901 30
      vertex -79.2585 11.7842 30
    endloop
  endfacet
  facet normal -0 0 1
    outer loop
      vertex -79.2585 11.7842 30
      vertex -65.5946 9.6901 30
      vertex -79.25 12 30
    endloop
  endfacet
  facet normal 0 0 1
    outer loop
      vertex -54.4054 9.6901 30
      vertex -86 20 30
      vertex -65.5946 9.6901 30
    endloop
  endfacet
  facet normal 0 0 1
    outer loop
      vertex -65.5946 9.6901 30
      vertex -79.2585 12.2158 30
      vertex -79.25 12 30
    endloop
  endfacet
  facet normal 0 0 1
    outer loop
      vertex -65.5946 9.6901 30
      vertex -79.2839 12.4302 30
      vertex -79.2585 12.2158 30
    endloop
  endfacet
  facet normal 0 0 1
    outer loop
      vertex -65.5946 9.6901 30
      vertex -79.326 12.642 30
      vertex -79.2839 12.4302 30
    endloop
  endfacet
  facet normal 0 0 1
    outer loop
      vertex -65.5946 9.6901 30
      vertex -79.3846 12.8498 30
      vertex -79.326 12.642 30
    endloop
  endfacet
  facet normal 0 0 1
    outer loop
      vertex -65.5946 9.6901 30
      vertex -79.4593 13.0524 30
      vertex -79.3846 12.8498 30
    endloop
  endfacet
  facet normal 0 0 1
    outer loop
      vertex -65.5946 9.6901 30
      vertex -79.5497 13.2485 30
      vertex -79.4593 13.0524 30
    endloop
  endfacet
  facet normal 0 0 1
    outer loop
      vertex -65.5946 9.6901 30
      vertex -79.6552 13.4369 30
      vertex -79.5497 13.2485 30
    endloop
  endfacet
  facet normal 0 0 1
    outer loop
      vertex -65.5946 9.6901 30
      vertex -79.7752 13.6164 30
      vertex -79.6552 13.4369 30
    endloop
  endfacet
  facet normal 0 0 1
    outer loop
      vertex -65.5946 9.6901 30
      vertex -79.9089 13.786 30
      vertex -79.7752 13.6164 30
    endloop
  endfacet
  facet normal 0 0 1
    outer loop
      vertex -65.5946 9.6901 30
      vertex -80.0555 13.9445 30
      vertex -79.9089 13.786 30
    endloop
  endfacet
  facet normal -0 -0 1
    outer loop
      vertex -80.3836 14.2248 30
      vertex -65.5946 9.6901 30
      vertex -86 20 30
    endloop
  endfacet
  facet normal 0 0 1
    outer loop
      vertex -65.5946 9.6901 30
      vertex -80.214 14.0911 30
      vertex -80.0555 13.9445 30
    endloop
  endfacet
  facet normal 0 0 1
    outer loop
      vertex -65.5946 9.6901 30
      vertex -80.3836 14.2248 30
      vertex -80.214 14.0911 30
    endloop
  endfacet
  facet normal 0 0 1
    outer loop
      vertex -80.3836 14.2248 30
      vertex -86 20 30
      vertex -80.5631 14.3448 30
    endloop
  endfacet
  facet normal 0 0 1
    outer loop
      vertex -80.5631 14.3448 30
      vertex -86 20 30
      vertex -80.7515 14.4503 30
    endloop
  endfacet
  facet normal 0 0 1
    outer loop
      vertex -80.7515 14.4503 30
      vertex -86 20 30
      vertex -80.9476 14.5407 30
    endloop
  endfacet
  facet normal 0 0 1
    outer loop
      vertex -80.9476 14.5407 30
      vertex -86 20 30
      vertex -81.1502 14.6154 30
    endloop
  endfacet
  facet normal 0 0 1
    outer loop
      vertex -81.1502 14.6154 30
      vertex -86 20 30
      vertex -81.358 14.674 30
    endloop
  endfacet
  facet normal 0 0 1
    outer loop
      vertex -81.358 14.674 30
      vertex -86 20 30
      vertex -81.5698 14.7161 30
    endloop
  endfacet
  facet normal 0 0 1
    outer loop
      vertex -81.5698 14.7161 30
      vertex -86 20 30
      vertex -81.7842 14.7415 30
    endloop
  endfacet
  facet normal 0 0 1
    outer loop
      vertex -84.7415 12.2158 30
      vertex -90 16 30
      vertex -84.75 12 30
    endloop
  endfacet
  facet normal 0 0 1
    outer loop
      vertex -84.7161 12.4302 30
      vertex -90 16 30
      vertex -84.7415 12.2158 30
    endloop
  endfacet
  facet normal 0 0 1
    outer loop
      vertex -84.674 12.642 30
      vertex -90 16 30
      vertex -84.7161 12.4302 30
    endloop
  endfacet
  facet normal 0 0 1
    outer loop
      vertex -84.6154 12.8498 30
      vertex -90 16 30
      vertex -84.674 12.642 30
    endloop
  endfacet
  facet normal 0 0 1
    outer loop
      vertex -84.5407 13.0524 30
      vertex -90 16 30
      vertex -84.6154 12.8498 30
    endloop
  endfacet
  facet normal 0 0 1
    outer loop
      vertex -84.4503 13.2485 30
      vertex -90 16 30
      vertex -84.5407 13.0524 30
    endloop
  endfacet
  facet normal 0 0 1
    outer loop
      vertex -84.3448 13.4369 30
      vertex -90 16 30
      vertex -84.4503 13.2485 30
    endloop
  endfacet
  facet normal 0 0 1
    outer loop
      vertex -84.2248 13.6164 30
      vertex -90 16 30
      vertex -84.3448 13.4369 30
    endloop
  endfacet
  facet normal 0 0 1
    outer loop
      vertex -84.0911 13.786 30
      vertex -90 16 30
      vertex -84.2248 13.6164 30
    endloop
  endfacet
  facet normal 0 0 1
    outer loop
      vertex -83.9445 13.9445 30
      vertex -90 16 30
      vertex -84.0911 13.786 30
    endloop
  endfacet
  facet normal -0 0 1
    outer loop
      vertex -90 16 30
      vertex -83.9445 13.9445 30
      vertex -86 20 30
    endloop
  endfacet
  facet normal 0 0 1
    outer loop
      vertex -83.786 14.0911 30
      vertex -86 20 30
      vertex -83.9445 13.9445 30
    endloop
  endfacet
  facet normal 0 0 1
    outer loop
      vertex -83.6164 14.2248 30
      vertex -86 20 30
      vertex -83.786 14.0911 30
    endloop
  endfacet
  facet normal 0 0 1
    outer loop
      vertex -83.4369 14.3448 30
      vertex -86 20 30
      vertex -83.6164 14.2248 30
    endloop
  endfacet
  facet normal 0 0 1
    outer loop
      vertex -83.2485 14.4503 30
      vertex -86 20 30
      vertex -83.4369 14.3448 30
    endloop
  endfacet
  facet normal 0 0 1
    outer loop
      vertex -83.0524 14.5407 30
      vertex -86 20 30
      vertex -83.2485 14.4503 30
    endloop
  endfacet
  facet normal 0 0 1
    outer loop
      vertex -82.8498 14.6154 30
      vertex -86 20 30
      vertex -83.0524 14.5407 30
    endloop
  endfacet
  facet normal 0 0 1
    outer loop
      vertex -82.642 14.674 30
      vertex -86 20 30
      vertex -82.8498 14.6154 30
    endloop
  endfacet
  facet normal 0 0 1
    outer loop
      vertex -82.4302 14.7161 30
      vertex -86 20 30
      vertex -82.642 14.674 30
    endloop
  endfacet
  facet normal 0 0 1
    outer loop
      vertex -82.2158 14.7415 30
      vertex -86 20 30
      vertex -82.4302 14.7161 30
    endloop
  endfacet
  facet normal 0 0 1
    outer loop
      vertex -82 14.75 30
      vertex -86 20 30
      vertex -82.2158 14.7415 30
    endloop
  endfacet
  facet normal 0 0 1
    outer loop
      vertex -81.7842 14.7415 30
      vertex -86 20 30
      vertex -82 14.75 30
    endloop
  endfacet
  facet normal 0 0 1
    outer loop
      vertex 89.0416 -18.5978 30
      vertex 83.9445 -13.9445 30
      vertex 88.8284 -18.8284 30
    endloop
  endfacet
  facet normal 0 0 1
    outer loop
      vertex 88.8284 -18.8284 30
      vertex 83.9445 -13.9445 30
      vertex 88.5978 -19.0416 30
    endloop
  endfacet
  facet normal 0 0 1
    outer loop
      vertex 88.5978 -19.0416 30
      vertex 83.9445 -13.9445 30
      vertex 88.3511 -19.2361 30
    endloop
  endfacet
  facet normal 0 0 1
    outer loop
      vertex 88.3511 -19.2361 30
      vertex 83.9445 -13.9445 30
      vertex 88.09 -19.4106 30
    endloop
  endfacet
  facet normal 0 0 1
    outer loop
      vertex 88.09 -19.4106 30
      vertex 83.9445 -13.9445 30
      vertex 87.816 -19.564 30
    endloop
  endfacet
  facet normal 0 0 1
    outer loop
      vertex 87.816 -19.564 30
      vertex 83.9445 -13.9445 30
      vertex 87.5307 -19.6955 30
    endloop
  endfacet
  facet normal 0 0 1
    outer loop
      vertex 87.5307 -19.6955 30
      vertex 83.9445 -13.9445 30
      vertex 87.2361 -19.8042 30
    endloop
  endfacet
  facet normal -0 0 1
    outer loop
      vertex 83.786 -14.0911 30
      vertex 87.2361 -19.8042 30
      vertex 83.9445 -13.9445 30
    endloop
  endfacet
  facet normal 0 0 1
    outer loop
      vertex 87.2361 -19.8042 30
      vertex 83.786 -14.0911 30
      vertex 86.9338 -19.8895 30
    endloop
  endfacet
  facet normal 0 0 1
    outer loop
      vertex 86.9338 -19.8895 30
      vertex 83.786 -14.0911 30
      vertex 86.6257 -19.9508 30
    endloop
  endfacet
  facet normal 0 0 1
    outer loop
      vertex 86.6257 -19.9508 30
      vertex 83.786 -14.0911 30
      vertex 86.3138 -19.9877 30
    endloop
  endfacet
  facet normal 0 0 1
    outer loop
      vertex 86.3138 -19.9877 30
      vertex 83.786 -14.0911 30
      vertex 86 -20 30
    endloop
  endfacet
  facet normal -0 0 1
    outer loop
      vertex 83.6164 -14.2248 30
      vertex 86 -20 30
      vertex 83.786 -14.0911 30
    endloop
  endfacet
  facet normal -0 0 1
    outer loop
      vertex 83.4369 -14.3448 30
      vertex 86 -20 30
      vertex 83.6164 -14.2248 30
    endloop
  endfacet
  facet normal -0 0 1
    outer loop
      vertex 83.2485 -14.4503 30
      vertex 86 -20 30
      vertex 83.4369 -14.3448 30
    endloop
  endfacet
  facet normal -0 0 1
    outer loop
      vertex 83.0524 -14.5407 30
      vertex 86 -20 30
      vertex 83.2485 -14.4503 30
    endloop
  endfacet
  facet normal -0 0 1
    outer loop
      vertex 82.8498 -14.6154 30
      vertex 86 -20 30
      vertex 83.0524 -14.5407 30
    endloop
  endfacet
  facet normal -0 0 1
    outer loop
      vertex 82.642 -14.674 30
      vertex 86 -20 30
      vertex 82.8498 -14.6154 30
    endloop
  endfacet
  facet normal -0 0 1
    outer loop
      vertex 82.4302 -14.7161 30
      vertex 86 -20 30
      vertex 82.642 -14.674 30
    endloop
  endfacet
  facet normal -0 0 1
    outer loop
      vertex 82.2158 -14.7415 30
      vertex 86 -20 30
      vertex 82.4302 -14.7161 30
    endloop
  endfacet
  facet normal -0 0 1
    outer loop
      vertex 82 -14.75 30
      vertex 86 -20 30
      vertex 82.2158 -14.7415 30
    endloop
  endfacet
  facet normal 0 0 1
    outer loop
      vertex 81.7842 -14.7415 30
      vertex 86 -20 30
      vertex 82 -14.75 30
    endloop
  endfacet
  facet normal 0 0 1
    outer loop
      vertex 81.5698 -14.7161 30
      vertex 86 -20 30
      vertex 81.7842 -14.7415 30
    endloop
  endfacet
  facet normal 0 0 1
    outer loop
      vertex 81.358 -14.674 30
      vertex 86 -20 30
      vertex 81.5698 -14.7161 30
    endloop
  endfacet
  facet normal 0 0 1
    outer loop
      vertex 81.1502 -14.6154 30
      vertex 86 -20 30
      vertex 81.358 -14.674 30
    endloop
  endfacet
  facet normal 0 0 1
    outer loop
      vertex 80.9476 -14.5407 30
      vertex 86 -20 30
      vertex 81.1502 -14.6154 30
    endloop
  endfacet
  facet normal 0 0 1
    outer loop
      vertex 80.7515 -14.4503 30
      vertex 86 -20 30
      vertex 80.9476 -14.5407 30
    endloop
  endfacet
  facet normal 0 0 1
    outer loop
      vertex 80.5631 -14.3448 30
      vertex 86 -20 30
      vertex 80.7515 -14.4503 30
    endloop
  endfacet
  facet normal 0 0 1
    outer loop
      vertex 62.4548 -16.9787 30
      vertex 80.5631 -14.3448 30
      vertex 80.3836 -14.2248 30
    endloop
  endfacet
  facet normal 0 0 1
    outer loop
      vertex 62.4548 -16.9787 30
      vertex 80.3836 -14.2248 30
      vertex 80.214 -14.0911 30
    endloop
  endfacet
  facet normal 0 0 1
    outer loop
      vertex 62.4548 -16.9787 30
      vertex 80.214 -14.0911 30
      vertex 80.0555 -13.9445 30
    endloop
  endfacet
  facet normal 0 0 1
    outer loop
      vertex 79.2839 -11.5698 30
      vertex 65.5946 -9.6901 30
      vertex 79.2585 -11.7842 30
    endloop
  endfacet
  facet normal 0 0 1
    outer loop
      vertex 79.2585 -11.7842 30
      vertex 65.5946 -9.6901 30
      vertex 79.25 -12 30
    endloop
  endfacet
  facet normal 0 0 1
    outer loop
      vertex 79.25 -12 30
      vertex 65.5946 -9.6901 30
      vertex 79.2585 -12.2158 30
    endloop
  endfacet
  facet normal 0 0 1
    outer loop
      vertex 79.2585 -12.2158 30
      vertex 65.5946 -9.6901 30
      vertex 79.2839 -12.4302 30
    endloop
  endfacet
  facet normal 0 0 1
    outer loop
      vertex 79.2839 -12.4302 30
      vertex 65.5946 -9.6901 30
      vertex 79.326 -12.642 30
    endloop
  endfacet
  facet normal 0 0 1
    outer loop
      vertex 79.326 -12.642 30
      vertex 65.5946 -9.6901 30
      vertex 79.3846 -12.8498 30
    endloop
  endfacet
  facet normal 0 0 1
    outer loop
      vertex 63.0381 -16.0065 30
      vertex 79.3846 -12.8498 30
      vertex 65.5946 -9.6901 30
    endloop
  endfacet
  facet normal 0 0 1
    outer loop
      vertex 79.3846 -12.8498 30
      vertex 63.0381 -16.0065 30
      vertex 79.4593 -13.0524 30
    endloop
  endfacet
  facet normal 0 0 1
    outer loop
      vertex 79.4593 -13.0524 30
      vertex 63.0381 -16.0065 30
      vertex 79.5497 -13.2485 30
    endloop
  endfacet
  facet normal 0 0 1
    outer loop
      vertex 79.5497 -13.2485 30
      vertex 63.0381 -16.0065 30
      vertex 79.6552 -13.4369 30
    endloop
  endfacet
  facet normal 0 0 1
    outer loop
      vertex 79.6552 -13.4369 30
      vertex 63.0381 -16.0065 30
      vertex 79.7752 -13.6164 30
    endloop
  endfacet
  facet normal 0 0 1
    outer loop
      vertex 79.7752 -13.6164 30
      vertex 63.0381 -16.0065 30
      vertex 79.9089 -13.786 30
    endloop
  endfacet
  facet normal 0 0 1
    outer loop
      vertex 79.9089 -13.786 30
      vertex 63.0381 -16.0065 30
      vertex 80.0555 -13.9445 30
    endloop
  endfacet
  facet normal 0 0 1
    outer loop
      vertex 63.0381 -16.0065 30
      vertex 65.5946 -9.6901 30
      vertex 63.0381 -15.5676 30
    endloop
  endfacet
  facet normal 0 0 1
    outer loop
      vertex 62.4548 -16.9787 30
      vertex 80.0555 -13.9445 30
      vertex 63.0381 -16.0065 30
    endloop
  endfacet
  facet normal 0 0 1
    outer loop
      vertex 62.4548 -16.9787 30
      vertex 63.0381 -16.0065 30
      vertex 62.4548 -16.0065 30
    endloop
  endfacet
  facet normal 0 0 1
    outer loop
      vertex 80.5631 -14.3448 30
      vertex 62.4548 -16.9787 30
      vertex 86 -20 30
    endloop
  endfacet
  facet normal -0 0 1
    outer loop
      vertex 61.9659 -16.9787 30
      vertex 86 -20 30
      vertex 62.4548 -16.9787 30
    endloop
  endfacet
  facet normal -0 0 1
    outer loop
      vertex 58.801 -13.3843 30
      vertex 60.3047 -15.4899 30
      vertex 60.1288 -13.3843 30
    endloop
  endfacet
  facet normal 0 0 1
    outer loop
      vertex 58.801 -16.9787 30
      vertex 60.3047 -15.4899 30
      vertex 58.801 -13.3843 30
    endloop
  endfacet
  facet normal 0 0 1
    outer loop
      vertex 60.3047 -15.4899 30
      vertex 58.801 -16.9787 30
      vertex 60.3047 -16.0065 30
    endloop
  endfacet
  facet normal 0 0 1
    outer loop
      vertex 58.801 -16.9787 30
      vertex 61.9659 -16.9787 30
      vertex 60.3047 -16.0065 30
    endloop
  endfacet
  facet normal -0 0 1
    outer loop
      vertex 58.801 -16.9787 30
      vertex 86 -20 30
      vertex 61.9659 -16.9787 30
    endloop
  endfacet
  facet normal -0 0 1
    outer loop
      vertex 58.2843 -16.9787 30
      vertex 86 -20 30
      vertex 58.801 -16.9787 30
    endloop
  endfacet
  facet normal 0 0 1
    outer loop
      vertex 54.4054 -9.6901 30
      vertex 58.2843 -16.9787 30
      vertex 56.951 -13.3843 30
    endloop
  endfacet
  facet normal 0 0 1
    outer loop
      vertex 25.5946 -9.6901 30
      vertex 54.4054 -9.6901 30
      vertex 48.8606 -0.0861324 30
    endloop
  endfacet
  facet normal 0 0 1
    outer loop
      vertex 31.1394 -0.0861324 30
      vertex 48.8606 -0.0861324 30
      vertex 48.8108 0 30
    endloop
  endfacet
  facet normal 0 0 1
    outer loop
      vertex 31.1394 -0.0861324 30
      vertex 48.8108 0 30
      vertex 31.1892 0 30
    endloop
  endfacet
  facet normal 0 0 1
    outer loop
      vertex 48.8606 -0.0861324 30
      vertex 31.1394 -0.0861324 30
      vertex 25.5946 -9.6901 30
    endloop
  endfacet
  facet normal 0 0 1
    outer loop
      vertex 22.9475 -15.9947 30
      vertex 54.4054 -9.6901 30
      vertex 25.5946 -9.6901 30
    endloop
  endfacet
  facet normal 0 0 1
    outer loop
      vertex 22.9475 -15.9947 30
      vertex 25.5946 -9.6901 30
      vertex 22.9603 -15.794 30
    endloop
  endfacet
  facet normal 0 0 1
    outer loop
      vertex 22.9099 -16.1809 30
      vertex 54.4054 -9.6901 30
      vertex 22.9475 -15.9947 30
    endloop
  endfacet
  facet normal 0 0 1
    outer loop
      vertex 54.4054 -9.6901 30
      vertex 22.9099 -16.1809 30
      vertex 58.2843 -16.9787 30
    endloop
  endfacet
  facet normal -0 0 1
    outer loop
      vertex 22.8485 -16.3516 30
      vertex 58.2843 -16.9787 30
      vertex 22.9099 -16.1809 30
    endloop
  endfacet
  facet normal -0 0 1
    outer loop
      vertex 22.7644 -16.5059 30
      vertex 58.2843 -16.9787 30
      vertex 22.8485 -16.3516 30
    endloop
  endfacet
  facet normal -0 0 1
    outer loop
      vertex 22.6585 -16.6428 30
      vertex 58.2843 -16.9787 30
      vertex 22.7644 -16.5059 30
    endloop
  endfacet
  facet normal -0 0 1
    outer loop
      vertex 22.532 -16.7613 30
      vertex 58.2843 -16.9787 30
      vertex 22.6585 -16.6428 30
    endloop
  endfacet
  facet normal -0 0 1
    outer loop
      vertex 22.386 -16.8605 30
      vertex 58.2843 -16.9787 30
      vertex 22.532 -16.7613 30
    endloop
  endfacet
  facet normal -0 0 1
    outer loop
      vertex 22.2214 -16.9393 30
      vertex 58.2843 -16.9787 30
      vertex 22.386 -16.8605 30
    endloop
  endfacet
  facet normal 0 0 1
    outer loop
      vertex 22.0393 -16.9968 30
      vertex 58.2843 -16.9787 30
      vertex 22.2214 -16.9393 30
    endloop
  endfacet
  facet normal 0 0 1
    outer loop
      vertex 21.8408 -17.032 30
      vertex 58.2843 -16.9787 30
      vertex 22.0393 -16.9968 30
    endloop
  endfacet
  facet normal 0 0 1
    outer loop
      vertex 58.2843 -16.9787 30
      vertex 21.8408 -17.032 30
      vertex 86 -20 30
    endloop
  endfacet
  facet normal -0 0 1
    outer loop
      vertex 21.627 -17.044 30
      vertex 86 -20 30
      vertex 21.8408 -17.032 30
    endloop
  endfacet
  facet normal 0 0 1
    outer loop
      vertex -17.0397 -16.9732 30
      vertex 21.627 -17.044 30
      vertex 21.4839 -17.0392 30
    endloop
  endfacet
  facet normal -0 0 1
    outer loop
      vertex 18.801 -13.3218 30
      vertex 20.4103 -14.194 30
      vertex 20.1288 -13.3218 30
    endloop
  endfacet
  facet normal 0 0 1
    outer loop
      vertex 20.4103 -14.194 30
      vertex 18.801 -13.3218 30
      vertex 20.327 -15.7496 30
    endloop
  endfacet
  facet normal 0 0 1
    outer loop
      vertex 18.801 -16.9162 30
      vertex 20.327 -15.7496 30
      vertex 18.801 -13.3218 30
    endloop
  endfacet
  facet normal 0 0 1
    outer loop
      vertex 20.327 -15.7496 30
      vertex 18.801 -16.9162 30
      vertex 20.3338 -15.8347 30
    endloop
  endfacet
  facet normal 0 0 1
    outer loop
      vertex 20.3338 -15.8347 30
      vertex 18.801 -16.9162 30
      vertex 20.3424 -15.9148 30
    endloop
  endfacet
  facet normal 0 0 1
    outer loop
      vertex 20.3424 -15.9148 30
      vertex 18.801 -16.9162 30
      vertex 20.3527 -15.99 30
    endloop
  endfacet
  facet normal 0 0 1
    outer loop
      vertex 20.3527 -15.99 30
      vertex 18.801 -16.9162 30
      vertex 20.3647 -16.0608 30
    endloop
  endfacet
  facet normal 0 0 1
    outer loop
      vertex 20.3647 -16.0608 30
      vertex 18.801 -16.9162 30
      vertex 20.3784 -16.1274 30
    endloop
  endfacet
  facet normal 0 0 1
    outer loop
      vertex 20.3784 -16.1274 30
      vertex 18.801 -16.9162 30
      vertex 20.394 -16.1903 30
    endloop
  endfacet
  facet normal 0 0 1
    outer loop
      vertex 20.394 -16.1903 30
      vertex 18.801 -16.9162 30
      vertex 20.4113 -16.2498 30
    endloop
  endfacet
  facet normal 0 0 1
    outer loop
      vertex 20.4113 -16.2498 30
      vertex 18.801 -16.9162 30
      vertex 20.4305 -16.3062 30
    endloop
  endfacet
  facet normal 0 0 1
    outer loop
      vertex 20.4305 -16.3062 30
      vertex 18.801 -16.9162 30
      vertex 20.4515 -16.3599 30
    endloop
  endfacet
  facet normal 0 0 1
    outer loop
      vertex 20.4515 -16.3599 30
      vertex 18.801 -16.9162 30
      vertex 20.4744 -16.4113 30
    endloop
  endfacet
  facet normal 0 0 1
    outer loop
      vertex 20.4744 -16.4113 30
      vertex 18.801 -16.9162 30
      vertex 20.4992 -16.4607 30
    endloop
  endfacet
  facet normal 0 0 1
    outer loop
      vertex 18.801 -16.9162 30
      vertex 20.5596 -16.5619 30
      vertex 20.4992 -16.4607 30
    endloop
  endfacet
  facet normal 0 0 1
    outer loop
      vertex 18.801 -16.9162 30
      vertex 20.6288 -16.6535 30
      vertex 20.5596 -16.5619 30
    endloop
  endfacet
  facet normal 0 0 1
    outer loop
      vertex 18.801 -16.9162 30
      vertex 20.7066 -16.7355 30
      vertex 20.6288 -16.6535 30
    endloop
  endfacet
  facet normal 0 0 1
    outer loop
      vertex 18.801 -16.9162 30
      vertex 20.7929 -16.8078 30
      vertex 20.7066 -16.7355 30
    endloop
  endfacet
  facet normal 0 0 1
    outer loop
      vertex 18.801 -16.9162 30
      vertex 20.8876 -16.8705 30
      vertex 20.7929 -16.8078 30
    endloop
  endfacet
  facet normal -0 0 1
    outer loop
      vertex 18.801 -16.9162 30
      vertex 20.9906 -16.9235 30
      vertex 20.8876 -16.8705 30
    endloop
  endfacet
  facet normal 0 0 1
    outer loop
      vertex 18.801 -16.9162 30
      vertex 21.1019 -16.9669 30
      vertex 20.9906 -16.9235 30
    endloop
  endfacet
  facet normal 0 0 1
    outer loop
      vertex 18.801 -16.9162 30
      vertex 21.2212 -17.0006 30
      vertex 21.1019 -16.9669 30
    endloop
  endfacet
  facet normal 0 0 1
    outer loop
      vertex 18.801 -16.9162 30
      vertex 21.3486 -17.0247 30
      vertex 21.2212 -17.0006 30
    endloop
  endfacet
  facet normal 0 0 1
    outer loop
      vertex 18.801 -16.9162 30
      vertex 21.4839 -17.0392 30
      vertex 21.3486 -17.0247 30
    endloop
  endfacet
  facet normal -0 0 1
    outer loop
      vertex 18.2843 -16.9162 30
      vertex 21.4839 -17.0392 30
      vertex 18.801 -16.9162 30
    endloop
  endfacet
  facet normal -0 0 1
    outer loop
      vertex -17.0397 -16.9732 30
      vertex 21.4839 -17.0392 30
      vertex 18.2843 -16.9162 30
    endloop
  endfacet
  facet normal 0 0 1
    outer loop
      vertex 14.4054 -9.6901 30
      vertex 18.2843 -16.9162 30
      vertex 16.951 -13.3218 30
    endloop
  endfacet
  facet normal 0 0 1
    outer loop
      vertex -14.4054 -9.6901 30
      vertex 14.4054 -9.6901 30
      vertex 8.86056 -0.0861324 30
    endloop
  endfacet
  facet normal 0 0 1
    outer loop
      vertex -8.86056 -0.0861324 30
      vertex 8.86056 -0.0861324 30
      vertex 8.81084 0 30
    endloop
  endfacet
  facet normal 0 0 1
    outer loop
      vertex -8.86056 -0.0861324 30
      vertex 8.81084 0 30
      vertex -8.81084 0 30
    endloop
  endfacet
  facet normal 0 0 1
    outer loop
      vertex 8.86056 -0.0861324 30
      vertex -8.86056 -0.0861324 30
      vertex -14.4054 -9.6901 30
    endloop
  endfacet
  facet normal 0 0 1
    outer loop
      vertex -17.0397 -16.9732 30
      vertex 14.4054 -9.6901 30
      vertex -14.4054 -9.6901 30
    endloop
  endfacet
  facet normal 0 0 1
    outer loop
      vertex -17.0189 -14.2671 30
      vertex -14.4054 -9.6901 30
      vertex -17.0119 -14.1343 30
    endloop
  endfacet
  facet normal 0 0 1
    outer loop
      vertex -17.0397 -16.4954 30
      vertex -14.4054 -9.6901 30
      vertex -17.0189 -14.2671 30
    endloop
  endfacet
  facet normal 0 0 1
    outer loop
      vertex -17.0397 -16.9732 30
      vertex -14.4054 -9.6901 30
      vertex -17.0397 -16.4954 30
    endloop
  endfacet
  facet normal 0 0 1
    outer loop
      vertex 14.4054 -9.6901 30
      vertex -17.0397 -16.9732 30
      vertex 18.2843 -16.9162 30
    endloop
  endfacet
  facet normal 0 0 1
    outer loop
      vertex 21.627 -17.044 30
      vertex -17.0397 -16.9732 30
      vertex 86 -20 30
    endloop
  endfacet
  facet normal 0 0 1
    outer loop
      vertex -86 -20 30
      vertex -17.0397 -16.9732 30
      vertex -19.6619 -16.9732 30
    endloop
  endfacet
  facet normal 0 0 1
    outer loop
      vertex -19.5688 -14.2441 30
      vertex -21.199 -13.3843 30
      vertex -19.573 -14.351 30
    endloop
  endfacet
  facet normal 0 0 1
    outer loop
      vertex -19.573 -14.351 30
      vertex -21.199 -13.3843 30
      vertex -21.199 -16.9787 30
    endloop
  endfacet
  facet normal 0 0 1
    outer loop
      vertex -19.6447 -16.7457 30
      vertex -21.199 -16.9787 30
      vertex -19.6619 -16.9732 30
    endloop
  endfacet
  facet normal 0 0 1
    outer loop
      vertex -86 -20 30
      vertex -19.6619 -16.9732 30
      vertex -21.199 -16.9787 30
    endloop
  endfacet
  facet normal 0 0 1
    outer loop
      vertex -86 -20 30
      vertex -21.199 -16.9787 30
      vertex -21.7157 -16.9787 30
    endloop
  endfacet
  facet normal 0 0 1
    outer loop
      vertex -25.5946 -9.6901 30
      vertex -21.7157 -16.9787 30
      vertex -23.049 -13.3843 30
    endloop
  endfacet
  facet normal 0 0 1
    outer loop
      vertex -54.4054 -9.6901 30
      vertex -25.5946 -9.6901 30
      vertex -31.1394 -0.0861324 30
    endloop
  endfacet
  facet normal 0 0 1
    outer loop
      vertex -48.8606 -0.0861324 30
      vertex -31.1394 -0.0861324 30
      vertex -31.1892 0 30
    endloop
  endfacet
  facet normal 0 0 1
    outer loop
      vertex -48.8606 -0.0861324 30
      vertex -31.1892 0 30
      vertex -48.8108 0 30
    endloop
  endfacet
  facet normal 0 0 1
    outer loop
      vertex -31.1394 -0.0861324 30
      vertex -48.8606 -0.0861324 30
      vertex -54.4054 -9.6901 30
    endloop
  endfacet
  facet normal 0 0 1
    outer loop
      vertex -57.923 -16.9787 30
      vertex -25.5946 -9.6901 30
      vertex -54.4054 -9.6901 30
    endloop
  endfacet
  facet normal 0 0 1
    outer loop
      vertex -57.923 -16.9787 30
      vertex -54.4054 -9.6901 30
      vertex -57.923 -12.9621 30
    endloop
  endfacet
  facet normal 0 0 1
    outer loop
      vertex -25.5946 -9.6901 30
      vertex -57.923 -16.9787 30
      vertex -21.7157 -16.9787 30
    endloop
  endfacet
  facet normal 0 0 1
    outer loop
      vertex -86 -20 30
      vertex -21.7157 -16.9787 30
      vertex -57.923 -16.9787 30
    endloop
  endfacet
  facet normal 0 0 1
    outer loop
      vertex -86 -20 30
      vertex -57.923 -16.9787 30
      vertex -58.4119 -16.9787 30
    endloop
  endfacet
  facet normal 0 0 1
    outer loop
      vertex -59.2841 -13.7621 30
      vertex -59.8712 -13.3843 30
      vertex -59.2841 -14.1176 30
    endloop
  endfacet
  facet normal -0 0 1
    outer loop
      vertex -61.199 -13.3843 30
      vertex -59.2841 -14.1176 30
      vertex -59.8712 -13.3843 30
    endloop
  endfacet
  facet normal 0 0 1
    outer loop
      vertex -59.2841 -14.1176 30
      vertex -61.199 -13.3843 30
      vertex -61.199 -16.9787 30
    endloop
  endfacet
  facet normal 0 0 1
    outer loop
      vertex -59.2841 -14.1176 30
      vertex -61.199 -16.9787 30
      vertex -58.4119 -16.9787 30
    endloop
  endfacet
  facet normal 0 0 1
    outer loop
      vertex -86 -20 30
      vertex -58.4119 -16.9787 30
      vertex -61.199 -16.9787 30
    endloop
  endfacet
  facet normal 0 0 1
    outer loop
      vertex -86 -20 30
      vertex -61.199 -16.9787 30
      vertex -61.7157 -16.9787 30
    endloop
  endfacet
  facet normal -0 0 1
    outer loop
      vertex -79.4593 -13.0524 30
      vertex -63.049 -13.3843 30
      vertex -65.5946 -9.6901 30
    endloop
  endfacet
  facet normal 0 0 1
    outer loop
      vertex -79.25 -12 30
      vertex -65.5946 -9.6901 30
      vertex -71.1394 -0.0861324 30
    endloop
  endfacet
  facet normal 0 0 1
    outer loop
      vertex -79.25 -12 30
      vertex -71.1394 -0.0861324 30
      vertex -71.1892 0 30
    endloop
  endfacet
  facet normal -0 0 1
    outer loop
      vertex -79.326 11.358 30
      vertex -65.5946 9.6901 30
      vertex -79.2839 11.5698 30
    endloop
  endfacet
  facet normal 0 0 1
    outer loop
      vertex -79.2585 -12.2158 30
      vertex -65.5946 -9.6901 30
      vertex -79.25 -12 30
    endloop
  endfacet
  facet normal 0 0 1
    outer loop
      vertex -79.2839 -12.4302 30
      vertex -65.5946 -9.6901 30
      vertex -79.2585 -12.2158 30
    endloop
  endfacet
  facet normal 0 0 1
    outer loop
      vertex -79.326 -12.642 30
      vertex -65.5946 -9.6901 30
      vertex -79.2839 -12.4302 30
    endloop
  endfacet
  facet normal 0 0 1
    outer loop
      vertex -79.3846 -12.8498 30
      vertex -65.5946 -9.6901 30
      vertex -79.326 -12.642 30
    endloop
  endfacet
  facet normal 0 0 1
    outer loop
      vertex -79.4593 -13.0524 30
      vertex -65.5946 -9.6901 30
      vertex -79.3846 -12.8498 30
    endloop
  endfacet
  facet normal 0 0 1
    outer loop
      vertex -63.049 -13.3843 30
      vertex -79.4593 -13.0524 30
      vertex -79.5497 -13.2485 30
    endloop
  endfacet
  facet normal 0 0 1
    outer loop
      vertex -79.6552 -13.4369 30
      vertex -63.049 -13.3843 30
      vertex -79.5497 -13.2485 30
    endloop
  endfacet
  facet normal 0 0 1
    outer loop
      vertex -63.049 -13.3843 30
      vertex -79.6552 -13.4369 30
      vertex -61.7157 -16.9787 30
    endloop
  endfacet
  facet normal -0 0 1
    outer loop
      vertex -79.7752 -13.6164 30
      vertex -61.7157 -16.9787 30
      vertex -79.6552 -13.4369 30
    endloop
  endfacet
  facet normal -0 0 1
    outer loop
      vertex -79.9089 -13.786 30
      vertex -61.7157 -16.9787 30
      vertex -79.7752 -13.6164 30
    endloop
  endfacet
  facet normal -0 0 1
    outer loop
      vertex -80.0555 -13.9445 30
      vertex -61.7157 -16.9787 30
      vertex -79.9089 -13.786 30
    endloop
  endfacet
  facet normal -0 0 1
    outer loop
      vertex -80.214 -14.0911 30
      vertex -61.7157 -16.9787 30
      vertex -80.0555 -13.9445 30
    endloop
  endfacet
  facet normal -0 0 1
    outer loop
      vertex -80.3836 -14.2248 30
      vertex -61.7157 -16.9787 30
      vertex -80.214 -14.0911 30
    endloop
  endfacet
  facet normal -0 0 1
    outer loop
      vertex -80.5631 -14.3448 30
      vertex -61.7157 -16.9787 30
      vertex -80.3836 -14.2248 30
    endloop
  endfacet
  facet normal 0 0 1
    outer loop
      vertex -86 -20 30
      vertex -80.5631 -14.3448 30
      vertex -80.7515 -14.4503 30
    endloop
  endfacet
  facet normal 0 0 1
    outer loop
      vertex -86 -20 30
      vertex -80.7515 -14.4503 30
      vertex -80.9476 -14.5407 30
    endloop
  endfacet
  facet normal 0 0 1
    outer loop
      vertex -86 -20 30
      vertex -80.9476 -14.5407 30
      vertex -81.1502 -14.6154 30
    endloop
  endfacet
  facet normal 0 0 1
    outer loop
      vertex -86 -20 30
      vertex -81.1502 -14.6154 30
      vertex -81.358 -14.674 30
    endloop
  endfacet
  facet normal 0 0 1
    outer loop
      vertex -86 -20 30
      vertex -81.358 -14.674 30
      vertex -81.5698 -14.7161 30
    endloop
  endfacet
  facet normal 0 0 1
    outer loop
      vertex -86 -20 30
      vertex -81.5698 -14.7161 30
      vertex -81.7842 -14.7415 30
    endloop
  endfacet
  facet normal 0 0 1
    outer loop
      vertex -86 -20 30
      vertex -81.7842 -14.7415 30
      vertex -82 -14.75 30
    endloop
  endfacet
  facet normal 0 0 1
    outer loop
      vertex -86 -20 30
      vertex -82 -14.75 30
      vertex -82.2158 -14.7415 30
    endloop
  endfacet
  facet normal 0 0 1
    outer loop
      vertex -17.0397 -16.9732 30
      vertex -86 -20 30
      vertex 86 -20 30
    endloop
  endfacet
  facet normal 0 0 1
    outer loop
      vertex -80.5631 -14.3448 30
      vertex -86 -20 30
      vertex -61.7157 -16.9787 30
    endloop
  endfacet
  facet normal 0 0 1
    outer loop
      vertex -82.4302 -14.7161 30
      vertex -86 -20 30
      vertex -82.2158 -14.7415 30
    endloop
  endfacet
  facet normal 0 0 1
    outer loop
      vertex -82.642 -14.674 30
      vertex -86 -20 30
      vertex -82.4302 -14.7161 30
    endloop
  endfacet
  facet normal 0 0 1
    outer loop
      vertex -82.8498 -14.6154 30
      vertex -86 -20 30
      vertex -82.642 -14.674 30
    endloop
  endfacet
  facet normal 0 0 1
    outer loop
      vertex -83.0524 -14.5407 30
      vertex -86 -20 30
      vertex -82.8498 -14.6154 30
    endloop
  endfacet
  facet normal 0 0 1
    outer loop
      vertex -83.2485 -14.4503 30
      vertex -86 -20 30
      vertex -83.0524 -14.5407 30
    endloop
  endfacet
  facet normal 0 0 1
    outer loop
      vertex -83.4369 -14.3448 30
      vertex -86 -20 30
      vertex -83.2485 -14.4503 30
    endloop
  endfacet
  facet normal 0 0 1
    outer loop
      vertex -83.6164 -14.2248 30
      vertex -86 -20 30
      vertex -83.4369 -14.3448 30
    endloop
  endfacet
  facet normal 0 0 1
    outer loop
      vertex -83.786 -14.0911 30
      vertex -86 -20 30
      vertex -83.6164 -14.2248 30
    endloop
  endfacet
  facet normal 0 0 1
    outer loop
      vertex -87.2361 -19.8042 30
      vertex -83.786 -14.0911 30
      vertex -83.9445 -13.9445 30
    endloop
  endfacet
  facet normal 0 0 1
    outer loop
      vertex -89.6955 -17.5307 30
      vertex -83.9445 -13.9445 30
      vertex -84.0911 -13.786 30
    endloop
  endfacet
  facet normal 0 0 1
    outer loop
      vertex -90 -16 30
      vertex -84.0911 -13.786 30
      vertex -84.2248 -13.6164 30
    endloop
  endfacet
  facet normal 0 0 1
    outer loop
      vertex -90 -16 30
      vertex -84.2248 -13.6164 30
      vertex -84.3448 -13.4369 30
    endloop
  endfacet
  facet normal 0 0 1
    outer loop
      vertex -90 -16 30
      vertex -84.3448 -13.4369 30
      vertex -84.4503 -13.2485 30
    endloop
  endfacet
  facet normal 0 0 1
    outer loop
      vertex -90 -16 30
      vertex -84.4503 -13.2485 30
      vertex -84.5407 -13.0524 30
    endloop
  endfacet
  facet normal 0 0 1
    outer loop
      vertex -90 -16 30
      vertex -84.5407 -13.0524 30
      vertex -84.6154 -12.8498 30
    endloop
  endfacet
  facet normal 0 0 1
    outer loop
      vertex -90 -16 30
      vertex -84.6154 -12.8498 30
      vertex -84.674 -12.642 30
    endloop
  endfacet
  facet normal 0 0 1
    outer loop
      vertex -90 -16 30
      vertex -84.674 -12.642 30
      vertex -84.7161 -12.4302 30
    endloop
  endfacet
  facet normal 0 0 1
    outer loop
      vertex -90 -16 30
      vertex -84.7161 -12.4302 30
      vertex -84.7415 -12.2158 30
    endloop
  endfacet
  facet normal 0 0 1
    outer loop
      vertex -90 -16 30
      vertex -84.7415 -12.2158 30
      vertex -84.75 -12 30
    endloop
  endfacet
  facet normal 0 0 1
    outer loop
      vertex -84.7161 -11.5698 30
      vertex -90 -16 30
      vertex -84.7415 -11.7842 30
    endloop
  endfacet
  facet normal 0 0 1
    outer loop
      vertex -90 16 30
      vertex -86 20 30
      vertex -86.3138 19.9877 30
    endloop
  endfacet
  facet normal 0 0 1
    outer loop
      vertex -84.7415 -11.7842 30
      vertex -90 -16 30
      vertex -84.75 -12 30
    endloop
  endfacet
  facet normal 0 0 1
    outer loop
      vertex -90 16 30
      vertex -86.3138 19.9877 30
      vertex -86.6257 19.9508 30
    endloop
  endfacet
  facet normal 0 0 1
    outer loop
      vertex -84.0911 -13.786 30
      vertex -90 -16 30
      vertex -89.9877 -16.3138 30
    endloop
  endfacet
  facet normal 0 0 1
    outer loop
      vertex -90 16 30
      vertex -86.6257 19.9508 30
      vertex -86.9338 19.8895 30
    endloop
  endfacet
  facet normal 0 0 1
    outer loop
      vertex -83.786 -14.0911 30
      vertex -86.3138 -19.9877 30
      vertex -86 -20 30
    endloop
  endfacet
  facet normal 0 0 1
    outer loop
      vertex -90 16 30
      vertex -86.9338 19.8895 30
      vertex -87.2361 19.8042 30
    endloop
  endfacet
  facet normal 0 0 1
    outer loop
      vertex -83.786 -14.0911 30
      vertex -86.6257 -19.9508 30
      vertex -86.3138 -19.9877 30
    endloop
  endfacet
  facet normal 0 0 1
    outer loop
      vertex -90 16 30
      vertex -87.2361 19.8042 30
      vertex -87.5307 19.6955 30
    endloop
  endfacet
  facet normal 0 0 1
    outer loop
      vertex -83.786 -14.0911 30
      vertex -86.9338 -19.8895 30
      vertex -86.6257 -19.9508 30
    endloop
  endfacet
  facet normal 0 0 1
    outer loop
      vertex -90 16 30
      vertex -87.5307 19.6955 30
      vertex -87.816 19.564 30
    endloop
  endfacet
  facet normal 0 0 1
    outer loop
      vertex -83.786 -14.0911 30
      vertex -87.2361 -19.8042 30
      vertex -86.9338 -19.8895 30
    endloop
  endfacet
  facet normal 0 0 1
    outer loop
      vertex -90 16 30
      vertex -87.816 19.564 30
      vertex -88.09 19.4106 30
    endloop
  endfacet
  facet normal 0 0 1
    outer loop
      vertex -83.9445 -13.9445 30
      vertex -87.5307 -19.6955 30
      vertex -87.2361 -19.8042 30
    endloop
  endfacet
  facet normal 0 0 1
    outer loop
      vertex -90 16 30
      vertex -88.09 19.4106 30
      vertex -88.3511 19.2361 30
    endloop
  endfacet
  facet normal 0 0 1
    outer loop
      vertex -83.9445 -13.9445 30
      vertex -87.816 -19.564 30
      vertex -87.5307 -19.6955 30
    endloop
  endfacet
  facet normal 0 0 1
    outer loop
      vertex -90 16 30
      vertex -88.3511 19.2361 30
      vertex -88.5978 19.0416 30
    endloop
  endfacet
  facet normal 0 0 1
    outer loop
      vertex -83.9445 -13.9445 30
      vertex -88.09 -19.4106 30
      vertex -87.816 -19.564 30
    endloop
  endfacet
  facet normal 0 0 1
    outer loop
      vertex -90 16 30
      vertex -88.5978 19.0416 30
      vertex -88.8284 18.8284 30
    endloop
  endfacet
  facet normal 0 0 1
    outer loop
      vertex -83.9445 -13.9445 30
      vertex -88.3511 -19.2361 30
      vertex -88.09 -19.4106 30
    endloop
  endfacet
  facet normal 0 0 1
    outer loop
      vertex -90 16 30
      vertex -88.8284 18.8284 30
      vertex -89.0416 18.5978 30
    endloop
  endfacet
  facet normal 0 0 1
    outer loop
      vertex -83.9445 -13.9445 30
      vertex -88.5978 -19.0416 30
      vertex -88.3511 -19.2361 30
    endloop
  endfacet
  facet normal 0 0 1
    outer loop
      vertex -90 16 30
      vertex -89.0416 18.5978 30
      vertex -89.2361 18.3511 30
    endloop
  endfacet
  facet normal 0 0 1
    outer loop
      vertex -83.9445 -13.9445 30
      vertex -88.8284 -18.8284 30
      vertex -88.5978 -19.0416 30
    endloop
  endfacet
  facet normal 0 0 1
    outer loop
      vertex -90 16 30
      vertex -89.2361 18.3511 30
      vertex -89.4106 18.09 30
    endloop
  endfacet
  facet normal 0 0 1
    outer loop
      vertex -83.9445 -13.9445 30
      vertex -89.0416 -18.5978 30
      vertex -88.8284 -18.8284 30
    endloop
  endfacet
  facet normal 0 0 1
    outer loop
      vertex -90 16 30
      vertex -89.4106 18.09 30
      vertex -89.564 17.816 30
    endloop
  endfacet
  facet normal 0 0 1
    outer loop
      vertex -83.9445 -13.9445 30
      vertex -89.2361 -18.3511 30
      vertex -89.0416 -18.5978 30
    endloop
  endfacet
  facet normal 0 0 1
    outer loop
      vertex -90 16 30
      vertex -89.564 17.816 30
      vertex -89.6955 17.5307 30
    endloop
  endfacet
  facet normal 0 0 1
    outer loop
      vertex -83.9445 -13.9445 30
      vertex -89.4106 -18.09 30
      vertex -89.2361 -18.3511 30
    endloop
  endfacet
  facet normal 0 0 1
    outer loop
      vertex -90 16 30
      vertex -89.6955 17.5307 30
      vertex -89.8042 17.2361 30
    endloop
  endfacet
  facet normal 0 0 1
    outer loop
      vertex -83.9445 -13.9445 30
      vertex -89.564 -17.816 30
      vertex -89.4106 -18.09 30
    endloop
  endfacet
  facet normal 0 0 1
    outer loop
      vertex -90 16 30
      vertex -89.8042 17.2361 30
      vertex -89.8895 16.9338 30
    endloop
  endfacet
  facet normal 0 0 1
    outer loop
      vertex -83.9445 -13.9445 30
      vertex -89.6955 -17.5307 30
      vertex -89.564 -17.816 30
    endloop
  endfacet
  facet normal 0 0 1
    outer loop
      vertex -90 16 30
      vertex -89.8895 16.9338 30
      vertex -89.9508 16.6257 30
    endloop
  endfacet
  facet normal 0 0 1
    outer loop
      vertex -84.0911 -13.786 30
      vertex -89.8042 -17.2361 30
      vertex -89.6955 -17.5307 30
    endloop
  endfacet
  facet normal 0 0 1
    outer loop
      vertex -90 16 30
      vertex -89.9508 16.6257 30
      vertex -89.9877 16.3138 30
    endloop
  endfacet
  facet normal 0 0 1
    outer loop
      vertex -84.0911 -13.786 30
      vertex -89.8895 -16.9338 30
      vertex -89.8042 -17.2361 30
    endloop
  endfacet
  facet normal 0 0 1
    outer loop
      vertex -84.0911 -13.786 30
      vertex -89.9508 -16.6257 30
      vertex -89.8895 -16.9338 30
    endloop
  endfacet
  facet normal 0 0 1
    outer loop
      vertex -84.0911 -13.786 30
      vertex -89.9877 -16.3138 30
      vertex -89.9508 -16.6257 30
    endloop
  endfacet
  facet normal 0 0 1
    outer loop
      vertex 63.0381 -15.5676 30
      vertex 62.4548 -12.9621 30
      vertex 62.4548 -15.5676 30
    endloop
  endfacet
  facet normal 0 0 1
    outer loop
      vertex 61.9659 -13.7954 30
      vertex 60.7325 -15.5676 30
      vertex 61.9659 -15.5676 30
    endloop
  endfacet
  facet normal 0.271566 -0.96242 0
    outer loop
      vertex 86.9338 -19.8895 0
      vertex 87.2361 -19.8042 30
      vertex 86.9338 -19.8895 30
    endloop
  endfacet
  facet normal 0.271566 -0.96242 0
    outer loop
      vertex 87.2361 -19.8042 30
      vertex 86.9338 -19.8895 0
      vertex 87.2361 -19.8042 0
    endloop
  endfacet
endsolid OpenSCAD_Model
